new_path,function,bucket,original_vendor_folder,merge_type
sd_card_content/nfc/Amiibo/Amiibo NFC Writing Guide (markup).md,nfc,Amiibo,AmiiboDB,moved
sd_card_content/nfc/Amiibo/README.md,nfc,Amiibo,AmiiboDB,moved
sd_card_content/nfc/Amiibo/Amiibo Bin/Dark Souls Amiibo/Solaire of Astora.bin,nfc,Amiibo,AmiiboDB,moved
sd_card_content/nfc/Amiibo/Amiibo Bin/Kellogs Amiibo/Delicious Amiibo.bin,nfc,Amiibo,AmiiboDB,moved
sd_card_content/nfc/Amiibo/Amiibo Bin/Super Mario Amiibo/Goomba.bin,nfc,Amiibo,AmiiboDB,moved
sd_card_content/nfc/Amiibo/Amiibo Bin/Super Mario Amiibo/Boo.bin,nfc,Amiibo,AmiiboDB,moved
sd_card_content/nfc/Amiibo/Amiibo Bin/Super Mario Amiibo/Peach.bin,nfc,Amiibo,AmiiboDB,moved
sd_card_content/nfc/Amiibo/Amiibo Bin/Super Mario Amiibo/Mario (Wedding).bin,nfc,Amiibo,AmiiboDB,moved
sd_card_content/nfc/Amiibo/Amiibo Bin/Super Mario Amiibo/Cat Peach.bin,nfc,Amiibo,AmiiboDB,moved
sd_card_content/nfc/Amiibo/Amiibo Bin/Super Mario Amiibo/Cat Mario.bin,nfc,Amiibo,AmiiboDB,moved
sd_card_content/nfc/Amiibo/Amiibo Bin/Super Mario Amiibo/Waluigi.bin,nfc,Amiibo,AmiiboDB,moved
sd_card_content/nfc/Amiibo/Amiibo Bin/Super Mario Amiibo/Mario (Silver Edition).bin,nfc,Amiibo,AmiiboDB,moved
sd_card_content/nfc/Amiibo/Amiibo Bin/Super Mario Amiibo/Mario.bin,nfc,Amiibo,AmiiboDB,moved
sd_card_content/nfc/Amiibo/Amiibo Bin/Super Mario Amiibo/Bowser (Wedding).bin,nfc,Amiibo,AmiiboDB,moved
sd_card_content/nfc/Amiibo/Amiibo Bin/Super Mario Amiibo/Mario Classic Colors (Anniversary).bin,nfc,Amiibo,AmiiboDB,moved
sd_card_content/nfc/Amiibo/Amiibo Bin/Super Mario Amiibo/Mario Modern Colors (Anniversary).bin,nfc,Amiibo,AmiiboDB,moved
sd_card_content/nfc/Amiibo/Amiibo Bin/Super Mario Amiibo/Rosalina.bin,nfc,Amiibo,AmiiboDB,moved
sd_card_content/nfc/Amiibo/Amiibo Bin/Super Mario Amiibo/Daisy.bin,nfc,Amiibo,AmiiboDB,moved
sd_card_content/nfc/Amiibo/Amiibo Bin/Super Mario Amiibo/Yoshi.bin,nfc,Amiibo,AmiiboDB,moved
sd_card_content/nfc/Amiibo/Amiibo Bin/Super Mario Amiibo/Wario.bin,nfc,Amiibo,AmiiboDB,moved
sd_card_content/nfc/Amiibo/Amiibo Bin/Super Mario Amiibo/Peach (Wedding).bin,nfc,Amiibo,AmiiboDB,moved
sd_card_content/nfc/Amiibo/Amiibo Bin/Super Mario Amiibo/Toad.bin,nfc,Amiibo,AmiiboDB,moved
sd_card_content/nfc/Amiibo/Amiibo Bin/Super Mario Amiibo/Bowser.bin,nfc,Amiibo,AmiiboDB,moved
sd_card_content/nfc/Amiibo/Amiibo Bin/Super Mario Amiibo/Donkey Kong.bin,nfc,Amiibo,AmiiboDB,moved
sd_card_content/nfc/Amiibo/Amiibo Bin/Super Mario Amiibo/Diddy Kong.bin,nfc,Amiibo,AmiiboDB,moved
sd_card_content/nfc/Amiibo/Amiibo Bin/Super Mario Amiibo/Mario (Gold Edition).bin,nfc,Amiibo,AmiiboDB,moved
sd_card_content/nfc/Amiibo/Amiibo Bin/Super Mario Amiibo/Koopa Troopa.bin,nfc,Amiibo,AmiiboDB,moved
sd_card_content/nfc/Amiibo/Amiibo Bin/Super Mario Amiibo/Luigi.bin,nfc,Amiibo,AmiiboDB,moved
sd_card_content/nfc/Amiibo/Amiibo Bin/Splatoon Amiibo/Inkling Boy (Purple).bin,nfc,Amiibo,AmiiboDB,moved
sd_card_content/nfc/Amiibo/Amiibo Bin/Splatoon Amiibo/Octoling Girl.bin,nfc,Amiibo,AmiiboDB,moved
sd_card_content/nfc/Amiibo/Amiibo Bin/Splatoon Amiibo/Pearl.bin,nfc,Amiibo,AmiiboDB,moved
sd_card_content/nfc/Amiibo/Amiibo Bin/Splatoon Amiibo/Inkling Boy (Neon Green).bin,nfc,Amiibo,AmiiboDB,moved
sd_card_content/nfc/Amiibo/Amiibo Bin/Splatoon Amiibo/Inkling Boy.bin,nfc,Amiibo,AmiiboDB,moved
sd_card_content/nfc/Amiibo/Amiibo Bin/Splatoon Amiibo/Inkling Squid.bin,nfc,Amiibo,AmiiboDB,moved
sd_card_content/nfc/Amiibo/Amiibo Bin/Splatoon Amiibo/Octoling (Blue).bin,nfc,Amiibo,AmiiboDB,moved
sd_card_content/nfc/Amiibo/Amiibo Bin/Splatoon Amiibo/Shiver.bin,nfc,Amiibo,AmiiboDB,moved
sd_card_content/nfc/Amiibo/Amiibo Bin/Splatoon Amiibo/Octoling Boy.bin,nfc,Amiibo,AmiiboDB,moved
sd_card_content/nfc/Amiibo/Amiibo Bin/Splatoon Amiibo/Inkling Squid (Neon Purple).bin,nfc,Amiibo,AmiiboDB,moved
sd_card_content/nfc/Amiibo/Amiibo Bin/Splatoon Amiibo/Inkling Squid (Orange).bin,nfc,Amiibo,AmiiboDB,moved
sd_card_content/nfc/Amiibo/Amiibo Bin/Splatoon Amiibo/Pearl (Side Order).bin,nfc,Amiibo,AmiiboDB,moved
sd_card_content/nfc/Amiibo/Amiibo Bin/Splatoon Amiibo/Inkling (Yellow).bin,nfc,Amiibo,AmiiboDB,moved
sd_card_content/nfc/Amiibo/Amiibo Bin/Splatoon Amiibo/Marina.bin,nfc,Amiibo,AmiiboDB,moved
sd_card_content/nfc/Amiibo/Amiibo Bin/Splatoon Amiibo/Octoling Octopus.bin,nfc,Amiibo,AmiiboDB,moved
sd_card_content/nfc/Amiibo/Amiibo Bin/Splatoon Amiibo/Inkling Girl.bin,nfc,Amiibo,AmiiboDB,moved
sd_card_content/nfc/Amiibo/Amiibo Bin/Splatoon Amiibo/Marina (Side Order).bin,nfc,Amiibo,AmiiboDB,moved
sd_card_content/nfc/Amiibo/Amiibo Bin/Splatoon Amiibo/Inkling Girl (Neon Pink).bin,nfc,Amiibo,AmiiboDB,moved
sd_card_content/nfc/Amiibo/Amiibo Bin/Splatoon Amiibo/Marie (Alterna).bin,nfc,Amiibo,AmiiboDB,moved
sd_card_content/nfc/Amiibo/Amiibo Bin/Splatoon Amiibo/Smallfry.bin,nfc,Amiibo,AmiiboDB,moved
sd_card_content/nfc/Amiibo/Amiibo Bin/Splatoon Amiibo/Callie (Alterna).bin,nfc,Amiibo,AmiiboDB,moved
sd_card_content/nfc/Amiibo/Amiibo Bin/Splatoon Amiibo/Frye.bin,nfc,Amiibo,AmiiboDB,moved
sd_card_content/nfc/Amiibo/Amiibo Bin/Splatoon Amiibo/Inkling Girl (Lime Green).bin,nfc,Amiibo,AmiiboDB,moved
sd_card_content/nfc/Amiibo/Amiibo Bin/Splatoon Amiibo/Marie.bin,nfc,Amiibo,AmiiboDB,moved
sd_card_content/nfc/Amiibo/Amiibo Bin/Splatoon Amiibo/Big Man.bin,nfc,Amiibo,AmiiboDB,moved
sd_card_content/nfc/Amiibo/Amiibo Bin/Splatoon Amiibo/Callie.bin,nfc,Amiibo,AmiiboDB,moved
sd_card_content/nfc/Amiibo/Amiibo Bin/Animal Crossing Amiibo/Amiibo Cards/!Series 5/403 - Isabelle.bin,nfc,Amiibo,AmiiboDB,moved
sd_card_content/nfc/Amiibo/Amiibo Bin/Animal Crossing Amiibo/Amiibo Cards/!Series 5/413 - Flick.bin,nfc,Amiibo,AmiiboDB,moved
sd_card_content/nfc/Amiibo/Amiibo Bin/Animal Crossing Amiibo/Amiibo Cards/!Series 5/448 - Faith.bin,nfc,Amiibo,AmiiboDB,moved
sd_card_content/nfc/Amiibo/Amiibo Bin/Animal Crossing Amiibo/Amiibo Cards/!Series 5/433 - Sasha.bin,nfc,Amiibo,AmiiboDB,moved
sd_card_content/nfc/Amiibo/Amiibo Bin/Animal Crossing Amiibo/Amiibo Cards/!Series 5/405 - Wilbur.bin,nfc,Amiibo,AmiiboDB,moved
sd_card_content/nfc/Amiibo/Amiibo Bin/Animal Crossing Amiibo/Amiibo Cards/!Series 5/417 - Harvey.bin,nfc,Amiibo,AmiiboDB,moved
sd_card_content/nfc/Amiibo/Amiibo Bin/Animal Crossing Amiibo/Amiibo Cards/!Series 5/441 - Chabwick.bin,nfc,Amiibo,AmiiboDB,moved
sd_card_content/nfc/Amiibo/Amiibo Bin/Animal Crossing Amiibo/Amiibo Cards/!Series 5/419 - Wisp.bin,nfc,Amiibo,AmiiboDB,moved
sd_card_content/nfc/Amiibo/Amiibo Bin/Animal Crossing Amiibo/Amiibo Cards/!Series 5/401 - Tom Nook.bin,nfc,Amiibo,AmiiboDB,moved
sd_card_content/nfc/Amiibo/Amiibo Bin/Animal Crossing Amiibo/Amiibo Cards/!Series 5/427 - Dom.bin,nfc,Amiibo,AmiiboDB,moved
sd_card_content/nfc/Amiibo/Amiibo Bin/Animal Crossing Amiibo/Amiibo Cards/!Series 5/431 - Raymond.bin,nfc,Amiibo,AmiiboDB,moved
sd_card_content/nfc/Amiibo/Amiibo Bin/Animal Crossing Amiibo/Amiibo Cards/!Series 5/424 - Isabelle (Sweater).bin,nfc,Amiibo,AmiiboDB,moved
sd_card_content/nfc/Amiibo/Amiibo Bin/Animal Crossing Amiibo/Amiibo Cards/!Series 5/434 - Ione.bin,nfc,Amiibo,AmiiboDB,moved
sd_card_content/nfc/Amiibo/Amiibo Bin/Animal Crossing Amiibo/Amiibo Cards/!Series 5/408 - Mabel.bin,nfc,Amiibo,AmiiboDB,moved
sd_card_content/nfc/Amiibo/Amiibo Bin/Animal Crossing Amiibo/Amiibo Cards/!Series 5/443 - Ace.bin,nfc,Amiibo,AmiiboDB,moved
sd_card_content/nfc/Amiibo/Amiibo Bin/Animal Crossing Amiibo/Amiibo Cards/!Series 5/439 - Cephalobot.bin,nfc,Amiibo,AmiiboDB,moved
sd_card_content/nfc/Amiibo/Amiibo Bin/Animal Crossing Amiibo/Amiibo Cards/!Series 5/418 - Gulliver.bin,nfc,Amiibo,AmiiboDB,moved
sd_card_content/nfc/Amiibo/Amiibo Bin/Animal Crossing Amiibo/Amiibo Cards/!Series 5/445 - Frett.bin,nfc,Amiibo,AmiiboDB,moved
sd_card_content/nfc/Amiibo/Amiibo Bin/Animal Crossing Amiibo/Amiibo Cards/!Series 5/407 - Celeste.bin,nfc,Amiibo,AmiiboDB,moved
sd_card_content/nfc/Amiibo/Amiibo Bin/Animal Crossing Amiibo/Amiibo Cards/!Series 5/404 - Orville.bin,nfc,Amiibo,AmiiboDB,moved
sd_card_content/nfc/Amiibo/Amiibo Bin/Animal Crossing Amiibo/Amiibo Cards/!Series 5/444 - Rio.bin,nfc,Amiibo,AmiiboDB,moved
sd_card_content/nfc/Amiibo/Amiibo Bin/Animal Crossing Amiibo/Amiibo Cards/!Series 5/402 - Timmy and Tommy.bin,nfc,Amiibo,AmiiboDB,moved
sd_card_content/nfc/Amiibo/Amiibo Bin/Animal Crossing Amiibo/Amiibo Cards/!Series 5/416 - Saharah.bin,nfc,Amiibo,AmiiboDB,moved
sd_card_content/nfc/Amiibo/Amiibo Bin/Animal Crossing Amiibo/Amiibo Cards/!Series 5/440 - Quinn.bin,nfc,Amiibo,AmiiboDB,moved
sd_card_content/nfc/Amiibo/Amiibo Bin/Animal Crossing Amiibo/Amiibo Cards/!Series 5/430 - Judy .bin,nfc,Amiibo,AmiiboDB,moved
sd_card_content/nfc/Amiibo/Amiibo Bin/Animal Crossing Amiibo/Amiibo Cards/!Series 5/406 - Blathers.bin,nfc,Amiibo,AmiiboDB,moved
sd_card_content/nfc/Amiibo/Amiibo Bin/Animal Crossing Amiibo/Amiibo Cards/!Series 5/437 - Marlo.bin,nfc,Amiibo,AmiiboDB,moved
sd_card_content/nfc/Amiibo/Amiibo Bin/Animal Crossing Amiibo/Amiibo Cards/!Series 5/436 - Shino.bin,nfc,Amiibo,AmiiboDB,moved
sd_card_content/nfc/Amiibo/Amiibo Bin/Animal Crossing Amiibo/Amiibo Cards/!Series 5/447 - Roswell.bin,nfc,Amiibo,AmiiboDB,moved
sd_card_content/nfc/Amiibo/Amiibo Bin/Animal Crossing Amiibo/Amiibo Cards/!Series 5/412 - C.J. .bin,nfc,Amiibo,AmiiboDB,moved
sd_card_content/nfc/Amiibo/Amiibo Bin/Animal Crossing Amiibo/Amiibo Cards/!Series 5/429 - Cyd.bin,nfc,Amiibo,AmiiboDB,moved
sd_card_content/nfc/Amiibo/Amiibo Bin/Animal Crossing Amiibo/Amiibo Cards/!Series 5/415 - Kicks.bin,nfc,Amiibo,AmiiboDB,moved
sd_card_content/nfc/Amiibo/Amiibo Bin/Animal Crossing Amiibo/Amiibo Cards/!Series 5/442 - Zoe.bin,nfc,Amiibo,AmiiboDB,moved
sd_card_content/nfc/Amiibo/Amiibo Bin/Animal Crossing Amiibo/Amiibo Cards/!Series 5/410 - Label.bin,nfc,Amiibo,AmiiboDB,moved
sd_card_content/nfc/Amiibo/Amiibo Bin/Animal Crossing Amiibo/Amiibo Cards/!Series 5/411 - K.K. Slider.bin,nfc,Amiibo,AmiiboDB,moved
sd_card_content/nfc/Amiibo/Amiibo Bin/Animal Crossing Amiibo/Amiibo Cards/!Series 5/425 - Sherb.bin,nfc,Amiibo,AmiiboDB,moved
sd_card_content/nfc/Amiibo/Amiibo Bin/Animal Crossing Amiibo/Amiibo Cards/!Series 5/428 - Audie .bin,nfc,Amiibo,AmiiboDB,moved
sd_card_content/nfc/Amiibo/Amiibo Bin/Animal Crossing Amiibo/Amiibo Cards/!Series 5/426 - Megan.bin,nfc,Amiibo,AmiiboDB,moved
sd_card_content/nfc/Amiibo/Amiibo Bin/Animal Crossing Amiibo/Amiibo Cards/!Series 5/432 - Reneigh.bin,nfc,Amiibo,AmiiboDB,moved
sd_card_content/nfc/Amiibo/Amiibo Bin/Animal Crossing Amiibo/Amiibo Cards/!Series 5/409 - Sable.bin,nfc,Amiibo,AmiiboDB,moved
sd_card_content/nfc/Amiibo/Amiibo Bin/Animal Crossing Amiibo/Amiibo Cards/!Series 5/420 - Lottie.bin,nfc,Amiibo,AmiiboDB,moved
sd_card_content/nfc/Amiibo/Amiibo Bin/Animal Crossing Amiibo/Amiibo Cards/!Series 5/435 - Tiansheng.bin,nfc,Amiibo,AmiiboDB,moved
sd_card_content/nfc/Amiibo/Amiibo Bin/Animal Crossing Amiibo/Amiibo Cards/!Series 5/438 - Petri.bin,nfc,Amiibo,AmiiboDB,moved
sd_card_content/nfc/Amiibo/Amiibo Bin/Animal Crossing Amiibo/Amiibo Cards/!Series 5/414 - Daisy Mae.bin,nfc,Amiibo,AmiiboDB,moved
sd_card_content/nfc/Amiibo/Amiibo Bin/Animal Crossing Amiibo/Amiibo Cards/!Series 5/422 - Wardell.bin,nfc,Amiibo,AmiiboDB,moved
sd_card_content/nfc/Amiibo/Amiibo Bin/Animal Crossing Amiibo/Amiibo Cards/!Series 5/423 - Tom Nook (Coat).bin,nfc,Amiibo,AmiiboDB,moved
sd_card_content/nfc/Amiibo/Amiibo Bin/Animal Crossing Amiibo/Amiibo Cards/!Series 5/421 - Niko.bin,nfc,Amiibo,AmiiboDB,moved
sd_card_content/nfc/Amiibo/Amiibo Bin/Animal Crossing Amiibo/Amiibo Cards/!Series 5/446 - Azalea.bin,nfc,Amiibo,AmiiboDB,moved
sd_card_content/nfc/Amiibo/Amiibo Bin/Animal Crossing Amiibo/Amiibo Cards/!Series 4/[AC] 362 - Static.bin,nfc,Amiibo,AmiiboDB,moved
sd_card_content/nfc/Amiibo/Amiibo Bin/Animal Crossing Amiibo/Amiibo Cards/!Series 4/[AC] 337 - Queenie.bin,nfc,Amiibo,AmiiboDB,moved
sd_card_content/nfc/Amiibo/Amiibo Bin/Animal Crossing Amiibo/Amiibo Cards/!Series 4/[AC] 384 - Margie.bin,nfc,Amiibo,AmiiboDB,moved
sd_card_content/nfc/Amiibo/Amiibo Bin/Animal Crossing Amiibo/Amiibo Cards/!Series 4/[AC] 399 - Twiggy.bin,nfc,Amiibo,AmiiboDB,moved
sd_card_content/nfc/Amiibo/Amiibo Bin/Animal Crossing Amiibo/Amiibo Cards/!Series 4/[AC] 330 - Croque.bin,nfc,Amiibo,AmiiboDB,moved
sd_card_content/nfc/Amiibo/Amiibo Bin/Animal Crossing Amiibo/Amiibo Cards/!Series 4/[AC] 341 - Melba.bin,nfc,Amiibo,AmiiboDB,moved
sd_card_content/nfc/Amiibo/Amiibo Bin/Animal Crossing Amiibo/Amiibo Cards/!Series 4/[AC] 383 - Hippeux.bin,nfc,Amiibo,AmiiboDB,moved
sd_card_content/nfc/Amiibo/Amiibo Bin/Animal Crossing Amiibo/Amiibo Cards/!Series 4/[AC] 360 - Rod.bin,nfc,Amiibo,AmiiboDB,moved
sd_card_content/nfc/Amiibo/Amiibo Bin/Animal Crossing Amiibo/Amiibo Cards/!Series 4/[AC] 331 - Pashmina.bin,nfc,Amiibo,AmiiboDB,moved
sd_card_content/nfc/Amiibo/Amiibo Bin/Animal Crossing Amiibo/Amiibo Cards/!Series 4/[AC] 387 - Rowan.bin,nfc,Amiibo,AmiiboDB,moved
sd_card_content/nfc/Amiibo/Amiibo Bin/Animal Crossing Amiibo/Amiibo Cards/!Series 4/[AC] 371 - Sally.bin,nfc,Amiibo,AmiiboDB,moved
sd_card_content/nfc/Amiibo/Amiibo Bin/Animal Crossing Amiibo/Amiibo Cards/!Series 4/[AC] 349 - Lucy.bin,nfc,Amiibo,AmiiboDB,moved
sd_card_content/nfc/Amiibo/Amiibo Bin/Animal Crossing Amiibo/Amiibo Cards/!Series 4/[AC] 345 - Naomi.bin,nfc,Amiibo,AmiiboDB,moved
sd_card_content/nfc/Amiibo/Amiibo Bin/Animal Crossing Amiibo/Amiibo Cards/!Series 4/[AC] 343 - Anabelle.bin,nfc,Amiibo,AmiiboDB,moved
sd_card_content/nfc/Amiibo/Amiibo Bin/Animal Crossing Amiibo/Amiibo Cards/!Series 4/[AC] 389 - Bruce.bin,nfc,Amiibo,AmiiboDB,moved
sd_card_content/nfc/Amiibo/Amiibo Bin/Animal Crossing Amiibo/Amiibo Cards/!Series 4/[AC] 338 - Fang.bin,nfc,Amiibo,AmiiboDB,moved
sd_card_content/nfc/Amiibo/Amiibo Bin/Animal Crossing Amiibo/Amiibo Cards/!Series 4/[AC] 346 - Peewee.bin,nfc,Amiibo,AmiiboDB,moved
sd_card_content/nfc/Amiibo/Amiibo Bin/Animal Crossing Amiibo/Amiibo Cards/!Series 4/[AC] 334 - Erik.bin,nfc,Amiibo,AmiiboDB,moved
sd_card_content/nfc/Amiibo/Amiibo Bin/Animal Crossing Amiibo/Amiibo Cards/!Series 4/[AC] 373 - Pompom.bin,nfc,Amiibo,AmiiboDB,moved
sd_card_content/nfc/Amiibo/Amiibo Bin/Animal Crossing Amiibo/Amiibo Cards/!Series 4/[AC] 335 - Dotty.bin,nfc,Amiibo,AmiiboDB,moved
sd_card_content/nfc/Amiibo/Amiibo Bin/Animal Crossing Amiibo/Amiibo Cards/!Series 4/[AC] 377 - Sydney.bin,nfc,Amiibo,AmiiboDB,moved
sd_card_content/nfc/Amiibo/Amiibo Bin/Animal Crossing Amiibo/Amiibo Cards/!Series 4/[AC] 370 - Jacques.bin,nfc,Amiibo,AmiiboDB,moved
sd_card_content/nfc/Amiibo/Amiibo Bin/Animal Crossing Amiibo/Amiibo Cards/!Series 4/[AC] 359 - Apple.bin,nfc,Amiibo,AmiiboDB,moved
sd_card_content/nfc/Amiibo/Amiibo Bin/Animal Crossing Amiibo/Amiibo Cards/!Series 4/[AC] 352 - Rory.bin,nfc,Amiibo,AmiiboDB,moved
sd_card_content/nfc/Amiibo/Amiibo Bin/Animal Crossing Amiibo/Amiibo Cards/!Series 4/[AC] 303 - Katrina.bin,nfc,Amiibo,AmiiboDB,moved
sd_card_content/nfc/Amiibo/Amiibo Bin/Animal Crossing Amiibo/Amiibo Cards/!Series 4/[AC] 340 - Tex.bin,nfc,Amiibo,AmiiboDB,moved
sd_card_content/nfc/Amiibo/Amiibo Bin/Animal Crossing Amiibo/Amiibo Cards/!Series 4/[AC] 378 - Barold.bin,nfc,Amiibo,AmiiboDB,moved
sd_card_content/nfc/Amiibo/Amiibo Bin/Animal Crossing Amiibo/Amiibo Cards/!Series 4/[AC] 315 - Redd.bin,nfc,Amiibo,AmiiboDB,moved
sd_card_content/nfc/Amiibo/Amiibo Bin/Animal Crossing Amiibo/Amiibo Cards/!Series 4/[AC] 317 - Goldie.bin,nfc,Amiibo,AmiiboDB,moved
sd_card_content/nfc/Amiibo/Amiibo Bin/Animal Crossing Amiibo/Amiibo Cards/!Series 4/[AC] 305 - Celeste.bin,nfc,Amiibo,AmiiboDB,moved
sd_card_content/nfc/Amiibo/Amiibo Bin/Animal Crossing Amiibo/Amiibo Cards/!Series 4/[AC] 304 - Phineas.bin,nfc,Amiibo,AmiiboDB,moved
sd_card_content/nfc/Amiibo/Amiibo Bin/Animal Crossing Amiibo/Amiibo Cards/!Series 4/[AC] 394 - Grizzly.bin,nfc,Amiibo,AmiiboDB,moved
sd_card_content/nfc/Amiibo/Amiibo Bin/Animal Crossing Amiibo/Amiibo Cards/!Series 4/[AC] 386 - Rosie.bin,nfc,Amiibo,AmiiboDB,moved
sd_card_content/nfc/Amiibo/Amiibo Bin/Animal Crossing Amiibo/Amiibo Cards/!Series 4/[AC] 350 - Elmer.bin,nfc,Amiibo,AmiiboDB,moved
sd_card_content/nfc/Amiibo/Amiibo Bin/Animal Crossing Amiibo/Amiibo Cards/!Series 4/[AC] 364 - Zucker.bin,nfc,Amiibo,AmiiboDB,moved
sd_card_content/nfc/Amiibo/Amiibo Bin/Animal Crossing Amiibo/Amiibo Cards/!Series 4/[AC] 326 - Dizzy.bin,nfc,Amiibo,AmiiboDB,moved
sd_card_content/nfc/Amiibo/Amiibo Bin/Animal Crossing Amiibo/Amiibo Cards/!Series 4/[AC] 329 - Broffina.bin,nfc,Amiibo,AmiiboDB,moved
sd_card_content/nfc/Amiibo/Amiibo Bin/Animal Crossing Amiibo/Amiibo Cards/!Series 4/[AC] 375 - Becky.bin,nfc,Amiibo,AmiiboDB,moved
sd_card_content/nfc/Amiibo/Amiibo Bin/Animal Crossing Amiibo/Amiibo Cards/!Series 4/[AC] 342 - Bones.bin,nfc,Amiibo,AmiiboDB,moved
sd_card_content/nfc/Amiibo/Amiibo Bin/Animal Crossing Amiibo/Amiibo Cards/!Series 4/[AC] 380 - Kevin.bin,nfc,Amiibo,AmiiboDB,moved
sd_card_content/nfc/Amiibo/Amiibo Bin/Animal Crossing Amiibo/Amiibo Cards/!Series 4/[AC] 355 - Mira.bin,nfc,Amiibo,AmiiboDB,moved
sd_card_content/nfc/Amiibo/Amiibo Bin/Animal Crossing Amiibo/Amiibo Cards/!Series 4/[AC] 325 - Peaches.bin,nfc,Amiibo,AmiiboDB,moved
sd_card_content/nfc/Amiibo/Amiibo Bin/Animal Crossing Amiibo/Amiibo Cards/!Series 4/[AC] 309 - Resetti.bin,nfc,Amiibo,AmiiboDB,moved
sd_card_content/nfc/Amiibo/Amiibo Bin/Animal Crossing Amiibo/Amiibo Cards/!Series 4/[AC] 333 - Lolly.bin,nfc,Amiibo,AmiiboDB,moved
sd_card_content/nfc/Amiibo/Amiibo Bin/Animal Crossing Amiibo/Amiibo Cards/!Series 4/[AC] 382 - Lobo.bin,nfc,Amiibo,AmiiboDB,moved
sd_card_content/nfc/Amiibo/Amiibo Bin/Animal Crossing Amiibo/Amiibo Cards/!Series 4/[AC] 390 - O_Hare.bin,nfc,Amiibo,AmiiboDB,moved
sd_card_content/nfc/Amiibo/Amiibo Bin/Animal Crossing Amiibo/Amiibo Cards/!Series 4/[AC] 391 - Gayle.bin,nfc,Amiibo,AmiiboDB,moved
sd_card_content/nfc/Amiibo/Amiibo Bin/Animal Crossing Amiibo/Amiibo Cards/!Series 4/[AC] 385 - Lucky.bin,nfc,Amiibo,AmiiboDB,moved
sd_card_content/nfc/Amiibo/Amiibo Bin/Animal Crossing Amiibo/Amiibo Cards/!Series 4/[AC] 398 - Angus.bin,nfc,Amiibo,AmiiboDB,moved
sd_card_content/nfc/Amiibo/Amiibo Bin/Animal Crossing Amiibo/Amiibo Cards/!Series 4/[AC] 336 - Pierce.bin,nfc,Amiibo,AmiiboDB,moved
sd_card_content/nfc/Amiibo/Amiibo Bin/Animal Crossing Amiibo/Amiibo Cards/!Series 4/[AC] 396 - Simon.bin,nfc,Amiibo,AmiiboDB,moved
sd_card_content/nfc/Amiibo/Amiibo Bin/Animal Crossing Amiibo/Amiibo Cards/!Series 4/[AC] 328 - Boone.bin,nfc,Amiibo,AmiiboDB,moved
sd_card_content/nfc/Amiibo/Amiibo Bin/Animal Crossing Amiibo/Amiibo Cards/!Series 4/[AC] 388 - Maelle.bin,nfc,Amiibo,AmiiboDB,moved
sd_card_content/nfc/Amiibo/Amiibo Bin/Animal Crossing Amiibo/Amiibo Cards/!Series 4/[AC] 392 - Cranston.bin,nfc,Amiibo,AmiiboDB,moved
sd_card_content/nfc/Amiibo/Amiibo Bin/Animal Crossing Amiibo/Amiibo Cards/!Series 4/[AC] 395 - Cally.bin,nfc,Amiibo,AmiiboDB,moved
sd_card_content/nfc/Amiibo/Amiibo Bin/Animal Crossing Amiibo/Amiibo Cards/!Series 4/[AC] 376 - Rizzo.bin,nfc,Amiibo,AmiiboDB,moved
sd_card_content/nfc/Amiibo/Amiibo Bin/Animal Crossing Amiibo/Amiibo Cards/!Series 4/[AC] 318 - Stitches.bin,nfc,Amiibo,AmiiboDB,moved
sd_card_content/nfc/Amiibo/Amiibo Bin/Animal Crossing Amiibo/Amiibo Cards/!Series 4/[AC] 357 - Aurora.bin,nfc,Amiibo,AmiiboDB,moved
sd_card_content/nfc/Amiibo/Amiibo Bin/Animal Crossing Amiibo/Amiibo Cards/!Series 4/[AC] 319 - Pinky.bin,nfc,Amiibo,AmiiboDB,moved
sd_card_content/nfc/Amiibo/Amiibo Bin/Animal Crossing Amiibo/Amiibo Cards/!Series 4/[AC] 339 - Fritta.bin,nfc,Amiibo,AmiiboDB,moved
sd_card_content/nfc/Amiibo/Amiibo Bin/Animal Crossing Amiibo/Amiibo Cards/!Series 4/[AC] 311 - Lottie.bin,nfc,Amiibo,AmiiboDB,moved
sd_card_content/nfc/Amiibo/Amiibo Bin/Animal Crossing Amiibo/Amiibo Cards/!Series 4/[AC] 351 - Puddles.bin,nfc,Amiibo,AmiiboDB,moved
sd_card_content/nfc/Amiibo/Amiibo Bin/Animal Crossing Amiibo/Amiibo Cards/!Series 4/[AC] 323 - Katt.bin,nfc,Amiibo,AmiiboDB,moved
sd_card_content/nfc/Amiibo/Amiibo Bin/Animal Crossing Amiibo/Amiibo Cards/!Series 4/[AC] 321 - Mallary.bin,nfc,Amiibo,AmiiboDB,moved
sd_card_content/nfc/Amiibo/Amiibo Bin/Animal Crossing Amiibo/Amiibo Cards/!Series 4/[AC] 361 - Purrl.bin,nfc,Amiibo,AmiiboDB,moved
sd_card_content/nfc/Amiibo/Amiibo Bin/Animal Crossing Amiibo/Amiibo Cards/!Series 4/[AC] 307 - Gracie.bin,nfc,Amiibo,AmiiboDB,moved
sd_card_content/nfc/Amiibo/Amiibo Bin/Animal Crossing Amiibo/Amiibo Cards/!Series 4/[AC] 302 - Brewster.bin,nfc,Amiibo,AmiiboDB,moved
sd_card_content/nfc/Amiibo/Amiibo Bin/Animal Crossing Amiibo/Amiibo Cards/!Series 4/[AC] 358 - Papi.bin,nfc,Amiibo,AmiiboDB,moved
sd_card_content/nfc/Amiibo/Amiibo Bin/Animal Crossing Amiibo/Amiibo Cards/!Series 4/[AC] 348 - Olaf.bin,nfc,Amiibo,AmiiboDB,moved
sd_card_content/nfc/Amiibo/Amiibo Bin/Animal Crossing Amiibo/Amiibo Cards/!Series 4/[AC] 301 - Isabelle.bin,nfc,Amiibo,AmiiboDB,moved
sd_card_content/nfc/Amiibo/Amiibo Bin/Animal Crossing Amiibo/Amiibo Cards/!Series 4/[AC] 347 - Tammy.bin,nfc,Amiibo,AmiiboDB,moved
sd_card_content/nfc/Amiibo/Amiibo Bin/Animal Crossing Amiibo/Amiibo Cards/!Series 4/[AC] 310 - Timmy.bin,nfc,Amiibo,AmiiboDB,moved
sd_card_content/nfc/Amiibo/Amiibo Bin/Animal Crossing Amiibo/Amiibo Cards/!Series 4/[AC] 344 - Rudy.bin,nfc,Amiibo,AmiiboDB,moved
sd_card_content/nfc/Amiibo/Amiibo Bin/Animal Crossing Amiibo/Amiibo Cards/!Series 4/[AC] 368 - Chow.bin,nfc,Amiibo,AmiiboDB,moved
sd_card_content/nfc/Amiibo/Amiibo Bin/Animal Crossing Amiibo/Amiibo Cards/!Series 4/[AC] 381 - Gloria.bin,nfc,Amiibo,AmiiboDB,moved
sd_card_content/nfc/Amiibo/Amiibo Bin/Animal Crossing Amiibo/Amiibo Cards/!Series 4/[AC] 354 - Walt.bin,nfc,Amiibo,AmiiboDB,moved
sd_card_content/nfc/Amiibo/Amiibo Bin/Animal Crossing Amiibo/Amiibo Cards/!Series 4/[AC] 400 - Robin.bin,nfc,Amiibo,AmiiboDB,moved
sd_card_content/nfc/Amiibo/Amiibo Bin/Animal Crossing Amiibo/Amiibo Cards/!Series 4/[AC] 327 - Penelope.bin,nfc,Amiibo,AmiiboDB,moved
sd_card_content/nfc/Amiibo/Amiibo Bin/Animal Crossing Amiibo/Amiibo Cards/!Series 4/[AC] 313 - Pave.bin,nfc,Amiibo,AmiiboDB,moved
sd_card_content/nfc/Amiibo/Amiibo Bin/Animal Crossing Amiibo/Amiibo Cards/!Series 4/[AC] 306 - Tommy.bin,nfc,Amiibo,AmiiboDB,moved
sd_card_content/nfc/Amiibo/Amiibo Bin/Animal Crossing Amiibo/Amiibo Cards/!Series 4/[AC] 374 - Tank.bin,nfc,Amiibo,AmiiboDB,moved
sd_card_content/nfc/Amiibo/Amiibo Bin/Animal Crossing Amiibo/Amiibo Cards/!Series 4/[AC] 332 - Shep.bin,nfc,Amiibo,AmiiboDB,moved
sd_card_content/nfc/Amiibo/Amiibo Bin/Animal Crossing Amiibo/Amiibo Cards/!Series 4/[AC] 393 - Frobert.bin,nfc,Amiibo,AmiiboDB,moved
sd_card_content/nfc/Amiibo/Amiibo Bin/Animal Crossing Amiibo/Amiibo Cards/!Series 4/[AC] 366 - Ribbot.bin,nfc,Amiibo,AmiiboDB,moved
sd_card_content/nfc/Amiibo/Amiibo Bin/Animal Crossing Amiibo/Amiibo Cards/!Series 4/[AC] 308 - Leilani.bin,nfc,Amiibo,AmiiboDB,moved
sd_card_content/nfc/Amiibo/Amiibo Bin/Animal Crossing Amiibo/Amiibo Cards/!Series 4/[AC] 322 - Rocco.bin,nfc,Amiibo,AmiiboDB,moved
sd_card_content/nfc/Amiibo/Amiibo Bin/Animal Crossing Amiibo/Amiibo Cards/!Series 4/[AC] 372 - Doc.bin,nfc,Amiibo,AmiiboDB,moved
sd_card_content/nfc/Amiibo/Amiibo Bin/Animal Crossing Amiibo/Amiibo Cards/!Series 4/[AC] 353 - Elise.bin,nfc,Amiibo,AmiiboDB,moved
sd_card_content/nfc/Amiibo/Amiibo Bin/Animal Crossing Amiibo/Amiibo Cards/!Series 4/[AC] 367 - Annalise.bin,nfc,Amiibo,AmiiboDB,moved
sd_card_content/nfc/Amiibo/Amiibo Bin/Animal Crossing Amiibo/Amiibo Cards/!Series 4/[AC] 316 - Zipper.bin,nfc,Amiibo,AmiiboDB,moved
sd_card_content/nfc/Amiibo/Amiibo Bin/Animal Crossing Amiibo/Amiibo Cards/!Series 4/[AC] 314 - Gulliver.bin,nfc,Amiibo,AmiiboDB,moved
sd_card_content/nfc/Amiibo/Amiibo Bin/Animal Crossing Amiibo/Amiibo Cards/!Series 4/[AC] 365 - Peggy.bin,nfc,Amiibo,AmiiboDB,moved
sd_card_content/nfc/Amiibo/Amiibo Bin/Animal Crossing Amiibo/Amiibo Cards/!Series 4/[AC] 369 - Sylvia.bin,nfc,Amiibo,AmiiboDB,moved
sd_card_content/nfc/Amiibo/Amiibo Bin/Animal Crossing Amiibo/Amiibo Cards/!Series 4/[AC] 397 - Iggly.bin,nfc,Amiibo,AmiiboDB,moved
sd_card_content/nfc/Amiibo/Amiibo Bin/Animal Crossing Amiibo/Amiibo Cards/!Series 4/[AC] 312 - Shrunk.bin,nfc,Amiibo,AmiiboDB,moved
sd_card_content/nfc/Amiibo/Amiibo Bin/Animal Crossing Amiibo/Amiibo Cards/!Series 4/[AC] 363 - Celia.bin,nfc,Amiibo,AmiiboDB,moved
sd_card_content/nfc/Amiibo/Amiibo Bin/Animal Crossing Amiibo/Amiibo Cards/!Series 4/[AC] 356 - Pietro.bin,nfc,Amiibo,AmiiboDB,moved
sd_card_content/nfc/Amiibo/Amiibo Bin/Animal Crossing Amiibo/Amiibo Cards/!Series 4/[AC] 379 - Nibbles.bin,nfc,Amiibo,AmiiboDB,moved
sd_card_content/nfc/Amiibo/Amiibo Bin/Animal Crossing Amiibo/Amiibo Cards/!Series 4/[AC] 324 - Graham.bin,nfc,Amiibo,AmiiboDB,moved
sd_card_content/nfc/Amiibo/Amiibo Bin/Animal Crossing Amiibo/Amiibo Cards/!Series 4/[AC] 320 - Mott.bin,nfc,Amiibo,AmiiboDB,moved
sd_card_content/nfc/Amiibo/Amiibo Bin/Animal Crossing Amiibo/Amiibo Cards/!Series 1/[AC] 007 - Joan.bin,nfc,Amiibo,AmiiboDB,moved
sd_card_content/nfc/Amiibo/Amiibo Bin/Animal Crossing Amiibo/Amiibo Cards/!Series 1/[AC] 087 - Bunnie.bin,nfc,Amiibo,AmiiboDB,moved
sd_card_content/nfc/Amiibo/Amiibo Bin/Animal Crossing Amiibo/Amiibo Cards/!Series 1/[AC] 033 - Bill.bin,nfc,Amiibo,AmiiboDB,moved
sd_card_content/nfc/Amiibo/Amiibo Bin/Animal Crossing Amiibo/Amiibo Cards/!Series 1/[AC] 041 - Quillson.bin,nfc,Amiibo,AmiiboDB,moved
sd_card_content/nfc/Amiibo/Amiibo Bin/Animal Crossing Amiibo/Amiibo Cards/!Series 1/[AC] 037 - Kabuki.bin,nfc,Amiibo,AmiiboDB,moved
sd_card_content/nfc/Amiibo/Amiibo Bin/Animal Crossing Amiibo/Amiibo Cards/!Series 1/[AC] 095 - Peanut.bin,nfc,Amiibo,AmiiboDB,moved
sd_card_content/nfc/Amiibo/Amiibo Bin/Animal Crossing Amiibo/Amiibo Cards/!Series 1/[AC] 006 - Resetti.bin,nfc,Amiibo,AmiiboDB,moved
sd_card_content/nfc/Amiibo/Amiibo Bin/Animal Crossing Amiibo/Amiibo Cards/!Series 1/[AC] 074 - Cobb.bin,nfc,Amiibo,AmiiboDB,moved
sd_card_content/nfc/Amiibo/Amiibo Bin/Animal Crossing Amiibo/Amiibo Cards/!Series 1/[AC] 015 - Tortimer.bin,nfc,Amiibo,AmiiboDB,moved
sd_card_content/nfc/Amiibo/Amiibo Bin/Animal Crossing Amiibo/Amiibo Cards/!Series 1/[AC] 005 - Kappn.bin,nfc,Amiibo,AmiiboDB,moved
sd_card_content/nfc/Amiibo/Amiibo Bin/Animal Crossing Amiibo/Amiibo Cards/!Series 1/[AC] 096 - Cole.bin,nfc,Amiibo,AmiiboDB,moved
sd_card_content/nfc/Amiibo/Amiibo Bin/Animal Crossing Amiibo/Amiibo Cards/!Series 1/[AC] 060 - Samson.bin,nfc,Amiibo,AmiiboDB,moved
sd_card_content/nfc/Amiibo/Amiibo Bin/Animal Crossing Amiibo/Amiibo Cards/!Series 1/[AC] 063 - Mint.bin,nfc,Amiibo,AmiiboDB,moved
sd_card_content/nfc/Amiibo/Amiibo Bin/Animal Crossing Amiibo/Amiibo Cards/!Series 1/[AC] 011 - Harriet.bin,nfc,Amiibo,AmiiboDB,moved
sd_card_content/nfc/Amiibo/Amiibo Bin/Animal Crossing Amiibo/Amiibo Cards/!Series 1/[AC] 002 - Tom Nook.bin,nfc,Amiibo,AmiiboDB,moved
sd_card_content/nfc/Amiibo/Amiibo Bin/Animal Crossing Amiibo/Amiibo Cards/!Series 1/[AC] 092 - Henry.bin,nfc,Amiibo,AmiiboDB,moved
sd_card_content/nfc/Amiibo/Amiibo Bin/Animal Crossing Amiibo/Amiibo Cards/!Series 1/[AC] 008 - Timmy.bin,nfc,Amiibo,AmiiboDB,moved
sd_card_content/nfc/Amiibo/Amiibo Bin/Animal Crossing Amiibo/Amiibo Cards/!Series 1/[AC] 009 - Digby.bin,nfc,Amiibo,AmiiboDB,moved
sd_card_content/nfc/Amiibo/Amiibo Bin/Animal Crossing Amiibo/Amiibo Cards/!Series 1/[AC] 052 - Poppy.bin,nfc,Amiibo,AmiiboDB,moved
sd_card_content/nfc/Amiibo/Amiibo Bin/Animal Crossing Amiibo/Amiibo Cards/!Series 1/[AC] 031 - Sheldon.bin,nfc,Amiibo,AmiiboDB,moved
sd_card_content/nfc/Amiibo/Amiibo Bin/Animal Crossing Amiibo/Amiibo Cards/!Series 1/[AC] 082 - Goose.bin,nfc,Amiibo,AmiiboDB,moved
sd_card_content/nfc/Amiibo/Amiibo Bin/Animal Crossing Amiibo/Amiibo Cards/!Series 1/[AC] 083 - Annalisa.bin,nfc,Amiibo,AmiiboDB,moved
sd_card_content/nfc/Amiibo/Amiibo Bin/Animal Crossing Amiibo/Amiibo Cards/!Series 1/[AC] 078 - Roscoe.bin,nfc,Amiibo,AmiiboDB,moved
sd_card_content/nfc/Amiibo/Amiibo Bin/Animal Crossing Amiibo/Amiibo Cards/!Series 1/[AC] 099 - Molly.bin,nfc,Amiibo,AmiiboDB,moved
sd_card_content/nfc/Amiibo/Amiibo Bin/Animal Crossing Amiibo/Amiibo Cards/!Series 1/[AC] 048 - Sterling.bin,nfc,Amiibo,AmiiboDB,moved
sd_card_content/nfc/Amiibo/Amiibo Bin/Animal Crossing Amiibo/Amiibo Cards/!Series 1/[AC] 022 - Leonardo.bin,nfc,Amiibo,AmiiboDB,moved
sd_card_content/nfc/Amiibo/Amiibo Bin/Animal Crossing Amiibo/Amiibo Cards/!Series 1/[AC] 055 - Snake.bin,nfc,Amiibo,AmiiboDB,moved
sd_card_content/nfc/Amiibo/Amiibo Bin/Animal Crossing Amiibo/Amiibo Cards/!Series 1/[AC] 069 - Bella.bin,nfc,Amiibo,AmiiboDB,moved
sd_card_content/nfc/Amiibo/Amiibo Bin/Animal Crossing Amiibo/Amiibo Cards/!Series 1/[AC] 044 - Shari.bin,nfc,Amiibo,AmiiboDB,moved
sd_card_content/nfc/Amiibo/Amiibo Bin/Animal Crossing Amiibo/Amiibo Cards/!Series 1/[AC] 004 - Sable.bin,nfc,Amiibo,AmiiboDB,moved
sd_card_content/nfc/Amiibo/Amiibo Bin/Animal Crossing Amiibo/Amiibo Cards/!Series 1/[AC] 051 - Opal.bin,nfc,Amiibo,AmiiboDB,moved
sd_card_content/nfc/Amiibo/Amiibo Bin/Animal Crossing Amiibo/Amiibo Cards/!Series 1/[AC] 021 - Portia.bin,nfc,Amiibo,AmiiboDB,moved
sd_card_content/nfc/Amiibo/Amiibo Bin/Animal Crossing Amiibo/Amiibo Cards/!Series 1/[AC] 086 - Chief.bin,nfc,Amiibo,AmiiboDB,moved
sd_card_content/nfc/Amiibo/Amiibo Bin/Animal Crossing Amiibo/Amiibo Cards/!Series 1/[AC] 024 - Kyle.bin,nfc,Amiibo,AmiiboDB,moved
sd_card_content/nfc/Amiibo/Amiibo Bin/Animal Crossing Amiibo/Amiibo Cards/!Series 1/[AC] 075 - Amelia.bin,nfc,Amiibo,AmiiboDB,moved
sd_card_content/nfc/Amiibo/Amiibo Bin/Animal Crossing Amiibo/Amiibo Cards/!Series 1/[AC] 073 - Flo.bin,nfc,Amiibo,AmiiboDB,moved
sd_card_content/nfc/Amiibo/Amiibo Bin/Animal Crossing Amiibo/Amiibo Cards/!Series 1/[AC] 094 - Cyrano.bin,nfc,Amiibo,AmiiboDB,moved
sd_card_content/nfc/Amiibo/Amiibo Bin/Animal Crossing Amiibo/Amiibo Cards/!Series 1/[AC] 034 - Kiki.bin,nfc,Amiibo,AmiiboDB,moved
sd_card_content/nfc/Amiibo/Amiibo Bin/Animal Crossing Amiibo/Amiibo Cards/!Series 1/[AC] 016 - Lyle.bin,nfc,Amiibo,AmiiboDB,moved
sd_card_content/nfc/Amiibo/Amiibo Bin/Animal Crossing Amiibo/Amiibo Cards/!Series 1/[AC] 045 - Octavian.bin,nfc,Amiibo,AmiiboDB,moved
sd_card_content/nfc/Amiibo/Amiibo Bin/Animal Crossing Amiibo/Amiibo Cards/!Series 1/[AC] 036 - Alli.bin,nfc,Amiibo,AmiiboDB,moved
sd_card_content/nfc/Amiibo/Amiibo Bin/Animal Crossing Amiibo/Amiibo Cards/!Series 1/[AC] 076 - Jeramiah.bin,nfc,Amiibo,AmiiboDB,moved
sd_card_content/nfc/Amiibo/Amiibo Bin/Animal Crossing Amiibo/Amiibo Cards/!Series 1/[AC] 039 - Jitters.bin,nfc,Amiibo,AmiiboDB,moved
sd_card_content/nfc/Amiibo/Amiibo Bin/Animal Crossing Amiibo/Amiibo Cards/!Series 1/[AC] 050 - Punchy.bin,nfc,Amiibo,AmiiboDB,moved
sd_card_content/nfc/Amiibo/Amiibo Bin/Animal Crossing Amiibo/Amiibo Cards/!Series 1/[AC] 028 - Jambette.bin,nfc,Amiibo,AmiiboDB,moved
sd_card_content/nfc/Amiibo/Amiibo Bin/Animal Crossing Amiibo/Amiibo Cards/!Series 1/[AC] 046 - Winnie.bin,nfc,Amiibo,AmiiboDB,moved
sd_card_content/nfc/Amiibo/Amiibo Bin/Animal Crossing Amiibo/Amiibo Cards/!Series 1/[AC] 065 - Midge.bin,nfc,Amiibo,AmiiboDB,moved
sd_card_content/nfc/Amiibo/Amiibo Bin/Animal Crossing Amiibo/Amiibo Cards/!Series 1/[AC] 070 - Biff.bin,nfc,Amiibo,AmiiboDB,moved
sd_card_content/nfc/Amiibo/Amiibo Bin/Animal Crossing Amiibo/Amiibo Cards/!Series 1/[AC] 093 - Bertha.bin,nfc,Amiibo,AmiiboDB,moved
sd_card_content/nfc/Amiibo/Amiibo Bin/Animal Crossing Amiibo/Amiibo Cards/!Series 1/[AC] 042 - Marcie.bin,nfc,Amiibo,AmiiboDB,moved
sd_card_content/nfc/Amiibo/Amiibo Bin/Animal Crossing Amiibo/Amiibo Cards/!Series 1/[AC] 049 - Bonbon.bin,nfc,Amiibo,AmiiboDB,moved
sd_card_content/nfc/Amiibo/Amiibo Bin/Animal Crossing Amiibo/Amiibo Cards/!Series 1/[AC] 027 - Lopez.bin,nfc,Amiibo,AmiiboDB,moved
sd_card_content/nfc/Amiibo/Amiibo Bin/Animal Crossing Amiibo/Amiibo Cards/!Series 1/[AC] 057 - Phil.bin,nfc,Amiibo,AmiiboDB,moved
sd_card_content/nfc/Amiibo/Amiibo Bin/Animal Crossing Amiibo/Amiibo Cards/!Series 1/[AC] 025 - Al.bin,nfc,Amiibo,AmiiboDB,moved
sd_card_content/nfc/Amiibo/Amiibo Bin/Animal Crossing Amiibo/Amiibo Cards/!Series 1/[AC] 097 - Willow.bin,nfc,Amiibo,AmiiboDB,moved
sd_card_content/nfc/Amiibo/Amiibo Bin/Animal Crossing Amiibo/Amiibo Cards/!Series 1/[AC] 010 - Pascal.bin,nfc,Amiibo,AmiiboDB,moved
sd_card_content/nfc/Amiibo/Amiibo Bin/Animal Crossing Amiibo/Amiibo Cards/!Series 1/[AC] 040 - Gigi.bin,nfc,Amiibo,AmiiboDB,moved
sd_card_content/nfc/Amiibo/Amiibo Bin/Animal Crossing Amiibo/Amiibo Cards/!Series 1/[AC] 098 - Roald.bin,nfc,Amiibo,AmiiboDB,moved
sd_card_content/nfc/Amiibo/Amiibo Bin/Animal Crossing Amiibo/Amiibo Cards/!Series 1/[AC] 018 - Bob.bin,nfc,Amiibo,AmiiboDB,moved
sd_card_content/nfc/Amiibo/Amiibo Bin/Animal Crossing Amiibo/Amiibo Cards/!Series 1/[AC] 068 - Clyde.bin,nfc,Amiibo,AmiiboDB,moved
sd_card_content/nfc/Amiibo/Amiibo Bin/Animal Crossing Amiibo/Amiibo Cards/!Series 1/[AC] 012 - Redd.bin,nfc,Amiibo,AmiiboDB,moved
sd_card_content/nfc/Amiibo/Amiibo Bin/Animal Crossing Amiibo/Amiibo Cards/!Series 1/[AC] 014 - Luna.bin,nfc,Amiibo,AmiiboDB,moved
sd_card_content/nfc/Amiibo/Amiibo Bin/Animal Crossing Amiibo/Amiibo Cards/!Series 1/[AC] 032 - Bluebear.bin,nfc,Amiibo,AmiiboDB,moved
sd_card_content/nfc/Amiibo/Amiibo Bin/Animal Crossing Amiibo/Amiibo Cards/!Series 1/[AC] 029 - Rasher.bin,nfc,Amiibo,AmiiboDB,moved
sd_card_content/nfc/Amiibo/Amiibo Bin/Animal Crossing Amiibo/Amiibo Cards/!Series 1/[AC] 081 - Eunice.bin,nfc,Amiibo,AmiiboDB,moved
sd_card_content/nfc/Amiibo/Amiibo Bin/Animal Crossing Amiibo/Amiibo Cards/!Series 1/[AC] 062 - T-Bone.bin,nfc,Amiibo,AmiiboDB,moved
sd_card_content/nfc/Amiibo/Amiibo Bin/Animal Crossing Amiibo/Amiibo Cards/!Series 1/[AC] 019 - Fauna.bin,nfc,Amiibo,AmiiboDB,moved
sd_card_content/nfc/Amiibo/Amiibo Bin/Animal Crossing Amiibo/Amiibo Cards/!Series 1/[AC] 054 - Deena.bin,nfc,Amiibo,AmiiboDB,moved
sd_card_content/nfc/Amiibo/Amiibo Bin/Animal Crossing Amiibo/Amiibo Cards/!Series 1/[AC] 091 - Muffy.bin,nfc,Amiibo,AmiiboDB,moved
sd_card_content/nfc/Amiibo/Amiibo Bin/Animal Crossing Amiibo/Amiibo Cards/!Series 1/[AC] 077 - Cherry.bin,nfc,Amiibo,AmiiboDB,moved
sd_card_content/nfc/Amiibo/Amiibo Bin/Animal Crossing Amiibo/Amiibo Cards/!Series 1/[AC] 023 - Cheri.bin,nfc,Amiibo,AmiiboDB,moved
sd_card_content/nfc/Amiibo/Amiibo Bin/Animal Crossing Amiibo/Amiibo Cards/!Series 1/[AC] 090 - Axel.bin,nfc,Amiibo,AmiiboDB,moved
sd_card_content/nfc/Amiibo/Amiibo Bin/Animal Crossing Amiibo/Amiibo Cards/!Series 1/[AC] 071 - Yuka.bin,nfc,Amiibo,AmiiboDB,moved
sd_card_content/nfc/Amiibo/Amiibo Bin/Animal Crossing Amiibo/Amiibo Cards/!Series 1/[AC] 059 - Nate.bin,nfc,Amiibo,AmiiboDB,moved
sd_card_content/nfc/Amiibo/Amiibo Bin/Animal Crossing Amiibo/Amiibo Cards/!Series 1/[AC] 047 - Knox.bin,nfc,Amiibo,AmiiboDB,moved
sd_card_content/nfc/Amiibo/Amiibo Bin/Animal Crossing Amiibo/Amiibo Cards/!Series 1/[AC] 064 - Pudge.bin,nfc,Amiibo,AmiiboDB,moved
sd_card_content/nfc/Amiibo/Amiibo Bin/Animal Crossing Amiibo/Amiibo Cards/!Series 1/[AC] 072 - Lionel.bin,nfc,Amiibo,AmiiboDB,moved
sd_card_content/nfc/Amiibo/Amiibo Bin/Animal Crossing Amiibo/Amiibo Cards/!Series 1/[AC] 020 - Curt.bin,nfc,Amiibo,AmiiboDB,moved
sd_card_content/nfc/Amiibo/Amiibo Bin/Animal Crossing Amiibo/Amiibo Cards/!Series 1/[AC] 058 - Monique.bin,nfc,Amiibo,AmiiboDB,moved
sd_card_content/nfc/Amiibo/Amiibo Bin/Animal Crossing Amiibo/Amiibo Cards/!Series 1/[AC] 043 - Puck.bin,nfc,Amiibo,AmiiboDB,moved
sd_card_content/nfc/Amiibo/Amiibo Bin/Animal Crossing Amiibo/Amiibo Cards/!Series 1/[AC] 026 - Renee.bin,nfc,Amiibo,AmiiboDB,moved
sd_card_content/nfc/Amiibo/Amiibo Bin/Animal Crossing Amiibo/Amiibo Cards/!Series 1/[AC] 084 - Benjamin.bin,nfc,Amiibo,AmiiboDB,moved
sd_card_content/nfc/Amiibo/Amiibo Bin/Animal Crossing Amiibo/Amiibo Cards/!Series 1/[AC] 079 - Truffles.bin,nfc,Amiibo,AmiiboDB,moved
sd_card_content/nfc/Amiibo/Amiibo Bin/Animal Crossing Amiibo/Amiibo Cards/!Series 1/[AC] 001 - Isabelle.bin,nfc,Amiibo,AmiiboDB,moved
sd_card_content/nfc/Amiibo/Amiibo Bin/Animal Crossing Amiibo/Amiibo Cards/!Series 1/[AC] 066 - Gruff.bin,nfc,Amiibo,AmiiboDB,moved
sd_card_content/nfc/Amiibo/Amiibo Bin/Animal Crossing Amiibo/Amiibo Cards/!Series 1/[AC] 085 - Pancetti.bin,nfc,Amiibo,AmiiboDB,moved
sd_card_content/nfc/Amiibo/Amiibo Bin/Animal Crossing Amiibo/Amiibo Cards/!Series 1/[AC] 100 - Walker.bin,nfc,Amiibo,AmiiboDB,moved
sd_card_content/nfc/Amiibo/Amiibo Bin/Animal Crossing Amiibo/Amiibo Cards/!Series 1/[AC] 017 - Lottie.bin,nfc,Amiibo,AmiiboDB,moved
sd_card_content/nfc/Amiibo/Amiibo Bin/Animal Crossing Amiibo/Amiibo Cards/!Series 1/[AC] 003 - DJ KK.bin,nfc,Amiibo,AmiiboDB,moved
sd_card_content/nfc/Amiibo/Amiibo Bin/Animal Crossing Amiibo/Amiibo Cards/!Series 1/[AC] 080 - Eugene.bin,nfc,Amiibo,AmiiboDB,moved
sd_card_content/nfc/Amiibo/Amiibo Bin/Animal Crossing Amiibo/Amiibo Cards/!Series 1/[AC] 013 - Saharah.bin,nfc,Amiibo,AmiiboDB,moved
sd_card_content/nfc/Amiibo/Amiibo Bin/Animal Crossing Amiibo/Amiibo Cards/!Series 1/[AC] 053 - Limberg.bin,nfc,Amiibo,AmiiboDB,moved
sd_card_content/nfc/Amiibo/Amiibo Bin/Animal Crossing Amiibo/Amiibo Cards/!Series 1/[AC] 061 - Tutu.bin,nfc,Amiibo,AmiiboDB,moved
sd_card_content/nfc/Amiibo/Amiibo Bin/Animal Crossing Amiibo/Amiibo Cards/!Series 1/[AC] 067 - Flurry.bin,nfc,Amiibo,AmiiboDB,moved
sd_card_content/nfc/Amiibo/Amiibo Bin/Animal Crossing Amiibo/Amiibo Cards/!Series 1/[AC] 030 - Tiffany.bin,nfc,Amiibo,AmiiboDB,moved
sd_card_content/nfc/Amiibo/Amiibo Bin/Animal Crossing Amiibo/Amiibo Cards/!Series 1/[AC] 035 - Deli.bin,nfc,Amiibo,AmiiboDB,moved
sd_card_content/nfc/Amiibo/Amiibo Bin/Animal Crossing Amiibo/Amiibo Cards/!Series 1/[AC] 089 - Diana.bin,nfc,Amiibo,AmiiboDB,moved
sd_card_content/nfc/Amiibo/Amiibo Bin/Animal Crossing Amiibo/Amiibo Cards/!Series 1/[AC] 088 - Clay.bin,nfc,Amiibo,AmiiboDB,moved
sd_card_content/nfc/Amiibo/Amiibo Bin/Animal Crossing Amiibo/Amiibo Cards/!Series 1/[AC] 056 - Bangle.bin,nfc,Amiibo,AmiiboDB,moved
sd_card_content/nfc/Amiibo/Amiibo Bin/Animal Crossing Amiibo/Amiibo Cards/!Series 1/[AC] 038 - Patty.bin,nfc,Amiibo,AmiiboDB,moved
sd_card_content/nfc/Amiibo/Amiibo Bin/Animal Crossing Amiibo/Amiibo Cards/!Sanrio Cards/[AC] XS5 - Chelsea.bin,nfc,Amiibo,AmiiboDB,moved
sd_card_content/nfc/Amiibo/Amiibo Bin/Animal Crossing Amiibo/Amiibo Cards/!Sanrio Cards/[AC] XS4 - Chai.bin,nfc,Amiibo,AmiiboDB,moved
sd_card_content/nfc/Amiibo/Amiibo Bin/Animal Crossing Amiibo/Amiibo Cards/!Sanrio Cards/[AC] XS1 - Rilla.bin,nfc,Amiibo,AmiiboDB,moved
sd_card_content/nfc/Amiibo/Amiibo Bin/Animal Crossing Amiibo/Amiibo Cards/!Sanrio Cards/[AC] XS3 - Etoile.bin,nfc,Amiibo,AmiiboDB,moved
sd_card_content/nfc/Amiibo/Amiibo Bin/Animal Crossing Amiibo/Amiibo Cards/!Sanrio Cards/[AC] XS6 - Toby.bin,nfc,Amiibo,AmiiboDB,moved
sd_card_content/nfc/Amiibo/Amiibo Bin/Animal Crossing Amiibo/Amiibo Cards/!Sanrio Cards/[AC] XS2 - Marty.bin,nfc,Amiibo,AmiiboDB,moved
sd_card_content/nfc/Amiibo/Amiibo Bin/Animal Crossing Amiibo/Amiibo Cards/!Amiibo Festival/[AC] AF1 - Stitches.bin,nfc,Amiibo,AmiiboDB,moved
sd_card_content/nfc/Amiibo/Amiibo Bin/Animal Crossing Amiibo/Amiibo Cards/!Amiibo Festival/[AC] AF3 - Goldie.bin,nfc,Amiibo,AmiiboDB,moved
sd_card_content/nfc/Amiibo/Amiibo Bin/Animal Crossing Amiibo/Amiibo Cards/!Amiibo Festival/[AC] AF2 - Rosie.bin,nfc,Amiibo,AmiiboDB,moved
sd_card_content/nfc/Amiibo/Amiibo Bin/Animal Crossing Amiibo/Amiibo Cards/!Series 3/[AC] 277 - Monty.bin,nfc,Amiibo,AmiiboDB,moved
sd_card_content/nfc/Amiibo/Amiibo Bin/Animal Crossing Amiibo/Amiibo Cards/!Series 3/[AC] 203 - Tom Nook.bin,nfc,Amiibo,AmiiboDB,moved
sd_card_content/nfc/Amiibo/Amiibo Bin/Animal Crossing Amiibo/Amiibo Cards/!Series 3/[AC] 214 - Don Resetti.bin,nfc,Amiibo,AmiiboDB,moved
sd_card_content/nfc/Amiibo/Amiibo Bin/Animal Crossing Amiibo/Amiibo Cards/!Series 3/[AC] 226 - Mitzi.bin,nfc,Amiibo,AmiiboDB,moved
sd_card_content/nfc/Amiibo/Amiibo Bin/Animal Crossing Amiibo/Amiibo Cards/!Series 3/[AC] 224 - Paula.bin,nfc,Amiibo,AmiiboDB,moved
sd_card_content/nfc/Amiibo/Amiibo Bin/Animal Crossing Amiibo/Amiibo Cards/!Series 3/[AC] 274 - Flora.bin,nfc,Amiibo,AmiiboDB,moved
sd_card_content/nfc/Amiibo/Amiibo Bin/Animal Crossing Amiibo/Amiibo Cards/!Series 3/[AC] 262 - Blanche.bin,nfc,Amiibo,AmiiboDB,moved
sd_card_content/nfc/Amiibo/Amiibo Bin/Animal Crossing Amiibo/Amiibo Cards/!Series 3/[AC] 291 - Sparro.bin,nfc,Amiibo,AmiiboDB,moved
sd_card_content/nfc/Amiibo/Amiibo Bin/Animal Crossing Amiibo/Amiibo Cards/!Series 3/[AC] 233 - Colton.bin,nfc,Amiibo,AmiiboDB,moved
sd_card_content/nfc/Amiibo/Amiibo Bin/Animal Crossing Amiibo/Amiibo Cards/!Series 3/[AC] 271 - Curlos.bin,nfc,Amiibo,AmiiboDB,moved
sd_card_content/nfc/Amiibo/Amiibo Bin/Animal Crossing Amiibo/Amiibo Cards/!Series 3/[AC] 266 - Joey.bin,nfc,Amiibo,AmiiboDB,moved
sd_card_content/nfc/Amiibo/Amiibo Bin/Animal Crossing Amiibo/Amiibo Cards/!Series 3/[AC] 294 - Maple.bin,nfc,Amiibo,AmiiboDB,moved
sd_card_content/nfc/Amiibo/Amiibo Bin/Animal Crossing Amiibo/Amiibo Cards/!Series 3/[AC] 261 - Tucker.bin,nfc,Amiibo,AmiiboDB,moved
sd_card_content/nfc/Amiibo/Amiibo Bin/Animal Crossing Amiibo/Amiibo Cards/!Series 3/[AC] 216 - Franklin.bin,nfc,Amiibo,AmiiboDB,moved
sd_card_content/nfc/Amiibo/Amiibo Bin/Animal Crossing Amiibo/Amiibo Cards/!Series 3/[AC] 273 - Moe.bin,nfc,Amiibo,AmiiboDB,moved
sd_card_content/nfc/Amiibo/Amiibo Bin/Animal Crossing Amiibo/Amiibo Cards/!Series 3/[AC] 241 - Hans.bin,nfc,Amiibo,AmiiboDB,moved
sd_card_content/nfc/Amiibo/Amiibo Bin/Animal Crossing Amiibo/Amiibo Cards/!Series 3/[AC] 221 - Kody.bin,nfc,Amiibo,AmiiboDB,moved
sd_card_content/nfc/Amiibo/Amiibo Bin/Animal Crossing Amiibo/Amiibo Cards/!Series 3/[AC] 205 - Phyllis.bin,nfc,Amiibo,AmiiboDB,moved
sd_card_content/nfc/Amiibo/Amiibo Bin/Animal Crossing Amiibo/Amiibo Cards/!Series 3/[AC] 299 - Francine.bin,nfc,Amiibo,AmiiboDB,moved
sd_card_content/nfc/Amiibo/Amiibo Bin/Animal Crossing Amiibo/Amiibo Cards/!Series 3/[AC] 230 - Velma.bin,nfc,Amiibo,AmiiboDB,moved
sd_card_content/nfc/Amiibo/Amiibo Bin/Animal Crossing Amiibo/Amiibo Cards/!Series 3/[AC] 217 - Jingle.bin,nfc,Amiibo,AmiiboDB,moved
sd_card_content/nfc/Amiibo/Amiibo Bin/Animal Crossing Amiibo/Amiibo Cards/!Series 3/[AC] 286 - Cube.bin,nfc,Amiibo,AmiiboDB,moved
sd_card_content/nfc/Amiibo/Amiibo Bin/Animal Crossing Amiibo/Amiibo Cards/!Series 3/[AC] 202 - Blathers.bin,nfc,Amiibo,AmiiboDB,moved
sd_card_content/nfc/Amiibo/Amiibo Bin/Animal Crossing Amiibo/Amiibo Cards/!Series 3/[AC] 227 - Rodeo.bin,nfc,Amiibo,AmiiboDB,moved
sd_card_content/nfc/Amiibo/Amiibo Bin/Animal Crossing Amiibo/Amiibo Cards/!Series 3/[AC] 247 - Wart Jr..bin,nfc,Amiibo,AmiiboDB,moved
sd_card_content/nfc/Amiibo/Amiibo Bin/Animal Crossing Amiibo/Amiibo Cards/!Series 3/[AC] 280 - Victoria.bin,nfc,Amiibo,AmiiboDB,moved
sd_card_content/nfc/Amiibo/Amiibo Bin/Animal Crossing Amiibo/Amiibo Cards/!Series 3/[AC] 220 - Tabby.bin,nfc,Amiibo,AmiiboDB,moved
sd_card_content/nfc/Amiibo/Amiibo Bin/Animal Crossing Amiibo/Amiibo Cards/!Series 3/[AC] 298 - Derwin.bin,nfc,Amiibo,AmiiboDB,moved
sd_card_content/nfc/Amiibo/Amiibo Bin/Animal Crossing Amiibo/Amiibo Cards/!Series 3/[AC] 268 - Buck.bin,nfc,Amiibo,AmiiboDB,moved
sd_card_content/nfc/Amiibo/Amiibo Bin/Animal Crossing Amiibo/Amiibo Cards/!Series 3/[AC] 223 - Del.bin,nfc,Amiibo,AmiiboDB,moved
sd_card_content/nfc/Amiibo/Amiibo Bin/Animal Crossing Amiibo/Amiibo Cards/!Series 3/[AC] 250 - Ava.bin,nfc,Amiibo,AmiiboDB,moved
sd_card_content/nfc/Amiibo/Amiibo Bin/Animal Crossing Amiibo/Amiibo Cards/!Series 3/[AC] 254 - Greta.bin,nfc,Amiibo,AmiiboDB,moved
sd_card_content/nfc/Amiibo/Amiibo Bin/Animal Crossing Amiibo/Amiibo Cards/!Series 3/[AC] 281 - Lyman.bin,nfc,Amiibo,AmiiboDB,moved
sd_card_content/nfc/Amiibo/Amiibo Bin/Animal Crossing Amiibo/Amiibo Cards/!Series 3/[AC] 292 - Baabara.bin,nfc,Amiibo,AmiiboDB,moved
sd_card_content/nfc/Amiibo/Amiibo Bin/Animal Crossing Amiibo/Amiibo Cards/!Series 3/[AC] 270 - Rooney.bin,nfc,Amiibo,AmiiboDB,moved
sd_card_content/nfc/Amiibo/Amiibo Bin/Animal Crossing Amiibo/Amiibo Cards/!Series 3/[AC] 255 - Wolfgang.bin,nfc,Amiibo,AmiiboDB,moved
sd_card_content/nfc/Amiibo/Amiibo Bin/Animal Crossing Amiibo/Amiibo Cards/!Series 3/[AC] 258 - Daisy.bin,nfc,Amiibo,AmiiboDB,moved
sd_card_content/nfc/Amiibo/Amiibo Bin/Animal Crossing Amiibo/Amiibo Cards/!Series 3/[AC] 248 - Hazel.bin,nfc,Amiibo,AmiiboDB,moved
sd_card_content/nfc/Amiibo/Amiibo Bin/Animal Crossing Amiibo/Amiibo Cards/!Series 3/[AC] 275 - Hamlet.bin,nfc,Amiibo,AmiiboDB,moved
sd_card_content/nfc/Amiibo/Amiibo Bin/Animal Crossing Amiibo/Amiibo Cards/!Series 3/[AC] 264 - Marshal.bin,nfc,Amiibo,AmiiboDB,moved
sd_card_content/nfc/Amiibo/Amiibo Bin/Animal Crossing Amiibo/Amiibo Cards/!Series 3/[AC] 300 - Chrissy.bin,nfc,Amiibo,AmiiboDB,moved
sd_card_content/nfc/Amiibo/Amiibo Bin/Animal Crossing Amiibo/Amiibo Cards/!Series 3/[AC] 235 - Spork-Crackle.bin,nfc,Amiibo,AmiiboDB,moved
sd_card_content/nfc/Amiibo/Amiibo Bin/Animal Crossing Amiibo/Amiibo Cards/!Series 3/[AC] 218 - Lily.bin,nfc,Amiibo,AmiiboDB,moved
sd_card_content/nfc/Amiibo/Amiibo Bin/Animal Crossing Amiibo/Amiibo Cards/!Series 3/[AC] 212 - Timmy.bin,nfc,Amiibo,AmiiboDB,moved
sd_card_content/nfc/Amiibo/Amiibo Bin/Animal Crossing Amiibo/Amiibo Cards/!Series 3/[AC] 213 - Digby.bin,nfc,Amiibo,AmiiboDB,moved
sd_card_content/nfc/Amiibo/Amiibo Bin/Animal Crossing Amiibo/Amiibo Cards/!Series 3/[AC] 249 - Beardo.bin,nfc,Amiibo,AmiiboDB,moved
sd_card_content/nfc/Amiibo/Amiibo Bin/Animal Crossing Amiibo/Amiibo Cards/!Series 3/[AC] 225 - Ken.bin,nfc,Amiibo,AmiiboDB,moved
sd_card_content/nfc/Amiibo/Amiibo Bin/Animal Crossing Amiibo/Amiibo Cards/!Series 3/[AC] 282 - Violet.bin,nfc,Amiibo,AmiiboDB,moved
sd_card_content/nfc/Amiibo/Amiibo Bin/Animal Crossing Amiibo/Amiibo Cards/!Series 3/[AC] 252 - Merry.bin,nfc,Amiibo,AmiiboDB,moved
sd_card_content/nfc/Amiibo/Amiibo Bin/Animal Crossing Amiibo/Amiibo Cards/!Series 3/[AC] 260 - Tammi.bin,nfc,Amiibo,AmiiboDB,moved
sd_card_content/nfc/Amiibo/Amiibo Bin/Animal Crossing Amiibo/Amiibo Cards/!Series 3/[AC] 244 - Tangy.bin,nfc,Amiibo,AmiiboDB,moved
sd_card_content/nfc/Amiibo/Amiibo Bin/Animal Crossing Amiibo/Amiibo Cards/!Series 3/[AC] 237 - Bam.bin,nfc,Amiibo,AmiiboDB,moved
sd_card_content/nfc/Amiibo/Amiibo Bin/Animal Crossing Amiibo/Amiibo Cards/!Series 3/[AC] 211 - Grams.bin,nfc,Amiibo,AmiiboDB,moved
sd_card_content/nfc/Amiibo/Amiibo Bin/Animal Crossing Amiibo/Amiibo Cards/!Series 3/[AC] 295 - Antonio.bin,nfc,Amiibo,AmiiboDB,moved
sd_card_content/nfc/Amiibo/Amiibo Bin/Animal Crossing Amiibo/Amiibo Cards/!Series 3/[AC] 232 - Canberra.bin,nfc,Amiibo,AmiiboDB,moved
sd_card_content/nfc/Amiibo/Amiibo Bin/Animal Crossing Amiibo/Amiibo Cards/!Series 3/[AC] 209 - Wendell.bin,nfc,Amiibo,AmiiboDB,moved
sd_card_content/nfc/Amiibo/Amiibo Bin/Animal Crossing Amiibo/Amiibo Cards/!Series 3/[AC] 246 - Eloise.bin,nfc,Amiibo,AmiiboDB,moved
sd_card_content/nfc/Amiibo/Amiibo Bin/Animal Crossing Amiibo/Amiibo Cards/!Series 3/[AC] 263 - Gaston.bin,nfc,Amiibo,AmiiboDB,moved
sd_card_content/nfc/Amiibo/Amiibo Bin/Animal Crossing Amiibo/Amiibo Cards/!Series 3/[AC] 238 - Friga.bin,nfc,Amiibo,AmiiboDB,moved
sd_card_content/nfc/Amiibo/Amiibo Bin/Animal Crossing Amiibo/Amiibo Cards/!Series 3/[AC] 285 - Merengue.bin,nfc,Amiibo,AmiiboDB,moved
sd_card_content/nfc/Amiibo/Amiibo Bin/Animal Crossing Amiibo/Amiibo Cards/!Series 3/[AC] 289 - Boomer.bin,nfc,Amiibo,AmiiboDB,moved
sd_card_content/nfc/Amiibo/Amiibo Bin/Animal Crossing Amiibo/Amiibo Cards/!Series 3/[AC] 242 - Chevre.bin,nfc,Amiibo,AmiiboDB,moved
sd_card_content/nfc/Amiibo/Amiibo Bin/Animal Crossing Amiibo/Amiibo Cards/!Series 3/[AC] 278 - Dora.bin,nfc,Amiibo,AmiiboDB,moved
sd_card_content/nfc/Amiibo/Amiibo Bin/Animal Crossing Amiibo/Amiibo Cards/!Series 3/[AC] 265 - Gala.bin,nfc,Amiibo,AmiiboDB,moved
sd_card_content/nfc/Amiibo/Amiibo Bin/Animal Crossing Amiibo/Amiibo Cards/!Series 3/[AC] 206 - Pete.bin,nfc,Amiibo,AmiiboDB,moved
sd_card_content/nfc/Amiibo/Amiibo Bin/Animal Crossing Amiibo/Amiibo Cards/!Series 3/[AC] 257 - Klaus.bin,nfc,Amiibo,AmiiboDB,moved
sd_card_content/nfc/Amiibo/Amiibo Bin/Animal Crossing Amiibo/Amiibo Cards/!Series 3/[AC] 243 - Drago.bin,nfc,Amiibo,AmiiboDB,moved
sd_card_content/nfc/Amiibo/Amiibo Bin/Animal Crossing Amiibo/Amiibo Cards/!Series 3/[AC] 253 - Genji.bin,nfc,Amiibo,AmiiboDB,moved
sd_card_content/nfc/Amiibo/Amiibo Bin/Animal Crossing Amiibo/Amiibo Cards/!Series 3/[AC] 296 - Soleil.bin,nfc,Amiibo,AmiiboDB,moved
sd_card_content/nfc/Amiibo/Amiibo Bin/Animal Crossing Amiibo/Amiibo Cards/!Series 3/[AC] 287 - Claudia.bin,nfc,Amiibo,AmiiboDB,moved
sd_card_content/nfc/Amiibo/Amiibo Bin/Animal Crossing Amiibo/Amiibo Cards/!Series 3/[AC] 279 - Biskit.bin,nfc,Amiibo,AmiiboDB,moved
sd_card_content/nfc/Amiibo/Amiibo Bin/Animal Crossing Amiibo/Amiibo Cards/!Series 3/[AC] 290 - Caroline.bin,nfc,Amiibo,AmiiboDB,moved
sd_card_content/nfc/Amiibo/Amiibo Bin/Animal Crossing Amiibo/Amiibo Cards/!Series 3/[AC] 256 - Diva.bin,nfc,Amiibo,AmiiboDB,moved
sd_card_content/nfc/Amiibo/Amiibo Bin/Animal Crossing Amiibo/Amiibo Cards/!Series 3/[AC] 236 - Freckles.bin,nfc,Amiibo,AmiiboDB,moved
sd_card_content/nfc/Amiibo/Amiibo Bin/Animal Crossing Amiibo/Amiibo Cards/!Series 3/[AC] 269 - Bree.bin,nfc,Amiibo,AmiiboDB,moved
sd_card_content/nfc/Amiibo/Amiibo Bin/Animal Crossing Amiibo/Amiibo Cards/!Series 3/[AC] 245 - Mac.bin,nfc,Amiibo,AmiiboDB,moved
sd_card_content/nfc/Amiibo/Amiibo Bin/Animal Crossing Amiibo/Amiibo Cards/!Series 3/[AC] 297 - Apollo.bin,nfc,Amiibo,AmiiboDB,moved
sd_card_content/nfc/Amiibo/Amiibo Bin/Animal Crossing Amiibo/Amiibo Cards/!Series 3/[AC] 210 - Cyrus.bin,nfc,Amiibo,AmiiboDB,moved
sd_card_content/nfc/Amiibo/Amiibo Bin/Animal Crossing Amiibo/Amiibo Cards/!Series 3/[AC] 267 - Pippy.bin,nfc,Amiibo,AmiiboDB,moved
sd_card_content/nfc/Amiibo/Amiibo Bin/Animal Crossing Amiibo/Amiibo Cards/!Series 3/[AC] 259 - Stinky.bin,nfc,Amiibo,AmiiboDB,moved
sd_card_content/nfc/Amiibo/Amiibo Bin/Animal Crossing Amiibo/Amiibo Cards/!Series 3/[AC] 293 - Rolf.bin,nfc,Amiibo,AmiiboDB,moved
sd_card_content/nfc/Amiibo/Amiibo Bin/Animal Crossing Amiibo/Amiibo Cards/!Series 3/[AC] 228 - Bubbles.bin,nfc,Amiibo,AmiiboDB,moved
sd_card_content/nfc/Amiibo/Amiibo Bin/Animal Crossing Amiibo/Amiibo Cards/!Series 3/[AC] 251 - Chester.bin,nfc,Amiibo,AmiiboDB,moved
sd_card_content/nfc/Amiibo/Amiibo Bin/Animal Crossing Amiibo/Amiibo Cards/!Series 3/[AC] 288 - Curly.bin,nfc,Amiibo,AmiiboDB,moved
sd_card_content/nfc/Amiibo/Amiibo Bin/Animal Crossing Amiibo/Amiibo Cards/!Series 3/[AC] 234 - Marina.bin,nfc,Amiibo,AmiiboDB,moved
sd_card_content/nfc/Amiibo/Amiibo Bin/Animal Crossing Amiibo/Amiibo Cards/!Series 3/[AC] 284 - Chadder.bin,nfc,Amiibo,AmiiboDB,moved
sd_card_content/nfc/Amiibo/Amiibo Bin/Animal Crossing Amiibo/Amiibo Cards/!Series 3/[AC] 222 - Miranda.bin,nfc,Amiibo,AmiiboDB,moved
sd_card_content/nfc/Amiibo/Amiibo Bin/Animal Crossing Amiibo/Amiibo Cards/!Series 3/[AC] 229 - Cousteau.bin,nfc,Amiibo,AmiiboDB,moved
sd_card_content/nfc/Amiibo/Amiibo Bin/Animal Crossing Amiibo/Amiibo Cards/!Series 3/[AC] 204 - Pelly.bin,nfc,Amiibo,AmiiboDB,moved
sd_card_content/nfc/Amiibo/Amiibo Bin/Animal Crossing Amiibo/Amiibo Cards/!Series 3/[AC] 272 - Skye.bin,nfc,Amiibo,AmiiboDB,moved
sd_card_content/nfc/Amiibo/Amiibo Bin/Animal Crossing Amiibo/Amiibo Cards/!Series 3/[AC] 201 - Rover.bin,nfc,Amiibo,AmiiboDB,moved
sd_card_content/nfc/Amiibo/Amiibo Bin/Animal Crossing Amiibo/Amiibo Cards/!Series 3/[AC] 231 - Elvis.bin,nfc,Amiibo,AmiiboDB,moved
sd_card_content/nfc/Amiibo/Amiibo Bin/Animal Crossing Amiibo/Amiibo Cards/!Series 3/[AC] 208 - Leif.bin,nfc,Amiibo,AmiiboDB,moved
sd_card_content/nfc/Amiibo/Amiibo Bin/Animal Crossing Amiibo/Amiibo Cards/!Series 3/[AC] 276 - Astrid.bin,nfc,Amiibo,AmiiboDB,moved
sd_card_content/nfc/Amiibo/Amiibo Bin/Animal Crossing Amiibo/Amiibo Cards/!Series 3/[AC] 215 - Isabelle.bin,nfc,Amiibo,AmiiboDB,moved
sd_card_content/nfc/Amiibo/Amiibo Bin/Animal Crossing Amiibo/Amiibo Cards/!Series 3/[AC] 283 - Frank.bin,nfc,Amiibo,AmiiboDB,moved
sd_card_content/nfc/Amiibo/Amiibo Bin/Animal Crossing Amiibo/Amiibo Cards/!Series 3/[AC] 239 - Ricky.bin,nfc,Amiibo,AmiiboDB,moved
sd_card_content/nfc/Amiibo/Amiibo Bin/Animal Crossing Amiibo/Amiibo Cards/!Series 3/[AC] 219 - Anchovy.bin,nfc,Amiibo,AmiiboDB,moved
sd_card_content/nfc/Amiibo/Amiibo Bin/Animal Crossing Amiibo/Amiibo Cards/!Series 3/[AC] 207 - Mabel.bin,nfc,Amiibo,AmiiboDB,moved
sd_card_content/nfc/Amiibo/Amiibo Bin/Animal Crossing Amiibo/Amiibo Cards/!Series 3/[AC] 240 - Deirdre.bin,nfc,Amiibo,AmiiboDB,moved
sd_card_content/nfc/Amiibo/Amiibo Bin/Animal Crossing Amiibo/Amiibo Cards/!Welcome Amiibo/[AC] W50 - Tasha.bin,nfc,Amiibo,AmiiboDB,moved
sd_card_content/nfc/Amiibo/Amiibo Bin/Animal Crossing Amiibo/Amiibo Cards/!Welcome Amiibo/[AC] W39 - Cashmere.bin,nfc,Amiibo,AmiiboDB,moved
sd_card_content/nfc/Amiibo/Amiibo Bin/Animal Crossing Amiibo/Amiibo Cards/!Welcome Amiibo/[AC] W10 - Sylvana.bin,nfc,Amiibo,AmiiboDB,moved
sd_card_content/nfc/Amiibo/Amiibo Bin/Animal Crossing Amiibo/Amiibo Cards/!Welcome Amiibo/[AC] W25 - Plucky.bin,nfc,Amiibo,AmiiboDB,moved
sd_card_content/nfc/Amiibo/Amiibo Bin/Animal Crossing Amiibo/Amiibo Cards/!Welcome Amiibo/[AC] W15 - Rex.bin,nfc,Amiibo,AmiiboDB,moved
sd_card_content/nfc/Amiibo/Amiibo Bin/Animal Crossing Amiibo/Amiibo Cards/!Welcome Amiibo/[AC] W19 - Maddie.bin,nfc,Amiibo,AmiiboDB,moved
sd_card_content/nfc/Amiibo/Amiibo Bin/Animal Crossing Amiibo/Amiibo Cards/!Welcome Amiibo/[AC] W20 - Billy.bin,nfc,Amiibo,AmiiboDB,moved
sd_card_content/nfc/Amiibo/Amiibo Bin/Animal Crossing Amiibo/Amiibo Cards/!Welcome Amiibo/[AC] W23 - Maggie.bin,nfc,Amiibo,AmiiboDB,moved
sd_card_content/nfc/Amiibo/Amiibo Bin/Animal Crossing Amiibo/Amiibo Cards/!Welcome Amiibo/[AC] W31 - Bea.bin,nfc,Amiibo,AmiiboDB,moved
sd_card_content/nfc/Amiibo/Amiibo Bin/Animal Crossing Amiibo/Amiibo Cards/!Welcome Amiibo/[AC] W34 - Boots.bin,nfc,Amiibo,AmiiboDB,moved
sd_card_content/nfc/Amiibo/Amiibo Bin/Animal Crossing Amiibo/Amiibo Cards/!Welcome Amiibo/[AC] W47 - Buzz.bin,nfc,Amiibo,AmiiboDB,moved
sd_card_content/nfc/Amiibo/Amiibo Bin/Animal Crossing Amiibo/Amiibo Cards/!Welcome Amiibo/[AC] W30 - Louie.bin,nfc,Amiibo,AmiiboDB,moved
sd_card_content/nfc/Amiibo/Amiibo Bin/Animal Crossing Amiibo/Amiibo Cards/!Welcome Amiibo/[AC] W44 - Snooty.bin,nfc,Amiibo,AmiiboDB,moved
sd_card_content/nfc/Amiibo/Amiibo Bin/Animal Crossing Amiibo/Amiibo Cards/!Welcome Amiibo/[AC] W01 - Vivian.bin,nfc,Amiibo,AmiiboDB,moved
sd_card_content/nfc/Amiibo/Amiibo Bin/Animal Crossing Amiibo/Amiibo Cards/!Welcome Amiibo/[AC] W11 - Boris.bin,nfc,Amiibo,AmiiboDB,moved
sd_card_content/nfc/Amiibo/Amiibo Bin/Animal Crossing Amiibo/Amiibo Cards/!Welcome Amiibo/[AC] W35 - Weber.bin,nfc,Amiibo,AmiiboDB,moved
sd_card_content/nfc/Amiibo/Amiibo Bin/Animal Crossing Amiibo/Amiibo Cards/!Welcome Amiibo/[AC] W07 - Stella.bin,nfc,Amiibo,AmiiboDB,moved
sd_card_content/nfc/Amiibo/Amiibo Bin/Animal Crossing Amiibo/Amiibo Cards/!Welcome Amiibo/[AC] W17 - Ursala.bin,nfc,Amiibo,AmiiboDB,moved
sd_card_content/nfc/Amiibo/Amiibo Bin/Animal Crossing Amiibo/Amiibo Cards/!Welcome Amiibo/[AC] W48 - Cleo.bin,nfc,Amiibo,AmiiboDB,moved
sd_card_content/nfc/Amiibo/Amiibo Bin/Animal Crossing Amiibo/Amiibo Cards/!Welcome Amiibo/[AC] W42 - Gonzo.bin,nfc,Amiibo,AmiiboDB,moved
sd_card_content/nfc/Amiibo/Amiibo Bin/Animal Crossing Amiibo/Amiibo Cards/!Welcome Amiibo/[AC] W45 - Olive.bin,nfc,Amiibo,AmiiboDB,moved
sd_card_content/nfc/Amiibo/Amiibo Bin/Animal Crossing Amiibo/Amiibo Cards/!Welcome Amiibo/[AC] W24 - Murphy.bin,nfc,Amiibo,AmiiboDB,moved
sd_card_content/nfc/Amiibo/Amiibo Bin/Animal Crossing Amiibo/Amiibo Cards/!Welcome Amiibo/[AC] W22 - Bitty.bin,nfc,Amiibo,AmiiboDB,moved
sd_card_content/nfc/Amiibo/Amiibo Bin/Animal Crossing Amiibo/Amiibo Cards/!Welcome Amiibo/[AC] W12 - Wade.bin,nfc,Amiibo,AmiiboDB,moved
sd_card_content/nfc/Amiibo/Amiibo Bin/Animal Crossing Amiibo/Amiibo Cards/!Welcome Amiibo/[AC] W16 - Stu.bin,nfc,Amiibo,AmiiboDB,moved
sd_card_content/nfc/Amiibo/Amiibo Bin/Animal Crossing Amiibo/Amiibo Cards/!Welcome Amiibo/[AC] W08 - Tybalt.bin,nfc,Amiibo,AmiiboDB,moved
sd_card_content/nfc/Amiibo/Amiibo Bin/Animal Crossing Amiibo/Amiibo Cards/!Welcome Amiibo/[AC] W05 - Paolo.bin,nfc,Amiibo,AmiiboDB,moved
sd_card_content/nfc/Amiibo/Amiibo Bin/Animal Crossing Amiibo/Amiibo Cards/!Welcome Amiibo/[AC] W29 - Julia.bin,nfc,Amiibo,AmiiboDB,moved
sd_card_content/nfc/Amiibo/Amiibo Bin/Animal Crossing Amiibo/Amiibo Cards/!Welcome Amiibo/[AC] W02 - Hopkins.bin,nfc,Amiibo,AmiiboDB,moved
sd_card_content/nfc/Amiibo/Amiibo Bin/Animal Crossing Amiibo/Amiibo Cards/!Welcome Amiibo/[AC] W09 - Huck.bin,nfc,Amiibo,AmiiboDB,moved
sd_card_content/nfc/Amiibo/Amiibo Bin/Animal Crossing Amiibo/Amiibo Cards/!Welcome Amiibo/[AC] W06 - Hornsby.bin,nfc,Amiibo,AmiiboDB,moved
sd_card_content/nfc/Amiibo/Amiibo Bin/Animal Crossing Amiibo/Amiibo Cards/!Welcome Amiibo/[AC] W18 - Jacob.bin,nfc,Amiibo,AmiiboDB,moved
sd_card_content/nfc/Amiibo/Amiibo Bin/Animal Crossing Amiibo/Amiibo Cards/!Welcome Amiibo/[AC] W21 - Boyd.bin,nfc,Amiibo,AmiiboDB,moved
sd_card_content/nfc/Amiibo/Amiibo Bin/Animal Crossing Amiibo/Amiibo Cards/!Welcome Amiibo/[AC] W03 - June.bin,nfc,Amiibo,AmiiboDB,moved
sd_card_content/nfc/Amiibo/Amiibo Bin/Animal Crossing Amiibo/Amiibo Cards/!Welcome Amiibo/[AC] W49 - Ike.bin,nfc,Amiibo,AmiiboDB,moved
sd_card_content/nfc/Amiibo/Amiibo Bin/Animal Crossing Amiibo/Amiibo Cards/!Welcome Amiibo/[AC] W36 - Candi.bin,nfc,Amiibo,AmiiboDB,moved
sd_card_content/nfc/Amiibo/Amiibo Bin/Animal Crossing Amiibo/Amiibo Cards/!Welcome Amiibo/[AC] W38 - Spike.bin,nfc,Amiibo,AmiiboDB,moved
sd_card_content/nfc/Amiibo/Amiibo Bin/Animal Crossing Amiibo/Amiibo Cards/!Welcome Amiibo/[AC] W14 - Ketchup.bin,nfc,Amiibo,AmiiboDB,moved
sd_card_content/nfc/Amiibo/Amiibo Bin/Animal Crossing Amiibo/Amiibo Cards/!Welcome Amiibo/[AC] W37 - Leopold.bin,nfc,Amiibo,AmiiboDB,moved
sd_card_content/nfc/Amiibo/Amiibo Bin/Animal Crossing Amiibo/Amiibo Cards/!Welcome Amiibo/[AC] W33 - Ellie.bin,nfc,Amiibo,AmiiboDB,moved
sd_card_content/nfc/Amiibo/Amiibo Bin/Animal Crossing Amiibo/Amiibo Cards/!Welcome Amiibo/[AC] W04 - Piper.bin,nfc,Amiibo,AmiiboDB,moved
sd_card_content/nfc/Amiibo/Amiibo Bin/Animal Crossing Amiibo/Amiibo Cards/!Welcome Amiibo/[AC] W41 - Norma.bin,nfc,Amiibo,AmiiboDB,moved
sd_card_content/nfc/Amiibo/Amiibo Bin/Animal Crossing Amiibo/Amiibo Cards/!Welcome Amiibo/[AC] W32 - Admiral.bin,nfc,Amiibo,AmiiboDB,moved
sd_card_content/nfc/Amiibo/Amiibo Bin/Animal Crossing Amiibo/Amiibo Cards/!Welcome Amiibo/[AC] W40 - Tad.bin,nfc,Amiibo,AmiiboDB,moved
sd_card_content/nfc/Amiibo/Amiibo Bin/Animal Crossing Amiibo/Amiibo Cards/!Welcome Amiibo/[AC] W43 - Sprocket.bin,nfc,Amiibo,AmiiboDB,moved
sd_card_content/nfc/Amiibo/Amiibo Bin/Animal Crossing Amiibo/Amiibo Cards/!Welcome Amiibo/[AC] W28 - Raddle.bin,nfc,Amiibo,AmiiboDB,moved
sd_card_content/nfc/Amiibo/Amiibo Bin/Animal Crossing Amiibo/Amiibo Cards/!Welcome Amiibo/[AC] W13 - Carrie.bin,nfc,Amiibo,AmiiboDB,moved
sd_card_content/nfc/Amiibo/Amiibo Bin/Animal Crossing Amiibo/Amiibo Cards/!Welcome Amiibo/[AC] W26 - Sandy.bin,nfc,Amiibo,AmiiboDB,moved
sd_card_content/nfc/Amiibo/Amiibo Bin/Animal Crossing Amiibo/Amiibo Cards/!Welcome Amiibo/[AC] W27 - Claude.bin,nfc,Amiibo,AmiiboDB,moved
sd_card_content/nfc/Amiibo/Amiibo Bin/Animal Crossing Amiibo/Amiibo Cards/!Welcome Amiibo/[AC] W46 - Dobie.bin,nfc,Amiibo,AmiiboDB,moved
sd_card_content/nfc/Amiibo/Amiibo Bin/Animal Crossing Amiibo/Amiibo Cards/!Series 2/[AC] 116 - Chip.bin,nfc,Amiibo,AmiiboDB,moved
sd_card_content/nfc/Amiibo/Amiibo Bin/Animal Crossing Amiibo/Amiibo Cards/!Series 2/[AC] 178 - Hugh.bin,nfc,Amiibo,AmiiboDB,moved
sd_card_content/nfc/Amiibo/Amiibo Bin/Animal Crossing Amiibo/Amiibo Cards/!Series 2/[AC] 149 - Broccolo.bin,nfc,Amiibo,AmiiboDB,moved
sd_card_content/nfc/Amiibo/Amiibo Bin/Animal Crossing Amiibo/Amiibo Cards/!Series 2/[AC] 187 - Vic.bin,nfc,Amiibo,AmiiboDB,moved
sd_card_content/nfc/Amiibo/Amiibo Bin/Animal Crossing Amiibo/Amiibo Cards/!Series 2/[AC] 101 - K.K. Slider.bin,nfc,Amiibo,AmiiboDB,moved
sd_card_content/nfc/Amiibo/Amiibo Bin/Animal Crossing Amiibo/Amiibo Cards/!Series 2/[AC] 112 - Don Resetti.bin,nfc,Amiibo,AmiiboDB,moved
sd_card_content/nfc/Amiibo/Amiibo Bin/Animal Crossing Amiibo/Amiibo Cards/!Series 2/[AC] 185 - Chops.bin,nfc,Amiibo,AmiiboDB,moved
sd_card_content/nfc/Amiibo/Amiibo Bin/Animal Crossing Amiibo/Amiibo Cards/!Series 2/[AC] 122 - Lucha.bin,nfc,Amiibo,AmiiboDB,moved
sd_card_content/nfc/Amiibo/Amiibo Bin/Animal Crossing Amiibo/Amiibo Cards/!Series 2/[AC] 117 - Jack.bin,nfc,Amiibo,AmiiboDB,moved
sd_card_content/nfc/Amiibo/Amiibo Bin/Animal Crossing Amiibo/Amiibo Cards/!Series 2/[AC] 175 - Jay.bin,nfc,Amiibo,AmiiboDB,moved
sd_card_content/nfc/Amiibo/Amiibo Bin/Animal Crossing Amiibo/Amiibo Cards/!Series 2/[AC] 182 - Alice.bin,nfc,Amiibo,AmiiboDB,moved
sd_card_content/nfc/Amiibo/Amiibo Bin/Animal Crossing Amiibo/Amiibo Cards/!Series 2/[AC] 179 - Hopper.bin,nfc,Amiibo,AmiiboDB,moved
sd_card_content/nfc/Amiibo/Amiibo Bin/Animal Crossing Amiibo/Amiibo Cards/!Series 2/[AC] 157 - Moose.bin,nfc,Amiibo,AmiiboDB,moved
sd_card_content/nfc/Amiibo/Amiibo Bin/Animal Crossing Amiibo/Amiibo Cards/!Series 2/[AC] 138 - Sly.bin,nfc,Amiibo,AmiiboDB,moved
sd_card_content/nfc/Amiibo/Amiibo Bin/Animal Crossing Amiibo/Amiibo Cards/!Series 2/[AC] 145 - Carmen.bin,nfc,Amiibo,AmiiboDB,moved
sd_card_content/nfc/Amiibo/Amiibo Bin/Animal Crossing Amiibo/Amiibo Cards/!Series 2/[AC] 120 - Ozzie.bin,nfc,Amiibo,AmiiboDB,moved
sd_card_content/nfc/Amiibo/Amiibo Bin/Animal Crossing Amiibo/Amiibo Cards/!Series 2/[AC] 192 - Pango.bin,nfc,Amiibo,AmiiboDB,moved
sd_card_content/nfc/Amiibo/Amiibo Bin/Animal Crossing Amiibo/Amiibo Cards/!Series 2/[AC] 127 - Kitt.bin,nfc,Amiibo,AmiiboDB,moved
sd_card_content/nfc/Amiibo/Amiibo Bin/Animal Crossing Amiibo/Amiibo Cards/!Series 2/[AC] 119 - Felicity.bin,nfc,Amiibo,AmiiboDB,moved
sd_card_content/nfc/Amiibo/Amiibo Bin/Animal Crossing Amiibo/Amiibo Cards/!Series 2/[AC] 128 - Tom.bin,nfc,Amiibo,AmiiboDB,moved
sd_card_content/nfc/Amiibo/Amiibo Bin/Animal Crossing Amiibo/Amiibo Cards/!Series 2/[AC] 126 - Coach.bin,nfc,Amiibo,AmiiboDB,moved
sd_card_content/nfc/Amiibo/Amiibo Bin/Animal Crossing Amiibo/Amiibo Cards/!Series 2/[AC] 163 - Ed.bin,nfc,Amiibo,AmiiboDB,moved
sd_card_content/nfc/Amiibo/Amiibo Bin/Animal Crossing Amiibo/Amiibo Cards/!Series 2/[AC] 152 - Wendy.bin,nfc,Amiibo,AmiiboDB,moved
sd_card_content/nfc/Amiibo/Amiibo Bin/Animal Crossing Amiibo/Amiibo Cards/!Series 2/[AC] 186 - Charlise.bin,nfc,Amiibo,AmiiboDB,moved
sd_card_content/nfc/Amiibo/Amiibo Bin/Animal Crossing Amiibo/Amiibo Cards/!Series 2/[AC] 142 - Peck.bin,nfc,Amiibo,AmiiboDB,moved
sd_card_content/nfc/Amiibo/Amiibo Bin/Animal Crossing Amiibo/Amiibo Cards/!Series 2/[AC] 176 - Sprinkle.bin,nfc,Amiibo,AmiiboDB,moved
sd_card_content/nfc/Amiibo/Amiibo Bin/Animal Crossing Amiibo/Amiibo Cards/!Series 2/[AC] 191 - Marcel.bin,nfc,Amiibo,AmiiboDB,moved
sd_card_content/nfc/Amiibo/Amiibo Bin/Animal Crossing Amiibo/Amiibo Cards/!Series 2/[AC] 144 - Cesar.bin,nfc,Amiibo,AmiiboDB,moved
sd_card_content/nfc/Amiibo/Amiibo Bin/Animal Crossing Amiibo/Amiibo Cards/!Series 2/[AC] 143 - Olivia.bin,nfc,Amiibo,AmiiboDB,moved
sd_card_content/nfc/Amiibo/Amiibo Bin/Animal Crossing Amiibo/Amiibo Cards/!Series 2/[AC] 103 - Kicks.bin,nfc,Amiibo,AmiiboDB,moved
sd_card_content/nfc/Amiibo/Amiibo Bin/Animal Crossing Amiibo/Amiibo Cards/!Series 2/[AC] 124 - Harry.bin,nfc,Amiibo,AmiiboDB,moved
sd_card_content/nfc/Amiibo/Amiibo Bin/Animal Crossing Amiibo/Amiibo Cards/!Series 2/[AC] 189 - Drift.bin,nfc,Amiibo,AmiiboDB,moved
sd_card_content/nfc/Amiibo/Amiibo Bin/Animal Crossing Amiibo/Amiibo Cards/!Series 2/[AC] 131 - Pate.bin,nfc,Amiibo,AmiiboDB,moved
sd_card_content/nfc/Amiibo/Amiibo Bin/Animal Crossing Amiibo/Amiibo Cards/!Series 2/[AC] 162 - Mathilda.bin,nfc,Amiibo,AmiiboDB,moved
sd_card_content/nfc/Amiibo/Amiibo Bin/Animal Crossing Amiibo/Amiibo Cards/!Series 2/[AC] 150 - Coco.bin,nfc,Amiibo,AmiiboDB,moved
sd_card_content/nfc/Amiibo/Amiibo Bin/Animal Crossing Amiibo/Amiibo Cards/!Series 2/[AC] 134 - Kidd.bin,nfc,Amiibo,AmiiboDB,moved
sd_card_content/nfc/Amiibo/Amiibo Bin/Animal Crossing Amiibo/Amiibo Cards/!Series 2/[AC] 165 - Filbert.bin,nfc,Amiibo,AmiiboDB,moved
sd_card_content/nfc/Amiibo/Amiibo Bin/Animal Crossing Amiibo/Amiibo Cards/!Series 2/[AC] 114 - Blanca.bin,nfc,Amiibo,AmiiboDB,moved
sd_card_content/nfc/Amiibo/Amiibo Bin/Animal Crossing Amiibo/Amiibo Cards/!Series 2/[AC] 130 - Prince.bin,nfc,Amiibo,AmiiboDB,moved
sd_card_content/nfc/Amiibo/Amiibo Bin/Animal Crossing Amiibo/Amiibo Cards/!Series 2/[AC] 172 - Agnes.bin,nfc,Amiibo,AmiiboDB,moved
sd_card_content/nfc/Amiibo/Amiibo Bin/Animal Crossing Amiibo/Amiibo Cards/!Series 2/[AC] 169 - Bud.bin,nfc,Amiibo,AmiiboDB,moved
sd_card_content/nfc/Amiibo/Amiibo Bin/Animal Crossing Amiibo/Amiibo Cards/!Series 2/[AC] 137 - Cookie.bin,nfc,Amiibo,AmiiboDB,moved
sd_card_content/nfc/Amiibo/Amiibo Bin/Animal Crossing Amiibo/Amiibo Cards/!Series 2/[AC] 108 - Tommy.bin,nfc,Amiibo,AmiiboDB,moved
sd_card_content/nfc/Amiibo/Amiibo Bin/Animal Crossing Amiibo/Amiibo Cards/!Series 2/[AC] 158 - Timbra.bin,nfc,Amiibo,AmiiboDB,moved
sd_card_content/nfc/Amiibo/Amiibo Bin/Animal Crossing Amiibo/Amiibo Cards/!Series 2/[AC] 118 - Poncho.bin,nfc,Amiibo,AmiiboDB,moved
sd_card_content/nfc/Amiibo/Amiibo Bin/Animal Crossing Amiibo/Amiibo Cards/!Series 2/[AC] 123 - Fuchsia.bin,nfc,Amiibo,AmiiboDB,moved
sd_card_content/nfc/Amiibo/Amiibo Bin/Animal Crossing Amiibo/Amiibo Cards/!Series 2/[AC] 110 - Leila.bin,nfc,Amiibo,AmiiboDB,moved
sd_card_content/nfc/Amiibo/Amiibo Bin/Animal Crossing Amiibo/Amiibo Cards/!Series 2/[AC] 164 - Bianca.bin,nfc,Amiibo,AmiiboDB,moved
sd_card_content/nfc/Amiibo/Amiibo Bin/Animal Crossing Amiibo/Amiibo Cards/!Series 2/[AC] 170 - Ruby.bin,nfc,Amiibo,AmiiboDB,moved
sd_card_content/nfc/Amiibo/Amiibo Bin/Animal Crossing Amiibo/Amiibo Cards/!Series 2/[AC] 105 - Copper.bin,nfc,Amiibo,AmiiboDB,moved
sd_card_content/nfc/Amiibo/Amiibo Bin/Animal Crossing Amiibo/Amiibo Cards/!Series 2/[AC] 196 - Freya.bin,nfc,Amiibo,AmiiboDB,moved
sd_card_content/nfc/Amiibo/Amiibo Bin/Animal Crossing Amiibo/Amiibo Cards/!Series 2/[AC] 154 - Rhonda.bin,nfc,Amiibo,AmiiboDB,moved
sd_card_content/nfc/Amiibo/Amiibo Bin/Animal Crossing Amiibo/Amiibo Cards/!Series 2/[AC] 167 - Beau.bin,nfc,Amiibo,AmiiboDB,moved
sd_card_content/nfc/Amiibo/Amiibo Bin/Animal Crossing Amiibo/Amiibo Cards/!Series 2/[AC] 102 - Reese.bin,nfc,Amiibo,AmiiboDB,moved
sd_card_content/nfc/Amiibo/Amiibo Bin/Animal Crossing Amiibo/Amiibo Cards/!Series 2/[AC] 200 - Rocket.bin,nfc,Amiibo,AmiiboDB,moved
sd_card_content/nfc/Amiibo/Amiibo Bin/Animal Crossing Amiibo/Amiibo Cards/!Series 2/[AC] 193 - Keaton.bin,nfc,Amiibo,AmiiboDB,moved
sd_card_content/nfc/Amiibo/Amiibo Bin/Animal Crossing Amiibo/Amiibo Cards/!Series 2/[AC] 140 - Avery.bin,nfc,Amiibo,AmiiboDB,moved
sd_card_content/nfc/Amiibo/Amiibo Bin/Animal Crossing Amiibo/Amiibo Cards/!Series 2/[AC] 159 - Zell.bin,nfc,Amiibo,AmiiboDB,moved
sd_card_content/nfc/Amiibo/Amiibo Bin/Animal Crossing Amiibo/Amiibo Cards/!Series 2/[AC] 183 - Camofrog.bin,nfc,Amiibo,AmiiboDB,moved
sd_card_content/nfc/Amiibo/Amiibo Bin/Animal Crossing Amiibo/Amiibo Cards/!Series 2/[AC] 160 - Pekoe.bin,nfc,Amiibo,AmiiboDB,moved
sd_card_content/nfc/Amiibo/Amiibo Bin/Animal Crossing Amiibo/Amiibo Cards/!Series 2/[AC] 199 - Big Top.bin,nfc,Amiibo,AmiiboDB,moved
sd_card_content/nfc/Amiibo/Amiibo Bin/Animal Crossing Amiibo/Amiibo Cards/!Series 2/[AC] 111 - Shrunk.bin,nfc,Amiibo,AmiiboDB,moved
sd_card_content/nfc/Amiibo/Amiibo Bin/Animal Crossing Amiibo/Amiibo Cards/!Series 2/[AC] 139 - Blaire.bin,nfc,Amiibo,AmiiboDB,moved
sd_card_content/nfc/Amiibo/Amiibo Bin/Animal Crossing Amiibo/Amiibo Cards/!Series 2/[AC] 106 - Booker.bin,nfc,Amiibo,AmiiboDB,moved
sd_card_content/nfc/Amiibo/Amiibo Bin/Animal Crossing Amiibo/Amiibo Cards/!Series 2/[AC] 181 - Drake.bin,nfc,Amiibo,AmiiboDB,moved
sd_card_content/nfc/Amiibo/Amiibo Bin/Animal Crossing Amiibo/Amiibo Cards/!Series 2/[AC] 104 - Labelle.bin,nfc,Amiibo,AmiiboDB,moved
sd_card_content/nfc/Amiibo/Amiibo Bin/Animal Crossing Amiibo/Amiibo Cards/!Series 2/[AC] 155 - Butch.bin,nfc,Amiibo,AmiiboDB,moved
sd_card_content/nfc/Amiibo/Amiibo Bin/Animal Crossing Amiibo/Amiibo Cards/!Series 2/[AC] 198 - Agent S.bin,nfc,Amiibo,AmiiboDB,moved
sd_card_content/nfc/Amiibo/Amiibo Bin/Animal Crossing Amiibo/Amiibo Cards/!Series 2/[AC] 188 - Ankha.bin,nfc,Amiibo,AmiiboDB,moved
sd_card_content/nfc/Amiibo/Amiibo Bin/Animal Crossing Amiibo/Amiibo Cards/!Series 2/[AC] 109 - Porter.bin,nfc,Amiibo,AmiiboDB,moved
sd_card_content/nfc/Amiibo/Amiibo Bin/Animal Crossing Amiibo/Amiibo Cards/!Series 2/[AC] 194 - Gladys.bin,nfc,Amiibo,AmiiboDB,moved
sd_card_content/nfc/Amiibo/Amiibo Bin/Animal Crossing Amiibo/Amiibo Cards/!Series 2/[AC] 147 - Scoot.bin,nfc,Amiibo,AmiiboDB,moved
sd_card_content/nfc/Amiibo/Amiibo Bin/Animal Crossing Amiibo/Amiibo Cards/!Series 2/[AC] 197 - Kid Cat.bin,nfc,Amiibo,AmiiboDB,moved
sd_card_content/nfc/Amiibo/Amiibo Bin/Animal Crossing Amiibo/Amiibo Cards/!Series 2/[AC] 136 - Egbert.bin,nfc,Amiibo,AmiiboDB,moved
sd_card_content/nfc/Amiibo/Amiibo Bin/Animal Crossing Amiibo/Amiibo Cards/!Series 2/[AC] 171 - Benedict.bin,nfc,Amiibo,AmiiboDB,moved
sd_card_content/nfc/Amiibo/Amiibo Bin/Animal Crossing Amiibo/Amiibo Cards/!Series 2/[AC] 133 - Savannah.bin,nfc,Amiibo,AmiiboDB,moved
sd_card_content/nfc/Amiibo/Amiibo Bin/Animal Crossing Amiibo/Amiibo Cards/!Series 2/[AC] 115 - Nat.bin,nfc,Amiibo,AmiiboDB,moved
sd_card_content/nfc/Amiibo/Amiibo Bin/Animal Crossing Amiibo/Amiibo Cards/!Series 2/[AC] 180 - Pecan.bin,nfc,Amiibo,AmiiboDB,moved
sd_card_content/nfc/Amiibo/Amiibo Bin/Animal Crossing Amiibo/Amiibo Cards/!Series 2/[AC] 125 - Gwen.bin,nfc,Amiibo,AmiiboDB,moved
sd_card_content/nfc/Amiibo/Amiibo Bin/Animal Crossing Amiibo/Amiibo Cards/!Series 2/[AC] 168 - Nan.bin,nfc,Amiibo,AmiiboDB,moved
sd_card_content/nfc/Amiibo/Amiibo Bin/Animal Crossing Amiibo/Amiibo Cards/!Series 2/[AC] 141 - Nana.bin,nfc,Amiibo,AmiiboDB,moved
sd_card_content/nfc/Amiibo/Amiibo Bin/Animal Crossing Amiibo/Amiibo Cards/!Series 2/[AC] 107 - Katie.bin,nfc,Amiibo,AmiiboDB,moved
sd_card_content/nfc/Amiibo/Amiibo Bin/Animal Crossing Amiibo/Amiibo Cards/!Series 2/[AC] 148 - Whitney.bin,nfc,Amiibo,AmiiboDB,moved
sd_card_content/nfc/Amiibo/Amiibo Bin/Animal Crossing Amiibo/Amiibo Cards/!Series 2/[AC] 184 - Anicotti.bin,nfc,Amiibo,AmiiboDB,moved
sd_card_content/nfc/Amiibo/Amiibo Bin/Animal Crossing Amiibo/Amiibo Cards/!Series 2/[AC] 132 - Vladimir.bin,nfc,Amiibo,AmiiboDB,moved
sd_card_content/nfc/Amiibo/Amiibo Bin/Animal Crossing Amiibo/Amiibo Cards/!Series 2/[AC] 151 - Groucho.bin,nfc,Amiibo,AmiiboDB,moved
sd_card_content/nfc/Amiibo/Amiibo Bin/Animal Crossing Amiibo/Amiibo Cards/!Series 2/[AC] 153 - Alfonso.bin,nfc,Amiibo,AmiiboDB,moved
sd_card_content/nfc/Amiibo/Amiibo Bin/Animal Crossing Amiibo/Amiibo Cards/!Series 2/[AC] 174 - Bettina.bin,nfc,Amiibo,AmiiboDB,moved
sd_card_content/nfc/Amiibo/Amiibo Bin/Animal Crossing Amiibo/Amiibo Cards/!Series 2/[AC] 156 - Gabi.bin,nfc,Amiibo,AmiiboDB,moved
sd_card_content/nfc/Amiibo/Amiibo Bin/Animal Crossing Amiibo/Amiibo Cards/!Series 2/[AC] 146 - Rodney.bin,nfc,Amiibo,AmiiboDB,moved
sd_card_content/nfc/Amiibo/Amiibo Bin/Animal Crossing Amiibo/Amiibo Cards/!Series 2/[AC] 135 - Phoebe.bin,nfc,Amiibo,AmiiboDB,moved
sd_card_content/nfc/Amiibo/Amiibo Bin/Animal Crossing Amiibo/Amiibo Cards/!Series 2/[AC] 195 - Hamphrey.bin,nfc,Amiibo,AmiiboDB,moved
sd_card_content/nfc/Amiibo/Amiibo Bin/Animal Crossing Amiibo/Amiibo Cards/!Series 2/[AC] 113 - Isabelle.bin,nfc,Amiibo,AmiiboDB,moved
sd_card_content/nfc/Amiibo/Amiibo Bin/Animal Crossing Amiibo/Amiibo Cards/!Series 2/[AC] 173 - Julian.bin,nfc,Amiibo,AmiiboDB,moved
sd_card_content/nfc/Amiibo/Amiibo Bin/Animal Crossing Amiibo/Amiibo Cards/!Series 2/[AC] 121 - Tia.bin,nfc,Amiibo,AmiiboDB,moved
sd_card_content/nfc/Amiibo/Amiibo Bin/Animal Crossing Amiibo/Amiibo Cards/!Series 2/[AC] 161 - Teddy.bin,nfc,Amiibo,AmiiboDB,moved
sd_card_content/nfc/Amiibo/Amiibo Bin/Animal Crossing Amiibo/Amiibo Cards/!Series 2/[AC] 177 - Flip.bin,nfc,Amiibo,AmiiboDB,moved
sd_card_content/nfc/Amiibo/Amiibo Bin/Animal Crossing Amiibo/Amiibo Cards/!Series 2/[AC] 190 - Vesta.bin,nfc,Amiibo,AmiiboDB,moved
sd_card_content/nfc/Amiibo/Amiibo Bin/Animal Crossing Amiibo/Amiibo Cards/!Series 2/[AC] 129 - Tipper.bin,nfc,Amiibo,AmiiboDB,moved
sd_card_content/nfc/Amiibo/Amiibo Bin/Animal Crossing Amiibo/Amiibo Cards/!Series 2/[AC] 166 - Kitty.bin,nfc,Amiibo,AmiiboDB,moved
sd_card_content/nfc/Amiibo/Amiibo Bin/Animal Crossing Amiibo/Amiibo Cards/!Special Edition/[AC] CP1 - Isabelle.bin,nfc,Amiibo,AmiiboDB,moved
sd_card_content/nfc/Amiibo/Amiibo Bin/Animal Crossing Amiibo/Amiibo Cards/!Special Edition/[AC] CP2 - K.K Slider.bin,nfc,Amiibo,AmiiboDB,moved
sd_card_content/nfc/Amiibo/Amiibo Bin/Animal Crossing Amiibo/Amiibo Figures/Blathers.bin,nfc,Amiibo,AmiiboDB,moved
sd_card_content/nfc/Amiibo/Amiibo Bin/Animal Crossing Amiibo/Amiibo Figures/Kapp_n.bin,nfc,Amiibo,AmiiboDB,moved
sd_card_content/nfc/Amiibo/Amiibo Bin/Animal Crossing Amiibo/Amiibo Figures/Rover.bin,nfc,Amiibo,AmiiboDB,moved
sd_card_content/nfc/Amiibo/Amiibo Bin/Animal Crossing Amiibo/Amiibo Figures/Isabelle.bin,nfc,Amiibo,AmiiboDB,moved
sd_card_content/nfc/Amiibo/Amiibo Bin/Animal Crossing Amiibo/Amiibo Figures/Tom Nook.bin,nfc,Amiibo,AmiiboDB,moved
sd_card_content/nfc/Amiibo/Amiibo Bin/Animal Crossing Amiibo/Amiibo Figures/Cyrrus.bin,nfc,Amiibo,AmiiboDB,moved
sd_card_content/nfc/Amiibo/Amiibo Bin/Animal Crossing Amiibo/Amiibo Figures/Digby.bin,nfc,Amiibo,AmiiboDB,moved
sd_card_content/nfc/Amiibo/Amiibo Bin/Animal Crossing Amiibo/Amiibo Figures/Timmy _ Tommy.bin,nfc,Amiibo,AmiiboDB,moved
sd_card_content/nfc/Amiibo/Amiibo Bin/Animal Crossing Amiibo/Amiibo Figures/K.K. Slider.bin,nfc,Amiibo,AmiiboDB,moved
sd_card_content/nfc/Amiibo/Amiibo Bin/Animal Crossing Amiibo/Amiibo Figures/Kicks.bin,nfc,Amiibo,AmiiboDB,moved
sd_card_content/nfc/Amiibo/Amiibo Bin/Animal Crossing Amiibo/Amiibo Figures/Reese.bin,nfc,Amiibo,AmiiboDB,moved
sd_card_content/nfc/Amiibo/Amiibo Bin/Animal Crossing Amiibo/Amiibo Figures/Mabel.bin,nfc,Amiibo,AmiiboDB,moved
sd_card_content/nfc/Amiibo/Amiibo Bin/Animal Crossing Amiibo/Amiibo Figures/Summertime Isabelle.bin,nfc,Amiibo,AmiiboDB,moved
sd_card_content/nfc/Amiibo/Amiibo Bin/Animal Crossing Amiibo/Amiibo Figures/Lottie.bin,nfc,Amiibo,AmiiboDB,moved
sd_card_content/nfc/Amiibo/Amiibo Bin/Animal Crossing Amiibo/Amiibo Figures/Celeste.bin,nfc,Amiibo,AmiiboDB,moved
sd_card_content/nfc/Amiibo/Amiibo Bin/Animal Crossing Amiibo/Amiibo Figures/Resetti.bin,nfc,Amiibo,AmiiboDB,moved
sd_card_content/nfc/Amiibo/Amiibo Bin/Animal Crossing Amiibo/Happy Home Designer Items/[HHD] Items - 15.bin,nfc,Amiibo,AmiiboDB,moved
sd_card_content/nfc/Amiibo/Amiibo Bin/Animal Crossing Amiibo/Happy Home Designer Items/[HHD] Items - 40.bin,nfc,Amiibo,AmiiboDB,moved
sd_card_content/nfc/Amiibo/Amiibo Bin/Animal Crossing Amiibo/Happy Home Designer Items/[HHD] Items - 07.bin,nfc,Amiibo,AmiiboDB,moved
sd_card_content/nfc/Amiibo/Amiibo Bin/Animal Crossing Amiibo/Happy Home Designer Items/[HHD] Items - 85.bin,nfc,Amiibo,AmiiboDB,moved
sd_card_content/nfc/Amiibo/Amiibo Bin/Animal Crossing Amiibo/Happy Home Designer Items/[HHD] Items - 32.bin,nfc,Amiibo,AmiiboDB,moved
sd_card_content/nfc/Amiibo/Amiibo Bin/Animal Crossing Amiibo/Happy Home Designer Items/[HHD] Items - 38.bin,nfc,Amiibo,AmiiboDB,moved
sd_card_content/nfc/Amiibo/Amiibo Bin/Animal Crossing Amiibo/Happy Home Designer Items/[HHD] Items - 56.bin,nfc,Amiibo,AmiiboDB,moved
sd_card_content/nfc/Amiibo/Amiibo Bin/Animal Crossing Amiibo/Happy Home Designer Items/[HHD] Items - 80.bin,nfc,Amiibo,AmiiboDB,moved
sd_card_content/nfc/Amiibo/Amiibo Bin/Animal Crossing Amiibo/Happy Home Designer Items/[HHD] Items - 20.bin,nfc,Amiibo,AmiiboDB,moved
sd_card_content/nfc/Amiibo/Amiibo Bin/Animal Crossing Amiibo/Happy Home Designer Items/[HHD] Items - 82.bin,nfc,Amiibo,AmiiboDB,moved
sd_card_content/nfc/Amiibo/Amiibo Bin/Animal Crossing Amiibo/Happy Home Designer Items/[HHD] Items - 35.bin,nfc,Amiibo,AmiiboDB,moved
sd_card_content/nfc/Amiibo/Amiibo Bin/Animal Crossing Amiibo/Happy Home Designer Items/[HHD] Items - 30.bin,nfc,Amiibo,AmiiboDB,moved
sd_card_content/nfc/Amiibo/Amiibo Bin/Animal Crossing Amiibo/Happy Home Designer Items/[HHD] Items - 55.bin,nfc,Amiibo,AmiiboDB,moved
sd_card_content/nfc/Amiibo/Amiibo Bin/Animal Crossing Amiibo/Happy Home Designer Items/[HHD] Items - 46.bin,nfc,Amiibo,AmiiboDB,moved
sd_card_content/nfc/Amiibo/Amiibo Bin/Animal Crossing Amiibo/Happy Home Designer Items/[HHD] Items - 57.bin,nfc,Amiibo,AmiiboDB,moved
sd_card_content/nfc/Amiibo/Amiibo Bin/Animal Crossing Amiibo/Happy Home Designer Items/[HHD] Items - 42.bin,nfc,Amiibo,AmiiboDB,moved
sd_card_content/nfc/Amiibo/Amiibo Bin/Animal Crossing Amiibo/Happy Home Designer Items/[HHD] Items - 89.bin,nfc,Amiibo,AmiiboDB,moved
sd_card_content/nfc/Amiibo/Amiibo Bin/Animal Crossing Amiibo/Happy Home Designer Items/[HHD] Items - 05.bin,nfc,Amiibo,AmiiboDB,moved
sd_card_content/nfc/Amiibo/Amiibo Bin/Animal Crossing Amiibo/Happy Home Designer Items/[HHD] Items - 43.bin,nfc,Amiibo,AmiiboDB,moved
sd_card_content/nfc/Amiibo/Amiibo Bin/Animal Crossing Amiibo/Happy Home Designer Items/[HHD] Items - 14.bin,nfc,Amiibo,AmiiboDB,moved
sd_card_content/nfc/Amiibo/Amiibo Bin/Animal Crossing Amiibo/Happy Home Designer Items/[HHD] Items - 03.bin,nfc,Amiibo,AmiiboDB,moved
sd_card_content/nfc/Amiibo/Amiibo Bin/Animal Crossing Amiibo/Happy Home Designer Items/[HHD] Items - 18.bin,nfc,Amiibo,AmiiboDB,moved
sd_card_content/nfc/Amiibo/Amiibo Bin/Animal Crossing Amiibo/Happy Home Designer Items/[HHD] Items - 25.bin,nfc,Amiibo,AmiiboDB,moved
sd_card_content/nfc/Amiibo/Amiibo Bin/Animal Crossing Amiibo/Happy Home Designer Items/[HHD] Items - 79.bin,nfc,Amiibo,AmiiboDB,moved
sd_card_content/nfc/Amiibo/Amiibo Bin/Animal Crossing Amiibo/Happy Home Designer Items/[HHD] Items - 53.bin,nfc,Amiibo,AmiiboDB,moved
sd_card_content/nfc/Amiibo/Amiibo Bin/Animal Crossing Amiibo/Happy Home Designer Items/[HHD] Items - 06.bin,nfc,Amiibo,AmiiboDB,moved
sd_card_content/nfc/Amiibo/Amiibo Bin/Animal Crossing Amiibo/Happy Home Designer Items/[HHD] Items - 91.bin,nfc,Amiibo,AmiiboDB,moved
sd_card_content/nfc/Amiibo/Amiibo Bin/Animal Crossing Amiibo/Happy Home Designer Items/[HHD] Items - 58.bin,nfc,Amiibo,AmiiboDB,moved
sd_card_content/nfc/Amiibo/Amiibo Bin/Animal Crossing Amiibo/Happy Home Designer Items/[HHD] Items - 76.bin,nfc,Amiibo,AmiiboDB,moved
sd_card_content/nfc/Amiibo/Amiibo Bin/Animal Crossing Amiibo/Happy Home Designer Items/[HHD] Items - 13.bin,nfc,Amiibo,AmiiboDB,moved
sd_card_content/nfc/Amiibo/Amiibo Bin/Animal Crossing Amiibo/Happy Home Designer Items/[HHD] Items - 54.bin,nfc,Amiibo,AmiiboDB,moved
sd_card_content/nfc/Amiibo/Amiibo Bin/Animal Crossing Amiibo/Happy Home Designer Items/[HHD] Items - 01.bin,nfc,Amiibo,AmiiboDB,moved
sd_card_content/nfc/Amiibo/Amiibo Bin/Animal Crossing Amiibo/Happy Home Designer Items/[HHD] Items - 74.bin,nfc,Amiibo,AmiiboDB,moved
sd_card_content/nfc/Amiibo/Amiibo Bin/Animal Crossing Amiibo/Happy Home Designer Items/[HHD] Items - 22.bin,nfc,Amiibo,AmiiboDB,moved
sd_card_content/nfc/Amiibo/Amiibo Bin/Animal Crossing Amiibo/Happy Home Designer Items/[HHD] Items - 04.bin,nfc,Amiibo,AmiiboDB,moved
sd_card_content/nfc/Amiibo/Amiibo Bin/Animal Crossing Amiibo/Happy Home Designer Items/[HHD] Items - 59.bin,nfc,Amiibo,AmiiboDB,moved
sd_card_content/nfc/Amiibo/Amiibo Bin/Animal Crossing Amiibo/Happy Home Designer Items/[HHD] Items - 37.bin,nfc,Amiibo,AmiiboDB,moved
sd_card_content/nfc/Amiibo/Amiibo Bin/Animal Crossing Amiibo/Happy Home Designer Items/[HHD] Items - 73.bin,nfc,Amiibo,AmiiboDB,moved
sd_card_content/nfc/Amiibo/Amiibo Bin/Animal Crossing Amiibo/Happy Home Designer Items/[HHD] Items - 84.bin,nfc,Amiibo,AmiiboDB,moved
sd_card_content/nfc/Amiibo/Amiibo Bin/Animal Crossing Amiibo/Happy Home Designer Items/[HHD] Items - 60.bin,nfc,Amiibo,AmiiboDB,moved
sd_card_content/nfc/Amiibo/Amiibo Bin/Animal Crossing Amiibo/Happy Home Designer Items/[HHD] Items - 17.bin,nfc,Amiibo,AmiiboDB,moved
sd_card_content/nfc/Amiibo/Amiibo Bin/Animal Crossing Amiibo/Happy Home Designer Items/[HHD] Items - 10.bin,nfc,Amiibo,AmiiboDB,moved
sd_card_content/nfc/Amiibo/Amiibo Bin/Animal Crossing Amiibo/Happy Home Designer Items/[HHD] Items - 66.bin,nfc,Amiibo,AmiiboDB,moved
sd_card_content/nfc/Amiibo/Amiibo Bin/Animal Crossing Amiibo/Happy Home Designer Items/[HHD] Items - 29.bin,nfc,Amiibo,AmiiboDB,moved
sd_card_content/nfc/Amiibo/Amiibo Bin/Animal Crossing Amiibo/Happy Home Designer Items/[HHD] Items - 39.bin,nfc,Amiibo,AmiiboDB,moved
sd_card_content/nfc/Amiibo/Amiibo Bin/Animal Crossing Amiibo/Happy Home Designer Items/[HHD] Items - 88.bin,nfc,Amiibo,AmiiboDB,moved
sd_card_content/nfc/Amiibo/Amiibo Bin/Animal Crossing Amiibo/Happy Home Designer Items/[HHD] Items - 44.bin,nfc,Amiibo,AmiiboDB,moved
sd_card_content/nfc/Amiibo/Amiibo Bin/Animal Crossing Amiibo/Happy Home Designer Items/[HHD] Items - 65.bin,nfc,Amiibo,AmiiboDB,moved
sd_card_content/nfc/Amiibo/Amiibo Bin/Animal Crossing Amiibo/Happy Home Designer Items/[HHD] Items - 77.bin,nfc,Amiibo,AmiiboDB,moved
sd_card_content/nfc/Amiibo/Amiibo Bin/Animal Crossing Amiibo/Happy Home Designer Items/[HHD] Items - 36.bin,nfc,Amiibo,AmiiboDB,moved
sd_card_content/nfc/Amiibo/Amiibo Bin/Animal Crossing Amiibo/Happy Home Designer Items/[HHD] Items - 78.bin,nfc,Amiibo,AmiiboDB,moved
sd_card_content/nfc/Amiibo/Amiibo Bin/Animal Crossing Amiibo/Happy Home Designer Items/[HHD] Items - 24.bin,nfc,Amiibo,AmiiboDB,moved
sd_card_content/nfc/Amiibo/Amiibo Bin/Animal Crossing Amiibo/Happy Home Designer Items/[HHD] Items - 67.bin,nfc,Amiibo,AmiiboDB,moved
sd_card_content/nfc/Amiibo/Amiibo Bin/Animal Crossing Amiibo/Happy Home Designer Items/[HHD] Items - 63.bin,nfc,Amiibo,AmiiboDB,moved
sd_card_content/nfc/Amiibo/Amiibo Bin/Animal Crossing Amiibo/Happy Home Designer Items/[HHD] Items - 34.bin,nfc,Amiibo,AmiiboDB,moved
sd_card_content/nfc/Amiibo/Amiibo Bin/Animal Crossing Amiibo/Happy Home Designer Items/[HHD] Items - 70.bin,nfc,Amiibo,AmiiboDB,moved
sd_card_content/nfc/Amiibo/Amiibo Bin/Animal Crossing Amiibo/Happy Home Designer Items/[HHD] Items - 61.bin,nfc,Amiibo,AmiiboDB,moved
sd_card_content/nfc/Amiibo/Amiibo Bin/Animal Crossing Amiibo/Happy Home Designer Items/[HHD] Items - 33.bin,nfc,Amiibo,AmiiboDB,moved
sd_card_content/nfc/Amiibo/Amiibo Bin/Animal Crossing Amiibo/Happy Home Designer Items/[HHD] Items - 26.bin,nfc,Amiibo,AmiiboDB,moved
sd_card_content/nfc/Amiibo/Amiibo Bin/Animal Crossing Amiibo/Happy Home Designer Items/[HHD] Items - 31.bin,nfc,Amiibo,AmiiboDB,moved
sd_card_content/nfc/Amiibo/Amiibo Bin/Animal Crossing Amiibo/Happy Home Designer Items/[HHD] Items - 81.bin,nfc,Amiibo,AmiiboDB,moved
sd_card_content/nfc/Amiibo/Amiibo Bin/Animal Crossing Amiibo/Happy Home Designer Items/[HHD] Items - 68.bin,nfc,Amiibo,AmiiboDB,moved
sd_card_content/nfc/Amiibo/Amiibo Bin/Animal Crossing Amiibo/Happy Home Designer Items/[HHD] Items - 08.bin,nfc,Amiibo,AmiiboDB,moved
sd_card_content/nfc/Amiibo/Amiibo Bin/Animal Crossing Amiibo/Happy Home Designer Items/[HHD] Items - 48.bin,nfc,Amiibo,AmiiboDB,moved
sd_card_content/nfc/Amiibo/Amiibo Bin/Animal Crossing Amiibo/Happy Home Designer Items/[HHD] Items - 64.bin,nfc,Amiibo,AmiiboDB,moved
sd_card_content/nfc/Amiibo/Amiibo Bin/Animal Crossing Amiibo/Happy Home Designer Items/[HHD] Items - 87.bin,nfc,Amiibo,AmiiboDB,moved
sd_card_content/nfc/Amiibo/Amiibo Bin/Animal Crossing Amiibo/Happy Home Designer Items/[HHD] Items - 72.bin,nfc,Amiibo,AmiiboDB,moved
sd_card_content/nfc/Amiibo/Amiibo Bin/Animal Crossing Amiibo/Happy Home Designer Items/[HHD] Items - 86.bin,nfc,Amiibo,AmiiboDB,moved
sd_card_content/nfc/Amiibo/Amiibo Bin/Animal Crossing Amiibo/Happy Home Designer Items/[HHD] Items - 23.bin,nfc,Amiibo,AmiiboDB,moved
sd_card_content/nfc/Amiibo/Amiibo Bin/Animal Crossing Amiibo/Happy Home Designer Items/[HHD] Items - 50.bin,nfc,Amiibo,AmiiboDB,moved
sd_card_content/nfc/Amiibo/Amiibo Bin/Animal Crossing Amiibo/Happy Home Designer Items/[HHD] Items - 41.bin,nfc,Amiibo,AmiiboDB,moved
sd_card_content/nfc/Amiibo/Amiibo Bin/Animal Crossing Amiibo/Happy Home Designer Items/[HHD] Items - 45.bin,nfc,Amiibo,AmiiboDB,moved
sd_card_content/nfc/Amiibo/Amiibo Bin/Animal Crossing Amiibo/Happy Home Designer Items/[HHD] Items - 52.bin,nfc,Amiibo,AmiiboDB,moved
sd_card_content/nfc/Amiibo/Amiibo Bin/Animal Crossing Amiibo/Happy Home Designer Items/[HHD] Items - 83.bin,nfc,Amiibo,AmiiboDB,moved
sd_card_content/nfc/Amiibo/Amiibo Bin/Animal Crossing Amiibo/Happy Home Designer Items/[HHD] Items - 21.bin,nfc,Amiibo,AmiiboDB,moved
sd_card_content/nfc/Amiibo/Amiibo Bin/Animal Crossing Amiibo/Happy Home Designer Items/[HHD] Items - 75.bin,nfc,Amiibo,AmiiboDB,moved
sd_card_content/nfc/Amiibo/Amiibo Bin/Animal Crossing Amiibo/Happy Home Designer Items/[HHD] Items - 62.bin,nfc,Amiibo,AmiiboDB,moved
sd_card_content/nfc/Amiibo/Amiibo Bin/Animal Crossing Amiibo/Happy Home Designer Items/[HHD] Items - 02.bin,nfc,Amiibo,AmiiboDB,moved
sd_card_content/nfc/Amiibo/Amiibo Bin/Animal Crossing Amiibo/Happy Home Designer Items/[HHD] Items - 16.bin,nfc,Amiibo,AmiiboDB,moved
sd_card_content/nfc/Amiibo/Amiibo Bin/Animal Crossing Amiibo/Happy Home Designer Items/[HHD] Items - 11.bin,nfc,Amiibo,AmiiboDB,moved
sd_card_content/nfc/Amiibo/Amiibo Bin/Animal Crossing Amiibo/Happy Home Designer Items/[HHD] Items - 28.bin,nfc,Amiibo,AmiiboDB,moved
sd_card_content/nfc/Amiibo/Amiibo Bin/Animal Crossing Amiibo/Happy Home Designer Items/[HHD] Items - 09.bin,nfc,Amiibo,AmiiboDB,moved
sd_card_content/nfc/Amiibo/Amiibo Bin/Animal Crossing Amiibo/Happy Home Designer Items/[HHD] Items - 90.bin,nfc,Amiibo,AmiiboDB,moved
sd_card_content/nfc/Amiibo/Amiibo Bin/Animal Crossing Amiibo/Happy Home Designer Items/[HHD] Items - 47.bin,nfc,Amiibo,AmiiboDB,moved
sd_card_content/nfc/Amiibo/Amiibo Bin/Animal Crossing Amiibo/Happy Home Designer Items/[HHD] Items - 27.bin,nfc,Amiibo,AmiiboDB,moved
sd_card_content/nfc/Amiibo/Amiibo Bin/Animal Crossing Amiibo/Happy Home Designer Items/[HHD] Items - 49.bin,nfc,Amiibo,AmiiboDB,moved
sd_card_content/nfc/Amiibo/Amiibo Bin/Animal Crossing Amiibo/Happy Home Designer Items/[HHD] Items - 69.bin,nfc,Amiibo,AmiiboDB,moved
sd_card_content/nfc/Amiibo/Amiibo Bin/Animal Crossing Amiibo/Happy Home Designer Items/[HHD] Items - 51.bin,nfc,Amiibo,AmiiboDB,moved
sd_card_content/nfc/Amiibo/Amiibo Bin/Animal Crossing Amiibo/Happy Home Designer Items/[HHD] Items - 71.bin,nfc,Amiibo,AmiiboDB,moved
sd_card_content/nfc/Amiibo/Amiibo Bin/Animal Crossing Amiibo/Happy Home Designer Items/[HHD] Items - 12.bin,nfc,Amiibo,AmiiboDB,moved
sd_card_content/nfc/Amiibo/Amiibo Bin/Animal Crossing Amiibo/Happy Home Designer Items/[HHD] Items - 19.bin,nfc,Amiibo,AmiiboDB,moved
sd_card_content/nfc/Amiibo/Amiibo Bin/The Legend of Zelda Amiibo/Link’s Awakening/Link (Link’s Awakening).bin,nfc,Amiibo,AmiiboDB,moved
sd_card_content/nfc/Amiibo/Amiibo Bin/The Legend of Zelda Amiibo/Anniversary/Link (Twilight Princess).bin,nfc,Amiibo,AmiiboDB,moved
sd_card_content/nfc/Amiibo/Amiibo Bin/The Legend of Zelda Amiibo/Anniversary/Link (Ocarina Of Time).bin,nfc,Amiibo,AmiiboDB,moved
sd_card_content/nfc/Amiibo/Amiibo Bin/The Legend of Zelda Amiibo/Anniversary/8-Bit Link.bin,nfc,Amiibo,AmiiboDB,moved
sd_card_content/nfc/Amiibo/Amiibo Bin/The Legend of Zelda Amiibo/Anniversary/Link (Wind Waker).bin,nfc,Amiibo,AmiiboDB,moved
sd_card_content/nfc/Amiibo/Amiibo Bin/The Legend of Zelda Amiibo/Anniversary/Link (Skyward Sword).bin,nfc,Amiibo,AmiiboDB,moved
sd_card_content/nfc/Amiibo/Amiibo Bin/The Legend of Zelda Amiibo/Anniversary/Zelda (Wind Waker).bin,nfc,Amiibo,AmiiboDB,moved
sd_card_content/nfc/Amiibo/Amiibo Bin/The Legend of Zelda Amiibo/Anniversary/Link (Majora_s Mask).bin,nfc,Amiibo,AmiiboDB,moved
sd_card_content/nfc/Amiibo/Amiibo Bin/The Legend of Zelda Amiibo/Twilight Princess/Wolf Link.bin,nfc,Amiibo,AmiiboDB,moved
sd_card_content/nfc/Amiibo/Amiibo Bin/The Legend of Zelda Amiibo/Twilight Princess/[MOD _ MAX LEVEL] Wolf Link.bin,nfc,Amiibo,AmiiboDB,moved
sd_card_content/nfc/Amiibo/Amiibo Bin/The Legend of Zelda Amiibo/Skyward Sword HD/Zelda _ Loftwing Amiibo.bin,nfc,Amiibo,AmiiboDB,moved
sd_card_content/nfc/Amiibo/Amiibo Bin/The Legend of Zelda Amiibo/Breath of the Wild/Daruk.bin,nfc,Amiibo,AmiiboDB,moved
sd_card_content/nfc/Amiibo/Amiibo Bin/The Legend of Zelda Amiibo/Breath of the Wild/Revali.bin,nfc,Amiibo,AmiiboDB,moved
sd_card_content/nfc/Amiibo/Amiibo Bin/The Legend of Zelda Amiibo/Breath of the Wild/Link (Rider).bin,nfc,Amiibo,AmiiboDB,moved
sd_card_content/nfc/Amiibo/Amiibo Bin/The Legend of Zelda Amiibo/Breath of the Wild/Urbosa.bin,nfc,Amiibo,AmiiboDB,moved
sd_card_content/nfc/Amiibo/Amiibo Bin/The Legend of Zelda Amiibo/Breath of the Wild/Mipha.bin,nfc,Amiibo,AmiiboDB,moved
sd_card_content/nfc/Amiibo/Amiibo Bin/The Legend of Zelda Amiibo/Breath of the Wild/Guardian.bin,nfc,Amiibo,AmiiboDB,moved
sd_card_content/nfc/Amiibo/Amiibo Bin/The Legend of Zelda Amiibo/Breath of the Wild/Zelda.bin,nfc,Amiibo,AmiiboDB,moved
sd_card_content/nfc/Amiibo/Amiibo Bin/The Legend of Zelda Amiibo/Breath of the Wild/Bokoblin.bin,nfc,Amiibo,AmiiboDB,moved
sd_card_content/nfc/Amiibo/Amiibo Bin/The Legend of Zelda Amiibo/Breath of the Wild/Link (Archer).bin,nfc,Amiibo,AmiiboDB,moved
sd_card_content/nfc/Amiibo/Amiibo Bin/The Legend of Zelda Amiibo/Tears of the Kingdom/Zelda (TotK).bin,nfc,Amiibo,AmiiboDB,moved
sd_card_content/nfc/Amiibo/Amiibo Bin/The Legend of Zelda Amiibo/Tears of the Kingdom/Princess_Zelda.bin,nfc,Amiibo,AmiiboDB,moved
sd_card_content/nfc/Amiibo/Amiibo Bin/The Legend of Zelda Amiibo/Tears of the Kingdom/Ganondorf (TotK).bin,nfc,Amiibo,AmiiboDB,moved
sd_card_content/nfc/Amiibo/Amiibo Bin/The Legend of Zelda Amiibo/Tears of the Kingdom/Gerudo_King.bin,nfc,Amiibo,AmiiboDB,moved
sd_card_content/nfc/Amiibo/Amiibo Bin/The Legend of Zelda Amiibo/Tears of the Kingdom/Link (TotK).bin,nfc,Amiibo,AmiiboDB,moved
sd_card_content/nfc/Amiibo/Amiibo Bin/!Essential Files/key_retail.bin,nfc,Amiibo,AmiiboDB,moved
sd_card_content/nfc/Amiibo/Amiibo Bin/!Essential Files/locked-secret.bin,nfc,Amiibo,AmiiboDB,moved
sd_card_content/nfc/Amiibo/Amiibo Bin/!Essential Files/unfixed-info.bin,nfc,Amiibo,AmiiboDB,moved
sd_card_content/nfc/Amiibo/Amiibo Bin/!Essential Files/ally-all-in-839.bin,nfc,Amiibo,AmiiboDB,moved
sd_card_content/nfc/Amiibo/Amiibo Bin/Mario Sports Superstars Amiibo/Baseball/Metal Mario.bin,nfc,Amiibo,AmiiboDB,moved
sd_card_content/nfc/Amiibo/Amiibo Bin/Mario Sports Superstars Amiibo/Baseball/Boo.bin,nfc,Amiibo,AmiiboDB,moved
sd_card_content/nfc/Amiibo/Amiibo Bin/Mario Sports Superstars Amiibo/Baseball/Peach.bin,nfc,Amiibo,AmiiboDB,moved
sd_card_content/nfc/Amiibo/Amiibo Bin/Mario Sports Superstars Amiibo/Baseball/Pink Gold Peach.bin,nfc,Amiibo,AmiiboDB,moved
sd_card_content/nfc/Amiibo/Amiibo Bin/Mario Sports Superstars Amiibo/Baseball/Waluigi.bin,nfc,Amiibo,AmiiboDB,moved
sd_card_content/nfc/Amiibo/Amiibo Bin/Mario Sports Superstars Amiibo/Baseball/Mario.bin,nfc,Amiibo,AmiiboDB,moved
sd_card_content/nfc/Amiibo/Amiibo Bin/Mario Sports Superstars Amiibo/Baseball/Rosalina.bin,nfc,Amiibo,AmiiboDB,moved
sd_card_content/nfc/Amiibo/Amiibo Bin/Mario Sports Superstars Amiibo/Baseball/Daisy.bin,nfc,Amiibo,AmiiboDB,moved
sd_card_content/nfc/Amiibo/Amiibo Bin/Mario Sports Superstars Amiibo/Baseball/Yoshi.bin,nfc,Amiibo,AmiiboDB,moved
sd_card_content/nfc/Amiibo/Amiibo Bin/Mario Sports Superstars Amiibo/Baseball/Wario.bin,nfc,Amiibo,AmiiboDB,moved
sd_card_content/nfc/Amiibo/Amiibo Bin/Mario Sports Superstars Amiibo/Baseball/Baby Mario.bin,nfc,Amiibo,AmiiboDB,moved
sd_card_content/nfc/Amiibo/Amiibo Bin/Mario Sports Superstars Amiibo/Baseball/Baby Luigi.bin,nfc,Amiibo,AmiiboDB,moved
sd_card_content/nfc/Amiibo/Amiibo Bin/Mario Sports Superstars Amiibo/Baseball/Bowser.bin,nfc,Amiibo,AmiiboDB,moved
sd_card_content/nfc/Amiibo/Amiibo Bin/Mario Sports Superstars Amiibo/Baseball/Donkey Kong.bin,nfc,Amiibo,AmiiboDB,moved
sd_card_content/nfc/Amiibo/Amiibo Bin/Mario Sports Superstars Amiibo/Baseball/Birdo.bin,nfc,Amiibo,AmiiboDB,moved
sd_card_content/nfc/Amiibo/Amiibo Bin/Mario Sports Superstars Amiibo/Baseball/Diddy Kong.bin,nfc,Amiibo,AmiiboDB,moved
sd_card_content/nfc/Amiibo/Amiibo Bin/Mario Sports Superstars Amiibo/Baseball/Luigi.bin,nfc,Amiibo,AmiiboDB,moved
sd_card_content/nfc/Amiibo/Amiibo Bin/Mario Sports Superstars Amiibo/Baseball/Bowser Jr.bin,nfc,Amiibo,AmiiboDB,moved
sd_card_content/nfc/Amiibo/Amiibo Bin/Mario Sports Superstars Amiibo/Golf/Metal Mario.bin,nfc,Amiibo,AmiiboDB,moved
sd_card_content/nfc/Amiibo/Amiibo Bin/Mario Sports Superstars Amiibo/Golf/Boo.bin,nfc,Amiibo,AmiiboDB,moved
sd_card_content/nfc/Amiibo/Amiibo Bin/Mario Sports Superstars Amiibo/Golf/Peach.bin,nfc,Amiibo,AmiiboDB,moved
sd_card_content/nfc/Amiibo/Amiibo Bin/Mario Sports Superstars Amiibo/Golf/Pink Gold Peach.bin,nfc,Amiibo,AmiiboDB,moved
sd_card_content/nfc/Amiibo/Amiibo Bin/Mario Sports Superstars Amiibo/Golf/Waluigi.bin,nfc,Amiibo,AmiiboDB,moved
sd_card_content/nfc/Amiibo/Amiibo Bin/Mario Sports Superstars Amiibo/Golf/Mario.bin,nfc,Amiibo,AmiiboDB,moved
sd_card_content/nfc/Amiibo/Amiibo Bin/Mario Sports Superstars Amiibo/Golf/Rosalina.bin,nfc,Amiibo,AmiiboDB,moved
sd_card_content/nfc/Amiibo/Amiibo Bin/Mario Sports Superstars Amiibo/Golf/Daisy.bin,nfc,Amiibo,AmiiboDB,moved
sd_card_content/nfc/Amiibo/Amiibo Bin/Mario Sports Superstars Amiibo/Golf/Yoshi.bin,nfc,Amiibo,AmiiboDB,moved
sd_card_content/nfc/Amiibo/Amiibo Bin/Mario Sports Superstars Amiibo/Golf/Wario.bin,nfc,Amiibo,AmiiboDB,moved
sd_card_content/nfc/Amiibo/Amiibo Bin/Mario Sports Superstars Amiibo/Golf/Baby Mario.bin,nfc,Amiibo,AmiiboDB,moved
sd_card_content/nfc/Amiibo/Amiibo Bin/Mario Sports Superstars Amiibo/Golf/Baby Luigi.bin,nfc,Amiibo,AmiiboDB,moved
sd_card_content/nfc/Amiibo/Amiibo Bin/Mario Sports Superstars Amiibo/Golf/Bowser.bin,nfc,Amiibo,AmiiboDB,moved
sd_card_content/nfc/Amiibo/Amiibo Bin/Mario Sports Superstars Amiibo/Golf/Donkey Kong.bin,nfc,Amiibo,AmiiboDB,moved
sd_card_content/nfc/Amiibo/Amiibo Bin/Mario Sports Superstars Amiibo/Golf/Birdo.bin,nfc,Amiibo,AmiiboDB,moved
sd_card_content/nfc/Amiibo/Amiibo Bin/Mario Sports Superstars Amiibo/Golf/Diddy Kong.bin,nfc,Amiibo,AmiiboDB,moved
sd_card_content/nfc/Amiibo/Amiibo Bin/Mario Sports Superstars Amiibo/Golf/Luigi.bin,nfc,Amiibo,AmiiboDB,moved
sd_card_content/nfc/Amiibo/Amiibo Bin/Mario Sports Superstars Amiibo/Golf/Bowser Jr.bin,nfc,Amiibo,AmiiboDB,moved
sd_card_content/nfc/Amiibo/Amiibo Bin/Mario Sports Superstars Amiibo/Soccer/Metal Mario.bin,nfc,Amiibo,AmiiboDB,moved
sd_card_content/nfc/Amiibo/Amiibo Bin/Mario Sports Superstars Amiibo/Soccer/Boo.bin,nfc,Amiibo,AmiiboDB,moved
sd_card_content/nfc/Amiibo/Amiibo Bin/Mario Sports Superstars Amiibo/Soccer/Peach.bin,nfc,Amiibo,AmiiboDB,moved
sd_card_content/nfc/Amiibo/Amiibo Bin/Mario Sports Superstars Amiibo/Soccer/Pink Gold Peach.bin,nfc,Amiibo,AmiiboDB,moved
sd_card_content/nfc/Amiibo/Amiibo Bin/Mario Sports Superstars Amiibo/Soccer/Waluigi.bin,nfc,Amiibo,AmiiboDB,moved
sd_card_content/nfc/Amiibo/Amiibo Bin/Mario Sports Superstars Amiibo/Soccer/Mario.bin,nfc,Amiibo,AmiiboDB,moved
sd_card_content/nfc/Amiibo/Amiibo Bin/Mario Sports Superstars Amiibo/Soccer/Rosalina.bin,nfc,Amiibo,AmiiboDB,moved
sd_card_content/nfc/Amiibo/Amiibo Bin/Mario Sports Superstars Amiibo/Soccer/Daisy.bin,nfc,Amiibo,AmiiboDB,moved
sd_card_content/nfc/Amiibo/Amiibo Bin/Mario Sports Superstars Amiibo/Soccer/Yoshi.bin,nfc,Amiibo,AmiiboDB,moved
sd_card_content/nfc/Amiibo/Amiibo Bin/Mario Sports Superstars Amiibo/Soccer/Wario.bin,nfc,Amiibo,AmiiboDB,moved
sd_card_content/nfc/Amiibo/Amiibo Bin/Mario Sports Superstars Amiibo/Soccer/Baby Mario.bin,nfc,Amiibo,AmiiboDB,moved
sd_card_content/nfc/Amiibo/Amiibo Bin/Mario Sports Superstars Amiibo/Soccer/Baby Luigi.bin,nfc,Amiibo,AmiiboDB,moved
sd_card_content/nfc/Amiibo/Amiibo Bin/Mario Sports Superstars Amiibo/Soccer/Bowser.bin,nfc,Amiibo,AmiiboDB,moved
sd_card_content/nfc/Amiibo/Amiibo Bin/Mario Sports Superstars Amiibo/Soccer/Donkey Kong.bin,nfc,Amiibo,AmiiboDB,moved
sd_card_content/nfc/Amiibo/Amiibo Bin/Mario Sports Superstars Amiibo/Soccer/Birdo.bin,nfc,Amiibo,AmiiboDB,moved
sd_card_content/nfc/Amiibo/Amiibo Bin/Mario Sports Superstars Amiibo/Soccer/Diddy Kong.bin,nfc,Amiibo,AmiiboDB,moved
sd_card_content/nfc/Amiibo/Amiibo Bin/Mario Sports Superstars Amiibo/Soccer/Luigi.bin,nfc,Amiibo,AmiiboDB,moved
sd_card_content/nfc/Amiibo/Amiibo Bin/Mario Sports Superstars Amiibo/Soccer/Bowser Jr.bin,nfc,Amiibo,AmiiboDB,moved
sd_card_content/nfc/Amiibo/Amiibo Bin/Mario Sports Superstars Amiibo/Horse Racing/Metal Mario.bin,nfc,Amiibo,AmiiboDB,moved
sd_card_content/nfc/Amiibo/Amiibo Bin/Mario Sports Superstars Amiibo/Horse Racing/Boo.bin,nfc,Amiibo,AmiiboDB,moved
sd_card_content/nfc/Amiibo/Amiibo Bin/Mario Sports Superstars Amiibo/Horse Racing/Peach.bin,nfc,Amiibo,AmiiboDB,moved
sd_card_content/nfc/Amiibo/Amiibo Bin/Mario Sports Superstars Amiibo/Horse Racing/Pink Gold Peach.bin,nfc,Amiibo,AmiiboDB,moved
sd_card_content/nfc/Amiibo/Amiibo Bin/Mario Sports Superstars Amiibo/Horse Racing/Waluigi.bin,nfc,Amiibo,AmiiboDB,moved
sd_card_content/nfc/Amiibo/Amiibo Bin/Mario Sports Superstars Amiibo/Horse Racing/Mario.bin,nfc,Amiibo,AmiiboDB,moved
sd_card_content/nfc/Amiibo/Amiibo Bin/Mario Sports Superstars Amiibo/Horse Racing/Rosalina.bin,nfc,Amiibo,AmiiboDB,moved
sd_card_content/nfc/Amiibo/Amiibo Bin/Mario Sports Superstars Amiibo/Horse Racing/Daisy.bin,nfc,Amiibo,AmiiboDB,moved
sd_card_content/nfc/Amiibo/Amiibo Bin/Mario Sports Superstars Amiibo/Horse Racing/Yoshi.bin,nfc,Amiibo,AmiiboDB,moved
sd_card_content/nfc/Amiibo/Amiibo Bin/Mario Sports Superstars Amiibo/Horse Racing/Wario.bin,nfc,Amiibo,AmiiboDB,moved
sd_card_content/nfc/Amiibo/Amiibo Bin/Mario Sports Superstars Amiibo/Horse Racing/Baby Mario.bin,nfc,Amiibo,AmiiboDB,moved
sd_card_content/nfc/Amiibo/Amiibo Bin/Mario Sports Superstars Amiibo/Horse Racing/Baby Luigi.bin,nfc,Amiibo,AmiiboDB,moved
sd_card_content/nfc/Amiibo/Amiibo Bin/Mario Sports Superstars Amiibo/Horse Racing/Bowser.bin,nfc,Amiibo,AmiiboDB,moved
sd_card_content/nfc/Amiibo/Amiibo Bin/Mario Sports Superstars Amiibo/Horse Racing/Donkey Kong.bin,nfc,Amiibo,AmiiboDB,moved
sd_card_content/nfc/Amiibo/Amiibo Bin/Mario Sports Superstars Amiibo/Horse Racing/Birdo.bin,nfc,Amiibo,AmiiboDB,moved
sd_card_content/nfc/Amiibo/Amiibo Bin/Mario Sports Superstars Amiibo/Horse Racing/Diddy Kong.bin,nfc,Amiibo,AmiiboDB,moved
sd_card_content/nfc/Amiibo/Amiibo Bin/Mario Sports Superstars Amiibo/Horse Racing/Luigi.bin,nfc,Amiibo,AmiiboDB,moved
sd_card_content/nfc/Amiibo/Amiibo Bin/Mario Sports Superstars Amiibo/Horse Racing/Bowser Jr.bin,nfc,Amiibo,AmiiboDB,moved
sd_card_content/nfc/Amiibo/Amiibo Bin/Mario Sports Superstars Amiibo/Tennis/Metal Mario.bin,nfc,Amiibo,AmiiboDB,moved
sd_card_content/nfc/Amiibo/Amiibo Bin/Mario Sports Superstars Amiibo/Tennis/Boo.bin,nfc,Amiibo,AmiiboDB,moved
sd_card_content/nfc/Amiibo/Amiibo Bin/Mario Sports Superstars Amiibo/Tennis/Peach.bin,nfc,Amiibo,AmiiboDB,moved
sd_card_content/nfc/Amiibo/Amiibo Bin/Mario Sports Superstars Amiibo/Tennis/Pink Gold Peach.bin,nfc,Amiibo,AmiiboDB,moved
sd_card_content/nfc/Amiibo/Amiibo Bin/Mario Sports Superstars Amiibo/Tennis/Waluigi.bin,nfc,Amiibo,AmiiboDB,moved
sd_card_content/nfc/Amiibo/Amiibo Bin/Mario Sports Superstars Amiibo/Tennis/Mario.bin,nfc,Amiibo,AmiiboDB,moved
sd_card_content/nfc/Amiibo/Amiibo Bin/Mario Sports Superstars Amiibo/Tennis/Rosalina.bin,nfc,Amiibo,AmiiboDB,moved
sd_card_content/nfc/Amiibo/Amiibo Bin/Mario Sports Superstars Amiibo/Tennis/Daisy.bin,nfc,Amiibo,AmiiboDB,moved
sd_card_content/nfc/Amiibo/Amiibo Bin/Mario Sports Superstars Amiibo/Tennis/Yoshi.bin,nfc,Amiibo,AmiiboDB,moved
sd_card_content/nfc/Amiibo/Amiibo Bin/Mario Sports Superstars Amiibo/Tennis/Wario.bin,nfc,Amiibo,AmiiboDB,moved
sd_card_content/nfc/Amiibo/Amiibo Bin/Mario Sports Superstars Amiibo/Tennis/Baby Mario.bin,nfc,Amiibo,AmiiboDB,moved
sd_card_content/nfc/Amiibo/Amiibo Bin/Mario Sports Superstars Amiibo/Tennis/Baby Luigi.bin,nfc,Amiibo,AmiiboDB,moved
sd_card_content/nfc/Amiibo/Amiibo Bin/Mario Sports Superstars Amiibo/Tennis/Bowser.bin,nfc,Amiibo,AmiiboDB,moved
sd_card_content/nfc/Amiibo/Amiibo Bin/Mario Sports Superstars Amiibo/Tennis/Donkey Kong.bin,nfc,Amiibo,AmiiboDB,moved
sd_card_content/nfc/Amiibo/Amiibo Bin/Mario Sports Superstars Amiibo/Tennis/Birdo.bin,nfc,Amiibo,AmiiboDB,moved
sd_card_content/nfc/Amiibo/Amiibo Bin/Mario Sports Superstars Amiibo/Tennis/Diddy Kong.bin,nfc,Amiibo,AmiiboDB,moved
sd_card_content/nfc/Amiibo/Amiibo Bin/Mario Sports Superstars Amiibo/Tennis/Luigi.bin,nfc,Amiibo,AmiiboDB,moved
sd_card_content/nfc/Amiibo/Amiibo Bin/Mario Sports Superstars Amiibo/Tennis/Bowser Jr.bin,nfc,Amiibo,AmiiboDB,moved
sd_card_content/nfc/Amiibo/Amiibo Bin/Fire Emblem Amiibo/Celica.bin,nfc,Amiibo,AmiiboDB,moved
sd_card_content/nfc/Amiibo/Amiibo Bin/Fire Emblem Amiibo/Chrom.bin,nfc,Amiibo,AmiiboDB,moved
sd_card_content/nfc/Amiibo/Amiibo Bin/Fire Emblem Amiibo/Alm.bin,nfc,Amiibo,AmiiboDB,moved
sd_card_content/nfc/Amiibo/Amiibo Bin/Fire Emblem Amiibo/Tiki.bin,nfc,Amiibo,AmiiboDB,moved
sd_card_content/nfc/Amiibo/Amiibo Bin/Kirby Amiibo/Waddle Dee.bin,nfc,Amiibo,AmiiboDB,moved
sd_card_content/nfc/Amiibo/Amiibo Bin/Kirby Amiibo/Kirby.bin,nfc,Amiibo,AmiiboDB,moved
sd_card_content/nfc/Amiibo/Amiibo Bin/Kirby Amiibo/Meta Knight.bin,nfc,Amiibo,AmiiboDB,moved
sd_card_content/nfc/Amiibo/Amiibo Bin/Kirby Amiibo/King Dedede.bin,nfc,Amiibo,AmiiboDB,moved
sd_card_content/nfc/Amiibo/Amiibo Bin/Pikmin Amiibo/Pikmin.bin,nfc,Amiibo,AmiiboDB,moved
sd_card_content/nfc/Amiibo/Amiibo Bin/BoxBoy! Amiibo/Qbby.bin,nfc,Amiibo,AmiiboDB,moved
sd_card_content/nfc/Amiibo/Amiibo Bin/Power Pros Amiibo/6 - Daijobu.bin,nfc,Amiibo,AmiiboDB,moved
sd_card_content/nfc/Amiibo/Amiibo Bin/Power Pros Amiibo/3 - Yabe.bin,nfc,Amiibo,AmiiboDB,moved
sd_card_content/nfc/Amiibo/Amiibo Bin/Power Pros Amiibo/1 - Pawapuro.bin,nfc,Amiibo,AmiiboDB,moved
sd_card_content/nfc/Amiibo/Amiibo Bin/Power Pros Amiibo/2 - Ikari.bin,nfc,Amiibo,AmiiboDB,moved
sd_card_content/nfc/Amiibo/Amiibo Bin/Power Pros Amiibo/4 - Hayakawa.bin,nfc,Amiibo,AmiiboDB,moved
sd_card_content/nfc/Amiibo/Amiibo Bin/Power Pros Amiibo/5 - Ganda.bin,nfc,Amiibo,AmiiboDB,moved
sd_card_content/nfc/Amiibo/Amiibo Bin/Super Smash Bros Amiibo/Lucario.bin,nfc,Amiibo,AmiiboDB,moved
sd_card_content/nfc/Amiibo/Amiibo Bin/Super Smash Bros Amiibo/Rosalina _ Luma.bin,nfc,Amiibo,AmiiboDB,moved
sd_card_content/nfc/Amiibo/Amiibo Bin/Super Smash Bros Amiibo/Cloud (Player 1).bin,nfc,Amiibo,AmiiboDB,moved
sd_card_content/nfc/Amiibo/Amiibo Bin/Super Smash Bros Amiibo/Mii Fighter.bin,nfc,Amiibo,AmiiboDB,moved
sd_card_content/nfc/Amiibo/Amiibo Bin/Super Smash Bros Amiibo/King K. Rool.bin,nfc,Amiibo,AmiiboDB,moved
sd_card_content/nfc/Amiibo/Amiibo Bin/Super Smash Bros Amiibo/Byleth.bin,nfc,Amiibo,AmiiboDB,moved
sd_card_content/nfc/Amiibo/Amiibo Bin/Super Smash Bros Amiibo/Sora.bin,nfc,Amiibo,AmiiboDB,moved
sd_card_content/nfc/Amiibo/Amiibo Bin/Super Smash Bros Amiibo/Terry.bin,nfc,Amiibo,AmiiboDB,moved
sd_card_content/nfc/Amiibo/Amiibo Bin/Super Smash Bros Amiibo/Ike.bin,nfc,Amiibo,AmiiboDB,moved
sd_card_content/nfc/Amiibo/Amiibo Bin/Super Smash Bros Amiibo/Peach.bin,nfc,Amiibo,AmiiboDB,moved
sd_card_content/nfc/Amiibo/Amiibo Bin/Super Smash Bros Amiibo/Lucas.bin,nfc,Amiibo,AmiiboDB,moved
sd_card_content/nfc/Amiibo/Amiibo Bin/Super Smash Bros Amiibo/Mii Swordsman.bin,nfc,Amiibo,AmiiboDB,moved
sd_card_content/nfc/Amiibo/Amiibo Bin/Super Smash Bros Amiibo/Richter.bin,nfc,Amiibo,AmiiboDB,moved
sd_card_content/nfc/Amiibo/Amiibo Bin/Super Smash Bros Amiibo/R.O.B. (NES).bin,nfc,Amiibo,AmiiboDB,moved
sd_card_content/nfc/Amiibo/Amiibo Bin/Super Smash Bros Amiibo/Shulk.bin,nfc,Amiibo,AmiiboDB,moved
sd_card_content/nfc/Amiibo/Amiibo Bin/Super Smash Bros Amiibo/Jigglypuff.bin,nfc,Amiibo,AmiiboDB,moved
sd_card_content/nfc/Amiibo/Amiibo Bin/Super Smash Bros Amiibo/Greninja.bin,nfc,Amiibo,AmiiboDB,moved
sd_card_content/nfc/Amiibo/Amiibo Bin/Super Smash Bros Amiibo/Sheik.bin,nfc,Amiibo,AmiiboDB,moved
sd_card_content/nfc/Amiibo/Amiibo Bin/Super Smash Bros Amiibo/Alex.bin,nfc,Amiibo,AmiiboDB,moved
sd_card_content/nfc/Amiibo/Amiibo Bin/Super Smash Bros Amiibo/Fox.bin,nfc,Amiibo,AmiiboDB,moved
sd_card_content/nfc/Amiibo/Amiibo Bin/Super Smash Bros Amiibo/Snake.bin,nfc,Amiibo,AmiiboDB,moved
sd_card_content/nfc/Amiibo/Amiibo Bin/Super Smash Bros Amiibo/Palutena.bin,nfc,Amiibo,AmiiboDB,moved
sd_card_content/nfc/Amiibo/Amiibo Bin/Super Smash Bros Amiibo/Roy.bin,nfc,Amiibo,AmiiboDB,moved
sd_card_content/nfc/Amiibo/Amiibo Bin/Super Smash Bros Amiibo/Robin.bin,nfc,Amiibo,AmiiboDB,moved
sd_card_content/nfc/Amiibo/Amiibo Bin/Super Smash Bros Amiibo/Squirtle.bin,nfc,Amiibo,AmiiboDB,moved
sd_card_content/nfc/Amiibo/Amiibo Bin/Super Smash Bros Amiibo/Sephiroth.bin,nfc,Amiibo,AmiiboDB,moved
sd_card_content/nfc/Amiibo/Amiibo Bin/Super Smash Bros Amiibo/Zero Suit Samus.bin,nfc,Amiibo,AmiiboDB,moved
sd_card_content/nfc/Amiibo/Amiibo Bin/Super Smash Bros Amiibo/Ryu.bin,nfc,Amiibo,AmiiboDB,moved
sd_card_content/nfc/Amiibo/Amiibo Bin/Super Smash Bros Amiibo/Dark Samus.bin,nfc,Amiibo,AmiiboDB,moved
sd_card_content/nfc/Amiibo/Amiibo Bin/Super Smash Bros Amiibo/Isabelle.bin,nfc,Amiibo,AmiiboDB,moved
sd_card_content/nfc/Amiibo/Amiibo Bin/Super Smash Bros Amiibo/Bayonetta (Player 2).bin,nfc,Amiibo,AmiiboDB,moved
sd_card_content/nfc/Amiibo/Amiibo Bin/Super Smash Bros Amiibo/Simon.bin,nfc,Amiibo,AmiiboDB,moved
sd_card_content/nfc/Amiibo/Amiibo Bin/Super Smash Bros Amiibo/Kirby.bin,nfc,Amiibo,AmiiboDB,moved
sd_card_content/nfc/Amiibo/Amiibo Bin/Super Smash Bros Amiibo/Young Link.bin,nfc,Amiibo,AmiiboDB,moved
sd_card_content/nfc/Amiibo/Amiibo Bin/Super Smash Bros Amiibo/Cloud (Player 2).bin,nfc,Amiibo,AmiiboDB,moved
sd_card_content/nfc/Amiibo/Amiibo Bin/Super Smash Bros Amiibo/Mewtwo.bin,nfc,Amiibo,AmiiboDB,moved
sd_card_content/nfc/Amiibo/Amiibo Bin/Super Smash Bros Amiibo/Bayonetta (Player 1).bin,nfc,Amiibo,AmiiboDB,moved
sd_card_content/nfc/Amiibo/Amiibo Bin/Super Smash Bros Amiibo/Pac-Man.bin,nfc,Amiibo,AmiiboDB,moved
sd_card_content/nfc/Amiibo/Amiibo Bin/Super Smash Bros Amiibo/Duck Hunt.bin,nfc,Amiibo,AmiiboDB,moved
sd_card_content/nfc/Amiibo/Amiibo Bin/Super Smash Bros Amiibo/Banjo _ Kazooie.bin,nfc,Amiibo,AmiiboDB,moved
sd_card_content/nfc/Amiibo/Amiibo Bin/Super Smash Bros Amiibo/Marth.bin,nfc,Amiibo,AmiiboDB,moved
sd_card_content/nfc/Amiibo/Amiibo Bin/Super Smash Bros Amiibo/Pichu.bin,nfc,Amiibo,AmiiboDB,moved
sd_card_content/nfc/Amiibo/Amiibo Bin/Super Smash Bros Amiibo/Mario.bin,nfc,Amiibo,AmiiboDB,moved
sd_card_content/nfc/Amiibo/Amiibo Bin/Super Smash Bros Amiibo/Mythra.bin,nfc,Amiibo,AmiiboDB,moved
sd_card_content/nfc/Amiibo/Amiibo Bin/Super Smash Bros Amiibo/Villager.bin,nfc,Amiibo,AmiiboDB,moved
sd_card_content/nfc/Amiibo/Amiibo Bin/Super Smash Bros Amiibo/Hero.bin,nfc,Amiibo,AmiiboDB,moved
sd_card_content/nfc/Amiibo/Amiibo Bin/Super Smash Bros Amiibo/Pyra.bin,nfc,Amiibo,AmiiboDB,moved
sd_card_content/nfc/Amiibo/Amiibo Bin/Super Smash Bros Amiibo/Chrom.bin,nfc,Amiibo,AmiiboDB,moved
sd_card_content/nfc/Amiibo/Amiibo Bin/Super Smash Bros Amiibo/Daisy.bin,nfc,Amiibo,AmiiboDB,moved
sd_card_content/nfc/Amiibo/Amiibo Bin/Super Smash Bros Amiibo/Wii Fit Trainer.bin,nfc,Amiibo,AmiiboDB,moved
sd_card_content/nfc/Amiibo/Amiibo Bin/Super Smash Bros Amiibo/Corrin (Player 2).bin,nfc,Amiibo,AmiiboDB,moved
sd_card_content/nfc/Amiibo/Amiibo Bin/Super Smash Bros Amiibo/Falco.bin,nfc,Amiibo,AmiiboDB,moved
sd_card_content/nfc/Amiibo/Amiibo Bin/Super Smash Bros Amiibo/Inkling Girl.bin,nfc,Amiibo,AmiiboDB,moved
sd_card_content/nfc/Amiibo/Amiibo Bin/Super Smash Bros Amiibo/Yoshi.bin,nfc,Amiibo,AmiiboDB,moved
sd_card_content/nfc/Amiibo/Amiibo Bin/Super Smash Bros Amiibo/Ganondorf.bin,nfc,Amiibo,AmiiboDB,moved
sd_card_content/nfc/Amiibo/Amiibo Bin/Super Smash Bros Amiibo/Wario.bin,nfc,Amiibo,AmiiboDB,moved
sd_card_content/nfc/Amiibo/Amiibo Bin/Super Smash Bros Amiibo/Olimar.bin,nfc,Amiibo,AmiiboDB,moved
sd_card_content/nfc/Amiibo/Amiibo Bin/Super Smash Bros Amiibo/Toon Link.bin,nfc,Amiibo,AmiiboDB,moved
sd_card_content/nfc/Amiibo/Amiibo Bin/Super Smash Bros Amiibo/Meta Knight.bin,nfc,Amiibo,AmiiboDB,moved
sd_card_content/nfc/Amiibo/Amiibo Bin/Super Smash Bros Amiibo/Incineroar.bin,nfc,Amiibo,AmiiboDB,moved
sd_card_content/nfc/Amiibo/Amiibo Bin/Super Smash Bros Amiibo/Ice Climbers.bin,nfc,Amiibo,AmiiboDB,moved
sd_card_content/nfc/Amiibo/Amiibo Bin/Super Smash Bros Amiibo/Pokemon Trainer.bin,nfc,Amiibo,AmiiboDB,moved
sd_card_content/nfc/Amiibo/Amiibo Bin/Super Smash Bros Amiibo/Pikachu.bin,nfc,Amiibo,AmiiboDB,moved
sd_card_content/nfc/Amiibo/Amiibo Bin/Super Smash Bros Amiibo/Ivysaur.bin,nfc,Amiibo,AmiiboDB,moved
sd_card_content/nfc/Amiibo/Amiibo Bin/Super Smash Bros Amiibo/Little Mac.bin,nfc,Amiibo,AmiiboDB,moved
sd_card_content/nfc/Amiibo/Amiibo Bin/Super Smash Bros Amiibo/Link.bin,nfc,Amiibo,AmiiboDB,moved
sd_card_content/nfc/Amiibo/Amiibo Bin/Super Smash Bros Amiibo/Steve.bin,nfc,Amiibo,AmiiboDB,moved
sd_card_content/nfc/Amiibo/Amiibo Bin/Super Smash Bros Amiibo/Joker.bin,nfc,Amiibo,AmiiboDB,moved
sd_card_content/nfc/Amiibo/Amiibo Bin/Super Smash Bros Amiibo/Mii Gunner.bin,nfc,Amiibo,AmiiboDB,moved
sd_card_content/nfc/Amiibo/Amiibo Bin/Super Smash Bros Amiibo/Wolf.bin,nfc,Amiibo,AmiiboDB,moved
sd_card_content/nfc/Amiibo/Amiibo Bin/Super Smash Bros Amiibo/Sonic.bin,nfc,Amiibo,AmiiboDB,moved
sd_card_content/nfc/Amiibo/Amiibo Bin/Super Smash Bros Amiibo/Piranha Plant.bin,nfc,Amiibo,AmiiboDB,moved
sd_card_content/nfc/Amiibo/Amiibo Bin/Super Smash Bros Amiibo/Charizard.bin,nfc,Amiibo,AmiiboDB,moved
sd_card_content/nfc/Amiibo/Amiibo Bin/Super Smash Bros Amiibo/Samus.bin,nfc,Amiibo,AmiiboDB,moved
sd_card_content/nfc/Amiibo/Amiibo Bin/Super Smash Bros Amiibo/Bowser.bin,nfc,Amiibo,AmiiboDB,moved
sd_card_content/nfc/Amiibo/Amiibo Bin/Super Smash Bros Amiibo/Dark Pit.bin,nfc,Amiibo,AmiiboDB,moved
sd_card_content/nfc/Amiibo/Amiibo Bin/Super Smash Bros Amiibo/Dr. Mario.bin,nfc,Amiibo,AmiiboDB,moved
sd_card_content/nfc/Amiibo/Amiibo Bin/Super Smash Bros Amiibo/Kazuya.bin,nfc,Amiibo,AmiiboDB,moved
sd_card_content/nfc/Amiibo/Amiibo Bin/Super Smash Bros Amiibo/Ness.bin,nfc,Amiibo,AmiiboDB,moved
sd_card_content/nfc/Amiibo/Amiibo Bin/Super Smash Bros Amiibo/Zelda.bin,nfc,Amiibo,AmiiboDB,moved
sd_card_content/nfc/Amiibo/Amiibo Bin/Super Smash Bros Amiibo/Mega Man (Golden).bin,nfc,Amiibo,AmiiboDB,moved
sd_card_content/nfc/Amiibo/Amiibo Bin/Super Smash Bros Amiibo/Donkey Kong.bin,nfc,Amiibo,AmiiboDB,moved
sd_card_content/nfc/Amiibo/Amiibo Bin/Super Smash Bros Amiibo/King Dedede.bin,nfc,Amiibo,AmiiboDB,moved
sd_card_content/nfc/Amiibo/Amiibo Bin/Super Smash Bros Amiibo/Mega Man.bin,nfc,Amiibo,AmiiboDB,moved
sd_card_content/nfc/Amiibo/Amiibo Bin/Super Smash Bros Amiibo/Corrin (Player 1).bin,nfc,Amiibo,AmiiboDB,moved
sd_card_content/nfc/Amiibo/Amiibo Bin/Super Smash Bros Amiibo/Min Min.bin,nfc,Amiibo,AmiiboDB,moved
sd_card_content/nfc/Amiibo/Amiibo Bin/Super Smash Bros Amiibo/Diddy Kong.bin,nfc,Amiibo,AmiiboDB,moved
sd_card_content/nfc/Amiibo/Amiibo Bin/Super Smash Bros Amiibo/Ken.bin,nfc,Amiibo,AmiiboDB,moved
sd_card_content/nfc/Amiibo/Amiibo Bin/Super Smash Bros Amiibo/R.O.B. (Famicom).bin,nfc,Amiibo,AmiiboDB,moved
sd_card_content/nfc/Amiibo/Amiibo Bin/Super Smash Bros Amiibo/Ridley.bin,nfc,Amiibo,AmiiboDB,moved
sd_card_content/nfc/Amiibo/Amiibo Bin/Super Smash Bros Amiibo/Captain Falcon.bin,nfc,Amiibo,AmiiboDB,moved
sd_card_content/nfc/Amiibo/Amiibo Bin/Super Smash Bros Amiibo/Luigi.bin,nfc,Amiibo,AmiiboDB,moved
sd_card_content/nfc/Amiibo/Amiibo Bin/Super Smash Bros Amiibo/Bowser Jr.bin,nfc,Amiibo,AmiiboDB,moved
sd_card_content/nfc/Amiibo/Amiibo Bin/Super Smash Bros Amiibo/Lucina.bin,nfc,Amiibo,AmiiboDB,moved
sd_card_content/nfc/Amiibo/Amiibo Bin/Super Smash Bros Amiibo/Pit.bin,nfc,Amiibo,AmiiboDB,moved
sd_card_content/nfc/Amiibo/Amiibo Bin/Super Smash Bros Amiibo/Mr. Game _ Watch.bin,nfc,Amiibo,AmiiboDB,moved
sd_card_content/nfc/Amiibo/Amiibo Bin/Super Smash Bros Amiibo/!UNOFFICIAL FIGHTER PASS 2 AMIIBO/Mythra.bin,nfc,Amiibo,AmiiboDB,moved
sd_card_content/nfc/Amiibo/Amiibo Bin/Super Smash Bros Amiibo/!UNOFFICIAL FIGHTER PASS 2 AMIIBO/Pyra.bin,nfc,Amiibo,AmiiboDB,moved
sd_card_content/nfc/Amiibo/Amiibo Bin/Pokkén Tournament Amiibo/Shadow Mewtwo.bin,nfc,Amiibo,AmiiboDB,moved
sd_card_content/nfc/Amiibo/Amiibo Bin/Mega Man Amiibo/Mega Man.bin,nfc,Amiibo,AmiiboDB,moved
sd_card_content/nfc/Amiibo/Amiibo Bin/Xenoblade Chronicles/Noah.bin,nfc,Amiibo,AmiiboDB,moved
sd_card_content/nfc/Amiibo/Amiibo Bin/Xenoblade Chronicles/Mio.bin,nfc,Amiibo,AmiiboDB,moved
sd_card_content/nfc/Amiibo/Amiibo Bin/Monster Hunter Amiibo/MHR_ Sunbreak/Palico _Felyne Malzeno X_.bin,nfc,Amiibo,AmiiboDB,moved
sd_card_content/nfc/Amiibo/Amiibo Bin/Monster Hunter Amiibo/MHR_ Sunbreak/Palamute _Canyne Malzeno X_.bin,nfc,Amiibo,AmiiboDB,moved
sd_card_content/nfc/Amiibo/Amiibo Bin/Monster Hunter Amiibo/MHR_ Sunbreak/Malzeno.bin,nfc,Amiibo,AmiiboDB,moved
sd_card_content/nfc/Amiibo/Amiibo Bin/Monster Hunter Amiibo/MH_ Stories 2/Tsukino.bin,nfc,Amiibo,AmiiboDB,moved
sd_card_content/nfc/Amiibo/Amiibo Bin/Monster Hunter Amiibo/MH_ Stories 2/Ena.bin,nfc,Amiibo,AmiiboDB,moved
sd_card_content/nfc/Amiibo/Amiibo Bin/Monster Hunter Amiibo/MH_ Stories 2/Razewing Ratha.bin,nfc,Amiibo,AmiiboDB,moved
sd_card_content/nfc/Amiibo/Amiibo Bin/Monster Hunter Amiibo/MH_ Stories/One-Eyed Rathalos and Rider (Male).bin,nfc,Amiibo,AmiiboDB,moved
sd_card_content/nfc/Amiibo/Amiibo Bin/Monster Hunter Amiibo/MH_ Stories/Qurupeco and Dan.bin,nfc,Amiibo,AmiiboDB,moved
sd_card_content/nfc/Amiibo/Amiibo Bin/Monster Hunter Amiibo/MH_ Stories/Barioth and Ayuria.bin,nfc,Amiibo,AmiiboDB,moved
sd_card_content/nfc/Amiibo/Amiibo Bin/Monster Hunter Amiibo/MH_ Stories/Nabiru.bin,nfc,Amiibo,AmiiboDB,moved
sd_card_content/nfc/Amiibo/Amiibo Bin/Monster Hunter Amiibo/MH_ Stories/Rathian and Cheval.bin,nfc,Amiibo,AmiiboDB,moved
sd_card_content/nfc/Amiibo/Amiibo Bin/Monster Hunter Amiibo/MH_ Stories/One-Eyed Rathalos and Rider (Female).bin,nfc,Amiibo,AmiiboDB,moved
sd_card_content/nfc/Amiibo/Amiibo Bin/Monster Hunter Amiibo/MH_ Rise/Palico.bin,nfc,Amiibo,AmiiboDB,moved
sd_card_content/nfc/Amiibo/Amiibo Bin/Monster Hunter Amiibo/MH_ Rise/Palamute.bin,nfc,Amiibo,AmiiboDB,moved
sd_card_content/nfc/Amiibo/Amiibo Bin/Monster Hunter Amiibo/MH_ Rise/Magnamalo.bin,nfc,Amiibo,AmiiboDB,moved
sd_card_content/nfc/Amiibo/Amiibo Bin/Detective Pikachu Amiibo/Detective Pikachu.bin,nfc,Amiibo,AmiiboDB,moved
sd_card_content/nfc/Amiibo/Amiibo Bin/Shovel Knight Amiibo/Shovel Knight (Gold).bin,nfc,Amiibo,AmiiboDB,moved
sd_card_content/nfc/Amiibo/Amiibo Bin/Shovel Knight Amiibo/Specter Knight.bin,nfc,Amiibo,AmiiboDB,moved
sd_card_content/nfc/Amiibo/Amiibo Bin/Shovel Knight Amiibo/King Knight.bin,nfc,Amiibo,AmiiboDB,moved
sd_card_content/nfc/Amiibo/Amiibo Bin/Shovel Knight Amiibo/Plague Knight.bin,nfc,Amiibo,AmiiboDB,moved
sd_card_content/nfc/Amiibo/Amiibo Bin/Shovel Knight Amiibo/Shovel Knight.bin,nfc,Amiibo,AmiiboDB,moved
sd_card_content/nfc/Amiibo/Amiibo Bin/Yu-Gi-Oh! Amiibo/Gakuto SoÌ„getsu.bin,nfc,Amiibo,AmiiboDB,moved
sd_card_content/nfc/Amiibo/Amiibo Bin/Yu-Gi-Oh! Amiibo/Nail Saionji.bin,nfc,Amiibo,AmiiboDB,moved
sd_card_content/nfc/Amiibo/Amiibo Bin/Yu-Gi-Oh! Amiibo/Yuga Ohdo.bin,nfc,Amiibo,AmiiboDB,moved
sd_card_content/nfc/Amiibo/Amiibo Bin/Yu-Gi-Oh! Amiibo/Tatsuhisa “Luke” Kamijō.bin,nfc,Amiibo,AmiiboDB,moved
sd_card_content/nfc/Amiibo/Amiibo Bin/Yu-Gi-Oh! Amiibo/Roa Kirishima.bin,nfc,Amiibo,AmiiboDB,moved
sd_card_content/nfc/Amiibo/Amiibo Bin/Yu-Gi-Oh! Amiibo/Romin Kirishima.bin,nfc,Amiibo,AmiiboDB,moved
sd_card_content/nfc/Amiibo/Amiibo Bin/Yu-Gi-Oh! Amiibo/Asana Mutsuba.bin,nfc,Amiibo,AmiiboDB,moved
sd_card_content/nfc/Amiibo/Amiibo Bin/PowerUpBands/Gold Mario.bin,nfc,Amiibo,AmiiboDB,moved
sd_card_content/nfc/Amiibo/Amiibo Bin/PowerUpBands/Peach.bin,nfc,Amiibo,AmiiboDB,moved
sd_card_content/nfc/Amiibo/Amiibo Bin/PowerUpBands/Mario.bin,nfc,Amiibo,AmiiboDB,moved
sd_card_content/nfc/Amiibo/Amiibo Bin/PowerUpBands/Daisy.bin,nfc,Amiibo,AmiiboDB,moved
sd_card_content/nfc/Amiibo/Amiibo Bin/PowerUpBands/Yoshi.bin,nfc,Amiibo,AmiiboDB,moved
sd_card_content/nfc/Amiibo/Amiibo Bin/PowerUpBands/Toad.bin,nfc,Amiibo,AmiiboDB,moved
sd_card_content/nfc/Amiibo/Amiibo Bin/PowerUpBands/Luigi.bin,nfc,Amiibo,AmiiboDB,moved
sd_card_content/nfc/Amiibo/Amiibo Bin/Metroid Amiibo/Metroid_ Samus Returns/Metroid.bin,nfc,Amiibo,AmiiboDB,moved
sd_card_content/nfc/Amiibo/Amiibo Bin/Metroid Amiibo/Metroid_ Samus Returns/Samus Aran.bin,nfc,Amiibo,AmiiboDB,moved
sd_card_content/nfc/Amiibo/Amiibo Bin/Metroid Amiibo/Metroid Dread/[DREAD] Samus.bin,nfc,Amiibo,AmiiboDB,moved
sd_card_content/nfc/Amiibo/Amiibo Bin/Metroid Amiibo/Metroid Dread/[DREAD]E.M.M.I .bin,nfc,Amiibo,AmiiboDB,moved
sd_card_content/nfc/Amiibo/Amiibo Bin/Yoshi’s Wooly World Amiibo/Pink Yarn Yoshi.bin,nfc,Amiibo,AmiiboDB,moved
sd_card_content/nfc/Amiibo/Amiibo Bin/Yoshi’s Wooly World Amiibo/Green Yarn Yoshi.bin,nfc,Amiibo,AmiiboDB,moved
sd_card_content/nfc/Amiibo/Amiibo Bin/Yoshi’s Wooly World Amiibo/Mega Yarn Yoshi.bin,nfc,Amiibo,AmiiboDB,moved
sd_card_content/nfc/Amiibo/Amiibo Bin/Yoshi’s Wooly World Amiibo/Poochy.bin,nfc,Amiibo,AmiiboDB,moved
sd_card_content/nfc/Amiibo/Amiibo Bin/Yoshi’s Wooly World Amiibo/Light-Blue Yarn Yoshi.bin,nfc,Amiibo,AmiiboDB,moved
sd_card_content/nfc/Amiibo/Amiibo Bin/Diablo Amiibo/Loot Goblin.bin,nfc,Amiibo,AmiiboDB,moved
sd_card_content/nfc/Amiibo/Amiibo Bin/Skylanders Amiibo/Hammer Slam Bowser.bin,nfc,Amiibo,AmiiboDB,moved
sd_card_content/nfc/Amiibo/Amiibo Bin/Skylanders Amiibo/Dark Hammer Slam Bowser.bin,nfc,Amiibo,AmiiboDB,moved
sd_card_content/nfc/Amiibo/Amiibo Bin/Skylanders Amiibo/Dark Turbo Charge Donkey Kong.bin,nfc,Amiibo,AmiiboDB,moved
sd_card_content/nfc/Amiibo/Amiibo Bin/Skylanders Amiibo/Turbo Charge Donkey Kong.bin,nfc,Amiibo,AmiiboDB,moved
sd_card_content/nfc/Amiibo/Amiibo Bin/Chibi-Robo! Amiibo/Chibi Robo.bin,nfc,Amiibo,AmiiboDB,moved
sd_card_content/nfc/Amiibo/Amiibo NFC/Missing.txt,nfc,Amiibo,AmiiboDB,moved
sd_card_content/nfc/Amiibo/Amiibo NFC/Super_Mario_Cereal/SuperMarioCereal.nfc,nfc,Amiibo,AmiiboDB,moved
sd_card_content/nfc/Amiibo/Amiibo NFC/Other/Qbby.nfc,nfc,Amiibo,AmiiboDB,moved
sd_card_content/nfc/Amiibo/Amiibo NFC/Other/Pikmin.nfc,nfc,Amiibo,AmiiboDB,moved
sd_card_content/nfc/Amiibo/Amiibo NFC/Other/Fox.nfc,nfc,Amiibo,AmiiboDB,moved
sd_card_content/nfc/Amiibo/Amiibo NFC/Other/Chibi_Robo.nfc,nfc,Amiibo,AmiiboDB,moved
sd_card_content/nfc/Amiibo/Amiibo NFC/Other/Shovel_Knight.nfc,nfc,Amiibo,AmiiboDB,moved
sd_card_content/nfc/Amiibo/Amiibo NFC/Other/Captain Falcon.nfc,nfc,Amiibo,AmiiboDB,moved
sd_card_content/nfc/Amiibo/Amiibo NFC/Other/Sonic.nfc,nfc,Amiibo,AmiiboDB,moved
sd_card_content/nfc/Amiibo/Amiibo NFC/Other/PAC-MAN.nfc,nfc,Amiibo,AmiiboDB,moved
sd_card_content/nfc/Amiibo/Amiibo NFC/Pikmin_Amiibo/Pikmin.nfc,nfc,Amiibo,AmiiboDB,moved
sd_card_content/nfc/Amiibo/Amiibo NFC/Yu_Gi_Oh_Amiibo/Tatsuhisa_Luke_Kamijo.nfc,nfc,Amiibo,AmiiboDB,moved
sd_card_content/nfc/Amiibo/Amiibo NFC/Yu_Gi_Oh_Amiibo/Asana_Mutsuba.nfc,nfc,Amiibo,AmiiboDB,moved
sd_card_content/nfc/Amiibo/Amiibo NFC/Yu_Gi_Oh_Amiibo/Romin_Kirishima.nfc,nfc,Amiibo,AmiiboDB,moved
sd_card_content/nfc/Amiibo/Amiibo NFC/Yu_Gi_Oh_Amiibo/Yuga_Ohdo.nfc,nfc,Amiibo,AmiiboDB,moved
sd_card_content/nfc/Amiibo/Amiibo NFC/Yu_Gi_Oh_Amiibo/Nail_Saionji.nfc,nfc,Amiibo,AmiiboDB,moved
sd_card_content/nfc/Amiibo/Amiibo NFC/Yu_Gi_Oh_Amiibo/Roa_Kirishima.nfc,nfc,Amiibo,AmiiboDB,moved
sd_card_content/nfc/Amiibo/Amiibo NFC/Yu_Gi_Oh_Amiibo/Gakuto_Sogetsu.nfc,nfc,Amiibo,AmiiboDB,moved
sd_card_content/nfc/Amiibo/Amiibo NFC/Chibi_Robo_Amiibo/Chibi_Robo.nfc,nfc,Amiibo,AmiiboDB,moved
sd_card_content/nfc/Amiibo/Amiibo NFC/Mario_Sports_Superstars/Baseball/Donkey_Kong.nfc,nfc,Amiibo,AmiiboDB,moved
sd_card_content/nfc/Amiibo/Amiibo NFC/Mario_Sports_Superstars/Baseball/Mario.nfc,nfc,Amiibo,AmiiboDB,moved
sd_card_content/nfc/Amiibo/Amiibo NFC/Mario_Sports_Superstars/Baseball/Boo.nfc,nfc,Amiibo,AmiiboDB,moved
sd_card_content/nfc/Amiibo/Amiibo NFC/Mario_Sports_Superstars/Baseball/Birdo.nfc,nfc,Amiibo,AmiiboDB,moved
sd_card_content/nfc/Amiibo/Amiibo NFC/Mario_Sports_Superstars/Baseball/Bowser.nfc,nfc,Amiibo,AmiiboDB,moved
sd_card_content/nfc/Amiibo/Amiibo NFC/Mario_Sports_Superstars/Baseball/Baby_Mario.nfc,nfc,Amiibo,AmiiboDB,moved
sd_card_content/nfc/Amiibo/Amiibo NFC/Mario_Sports_Superstars/Baseball/Bowser_Jr.nfc,nfc,Amiibo,AmiiboDB,moved
sd_card_content/nfc/Amiibo/Amiibo NFC/Mario_Sports_Superstars/Baseball/Diddy_Kong.nfc,nfc,Amiibo,AmiiboDB,moved
sd_card_content/nfc/Amiibo/Amiibo NFC/Mario_Sports_Superstars/Baseball/Waluigi.nfc,nfc,Amiibo,AmiiboDB,moved
sd_card_content/nfc/Amiibo/Amiibo NFC/Mario_Sports_Superstars/Baseball/Wario.nfc,nfc,Amiibo,AmiiboDB,moved
sd_card_content/nfc/Amiibo/Amiibo NFC/Mario_Sports_Superstars/Baseball/Peach.nfc,nfc,Amiibo,AmiiboDB,moved
sd_card_content/nfc/Amiibo/Amiibo NFC/Mario_Sports_Superstars/Baseball/Yoshi.nfc,nfc,Amiibo,AmiiboDB,moved
sd_card_content/nfc/Amiibo/Amiibo NFC/Mario_Sports_Superstars/Baseball/Pink_Gold_Peach.nfc,nfc,Amiibo,AmiiboDB,moved
sd_card_content/nfc/Amiibo/Amiibo NFC/Mario_Sports_Superstars/Baseball/Rosalina.nfc,nfc,Amiibo,AmiiboDB,moved
sd_card_content/nfc/Amiibo/Amiibo NFC/Mario_Sports_Superstars/Baseball/Daisy.nfc,nfc,Amiibo,AmiiboDB,moved
sd_card_content/nfc/Amiibo/Amiibo NFC/Mario_Sports_Superstars/Baseball/Baby_Luigi.nfc,nfc,Amiibo,AmiiboDB,moved
sd_card_content/nfc/Amiibo/Amiibo NFC/Mario_Sports_Superstars/Baseball/Metal_Mario.nfc,nfc,Amiibo,AmiiboDB,moved
sd_card_content/nfc/Amiibo/Amiibo NFC/Mario_Sports_Superstars/Baseball/Luigi.nfc,nfc,Amiibo,AmiiboDB,moved
sd_card_content/nfc/Amiibo/Amiibo NFC/Mario_Sports_Superstars/Golf/Donkey_Kong.nfc,nfc,Amiibo,AmiiboDB,moved
sd_card_content/nfc/Amiibo/Amiibo NFC/Mario_Sports_Superstars/Golf/Mario.nfc,nfc,Amiibo,AmiiboDB,moved
sd_card_content/nfc/Amiibo/Amiibo NFC/Mario_Sports_Superstars/Golf/Boo.nfc,nfc,Amiibo,AmiiboDB,moved
sd_card_content/nfc/Amiibo/Amiibo NFC/Mario_Sports_Superstars/Golf/Birdo.nfc,nfc,Amiibo,AmiiboDB,moved
sd_card_content/nfc/Amiibo/Amiibo NFC/Mario_Sports_Superstars/Golf/Bowser.nfc,nfc,Amiibo,AmiiboDB,moved
sd_card_content/nfc/Amiibo/Amiibo NFC/Mario_Sports_Superstars/Golf/Baby_Mario.nfc,nfc,Amiibo,AmiiboDB,moved
sd_card_content/nfc/Amiibo/Amiibo NFC/Mario_Sports_Superstars/Golf/Bowser_Jr.nfc,nfc,Amiibo,AmiiboDB,moved
sd_card_content/nfc/Amiibo/Amiibo NFC/Mario_Sports_Superstars/Golf/Diddy_Kong.nfc,nfc,Amiibo,AmiiboDB,moved
sd_card_content/nfc/Amiibo/Amiibo NFC/Mario_Sports_Superstars/Golf/Waluigi.nfc,nfc,Amiibo,AmiiboDB,moved
sd_card_content/nfc/Amiibo/Amiibo NFC/Mario_Sports_Superstars/Golf/Wario.nfc,nfc,Amiibo,AmiiboDB,moved
sd_card_content/nfc/Amiibo/Amiibo NFC/Mario_Sports_Superstars/Golf/Peach.nfc,nfc,Amiibo,AmiiboDB,moved
sd_card_content/nfc/Amiibo/Amiibo NFC/Mario_Sports_Superstars/Golf/Yoshi.nfc,nfc,Amiibo,AmiiboDB,moved
sd_card_content/nfc/Amiibo/Amiibo NFC/Mario_Sports_Superstars/Golf/Pink_Gold_Peach.nfc,nfc,Amiibo,AmiiboDB,moved
sd_card_content/nfc/Amiibo/Amiibo NFC/Mario_Sports_Superstars/Golf/Rosalina.nfc,nfc,Amiibo,AmiiboDB,moved
sd_card_content/nfc/Amiibo/Amiibo NFC/Mario_Sports_Superstars/Golf/Daisy.nfc,nfc,Amiibo,AmiiboDB,moved
sd_card_content/nfc/Amiibo/Amiibo NFC/Mario_Sports_Superstars/Golf/Baby_Luigi.nfc,nfc,Amiibo,AmiiboDB,moved
sd_card_content/nfc/Amiibo/Amiibo NFC/Mario_Sports_Superstars/Golf/Metal_Mario.nfc,nfc,Amiibo,AmiiboDB,moved
sd_card_content/nfc/Amiibo/Amiibo NFC/Mario_Sports_Superstars/Golf/Luigi.nfc,nfc,Amiibo,AmiiboDB,moved
sd_card_content/nfc/Amiibo/Amiibo NFC/Mario_Sports_Superstars/Soccer/Donkey_Kong.nfc,nfc,Amiibo,AmiiboDB,moved
sd_card_content/nfc/Amiibo/Amiibo NFC/Mario_Sports_Superstars/Soccer/Mario.nfc,nfc,Amiibo,AmiiboDB,moved
sd_card_content/nfc/Amiibo/Amiibo NFC/Mario_Sports_Superstars/Soccer/Boo.nfc,nfc,Amiibo,AmiiboDB,moved
sd_card_content/nfc/Amiibo/Amiibo NFC/Mario_Sports_Superstars/Soccer/Birdo.nfc,nfc,Amiibo,AmiiboDB,moved
sd_card_content/nfc/Amiibo/Amiibo NFC/Mario_Sports_Superstars/Soccer/Bowser.nfc,nfc,Amiibo,AmiiboDB,moved
sd_card_content/nfc/Amiibo/Amiibo NFC/Mario_Sports_Superstars/Soccer/Baby_Mario.nfc,nfc,Amiibo,AmiiboDB,moved
sd_card_content/nfc/Amiibo/Amiibo NFC/Mario_Sports_Superstars/Soccer/Bowser_Jr.nfc,nfc,Amiibo,AmiiboDB,moved
sd_card_content/nfc/Amiibo/Amiibo NFC/Mario_Sports_Superstars/Soccer/Diddy_Kong.nfc,nfc,Amiibo,AmiiboDB,moved
sd_card_content/nfc/Amiibo/Amiibo NFC/Mario_Sports_Superstars/Soccer/Waluigi.nfc,nfc,Amiibo,AmiiboDB,moved
sd_card_content/nfc/Amiibo/Amiibo NFC/Mario_Sports_Superstars/Soccer/Wario.nfc,nfc,Amiibo,AmiiboDB,moved
sd_card_content/nfc/Amiibo/Amiibo NFC/Mario_Sports_Superstars/Soccer/Peach.nfc,nfc,Amiibo,AmiiboDB,moved
sd_card_content/nfc/Amiibo/Amiibo NFC/Mario_Sports_Superstars/Soccer/Yoshi.nfc,nfc,Amiibo,AmiiboDB,moved
sd_card_content/nfc/Amiibo/Amiibo NFC/Mario_Sports_Superstars/Soccer/Pink_Gold_Peach.nfc,nfc,Amiibo,AmiiboDB,moved
sd_card_content/nfc/Amiibo/Amiibo NFC/Mario_Sports_Superstars/Soccer/Rosalina.nfc,nfc,Amiibo,AmiiboDB,moved
sd_card_content/nfc/Amiibo/Amiibo NFC/Mario_Sports_Superstars/Soccer/Daisy.nfc,nfc,Amiibo,AmiiboDB,moved
sd_card_content/nfc/Amiibo/Amiibo NFC/Mario_Sports_Superstars/Soccer/Baby_Luigi.nfc,nfc,Amiibo,AmiiboDB,moved
sd_card_content/nfc/Amiibo/Amiibo NFC/Mario_Sports_Superstars/Soccer/Metal_Mario.nfc,nfc,Amiibo,AmiiboDB,moved
sd_card_content/nfc/Amiibo/Amiibo NFC/Mario_Sports_Superstars/Soccer/Luigi.nfc,nfc,Amiibo,AmiiboDB,moved
sd_card_content/nfc/Amiibo/Amiibo NFC/Mario_Sports_Superstars/Horse_Racing/Donkey_Kong.nfc,nfc,Amiibo,AmiiboDB,moved
sd_card_content/nfc/Amiibo/Amiibo NFC/Mario_Sports_Superstars/Horse_Racing/Mario.nfc,nfc,Amiibo,AmiiboDB,moved
sd_card_content/nfc/Amiibo/Amiibo NFC/Mario_Sports_Superstars/Horse_Racing/Boo.nfc,nfc,Amiibo,AmiiboDB,moved
sd_card_content/nfc/Amiibo/Amiibo NFC/Mario_Sports_Superstars/Horse_Racing/Birdo.nfc,nfc,Amiibo,AmiiboDB,moved
sd_card_content/nfc/Amiibo/Amiibo NFC/Mario_Sports_Superstars/Horse_Racing/Bowser.nfc,nfc,Amiibo,AmiiboDB,moved
sd_card_content/nfc/Amiibo/Amiibo NFC/Mario_Sports_Superstars/Horse_Racing/Baby_Mario.nfc,nfc,Amiibo,AmiiboDB,moved
sd_card_content/nfc/Amiibo/Amiibo NFC/Mario_Sports_Superstars/Horse_Racing/Bowser_Jr.nfc,nfc,Amiibo,AmiiboDB,moved
sd_card_content/nfc/Amiibo/Amiibo NFC/Mario_Sports_Superstars/Horse_Racing/Diddy_Kong.nfc,nfc,Amiibo,AmiiboDB,moved
sd_card_content/nfc/Amiibo/Amiibo NFC/Mario_Sports_Superstars/Horse_Racing/Waluigi.nfc,nfc,Amiibo,AmiiboDB,moved
sd_card_content/nfc/Amiibo/Amiibo NFC/Mario_Sports_Superstars/Horse_Racing/Wario.nfc,nfc,Amiibo,AmiiboDB,moved
sd_card_content/nfc/Amiibo/Amiibo NFC/Mario_Sports_Superstars/Horse_Racing/Peach.nfc,nfc,Amiibo,AmiiboDB,moved
sd_card_content/nfc/Amiibo/Amiibo NFC/Mario_Sports_Superstars/Horse_Racing/Yoshi.nfc,nfc,Amiibo,AmiiboDB,moved
sd_card_content/nfc/Amiibo/Amiibo NFC/Mario_Sports_Superstars/Horse_Racing/Pink_Gold_Peach.nfc,nfc,Amiibo,AmiiboDB,moved
sd_card_content/nfc/Amiibo/Amiibo NFC/Mario_Sports_Superstars/Horse_Racing/Rosalina.nfc,nfc,Amiibo,AmiiboDB,moved
sd_card_content/nfc/Amiibo/Amiibo NFC/Mario_Sports_Superstars/Horse_Racing/Daisy.nfc,nfc,Amiibo,AmiiboDB,moved
sd_card_content/nfc/Amiibo/Amiibo NFC/Mario_Sports_Superstars/Horse_Racing/Baby_Luigi.nfc,nfc,Amiibo,AmiiboDB,moved
sd_card_content/nfc/Amiibo/Amiibo NFC/Mario_Sports_Superstars/Horse_Racing/Metal_Mario.nfc,nfc,Amiibo,AmiiboDB,moved
sd_card_content/nfc/Amiibo/Amiibo NFC/Mario_Sports_Superstars/Horse_Racing/Luigi.nfc,nfc,Amiibo,AmiiboDB,moved
sd_card_content/nfc/Amiibo/Amiibo NFC/Mario_Sports_Superstars/Tennis/Donkey_Kong.nfc,nfc,Amiibo,AmiiboDB,moved
sd_card_content/nfc/Amiibo/Amiibo NFC/Mario_Sports_Superstars/Tennis/Mario.nfc,nfc,Amiibo,AmiiboDB,moved
sd_card_content/nfc/Amiibo/Amiibo NFC/Mario_Sports_Superstars/Tennis/Boo.nfc,nfc,Amiibo,AmiiboDB,moved
sd_card_content/nfc/Amiibo/Amiibo NFC/Mario_Sports_Superstars/Tennis/Birdo.nfc,nfc,Amiibo,AmiiboDB,moved
sd_card_content/nfc/Amiibo/Amiibo NFC/Mario_Sports_Superstars/Tennis/Bowser.nfc,nfc,Amiibo,AmiiboDB,moved
sd_card_content/nfc/Amiibo/Amiibo NFC/Mario_Sports_Superstars/Tennis/Baby_Mario.nfc,nfc,Amiibo,AmiiboDB,moved
sd_card_content/nfc/Amiibo/Amiibo NFC/Mario_Sports_Superstars/Tennis/Bowser_Jr.nfc,nfc,Amiibo,AmiiboDB,moved
sd_card_content/nfc/Amiibo/Amiibo NFC/Mario_Sports_Superstars/Tennis/Diddy_Kong.nfc,nfc,Amiibo,AmiiboDB,moved
sd_card_content/nfc/Amiibo/Amiibo NFC/Mario_Sports_Superstars/Tennis/Waluigi.nfc,nfc,Amiibo,AmiiboDB,moved
sd_card_content/nfc/Amiibo/Amiibo NFC/Mario_Sports_Superstars/Tennis/Wario.nfc,nfc,Amiibo,AmiiboDB,moved
sd_card_content/nfc/Amiibo/Amiibo NFC/Mario_Sports_Superstars/Tennis/Peach.nfc,nfc,Amiibo,AmiiboDB,moved
sd_card_content/nfc/Amiibo/Amiibo NFC/Mario_Sports_Superstars/Tennis/Yoshi.nfc,nfc,Amiibo,AmiiboDB,moved
sd_card_content/nfc/Amiibo/Amiibo NFC/Mario_Sports_Superstars/Tennis/Pink_Gold_Peach.nfc,nfc,Amiibo,AmiiboDB,moved
sd_card_content/nfc/Amiibo/Amiibo NFC/Mario_Sports_Superstars/Tennis/Rosalina.nfc,nfc,Amiibo,AmiiboDB,moved
sd_card_content/nfc/Amiibo/Amiibo NFC/Mario_Sports_Superstars/Tennis/Daisy.nfc,nfc,Amiibo,AmiiboDB,moved
sd_card_content/nfc/Amiibo/Amiibo NFC/Mario_Sports_Superstars/Tennis/Baby_Luigi.nfc,nfc,Amiibo,AmiiboDB,moved
sd_card_content/nfc/Amiibo/Amiibo NFC/Mario_Sports_Superstars/Tennis/Metal_Mario.nfc,nfc,Amiibo,AmiiboDB,moved
sd_card_content/nfc/Amiibo/Amiibo NFC/Mario_Sports_Superstars/Tennis/Luigi.nfc,nfc,Amiibo,AmiiboDB,moved
sd_card_content/nfc/Amiibo/Amiibo NFC/Fire_Emblem/Alm.nfc,nfc,Amiibo,AmiiboDB,moved
sd_card_content/nfc/Amiibo/Amiibo NFC/Fire_Emblem/Chrom.nfc,nfc,Amiibo,AmiiboDB,moved
sd_card_content/nfc/Amiibo/Amiibo NFC/Fire_Emblem/Celica.nfc,nfc,Amiibo,AmiiboDB,moved
sd_card_content/nfc/Amiibo/Amiibo NFC/Fire_Emblem/Tiki.nfc,nfc,Amiibo,AmiiboDB,moved
sd_card_content/nfc/Amiibo/Amiibo NFC/Monster_Hunter/MH_Stories/Qurupeco_and_Dan.nfc,nfc,Amiibo,AmiiboDB,moved
sd_card_content/nfc/Amiibo/Amiibo NFC/Monster_Hunter/MH_Stories/Rathian_and_Cheval.nfc,nfc,Amiibo,AmiiboDB,moved
sd_card_content/nfc/Amiibo/Amiibo NFC/Monster_Hunter/MH_Stories/Barioth_and_Ayuria.nfc,nfc,Amiibo,AmiiboDB,moved
sd_card_content/nfc/Amiibo/Amiibo NFC/Monster_Hunter/MH_Stories/OneEyed_Rider_Male.nfc,nfc,Amiibo,AmiiboDB,moved
sd_card_content/nfc/Amiibo/Amiibo NFC/Monster_Hunter/MH_Stories/OneEyed_Rider_Female.nfc,nfc,Amiibo,AmiiboDB,moved
sd_card_content/nfc/Amiibo/Amiibo NFC/Monster_Hunter/MH_Stories/Nabiru.nfc,nfc,Amiibo,AmiiboDB,moved
sd_card_content/nfc/Amiibo/Amiibo NFC/Monster_Hunter/MH_Stories_2/Tsukino.nfc,nfc,Amiibo,AmiiboDB,moved
sd_card_content/nfc/Amiibo/Amiibo NFC/Monster_Hunter/MH_Stories_2/Razewing_Ratha.nfc,nfc,Amiibo,AmiiboDB,moved
sd_card_content/nfc/Amiibo/Amiibo NFC/Monster_Hunter/MH_Stories_2/Ena.nfc,nfc,Amiibo,AmiiboDB,moved
sd_card_content/nfc/Amiibo/Amiibo NFC/Monster_Hunter/MH_Rise/Malzeno.nfc,nfc,Amiibo,AmiiboDB,moved
sd_card_content/nfc/Amiibo/Amiibo NFC/Monster_Hunter/MH_Rise/Magnamalo.nfc,nfc,Amiibo,AmiiboDB,moved
sd_card_content/nfc/Amiibo/Amiibo NFC/Monster_Hunter/MH_Rise/Palico.nfc,nfc,Amiibo,AmiiboDB,moved
sd_card_content/nfc/Amiibo/Amiibo NFC/Monster_Hunter/MH_Rise/Palico_Felyne_Malzeno.nfc,nfc,Amiibo,AmiiboDB,moved
sd_card_content/nfc/Amiibo/Amiibo NFC/Monster_Hunter/MH_Rise/Palamute.nfc,nfc,Amiibo,AmiiboDB,moved
sd_card_content/nfc/Amiibo/Amiibo NFC/Monster_Hunter/MH_Rise/Palamute_Canyne.nfc,nfc,Amiibo,AmiiboDB,moved
sd_card_content/nfc/Amiibo/Amiibo NFC/Kirby/King_Dedede.nfc,nfc,Amiibo,AmiiboDB,moved
sd_card_content/nfc/Amiibo/Amiibo NFC/Kirby/Waddle_Dee.nfc,nfc,Amiibo,AmiiboDB,moved
sd_card_content/nfc/Amiibo/Amiibo NFC/Kirby/Meta_Knight.nfc,nfc,Amiibo,AmiiboDB,moved
sd_card_content/nfc/Amiibo/Amiibo NFC/Kirby/Kirby.nfc,nfc,Amiibo,AmiiboDB,moved
sd_card_content/nfc/Amiibo/Amiibo NFC/Super_Mario_30th/30th_Mario_Modern.nfc,nfc,Amiibo,AmiiboDB,moved
sd_card_content/nfc/Amiibo/Amiibo NFC/Super_Mario_30th/30th_Mario_Classic.nfc,nfc,Amiibo,AmiiboDB,moved
sd_card_content/nfc/Amiibo/Amiibo NFC/Yoshis_Wooly_World/Pink_Yarn_Yoshi.nfc,nfc,Amiibo,AmiiboDB,moved
sd_card_content/nfc/Amiibo/Amiibo NFC/Yoshis_Wooly_World/Poochy.nfc,nfc,Amiibo,AmiiboDB,moved
sd_card_content/nfc/Amiibo/Amiibo NFC/Yoshis_Wooly_World/Green_Yarn_Yoshi.nfc,nfc,Amiibo,AmiiboDB,moved
sd_card_content/nfc/Amiibo/Amiibo NFC/Yoshis_Wooly_World/Mega_Yarn_Yoshi.nfc,nfc,Amiibo,AmiiboDB,moved
sd_card_content/nfc/Amiibo/Amiibo NFC/Yoshis_Wooly_World/LightBlue_Yarn_Yoshi.nfc,nfc,Amiibo,AmiiboDB,moved
sd_card_content/nfc/Amiibo/Amiibo NFC/Pokken_Tournament/Shadow_Mewtwo.nfc,nfc,Amiibo,AmiiboDB,moved
sd_card_content/nfc/Amiibo/Amiibo NFC/Animal_Crossing/Happy_Home_Designer_Items/HHD_Items_72.nfc,nfc,Amiibo,AmiiboDB,moved
sd_card_content/nfc/Amiibo/Amiibo NFC/Animal_Crossing/Happy_Home_Designer_Items/HHD_Items_50.nfc,nfc,Amiibo,AmiiboDB,moved
sd_card_content/nfc/Amiibo/Amiibo NFC/Animal_Crossing/Happy_Home_Designer_Items/HHD_Items_82.nfc,nfc,Amiibo,AmiiboDB,moved
sd_card_content/nfc/Amiibo/Amiibo NFC/Animal_Crossing/Happy_Home_Designer_Items/HHD_Items_85.nfc,nfc,Amiibo,AmiiboDB,moved
sd_card_content/nfc/Amiibo/Amiibo NFC/Animal_Crossing/Happy_Home_Designer_Items/HHD_Items_90.nfc,nfc,Amiibo,AmiiboDB,moved
sd_card_content/nfc/Amiibo/Amiibo NFC/Animal_Crossing/Happy_Home_Designer_Items/HHD_Items_17.nfc,nfc,Amiibo,AmiiboDB,moved
sd_card_content/nfc/Amiibo/Amiibo NFC/Animal_Crossing/Happy_Home_Designer_Items/HHD_Items_46.nfc,nfc,Amiibo,AmiiboDB,moved
sd_card_content/nfc/Amiibo/Amiibo NFC/Animal_Crossing/Happy_Home_Designer_Items/HHD_Items_13.nfc,nfc,Amiibo,AmiiboDB,moved
sd_card_content/nfc/Amiibo/Amiibo NFC/Animal_Crossing/Happy_Home_Designer_Items/HHD_Items_39.nfc,nfc,Amiibo,AmiiboDB,moved
sd_card_content/nfc/Amiibo/Amiibo NFC/Animal_Crossing/Happy_Home_Designer_Items/HHD_Items_09.nfc,nfc,Amiibo,AmiiboDB,moved
sd_card_content/nfc/Amiibo/Amiibo NFC/Animal_Crossing/Happy_Home_Designer_Items/HHD_Items_58.nfc,nfc,Amiibo,AmiiboDB,moved
sd_card_content/nfc/Amiibo/Amiibo NFC/Animal_Crossing/Happy_Home_Designer_Items/HHD_Items_10.nfc,nfc,Amiibo,AmiiboDB,moved
sd_card_content/nfc/Amiibo/Amiibo NFC/Animal_Crossing/Happy_Home_Designer_Items/HHD_Items_61.nfc,nfc,Amiibo,AmiiboDB,moved
sd_card_content/nfc/Amiibo/Amiibo NFC/Animal_Crossing/Happy_Home_Designer_Items/HHD_Items_07.nfc,nfc,Amiibo,AmiiboDB,moved
sd_card_content/nfc/Amiibo/Amiibo NFC/Animal_Crossing/Happy_Home_Designer_Items/HHD_Items_86.nfc,nfc,Amiibo,AmiiboDB,moved
sd_card_content/nfc/Amiibo/Amiibo NFC/Animal_Crossing/Happy_Home_Designer_Items/HHD_Items_52.nfc,nfc,Amiibo,AmiiboDB,moved
sd_card_content/nfc/Amiibo/Amiibo NFC/Animal_Crossing/Happy_Home_Designer_Items/HHD_Items_42.nfc,nfc,Amiibo,AmiiboDB,moved
sd_card_content/nfc/Amiibo/Amiibo NFC/Animal_Crossing/Happy_Home_Designer_Items/HHD_Items_89.nfc,nfc,Amiibo,AmiiboDB,moved
sd_card_content/nfc/Amiibo/Amiibo NFC/Animal_Crossing/Happy_Home_Designer_Items/HHD_Items_63.nfc,nfc,Amiibo,AmiiboDB,moved
sd_card_content/nfc/Amiibo/Amiibo NFC/Animal_Crossing/Happy_Home_Designer_Items/HHD_Items_34.nfc,nfc,Amiibo,AmiiboDB,moved
sd_card_content/nfc/Amiibo/Amiibo NFC/Animal_Crossing/Happy_Home_Designer_Items/HHD_Items_20.nfc,nfc,Amiibo,AmiiboDB,moved
sd_card_content/nfc/Amiibo/Amiibo NFC/Animal_Crossing/Happy_Home_Designer_Items/HHD_Items_83.nfc,nfc,Amiibo,AmiiboDB,moved
sd_card_content/nfc/Amiibo/Amiibo NFC/Animal_Crossing/Happy_Home_Designer_Items/HHD_Items_70.nfc,nfc,Amiibo,AmiiboDB,moved
sd_card_content/nfc/Amiibo/Amiibo NFC/Animal_Crossing/Happy_Home_Designer_Items/HHD_Items_47.nfc,nfc,Amiibo,AmiiboDB,moved
sd_card_content/nfc/Amiibo/Amiibo NFC/Animal_Crossing/Happy_Home_Designer_Items/HHD_Items_87.nfc,nfc,Amiibo,AmiiboDB,moved
sd_card_content/nfc/Amiibo/Amiibo NFC/Animal_Crossing/Happy_Home_Designer_Items/HHD_Items_05.nfc,nfc,Amiibo,AmiiboDB,moved
sd_card_content/nfc/Amiibo/Amiibo NFC/Animal_Crossing/Happy_Home_Designer_Items/HHD_Items_27.nfc,nfc,Amiibo,AmiiboDB,moved
sd_card_content/nfc/Amiibo/Amiibo NFC/Animal_Crossing/Happy_Home_Designer_Items/HHD_Items_80.nfc,nfc,Amiibo,AmiiboDB,moved
sd_card_content/nfc/Amiibo/Amiibo NFC/Animal_Crossing/Happy_Home_Designer_Items/HHD_Items_73.nfc,nfc,Amiibo,AmiiboDB,moved
sd_card_content/nfc/Amiibo/Amiibo NFC/Animal_Crossing/Happy_Home_Designer_Items/HHD_Items_66.nfc,nfc,Amiibo,AmiiboDB,moved
sd_card_content/nfc/Amiibo/Amiibo NFC/Animal_Crossing/Happy_Home_Designer_Items/HHD_Items_53.nfc,nfc,Amiibo,AmiiboDB,moved
sd_card_content/nfc/Amiibo/Amiibo NFC/Animal_Crossing/Happy_Home_Designer_Items/HHD_Items_65.nfc,nfc,Amiibo,AmiiboDB,moved
sd_card_content/nfc/Amiibo/Amiibo NFC/Animal_Crossing/Happy_Home_Designer_Items/HHD_Items_88.nfc,nfc,Amiibo,AmiiboDB,moved
sd_card_content/nfc/Amiibo/Amiibo NFC/Animal_Crossing/Happy_Home_Designer_Items/HHD_Items_69.nfc,nfc,Amiibo,AmiiboDB,moved
sd_card_content/nfc/Amiibo/Amiibo NFC/Animal_Crossing/Happy_Home_Designer_Items/HHD_Items_30.nfc,nfc,Amiibo,AmiiboDB,moved
sd_card_content/nfc/Amiibo/Amiibo NFC/Animal_Crossing/Happy_Home_Designer_Items/HHD_Items_38.nfc,nfc,Amiibo,AmiiboDB,moved
sd_card_content/nfc/Amiibo/Amiibo NFC/Animal_Crossing/Happy_Home_Designer_Items/HHD_Items_54.nfc,nfc,Amiibo,AmiiboDB,moved
sd_card_content/nfc/Amiibo/Amiibo NFC/Animal_Crossing/Happy_Home_Designer_Items/HHD_Items_26.nfc,nfc,Amiibo,AmiiboDB,moved
sd_card_content/nfc/Amiibo/Amiibo NFC/Animal_Crossing/Happy_Home_Designer_Items/HHD_Items_08.nfc,nfc,Amiibo,AmiiboDB,moved
sd_card_content/nfc/Amiibo/Amiibo NFC/Animal_Crossing/Happy_Home_Designer_Items/HHD_Items_18.nfc,nfc,Amiibo,AmiiboDB,moved
sd_card_content/nfc/Amiibo/Amiibo NFC/Animal_Crossing/Happy_Home_Designer_Items/HHD_Items_14.nfc,nfc,Amiibo,AmiiboDB,moved
sd_card_content/nfc/Amiibo/Amiibo NFC/Animal_Crossing/Happy_Home_Designer_Items/HHD_Items_40.nfc,nfc,Amiibo,AmiiboDB,moved
sd_card_content/nfc/Amiibo/Amiibo NFC/Animal_Crossing/Happy_Home_Designer_Items/HHD_Items_23.nfc,nfc,Amiibo,AmiiboDB,moved
sd_card_content/nfc/Amiibo/Amiibo NFC/Animal_Crossing/Happy_Home_Designer_Items/HHD_Items_64.nfc,nfc,Amiibo,AmiiboDB,moved
sd_card_content/nfc/Amiibo/Amiibo NFC/Animal_Crossing/Happy_Home_Designer_Items/HHD_Items_55.nfc,nfc,Amiibo,AmiiboDB,moved
sd_card_content/nfc/Amiibo/Amiibo NFC/Animal_Crossing/Happy_Home_Designer_Items/HHD_Items_21.nfc,nfc,Amiibo,AmiiboDB,moved
sd_card_content/nfc/Amiibo/Amiibo NFC/Animal_Crossing/Happy_Home_Designer_Items/HHD_Items_57.nfc,nfc,Amiibo,AmiiboDB,moved
sd_card_content/nfc/Amiibo/Amiibo NFC/Animal_Crossing/Happy_Home_Designer_Items/HHD_Items_33.nfc,nfc,Amiibo,AmiiboDB,moved
sd_card_content/nfc/Amiibo/Amiibo NFC/Animal_Crossing/Happy_Home_Designer_Items/HHD_Items_74.nfc,nfc,Amiibo,AmiiboDB,moved
sd_card_content/nfc/Amiibo/Amiibo NFC/Animal_Crossing/Happy_Home_Designer_Items/HHD_Items_28.nfc,nfc,Amiibo,AmiiboDB,moved
sd_card_content/nfc/Amiibo/Amiibo NFC/Animal_Crossing/Happy_Home_Designer_Items/HHD_Items_41.nfc,nfc,Amiibo,AmiiboDB,moved
sd_card_content/nfc/Amiibo/Amiibo NFC/Animal_Crossing/Happy_Home_Designer_Items/HHD_Items_49.nfc,nfc,Amiibo,AmiiboDB,moved
sd_card_content/nfc/Amiibo/Amiibo NFC/Animal_Crossing/Happy_Home_Designer_Items/HHD_Items_91.nfc,nfc,Amiibo,AmiiboDB,moved
sd_card_content/nfc/Amiibo/Amiibo NFC/Animal_Crossing/Happy_Home_Designer_Items/HHD_Items_60.nfc,nfc,Amiibo,AmiiboDB,moved
sd_card_content/nfc/Amiibo/Amiibo NFC/Animal_Crossing/Happy_Home_Designer_Items/HHD_Items_36.nfc,nfc,Amiibo,AmiiboDB,moved
sd_card_content/nfc/Amiibo/Amiibo NFC/Animal_Crossing/Happy_Home_Designer_Items/HHD_Items_15.nfc,nfc,Amiibo,AmiiboDB,moved
sd_card_content/nfc/Amiibo/Amiibo NFC/Animal_Crossing/Happy_Home_Designer_Items/HHD_Items_78.nfc,nfc,Amiibo,AmiiboDB,moved
sd_card_content/nfc/Amiibo/Amiibo NFC/Animal_Crossing/Happy_Home_Designer_Items/HHD_Items_32.nfc,nfc,Amiibo,AmiiboDB,moved
sd_card_content/nfc/Amiibo/Amiibo NFC/Animal_Crossing/Happy_Home_Designer_Items/HHD_Items_79.nfc,nfc,Amiibo,AmiiboDB,moved
sd_card_content/nfc/Amiibo/Amiibo NFC/Animal_Crossing/Happy_Home_Designer_Items/HHD_Items_76.nfc,nfc,Amiibo,AmiiboDB,moved
sd_card_content/nfc/Amiibo/Amiibo NFC/Animal_Crossing/Happy_Home_Designer_Items/HHD_Items_45.nfc,nfc,Amiibo,AmiiboDB,moved
sd_card_content/nfc/Amiibo/Amiibo NFC/Animal_Crossing/Happy_Home_Designer_Items/HHD_Items_01.nfc,nfc,Amiibo,AmiiboDB,moved
sd_card_content/nfc/Amiibo/Amiibo NFC/Animal_Crossing/Happy_Home_Designer_Items/HHD_Items_06.nfc,nfc,Amiibo,AmiiboDB,moved
sd_card_content/nfc/Amiibo/Amiibo NFC/Animal_Crossing/Happy_Home_Designer_Items/HHD_Items_24.nfc,nfc,Amiibo,AmiiboDB,moved
sd_card_content/nfc/Amiibo/Amiibo NFC/Animal_Crossing/Happy_Home_Designer_Items/HHD_Items_59.nfc,nfc,Amiibo,AmiiboDB,moved
sd_card_content/nfc/Amiibo/Amiibo NFC/Animal_Crossing/Happy_Home_Designer_Items/HHD_Items_11.nfc,nfc,Amiibo,AmiiboDB,moved
sd_card_content/nfc/Amiibo/Amiibo NFC/Animal_Crossing/Happy_Home_Designer_Items/HHD_Items_31.nfc,nfc,Amiibo,AmiiboDB,moved
sd_card_content/nfc/Amiibo/Amiibo NFC/Animal_Crossing/Happy_Home_Designer_Items/HHD_Items_77.nfc,nfc,Amiibo,AmiiboDB,moved
sd_card_content/nfc/Amiibo/Amiibo NFC/Animal_Crossing/Happy_Home_Designer_Items/HHD_Items_51.nfc,nfc,Amiibo,AmiiboDB,moved
sd_card_content/nfc/Amiibo/Amiibo NFC/Animal_Crossing/Happy_Home_Designer_Items/HHD_Items_29.nfc,nfc,Amiibo,AmiiboDB,moved
sd_card_content/nfc/Amiibo/Amiibo NFC/Animal_Crossing/Happy_Home_Designer_Items/HHD_Items_12.nfc,nfc,Amiibo,AmiiboDB,moved
sd_card_content/nfc/Amiibo/Amiibo NFC/Animal_Crossing/Happy_Home_Designer_Items/HHD_Items_43.nfc,nfc,Amiibo,AmiiboDB,moved
sd_card_content/nfc/Amiibo/Amiibo NFC/Animal_Crossing/Happy_Home_Designer_Items/HHD_Items_02.nfc,nfc,Amiibo,AmiiboDB,moved
sd_card_content/nfc/Amiibo/Amiibo NFC/Animal_Crossing/Happy_Home_Designer_Items/HHD_Items_04.nfc,nfc,Amiibo,AmiiboDB,moved
sd_card_content/nfc/Amiibo/Amiibo NFC/Animal_Crossing/Happy_Home_Designer_Items/HHD_Items_48.nfc,nfc,Amiibo,AmiiboDB,moved
sd_card_content/nfc/Amiibo/Amiibo NFC/Animal_Crossing/Happy_Home_Designer_Items/HHD_Items_44.nfc,nfc,Amiibo,AmiiboDB,moved
sd_card_content/nfc/Amiibo/Amiibo NFC/Animal_Crossing/Happy_Home_Designer_Items/HHD_Items_56.nfc,nfc,Amiibo,AmiiboDB,moved
sd_card_content/nfc/Amiibo/Amiibo NFC/Animal_Crossing/Happy_Home_Designer_Items/HHD_Items_68.nfc,nfc,Amiibo,AmiiboDB,moved
sd_card_content/nfc/Amiibo/Amiibo NFC/Animal_Crossing/Happy_Home_Designer_Items/HHD_Items_84.nfc,nfc,Amiibo,AmiiboDB,moved
sd_card_content/nfc/Amiibo/Amiibo NFC/Animal_Crossing/Happy_Home_Designer_Items/HHD_Items_81.nfc,nfc,Amiibo,AmiiboDB,moved
sd_card_content/nfc/Amiibo/Amiibo NFC/Animal_Crossing/Happy_Home_Designer_Items/HHD_Items_22.nfc,nfc,Amiibo,AmiiboDB,moved
sd_card_content/nfc/Amiibo/Amiibo NFC/Animal_Crossing/Happy_Home_Designer_Items/HHD_Items_62.nfc,nfc,Amiibo,AmiiboDB,moved
sd_card_content/nfc/Amiibo/Amiibo NFC/Animal_Crossing/Happy_Home_Designer_Items/HHD_Items_16.nfc,nfc,Amiibo,AmiiboDB,moved
sd_card_content/nfc/Amiibo/Amiibo NFC/Animal_Crossing/Happy_Home_Designer_Items/HHD_Items_75.nfc,nfc,Amiibo,AmiiboDB,moved
sd_card_content/nfc/Amiibo/Amiibo NFC/Animal_Crossing/Happy_Home_Designer_Items/HHD_Items_67.nfc,nfc,Amiibo,AmiiboDB,moved
sd_card_content/nfc/Amiibo/Amiibo NFC/Animal_Crossing/Happy_Home_Designer_Items/HHD_Items_71.nfc,nfc,Amiibo,AmiiboDB,moved
sd_card_content/nfc/Amiibo/Amiibo NFC/Animal_Crossing/Happy_Home_Designer_Items/HHD_Items_19.nfc,nfc,Amiibo,AmiiboDB,moved
sd_card_content/nfc/Amiibo/Amiibo NFC/Animal_Crossing/Happy_Home_Designer_Items/HHD_Items_03.nfc,nfc,Amiibo,AmiiboDB,moved
sd_card_content/nfc/Amiibo/Amiibo NFC/Animal_Crossing/Happy_Home_Designer_Items/HHD_Items_35.nfc,nfc,Amiibo,AmiiboDB,moved
sd_card_content/nfc/Amiibo/Amiibo NFC/Animal_Crossing/Happy_Home_Designer_Items/HHD_Items_37.nfc,nfc,Amiibo,AmiiboDB,moved
sd_card_content/nfc/Amiibo/Amiibo NFC/Animal_Crossing/Happy_Home_Designer_Items/HHD_Items_25.nfc,nfc,Amiibo,AmiiboDB,moved
sd_card_content/nfc/Amiibo/Amiibo NFC/Animal_Crossing/Amiibo_Cards/Series_4/AC_383_Hippeux.nfc,nfc,Amiibo,AmiiboDB,moved
sd_card_content/nfc/Amiibo/Amiibo NFC/Animal_Crossing/Amiibo_Cards/Series_4/AC_312_Shrunk.nfc,nfc,Amiibo,AmiiboDB,moved
sd_card_content/nfc/Amiibo/Amiibo NFC/Animal_Crossing/Amiibo_Cards/Series_4/AC_315_Redd.nfc,nfc,Amiibo,AmiiboDB,moved
sd_card_content/nfc/Amiibo/Amiibo NFC/Animal_Crossing/Amiibo_Cards/Series_4/AC_340_Tex.nfc,nfc,Amiibo,AmiiboDB,moved
sd_card_content/nfc/Amiibo/Amiibo NFC/Animal_Crossing/Amiibo_Cards/Series_4/AC_311_Lottie.nfc,nfc,Amiibo,AmiiboDB,moved
sd_card_content/nfc/Amiibo/Amiibo NFC/Animal_Crossing/Amiibo_Cards/Series_4/AC_376_Rizzo.nfc,nfc,Amiibo,AmiiboDB,moved
sd_card_content/nfc/Amiibo/Amiibo NFC/Animal_Crossing/Amiibo_Cards/Series_4/AC_329_Broffina.nfc,nfc,Amiibo,AmiiboDB,moved
sd_card_content/nfc/Amiibo/Amiibo NFC/Animal_Crossing/Amiibo_Cards/Series_4/AC_350_Elmer.nfc,nfc,Amiibo,AmiiboDB,moved
sd_card_content/nfc/Amiibo/Amiibo NFC/Animal_Crossing/Amiibo_Cards/Series_4/AC_397_Iggly.nfc,nfc,Amiibo,AmiiboDB,moved
sd_card_content/nfc/Amiibo/Amiibo NFC/Animal_Crossing/Amiibo_Cards/Series_4/AC_337_Queenie.nfc,nfc,Amiibo,AmiiboDB,moved
sd_card_content/nfc/Amiibo/Amiibo NFC/Animal_Crossing/Amiibo_Cards/Series_4/AC_400_Robin.nfc,nfc,Amiibo,AmiiboDB,moved
sd_card_content/nfc/Amiibo/Amiibo NFC/Animal_Crossing/Amiibo_Cards/Series_4/AC_330_Croque.nfc,nfc,Amiibo,AmiiboDB,moved
sd_card_content/nfc/Amiibo/Amiibo NFC/Animal_Crossing/Amiibo_Cards/Series_4/AC_331_Pashmina.nfc,nfc,Amiibo,AmiiboDB,moved
sd_card_content/nfc/Amiibo/Amiibo NFC/Animal_Crossing/Amiibo_Cards/Series_4/AC_372_Doc.nfc,nfc,Amiibo,AmiiboDB,moved
sd_card_content/nfc/Amiibo/Amiibo NFC/Animal_Crossing/Amiibo_Cards/Series_4/AC_320_Mott.nfc,nfc,Amiibo,AmiiboDB,moved
sd_card_content/nfc/Amiibo/Amiibo NFC/Animal_Crossing/Amiibo_Cards/Series_4/AC_365_Peggy.nfc,nfc,Amiibo,AmiiboDB,moved
sd_card_content/nfc/Amiibo/Amiibo NFC/Animal_Crossing/Amiibo_Cards/Series_4/AC_325_Peaches.nfc,nfc,Amiibo,AmiiboDB,moved
sd_card_content/nfc/Amiibo/Amiibo NFC/Animal_Crossing/Amiibo_Cards/Series_4/AC_363_Celia.nfc,nfc,Amiibo,AmiiboDB,moved
sd_card_content/nfc/Amiibo/Amiibo NFC/Animal_Crossing/Amiibo_Cards/Series_4/AC_386_Rosie.nfc,nfc,Amiibo,AmiiboDB,moved
sd_card_content/nfc/Amiibo/Amiibo NFC/Animal_Crossing/Amiibo_Cards/Series_4/AC_362_Static.nfc,nfc,Amiibo,AmiiboDB,moved
sd_card_content/nfc/Amiibo/Amiibo NFC/Animal_Crossing/Amiibo_Cards/Series_4/AC_356_Pietro.nfc,nfc,Amiibo,AmiiboDB,moved
sd_card_content/nfc/Amiibo/Amiibo NFC/Animal_Crossing/Amiibo_Cards/Series_4/AC_327_Penelope.nfc,nfc,Amiibo,AmiiboDB,moved
sd_card_content/nfc/Amiibo/Amiibo NFC/Animal_Crossing/Amiibo_Cards/Series_4/AC_368_Chow.nfc,nfc,Amiibo,AmiiboDB,moved
sd_card_content/nfc/Amiibo/Amiibo NFC/Animal_Crossing/Amiibo_Cards/Series_4/AC_358_Papi.nfc,nfc,Amiibo,AmiiboDB,moved
sd_card_content/nfc/Amiibo/Amiibo NFC/Animal_Crossing/Amiibo_Cards/Series_4/AC_379_Nibbles.nfc,nfc,Amiibo,AmiiboDB,moved
sd_card_content/nfc/Amiibo/Amiibo NFC/Animal_Crossing/Amiibo_Cards/Series_4/AC_395_Cally.nfc,nfc,Amiibo,AmiiboDB,moved
sd_card_content/nfc/Amiibo/Amiibo NFC/Animal_Crossing/Amiibo_Cards/Series_4/AC_359_Apple.nfc,nfc,Amiibo,AmiiboDB,moved
sd_card_content/nfc/Amiibo/Amiibo NFC/Animal_Crossing/Amiibo_Cards/Series_4/AC_390_O_Hare.nfc,nfc,Amiibo,AmiiboDB,moved
sd_card_content/nfc/Amiibo/Amiibo NFC/Animal_Crossing/Amiibo_Cards/Series_4/AC_309_Resetti.nfc,nfc,Amiibo,AmiiboDB,moved
sd_card_content/nfc/Amiibo/Amiibo NFC/Animal_Crossing/Amiibo_Cards/Series_4/AC_391_Gayle.nfc,nfc,Amiibo,AmiiboDB,moved
sd_card_content/nfc/Amiibo/Amiibo NFC/Animal_Crossing/Amiibo_Cards/Series_4/AC_399_Twiggy.nfc,nfc,Amiibo,AmiiboDB,moved
sd_card_content/nfc/Amiibo/Amiibo NFC/Animal_Crossing/Amiibo_Cards/Series_4/AC_366_Ribbot.nfc,nfc,Amiibo,AmiiboDB,moved
sd_card_content/nfc/Amiibo/Amiibo NFC/Animal_Crossing/Amiibo_Cards/Series_4/AC_303_Katrina.nfc,nfc,Amiibo,AmiiboDB,moved
sd_card_content/nfc/Amiibo/Amiibo NFC/Animal_Crossing/Amiibo_Cards/Series_4/AC_355_Mira.nfc,nfc,Amiibo,AmiiboDB,moved
sd_card_content/nfc/Amiibo/Amiibo NFC/Animal_Crossing/Amiibo_Cards/Series_4/AC_388_Maelle.nfc,nfc,Amiibo,AmiiboDB,moved
sd_card_content/nfc/Amiibo/Amiibo NFC/Animal_Crossing/Amiibo_Cards/Series_4/AC_367_Annalise.nfc,nfc,Amiibo,AmiiboDB,moved
sd_card_content/nfc/Amiibo/Amiibo NFC/Animal_Crossing/Amiibo_Cards/Series_4/AC_336_Pierce.nfc,nfc,Amiibo,AmiiboDB,moved
sd_card_content/nfc/Amiibo/Amiibo NFC/Animal_Crossing/Amiibo_Cards/Series_4/AC_393_Frobert.nfc,nfc,Amiibo,AmiiboDB,moved
sd_card_content/nfc/Amiibo/Amiibo NFC/Animal_Crossing/Amiibo_Cards/Series_4/AC_345_Naomi.nfc,nfc,Amiibo,AmiiboDB,moved
sd_card_content/nfc/Amiibo/Amiibo NFC/Animal_Crossing/Amiibo_Cards/Series_4/AC_371_Sally.nfc,nfc,Amiibo,AmiiboDB,moved
sd_card_content/nfc/Amiibo/Amiibo NFC/Animal_Crossing/Amiibo_Cards/Series_4/AC_339_Fritta.nfc,nfc,Amiibo,AmiiboDB,moved
sd_card_content/nfc/Amiibo/Amiibo NFC/Animal_Crossing/Amiibo_Cards/Series_4/AC_314_Gulliver.nfc,nfc,Amiibo,AmiiboDB,moved
sd_card_content/nfc/Amiibo/Amiibo NFC/Animal_Crossing/Amiibo_Cards/Series_4/AC_313_Pave.nfc,nfc,Amiibo,AmiiboDB,moved
sd_card_content/nfc/Amiibo/Amiibo NFC/Animal_Crossing/Amiibo_Cards/Series_4/AC_326_Dizzy.nfc,nfc,Amiibo,AmiiboDB,moved
sd_card_content/nfc/Amiibo/Amiibo NFC/Animal_Crossing/Amiibo_Cards/Series_4/AC_305_Celeste.nfc,nfc,Amiibo,AmiiboDB,moved
sd_card_content/nfc/Amiibo/Amiibo NFC/Animal_Crossing/Amiibo_Cards/Series_4/AC_343_Anabelle.nfc,nfc,Amiibo,AmiiboDB,moved
sd_card_content/nfc/Amiibo/Amiibo NFC/Animal_Crossing/Amiibo_Cards/Series_4/AC_364_Zucker.nfc,nfc,Amiibo,AmiiboDB,moved
sd_card_content/nfc/Amiibo/Amiibo NFC/Animal_Crossing/Amiibo_Cards/Series_4/AC_334_Erik.nfc,nfc,Amiibo,AmiiboDB,moved
sd_card_content/nfc/Amiibo/Amiibo NFC/Animal_Crossing/Amiibo_Cards/Series_4/AC_346_Peewee.nfc,nfc,Amiibo,AmiiboDB,moved
sd_card_content/nfc/Amiibo/Amiibo NFC/Animal_Crossing/Amiibo_Cards/Series_4/AC_389_Bruce.nfc,nfc,Amiibo,AmiiboDB,moved
sd_card_content/nfc/Amiibo/Amiibo NFC/Animal_Crossing/Amiibo_Cards/Series_4/AC_361_Purrl.nfc,nfc,Amiibo,AmiiboDB,moved
sd_card_content/nfc/Amiibo/Amiibo NFC/Animal_Crossing/Amiibo_Cards/Series_4/AC_347_Tammy.nfc,nfc,Amiibo,AmiiboDB,moved
sd_card_content/nfc/Amiibo/Amiibo NFC/Animal_Crossing/Amiibo_Cards/Series_4/AC_317_Goldie.nfc,nfc,Amiibo,AmiiboDB,moved
sd_card_content/nfc/Amiibo/Amiibo NFC/Animal_Crossing/Amiibo_Cards/Series_4/AC_396_Simon.nfc,nfc,Amiibo,AmiiboDB,moved
sd_card_content/nfc/Amiibo/Amiibo NFC/Animal_Crossing/Amiibo_Cards/Series_4/AC_382_Lobo.nfc,nfc,Amiibo,AmiiboDB,moved
sd_card_content/nfc/Amiibo/Amiibo NFC/Animal_Crossing/Amiibo_Cards/Series_4/AC_353_Elise.nfc,nfc,Amiibo,AmiiboDB,moved
sd_card_content/nfc/Amiibo/Amiibo NFC/Animal_Crossing/Amiibo_Cards/Series_4/AC_335_Dotty.nfc,nfc,Amiibo,AmiiboDB,moved
sd_card_content/nfc/Amiibo/Amiibo NFC/Animal_Crossing/Amiibo_Cards/Series_4/AC_370_Jacques.nfc,nfc,Amiibo,AmiiboDB,moved
sd_card_content/nfc/Amiibo/Amiibo NFC/Animal_Crossing/Amiibo_Cards/Series_4/AC_369_Sylvia.nfc,nfc,Amiibo,AmiiboDB,moved
sd_card_content/nfc/Amiibo/Amiibo NFC/Animal_Crossing/Amiibo_Cards/Series_4/AC_360_Rod.nfc,nfc,Amiibo,AmiiboDB,moved
sd_card_content/nfc/Amiibo/Amiibo NFC/Animal_Crossing/Amiibo_Cards/Series_4/AC_349_Lucy.nfc,nfc,Amiibo,AmiiboDB,moved
sd_card_content/nfc/Amiibo/Amiibo NFC/Animal_Crossing/Amiibo_Cards/Series_4/AC_354_Walt.nfc,nfc,Amiibo,AmiiboDB,moved
sd_card_content/nfc/Amiibo/Amiibo NFC/Animal_Crossing/Amiibo_Cards/Series_4/AC_351_Puddles.nfc,nfc,Amiibo,AmiiboDB,moved
sd_card_content/nfc/Amiibo/Amiibo NFC/Animal_Crossing/Amiibo_Cards/Series_4/AC_377_Sydney.nfc,nfc,Amiibo,AmiiboDB,moved
sd_card_content/nfc/Amiibo/Amiibo NFC/Animal_Crossing/Amiibo_Cards/Series_4/AC_332_Shep.nfc,nfc,Amiibo,AmiiboDB,moved
sd_card_content/nfc/Amiibo/Amiibo NFC/Animal_Crossing/Amiibo_Cards/Series_4/AC_321_Mallary.nfc,nfc,Amiibo,AmiiboDB,moved
sd_card_content/nfc/Amiibo/Amiibo NFC/Animal_Crossing/Amiibo_Cards/Series_4/AC_374_Tank.nfc,nfc,Amiibo,AmiiboDB,moved
sd_card_content/nfc/Amiibo/Amiibo NFC/Animal_Crossing/Amiibo_Cards/Series_4/AC_387_Rowan.nfc,nfc,Amiibo,AmiiboDB,moved
sd_card_content/nfc/Amiibo/Amiibo NFC/Animal_Crossing/Amiibo_Cards/Series_4/AC_310_Timmy.nfc,nfc,Amiibo,AmiiboDB,moved
sd_card_content/nfc/Amiibo/Amiibo NFC/Animal_Crossing/Amiibo_Cards/Series_4/AC_302_Brewster.nfc,nfc,Amiibo,AmiiboDB,moved
sd_card_content/nfc/Amiibo/Amiibo NFC/Animal_Crossing/Amiibo_Cards/Series_4/AC_301_Isabelle.nfc,nfc,Amiibo,AmiiboDB,moved
sd_card_content/nfc/Amiibo/Amiibo NFC/Animal_Crossing/Amiibo_Cards/Series_4/AC_319_Pinky.nfc,nfc,Amiibo,AmiiboDB,moved
sd_card_content/nfc/Amiibo/Amiibo NFC/Animal_Crossing/Amiibo_Cards/Series_4/AC_375_Becky.nfc,nfc,Amiibo,AmiiboDB,moved
sd_card_content/nfc/Amiibo/Amiibo NFC/Animal_Crossing/Amiibo_Cards/Series_4/AC_373_Pompom.nfc,nfc,Amiibo,AmiiboDB,moved
sd_card_content/nfc/Amiibo/Amiibo NFC/Animal_Crossing/Amiibo_Cards/Series_4/AC_333_Lolly.nfc,nfc,Amiibo,AmiiboDB,moved
sd_card_content/nfc/Amiibo/Amiibo NFC/Animal_Crossing/Amiibo_Cards/Series_4/AC_322_Rocco.nfc,nfc,Amiibo,AmiiboDB,moved
sd_card_content/nfc/Amiibo/Amiibo NFC/Animal_Crossing/Amiibo_Cards/Series_4/AC_381_Gloria.nfc,nfc,Amiibo,AmiiboDB,moved
sd_card_content/nfc/Amiibo/Amiibo NFC/Animal_Crossing/Amiibo_Cards/Series_4/AC_316_Zipper.nfc,nfc,Amiibo,AmiiboDB,moved
sd_card_content/nfc/Amiibo/Amiibo NFC/Animal_Crossing/Amiibo_Cards/Series_4/AC_384_Margie.nfc,nfc,Amiibo,AmiiboDB,moved
sd_card_content/nfc/Amiibo/Amiibo NFC/Animal_Crossing/Amiibo_Cards/Series_4/AC_385_Lucky.nfc,nfc,Amiibo,AmiiboDB,moved
sd_card_content/nfc/Amiibo/Amiibo NFC/Animal_Crossing/Amiibo_Cards/Series_4/AC_323_Katt.nfc,nfc,Amiibo,AmiiboDB,moved
sd_card_content/nfc/Amiibo/Amiibo NFC/Animal_Crossing/Amiibo_Cards/Series_4/AC_304_Phineas.nfc,nfc,Amiibo,AmiiboDB,moved
sd_card_content/nfc/Amiibo/Amiibo NFC/Animal_Crossing/Amiibo_Cards/Series_4/AC_341_Melba.nfc,nfc,Amiibo,AmiiboDB,moved
sd_card_content/nfc/Amiibo/Amiibo NFC/Animal_Crossing/Amiibo_Cards/Series_4/AC_308_Leilani.nfc,nfc,Amiibo,AmiiboDB,moved
sd_card_content/nfc/Amiibo/Amiibo NFC/Animal_Crossing/Amiibo_Cards/Series_4/AC_348_Olaf.nfc,nfc,Amiibo,AmiiboDB,moved
sd_card_content/nfc/Amiibo/Amiibo NFC/Animal_Crossing/Amiibo_Cards/Series_4/AC_378_Barold.nfc,nfc,Amiibo,AmiiboDB,moved
sd_card_content/nfc/Amiibo/Amiibo NFC/Animal_Crossing/Amiibo_Cards/Series_4/AC_342_Bones.nfc,nfc,Amiibo,AmiiboDB,moved
sd_card_content/nfc/Amiibo/Amiibo NFC/Animal_Crossing/Amiibo_Cards/Series_4/AC_338_Fang.nfc,nfc,Amiibo,AmiiboDB,moved
sd_card_content/nfc/Amiibo/Amiibo NFC/Animal_Crossing/Amiibo_Cards/Series_4/AC_318_Stitches.nfc,nfc,Amiibo,AmiiboDB,moved
sd_card_content/nfc/Amiibo/Amiibo NFC/Animal_Crossing/Amiibo_Cards/Series_4/AC_380_Kevin.nfc,nfc,Amiibo,AmiiboDB,moved
sd_card_content/nfc/Amiibo/Amiibo NFC/Animal_Crossing/Amiibo_Cards/Series_4/AC_328_Boone.nfc,nfc,Amiibo,AmiiboDB,moved
sd_card_content/nfc/Amiibo/Amiibo NFC/Animal_Crossing/Amiibo_Cards/Series_4/AC_394_Grizzly.nfc,nfc,Amiibo,AmiiboDB,moved
sd_card_content/nfc/Amiibo/Amiibo NFC/Animal_Crossing/Amiibo_Cards/Series_4/AC_344_Rudy.nfc,nfc,Amiibo,AmiiboDB,moved
sd_card_content/nfc/Amiibo/Amiibo NFC/Animal_Crossing/Amiibo_Cards/Series_4/AC_306_Tommy.nfc,nfc,Amiibo,AmiiboDB,moved
sd_card_content/nfc/Amiibo/Amiibo NFC/Animal_Crossing/Amiibo_Cards/Series_4/AC_307_Gracie.nfc,nfc,Amiibo,AmiiboDB,moved
sd_card_content/nfc/Amiibo/Amiibo NFC/Animal_Crossing/Amiibo_Cards/Series_4/AC_357_Aurora.nfc,nfc,Amiibo,AmiiboDB,moved
sd_card_content/nfc/Amiibo/Amiibo NFC/Animal_Crossing/Amiibo_Cards/Series_4/AC_398_Angus.nfc,nfc,Amiibo,AmiiboDB,moved
sd_card_content/nfc/Amiibo/Amiibo NFC/Animal_Crossing/Amiibo_Cards/Series_4/AC_352_Rory.nfc,nfc,Amiibo,AmiiboDB,moved
sd_card_content/nfc/Amiibo/Amiibo NFC/Animal_Crossing/Amiibo_Cards/Series_4/AC_392_Cranston.nfc,nfc,Amiibo,AmiiboDB,moved
sd_card_content/nfc/Amiibo/Amiibo NFC/Animal_Crossing/Amiibo_Cards/Series_4/AC_324_Graham.nfc,nfc,Amiibo,AmiiboDB,moved
sd_card_content/nfc/Amiibo/Amiibo NFC/Animal_Crossing/Amiibo_Cards/Series_2/AC_184_Anicotti.nfc,nfc,Amiibo,AmiiboDB,moved
sd_card_content/nfc/Amiibo/Amiibo NFC/Animal_Crossing/Amiibo_Cards/Series_2/AC_161_Teddy.nfc,nfc,Amiibo,AmiiboDB,moved
sd_card_content/nfc/Amiibo/Amiibo NFC/Animal_Crossing/Amiibo_Cards/Series_2/AC_197_Kid_Cat.nfc,nfc,Amiibo,AmiiboDB,moved
sd_card_content/nfc/Amiibo/Amiibo NFC/Animal_Crossing/Amiibo_Cards/Series_2/AC_150_Coco.nfc,nfc,Amiibo,AmiiboDB,moved
sd_card_content/nfc/Amiibo/Amiibo NFC/Animal_Crossing/Amiibo_Cards/Series_2/AC_124_Harry.nfc,nfc,Amiibo,AmiiboDB,moved
sd_card_content/nfc/Amiibo/Amiibo NFC/Animal_Crossing/Amiibo_Cards/Series_2/AC_166_Kitty.nfc,nfc,Amiibo,AmiiboDB,moved
sd_card_content/nfc/Amiibo/Amiibo NFC/Animal_Crossing/Amiibo_Cards/Series_2/AC_138_Sly.nfc,nfc,Amiibo,AmiiboDB,moved
sd_card_content/nfc/Amiibo/Amiibo NFC/Animal_Crossing/Amiibo_Cards/Series_2/AC_105_Copper.nfc,nfc,Amiibo,AmiiboDB,moved
sd_card_content/nfc/Amiibo/Amiibo NFC/Animal_Crossing/Amiibo_Cards/Series_2/AC_188_Ankha.nfc,nfc,Amiibo,AmiiboDB,moved
sd_card_content/nfc/Amiibo/Amiibo NFC/Animal_Crossing/Amiibo_Cards/Series_2/AC_168_Nan.nfc,nfc,Amiibo,AmiiboDB,moved
sd_card_content/nfc/Amiibo/Amiibo NFC/Animal_Crossing/Amiibo_Cards/Series_2/AC_189_Drift.nfc,nfc,Amiibo,AmiiboDB,moved
sd_card_content/nfc/Amiibo/Amiibo NFC/Animal_Crossing/Amiibo_Cards/Series_2/AC_142_Peck.nfc,nfc,Amiibo,AmiiboDB,moved
sd_card_content/nfc/Amiibo/Amiibo NFC/Animal_Crossing/Amiibo_Cards/Series_2/AC_128_Tom.nfc,nfc,Amiibo,AmiiboDB,moved
sd_card_content/nfc/Amiibo/Amiibo NFC/Animal_Crossing/Amiibo_Cards/Series_2/AC_164_Bianca.nfc,nfc,Amiibo,AmiiboDB,moved
sd_card_content/nfc/Amiibo/Amiibo NFC/Animal_Crossing/Amiibo_Cards/Series_2/AC_110_Leila.nfc,nfc,Amiibo,AmiiboDB,moved
sd_card_content/nfc/Amiibo/Amiibo NFC/Animal_Crossing/Amiibo_Cards/Series_2/AC_129_Tipper.nfc,nfc,Amiibo,AmiiboDB,moved
sd_card_content/nfc/Amiibo/Amiibo NFC/Animal_Crossing/Amiibo_Cards/Series_2/AC_190_Vesta.nfc,nfc,Amiibo,AmiiboDB,moved
sd_card_content/nfc/Amiibo/Amiibo NFC/Animal_Crossing/Amiibo_Cards/Series_2/AC_176_Sprinkle.nfc,nfc,Amiibo,AmiiboDB,moved
sd_card_content/nfc/Amiibo/Amiibo NFC/Animal_Crossing/Amiibo_Cards/Series_2/AC_102_Reese.nfc,nfc,Amiibo,AmiiboDB,moved
sd_card_content/nfc/Amiibo/Amiibo NFC/Animal_Crossing/Amiibo_Cards/Series_2/AC_182_Alice.nfc,nfc,Amiibo,AmiiboDB,moved
sd_card_content/nfc/Amiibo/Amiibo NFC/Animal_Crossing/Amiibo_Cards/Series_2/AC_163_Ed.nfc,nfc,Amiibo,AmiiboDB,moved
sd_card_content/nfc/Amiibo/Amiibo NFC/Animal_Crossing/Amiibo_Cards/Series_2/AC_126_Coach.nfc,nfc,Amiibo,AmiiboDB,moved
sd_card_content/nfc/Amiibo/Amiibo NFC/Animal_Crossing/Amiibo_Cards/Series_2/AC_177_Flip.nfc,nfc,Amiibo,AmiiboDB,moved
sd_card_content/nfc/Amiibo/Amiibo NFC/Animal_Crossing/Amiibo_Cards/Series_2/AC_135_Phoebe.nfc,nfc,Amiibo,AmiiboDB,moved
sd_card_content/nfc/Amiibo/Amiibo NFC/Animal_Crossing/Amiibo_Cards/Series_2/AC_103_Kicks.nfc,nfc,Amiibo,AmiiboDB,moved
sd_card_content/nfc/Amiibo/Amiibo NFC/Animal_Crossing/Amiibo_Cards/Series_2/AC_181_Drake.nfc,nfc,Amiibo,AmiiboDB,moved
sd_card_content/nfc/Amiibo/Amiibo NFC/Animal_Crossing/Amiibo_Cards/Series_2/AC_165_Filbert.nfc,nfc,Amiibo,AmiiboDB,moved
sd_card_content/nfc/Amiibo/Amiibo NFC/Animal_Crossing/Amiibo_Cards/Series_2/AC_194_Gladys.nfc,nfc,Amiibo,AmiiboDB,moved
sd_card_content/nfc/Amiibo/Amiibo NFC/Animal_Crossing/Amiibo_Cards/Series_2/AC_167_Beau.nfc,nfc,Amiibo,AmiiboDB,moved
sd_card_content/nfc/Amiibo/Amiibo NFC/Animal_Crossing/Amiibo_Cards/Series_2/AC_174_Bettina.nfc,nfc,Amiibo,AmiiboDB,moved
sd_card_content/nfc/Amiibo/Amiibo NFC/Animal_Crossing/Amiibo_Cards/Series_2/AC_175_Jay.nfc,nfc,Amiibo,AmiiboDB,moved
sd_card_content/nfc/Amiibo/Amiibo NFC/Animal_Crossing/Amiibo_Cards/Series_2/AC_186_Charlise.nfc,nfc,Amiibo,AmiiboDB,moved
sd_card_content/nfc/Amiibo/Amiibo NFC/Animal_Crossing/Amiibo_Cards/Series_2/AC_148_Whitney.nfc,nfc,Amiibo,AmiiboDB,moved
sd_card_content/nfc/Amiibo/Amiibo NFC/Animal_Crossing/Amiibo_Cards/Series_2/AC_141_Nana.nfc,nfc,Amiibo,AmiiboDB,moved
sd_card_content/nfc/Amiibo/Amiibo NFC/Animal_Crossing/Amiibo_Cards/Series_2/AC_183_Camofrog.nfc,nfc,Amiibo,AmiiboDB,moved
sd_card_content/nfc/Amiibo/Amiibo NFC/Animal_Crossing/Amiibo_Cards/Series_2/AC_185_Chops.nfc,nfc,Amiibo,AmiiboDB,moved
sd_card_content/nfc/Amiibo/Amiibo NFC/Animal_Crossing/Amiibo_Cards/Series_2/AC_199_Big_Top.nfc,nfc,Amiibo,AmiiboDB,moved
sd_card_content/nfc/Amiibo/Amiibo NFC/Animal_Crossing/Amiibo_Cards/Series_2/AC_180_Pecan.nfc,nfc,Amiibo,AmiiboDB,moved
sd_card_content/nfc/Amiibo/Amiibo NFC/Animal_Crossing/Amiibo_Cards/Series_2/AC_146_Rodney.nfc,nfc,Amiibo,AmiiboDB,moved
sd_card_content/nfc/Amiibo/Amiibo NFC/Animal_Crossing/Amiibo_Cards/Series_2/AC_198_Agent_S.nfc,nfc,Amiibo,AmiiboDB,moved
sd_card_content/nfc/Amiibo/Amiibo NFC/Animal_Crossing/Amiibo_Cards/Series_2/AC_130_Prince.nfc,nfc,Amiibo,AmiiboDB,moved
sd_card_content/nfc/Amiibo/Amiibo NFC/Animal_Crossing/Amiibo_Cards/Series_2/AC_200_Rocket.nfc,nfc,Amiibo,AmiiboDB,moved
sd_card_content/nfc/Amiibo/Amiibo NFC/Animal_Crossing/Amiibo_Cards/Series_2/AC_104_Labelle.nfc,nfc,Amiibo,AmiiboDB,moved
sd_card_content/nfc/Amiibo/Amiibo NFC/Animal_Crossing/Amiibo_Cards/Series_2/AC_193_Keaton.nfc,nfc,Amiibo,AmiiboDB,moved
sd_card_content/nfc/Amiibo/Amiibo NFC/Animal_Crossing/Amiibo_Cards/Series_2/AC_156_Gabi.nfc,nfc,Amiibo,AmiiboDB,moved
sd_card_content/nfc/Amiibo/Amiibo NFC/Animal_Crossing/Amiibo_Cards/Series_2/AC_116_Chip.nfc,nfc,Amiibo,AmiiboDB,moved
sd_card_content/nfc/Amiibo/Amiibo NFC/Animal_Crossing/Amiibo_Cards/Series_2/AC_127_Kitt.nfc,nfc,Amiibo,AmiiboDB,moved
sd_card_content/nfc/Amiibo/Amiibo NFC/Animal_Crossing/Amiibo_Cards/Series_2/AC_136_Egbert.nfc,nfc,Amiibo,AmiiboDB,moved
sd_card_content/nfc/Amiibo/Amiibo NFC/Animal_Crossing/Amiibo_Cards/Series_2/AC_123_Fuchsia.nfc,nfc,Amiibo,AmiiboDB,moved
sd_card_content/nfc/Amiibo/Amiibo NFC/Animal_Crossing/Amiibo_Cards/Series_2/AC_147_Scoot.nfc,nfc,Amiibo,AmiiboDB,moved
sd_card_content/nfc/Amiibo/Amiibo NFC/Animal_Crossing/Amiibo_Cards/Series_2/AC_170_Ruby.nfc,nfc,Amiibo,AmiiboDB,moved
sd_card_content/nfc/Amiibo/Amiibo NFC/Animal_Crossing/Amiibo_Cards/Series_2/AC_159_Zell.nfc,nfc,Amiibo,AmiiboDB,moved
sd_card_content/nfc/Amiibo/Amiibo NFC/Animal_Crossing/Amiibo_Cards/Series_2/AC_158_Timbra.nfc,nfc,Amiibo,AmiiboDB,moved
sd_card_content/nfc/Amiibo/Amiibo NFC/Animal_Crossing/Amiibo_Cards/Series_2/AC_152_Wendy.nfc,nfc,Amiibo,AmiiboDB,moved
sd_card_content/nfc/Amiibo/Amiibo NFC/Animal_Crossing/Amiibo_Cards/Series_2/AC_151_Groucho.nfc,nfc,Amiibo,AmiiboDB,moved
sd_card_content/nfc/Amiibo/Amiibo NFC/Animal_Crossing/Amiibo_Cards/Series_2/AC_111_Shrunk.nfc,nfc,Amiibo,AmiiboDB,moved
sd_card_content/nfc/Amiibo/Amiibo NFC/Animal_Crossing/Amiibo_Cards/Series_2/AC_162_Mathilda.nfc,nfc,Amiibo,AmiiboDB,moved
sd_card_content/nfc/Amiibo/Amiibo NFC/Animal_Crossing/Amiibo_Cards/Series_2/AC_139_Blaire.nfc,nfc,Amiibo,AmiiboDB,moved
sd_card_content/nfc/Amiibo/Amiibo NFC/Animal_Crossing/Amiibo_Cards/Series_2/AC_115_Nat.nfc,nfc,Amiibo,AmiiboDB,moved
sd_card_content/nfc/Amiibo/Amiibo NFC/Animal_Crossing/Amiibo_Cards/Series_2/AC_145_Carmen.nfc,nfc,Amiibo,AmiiboDB,moved
sd_card_content/nfc/Amiibo/Amiibo NFC/Animal_Crossing/Amiibo_Cards/Series_2/AC_154_Rhonda.nfc,nfc,Amiibo,AmiiboDB,moved
sd_card_content/nfc/Amiibo/Amiibo NFC/Animal_Crossing/Amiibo_Cards/Series_2/AC_195_Hamphrey.nfc,nfc,Amiibo,AmiiboDB,moved
sd_card_content/nfc/Amiibo/Amiibo NFC/Animal_Crossing/Amiibo_Cards/Series_2/AC_178_Hugh.nfc,nfc,Amiibo,AmiiboDB,moved
sd_card_content/nfc/Amiibo/Amiibo NFC/Animal_Crossing/Amiibo_Cards/Series_2/AC_134_Kidd.nfc,nfc,Amiibo,AmiiboDB,moved
sd_card_content/nfc/Amiibo/Amiibo NFC/Animal_Crossing/Amiibo_Cards/Series_2/AC_132_Vladimir.nfc,nfc,Amiibo,AmiiboDB,moved
sd_card_content/nfc/Amiibo/Amiibo NFC/Animal_Crossing/Amiibo_Cards/Series_2/AC_137_Cookie.nfc,nfc,Amiibo,AmiiboDB,moved
sd_card_content/nfc/Amiibo/Amiibo NFC/Animal_Crossing/Amiibo_Cards/Series_2/AC_107_Katie.nfc,nfc,Amiibo,AmiiboDB,moved
sd_card_content/nfc/Amiibo/Amiibo NFC/Animal_Crossing/Amiibo_Cards/Series_2/AC_160_Pekoe.nfc,nfc,Amiibo,AmiiboDB,moved
sd_card_content/nfc/Amiibo/Amiibo NFC/Animal_Crossing/Amiibo_Cards/Series_2/AC_140_Avery.nfc,nfc,Amiibo,AmiiboDB,moved
sd_card_content/nfc/Amiibo/Amiibo NFC/Animal_Crossing/Amiibo_Cards/Series_2/AC_196_Freya.nfc,nfc,Amiibo,AmiiboDB,moved
sd_card_content/nfc/Amiibo/Amiibo NFC/Animal_Crossing/Amiibo_Cards/Series_2/AC_169_Bud.nfc,nfc,Amiibo,AmiiboDB,moved
sd_card_content/nfc/Amiibo/Amiibo NFC/Animal_Crossing/Amiibo_Cards/Series_2/AC_108_Tommy.nfc,nfc,Amiibo,AmiiboDB,moved
sd_card_content/nfc/Amiibo/Amiibo NFC/Animal_Crossing/Amiibo_Cards/Series_2/AC_143_Olivia.nfc,nfc,Amiibo,AmiiboDB,moved
sd_card_content/nfc/Amiibo/Amiibo NFC/Animal_Crossing/Amiibo_Cards/Series_2/AC_119_Felicity.nfc,nfc,Amiibo,AmiiboDB,moved
sd_card_content/nfc/Amiibo/Amiibo NFC/Animal_Crossing/Amiibo_Cards/Series_2/AC_191_Marcel.nfc,nfc,Amiibo,AmiiboDB,moved
sd_card_content/nfc/Amiibo/Amiibo NFC/Animal_Crossing/Amiibo_Cards/Series_2/AC_155_Butch.nfc,nfc,Amiibo,AmiiboDB,moved
sd_card_content/nfc/Amiibo/Amiibo NFC/Animal_Crossing/Amiibo_Cards/Series_2/AC_173_Julian.nfc,nfc,Amiibo,AmiiboDB,moved
sd_card_content/nfc/Amiibo/Amiibo NFC/Animal_Crossing/Amiibo_Cards/Series_2/AC_125_Gwen.nfc,nfc,Amiibo,AmiiboDB,moved
sd_card_content/nfc/Amiibo/Amiibo NFC/Animal_Crossing/Amiibo_Cards/Series_2/AC_131_Pate.nfc,nfc,Amiibo,AmiiboDB,moved
sd_card_content/nfc/Amiibo/Amiibo NFC/Animal_Crossing/Amiibo_Cards/Series_2/AC_120_Ozzie.nfc,nfc,Amiibo,AmiiboDB,moved
sd_card_content/nfc/Amiibo/Amiibo NFC/Animal_Crossing/Amiibo_Cards/Series_2/AC_133_Savannah.nfc,nfc,Amiibo,AmiiboDB,moved
sd_card_content/nfc/Amiibo/Amiibo NFC/Animal_Crossing/Amiibo_Cards/Series_2/AC_121_Tia.nfc,nfc,Amiibo,AmiiboDB,moved
sd_card_content/nfc/Amiibo/Amiibo NFC/Animal_Crossing/Amiibo_Cards/Series_2/AC_118_Poncho.nfc,nfc,Amiibo,AmiiboDB,moved
sd_card_content/nfc/Amiibo/Amiibo NFC/Animal_Crossing/Amiibo_Cards/Series_2/AC_187_Vic.nfc,nfc,Amiibo,AmiiboDB,moved
sd_card_content/nfc/Amiibo/Amiibo NFC/Animal_Crossing/Amiibo_Cards/Series_2/AC_109_Porter.nfc,nfc,Amiibo,AmiiboDB,moved
sd_card_content/nfc/Amiibo/Amiibo NFC/Animal_Crossing/Amiibo_Cards/Series_2/AC_172_Agnes.nfc,nfc,Amiibo,AmiiboDB,moved
sd_card_content/nfc/Amiibo/Amiibo NFC/Animal_Crossing/Amiibo_Cards/Series_2/AC_149_Broccolo.nfc,nfc,Amiibo,AmiiboDB,moved
sd_card_content/nfc/Amiibo/Amiibo NFC/Animal_Crossing/Amiibo_Cards/Series_2/AC_157_Moose.nfc,nfc,Amiibo,AmiiboDB,moved
sd_card_content/nfc/Amiibo/Amiibo NFC/Animal_Crossing/Amiibo_Cards/Series_2/AC_106_Booker.nfc,nfc,Amiibo,AmiiboDB,moved
sd_card_content/nfc/Amiibo/Amiibo NFC/Animal_Crossing/Amiibo_Cards/Series_2/AC_101_KK_Slider.nfc,nfc,Amiibo,AmiiboDB,moved
sd_card_content/nfc/Amiibo/Amiibo NFC/Animal_Crossing/Amiibo_Cards/Series_2/AC_122_Lucha.nfc,nfc,Amiibo,AmiiboDB,moved
sd_card_content/nfc/Amiibo/Amiibo NFC/Animal_Crossing/Amiibo_Cards/Series_2/AC_179_Hopper.nfc,nfc,Amiibo,AmiiboDB,moved
sd_card_content/nfc/Amiibo/Amiibo NFC/Animal_Crossing/Amiibo_Cards/Series_2/AC_171_Benedict.nfc,nfc,Amiibo,AmiiboDB,moved
sd_card_content/nfc/Amiibo/Amiibo NFC/Animal_Crossing/Amiibo_Cards/Series_2/AC_153_Alfonso.nfc,nfc,Amiibo,AmiiboDB,moved
sd_card_content/nfc/Amiibo/Amiibo NFC/Animal_Crossing/Amiibo_Cards/Series_2/AC_112_Don_Resetti.nfc,nfc,Amiibo,AmiiboDB,moved
sd_card_content/nfc/Amiibo/Amiibo NFC/Animal_Crossing/Amiibo_Cards/Series_2/AC_192_Pango.nfc,nfc,Amiibo,AmiiboDB,moved
sd_card_content/nfc/Amiibo/Amiibo NFC/Animal_Crossing/Amiibo_Cards/Series_2/AC_144_Cesar.nfc,nfc,Amiibo,AmiiboDB,moved
sd_card_content/nfc/Amiibo/Amiibo NFC/Animal_Crossing/Amiibo_Cards/Series_2/AC_117_Jack.nfc,nfc,Amiibo,AmiiboDB,moved
sd_card_content/nfc/Amiibo/Amiibo NFC/Animal_Crossing/Amiibo_Cards/Series_2/AC_114_Blanca.nfc,nfc,Amiibo,AmiiboDB,moved
sd_card_content/nfc/Amiibo/Amiibo NFC/Animal_Crossing/Amiibo_Cards/Series_2/AC_113_Isabelle.nfc,nfc,Amiibo,AmiiboDB,moved
sd_card_content/nfc/Amiibo/Amiibo NFC/Animal_Crossing/Amiibo_Cards/Sanrio_Cards/AC_XS4_Chai.nfc,nfc,Amiibo,AmiiboDB,moved
sd_card_content/nfc/Amiibo/Amiibo NFC/Animal_Crossing/Amiibo_Cards/Sanrio_Cards/AC_XS2_Marty.nfc,nfc,Amiibo,AmiiboDB,moved
sd_card_content/nfc/Amiibo/Amiibo NFC/Animal_Crossing/Amiibo_Cards/Sanrio_Cards/AC_XS3_Etoile.nfc,nfc,Amiibo,AmiiboDB,moved
sd_card_content/nfc/Amiibo/Amiibo NFC/Animal_Crossing/Amiibo_Cards/Sanrio_Cards/AC_XS6_Toby.nfc,nfc,Amiibo,AmiiboDB,moved
sd_card_content/nfc/Amiibo/Amiibo NFC/Animal_Crossing/Amiibo_Cards/Sanrio_Cards/AC_XS5_Chelsea.nfc,nfc,Amiibo,AmiiboDB,moved
sd_card_content/nfc/Amiibo/Amiibo NFC/Animal_Crossing/Amiibo_Cards/Sanrio_Cards/AC_XS1_Rilla.nfc,nfc,Amiibo,AmiiboDB,moved
sd_card_content/nfc/Amiibo/Amiibo NFC/Animal_Crossing/Amiibo_Cards/Welcome_Amiibo/AC_W17_Ursala.nfc,nfc,Amiibo,AmiiboDB,moved
sd_card_content/nfc/Amiibo/Amiibo NFC/Animal_Crossing/Amiibo_Cards/Welcome_Amiibo/AC_W37_Leopold.nfc,nfc,Amiibo,AmiiboDB,moved
sd_card_content/nfc/Amiibo/Amiibo NFC/Animal_Crossing/Amiibo_Cards/Welcome_Amiibo/AC_W21_Boyd.nfc,nfc,Amiibo,AmiiboDB,moved
sd_card_content/nfc/Amiibo/Amiibo NFC/Animal_Crossing/Amiibo_Cards/Welcome_Amiibo/AC_W45_Olive.nfc,nfc,Amiibo,AmiiboDB,moved
sd_card_content/nfc/Amiibo/Amiibo NFC/Animal_Crossing/Amiibo_Cards/Welcome_Amiibo/AC_W07_Stella.nfc,nfc,Amiibo,AmiiboDB,moved
sd_card_content/nfc/Amiibo/Amiibo NFC/Animal_Crossing/Amiibo_Cards/Welcome_Amiibo/AC_W30_Louie.nfc,nfc,Amiibo,AmiiboDB,moved
sd_card_content/nfc/Amiibo/Amiibo NFC/Animal_Crossing/Amiibo_Cards/Welcome_Amiibo/AC_W28_Raddle.nfc,nfc,Amiibo,AmiiboDB,moved
sd_card_content/nfc/Amiibo/Amiibo NFC/Animal_Crossing/Amiibo_Cards/Welcome_Amiibo/AC_W10_Sylvana.nfc,nfc,Amiibo,AmiiboDB,moved
sd_card_content/nfc/Amiibo/Amiibo NFC/Animal_Crossing/Amiibo_Cards/Welcome_Amiibo/AC_W50_Tasha.nfc,nfc,Amiibo,AmiiboDB,moved
sd_card_content/nfc/Amiibo/Amiibo NFC/Animal_Crossing/Amiibo_Cards/Welcome_Amiibo/AC_W06_Hornsby.nfc,nfc,Amiibo,AmiiboDB,moved
sd_card_content/nfc/Amiibo/Amiibo NFC/Animal_Crossing/Amiibo_Cards/Welcome_Amiibo/AC_W27_Claude.nfc,nfc,Amiibo,AmiiboDB,moved
sd_card_content/nfc/Amiibo/Amiibo NFC/Animal_Crossing/Amiibo_Cards/Welcome_Amiibo/AC_W41_Norma.nfc,nfc,Amiibo,AmiiboDB,moved
sd_card_content/nfc/Amiibo/Amiibo NFC/Animal_Crossing/Amiibo_Cards/Welcome_Amiibo/AC_W23_Maggie.nfc,nfc,Amiibo,AmiiboDB,moved
sd_card_content/nfc/Amiibo/Amiibo NFC/Animal_Crossing/Amiibo_Cards/Welcome_Amiibo/AC_W46_Dobie.nfc,nfc,Amiibo,AmiiboDB,moved
sd_card_content/nfc/Amiibo/Amiibo NFC/Animal_Crossing/Amiibo_Cards/Welcome_Amiibo/AC_W08_Tybalt.nfc,nfc,Amiibo,AmiiboDB,moved
sd_card_content/nfc/Amiibo/Amiibo NFC/Animal_Crossing/Amiibo_Cards/Welcome_Amiibo/AC_W48_Cleo.nfc,nfc,Amiibo,AmiiboDB,moved
sd_card_content/nfc/Amiibo/Amiibo NFC/Animal_Crossing/Amiibo_Cards/Welcome_Amiibo/AC_W36_Candi.nfc,nfc,Amiibo,AmiiboDB,moved
sd_card_content/nfc/Amiibo/Amiibo NFC/Animal_Crossing/Amiibo_Cards/Welcome_Amiibo/AC_W43_Sprocket.nfc,nfc,Amiibo,AmiiboDB,moved
sd_card_content/nfc/Amiibo/Amiibo NFC/Animal_Crossing/Amiibo_Cards/Welcome_Amiibo/AC_W32_Admiral.nfc,nfc,Amiibo,AmiiboDB,moved
sd_card_content/nfc/Amiibo/Amiibo NFC/Animal_Crossing/Amiibo_Cards/Welcome_Amiibo/AC_W42_Gonzo.nfc,nfc,Amiibo,AmiiboDB,moved
sd_card_content/nfc/Amiibo/Amiibo NFC/Animal_Crossing/Amiibo_Cards/Welcome_Amiibo/AC_W04_Piper.nfc,nfc,Amiibo,AmiiboDB,moved
sd_card_content/nfc/Amiibo/Amiibo NFC/Animal_Crossing/Amiibo_Cards/Welcome_Amiibo/AC_W05_Paolo.nfc,nfc,Amiibo,AmiiboDB,moved
sd_card_content/nfc/Amiibo/Amiibo NFC/Animal_Crossing/Amiibo_Cards/Welcome_Amiibo/AC_W22_Bitty.nfc,nfc,Amiibo,AmiiboDB,moved
sd_card_content/nfc/Amiibo/Amiibo NFC/Animal_Crossing/Amiibo_Cards/Welcome_Amiibo/AC_W16_Stu.nfc,nfc,Amiibo,AmiiboDB,moved
sd_card_content/nfc/Amiibo/Amiibo NFC/Animal_Crossing/Amiibo_Cards/Welcome_Amiibo/AC_W12_Wade.nfc,nfc,Amiibo,AmiiboDB,moved
sd_card_content/nfc/Amiibo/Amiibo NFC/Animal_Crossing/Amiibo_Cards/Welcome_Amiibo/AC_W40_Tad.nfc,nfc,Amiibo,AmiiboDB,moved
sd_card_content/nfc/Amiibo/Amiibo NFC/Animal_Crossing/Amiibo_Cards/Welcome_Amiibo/AC_W20_Billy.nfc,nfc,Amiibo,AmiiboDB,moved
sd_card_content/nfc/Amiibo/Amiibo NFC/Animal_Crossing/Amiibo_Cards/Welcome_Amiibo/AC_W24_Murphy.nfc,nfc,Amiibo,AmiiboDB,moved
sd_card_content/nfc/Amiibo/Amiibo NFC/Animal_Crossing/Amiibo_Cards/Welcome_Amiibo/AC_W19_Maddie.nfc,nfc,Amiibo,AmiiboDB,moved
sd_card_content/nfc/Amiibo/Amiibo NFC/Animal_Crossing/Amiibo_Cards/Welcome_Amiibo/AC_W39_Cashmere.nfc,nfc,Amiibo,AmiiboDB,moved
sd_card_content/nfc/Amiibo/Amiibo NFC/Animal_Crossing/Amiibo_Cards/Welcome_Amiibo/AC_W38_Spike.nfc,nfc,Amiibo,AmiiboDB,moved
sd_card_content/nfc/Amiibo/Amiibo NFC/Animal_Crossing/Amiibo_Cards/Welcome_Amiibo/AC_W18_Jacob.nfc,nfc,Amiibo,AmiiboDB,moved
sd_card_content/nfc/Amiibo/Amiibo NFC/Animal_Crossing/Amiibo_Cards/Welcome_Amiibo/AC_W01_Vivian.nfc,nfc,Amiibo,AmiiboDB,moved
sd_card_content/nfc/Amiibo/Amiibo NFC/Animal_Crossing/Amiibo_Cards/Welcome_Amiibo/AC_W44_Snooty.nfc,nfc,Amiibo,AmiiboDB,moved
sd_card_content/nfc/Amiibo/Amiibo NFC/Animal_Crossing/Amiibo_Cards/Welcome_Amiibo/AC_W31_Bea.nfc,nfc,Amiibo,AmiiboDB,moved
sd_card_content/nfc/Amiibo/Amiibo NFC/Animal_Crossing/Amiibo_Cards/Welcome_Amiibo/AC_W29_Julia.nfc,nfc,Amiibo,AmiiboDB,moved
sd_card_content/nfc/Amiibo/Amiibo NFC/Animal_Crossing/Amiibo_Cards/Welcome_Amiibo/AC_W33_Ellie.nfc,nfc,Amiibo,AmiiboDB,moved
sd_card_content/nfc/Amiibo/Amiibo NFC/Animal_Crossing/Amiibo_Cards/Welcome_Amiibo/AC_W15_Rex.nfc,nfc,Amiibo,AmiiboDB,moved
sd_card_content/nfc/Amiibo/Amiibo NFC/Animal_Crossing/Amiibo_Cards/Welcome_Amiibo/AC_W34_Boots.nfc,nfc,Amiibo,AmiiboDB,moved
sd_card_content/nfc/Amiibo/Amiibo NFC/Animal_Crossing/Amiibo_Cards/Welcome_Amiibo/AC_W49_Ike.nfc,nfc,Amiibo,AmiiboDB,moved
sd_card_content/nfc/Amiibo/Amiibo NFC/Animal_Crossing/Amiibo_Cards/Welcome_Amiibo/AC_W47_Buzz.nfc,nfc,Amiibo,AmiiboDB,moved
sd_card_content/nfc/Amiibo/Amiibo NFC/Animal_Crossing/Amiibo_Cards/Welcome_Amiibo/AC_W14_Ketchup.nfc,nfc,Amiibo,AmiiboDB,moved
sd_card_content/nfc/Amiibo/Amiibo NFC/Animal_Crossing/Amiibo_Cards/Welcome_Amiibo/AC_W25_Plucky.nfc,nfc,Amiibo,AmiiboDB,moved
sd_card_content/nfc/Amiibo/Amiibo NFC/Animal_Crossing/Amiibo_Cards/Welcome_Amiibo/AC_W02_Hopkins.nfc,nfc,Amiibo,AmiiboDB,moved
sd_card_content/nfc/Amiibo/Amiibo NFC/Animal_Crossing/Amiibo_Cards/Welcome_Amiibo/AC_W03_June.nfc,nfc,Amiibo,AmiiboDB,moved
sd_card_content/nfc/Amiibo/Amiibo NFC/Animal_Crossing/Amiibo_Cards/Welcome_Amiibo/AC_W09_Huck.nfc,nfc,Amiibo,AmiiboDB,moved
sd_card_content/nfc/Amiibo/Amiibo NFC/Animal_Crossing/Amiibo_Cards/Welcome_Amiibo/AC_W35_Weber.nfc,nfc,Amiibo,AmiiboDB,moved
sd_card_content/nfc/Amiibo/Amiibo NFC/Animal_Crossing/Amiibo_Cards/Welcome_Amiibo/AC_W11_Boris.nfc,nfc,Amiibo,AmiiboDB,moved
sd_card_content/nfc/Amiibo/Amiibo NFC/Animal_Crossing/Amiibo_Cards/Welcome_Amiibo/AC_W26_Sandy.nfc,nfc,Amiibo,AmiiboDB,moved
sd_card_content/nfc/Amiibo/Amiibo NFC/Animal_Crossing/Amiibo_Cards/Welcome_Amiibo/AC_W13_Carrie.nfc,nfc,Amiibo,AmiiboDB,moved
sd_card_content/nfc/Amiibo/Amiibo NFC/Animal_Crossing/Amiibo_Cards/Special_Edition/AC_CP2_KK_Slider.nfc,nfc,Amiibo,AmiiboDB,moved
sd_card_content/nfc/Amiibo/Amiibo NFC/Animal_Crossing/Amiibo_Cards/Special_Edition/AC_CP1_Isabelle.nfc,nfc,Amiibo,AmiiboDB,moved
sd_card_content/nfc/Amiibo/Amiibo NFC/Animal_Crossing/Amiibo_Cards/Amiibo_Festival/AC_AF2_Rosie.nfc,nfc,Amiibo,AmiiboDB,moved
sd_card_content/nfc/Amiibo/Amiibo NFC/Animal_Crossing/Amiibo_Cards/Amiibo_Festival/AC_AF3_Goldie.nfc,nfc,Amiibo,AmiiboDB,moved
sd_card_content/nfc/Amiibo/Amiibo NFC/Animal_Crossing/Amiibo_Cards/Amiibo_Festival/AC_AF1_Stitches.nfc,nfc,Amiibo,AmiiboDB,moved
sd_card_content/nfc/Amiibo/Amiibo NFC/Animal_Crossing/Amiibo_Cards/Series_1/AC_049_Bonbon.nfc,nfc,Amiibo,AmiiboDB,moved
sd_card_content/nfc/Amiibo/Amiibo NFC/Animal_Crossing/Amiibo_Cards/Series_1/AC_100_Walker.nfc,nfc,Amiibo,AmiiboDB,moved
sd_card_content/nfc/Amiibo/Amiibo NFC/Animal_Crossing/Amiibo_Cards/Series_1/AC_015_Tortimer.nfc,nfc,Amiibo,AmiiboDB,moved
sd_card_content/nfc/Amiibo/Amiibo NFC/Animal_Crossing/Amiibo_Cards/Series_1/AC_099_Molly.nfc,nfc,Amiibo,AmiiboDB,moved
sd_card_content/nfc/Amiibo/Amiibo NFC/Animal_Crossing/Amiibo_Cards/Series_1/AC_044_Shari.nfc,nfc,Amiibo,AmiiboDB,moved
sd_card_content/nfc/Amiibo/Amiibo NFC/Animal_Crossing/Amiibo_Cards/Series_1/AC_055_Snake.nfc,nfc,Amiibo,AmiiboDB,moved
sd_card_content/nfc/Amiibo/Amiibo NFC/Animal_Crossing/Amiibo_Cards/Series_1/AC_036_Alli.nfc,nfc,Amiibo,AmiiboDB,moved
sd_card_content/nfc/Amiibo/Amiibo NFC/Animal_Crossing/Amiibo_Cards/Series_1/AC_040_Gigi.nfc,nfc,Amiibo,AmiiboDB,moved
sd_card_content/nfc/Amiibo/Amiibo NFC/Animal_Crossing/Amiibo_Cards/Series_1/AC_024_Kyle.nfc,nfc,Amiibo,AmiiboDB,moved
sd_card_content/nfc/Amiibo/Amiibo NFC/Animal_Crossing/Amiibo_Cards/Series_1/AC_032_Bluebear.nfc,nfc,Amiibo,AmiiboDB,moved
sd_card_content/nfc/Amiibo/Amiibo NFC/Animal_Crossing/Amiibo_Cards/Series_1/AC_028_Jambette.nfc,nfc,Amiibo,AmiiboDB,moved
sd_card_content/nfc/Amiibo/Amiibo NFC/Animal_Crossing/Amiibo_Cards/Series_1/AC_083_Annalisa.nfc,nfc,Amiibo,AmiiboDB,moved
sd_card_content/nfc/Amiibo/Amiibo NFC/Animal_Crossing/Amiibo_Cards/Series_1/AC_020_Curt.nfc,nfc,Amiibo,AmiiboDB,moved
sd_card_content/nfc/Amiibo/Amiibo NFC/Animal_Crossing/Amiibo_Cards/Series_1/AC_089_Diana.nfc,nfc,Amiibo,AmiiboDB,moved
sd_card_content/nfc/Amiibo/Amiibo NFC/Animal_Crossing/Amiibo_Cards/Series_1/AC_038_Patty.nfc,nfc,Amiibo,AmiiboDB,moved
sd_card_content/nfc/Amiibo/Amiibo NFC/Animal_Crossing/Amiibo_Cards/Series_1/AC_005_Kappn.nfc,nfc,Amiibo,AmiiboDB,moved
sd_card_content/nfc/Amiibo/Amiibo NFC/Animal_Crossing/Amiibo_Cards/Series_1/AC_078_Roscoe.nfc,nfc,Amiibo,AmiiboDB,moved
sd_card_content/nfc/Amiibo/Amiibo NFC/Animal_Crossing/Amiibo_Cards/Series_1/AC_048_Sterling.nfc,nfc,Amiibo,AmiiboDB,moved
sd_card_content/nfc/Amiibo/Amiibo NFC/Animal_Crossing/Amiibo_Cards/Series_1/AC_097_Willow.nfc,nfc,Amiibo,AmiiboDB,moved
sd_card_content/nfc/Amiibo/Amiibo NFC/Animal_Crossing/Amiibo_Cards/Series_1/AC_046_Winnie.nfc,nfc,Amiibo,AmiiboDB,moved
sd_card_content/nfc/Amiibo/Amiibo NFC/Animal_Crossing/Amiibo_Cards/Series_1/AC_021_Portia.nfc,nfc,Amiibo,AmiiboDB,moved
sd_card_content/nfc/Amiibo/Amiibo NFC/Animal_Crossing/Amiibo_Cards/Series_1/AC_017_Lottie.nfc,nfc,Amiibo,AmiiboDB,moved
sd_card_content/nfc/Amiibo/Amiibo NFC/Animal_Crossing/Amiibo_Cards/Series_1/AC_025_Al.nfc,nfc,Amiibo,AmiiboDB,moved
sd_card_content/nfc/Amiibo/Amiibo NFC/Animal_Crossing/Amiibo_Cards/Series_1/AC_012_Redd.nfc,nfc,Amiibo,AmiiboDB,moved
sd_card_content/nfc/Amiibo/Amiibo NFC/Animal_Crossing/Amiibo_Cards/Series_1/AC_029_Rasher.nfc,nfc,Amiibo,AmiiboDB,moved
sd_card_content/nfc/Amiibo/Amiibo NFC/Animal_Crossing/Amiibo_Cards/Series_1/AC_008_Timmy.nfc,nfc,Amiibo,AmiiboDB,moved
sd_card_content/nfc/Amiibo/Amiibo NFC/Animal_Crossing/Amiibo_Cards/Series_1/AC_074_Cobb.nfc,nfc,Amiibo,AmiiboDB,moved
sd_card_content/nfc/Amiibo/Amiibo NFC/Animal_Crossing/Amiibo_Cards/Series_1/AC_062_TBone.nfc,nfc,Amiibo,AmiiboDB,moved
sd_card_content/nfc/Amiibo/Amiibo NFC/Animal_Crossing/Amiibo_Cards/Series_1/AC_064_Pudge.nfc,nfc,Amiibo,AmiiboDB,moved
sd_card_content/nfc/Amiibo/Amiibo NFC/Animal_Crossing/Amiibo_Cards/Series_1/AC_065_Midge.nfc,nfc,Amiibo,AmiiboDB,moved
sd_card_content/nfc/Amiibo/Amiibo NFC/Animal_Crossing/Amiibo_Cards/Series_1/AC_079_Truffles.nfc,nfc,Amiibo,AmiiboDB,moved
sd_card_content/nfc/Amiibo/Amiibo NFC/Animal_Crossing/Amiibo_Cards/Series_1/AC_001_Isabelle.nfc,nfc,Amiibo,AmiiboDB,moved
sd_card_content/nfc/Amiibo/Amiibo NFC/Animal_Crossing/Amiibo_Cards/Series_1/AC_016_Lyle.nfc,nfc,Amiibo,AmiiboDB,moved
sd_card_content/nfc/Amiibo/Amiibo NFC/Animal_Crossing/Amiibo_Cards/Series_1/AC_090_Axel.nfc,nfc,Amiibo,AmiiboDB,moved
sd_card_content/nfc/Amiibo/Amiibo NFC/Animal_Crossing/Amiibo_Cards/Series_1/AC_095_Peanut.nfc,nfc,Amiibo,AmiiboDB,moved
sd_card_content/nfc/Amiibo/Amiibo NFC/Animal_Crossing/Amiibo_Cards/Series_1/AC_003_DJ_KK.nfc,nfc,Amiibo,AmiiboDB,moved
sd_card_content/nfc/Amiibo/Amiibo NFC/Animal_Crossing/Amiibo_Cards/Series_1/AC_067_Flurry.nfc,nfc,Amiibo,AmiiboDB,moved
sd_card_content/nfc/Amiibo/Amiibo NFC/Animal_Crossing/Amiibo_Cards/Series_1/AC_054_Deena.nfc,nfc,Amiibo,AmiiboDB,moved
sd_card_content/nfc/Amiibo/Amiibo NFC/Animal_Crossing/Amiibo_Cards/Series_1/AC_018_Bob.nfc,nfc,Amiibo,AmiiboDB,moved
sd_card_content/nfc/Amiibo/Amiibo NFC/Animal_Crossing/Amiibo_Cards/Series_1/AC_084_Benjamin.nfc,nfc,Amiibo,AmiiboDB,moved
sd_card_content/nfc/Amiibo/Amiibo NFC/Animal_Crossing/Amiibo_Cards/Series_1/AC_087_Bunnie.nfc,nfc,Amiibo,AmiiboDB,moved
sd_card_content/nfc/Amiibo/Amiibo NFC/Animal_Crossing/Amiibo_Cards/Series_1/AC_051_Opal.nfc,nfc,Amiibo,AmiiboDB,moved
sd_card_content/nfc/Amiibo/Amiibo NFC/Animal_Crossing/Amiibo_Cards/Series_1/AC_037_Kabuki.nfc,nfc,Amiibo,AmiiboDB,moved
sd_card_content/nfc/Amiibo/Amiibo NFC/Animal_Crossing/Amiibo_Cards/Series_1/AC_006_Resetti.nfc,nfc,Amiibo,AmiiboDB,moved
sd_card_content/nfc/Amiibo/Amiibo NFC/Animal_Crossing/Amiibo_Cards/Series_1/AC_047_Knox.nfc,nfc,Amiibo,AmiiboDB,moved
sd_card_content/nfc/Amiibo/Amiibo NFC/Animal_Crossing/Amiibo_Cards/Series_1/AC_071_Yuka.nfc,nfc,Amiibo,AmiiboDB,moved
sd_card_content/nfc/Amiibo/Amiibo NFC/Animal_Crossing/Amiibo_Cards/Series_1/AC_077_Cherry.nfc,nfc,Amiibo,AmiiboDB,moved
sd_card_content/nfc/Amiibo/Amiibo NFC/Animal_Crossing/Amiibo_Cards/Series_1/AC_033_Bill.nfc,nfc,Amiibo,AmiiboDB,moved
sd_card_content/nfc/Amiibo/Amiibo NFC/Animal_Crossing/Amiibo_Cards/Series_1/AC_085_Pancetti.nfc,nfc,Amiibo,AmiiboDB,moved
sd_card_content/nfc/Amiibo/Amiibo NFC/Animal_Crossing/Amiibo_Cards/Series_1/AC_042_Marcie.nfc,nfc,Amiibo,AmiiboDB,moved
sd_card_content/nfc/Amiibo/Amiibo NFC/Animal_Crossing/Amiibo_Cards/Series_1/AC_093_Bertha.nfc,nfc,Amiibo,AmiiboDB,moved
sd_card_content/nfc/Amiibo/Amiibo NFC/Animal_Crossing/Amiibo_Cards/Series_1/AC_026_Renee.nfc,nfc,Amiibo,AmiiboDB,moved
sd_card_content/nfc/Amiibo/Amiibo NFC/Animal_Crossing/Amiibo_Cards/Series_1/AC_050_Punchy.nfc,nfc,Amiibo,AmiiboDB,moved
sd_card_content/nfc/Amiibo/Amiibo NFC/Animal_Crossing/Amiibo_Cards/Series_1/AC_082_Goose.nfc,nfc,Amiibo,AmiiboDB,moved
sd_card_content/nfc/Amiibo/Amiibo NFC/Animal_Crossing/Amiibo_Cards/Series_1/AC_091_Muffy.nfc,nfc,Amiibo,AmiiboDB,moved
sd_card_content/nfc/Amiibo/Amiibo NFC/Animal_Crossing/Amiibo_Cards/Series_1/AC_023_Cheri.nfc,nfc,Amiibo,AmiiboDB,moved
sd_card_content/nfc/Amiibo/Amiibo NFC/Animal_Crossing/Amiibo_Cards/Series_1/AC_022_Leonardo.nfc,nfc,Amiibo,AmiiboDB,moved
sd_card_content/nfc/Amiibo/Amiibo NFC/Animal_Crossing/Amiibo_Cards/Series_1/AC_045_Octavian.nfc,nfc,Amiibo,AmiiboDB,moved
sd_card_content/nfc/Amiibo/Amiibo NFC/Animal_Crossing/Amiibo_Cards/Series_1/AC_066_Gruff.nfc,nfc,Amiibo,AmiiboDB,moved
sd_card_content/nfc/Amiibo/Amiibo NFC/Animal_Crossing/Amiibo_Cards/Series_1/AC_057_Phil.nfc,nfc,Amiibo,AmiiboDB,moved
sd_card_content/nfc/Amiibo/Amiibo NFC/Animal_Crossing/Amiibo_Cards/Series_1/AC_011_Harriet.nfc,nfc,Amiibo,AmiiboDB,moved
sd_card_content/nfc/Amiibo/Amiibo NFC/Animal_Crossing/Amiibo_Cards/Series_1/AC_069_Bella.nfc,nfc,Amiibo,AmiiboDB,moved
sd_card_content/nfc/Amiibo/Amiibo NFC/Animal_Crossing/Amiibo_Cards/Series_1/AC_061_Tutu.nfc,nfc,Amiibo,AmiiboDB,moved
sd_card_content/nfc/Amiibo/Amiibo NFC/Animal_Crossing/Amiibo_Cards/Series_1/AC_014_Luna.nfc,nfc,Amiibo,AmiiboDB,moved
sd_card_content/nfc/Amiibo/Amiibo NFC/Animal_Crossing/Amiibo_Cards/Series_1/AC_059_Nate.nfc,nfc,Amiibo,AmiiboDB,moved
sd_card_content/nfc/Amiibo/Amiibo NFC/Animal_Crossing/Amiibo_Cards/Series_1/AC_052_Poppy.nfc,nfc,Amiibo,AmiiboDB,moved
sd_card_content/nfc/Amiibo/Amiibo NFC/Animal_Crossing/Amiibo_Cards/Series_1/AC_058_Monique.nfc,nfc,Amiibo,AmiiboDB,moved
sd_card_content/nfc/Amiibo/Amiibo NFC/Animal_Crossing/Amiibo_Cards/Series_1/AC_030_Tiffany.nfc,nfc,Amiibo,AmiiboDB,moved
sd_card_content/nfc/Amiibo/Amiibo NFC/Animal_Crossing/Amiibo_Cards/Series_1/AC_086_Chief.nfc,nfc,Amiibo,AmiiboDB,moved
sd_card_content/nfc/Amiibo/Amiibo NFC/Animal_Crossing/Amiibo_Cards/Series_1/AC_027_Lopez.nfc,nfc,Amiibo,AmiiboDB,moved
sd_card_content/nfc/Amiibo/Amiibo NFC/Animal_Crossing/Amiibo_Cards/Series_1/AC_034_Kiki.nfc,nfc,Amiibo,AmiiboDB,moved
sd_card_content/nfc/Amiibo/Amiibo NFC/Animal_Crossing/Amiibo_Cards/Series_1/AC_035_Deli.nfc,nfc,Amiibo,AmiiboDB,moved
sd_card_content/nfc/Amiibo/Amiibo NFC/Animal_Crossing/Amiibo_Cards/Series_1/AC_080_Eugene.nfc,nfc,Amiibo,AmiiboDB,moved
sd_card_content/nfc/Amiibo/Amiibo NFC/Animal_Crossing/Amiibo_Cards/Series_1/AC_075_Amelia.nfc,nfc,Amiibo,AmiiboDB,moved
sd_card_content/nfc/Amiibo/Amiibo NFC/Animal_Crossing/Amiibo_Cards/Series_1/AC_010_Pascal.nfc,nfc,Amiibo,AmiiboDB,moved
sd_card_content/nfc/Amiibo/Amiibo NFC/Animal_Crossing/Amiibo_Cards/Series_1/AC_094_Cyrano.nfc,nfc,Amiibo,AmiiboDB,moved
sd_card_content/nfc/Amiibo/Amiibo NFC/Animal_Crossing/Amiibo_Cards/Series_1/AC_002_Tom_Nook.nfc,nfc,Amiibo,AmiiboDB,moved
sd_card_content/nfc/Amiibo/Amiibo NFC/Animal_Crossing/Amiibo_Cards/Series_1/AC_068_Clyde.nfc,nfc,Amiibo,AmiiboDB,moved
sd_card_content/nfc/Amiibo/Amiibo NFC/Animal_Crossing/Amiibo_Cards/Series_1/AC_096_Cole.nfc,nfc,Amiibo,AmiiboDB,moved
sd_card_content/nfc/Amiibo/Amiibo NFC/Animal_Crossing/Amiibo_Cards/Series_1/AC_007_Joan.nfc,nfc,Amiibo,AmiiboDB,moved
sd_card_content/nfc/Amiibo/Amiibo NFC/Animal_Crossing/Amiibo_Cards/Series_1/AC_073_Flo.nfc,nfc,Amiibo,AmiiboDB,moved
sd_card_content/nfc/Amiibo/Amiibo NFC/Animal_Crossing/Amiibo_Cards/Series_1/AC_004_Sable.nfc,nfc,Amiibo,AmiiboDB,moved
sd_card_content/nfc/Amiibo/Amiibo NFC/Animal_Crossing/Amiibo_Cards/Series_1/AC_053_Limberg.nfc,nfc,Amiibo,AmiiboDB,moved
sd_card_content/nfc/Amiibo/Amiibo NFC/Animal_Crossing/Amiibo_Cards/Series_1/AC_056_Bangle.nfc,nfc,Amiibo,AmiiboDB,moved
sd_card_content/nfc/Amiibo/Amiibo NFC/Animal_Crossing/Amiibo_Cards/Series_1/AC_072_Lionel.nfc,nfc,Amiibo,AmiiboDB,moved
sd_card_content/nfc/Amiibo/Amiibo NFC/Animal_Crossing/Amiibo_Cards/Series_1/AC_039_Jitters.nfc,nfc,Amiibo,AmiiboDB,moved
sd_card_content/nfc/Amiibo/Amiibo NFC/Animal_Crossing/Amiibo_Cards/Series_1/AC_081_Eunice.nfc,nfc,Amiibo,AmiiboDB,moved
sd_card_content/nfc/Amiibo/Amiibo NFC/Animal_Crossing/Amiibo_Cards/Series_1/AC_009_Digby.nfc,nfc,Amiibo,AmiiboDB,moved
sd_card_content/nfc/Amiibo/Amiibo NFC/Animal_Crossing/Amiibo_Cards/Series_1/AC_092_Henry.nfc,nfc,Amiibo,AmiiboDB,moved
sd_card_content/nfc/Amiibo/Amiibo NFC/Animal_Crossing/Amiibo_Cards/Series_1/AC_076_Jeramiah.nfc,nfc,Amiibo,AmiiboDB,moved
sd_card_content/nfc/Amiibo/Amiibo NFC/Animal_Crossing/Amiibo_Cards/Series_1/AC_060_Samson.nfc,nfc,Amiibo,AmiiboDB,moved
sd_card_content/nfc/Amiibo/Amiibo NFC/Animal_Crossing/Amiibo_Cards/Series_1/AC_019_Fauna.nfc,nfc,Amiibo,AmiiboDB,moved
sd_card_content/nfc/Amiibo/Amiibo NFC/Animal_Crossing/Amiibo_Cards/Series_1/AC_043_Puck.nfc,nfc,Amiibo,AmiiboDB,moved
sd_card_content/nfc/Amiibo/Amiibo NFC/Animal_Crossing/Amiibo_Cards/Series_1/AC_098_Roald.nfc,nfc,Amiibo,AmiiboDB,moved
sd_card_content/nfc/Amiibo/Amiibo NFC/Animal_Crossing/Amiibo_Cards/Series_1/AC_041_Quillson.nfc,nfc,Amiibo,AmiiboDB,moved
sd_card_content/nfc/Amiibo/Amiibo NFC/Animal_Crossing/Amiibo_Cards/Series_1/AC_088_Clay.nfc,nfc,Amiibo,AmiiboDB,moved
sd_card_content/nfc/Amiibo/Amiibo NFC/Animal_Crossing/Amiibo_Cards/Series_1/AC_070_Biff.nfc,nfc,Amiibo,AmiiboDB,moved
sd_card_content/nfc/Amiibo/Amiibo NFC/Animal_Crossing/Amiibo_Cards/Series_1/AC_013_Saharah.nfc,nfc,Amiibo,AmiiboDB,moved
sd_card_content/nfc/Amiibo/Amiibo NFC/Animal_Crossing/Amiibo_Cards/Series_1/AC_031_Sheldon.nfc,nfc,Amiibo,AmiiboDB,moved
sd_card_content/nfc/Amiibo/Amiibo NFC/Animal_Crossing/Amiibo_Cards/Series_1/AC_063_Mint.nfc,nfc,Amiibo,AmiiboDB,moved
sd_card_content/nfc/Amiibo/Amiibo NFC/Animal_Crossing/Amiibo_Cards/Series_5/414_Daisy_Mae.nfc,nfc,Amiibo,AmiiboDB,moved
sd_card_content/nfc/Amiibo/Amiibo NFC/Animal_Crossing/Amiibo_Cards/Series_5/411_KK_Slider.nfc,nfc,Amiibo,AmiiboDB,moved
sd_card_content/nfc/Amiibo/Amiibo NFC/Animal_Crossing/Amiibo_Cards/Series_5/418_Gulliver.nfc,nfc,Amiibo,AmiiboDB,moved
sd_card_content/nfc/Amiibo/Amiibo NFC/Animal_Crossing/Amiibo_Cards/Series_5/432_Reneigh.nfc,nfc,Amiibo,AmiiboDB,moved
sd_card_content/nfc/Amiibo/Amiibo NFC/Animal_Crossing/Amiibo_Cards/Series_5/425_Sherb.nfc,nfc,Amiibo,AmiiboDB,moved
sd_card_content/nfc/Amiibo/Amiibo NFC/Animal_Crossing/Amiibo_Cards/Series_5/401_Tom_Nook.nfc,nfc,Amiibo,AmiiboDB,moved
sd_card_content/nfc/Amiibo/Amiibo NFC/Animal_Crossing/Amiibo_Cards/Series_5/404_Orville.nfc,nfc,Amiibo,AmiiboDB,moved
sd_card_content/nfc/Amiibo/Amiibo NFC/Animal_Crossing/Amiibo_Cards/Series_5/416_Saharah.nfc,nfc,Amiibo,AmiiboDB,moved
sd_card_content/nfc/Amiibo/Amiibo NFC/Animal_Crossing/Amiibo_Cards/Series_5/428_Audie_.nfc,nfc,Amiibo,AmiiboDB,moved
sd_card_content/nfc/Amiibo/Amiibo NFC/Animal_Crossing/Amiibo_Cards/Series_5/441_Chabwick.nfc,nfc,Amiibo,AmiiboDB,moved
sd_card_content/nfc/Amiibo/Amiibo NFC/Animal_Crossing/Amiibo_Cards/Series_5/440_Quinn.nfc,nfc,Amiibo,AmiiboDB,moved
sd_card_content/nfc/Amiibo/Amiibo NFC/Animal_Crossing/Amiibo_Cards/Series_5/420_Lottie.nfc,nfc,Amiibo,AmiiboDB,moved
sd_card_content/nfc/Amiibo/Amiibo NFC/Animal_Crossing/Amiibo_Cards/Series_5/419_Wisp.nfc,nfc,Amiibo,AmiiboDB,moved
sd_card_content/nfc/Amiibo/Amiibo NFC/Animal_Crossing/Amiibo_Cards/Series_5/443_Ace.nfc,nfc,Amiibo,AmiiboDB,moved
sd_card_content/nfc/Amiibo/Amiibo NFC/Animal_Crossing/Amiibo_Cards/Series_5/426_Megan.nfc,nfc,Amiibo,AmiiboDB,moved
sd_card_content/nfc/Amiibo/Amiibo NFC/Animal_Crossing/Amiibo_Cards/Series_5/429_Cyd.nfc,nfc,Amiibo,AmiiboDB,moved
sd_card_content/nfc/Amiibo/Amiibo NFC/Animal_Crossing/Amiibo_Cards/Series_5/430_Judy_.nfc,nfc,Amiibo,AmiiboDB,moved
sd_card_content/nfc/Amiibo/Amiibo NFC/Animal_Crossing/Amiibo_Cards/Series_5/444_Rio.nfc,nfc,Amiibo,AmiiboDB,moved
sd_card_content/nfc/Amiibo/Amiibo NFC/Animal_Crossing/Amiibo_Cards/Series_5/427_Dom.nfc,nfc,Amiibo,AmiiboDB,moved
sd_card_content/nfc/Amiibo/Amiibo NFC/Animal_Crossing/Amiibo_Cards/Series_5/423_Tom_Nook_Coat.nfc,nfc,Amiibo,AmiiboDB,moved
sd_card_content/nfc/Amiibo/Amiibo NFC/Animal_Crossing/Amiibo_Cards/Series_5/439_Cephalobot.nfc,nfc,Amiibo,AmiiboDB,moved
sd_card_content/nfc/Amiibo/Amiibo NFC/Animal_Crossing/Amiibo_Cards/Series_5/417_Harvey.nfc,nfc,Amiibo,AmiiboDB,moved
sd_card_content/nfc/Amiibo/Amiibo NFC/Animal_Crossing/Amiibo_Cards/Series_5/446_Azalea.nfc,nfc,Amiibo,AmiiboDB,moved
sd_card_content/nfc/Amiibo/Amiibo NFC/Animal_Crossing/Amiibo_Cards/Series_5/433_Sasha.nfc,nfc,Amiibo,AmiiboDB,moved
sd_card_content/nfc/Amiibo/Amiibo NFC/Animal_Crossing/Amiibo_Cards/Series_5/402_Timmy_and_Tommy.nfc,nfc,Amiibo,AmiiboDB,moved
sd_card_content/nfc/Amiibo/Amiibo NFC/Animal_Crossing/Amiibo_Cards/Series_5/448_Faith.nfc,nfc,Amiibo,AmiiboDB,moved
sd_card_content/nfc/Amiibo/Amiibo NFC/Animal_Crossing/Amiibo_Cards/Series_5/410_Label.nfc,nfc,Amiibo,AmiiboDB,moved
sd_card_content/nfc/Amiibo/Amiibo NFC/Animal_Crossing/Amiibo_Cards/Series_5/415_Kicks.nfc,nfc,Amiibo,AmiiboDB,moved
sd_card_content/nfc/Amiibo/Amiibo NFC/Animal_Crossing/Amiibo_Cards/Series_5/409_Sable.nfc,nfc,Amiibo,AmiiboDB,moved
sd_card_content/nfc/Amiibo/Amiibo NFC/Animal_Crossing/Amiibo_Cards/Series_5/407_Celeste.nfc,nfc,Amiibo,AmiiboDB,moved
sd_card_content/nfc/Amiibo/Amiibo NFC/Animal_Crossing/Amiibo_Cards/Series_5/445_Frett.nfc,nfc,Amiibo,AmiiboDB,moved
sd_card_content/nfc/Amiibo/Amiibo NFC/Animal_Crossing/Amiibo_Cards/Series_5/424_Isabelle_Sweater.nfc,nfc,Amiibo,AmiiboDB,moved
sd_card_content/nfc/Amiibo/Amiibo NFC/Animal_Crossing/Amiibo_Cards/Series_5/435_Tiansheng.nfc,nfc,Amiibo,AmiiboDB,moved
sd_card_content/nfc/Amiibo/Amiibo NFC/Animal_Crossing/Amiibo_Cards/Series_5/413_Flick.nfc,nfc,Amiibo,AmiiboDB,moved
sd_card_content/nfc/Amiibo/Amiibo NFC/Animal_Crossing/Amiibo_Cards/Series_5/442_Zoe.nfc,nfc,Amiibo,AmiiboDB,moved
sd_card_content/nfc/Amiibo/Amiibo NFC/Animal_Crossing/Amiibo_Cards/Series_5/421_Niko.nfc,nfc,Amiibo,AmiiboDB,moved
sd_card_content/nfc/Amiibo/Amiibo NFC/Animal_Crossing/Amiibo_Cards/Series_5/438_Petri.nfc,nfc,Amiibo,AmiiboDB,moved
sd_card_content/nfc/Amiibo/Amiibo NFC/Animal_Crossing/Amiibo_Cards/Series_5/434_Ione.nfc,nfc,Amiibo,AmiiboDB,moved
sd_card_content/nfc/Amiibo/Amiibo NFC/Animal_Crossing/Amiibo_Cards/Series_5/437_Marlo.nfc,nfc,Amiibo,AmiiboDB,moved
sd_card_content/nfc/Amiibo/Amiibo NFC/Animal_Crossing/Amiibo_Cards/Series_5/422_Wardell.nfc,nfc,Amiibo,AmiiboDB,moved
sd_card_content/nfc/Amiibo/Amiibo NFC/Animal_Crossing/Amiibo_Cards/Series_5/412_CJ_.nfc,nfc,Amiibo,AmiiboDB,moved
sd_card_content/nfc/Amiibo/Amiibo NFC/Animal_Crossing/Amiibo_Cards/Series_5/403_Isabelle.nfc,nfc,Amiibo,AmiiboDB,moved
sd_card_content/nfc/Amiibo/Amiibo NFC/Animal_Crossing/Amiibo_Cards/Series_5/436_Shino.nfc,nfc,Amiibo,AmiiboDB,moved
sd_card_content/nfc/Amiibo/Amiibo NFC/Animal_Crossing/Amiibo_Cards/Series_5/447_Roswell.nfc,nfc,Amiibo,AmiiboDB,moved
sd_card_content/nfc/Amiibo/Amiibo NFC/Animal_Crossing/Amiibo_Cards/Series_5/405_Wilbur.nfc,nfc,Amiibo,AmiiboDB,moved
sd_card_content/nfc/Amiibo/Amiibo NFC/Animal_Crossing/Amiibo_Cards/Series_5/431_Raymond.nfc,nfc,Amiibo,AmiiboDB,moved
sd_card_content/nfc/Amiibo/Amiibo NFC/Animal_Crossing/Amiibo_Cards/Series_5/408_Mabel.nfc,nfc,Amiibo,AmiiboDB,moved
sd_card_content/nfc/Amiibo/Amiibo NFC/Animal_Crossing/Amiibo_Cards/Series_5/406_Blathers.nfc,nfc,Amiibo,AmiiboDB,moved
sd_card_content/nfc/Amiibo/Amiibo NFC/Animal_Crossing/Amiibo_Cards/Series_3/AC_299_Francine.nfc,nfc,Amiibo,AmiiboDB,moved
sd_card_content/nfc/Amiibo/Amiibo NFC/Animal_Crossing/Amiibo_Cards/Series_3/AC_293_Rolf.nfc,nfc,Amiibo,AmiiboDB,moved
sd_card_content/nfc/Amiibo/Amiibo NFC/Animal_Crossing/Amiibo_Cards/Series_3/AC_217_Jingle.nfc,nfc,Amiibo,AmiiboDB,moved
sd_card_content/nfc/Amiibo/Amiibo NFC/Animal_Crossing/Amiibo_Cards/Series_3/AC_282_Violet.nfc,nfc,Amiibo,AmiiboDB,moved
sd_card_content/nfc/Amiibo/Amiibo NFC/Animal_Crossing/Amiibo_Cards/Series_3/AC_225_Ken.nfc,nfc,Amiibo,AmiiboDB,moved
sd_card_content/nfc/Amiibo/Amiibo NFC/Animal_Crossing/Amiibo_Cards/Series_3/AC_224_Paula.nfc,nfc,Amiibo,AmiiboDB,moved
sd_card_content/nfc/Amiibo/Amiibo NFC/Animal_Crossing/Amiibo_Cards/Series_3/AC_263_Gaston.nfc,nfc,Amiibo,AmiiboDB,moved
sd_card_content/nfc/Amiibo/Amiibo NFC/Animal_Crossing/Amiibo_Cards/Series_3/AC_280_Victoria.nfc,nfc,Amiibo,AmiiboDB,moved
sd_card_content/nfc/Amiibo/Amiibo NFC/Animal_Crossing/Amiibo_Cards/Series_3/AC_289_Boomer.nfc,nfc,Amiibo,AmiiboDB,moved
sd_card_content/nfc/Amiibo/Amiibo NFC/Animal_Crossing/Amiibo_Cards/Series_3/AC_241_Hans.nfc,nfc,Amiibo,AmiiboDB,moved
sd_card_content/nfc/Amiibo/Amiibo NFC/Animal_Crossing/Amiibo_Cards/Series_3/AC_208_Leif.nfc,nfc,Amiibo,AmiiboDB,moved
sd_card_content/nfc/Amiibo/Amiibo NFC/Animal_Crossing/Amiibo_Cards/Series_3/AC_237_Bam.nfc,nfc,Amiibo,AmiiboDB,moved
sd_card_content/nfc/Amiibo/Amiibo NFC/Animal_Crossing/Amiibo_Cards/Series_3/AC_268_Buck.nfc,nfc,Amiibo,AmiiboDB,moved
sd_card_content/nfc/Amiibo/Amiibo NFC/Animal_Crossing/Amiibo_Cards/Series_3/AC_246_Eloise.nfc,nfc,Amiibo,AmiiboDB,moved
sd_card_content/nfc/Amiibo/Amiibo NFC/Animal_Crossing/Amiibo_Cards/Series_3/AC_260_Tammi.nfc,nfc,Amiibo,AmiiboDB,moved
sd_card_content/nfc/Amiibo/Amiibo NFC/Animal_Crossing/Amiibo_Cards/Series_3/AC_205_Phyllis.nfc,nfc,Amiibo,AmiiboDB,moved
sd_card_content/nfc/Amiibo/Amiibo NFC/Animal_Crossing/Amiibo_Cards/Series_3/AC_232_Canberra.nfc,nfc,Amiibo,AmiiboDB,moved
sd_card_content/nfc/Amiibo/Amiibo NFC/Animal_Crossing/Amiibo_Cards/Series_3/AC_251_Chester.nfc,nfc,Amiibo,AmiiboDB,moved
sd_card_content/nfc/Amiibo/Amiibo NFC/Animal_Crossing/Amiibo_Cards/Series_3/AC_265_Gala.nfc,nfc,Amiibo,AmiiboDB,moved
sd_card_content/nfc/Amiibo/Amiibo NFC/Animal_Crossing/Amiibo_Cards/Series_3/AC_242_Chevre.nfc,nfc,Amiibo,AmiiboDB,moved
sd_card_content/nfc/Amiibo/Amiibo NFC/Animal_Crossing/Amiibo_Cards/Series_3/AC_262_Blanche.nfc,nfc,Amiibo,AmiiboDB,moved
sd_card_content/nfc/Amiibo/Amiibo NFC/Animal_Crossing/Amiibo_Cards/Series_3/AC_211_Grams.nfc,nfc,Amiibo,AmiiboDB,moved
sd_card_content/nfc/Amiibo/Amiibo NFC/Animal_Crossing/Amiibo_Cards/Series_3/AC_238_Friga.nfc,nfc,Amiibo,AmiiboDB,moved
sd_card_content/nfc/Amiibo/Amiibo NFC/Animal_Crossing/Amiibo_Cards/Series_3/AC_230_Velma.nfc,nfc,Amiibo,AmiiboDB,moved
sd_card_content/nfc/Amiibo/Amiibo NFC/Animal_Crossing/Amiibo_Cards/Series_3/AC_273_Moe.nfc,nfc,Amiibo,AmiiboDB,moved
sd_card_content/nfc/Amiibo/Amiibo NFC/Animal_Crossing/Amiibo_Cards/Series_3/AC_233_Colton.nfc,nfc,Amiibo,AmiiboDB,moved
sd_card_content/nfc/Amiibo/Amiibo NFC/Animal_Crossing/Amiibo_Cards/Series_3/AC_250_Ava.nfc,nfc,Amiibo,AmiiboDB,moved
sd_card_content/nfc/Amiibo/Amiibo NFC/Animal_Crossing/Amiibo_Cards/Series_3/AC_218_Lily.nfc,nfc,Amiibo,AmiiboDB,moved
sd_card_content/nfc/Amiibo/Amiibo NFC/Animal_Crossing/Amiibo_Cards/Series_3/AC_227_Rodeo.nfc,nfc,Amiibo,AmiiboDB,moved
sd_card_content/nfc/Amiibo/Amiibo NFC/Animal_Crossing/Amiibo_Cards/Series_3/AC_285_Merengue.nfc,nfc,Amiibo,AmiiboDB,moved
sd_card_content/nfc/Amiibo/Amiibo NFC/Animal_Crossing/Amiibo_Cards/Series_3/AC_267_Pippy.nfc,nfc,Amiibo,AmiiboDB,moved
sd_card_content/nfc/Amiibo/Amiibo NFC/Animal_Crossing/Amiibo_Cards/Series_3/AC_240_Deirdre.nfc,nfc,Amiibo,AmiiboDB,moved
sd_card_content/nfc/Amiibo/Amiibo NFC/Animal_Crossing/Amiibo_Cards/Series_3/AC_257_Klaus.nfc,nfc,Amiibo,AmiiboDB,moved
sd_card_content/nfc/Amiibo/Amiibo NFC/Animal_Crossing/Amiibo_Cards/Series_3/AC_228_Bubbles.nfc,nfc,Amiibo,AmiiboDB,moved
sd_card_content/nfc/Amiibo/Amiibo NFC/Animal_Crossing/Amiibo_Cards/Series_3/AC_229_Cousteau.nfc,nfc,Amiibo,AmiiboDB,moved
sd_card_content/nfc/Amiibo/Amiibo NFC/Animal_Crossing/Amiibo_Cards/Series_3/AC_290_Caroline.nfc,nfc,Amiibo,AmiiboDB,moved
sd_card_content/nfc/Amiibo/Amiibo NFC/Animal_Crossing/Amiibo_Cards/Series_3/AC_202_Blathers.nfc,nfc,Amiibo,AmiiboDB,moved
sd_card_content/nfc/Amiibo/Amiibo NFC/Animal_Crossing/Amiibo_Cards/Series_3/AC_247_Wart_Jr.nfc,nfc,Amiibo,AmiiboDB,moved
sd_card_content/nfc/Amiibo/Amiibo NFC/Animal_Crossing/Amiibo_Cards/Series_3/AC_294_Maple.nfc,nfc,Amiibo,AmiiboDB,moved
sd_card_content/nfc/Amiibo/Amiibo NFC/Animal_Crossing/Amiibo_Cards/Series_3/AC_244_Tangy.nfc,nfc,Amiibo,AmiiboDB,moved
sd_card_content/nfc/Amiibo/Amiibo NFC/Animal_Crossing/Amiibo_Cards/Series_3/AC_203_Tom_Nook.nfc,nfc,Amiibo,AmiiboDB,moved
sd_card_content/nfc/Amiibo/Amiibo NFC/Animal_Crossing/Amiibo_Cards/Series_3/AC_276_Astrid.nfc,nfc,Amiibo,AmiiboDB,moved
sd_card_content/nfc/Amiibo/Amiibo NFC/Animal_Crossing/Amiibo_Cards/Series_3/AC_259_Stinky.nfc,nfc,Amiibo,AmiiboDB,moved
sd_card_content/nfc/Amiibo/Amiibo NFC/Animal_Crossing/Amiibo_Cards/Series_3/AC_245_Mac.nfc,nfc,Amiibo,AmiiboDB,moved
sd_card_content/nfc/Amiibo/Amiibo NFC/Animal_Crossing/Amiibo_Cards/Series_3/AC_291_Sparro.nfc,nfc,Amiibo,AmiiboDB,moved
sd_card_content/nfc/Amiibo/Amiibo NFC/Animal_Crossing/Amiibo_Cards/Series_3/AC_295_Antonio.nfc,nfc,Amiibo,AmiiboDB,moved
sd_card_content/nfc/Amiibo/Amiibo NFC/Animal_Crossing/Amiibo_Cards/Series_3/AC_272_Skye.nfc,nfc,Amiibo,AmiiboDB,moved
sd_card_content/nfc/Amiibo/Amiibo NFC/Animal_Crossing/Amiibo_Cards/Series_3/AC_287_Claudia.nfc,nfc,Amiibo,AmiiboDB,moved
sd_card_content/nfc/Amiibo/Amiibo NFC/Animal_Crossing/Amiibo_Cards/Series_3/AC_239_Ricky.nfc,nfc,Amiibo,AmiiboDB,moved
sd_card_content/nfc/Amiibo/Amiibo NFC/Animal_Crossing/Amiibo_Cards/Series_3/AC_213_Digby.nfc,nfc,Amiibo,AmiiboDB,moved
sd_card_content/nfc/Amiibo/Amiibo NFC/Animal_Crossing/Amiibo_Cards/Series_3/AC_274_Flora.nfc,nfc,Amiibo,AmiiboDB,moved
sd_card_content/nfc/Amiibo/Amiibo NFC/Animal_Crossing/Amiibo_Cards/Series_3/AC_222_Miranda.nfc,nfc,Amiibo,AmiiboDB,moved
sd_card_content/nfc/Amiibo/Amiibo NFC/Animal_Crossing/Amiibo_Cards/Series_3/AC_220_Tabby.nfc,nfc,Amiibo,AmiiboDB,moved
sd_card_content/nfc/Amiibo/Amiibo NFC/Animal_Crossing/Amiibo_Cards/Series_3/AC_248_Hazel.nfc,nfc,Amiibo,AmiiboDB,moved
sd_card_content/nfc/Amiibo/Amiibo NFC/Animal_Crossing/Amiibo_Cards/Series_3/AC_261_Tucker.nfc,nfc,Amiibo,AmiiboDB,moved
sd_card_content/nfc/Amiibo/Amiibo NFC/Animal_Crossing/Amiibo_Cards/Series_3/AC_271_Curlos.nfc,nfc,Amiibo,AmiiboDB,moved
sd_card_content/nfc/Amiibo/Amiibo NFC/Animal_Crossing/Amiibo_Cards/Series_3/AC_210_Cyrus.nfc,nfc,Amiibo,AmiiboDB,moved
sd_card_content/nfc/Amiibo/Amiibo NFC/Animal_Crossing/Amiibo_Cards/Series_3/AC_219_Anchovy.nfc,nfc,Amiibo,AmiiboDB,moved
sd_card_content/nfc/Amiibo/Amiibo NFC/Animal_Crossing/Amiibo_Cards/Series_3/AC_215_Isabelle.nfc,nfc,Amiibo,AmiiboDB,moved
sd_card_content/nfc/Amiibo/Amiibo NFC/Animal_Crossing/Amiibo_Cards/Series_3/AC_221_Kody.nfc,nfc,Amiibo,AmiiboDB,moved
sd_card_content/nfc/Amiibo/Amiibo NFC/Animal_Crossing/Amiibo_Cards/Series_3/AC_266_Joey.nfc,nfc,Amiibo,AmiiboDB,moved
sd_card_content/nfc/Amiibo/Amiibo NFC/Animal_Crossing/Amiibo_Cards/Series_3/AC_264_Marshal.nfc,nfc,Amiibo,AmiiboDB,moved
sd_card_content/nfc/Amiibo/Amiibo NFC/Animal_Crossing/Amiibo_Cards/Series_3/AC_253_Genji.nfc,nfc,Amiibo,AmiiboDB,moved
sd_card_content/nfc/Amiibo/Amiibo NFC/Animal_Crossing/Amiibo_Cards/Series_3/AC_286_Cube.nfc,nfc,Amiibo,AmiiboDB,moved
sd_card_content/nfc/Amiibo/Amiibo NFC/Animal_Crossing/Amiibo_Cards/Series_3/AC_249_Beardo.nfc,nfc,Amiibo,AmiiboDB,moved
sd_card_content/nfc/Amiibo/Amiibo NFC/Animal_Crossing/Amiibo_Cards/Series_3/AC_270_Rooney.nfc,nfc,Amiibo,AmiiboDB,moved
sd_card_content/nfc/Amiibo/Amiibo NFC/Animal_Crossing/Amiibo_Cards/Series_3/AC_235_SporkCrackle.nfc,nfc,Amiibo,AmiiboDB,moved
sd_card_content/nfc/Amiibo/Amiibo NFC/Animal_Crossing/Amiibo_Cards/Series_3/AC_298_Derwin.nfc,nfc,Amiibo,AmiiboDB,moved
sd_card_content/nfc/Amiibo/Amiibo NFC/Animal_Crossing/Amiibo_Cards/Series_3/AC_283_Frank.nfc,nfc,Amiibo,AmiiboDB,moved
sd_card_content/nfc/Amiibo/Amiibo NFC/Animal_Crossing/Amiibo_Cards/Series_3/AC_223_Del.nfc,nfc,Amiibo,AmiiboDB,moved
sd_card_content/nfc/Amiibo/Amiibo NFC/Animal_Crossing/Amiibo_Cards/Series_3/AC_288_Curly.nfc,nfc,Amiibo,AmiiboDB,moved
sd_card_content/nfc/Amiibo/Amiibo NFC/Animal_Crossing/Amiibo_Cards/Series_3/AC_214_Don_Resetti.nfc,nfc,Amiibo,AmiiboDB,moved
sd_card_content/nfc/Amiibo/Amiibo NFC/Animal_Crossing/Amiibo_Cards/Series_3/AC_209_Wendell.nfc,nfc,Amiibo,AmiiboDB,moved
sd_card_content/nfc/Amiibo/Amiibo NFC/Animal_Crossing/Amiibo_Cards/Series_3/AC_207_Mabel.nfc,nfc,Amiibo,AmiiboDB,moved
sd_card_content/nfc/Amiibo/Amiibo NFC/Animal_Crossing/Amiibo_Cards/Series_3/AC_234_Marina.nfc,nfc,Amiibo,AmiiboDB,moved
sd_card_content/nfc/Amiibo/Amiibo NFC/Animal_Crossing/Amiibo_Cards/Series_3/AC_256_Diva.nfc,nfc,Amiibo,AmiiboDB,moved
sd_card_content/nfc/Amiibo/Amiibo NFC/Animal_Crossing/Amiibo_Cards/Series_3/AC_252_Merry.nfc,nfc,Amiibo,AmiiboDB,moved
sd_card_content/nfc/Amiibo/Amiibo NFC/Animal_Crossing/Amiibo_Cards/Series_3/AC_243_Drago.nfc,nfc,Amiibo,AmiiboDB,moved
sd_card_content/nfc/Amiibo/Amiibo NFC/Animal_Crossing/Amiibo_Cards/Series_3/AC_201_Rover.nfc,nfc,Amiibo,AmiiboDB,moved
sd_card_content/nfc/Amiibo/Amiibo NFC/Animal_Crossing/Amiibo_Cards/Series_3/AC_231_Elvis.nfc,nfc,Amiibo,AmiiboDB,moved
sd_card_content/nfc/Amiibo/Amiibo NFC/Animal_Crossing/Amiibo_Cards/Series_3/AC_277_Monty.nfc,nfc,Amiibo,AmiiboDB,moved
sd_card_content/nfc/Amiibo/Amiibo NFC/Animal_Crossing/Amiibo_Cards/Series_3/AC_296_Soleil.nfc,nfc,Amiibo,AmiiboDB,moved
sd_card_content/nfc/Amiibo/Amiibo NFC/Animal_Crossing/Amiibo_Cards/Series_3/AC_281_Lyman.nfc,nfc,Amiibo,AmiiboDB,moved
sd_card_content/nfc/Amiibo/Amiibo NFC/Animal_Crossing/Amiibo_Cards/Series_3/AC_300_Chrissy.nfc,nfc,Amiibo,AmiiboDB,moved
sd_card_content/nfc/Amiibo/Amiibo NFC/Animal_Crossing/Amiibo_Cards/Series_3/AC_216_Franklin.nfc,nfc,Amiibo,AmiiboDB,moved
sd_card_content/nfc/Amiibo/Amiibo NFC/Animal_Crossing/Amiibo_Cards/Series_3/AC_204_Pelly.nfc,nfc,Amiibo,AmiiboDB,moved
sd_card_content/nfc/Amiibo/Amiibo NFC/Animal_Crossing/Amiibo_Cards/Series_3/AC_269_Bree.nfc,nfc,Amiibo,AmiiboDB,moved
sd_card_content/nfc/Amiibo/Amiibo NFC/Animal_Crossing/Amiibo_Cards/Series_3/AC_236_Freckles.nfc,nfc,Amiibo,AmiiboDB,moved
sd_card_content/nfc/Amiibo/Amiibo NFC/Animal_Crossing/Amiibo_Cards/Series_3/AC_279_Biskit.nfc,nfc,Amiibo,AmiiboDB,moved
sd_card_content/nfc/Amiibo/Amiibo NFC/Animal_Crossing/Amiibo_Cards/Series_3/AC_258_Daisy.nfc,nfc,Amiibo,AmiiboDB,moved
sd_card_content/nfc/Amiibo/Amiibo NFC/Animal_Crossing/Amiibo_Cards/Series_3/AC_297_Apollo.nfc,nfc,Amiibo,AmiiboDB,moved
sd_card_content/nfc/Amiibo/Amiibo NFC/Animal_Crossing/Amiibo_Cards/Series_3/AC_254_Greta.nfc,nfc,Amiibo,AmiiboDB,moved
sd_card_content/nfc/Amiibo/Amiibo NFC/Animal_Crossing/Amiibo_Cards/Series_3/AC_206_Pete.nfc,nfc,Amiibo,AmiiboDB,moved
sd_card_content/nfc/Amiibo/Amiibo NFC/Animal_Crossing/Amiibo_Cards/Series_3/AC_255_Wolfgang.nfc,nfc,Amiibo,AmiiboDB,moved
sd_card_content/nfc/Amiibo/Amiibo NFC/Animal_Crossing/Amiibo_Cards/Series_3/AC_226_Mitzi.nfc,nfc,Amiibo,AmiiboDB,moved
sd_card_content/nfc/Amiibo/Amiibo NFC/Animal_Crossing/Amiibo_Cards/Series_3/AC_284_Chadder.nfc,nfc,Amiibo,AmiiboDB,moved
sd_card_content/nfc/Amiibo/Amiibo NFC/Animal_Crossing/Amiibo_Cards/Series_3/AC_275_Hamlet.nfc,nfc,Amiibo,AmiiboDB,moved
sd_card_content/nfc/Amiibo/Amiibo NFC/Animal_Crossing/Amiibo_Cards/Series_3/AC_292_Baabara.nfc,nfc,Amiibo,AmiiboDB,moved
sd_card_content/nfc/Amiibo/Amiibo NFC/Animal_Crossing/Amiibo_Cards/Series_3/AC_212_Timmy.nfc,nfc,Amiibo,AmiiboDB,moved
sd_card_content/nfc/Amiibo/Amiibo NFC/Animal_Crossing/Amiibo_Cards/Series_3/AC_278_Dora.nfc,nfc,Amiibo,AmiiboDB,moved
sd_card_content/nfc/Amiibo/Amiibo NFC/Animal_Crossing/Amiibo_Figures/Digby.nfc,nfc,Amiibo,AmiiboDB,moved
sd_card_content/nfc/Amiibo/Amiibo NFC/Animal_Crossing/Amiibo_Figures/Isabelle.nfc,nfc,Amiibo,AmiiboDB,moved
sd_card_content/nfc/Amiibo/Amiibo NFC/Animal_Crossing/Amiibo_Figures/Mabel.nfc,nfc,Amiibo,AmiiboDB,moved
sd_card_content/nfc/Amiibo/Amiibo NFC/Animal_Crossing/Amiibo_Figures/Summertime_Isabelle.nfc,nfc,Amiibo,AmiiboDB,moved
sd_card_content/nfc/Amiibo/Amiibo NFC/Animal_Crossing/Amiibo_Figures/KK_Slider.nfc,nfc,Amiibo,AmiiboDB,moved
sd_card_content/nfc/Amiibo/Amiibo NFC/Animal_Crossing/Amiibo_Figures/Cyrrus.nfc,nfc,Amiibo,AmiiboDB,moved
sd_card_content/nfc/Amiibo/Amiibo NFC/Animal_Crossing/Amiibo_Figures/Tom_Nook.nfc,nfc,Amiibo,AmiiboDB,moved
sd_card_content/nfc/Amiibo/Amiibo NFC/Animal_Crossing/Amiibo_Figures/Lottie.nfc,nfc,Amiibo,AmiiboDB,moved
sd_card_content/nfc/Amiibo/Amiibo NFC/Animal_Crossing/Amiibo_Figures/Reese.nfc,nfc,Amiibo,AmiiboDB,moved
sd_card_content/nfc/Amiibo/Amiibo NFC/Animal_Crossing/Amiibo_Figures/Kicks.nfc,nfc,Amiibo,AmiiboDB,moved
sd_card_content/nfc/Amiibo/Amiibo NFC/Animal_Crossing/Amiibo_Figures/Kapp_n.nfc,nfc,Amiibo,AmiiboDB,moved
sd_card_content/nfc/Amiibo/Amiibo NFC/Animal_Crossing/Amiibo_Figures/Resetti.nfc,nfc,Amiibo,AmiiboDB,moved
sd_card_content/nfc/Amiibo/Amiibo NFC/Animal_Crossing/Amiibo_Figures/Blathers.nfc,nfc,Amiibo,AmiiboDB,moved
sd_card_content/nfc/Amiibo/Amiibo NFC/Animal_Crossing/Amiibo_Figures/Celeste.nfc,nfc,Amiibo,AmiiboDB,moved
sd_card_content/nfc/Amiibo/Amiibo NFC/Animal_Crossing/Amiibo_Figures/Timmy_Tommy.nfc,nfc,Amiibo,AmiiboDB,moved
sd_card_content/nfc/Amiibo/Amiibo NFC/Animal_Crossing/Amiibo_Figures/Rover.nfc,nfc,Amiibo,AmiiboDB,moved
sd_card_content/nfc/Amiibo/Amiibo NFC/Metroid/Metroid_Samus_Returns/Metroid.nfc,nfc,Amiibo,AmiiboDB,moved
sd_card_content/nfc/Amiibo/Amiibo NFC/Metroid/Metroid_Samus_Returns/Samus_Aran.nfc,nfc,Amiibo,AmiiboDB,moved
sd_card_content/nfc/Amiibo/Amiibo NFC/Metroid/Metroid_Dread/Samus.nfc,nfc,Amiibo,AmiiboDB,moved
sd_card_content/nfc/Amiibo/Amiibo NFC/Metroid/Metroid_Dread/EMMI_.nfc,nfc,Amiibo,AmiiboDB,moved
sd_card_content/nfc/Amiibo/Amiibo NFC/Super_Smash_Bros/Zelda.nfc,nfc,Amiibo,AmiiboDB,moved
sd_card_content/nfc/Amiibo/Amiibo NFC/Super_Smash_Bros/Dr_Mario.nfc,nfc,Amiibo,AmiiboDB,moved
sd_card_content/nfc/Amiibo/Amiibo NFC/Super_Smash_Bros/Sora.nfc,nfc,Amiibo,AmiiboDB,moved
sd_card_content/nfc/Amiibo/Amiibo NFC/Super_Smash_Bros/Byleth.nfc,nfc,Amiibo,AmiiboDB,moved
sd_card_content/nfc/Amiibo/Amiibo NFC/Super_Smash_Bros/Banjo_Kazooie.nfc,nfc,Amiibo,AmiiboDB,moved
sd_card_content/nfc/Amiibo/Amiibo NFC/Super_Smash_Bros/Isabelle.nfc,nfc,Amiibo,AmiiboDB,moved
sd_card_content/nfc/Amiibo/Amiibo NFC/Super_Smash_Bros/Lucina.nfc,nfc,Amiibo,AmiiboDB,moved
sd_card_content/nfc/Amiibo/Amiibo NFC/Super_Smash_Bros/Mewtwo.nfc,nfc,Amiibo,AmiiboDB,moved
sd_card_content/nfc/Amiibo/Amiibo NFC/Super_Smash_Bros/Villager.nfc,nfc,Amiibo,AmiiboDB,moved
sd_card_content/nfc/Amiibo/Amiibo NFC/Super_Smash_Bros/Ness.nfc,nfc,Amiibo,AmiiboDB,moved
sd_card_content/nfc/Amiibo/Amiibo NFC/Super_Smash_Bros/Donkey_Kong.nfc,nfc,Amiibo,AmiiboDB,moved
sd_card_content/nfc/Amiibo/Amiibo NFC/Super_Smash_Bros/Mario.nfc,nfc,Amiibo,AmiiboDB,moved
sd_card_content/nfc/Amiibo/Amiibo NFC/Super_Smash_Bros/ROB_NES.nfc,nfc,Amiibo,AmiiboDB,moved
sd_card_content/nfc/Amiibo/Amiibo NFC/Super_Smash_Bros/Toon_Link.nfc,nfc,Amiibo,AmiiboDB,moved
sd_card_content/nfc/Amiibo/Amiibo NFC/Super_Smash_Bros/Ice_Climbers.nfc,nfc,Amiibo,AmiiboDB,moved
sd_card_content/nfc/Amiibo/Amiibo NFC/Super_Smash_Bros/Dark_Samus.nfc,nfc,Amiibo,AmiiboDB,moved
sd_card_content/nfc/Amiibo/Amiibo NFC/Super_Smash_Bros/Duck_Hunt.nfc,nfc,Amiibo,AmiiboDB,moved
sd_card_content/nfc/Amiibo/Amiibo NFC/Super_Smash_Bros/Chrom.nfc,nfc,Amiibo,AmiiboDB,moved
sd_card_content/nfc/Amiibo/Amiibo NFC/Super_Smash_Bros/Joker.nfc,nfc,Amiibo,AmiiboDB,moved
sd_card_content/nfc/Amiibo/Amiibo NFC/Super_Smash_Bros/Olimar.nfc,nfc,Amiibo,AmiiboDB,moved
sd_card_content/nfc/Amiibo/Amiibo NFC/Super_Smash_Bros/King_Dedede.nfc,nfc,Amiibo,AmiiboDB,moved
sd_card_content/nfc/Amiibo/Amiibo NFC/Super_Smash_Bros/Bayonetta_Player_1.nfc,nfc,Amiibo,AmiiboDB,moved
sd_card_content/nfc/Amiibo/Amiibo NFC/Super_Smash_Bros/Bowser.nfc,nfc,Amiibo,AmiiboDB,moved
sd_card_content/nfc/Amiibo/Amiibo NFC/Super_Smash_Bros/Cloud_Player_1.nfc,nfc,Amiibo,AmiiboDB,moved
sd_card_content/nfc/Amiibo/Amiibo NFC/Super_Smash_Bros/Corrin_Player_1.nfc,nfc,Amiibo,AmiiboDB,moved
sd_card_content/nfc/Amiibo/Amiibo NFC/Super_Smash_Bros/Mega_Man.nfc,nfc,Amiibo,AmiiboDB,moved
sd_card_content/nfc/Amiibo/Amiibo NFC/Super_Smash_Bros/Simon.nfc,nfc,Amiibo,AmiiboDB,moved
sd_card_content/nfc/Amiibo/Amiibo NFC/Super_Smash_Bros/Wolf.nfc,nfc,Amiibo,AmiiboDB,moved
sd_card_content/nfc/Amiibo/Amiibo NFC/Super_Smash_Bros/Kazuya.nfc,nfc,Amiibo,AmiiboDB,moved
sd_card_content/nfc/Amiibo/Amiibo NFC/Super_Smash_Bros/Sephiroth.nfc,nfc,Amiibo,AmiiboDB,moved
sd_card_content/nfc/Amiibo/Amiibo NFC/Super_Smash_Bros/Rosalina_Luma.nfc,nfc,Amiibo,AmiiboDB,moved
sd_card_content/nfc/Amiibo/Amiibo NFC/Super_Smash_Bros/Min_Min.nfc,nfc,Amiibo,AmiiboDB,moved
sd_card_content/nfc/Amiibo/Amiibo NFC/Super_Smash_Bros/Ridley.nfc,nfc,Amiibo,AmiiboDB,moved
sd_card_content/nfc/Amiibo/Amiibo NFC/Super_Smash_Bros/Bayonetta_Player_2.nfc,nfc,Amiibo,AmiiboDB,moved
sd_card_content/nfc/Amiibo/Amiibo NFC/Super_Smash_Bros/Samus.nfc,nfc,Amiibo,AmiiboDB,moved
sd_card_content/nfc/Amiibo/Amiibo NFC/Super_Smash_Bros/Lucario.nfc,nfc,Amiibo,AmiiboDB,moved
sd_card_content/nfc/Amiibo/Amiibo NFC/Super_Smash_Bros/Mega_Man_Golden.nfc,nfc,Amiibo,AmiiboDB,moved
sd_card_content/nfc/Amiibo/Amiibo NFC/Super_Smash_Bros/Bowser_Jr.nfc,nfc,Amiibo,AmiiboDB,moved
sd_card_content/nfc/Amiibo/Amiibo NFC/Super_Smash_Bros/Young_Link.nfc,nfc,Amiibo,AmiiboDB,moved
sd_card_content/nfc/Amiibo/Amiibo NFC/Super_Smash_Bros/Mythra.nfc,nfc,Amiibo,AmiiboDB,moved
sd_card_content/nfc/Amiibo/Amiibo NFC/Super_Smash_Bros/Marth.nfc,nfc,Amiibo,AmiiboDB,moved
sd_card_content/nfc/Amiibo/Amiibo NFC/Super_Smash_Bros/Incineroar.nfc,nfc,Amiibo,AmiiboDB,moved
sd_card_content/nfc/Amiibo/Amiibo NFC/Super_Smash_Bros/Sheik.nfc,nfc,Amiibo,AmiiboDB,moved
sd_card_content/nfc/Amiibo/Amiibo NFC/Super_Smash_Bros/Greninja.nfc,nfc,Amiibo,AmiiboDB,moved
sd_card_content/nfc/Amiibo/Amiibo NFC/Super_Smash_Bros/Diddy_Kong.nfc,nfc,Amiibo,AmiiboDB,moved
sd_card_content/nfc/Amiibo/Amiibo NFC/Super_Smash_Bros/Jigglypuff.nfc,nfc,Amiibo,AmiiboDB,moved
sd_card_content/nfc/Amiibo/Amiibo NFC/Super_Smash_Bros/Wario.nfc,nfc,Amiibo,AmiiboDB,moved
sd_card_content/nfc/Amiibo/Amiibo NFC/Super_Smash_Bros/Robin.nfc,nfc,Amiibo,AmiiboDB,moved
sd_card_content/nfc/Amiibo/Amiibo NFC/Super_Smash_Bros/Peach.nfc,nfc,Amiibo,AmiiboDB,moved
sd_card_content/nfc/Amiibo/Amiibo NFC/Super_Smash_Bros/Hero.nfc,nfc,Amiibo,AmiiboDB,moved
sd_card_content/nfc/Amiibo/Amiibo NFC/Super_Smash_Bros/Yoshi.nfc,nfc,Amiibo,AmiiboDB,moved
sd_card_content/nfc/Amiibo/Amiibo NFC/Super_Smash_Bros/Pichu.nfc,nfc,Amiibo,AmiiboDB,moved
sd_card_content/nfc/Amiibo/Amiibo NFC/Super_Smash_Bros/Link.nfc,nfc,Amiibo,AmiiboDB,moved
sd_card_content/nfc/Amiibo/Amiibo NFC/Super_Smash_Bros/Cloud_Player_2.nfc,nfc,Amiibo,AmiiboDB,moved
sd_card_content/nfc/Amiibo/Amiibo NFC/Super_Smash_Bros/Terry.nfc,nfc,Amiibo,AmiiboDB,moved
sd_card_content/nfc/Amiibo/Amiibo NFC/Super_Smash_Bros/Meta_Knight.nfc,nfc,Amiibo,AmiiboDB,moved
sd_card_content/nfc/Amiibo/Amiibo NFC/Super_Smash_Bros/Shulk.nfc,nfc,Amiibo,AmiiboDB,moved
sd_card_content/nfc/Amiibo/Amiibo NFC/Super_Smash_Bros/Pikachu.nfc,nfc,Amiibo,AmiiboDB,moved
sd_card_content/nfc/Amiibo/Amiibo NFC/Super_Smash_Bros/Mii_Fighter.nfc,nfc,Amiibo,AmiiboDB,moved
sd_card_content/nfc/Amiibo/Amiibo NFC/Super_Smash_Bros/Mii_Gunner.nfc,nfc,Amiibo,AmiiboDB,moved
sd_card_content/nfc/Amiibo/Amiibo NFC/Super_Smash_Bros/Snake.nfc,nfc,Amiibo,AmiiboDB,moved
sd_card_content/nfc/Amiibo/Amiibo NFC/Super_Smash_Bros/Corrin_Player_2.nfc,nfc,Amiibo,AmiiboDB,moved
sd_card_content/nfc/Amiibo/Amiibo NFC/Super_Smash_Bros/Piranha_Plant.nfc,nfc,Amiibo,AmiiboDB,moved
sd_card_content/nfc/Amiibo/Amiibo NFC/Super_Smash_Bros/Charizard.nfc,nfc,Amiibo,AmiiboDB,moved
sd_card_content/nfc/Amiibo/Amiibo NFC/Super_Smash_Bros/Little_Mac.nfc,nfc,Amiibo,AmiiboDB,moved
sd_card_content/nfc/Amiibo/Amiibo NFC/Super_Smash_Bros/Ken.nfc,nfc,Amiibo,AmiiboDB,moved
sd_card_content/nfc/Amiibo/Amiibo NFC/Super_Smash_Bros/Pokemon_Trainer.nfc,nfc,Amiibo,AmiiboDB,moved
sd_card_content/nfc/Amiibo/Amiibo NFC/Super_Smash_Bros/Inkling.nfc,nfc,Amiibo,AmiiboDB,moved
sd_card_content/nfc/Amiibo/Amiibo NFC/Super_Smash_Bros/Steve.nfc,nfc,Amiibo,AmiiboDB,moved
sd_card_content/nfc/Amiibo/Amiibo NFC/Super_Smash_Bros/Zero_Suit_Samus.nfc,nfc,Amiibo,AmiiboDB,moved
sd_card_content/nfc/Amiibo/Amiibo NFC/Super_Smash_Bros/Daisy.nfc,nfc,Amiibo,AmiiboDB,moved
sd_card_content/nfc/Amiibo/Amiibo NFC/Super_Smash_Bros/Pit.nfc,nfc,Amiibo,AmiiboDB,moved
sd_card_content/nfc/Amiibo/Amiibo NFC/Super_Smash_Bros/Mr_Game_Watch.nfc,nfc,Amiibo,AmiiboDB,moved
sd_card_content/nfc/Amiibo/Amiibo NFC/Super_Smash_Bros/King_K_Rool.nfc,nfc,Amiibo,AmiiboDB,moved
sd_card_content/nfc/Amiibo/Amiibo NFC/Super_Smash_Bros/Alex.nfc,nfc,Amiibo,AmiiboDB,moved
sd_card_content/nfc/Amiibo/Amiibo NFC/Super_Smash_Bros/Pyra.nfc,nfc,Amiibo,AmiiboDB,moved
sd_card_content/nfc/Amiibo/Amiibo NFC/Super_Smash_Bros/Roy.nfc,nfc,Amiibo,AmiiboDB,moved
sd_card_content/nfc/Amiibo/Amiibo NFC/Super_Smash_Bros/Ivysaur.nfc,nfc,Amiibo,AmiiboDB,moved
sd_card_content/nfc/Amiibo/Amiibo NFC/Super_Smash_Bros/Palutena.nfc,nfc,Amiibo,AmiiboDB,moved
sd_card_content/nfc/Amiibo/Amiibo NFC/Super_Smash_Bros/Dark_Pit.nfc,nfc,Amiibo,AmiiboDB,moved
sd_card_content/nfc/Amiibo/Amiibo NFC/Super_Smash_Bros/Ryu.nfc,nfc,Amiibo,AmiiboDB,moved
sd_card_content/nfc/Amiibo/Amiibo NFC/Super_Smash_Bros/Ike.nfc,nfc,Amiibo,AmiiboDB,moved
sd_card_content/nfc/Amiibo/Amiibo NFC/Super_Smash_Bros/Ganondorf.nfc,nfc,Amiibo,AmiiboDB,moved
sd_card_content/nfc/Amiibo/Amiibo NFC/Super_Smash_Bros/ROB_Famicom.nfc,nfc,Amiibo,AmiiboDB,moved
sd_card_content/nfc/Amiibo/Amiibo NFC/Super_Smash_Bros/Squirtle.nfc,nfc,Amiibo,AmiiboDB,moved
sd_card_content/nfc/Amiibo/Amiibo NFC/Super_Smash_Bros/Mii_Swordsman.nfc,nfc,Amiibo,AmiiboDB,moved
sd_card_content/nfc/Amiibo/Amiibo NFC/Super_Smash_Bros/Falco.nfc,nfc,Amiibo,AmiiboDB,moved
sd_card_content/nfc/Amiibo/Amiibo NFC/Super_Smash_Bros/Lucas.nfc,nfc,Amiibo,AmiiboDB,moved
sd_card_content/nfc/Amiibo/Amiibo NFC/Super_Smash_Bros/Richter.nfc,nfc,Amiibo,AmiiboDB,moved
sd_card_content/nfc/Amiibo/Amiibo NFC/Super_Smash_Bros/Wii_Fit_Trainer.nfc,nfc,Amiibo,AmiiboDB,moved
sd_card_content/nfc/Amiibo/Amiibo NFC/Super_Smash_Bros/Luigi.nfc,nfc,Amiibo,AmiiboDB,moved
sd_card_content/nfc/Amiibo/Amiibo NFC/Super_Smash_Bros/Kirby.nfc,nfc,Amiibo,AmiiboDB,moved
sd_card_content/nfc/Amiibo/Amiibo NFC/Detective_Pikachu_Amiibo/Detective_Pikachu.nfc,nfc,Amiibo,AmiiboDB,moved
sd_card_content/nfc/Amiibo/Amiibo NFC/Mega_Man_Amiibo/Mega_Man.nfc,nfc,Amiibo,AmiiboDB,moved
sd_card_content/nfc/Amiibo/Amiibo NFC/PowerUpBands/Mario.nfc,nfc,Amiibo,AmiiboDB,moved
sd_card_content/nfc/Amiibo/Amiibo NFC/PowerUpBands/Peach.nfc,nfc,Amiibo,AmiiboDB,moved
sd_card_content/nfc/Amiibo/Amiibo NFC/PowerUpBands/Yoshi.nfc,nfc,Amiibo,AmiiboDB,moved
sd_card_content/nfc/Amiibo/Amiibo NFC/PowerUpBands/Daisy.nfc,nfc,Amiibo,AmiiboDB,moved
sd_card_content/nfc/Amiibo/Amiibo NFC/PowerUpBands/Toad.nfc,nfc,Amiibo,AmiiboDB,moved
sd_card_content/nfc/Amiibo/Amiibo NFC/PowerUpBands/Gold Mario.nfc,nfc,Amiibo,AmiiboDB,moved
sd_card_content/nfc/Amiibo/Amiibo NFC/PowerUpBands/Luigi.nfc,nfc,Amiibo,AmiiboDB,moved
sd_card_content/nfc/Amiibo/Amiibo NFC/XenoBlade Chronicles/Noah.nfc,nfc,Amiibo,AmiiboDB,moved
sd_card_content/nfc/Amiibo/Amiibo NFC/XenoBlade Chronicles/Mio.nfc,nfc,Amiibo,AmiiboDB,moved
sd_card_content/nfc/Amiibo/Amiibo NFC/Kellogs_Amiibo/Delicious_Amiibo.nfc,nfc,Amiibo,AmiiboDB,moved
sd_card_content/nfc/Amiibo/Amiibo NFC/Diablo_Amiibo/Loot_Goblin.nfc,nfc,Amiibo,AmiiboDB,moved
sd_card_content/nfc/Amiibo/Amiibo NFC/Dark_Souls_Amiibo/Solaire_of_Astora.nfc,nfc,Amiibo,AmiiboDB,moved
sd_card_content/nfc/Amiibo/Amiibo NFC/Power_Pros_Amiibo/Ganda.nfc,nfc,Amiibo,AmiiboDB,moved
sd_card_content/nfc/Amiibo/Amiibo NFC/Power_Pros_Amiibo/Hayakawa.nfc,nfc,Amiibo,AmiiboDB,moved
sd_card_content/nfc/Amiibo/Amiibo NFC/Power_Pros_Amiibo/Daijobu.nfc,nfc,Amiibo,AmiiboDB,moved
sd_card_content/nfc/Amiibo/Amiibo NFC/Power_Pros_Amiibo/Ikari.nfc,nfc,Amiibo,AmiiboDB,moved
sd_card_content/nfc/Amiibo/Amiibo NFC/Power_Pros_Amiibo/Yabe.nfc,nfc,Amiibo,AmiiboDB,moved
sd_card_content/nfc/Amiibo/Amiibo NFC/Power_Pros_Amiibo/Pawapuro.nfc,nfc,Amiibo,AmiiboDB,moved
sd_card_content/nfc/Amiibo/Amiibo NFC/Super_Mario/Koopa_Troopa.nfc,nfc,Amiibo,AmiiboDB,moved
sd_card_content/nfc/Amiibo/Amiibo NFC/Super_Mario/Donkey_Kong.nfc,nfc,Amiibo,AmiiboDB,moved
sd_card_content/nfc/Amiibo/Amiibo NFC/Super_Mario/Mario.nfc,nfc,Amiibo,AmiiboDB,moved
sd_card_content/nfc/Amiibo/Amiibo NFC/Super_Mario/Boo.nfc,nfc,Amiibo,AmiiboDB,moved
sd_card_content/nfc/Amiibo/Amiibo NFC/Super_Mario/Bowser.nfc,nfc,Amiibo,AmiiboDB,moved
sd_card_content/nfc/Amiibo/Amiibo NFC/Super_Mario/Cat_Peach.nfc,nfc,Amiibo,AmiiboDB,moved
sd_card_content/nfc/Amiibo/Amiibo NFC/Super_Mario/Mario_Gold_Edition.nfc,nfc,Amiibo,AmiiboDB,moved
sd_card_content/nfc/Amiibo/Amiibo NFC/Super_Mario/Diddy_Kong.nfc,nfc,Amiibo,AmiiboDB,moved
sd_card_content/nfc/Amiibo/Amiibo NFC/Super_Mario/Waluigi.nfc,nfc,Amiibo,AmiiboDB,moved
sd_card_content/nfc/Amiibo/Amiibo NFC/Super_Mario/Wario.nfc,nfc,Amiibo,AmiiboDB,moved
sd_card_content/nfc/Amiibo/Amiibo NFC/Super_Mario/Peach.nfc,nfc,Amiibo,AmiiboDB,moved
sd_card_content/nfc/Amiibo/Amiibo NFC/Super_Mario/Yoshi.nfc,nfc,Amiibo,AmiiboDB,moved
sd_card_content/nfc/Amiibo/Amiibo NFC/Super_Mario/Mario_Wedding.nfc,nfc,Amiibo,AmiiboDB,moved
sd_card_content/nfc/Amiibo/Amiibo NFC/Super_Mario/Goomba.nfc,nfc,Amiibo,AmiiboDB,moved
sd_card_content/nfc/Amiibo/Amiibo NFC/Super_Mario/Peach_Wedding.nfc,nfc,Amiibo,AmiiboDB,moved
sd_card_content/nfc/Amiibo/Amiibo NFC/Super_Mario/Rosalina.nfc,nfc,Amiibo,AmiiboDB,moved
sd_card_content/nfc/Amiibo/Amiibo NFC/Super_Mario/Daisy.nfc,nfc,Amiibo,AmiiboDB,moved
sd_card_content/nfc/Amiibo/Amiibo NFC/Super_Mario/Toad.nfc,nfc,Amiibo,AmiiboDB,moved
sd_card_content/nfc/Amiibo/Amiibo NFC/Super_Mario/Mario_Silver_Edition.nfc,nfc,Amiibo,AmiiboDB,moved
sd_card_content/nfc/Amiibo/Amiibo NFC/Super_Mario/Cat_Mario.nfc,nfc,Amiibo,AmiiboDB,moved
sd_card_content/nfc/Amiibo/Amiibo NFC/Super_Mario/Bowser_Wedding.nfc,nfc,Amiibo,AmiiboDB,moved
sd_card_content/nfc/Amiibo/Amiibo NFC/Super_Mario/Luigi.nfc,nfc,Amiibo,AmiiboDB,moved
sd_card_content/nfc/Amiibo/Amiibo NFC/Shovel_Knight_Amiibo/Plague_Knight.nfc,nfc,Amiibo,AmiiboDB,moved
sd_card_content/nfc/Amiibo/Amiibo NFC/Shovel_Knight_Amiibo/Specter_Knight.nfc,nfc,Amiibo,AmiiboDB,moved
sd_card_content/nfc/Amiibo/Amiibo NFC/Shovel_Knight_Amiibo/Shovel_Knight_Gold.nfc,nfc,Amiibo,AmiiboDB,moved
sd_card_content/nfc/Amiibo/Amiibo NFC/Shovel_Knight_Amiibo/King_Knight.nfc,nfc,Amiibo,AmiiboDB,moved
sd_card_content/nfc/Amiibo/Amiibo NFC/Shovel_Knight_Amiibo/Shovel_Knight.nfc,nfc,Amiibo,AmiiboDB,moved
sd_card_content/nfc/Amiibo/Amiibo NFC/Splatoon/Inkling_Squid.nfc,nfc,Amiibo,AmiiboDB,moved
sd_card_content/nfc/Amiibo/Amiibo NFC/Splatoon/Callie (Alterna).nfc,nfc,Amiibo,AmiiboDB,moved
sd_card_content/nfc/Amiibo/Amiibo NFC/Splatoon/Octoling_Boy.nfc,nfc,Amiibo,AmiiboDB,moved
sd_card_content/nfc/Amiibo/Amiibo NFC/Splatoon/Smallfry.nfc,nfc,Amiibo,AmiiboDB,moved
sd_card_content/nfc/Amiibo/Amiibo NFC/Splatoon/Big Man.nfc,nfc,Amiibo,AmiiboDB,moved
sd_card_content/nfc/Amiibo/Amiibo NFC/Splatoon/Inkling_Girl.nfc,nfc,Amiibo,AmiiboDB,moved
sd_card_content/nfc/Amiibo/Amiibo NFC/Splatoon/Frye.nfc,nfc,Amiibo,AmiiboDB,moved
sd_card_content/nfc/Amiibo/Amiibo NFC/Splatoon/Octoling_Girl.nfc,nfc,Amiibo,AmiiboDB,moved
sd_card_content/nfc/Amiibo/Amiibo NFC/Splatoon/Octoling_Blue.nfc,nfc,Amiibo,AmiiboDB,moved
sd_card_content/nfc/Amiibo/Amiibo NFC/Splatoon/Callie.nfc,nfc,Amiibo,AmiiboDB,moved
sd_card_content/nfc/Amiibo/Amiibo NFC/Splatoon/Marie.nfc,nfc,Amiibo,AmiiboDB,moved
sd_card_content/nfc/Amiibo/Amiibo NFC/Splatoon/Inkling_Boy.nfc,nfc,Amiibo,AmiiboDB,moved
sd_card_content/nfc/Amiibo/Amiibo NFC/Splatoon/Inkling_Boy_Green.nfc,nfc,Amiibo,AmiiboDB,moved
sd_card_content/nfc/Amiibo/Amiibo NFC/Splatoon/Octoling_Octopus.nfc,nfc,Amiibo,AmiiboDB,moved
sd_card_content/nfc/Amiibo/Amiibo NFC/Splatoon/Inkling_Girl_Green.nfc,nfc,Amiibo,AmiiboDB,moved
sd_card_content/nfc/Amiibo/Amiibo NFC/Splatoon/Pearl (Side Order).nfc,nfc,Amiibo,AmiiboDB,moved
sd_card_content/nfc/Amiibo/Amiibo NFC/Splatoon/Inkling_Squid_Purple.nfc,nfc,Amiibo,AmiiboDB,moved
sd_card_content/nfc/Amiibo/Amiibo NFC/Splatoon/Inkling_Yellow.nfc,nfc,Amiibo,AmiiboDB,moved
sd_card_content/nfc/Amiibo/Amiibo NFC/Splatoon/Pearl.nfc,nfc,Amiibo,AmiiboDB,moved
sd_card_content/nfc/Amiibo/Amiibo NFC/Splatoon/Inkling_Squid_Orange.nfc,nfc,Amiibo,AmiiboDB,moved
sd_card_content/nfc/Amiibo/Amiibo NFC/Splatoon/Marina (Side Order).nfc,nfc,Amiibo,AmiiboDB,moved
sd_card_content/nfc/Amiibo/Amiibo NFC/Splatoon/Marina.nfc,nfc,Amiibo,AmiiboDB,moved
sd_card_content/nfc/Amiibo/Amiibo NFC/Splatoon/Inkling_Boy_Purple.nfc,nfc,Amiibo,AmiiboDB,moved
sd_card_content/nfc/Amiibo/Amiibo NFC/Splatoon/Shiver.nfc,nfc,Amiibo,AmiiboDB,moved
sd_card_content/nfc/Amiibo/Amiibo NFC/Splatoon/Inkling_Girl_Pink.nfc,nfc,Amiibo,AmiiboDB,moved
sd_card_content/nfc/Amiibo/Amiibo NFC/Splatoon/Marie (Alterna).nfc,nfc,Amiibo,AmiiboDB,moved
sd_card_content/nfc/Amiibo/Amiibo NFC/Legend_of_Zelda/TOTK/Link.nfc,nfc,Amiibo,AmiiboDB,moved
sd_card_content/nfc/Amiibo/Amiibo NFC/Legend_of_Zelda/TOTK/Gerudo_King.nfc,nfc,Amiibo,AmiiboDB,moved
sd_card_content/nfc/Amiibo/Amiibo NFC/Legend_of_Zelda/TOTK/Zelda (TotK).nfc,nfc,Amiibo,AmiiboDB,moved
sd_card_content/nfc/Amiibo/Amiibo NFC/Legend_of_Zelda/TOTK/Princess_Zelda.nfc,nfc,Amiibo,AmiiboDB,moved
sd_card_content/nfc/Amiibo/Amiibo NFC/Legend_of_Zelda/TOTK/Ganondorf (TotK).nfc,nfc,Amiibo,AmiiboDB,moved
sd_card_content/nfc/Amiibo/Amiibo NFC/Legend_of_Zelda/BOTW_from_SSB/Zelda.nfc,nfc,Amiibo,AmiiboDB,moved
sd_card_content/nfc/Amiibo/Amiibo NFC/Legend_of_Zelda/BOTW_from_SSB/Toon_Link.nfc,nfc,Amiibo,AmiiboDB,moved
sd_card_content/nfc/Amiibo/Amiibo NFC/Legend_of_Zelda/BOTW_from_SSB/Link.nfc,nfc,Amiibo,AmiiboDB,moved
sd_card_content/nfc/Amiibo/Amiibo NFC/Legend_of_Zelda/BOTW_from_SSB/Shiek.nfc,nfc,Amiibo,AmiiboDB,moved
sd_card_content/nfc/Amiibo/Amiibo NFC/Legend_of_Zelda/BOTW_from_SSB/Ganondorf.nfc,nfc,Amiibo,AmiiboDB,moved
sd_card_content/nfc/Amiibo/Amiibo NFC/Legend_of_Zelda/BOTW/Zelda.nfc,nfc,Amiibo,AmiiboDB,moved
sd_card_content/nfc/Amiibo/Amiibo NFC/Legend_of_Zelda/BOTW/Bokoblin.nfc,nfc,Amiibo,AmiiboDB,moved
sd_card_content/nfc/Amiibo/Amiibo NFC/Legend_of_Zelda/BOTW/Link_Archer.nfc,nfc,Amiibo,AmiiboDB,moved
sd_card_content/nfc/Amiibo/Amiibo NFC/Legend_of_Zelda/BOTW/Guardian.nfc,nfc,Amiibo,AmiiboDB,moved
sd_card_content/nfc/Amiibo/Amiibo NFC/Legend_of_Zelda/BOTW/Link_Rider.nfc,nfc,Amiibo,AmiiboDB,moved
sd_card_content/nfc/Amiibo/Amiibo NFC/Legend_of_Zelda/BOTW_June/Link_Skyward_Sword.nfc,nfc,Amiibo,AmiiboDB,moved
sd_card_content/nfc/Amiibo/Amiibo NFC/Legend_of_Zelda/BOTW_June/Link_Majora_s_Mask.nfc,nfc,Amiibo,AmiiboDB,moved
sd_card_content/nfc/Amiibo/Amiibo NFC/Legend_of_Zelda/BOTW_June/Link_Twilight_Princess.nfc,nfc,Amiibo,AmiiboDB,moved
sd_card_content/nfc/Amiibo/Amiibo NFC/Legend_of_Zelda/Twilight_Princess/Wolf_Link_20_Heart.nfc,nfc,Amiibo,AmiiboDB,moved
sd_card_content/nfc/Amiibo/Amiibo NFC/Legend_of_Zelda/Twilight_Princess/Wolf_Link.nfc,nfc,Amiibo,AmiiboDB,moved
sd_card_content/nfc/Amiibo/Amiibo NFC/Legend_of_Zelda/Twilight_Princess/Wolf_Link_MAX_LEVEL.nfc,nfc,Amiibo,AmiiboDB,moved
sd_card_content/nfc/Amiibo/Amiibo NFC/Legend_of_Zelda/Link_s_Awakening/Link.nfc,nfc,Amiibo,AmiiboDB,moved
sd_card_content/nfc/Amiibo/Amiibo NFC/Legend_of_Zelda/30th_Anniversary/Ocarina_Of_Time_Link.nfc,nfc,Amiibo,AmiiboDB,moved
sd_card_content/nfc/Amiibo/Amiibo NFC/Legend_of_Zelda/30th_Anniversary/Wind_Waker_Zelda.nfc,nfc,Amiibo,AmiiboDB,moved
sd_card_content/nfc/Amiibo/Amiibo NFC/Legend_of_Zelda/30th_Anniversary/Wind_Waker_Link.nfc,nfc,Amiibo,AmiiboDB,moved
sd_card_content/nfc/Amiibo/Amiibo NFC/Legend_of_Zelda/30th_Anniversary/8_Bit_Link.nfc,nfc,Amiibo,AmiiboDB,moved
sd_card_content/nfc/Amiibo/Amiibo NFC/Legend_of_Zelda/Skyward_Sword_HD/Zelda_and_Loftwing.nfc,nfc,Amiibo,AmiiboDB,moved
sd_card_content/nfc/Amiibo/Amiibo NFC/Legend_of_Zelda/BOTW_Champions/Urbosa.nfc,nfc,Amiibo,AmiiboDB,moved
sd_card_content/nfc/Amiibo/Amiibo NFC/Legend_of_Zelda/BOTW_Champions/Mipha.nfc,nfc,Amiibo,AmiiboDB,moved
sd_card_content/nfc/Amiibo/Amiibo NFC/Legend_of_Zelda/BOTW_Champions/Rivali.nfc,nfc,Amiibo,AmiiboDB,moved
sd_card_content/nfc/Amiibo/Amiibo NFC/Legend_of_Zelda/BOTW_Champions/Daruk.nfc,nfc,Amiibo,AmiiboDB,moved
sd_card_content/nfc/Amiibo/Amiibo NFC/Skylanders/DK_Superchargers.nfc,nfc,Amiibo,AmiiboDB,moved
sd_card_content/nfc/Amiibo/Amiibo NFC/Skylanders/Dark_Bowser.nfc,nfc,Amiibo,AmiiboDB,moved
sd_card_content/nfc/Amiibo/Amiibo NFC/Skylanders/Bowser_Superchargers.nfc,nfc,Amiibo,AmiiboDB,moved
sd_card_content/nfc/Amiibo/Amiibo NFC/Skylanders/Dark_Donkey_Kong.nfc,nfc,Amiibo,AmiiboDB,moved
sd_card_content/nfc/Amiibo/Super_Mario_Cereal/SuperMarioCereal.nfc,nfc,Amiibo,Bruce-Scripts-Heaven_RFID/Amiibo,moved
sd_card_content/nfc/Amiibo/Mega_Man/[MM]_01_-_Mega_Man.nfc,nfc,Amiibo,Bruce-Scripts-Heaven_RFID/Amiibo,moved
sd_card_content/nfc/Amiibo/Other/Qbby.nfc,nfc,Amiibo,Bruce-Scripts-Heaven_RFID/Amiibo,moved
sd_card_content/nfc/Amiibo/Other/Pikmin.nfc,nfc,Amiibo,Bruce-Scripts-Heaven_RFID/Amiibo,moved
sd_card_content/nfc/Amiibo/Other/Fox.nfc,nfc,Amiibo,Bruce-Scripts-Heaven_RFID/Amiibo,moved
sd_card_content/nfc/Amiibo/Other/Chibi_Robo.nfc,nfc,Amiibo,Bruce-Scripts-Heaven_RFID/Amiibo,moved
sd_card_content/nfc/Amiibo/Other/Shovel_Knight.nfc,nfc,Amiibo,Bruce-Scripts-Heaven_RFID/Amiibo,moved
sd_card_content/nfc/Amiibo/Other/Sonic.nfc,nfc,Amiibo,Bruce-Scripts-Heaven_RFID/Amiibo,moved
sd_card_content/nfc/Amiibo/Other/PAC-MAN.nfc,nfc,Amiibo,Bruce-Scripts-Heaven_RFID/Amiibo,moved
sd_card_content/nfc/Amiibo/Yoshis_Woolly_World/-YWW-_05_-_Poochy.nfc,nfc,Amiibo,Bruce-Scripts-Heaven_RFID/Amiibo,moved
sd_card_content/nfc/Amiibo/Yoshis_Woolly_World/-YWW-_02_-_Pink_Yarn_Yoshi.nfc,nfc,Amiibo,Bruce-Scripts-Heaven_RFID/Amiibo,moved
sd_card_content/nfc/Amiibo/Yoshis_Woolly_World/-YWW-_01_-_Green_Yarn_Yoshi.nfc,nfc,Amiibo,Bruce-Scripts-Heaven_RFID/Amiibo,moved
sd_card_content/nfc/Amiibo/Yoshis_Woolly_World/-YWW-_03_-_Light-Blue_Yarn_Yoshi.nfc,nfc,Amiibo,Bruce-Scripts-Heaven_RFID/Amiibo,moved
sd_card_content/nfc/Amiibo/Yoshis_Woolly_World/-YWW-_04_-_Mega_Yarn_Yoshi.nfc,nfc,Amiibo,Bruce-Scripts-Heaven_RFID/Amiibo,moved
sd_card_content/nfc/Amiibo/Diablo/[D]_01_-_Loot_Goblin.nfc,nfc,Amiibo,Bruce-Scripts-Heaven_RFID/Amiibo,moved
sd_card_content/nfc/Amiibo/Mario_Sports_Superstars/Baseball/Donkey_Kong.nfc,nfc,Amiibo,Bruce-Scripts-Heaven_RFID/Amiibo,moved
sd_card_content/nfc/Amiibo/Mario_Sports_Superstars/Baseball/Mario.nfc,nfc,Amiibo,Bruce-Scripts-Heaven_RFID/Amiibo,moved
sd_card_content/nfc/Amiibo/Mario_Sports_Superstars/Baseball/Boo.nfc,nfc,Amiibo,Bruce-Scripts-Heaven_RFID/Amiibo,moved
sd_card_content/nfc/Amiibo/Mario_Sports_Superstars/Baseball/Birdo.nfc,nfc,Amiibo,Bruce-Scripts-Heaven_RFID/Amiibo,moved
sd_card_content/nfc/Amiibo/Mario_Sports_Superstars/Baseball/Bowser.nfc,nfc,Amiibo,Bruce-Scripts-Heaven_RFID/Amiibo,moved
sd_card_content/nfc/Amiibo/Mario_Sports_Superstars/Baseball/Baby_Mario.nfc,nfc,Amiibo,Bruce-Scripts-Heaven_RFID/Amiibo,moved
sd_card_content/nfc/Amiibo/Mario_Sports_Superstars/Baseball/Bowser_Jr.nfc,nfc,Amiibo,Bruce-Scripts-Heaven_RFID/Amiibo,moved
sd_card_content/nfc/Amiibo/Mario_Sports_Superstars/Baseball/Diddy_Kong.nfc,nfc,Amiibo,Bruce-Scripts-Heaven_RFID/Amiibo,moved
sd_card_content/nfc/Amiibo/Mario_Sports_Superstars/Baseball/Waluigi.nfc,nfc,Amiibo,Bruce-Scripts-Heaven_RFID/Amiibo,moved
sd_card_content/nfc/Amiibo/Mario_Sports_Superstars/Baseball/Wario.nfc,nfc,Amiibo,Bruce-Scripts-Heaven_RFID/Amiibo,moved
sd_card_content/nfc/Amiibo/Mario_Sports_Superstars/Baseball/Peach.nfc,nfc,Amiibo,Bruce-Scripts-Heaven_RFID/Amiibo,moved
sd_card_content/nfc/Amiibo/Mario_Sports_Superstars/Baseball/Yoshi.nfc,nfc,Amiibo,Bruce-Scripts-Heaven_RFID/Amiibo,moved
sd_card_content/nfc/Amiibo/Mario_Sports_Superstars/Baseball/Pink_Gold_Peach.nfc,nfc,Amiibo,Bruce-Scripts-Heaven_RFID/Amiibo,moved
sd_card_content/nfc/Amiibo/Mario_Sports_Superstars/Baseball/Rosalina.nfc,nfc,Amiibo,Bruce-Scripts-Heaven_RFID/Amiibo,moved
sd_card_content/nfc/Amiibo/Mario_Sports_Superstars/Baseball/Daisy.nfc,nfc,Amiibo,Bruce-Scripts-Heaven_RFID/Amiibo,moved
sd_card_content/nfc/Amiibo/Mario_Sports_Superstars/Baseball/Baby_Luigi.nfc,nfc,Amiibo,Bruce-Scripts-Heaven_RFID/Amiibo,moved
sd_card_content/nfc/Amiibo/Mario_Sports_Superstars/Baseball/Metal_Mario.nfc,nfc,Amiibo,Bruce-Scripts-Heaven_RFID/Amiibo,moved
sd_card_content/nfc/Amiibo/Mario_Sports_Superstars/Baseball/Luigi.nfc,nfc,Amiibo,Bruce-Scripts-Heaven_RFID/Amiibo,moved
sd_card_content/nfc/Amiibo/Mario_Sports_Superstars/Golf/Donkey_Kong.nfc,nfc,Amiibo,Bruce-Scripts-Heaven_RFID/Amiibo,moved
sd_card_content/nfc/Amiibo/Mario_Sports_Superstars/Golf/Mario.nfc,nfc,Amiibo,Bruce-Scripts-Heaven_RFID/Amiibo,moved
sd_card_content/nfc/Amiibo/Mario_Sports_Superstars/Golf/Boo.nfc,nfc,Amiibo,Bruce-Scripts-Heaven_RFID/Amiibo,moved
sd_card_content/nfc/Amiibo/Mario_Sports_Superstars/Golf/Birdo.nfc,nfc,Amiibo,Bruce-Scripts-Heaven_RFID/Amiibo,moved
sd_card_content/nfc/Amiibo/Mario_Sports_Superstars/Golf/Bowser.nfc,nfc,Amiibo,Bruce-Scripts-Heaven_RFID/Amiibo,moved
sd_card_content/nfc/Amiibo/Mario_Sports_Superstars/Golf/Baby_Mario.nfc,nfc,Amiibo,Bruce-Scripts-Heaven_RFID/Amiibo,moved
sd_card_content/nfc/Amiibo/Mario_Sports_Superstars/Golf/Bowser_Jr.nfc,nfc,Amiibo,Bruce-Scripts-Heaven_RFID/Amiibo,moved
sd_card_content/nfc/Amiibo/Mario_Sports_Superstars/Golf/Diddy_Kong.nfc,nfc,Amiibo,Bruce-Scripts-Heaven_RFID/Amiibo,moved
sd_card_content/nfc/Amiibo/Mario_Sports_Superstars/Golf/Waluigi.nfc,nfc,Amiibo,Bruce-Scripts-Heaven_RFID/Amiibo,moved
sd_card_content/nfc/Amiibo/Mario_Sports_Superstars/Golf/Wario.nfc,nfc,Amiibo,Bruce-Scripts-Heaven_RFID/Amiibo,moved
sd_card_content/nfc/Amiibo/Mario_Sports_Superstars/Golf/Peach.nfc,nfc,Amiibo,Bruce-Scripts-Heaven_RFID/Amiibo,moved
sd_card_content/nfc/Amiibo/Mario_Sports_Superstars/Golf/Yoshi.nfc,nfc,Amiibo,Bruce-Scripts-Heaven_RFID/Amiibo,moved
sd_card_content/nfc/Amiibo/Mario_Sports_Superstars/Golf/Pink_Gold_Peach.nfc,nfc,Amiibo,Bruce-Scripts-Heaven_RFID/Amiibo,moved
sd_card_content/nfc/Amiibo/Mario_Sports_Superstars/Golf/Rosalina.nfc,nfc,Amiibo,Bruce-Scripts-Heaven_RFID/Amiibo,moved
sd_card_content/nfc/Amiibo/Mario_Sports_Superstars/Golf/Daisy.nfc,nfc,Amiibo,Bruce-Scripts-Heaven_RFID/Amiibo,moved
sd_card_content/nfc/Amiibo/Mario_Sports_Superstars/Golf/Baby_Luigi.nfc,nfc,Amiibo,Bruce-Scripts-Heaven_RFID/Amiibo,moved
sd_card_content/nfc/Amiibo/Mario_Sports_Superstars/Golf/Metal_Mario.nfc,nfc,Amiibo,Bruce-Scripts-Heaven_RFID/Amiibo,moved
sd_card_content/nfc/Amiibo/Mario_Sports_Superstars/Golf/Luigi.nfc,nfc,Amiibo,Bruce-Scripts-Heaven_RFID/Amiibo,moved
sd_card_content/nfc/Amiibo/Mario_Sports_Superstars/Soccer/Donkey_Kong.nfc,nfc,Amiibo,Bruce-Scripts-Heaven_RFID/Amiibo,moved
sd_card_content/nfc/Amiibo/Mario_Sports_Superstars/Soccer/Mario.nfc,nfc,Amiibo,Bruce-Scripts-Heaven_RFID/Amiibo,moved
sd_card_content/nfc/Amiibo/Mario_Sports_Superstars/Soccer/Boo.nfc,nfc,Amiibo,Bruce-Scripts-Heaven_RFID/Amiibo,moved
sd_card_content/nfc/Amiibo/Mario_Sports_Superstars/Soccer/Birdo.nfc,nfc,Amiibo,Bruce-Scripts-Heaven_RFID/Amiibo,moved
sd_card_content/nfc/Amiibo/Mario_Sports_Superstars/Soccer/Bowser.nfc,nfc,Amiibo,Bruce-Scripts-Heaven_RFID/Amiibo,moved
sd_card_content/nfc/Amiibo/Mario_Sports_Superstars/Soccer/Baby_Mario.nfc,nfc,Amiibo,Bruce-Scripts-Heaven_RFID/Amiibo,moved
sd_card_content/nfc/Amiibo/Mario_Sports_Superstars/Soccer/Bowser_Jr.nfc,nfc,Amiibo,Bruce-Scripts-Heaven_RFID/Amiibo,moved
sd_card_content/nfc/Amiibo/Mario_Sports_Superstars/Soccer/Diddy_Kong.nfc,nfc,Amiibo,Bruce-Scripts-Heaven_RFID/Amiibo,moved
sd_card_content/nfc/Amiibo/Mario_Sports_Superstars/Soccer/Waluigi.nfc,nfc,Amiibo,Bruce-Scripts-Heaven_RFID/Amiibo,moved
sd_card_content/nfc/Amiibo/Mario_Sports_Superstars/Soccer/Wario.nfc,nfc,Amiibo,Bruce-Scripts-Heaven_RFID/Amiibo,moved
sd_card_content/nfc/Amiibo/Mario_Sports_Superstars/Soccer/Peach.nfc,nfc,Amiibo,Bruce-Scripts-Heaven_RFID/Amiibo,moved
sd_card_content/nfc/Amiibo/Mario_Sports_Superstars/Soccer/Yoshi.nfc,nfc,Amiibo,Bruce-Scripts-Heaven_RFID/Amiibo,moved
sd_card_content/nfc/Amiibo/Mario_Sports_Superstars/Soccer/Pink_Gold_Peach.nfc,nfc,Amiibo,Bruce-Scripts-Heaven_RFID/Amiibo,moved
sd_card_content/nfc/Amiibo/Mario_Sports_Superstars/Soccer/Rosalina.nfc,nfc,Amiibo,Bruce-Scripts-Heaven_RFID/Amiibo,moved
sd_card_content/nfc/Amiibo/Mario_Sports_Superstars/Soccer/Daisy.nfc,nfc,Amiibo,Bruce-Scripts-Heaven_RFID/Amiibo,moved
sd_card_content/nfc/Amiibo/Mario_Sports_Superstars/Soccer/Baby_Luigi.nfc,nfc,Amiibo,Bruce-Scripts-Heaven_RFID/Amiibo,moved
sd_card_content/nfc/Amiibo/Mario_Sports_Superstars/Soccer/Metal_Mario.nfc,nfc,Amiibo,Bruce-Scripts-Heaven_RFID/Amiibo,moved
sd_card_content/nfc/Amiibo/Mario_Sports_Superstars/Soccer/Luigi.nfc,nfc,Amiibo,Bruce-Scripts-Heaven_RFID/Amiibo,moved
sd_card_content/nfc/Amiibo/Mario_Sports_Superstars/Horse_Racing/Donkey_Kong.nfc,nfc,Amiibo,Bruce-Scripts-Heaven_RFID/Amiibo,moved
sd_card_content/nfc/Amiibo/Mario_Sports_Superstars/Horse_Racing/Mario.nfc,nfc,Amiibo,Bruce-Scripts-Heaven_RFID/Amiibo,moved
sd_card_content/nfc/Amiibo/Mario_Sports_Superstars/Horse_Racing/Boo.nfc,nfc,Amiibo,Bruce-Scripts-Heaven_RFID/Amiibo,moved
sd_card_content/nfc/Amiibo/Mario_Sports_Superstars/Horse_Racing/Birdo.nfc,nfc,Amiibo,Bruce-Scripts-Heaven_RFID/Amiibo,moved
sd_card_content/nfc/Amiibo/Mario_Sports_Superstars/Horse_Racing/Bowser.nfc,nfc,Amiibo,Bruce-Scripts-Heaven_RFID/Amiibo,moved
sd_card_content/nfc/Amiibo/Mario_Sports_Superstars/Horse_Racing/Baby_Mario.nfc,nfc,Amiibo,Bruce-Scripts-Heaven_RFID/Amiibo,moved
sd_card_content/nfc/Amiibo/Mario_Sports_Superstars/Horse_Racing/Bowser_Jr.nfc,nfc,Amiibo,Bruce-Scripts-Heaven_RFID/Amiibo,moved
sd_card_content/nfc/Amiibo/Mario_Sports_Superstars/Horse_Racing/Diddy_Kong.nfc,nfc,Amiibo,Bruce-Scripts-Heaven_RFID/Amiibo,moved
sd_card_content/nfc/Amiibo/Mario_Sports_Superstars/Horse_Racing/Waluigi.nfc,nfc,Amiibo,Bruce-Scripts-Heaven_RFID/Amiibo,moved
sd_card_content/nfc/Amiibo/Mario_Sports_Superstars/Horse_Racing/Wario.nfc,nfc,Amiibo,Bruce-Scripts-Heaven_RFID/Amiibo,moved
sd_card_content/nfc/Amiibo/Mario_Sports_Superstars/Horse_Racing/Peach.nfc,nfc,Amiibo,Bruce-Scripts-Heaven_RFID/Amiibo,moved
sd_card_content/nfc/Amiibo/Mario_Sports_Superstars/Horse_Racing/Yoshi.nfc,nfc,Amiibo,Bruce-Scripts-Heaven_RFID/Amiibo,moved
sd_card_content/nfc/Amiibo/Mario_Sports_Superstars/Horse_Racing/Pink_Gold_Peach.nfc,nfc,Amiibo,Bruce-Scripts-Heaven_RFID/Amiibo,moved
sd_card_content/nfc/Amiibo/Mario_Sports_Superstars/Horse_Racing/Rosalina.nfc,nfc,Amiibo,Bruce-Scripts-Heaven_RFID/Amiibo,moved
sd_card_content/nfc/Amiibo/Mario_Sports_Superstars/Horse_Racing/Daisy.nfc,nfc,Amiibo,Bruce-Scripts-Heaven_RFID/Amiibo,moved
sd_card_content/nfc/Amiibo/Mario_Sports_Superstars/Horse_Racing/Baby_Luigi.nfc,nfc,Amiibo,Bruce-Scripts-Heaven_RFID/Amiibo,moved
sd_card_content/nfc/Amiibo/Mario_Sports_Superstars/Horse_Racing/Metal_Mario.nfc,nfc,Amiibo,Bruce-Scripts-Heaven_RFID/Amiibo,moved
sd_card_content/nfc/Amiibo/Mario_Sports_Superstars/Horse_Racing/Luigi.nfc,nfc,Amiibo,Bruce-Scripts-Heaven_RFID/Amiibo,moved
sd_card_content/nfc/Amiibo/Mario_Sports_Superstars/Tennis/Donkey_Kong.nfc,nfc,Amiibo,Bruce-Scripts-Heaven_RFID/Amiibo,moved
sd_card_content/nfc/Amiibo/Mario_Sports_Superstars/Tennis/Mario.nfc,nfc,Amiibo,Bruce-Scripts-Heaven_RFID/Amiibo,moved
sd_card_content/nfc/Amiibo/Mario_Sports_Superstars/Tennis/Boo.nfc,nfc,Amiibo,Bruce-Scripts-Heaven_RFID/Amiibo,moved
sd_card_content/nfc/Amiibo/Mario_Sports_Superstars/Tennis/Birdo.nfc,nfc,Amiibo,Bruce-Scripts-Heaven_RFID/Amiibo,moved
sd_card_content/nfc/Amiibo/Mario_Sports_Superstars/Tennis/Bowser.nfc,nfc,Amiibo,Bruce-Scripts-Heaven_RFID/Amiibo,moved
sd_card_content/nfc/Amiibo/Mario_Sports_Superstars/Tennis/Baby_Mario.nfc,nfc,Amiibo,Bruce-Scripts-Heaven_RFID/Amiibo,moved
sd_card_content/nfc/Amiibo/Mario_Sports_Superstars/Tennis/Bowser_Jr.nfc,nfc,Amiibo,Bruce-Scripts-Heaven_RFID/Amiibo,moved
sd_card_content/nfc/Amiibo/Mario_Sports_Superstars/Tennis/Diddy_Kong.nfc,nfc,Amiibo,Bruce-Scripts-Heaven_RFID/Amiibo,moved
sd_card_content/nfc/Amiibo/Mario_Sports_Superstars/Tennis/Waluigi.nfc,nfc,Amiibo,Bruce-Scripts-Heaven_RFID/Amiibo,moved
sd_card_content/nfc/Amiibo/Mario_Sports_Superstars/Tennis/Wario.nfc,nfc,Amiibo,Bruce-Scripts-Heaven_RFID/Amiibo,moved
sd_card_content/nfc/Amiibo/Mario_Sports_Superstars/Tennis/Peach.nfc,nfc,Amiibo,Bruce-Scripts-Heaven_RFID/Amiibo,moved
sd_card_content/nfc/Amiibo/Mario_Sports_Superstars/Tennis/Yoshi.nfc,nfc,Amiibo,Bruce-Scripts-Heaven_RFID/Amiibo,moved
sd_card_content/nfc/Amiibo/Mario_Sports_Superstars/Tennis/Pink_Gold_Peach.nfc,nfc,Amiibo,Bruce-Scripts-Heaven_RFID/Amiibo,moved
sd_card_content/nfc/Amiibo/Mario_Sports_Superstars/Tennis/Rosalina.nfc,nfc,Amiibo,Bruce-Scripts-Heaven_RFID/Amiibo,moved
sd_card_content/nfc/Amiibo/Mario_Sports_Superstars/Tennis/Daisy.nfc,nfc,Amiibo,Bruce-Scripts-Heaven_RFID/Amiibo,moved
sd_card_content/nfc/Amiibo/Mario_Sports_Superstars/Tennis/Baby_Luigi.nfc,nfc,Amiibo,Bruce-Scripts-Heaven_RFID/Amiibo,moved
sd_card_content/nfc/Amiibo/Mario_Sports_Superstars/Tennis/Metal_Mario.nfc,nfc,Amiibo,Bruce-Scripts-Heaven_RFID/Amiibo,moved
sd_card_content/nfc/Amiibo/Mario_Sports_Superstars/Tennis/Luigi.nfc,nfc,Amiibo,Bruce-Scripts-Heaven_RFID/Amiibo,moved
sd_card_content/nfc/Amiibo/Dark_Souls/[DS]_01_-_Solaire_of_Astora.nfc,nfc,Amiibo,Bruce-Scripts-Heaven_RFID/Amiibo,moved
sd_card_content/nfc/Amiibo/Fire_Emblem/Alm.nfc,nfc,Amiibo,Bruce-Scripts-Heaven_RFID/Amiibo,moved
sd_card_content/nfc/Amiibo/Fire_Emblem/Chrom.nfc,nfc,Amiibo,Bruce-Scripts-Heaven_RFID/Amiibo,moved
sd_card_content/nfc/Amiibo/Fire_Emblem/[FE]_02_-_Celica.nfc,nfc,Amiibo,Bruce-Scripts-Heaven_RFID/Amiibo,moved
sd_card_content/nfc/Amiibo/Fire_Emblem/Celica.nfc,nfc,Amiibo,Bruce-Scripts-Heaven_RFID/Amiibo,moved
sd_card_content/nfc/Amiibo/Fire_Emblem/[FE]_03_-_Chrom.nfc,nfc,Amiibo,Bruce-Scripts-Heaven_RFID/Amiibo,moved
sd_card_content/nfc/Amiibo/Fire_Emblem/[FE]_04_-_Tiki.nfc,nfc,Amiibo,Bruce-Scripts-Heaven_RFID/Amiibo,moved
sd_card_content/nfc/Amiibo/Fire_Emblem/[FE]_01_-_Alm.nfc,nfc,Amiibo,Bruce-Scripts-Heaven_RFID/Amiibo,moved
sd_card_content/nfc/Amiibo/Fire_Emblem/Tiki.nfc,nfc,Amiibo,Bruce-Scripts-Heaven_RFID/Amiibo,moved
sd_card_content/nfc/Amiibo/Monster_Hunter/MH_Stories/Qurupeco_and_Dan.nfc,nfc,Amiibo,Bruce-Scripts-Heaven_RFID/Amiibo,moved
sd_card_content/nfc/Amiibo/Monster_Hunter/MH_Stories/Rathian_and_Cheval.nfc,nfc,Amiibo,Bruce-Scripts-Heaven_RFID/Amiibo,moved
sd_card_content/nfc/Amiibo/Monster_Hunter/MH_Stories/Barioth_and_Ayuria.nfc,nfc,Amiibo,Bruce-Scripts-Heaven_RFID/Amiibo,moved
sd_card_content/nfc/Amiibo/Monster_Hunter/MH_Stories/OneEyed_Rider_Male.nfc,nfc,Amiibo,Bruce-Scripts-Heaven_RFID/Amiibo,moved
sd_card_content/nfc/Amiibo/Monster_Hunter/MH_Stories/OneEyed_Rider_Female.nfc,nfc,Amiibo,Bruce-Scripts-Heaven_RFID/Amiibo,moved
sd_card_content/nfc/Amiibo/Monster_Hunter/MH_Stories/Nabiru.nfc,nfc,Amiibo,Bruce-Scripts-Heaven_RFID/Amiibo,moved
sd_card_content/nfc/Amiibo/Monster_Hunter/MH_Stories_2/Tsukino.nfc,nfc,Amiibo,Bruce-Scripts-Heaven_RFID/Amiibo,moved
sd_card_content/nfc/Amiibo/Monster_Hunter/MH_Stories_2/Razewing_Ratha.nfc,nfc,Amiibo,Bruce-Scripts-Heaven_RFID/Amiibo,moved
sd_card_content/nfc/Amiibo/Monster_Hunter/MH_Stories_2/Ena.nfc,nfc,Amiibo,Bruce-Scripts-Heaven_RFID/Amiibo,moved
sd_card_content/nfc/Amiibo/Monster_Hunter/Monster_Hunter_Stories/[MHS]_03_-_Nabiru.nfc,nfc,Amiibo,Bruce-Scripts-Heaven_RFID/Amiibo,moved
sd_card_content/nfc/Amiibo/Monster_Hunter/Monster_Hunter_Stories/[MHS]_02_-_One-Eyed_Rathalos_and_Rider_(Male).nfc,nfc,Amiibo,Bruce-Scripts-Heaven_RFID/Amiibo,moved
sd_card_content/nfc/Amiibo/Monster_Hunter/Monster_Hunter_Stories/[MHS]_01_-_One-Eyed_Rathalos_and_Rider_(Female).nfc,nfc,Amiibo,Bruce-Scripts-Heaven_RFID/Amiibo,moved
sd_card_content/nfc/Amiibo/Monster_Hunter/Monster_Hunter_Stories/[MHS]_05_-_Barioth_and_Ayuria.nfc,nfc,Amiibo,Bruce-Scripts-Heaven_RFID/Amiibo,moved
sd_card_content/nfc/Amiibo/Monster_Hunter/Monster_Hunter_Stories/[MHS]_06_-_Qurupeco_and_Dan.nfc,nfc,Amiibo,Bruce-Scripts-Heaven_RFID/Amiibo,moved
sd_card_content/nfc/Amiibo/Monster_Hunter/Monster_Hunter_Stories/[MHS]_04_-_Rathian_and_Cheval.nfc,nfc,Amiibo,Bruce-Scripts-Heaven_RFID/Amiibo,moved
sd_card_content/nfc/Amiibo/Monster_Hunter/Monster_Hunter_Rise/[MHR]_02_-_Magnamalo.nfc,nfc,Amiibo,Bruce-Scripts-Heaven_RFID/Amiibo,moved
sd_card_content/nfc/Amiibo/Monster_Hunter/Monster_Hunter_Rise/[MHR]_03_-_Palico.nfc,nfc,Amiibo,Bruce-Scripts-Heaven_RFID/Amiibo,moved
sd_card_content/nfc/Amiibo/Monster_Hunter/Monster_Hunter_Rise/[MHR]_01_-_Palamute.nfc,nfc,Amiibo,Bruce-Scripts-Heaven_RFID/Amiibo,moved
sd_card_content/nfc/Amiibo/Monster_Hunter/Monster_Hunter_Rise/Sunbreak/[MHR]_02_-_Palamute_Canyne_Malzeno.nfc,nfc,Amiibo,Bruce-Scripts-Heaven_RFID/Amiibo,moved
sd_card_content/nfc/Amiibo/Monster_Hunter/Monster_Hunter_Rise/Sunbreak/[MHR]_01_-_Malzeno.nfc,nfc,Amiibo,Bruce-Scripts-Heaven_RFID/Amiibo,moved
sd_card_content/nfc/Amiibo/Monster_Hunter/Monster_Hunter_Rise/Sunbreak/[MHR]_03_-_Palico_Felyne_Malzeno.nfc,nfc,Amiibo,Bruce-Scripts-Heaven_RFID/Amiibo,moved
sd_card_content/nfc/Amiibo/Monster_Hunter/Monster_Hunter_Stories_2/[MHS]_02_-_Razewing_Ratha.nfc,nfc,Amiibo,Bruce-Scripts-Heaven_RFID/Amiibo,moved
sd_card_content/nfc/Amiibo/Monster_Hunter/Monster_Hunter_Stories_2/[MHS]_03_-_Tsukino.nfc,nfc,Amiibo,Bruce-Scripts-Heaven_RFID/Amiibo,moved
sd_card_content/nfc/Amiibo/Monster_Hunter/Monster_Hunter_Stories_2/[MHS]_01_-_Ena.nfc,nfc,Amiibo,Bruce-Scripts-Heaven_RFID/Amiibo,moved
sd_card_content/nfc/Amiibo/Monster_Hunter/MH_Rise/Magnamalo.nfc,nfc,Amiibo,Bruce-Scripts-Heaven_RFID/Amiibo,moved
sd_card_content/nfc/Amiibo/Kirby/[Kirby]_04_-_Waddle_Dee.nfc,nfc,Amiibo,Bruce-Scripts-Heaven_RFID/Amiibo,moved
sd_card_content/nfc/Amiibo/Kirby/[Kirby]_01_-_Kirby.nfc,nfc,Amiibo,Bruce-Scripts-Heaven_RFID/Amiibo,moved
sd_card_content/nfc/Amiibo/Kirby/[Kirby]_02_-_Meta_Knight.nfc,nfc,Amiibo,Bruce-Scripts-Heaven_RFID/Amiibo,moved
sd_card_content/nfc/Amiibo/Kirby/[Kirby]_03_-_King_Dedede.nfc,nfc,Amiibo,Bruce-Scripts-Heaven_RFID/Amiibo,moved
sd_card_content/nfc/Amiibo/Skylanders_SuperChargers/[SS]_03_-_Dark_Hammer_Slam_Bowser.nfc,nfc,Amiibo,Bruce-Scripts-Heaven_RFID/Amiibo,moved
sd_card_content/nfc/Amiibo/Skylanders_SuperChargers/[SS]_04_-_Dark_Turbo_Charge_Donkey_Kong.nfc,nfc,Amiibo,Bruce-Scripts-Heaven_RFID/Amiibo,moved
sd_card_content/nfc/Amiibo/Skylanders_SuperChargers/[SS]_01_-_Hammer_Slam_Bowser.nfc,nfc,Amiibo,Bruce-Scripts-Heaven_RFID/Amiibo,moved
sd_card_content/nfc/Amiibo/Skylanders_SuperChargers/[SS]_02_-_Turbo_Charge_Donkey_Kong.nfc,nfc,Amiibo,Bruce-Scripts-Heaven_RFID/Amiibo,moved
sd_card_content/nfc/Amiibo/Super_Mario_30th/30th_Mario_Modern.nfc,nfc,Amiibo,Bruce-Scripts-Heaven_RFID/Amiibo,moved
sd_card_content/nfc/Amiibo/Super_Mario_30th/30th_Mario_Classic.nfc,nfc,Amiibo,Bruce-Scripts-Heaven_RFID/Amiibo,moved
sd_card_content/nfc/Amiibo/Pokken_Tournament/Shadow_Mewtwo.nfc,nfc,Amiibo,Bruce-Scripts-Heaven_RFID/Amiibo,moved
sd_card_content/nfc/Amiibo/Jikkyou_Powerful_Pro_Baseball/[JPPB]_03_-_Yabe.nfc,nfc,Amiibo,Bruce-Scripts-Heaven_RFID/Amiibo,moved
sd_card_content/nfc/Amiibo/Jikkyou_Powerful_Pro_Baseball/[JPPB]_02_-_Ikari.nfc,nfc,Amiibo,Bruce-Scripts-Heaven_RFID/Amiibo,moved
sd_card_content/nfc/Amiibo/Jikkyou_Powerful_Pro_Baseball/[JPPB]_01_-_Pawapuro.nfc,nfc,Amiibo,Bruce-Scripts-Heaven_RFID/Amiibo,moved
sd_card_content/nfc/Amiibo/Jikkyou_Powerful_Pro_Baseball/[JPPB]_06_-_Daijobu.nfc,nfc,Amiibo,Bruce-Scripts-Heaven_RFID/Amiibo,moved
sd_card_content/nfc/Amiibo/Jikkyou_Powerful_Pro_Baseball/[JPPB]_04_-_Hayakawa.nfc,nfc,Amiibo,Bruce-Scripts-Heaven_RFID/Amiibo,moved
sd_card_content/nfc/Amiibo/Jikkyou_Powerful_Pro_Baseball/[JPPB]_05_-_Ganda.nfc,nfc,Amiibo,Bruce-Scripts-Heaven_RFID/Amiibo,moved
sd_card_content/nfc/Amiibo/Shovel_Knight/[SN]_04_-_King_Knight.nfc,nfc,Amiibo,Bruce-Scripts-Heaven_RFID/Amiibo,moved
sd_card_content/nfc/Amiibo/Shovel_Knight/[SN]_02_-_Plague_Knight.nfc,nfc,Amiibo,Bruce-Scripts-Heaven_RFID/Amiibo,moved
sd_card_content/nfc/Amiibo/Shovel_Knight/[SN]_01_-_Shovel_Knight.nfc,nfc,Amiibo,Bruce-Scripts-Heaven_RFID/Amiibo,moved
sd_card_content/nfc/Amiibo/Shovel_Knight/[SN]_03_-_Specter_Knight.nfc,nfc,Amiibo,Bruce-Scripts-Heaven_RFID/Amiibo,moved
sd_card_content/nfc/Amiibo/Shovel_Knight/[SN]_05_-_Shovel_Knight_(Gold_Edition).nfc,nfc,Amiibo,Bruce-Scripts-Heaven_RFID/Amiibo,moved
sd_card_content/nfc/Amiibo/Animal_Crossing/Happy_Home_Designer_Items/HHD_Items-70.nfc,nfc,Amiibo,Bruce-Scripts-Heaven_RFID/Amiibo,moved
sd_card_content/nfc/Amiibo/Animal_Crossing/Happy_Home_Designer_Items/HHD_Items_72.nfc,nfc,Amiibo,Bruce-Scripts-Heaven_RFID/Amiibo,moved
sd_card_content/nfc/Amiibo/Animal_Crossing/Happy_Home_Designer_Items/HHD_Items_50.nfc,nfc,Amiibo,Bruce-Scripts-Heaven_RFID/Amiibo,moved
sd_card_content/nfc/Amiibo/Animal_Crossing/Happy_Home_Designer_Items/HHD_Items-43.nfc,nfc,Amiibo,Bruce-Scripts-Heaven_RFID/Amiibo,moved
sd_card_content/nfc/Amiibo/Animal_Crossing/Happy_Home_Designer_Items/HHD_Items-20.nfc,nfc,Amiibo,Bruce-Scripts-Heaven_RFID/Amiibo,moved
sd_card_content/nfc/Amiibo/Animal_Crossing/Happy_Home_Designer_Items/HHD_Items_82.nfc,nfc,Amiibo,Bruce-Scripts-Heaven_RFID/Amiibo,moved
sd_card_content/nfc/Amiibo/Animal_Crossing/Happy_Home_Designer_Items/HHD_Items_85.nfc,nfc,Amiibo,Bruce-Scripts-Heaven_RFID/Amiibo,moved
sd_card_content/nfc/Amiibo/Animal_Crossing/Happy_Home_Designer_Items/HHD_Items_90.nfc,nfc,Amiibo,Bruce-Scripts-Heaven_RFID/Amiibo,moved
sd_card_content/nfc/Amiibo/Animal_Crossing/Happy_Home_Designer_Items/HHD_Items_17.nfc,nfc,Amiibo,Bruce-Scripts-Heaven_RFID/Amiibo,moved
sd_card_content/nfc/Amiibo/Animal_Crossing/Happy_Home_Designer_Items/HHD_Items-05.nfc,nfc,Amiibo,Bruce-Scripts-Heaven_RFID/Amiibo,moved
sd_card_content/nfc/Amiibo/Animal_Crossing/Happy_Home_Designer_Items/HHD_Items_46.nfc,nfc,Amiibo,Bruce-Scripts-Heaven_RFID/Amiibo,moved
sd_card_content/nfc/Amiibo/Animal_Crossing/Happy_Home_Designer_Items/HHD_Items_13.nfc,nfc,Amiibo,Bruce-Scripts-Heaven_RFID/Amiibo,moved
sd_card_content/nfc/Amiibo/Animal_Crossing/Happy_Home_Designer_Items/HHD_Items_39.nfc,nfc,Amiibo,Bruce-Scripts-Heaven_RFID/Amiibo,moved
sd_card_content/nfc/Amiibo/Animal_Crossing/Happy_Home_Designer_Items/HHD_Items_09.nfc,nfc,Amiibo,Bruce-Scripts-Heaven_RFID/Amiibo,moved
sd_card_content/nfc/Amiibo/Animal_Crossing/Happy_Home_Designer_Items/HHD_Items-07.nfc,nfc,Amiibo,Bruce-Scripts-Heaven_RFID/Amiibo,moved
sd_card_content/nfc/Amiibo/Animal_Crossing/Happy_Home_Designer_Items/HHD_Items_58.nfc,nfc,Amiibo,Bruce-Scripts-Heaven_RFID/Amiibo,moved
sd_card_content/nfc/Amiibo/Animal_Crossing/Happy_Home_Designer_Items/HHD_Items-44.nfc,nfc,Amiibo,Bruce-Scripts-Heaven_RFID/Amiibo,moved
sd_card_content/nfc/Amiibo/Animal_Crossing/Happy_Home_Designer_Items/HHD_Items_10.nfc,nfc,Amiibo,Bruce-Scripts-Heaven_RFID/Amiibo,moved
sd_card_content/nfc/Amiibo/Animal_Crossing/Happy_Home_Designer_Items/HHD_Items-22.nfc,nfc,Amiibo,Bruce-Scripts-Heaven_RFID/Amiibo,moved
sd_card_content/nfc/Amiibo/Animal_Crossing/Happy_Home_Designer_Items/HHD_Items_61.nfc,nfc,Amiibo,Bruce-Scripts-Heaven_RFID/Amiibo,moved
sd_card_content/nfc/Amiibo/Animal_Crossing/Happy_Home_Designer_Items/HHD_Items_07.nfc,nfc,Amiibo,Bruce-Scripts-Heaven_RFID/Amiibo,moved
sd_card_content/nfc/Amiibo/Animal_Crossing/Happy_Home_Designer_Items/HHD_Items_86.nfc,nfc,Amiibo,Bruce-Scripts-Heaven_RFID/Amiibo,moved
sd_card_content/nfc/Amiibo/Animal_Crossing/Happy_Home_Designer_Items/HHD_Items-74.nfc,nfc,Amiibo,Bruce-Scripts-Heaven_RFID/Amiibo,moved
sd_card_content/nfc/Amiibo/Animal_Crossing/Happy_Home_Designer_Items/HHD_Items_52.nfc,nfc,Amiibo,Bruce-Scripts-Heaven_RFID/Amiibo,moved
sd_card_content/nfc/Amiibo/Animal_Crossing/Happy_Home_Designer_Items/HHD_Items_42.nfc,nfc,Amiibo,Bruce-Scripts-Heaven_RFID/Amiibo,moved
sd_card_content/nfc/Amiibo/Animal_Crossing/Happy_Home_Designer_Items/HHD_Items_89.nfc,nfc,Amiibo,Bruce-Scripts-Heaven_RFID/Amiibo,moved
sd_card_content/nfc/Amiibo/Animal_Crossing/Happy_Home_Designer_Items/HHD_Items-83.nfc,nfc,Amiibo,Bruce-Scripts-Heaven_RFID/Amiibo,moved
sd_card_content/nfc/Amiibo/Animal_Crossing/Happy_Home_Designer_Items/HHD_Items-03.nfc,nfc,Amiibo,Bruce-Scripts-Heaven_RFID/Amiibo,moved
sd_card_content/nfc/Amiibo/Animal_Crossing/Happy_Home_Designer_Items/HHD_Items-75.nfc,nfc,Amiibo,Bruce-Scripts-Heaven_RFID/Amiibo,moved
sd_card_content/nfc/Amiibo/Animal_Crossing/Happy_Home_Designer_Items/HHD_Items-81.nfc,nfc,Amiibo,Bruce-Scripts-Heaven_RFID/Amiibo,moved
sd_card_content/nfc/Amiibo/Animal_Crossing/Happy_Home_Designer_Items/HHD_Items-28.nfc,nfc,Amiibo,Bruce-Scripts-Heaven_RFID/Amiibo,moved
sd_card_content/nfc/Amiibo/Animal_Crossing/Happy_Home_Designer_Items/HHD_Items_63.nfc,nfc,Amiibo,Bruce-Scripts-Heaven_RFID/Amiibo,moved
sd_card_content/nfc/Amiibo/Animal_Crossing/Happy_Home_Designer_Items/HHD_Items-50.nfc,nfc,Amiibo,Bruce-Scripts-Heaven_RFID/Amiibo,moved
sd_card_content/nfc/Amiibo/Animal_Crossing/Happy_Home_Designer_Items/HHD_Items-41.nfc,nfc,Amiibo,Bruce-Scripts-Heaven_RFID/Amiibo,moved
sd_card_content/nfc/Amiibo/Animal_Crossing/Happy_Home_Designer_Items/HHD_Items_34.nfc,nfc,Amiibo,Bruce-Scripts-Heaven_RFID/Amiibo,moved
sd_card_content/nfc/Amiibo/Animal_Crossing/Happy_Home_Designer_Items/HHD_Items-90.nfc,nfc,Amiibo,Bruce-Scripts-Heaven_RFID/Amiibo,moved
sd_card_content/nfc/Amiibo/Animal_Crossing/Happy_Home_Designer_Items/HHD_Items-24.nfc,nfc,Amiibo,Bruce-Scripts-Heaven_RFID/Amiibo,moved
sd_card_content/nfc/Amiibo/Animal_Crossing/Happy_Home_Designer_Items/HHD_Items_20.nfc,nfc,Amiibo,Bruce-Scripts-Heaven_RFID/Amiibo,moved
sd_card_content/nfc/Amiibo/Animal_Crossing/Happy_Home_Designer_Items/HHD_Items_83.nfc,nfc,Amiibo,Bruce-Scripts-Heaven_RFID/Amiibo,moved
sd_card_content/nfc/Amiibo/Animal_Crossing/Happy_Home_Designer_Items/HHD_Items_70.nfc,nfc,Amiibo,Bruce-Scripts-Heaven_RFID/Amiibo,moved
sd_card_content/nfc/Amiibo/Animal_Crossing/Happy_Home_Designer_Items/HHD_Items_47.nfc,nfc,Amiibo,Bruce-Scripts-Heaven_RFID/Amiibo,moved
sd_card_content/nfc/Amiibo/Animal_Crossing/Happy_Home_Designer_Items/HHD_Items-88.nfc,nfc,Amiibo,Bruce-Scripts-Heaven_RFID/Amiibo,moved
sd_card_content/nfc/Amiibo/Animal_Crossing/Happy_Home_Designer_Items/HHD_Items_87.nfc,nfc,Amiibo,Bruce-Scripts-Heaven_RFID/Amiibo,moved
sd_card_content/nfc/Amiibo/Animal_Crossing/Happy_Home_Designer_Items/HHD_Items_05.nfc,nfc,Amiibo,Bruce-Scripts-Heaven_RFID/Amiibo,moved
sd_card_content/nfc/Amiibo/Animal_Crossing/Happy_Home_Designer_Items/HHD_Items_27.nfc,nfc,Amiibo,Bruce-Scripts-Heaven_RFID/Amiibo,moved
sd_card_content/nfc/Amiibo/Animal_Crossing/Happy_Home_Designer_Items/HHD_Items-46.nfc,nfc,Amiibo,Bruce-Scripts-Heaven_RFID/Amiibo,moved
sd_card_content/nfc/Amiibo/Animal_Crossing/Happy_Home_Designer_Items/HHD_Items_80.nfc,nfc,Amiibo,Bruce-Scripts-Heaven_RFID/Amiibo,moved
sd_card_content/nfc/Amiibo/Animal_Crossing/Happy_Home_Designer_Items/HHD_Items-31.nfc,nfc,Amiibo,Bruce-Scripts-Heaven_RFID/Amiibo,moved
sd_card_content/nfc/Amiibo/Animal_Crossing/Happy_Home_Designer_Items/HHD_Items_73.nfc,nfc,Amiibo,Bruce-Scripts-Heaven_RFID/Amiibo,moved
sd_card_content/nfc/Amiibo/Animal_Crossing/Happy_Home_Designer_Items/HHD_Items-40.nfc,nfc,Amiibo,Bruce-Scripts-Heaven_RFID/Amiibo,moved
sd_card_content/nfc/Amiibo/Animal_Crossing/Happy_Home_Designer_Items/HHD_Items-78.nfc,nfc,Amiibo,Bruce-Scripts-Heaven_RFID/Amiibo,moved
sd_card_content/nfc/Amiibo/Animal_Crossing/Happy_Home_Designer_Items/HHD_Items_66.nfc,nfc,Amiibo,Bruce-Scripts-Heaven_RFID/Amiibo,moved
sd_card_content/nfc/Amiibo/Animal_Crossing/Happy_Home_Designer_Items/HHD_Items_53.nfc,nfc,Amiibo,Bruce-Scripts-Heaven_RFID/Amiibo,moved
sd_card_content/nfc/Amiibo/Animal_Crossing/Happy_Home_Designer_Items/HHD_Items_65.nfc,nfc,Amiibo,Bruce-Scripts-Heaven_RFID/Amiibo,moved
sd_card_content/nfc/Amiibo/Animal_Crossing/Happy_Home_Designer_Items/HHD_Items-25.nfc,nfc,Amiibo,Bruce-Scripts-Heaven_RFID/Amiibo,moved
sd_card_content/nfc/Amiibo/Animal_Crossing/Happy_Home_Designer_Items/HHD_Items_88.nfc,nfc,Amiibo,Bruce-Scripts-Heaven_RFID/Amiibo,moved
sd_card_content/nfc/Amiibo/Animal_Crossing/Happy_Home_Designer_Items/HHD_Items_69.nfc,nfc,Amiibo,Bruce-Scripts-Heaven_RFID/Amiibo,moved
sd_card_content/nfc/Amiibo/Animal_Crossing/Happy_Home_Designer_Items/HHD_Items_30.nfc,nfc,Amiibo,Bruce-Scripts-Heaven_RFID/Amiibo,moved
sd_card_content/nfc/Amiibo/Animal_Crossing/Happy_Home_Designer_Items/HHD_Items_38.nfc,nfc,Amiibo,Bruce-Scripts-Heaven_RFID/Amiibo,moved
sd_card_content/nfc/Amiibo/Animal_Crossing/Happy_Home_Designer_Items/HHD_Items-55.nfc,nfc,Amiibo,Bruce-Scripts-Heaven_RFID/Amiibo,moved
sd_card_content/nfc/Amiibo/Animal_Crossing/Happy_Home_Designer_Items/HHD_Items-32.nfc,nfc,Amiibo,Bruce-Scripts-Heaven_RFID/Amiibo,moved
sd_card_content/nfc/Amiibo/Animal_Crossing/Happy_Home_Designer_Items/HHD_Items-45.nfc,nfc,Amiibo,Bruce-Scripts-Heaven_RFID/Amiibo,moved
sd_card_content/nfc/Amiibo/Animal_Crossing/Happy_Home_Designer_Items/HHD_Items-52.nfc,nfc,Amiibo,Bruce-Scripts-Heaven_RFID/Amiibo,moved
sd_card_content/nfc/Amiibo/Animal_Crossing/Happy_Home_Designer_Items/HHD_Items_54.nfc,nfc,Amiibo,Bruce-Scripts-Heaven_RFID/Amiibo,moved
sd_card_content/nfc/Amiibo/Animal_Crossing/Happy_Home_Designer_Items/HHD_Items-57.nfc,nfc,Amiibo,Bruce-Scripts-Heaven_RFID/Amiibo,moved
sd_card_content/nfc/Amiibo/Animal_Crossing/Happy_Home_Designer_Items/HHD_Items_26.nfc,nfc,Amiibo,Bruce-Scripts-Heaven_RFID/Amiibo,moved
sd_card_content/nfc/Amiibo/Animal_Crossing/Happy_Home_Designer_Items/HHD_Items_08.nfc,nfc,Amiibo,Bruce-Scripts-Heaven_RFID/Amiibo,moved
sd_card_content/nfc/Amiibo/Animal_Crossing/Happy_Home_Designer_Items/HHD_Items_18.nfc,nfc,Amiibo,Bruce-Scripts-Heaven_RFID/Amiibo,moved
sd_card_content/nfc/Amiibo/Animal_Crossing/Happy_Home_Designer_Items/HHD_Items-27.nfc,nfc,Amiibo,Bruce-Scripts-Heaven_RFID/Amiibo,moved
sd_card_content/nfc/Amiibo/Animal_Crossing/Happy_Home_Designer_Items/HHD_Items-04.nfc,nfc,Amiibo,Bruce-Scripts-Heaven_RFID/Amiibo,moved
sd_card_content/nfc/Amiibo/Animal_Crossing/Happy_Home_Designer_Items/HHD_Items-06.nfc,nfc,Amiibo,Bruce-Scripts-Heaven_RFID/Amiibo,moved
sd_card_content/nfc/Amiibo/Animal_Crossing/Happy_Home_Designer_Items/HHD_Items_14.nfc,nfc,Amiibo,Bruce-Scripts-Heaven_RFID/Amiibo,moved
sd_card_content/nfc/Amiibo/Animal_Crossing/Happy_Home_Designer_Items/HHD_Items-17.nfc,nfc,Amiibo,Bruce-Scripts-Heaven_RFID/Amiibo,moved
sd_card_content/nfc/Amiibo/Animal_Crossing/Happy_Home_Designer_Items/HHD_Items_40.nfc,nfc,Amiibo,Bruce-Scripts-Heaven_RFID/Amiibo,moved
sd_card_content/nfc/Amiibo/Animal_Crossing/Happy_Home_Designer_Items/HHD_Items-21.nfc,nfc,Amiibo,Bruce-Scripts-Heaven_RFID/Amiibo,moved
sd_card_content/nfc/Amiibo/Animal_Crossing/Happy_Home_Designer_Items/HHD_Items-63.nfc,nfc,Amiibo,Bruce-Scripts-Heaven_RFID/Amiibo,moved
sd_card_content/nfc/Amiibo/Animal_Crossing/Happy_Home_Designer_Items/HHD_Items-64.nfc,nfc,Amiibo,Bruce-Scripts-Heaven_RFID/Amiibo,moved
sd_card_content/nfc/Amiibo/Animal_Crossing/Happy_Home_Designer_Items/HHD_Items-48.nfc,nfc,Amiibo,Bruce-Scripts-Heaven_RFID/Amiibo,moved
sd_card_content/nfc/Amiibo/Animal_Crossing/Happy_Home_Designer_Items/HHD_Items-71.nfc,nfc,Amiibo,Bruce-Scripts-Heaven_RFID/Amiibo,moved
sd_card_content/nfc/Amiibo/Animal_Crossing/Happy_Home_Designer_Items/HHD_Items_23.nfc,nfc,Amiibo,Bruce-Scripts-Heaven_RFID/Amiibo,moved
sd_card_content/nfc/Amiibo/Animal_Crossing/Happy_Home_Designer_Items/HHD_Items-47.nfc,nfc,Amiibo,Bruce-Scripts-Heaven_RFID/Amiibo,moved
sd_card_content/nfc/Amiibo/Animal_Crossing/Happy_Home_Designer_Items/HHD_Items-42.nfc,nfc,Amiibo,Bruce-Scripts-Heaven_RFID/Amiibo,moved
sd_card_content/nfc/Amiibo/Animal_Crossing/Happy_Home_Designer_Items/HHD_Items-38.nfc,nfc,Amiibo,Bruce-Scripts-Heaven_RFID/Amiibo,moved
sd_card_content/nfc/Amiibo/Animal_Crossing/Happy_Home_Designer_Items/HHD_Items_64.nfc,nfc,Amiibo,Bruce-Scripts-Heaven_RFID/Amiibo,moved
sd_card_content/nfc/Amiibo/Animal_Crossing/Happy_Home_Designer_Items/HHD_Items-72.nfc,nfc,Amiibo,Bruce-Scripts-Heaven_RFID/Amiibo,moved
sd_card_content/nfc/Amiibo/Animal_Crossing/Happy_Home_Designer_Items/HHD_Items-84.nfc,nfc,Amiibo,Bruce-Scripts-Heaven_RFID/Amiibo,moved
sd_card_content/nfc/Amiibo/Animal_Crossing/Happy_Home_Designer_Items/HHD_Items-15.nfc,nfc,Amiibo,Bruce-Scripts-Heaven_RFID/Amiibo,moved
sd_card_content/nfc/Amiibo/Animal_Crossing/Happy_Home_Designer_Items/HHD_Items_55.nfc,nfc,Amiibo,Bruce-Scripts-Heaven_RFID/Amiibo,moved
sd_card_content/nfc/Amiibo/Animal_Crossing/Happy_Home_Designer_Items/HHD_Items_21.nfc,nfc,Amiibo,Bruce-Scripts-Heaven_RFID/Amiibo,moved
sd_card_content/nfc/Amiibo/Animal_Crossing/Happy_Home_Designer_Items/HHD_Items-66.nfc,nfc,Amiibo,Bruce-Scripts-Heaven_RFID/Amiibo,moved
sd_card_content/nfc/Amiibo/Animal_Crossing/Happy_Home_Designer_Items/HHD_Items-60.nfc,nfc,Amiibo,Bruce-Scripts-Heaven_RFID/Amiibo,moved
sd_card_content/nfc/Amiibo/Animal_Crossing/Happy_Home_Designer_Items/HHD_Items-62.nfc,nfc,Amiibo,Bruce-Scripts-Heaven_RFID/Amiibo,moved
sd_card_content/nfc/Amiibo/Animal_Crossing/Happy_Home_Designer_Items/HHD_Items-33.nfc,nfc,Amiibo,Bruce-Scripts-Heaven_RFID/Amiibo,moved
sd_card_content/nfc/Amiibo/Animal_Crossing/Happy_Home_Designer_Items/HHD_Items-35.nfc,nfc,Amiibo,Bruce-Scripts-Heaven_RFID/Amiibo,moved
sd_card_content/nfc/Amiibo/Animal_Crossing/Happy_Home_Designer_Items/HHD_Items-37.nfc,nfc,Amiibo,Bruce-Scripts-Heaven_RFID/Amiibo,moved
sd_card_content/nfc/Amiibo/Animal_Crossing/Happy_Home_Designer_Items/HHD_Items_57.nfc,nfc,Amiibo,Bruce-Scripts-Heaven_RFID/Amiibo,moved
sd_card_content/nfc/Amiibo/Animal_Crossing/Happy_Home_Designer_Items/HHD_Items-76.nfc,nfc,Amiibo,Bruce-Scripts-Heaven_RFID/Amiibo,moved
sd_card_content/nfc/Amiibo/Animal_Crossing/Happy_Home_Designer_Items/HHD_Items_33.nfc,nfc,Amiibo,Bruce-Scripts-Heaven_RFID/Amiibo,moved
sd_card_content/nfc/Amiibo/Animal_Crossing/Happy_Home_Designer_Items/HHD_Items_74.nfc,nfc,Amiibo,Bruce-Scripts-Heaven_RFID/Amiibo,moved
sd_card_content/nfc/Amiibo/Animal_Crossing/Happy_Home_Designer_Items/HHD_Items-77.nfc,nfc,Amiibo,Bruce-Scripts-Heaven_RFID/Amiibo,moved
sd_card_content/nfc/Amiibo/Animal_Crossing/Happy_Home_Designer_Items/HHD_Items-61.nfc,nfc,Amiibo,Bruce-Scripts-Heaven_RFID/Amiibo,moved
sd_card_content/nfc/Amiibo/Animal_Crossing/Happy_Home_Designer_Items/HHD_Items-68.nfc,nfc,Amiibo,Bruce-Scripts-Heaven_RFID/Amiibo,moved
sd_card_content/nfc/Amiibo/Animal_Crossing/Happy_Home_Designer_Items/HHD_Items_28.nfc,nfc,Amiibo,Bruce-Scripts-Heaven_RFID/Amiibo,moved
sd_card_content/nfc/Amiibo/Animal_Crossing/Happy_Home_Designer_Items/HHD_Items_41.nfc,nfc,Amiibo,Bruce-Scripts-Heaven_RFID/Amiibo,moved
sd_card_content/nfc/Amiibo/Animal_Crossing/Happy_Home_Designer_Items/HHD_Items_49.nfc,nfc,Amiibo,Bruce-Scripts-Heaven_RFID/Amiibo,moved
sd_card_content/nfc/Amiibo/Animal_Crossing/Happy_Home_Designer_Items/HHD_Items_91.nfc,nfc,Amiibo,Bruce-Scripts-Heaven_RFID/Amiibo,moved
sd_card_content/nfc/Amiibo/Animal_Crossing/Happy_Home_Designer_Items/HHD_Items-18.nfc,nfc,Amiibo,Bruce-Scripts-Heaven_RFID/Amiibo,moved
sd_card_content/nfc/Amiibo/Animal_Crossing/Happy_Home_Designer_Items/HHD_Items_60.nfc,nfc,Amiibo,Bruce-Scripts-Heaven_RFID/Amiibo,moved
sd_card_content/nfc/Amiibo/Animal_Crossing/Happy_Home_Designer_Items/HHD_Items-59.nfc,nfc,Amiibo,Bruce-Scripts-Heaven_RFID/Amiibo,moved
sd_card_content/nfc/Amiibo/Animal_Crossing/Happy_Home_Designer_Items/HHD_Items_36.nfc,nfc,Amiibo,Bruce-Scripts-Heaven_RFID/Amiibo,moved
sd_card_content/nfc/Amiibo/Animal_Crossing/Happy_Home_Designer_Items/HHD_Items-13.nfc,nfc,Amiibo,Bruce-Scripts-Heaven_RFID/Amiibo,moved
sd_card_content/nfc/Amiibo/Animal_Crossing/Happy_Home_Designer_Items/HHD_Items-53.nfc,nfc,Amiibo,Bruce-Scripts-Heaven_RFID/Amiibo,moved
sd_card_content/nfc/Amiibo/Animal_Crossing/Happy_Home_Designer_Items/HHD_Items_15.nfc,nfc,Amiibo,Bruce-Scripts-Heaven_RFID/Amiibo,moved
sd_card_content/nfc/Amiibo/Animal_Crossing/Happy_Home_Designer_Items/HHD_Items-67.nfc,nfc,Amiibo,Bruce-Scripts-Heaven_RFID/Amiibo,moved
sd_card_content/nfc/Amiibo/Animal_Crossing/Happy_Home_Designer_Items/HHD_Items_78.nfc,nfc,Amiibo,Bruce-Scripts-Heaven_RFID/Amiibo,moved
sd_card_content/nfc/Amiibo/Animal_Crossing/Happy_Home_Designer_Items/HHD_Items-56.nfc,nfc,Amiibo,Bruce-Scripts-Heaven_RFID/Amiibo,moved
sd_card_content/nfc/Amiibo/Animal_Crossing/Happy_Home_Designer_Items/HHD_Items_32.nfc,nfc,Amiibo,Bruce-Scripts-Heaven_RFID/Amiibo,moved
sd_card_content/nfc/Amiibo/Animal_Crossing/Happy_Home_Designer_Items/HHD_Items_79.nfc,nfc,Amiibo,Bruce-Scripts-Heaven_RFID/Amiibo,moved
sd_card_content/nfc/Amiibo/Animal_Crossing/Happy_Home_Designer_Items/HHD_Items_76.nfc,nfc,Amiibo,Bruce-Scripts-Heaven_RFID/Amiibo,moved
sd_card_content/nfc/Amiibo/Animal_Crossing/Happy_Home_Designer_Items/HHD_Items-51.nfc,nfc,Amiibo,Bruce-Scripts-Heaven_RFID/Amiibo,moved
sd_card_content/nfc/Amiibo/Animal_Crossing/Happy_Home_Designer_Items/HHD_Items-80.nfc,nfc,Amiibo,Bruce-Scripts-Heaven_RFID/Amiibo,moved
sd_card_content/nfc/Amiibo/Animal_Crossing/Happy_Home_Designer_Items/HHD_Items_45.nfc,nfc,Amiibo,Bruce-Scripts-Heaven_RFID/Amiibo,moved
sd_card_content/nfc/Amiibo/Animal_Crossing/Happy_Home_Designer_Items/HHD_Items-85.nfc,nfc,Amiibo,Bruce-Scripts-Heaven_RFID/Amiibo,moved
sd_card_content/nfc/Amiibo/Animal_Crossing/Happy_Home_Designer_Items/HHD_Items_01.nfc,nfc,Amiibo,Bruce-Scripts-Heaven_RFID/Amiibo,moved
sd_card_content/nfc/Amiibo/Animal_Crossing/Happy_Home_Designer_Items/HHD_Items_06.nfc,nfc,Amiibo,Bruce-Scripts-Heaven_RFID/Amiibo,moved
sd_card_content/nfc/Amiibo/Animal_Crossing/Happy_Home_Designer_Items/HHD_Items_24.nfc,nfc,Amiibo,Bruce-Scripts-Heaven_RFID/Amiibo,moved
sd_card_content/nfc/Amiibo/Animal_Crossing/Happy_Home_Designer_Items/HHD_Items-54.nfc,nfc,Amiibo,Bruce-Scripts-Heaven_RFID/Amiibo,moved
sd_card_content/nfc/Amiibo/Animal_Crossing/Happy_Home_Designer_Items/HHD_Items-19.nfc,nfc,Amiibo,Bruce-Scripts-Heaven_RFID/Amiibo,moved
sd_card_content/nfc/Amiibo/Animal_Crossing/Happy_Home_Designer_Items/HHD_Items-08.nfc,nfc,Amiibo,Bruce-Scripts-Heaven_RFID/Amiibo,moved
sd_card_content/nfc/Amiibo/Animal_Crossing/Happy_Home_Designer_Items/HHD_Items_59.nfc,nfc,Amiibo,Bruce-Scripts-Heaven_RFID/Amiibo,moved
sd_card_content/nfc/Amiibo/Animal_Crossing/Happy_Home_Designer_Items/HHD_Items-16.nfc,nfc,Amiibo,Bruce-Scripts-Heaven_RFID/Amiibo,moved
sd_card_content/nfc/Amiibo/Animal_Crossing/Happy_Home_Designer_Items/HHD_Items-65.nfc,nfc,Amiibo,Bruce-Scripts-Heaven_RFID/Amiibo,moved
sd_card_content/nfc/Amiibo/Animal_Crossing/Happy_Home_Designer_Items/HHD_Items-69.nfc,nfc,Amiibo,Bruce-Scripts-Heaven_RFID/Amiibo,moved
sd_card_content/nfc/Amiibo/Animal_Crossing/Happy_Home_Designer_Items/HHD_Items_11.nfc,nfc,Amiibo,Bruce-Scripts-Heaven_RFID/Amiibo,moved
sd_card_content/nfc/Amiibo/Animal_Crossing/Happy_Home_Designer_Items/HHD_Items_31.nfc,nfc,Amiibo,Bruce-Scripts-Heaven_RFID/Amiibo,moved
sd_card_content/nfc/Amiibo/Animal_Crossing/Happy_Home_Designer_Items/HHD_Items_77.nfc,nfc,Amiibo,Bruce-Scripts-Heaven_RFID/Amiibo,moved
sd_card_content/nfc/Amiibo/Animal_Crossing/Happy_Home_Designer_Items/HHD_Items-49.nfc,nfc,Amiibo,Bruce-Scripts-Heaven_RFID/Amiibo,moved
sd_card_content/nfc/Amiibo/Animal_Crossing/Happy_Home_Designer_Items/HHD_Items_51.nfc,nfc,Amiibo,Bruce-Scripts-Heaven_RFID/Amiibo,moved
sd_card_content/nfc/Amiibo/Animal_Crossing/Happy_Home_Designer_Items/HHD_Items-79.nfc,nfc,Amiibo,Bruce-Scripts-Heaven_RFID/Amiibo,moved
sd_card_content/nfc/Amiibo/Animal_Crossing/Happy_Home_Designer_Items/HHD_Items_29.nfc,nfc,Amiibo,Bruce-Scripts-Heaven_RFID/Amiibo,moved
sd_card_content/nfc/Amiibo/Animal_Crossing/Happy_Home_Designer_Items/HHD_Items-58.nfc,nfc,Amiibo,Bruce-Scripts-Heaven_RFID/Amiibo,moved
sd_card_content/nfc/Amiibo/Animal_Crossing/Happy_Home_Designer_Items/HHD_Items_12.nfc,nfc,Amiibo,Bruce-Scripts-Heaven_RFID/Amiibo,moved
sd_card_content/nfc/Amiibo/Animal_Crossing/Happy_Home_Designer_Items/HHD_Items_43.nfc,nfc,Amiibo,Bruce-Scripts-Heaven_RFID/Amiibo,moved
sd_card_content/nfc/Amiibo/Animal_Crossing/Happy_Home_Designer_Items/HHD_Items_02.nfc,nfc,Amiibo,Bruce-Scripts-Heaven_RFID/Amiibo,moved
sd_card_content/nfc/Amiibo/Animal_Crossing/Happy_Home_Designer_Items/HHD_Items_04.nfc,nfc,Amiibo,Bruce-Scripts-Heaven_RFID/Amiibo,moved
sd_card_content/nfc/Amiibo/Animal_Crossing/Happy_Home_Designer_Items/HHD_Items_48.nfc,nfc,Amiibo,Bruce-Scripts-Heaven_RFID/Amiibo,moved
sd_card_content/nfc/Amiibo/Animal_Crossing/Happy_Home_Designer_Items/HHD_Items-14.nfc,nfc,Amiibo,Bruce-Scripts-Heaven_RFID/Amiibo,moved
sd_card_content/nfc/Amiibo/Animal_Crossing/Happy_Home_Designer_Items/HHD_Items_44.nfc,nfc,Amiibo,Bruce-Scripts-Heaven_RFID/Amiibo,moved
sd_card_content/nfc/Amiibo/Animal_Crossing/Happy_Home_Designer_Items/HHD_Items-82.nfc,nfc,Amiibo,Bruce-Scripts-Heaven_RFID/Amiibo,moved
sd_card_content/nfc/Amiibo/Animal_Crossing/Happy_Home_Designer_Items/HHD_Items-12.nfc,nfc,Amiibo,Bruce-Scripts-Heaven_RFID/Amiibo,moved
sd_card_content/nfc/Amiibo/Animal_Crossing/Happy_Home_Designer_Items/HHD_Items-23.nfc,nfc,Amiibo,Bruce-Scripts-Heaven_RFID/Amiibo,moved
sd_card_content/nfc/Amiibo/Animal_Crossing/Happy_Home_Designer_Items/HHD_Items-89.nfc,nfc,Amiibo,Bruce-Scripts-Heaven_RFID/Amiibo,moved
sd_card_content/nfc/Amiibo/Animal_Crossing/Happy_Home_Designer_Items/HHD_Items_56.nfc,nfc,Amiibo,Bruce-Scripts-Heaven_RFID/Amiibo,moved
sd_card_content/nfc/Amiibo/Animal_Crossing/Happy_Home_Designer_Items/HHD_Items_68.nfc,nfc,Amiibo,Bruce-Scripts-Heaven_RFID/Amiibo,moved
sd_card_content/nfc/Amiibo/Animal_Crossing/Happy_Home_Designer_Items/HHD_Items_84.nfc,nfc,Amiibo,Bruce-Scripts-Heaven_RFID/Amiibo,moved
sd_card_content/nfc/Amiibo/Animal_Crossing/Happy_Home_Designer_Items/HHD_Items-26.nfc,nfc,Amiibo,Bruce-Scripts-Heaven_RFID/Amiibo,moved
sd_card_content/nfc/Amiibo/Animal_Crossing/Happy_Home_Designer_Items/HHD_Items-34.nfc,nfc,Amiibo,Bruce-Scripts-Heaven_RFID/Amiibo,moved
sd_card_content/nfc/Amiibo/Animal_Crossing/Happy_Home_Designer_Items/HHD_Items-73.nfc,nfc,Amiibo,Bruce-Scripts-Heaven_RFID/Amiibo,moved
sd_card_content/nfc/Amiibo/Animal_Crossing/Happy_Home_Designer_Items/HHD_Items-91.nfc,nfc,Amiibo,Bruce-Scripts-Heaven_RFID/Amiibo,moved
sd_card_content/nfc/Amiibo/Animal_Crossing/Happy_Home_Designer_Items/HHD_Items_81.nfc,nfc,Amiibo,Bruce-Scripts-Heaven_RFID/Amiibo,moved
sd_card_content/nfc/Amiibo/Animal_Crossing/Happy_Home_Designer_Items/HHD_Items_22.nfc,nfc,Amiibo,Bruce-Scripts-Heaven_RFID/Amiibo,moved
sd_card_content/nfc/Amiibo/Animal_Crossing/Happy_Home_Designer_Items/HHD_Items_62.nfc,nfc,Amiibo,Bruce-Scripts-Heaven_RFID/Amiibo,moved
sd_card_content/nfc/Amiibo/Animal_Crossing/Happy_Home_Designer_Items/HHD_Items_16.nfc,nfc,Amiibo,Bruce-Scripts-Heaven_RFID/Amiibo,moved
sd_card_content/nfc/Amiibo/Animal_Crossing/Happy_Home_Designer_Items/HHD_Items-02.nfc,nfc,Amiibo,Bruce-Scripts-Heaven_RFID/Amiibo,moved
sd_card_content/nfc/Amiibo/Animal_Crossing/Happy_Home_Designer_Items/HHD_Items_75.nfc,nfc,Amiibo,Bruce-Scripts-Heaven_RFID/Amiibo,moved
sd_card_content/nfc/Amiibo/Animal_Crossing/Happy_Home_Designer_Items/HHD_Items-01.nfc,nfc,Amiibo,Bruce-Scripts-Heaven_RFID/Amiibo,moved
sd_card_content/nfc/Amiibo/Animal_Crossing/Happy_Home_Designer_Items/HHD_Items-86.nfc,nfc,Amiibo,Bruce-Scripts-Heaven_RFID/Amiibo,moved
sd_card_content/nfc/Amiibo/Animal_Crossing/Happy_Home_Designer_Items/HHD_Items_67.nfc,nfc,Amiibo,Bruce-Scripts-Heaven_RFID/Amiibo,moved
sd_card_content/nfc/Amiibo/Animal_Crossing/Happy_Home_Designer_Items/HHD_Items-10.nfc,nfc,Amiibo,Bruce-Scripts-Heaven_RFID/Amiibo,moved
sd_card_content/nfc/Amiibo/Animal_Crossing/Happy_Home_Designer_Items/HHD_Items_71.nfc,nfc,Amiibo,Bruce-Scripts-Heaven_RFID/Amiibo,moved
sd_card_content/nfc/Amiibo/Animal_Crossing/Happy_Home_Designer_Items/HHD_Items_19.nfc,nfc,Amiibo,Bruce-Scripts-Heaven_RFID/Amiibo,moved
sd_card_content/nfc/Amiibo/Animal_Crossing/Happy_Home_Designer_Items/HHD_Items-29.nfc,nfc,Amiibo,Bruce-Scripts-Heaven_RFID/Amiibo,moved
sd_card_content/nfc/Amiibo/Animal_Crossing/Happy_Home_Designer_Items/HHD_Items-87.nfc,nfc,Amiibo,Bruce-Scripts-Heaven_RFID/Amiibo,moved
sd_card_content/nfc/Amiibo/Animal_Crossing/Happy_Home_Designer_Items/HHD_Items_03.nfc,nfc,Amiibo,Bruce-Scripts-Heaven_RFID/Amiibo,moved
sd_card_content/nfc/Amiibo/Animal_Crossing/Happy_Home_Designer_Items/HHD_Items-39.nfc,nfc,Amiibo,Bruce-Scripts-Heaven_RFID/Amiibo,moved
sd_card_content/nfc/Amiibo/Animal_Crossing/Happy_Home_Designer_Items/HHD_Items_35.nfc,nfc,Amiibo,Bruce-Scripts-Heaven_RFID/Amiibo,moved
sd_card_content/nfc/Amiibo/Animal_Crossing/Happy_Home_Designer_Items/HHD_Items-09.nfc,nfc,Amiibo,Bruce-Scripts-Heaven_RFID/Amiibo,moved
sd_card_content/nfc/Amiibo/Animal_Crossing/Happy_Home_Designer_Items/HHD_Items-36.nfc,nfc,Amiibo,Bruce-Scripts-Heaven_RFID/Amiibo,moved
sd_card_content/nfc/Amiibo/Animal_Crossing/Happy_Home_Designer_Items/HHD_Items-30.nfc,nfc,Amiibo,Bruce-Scripts-Heaven_RFID/Amiibo,moved
sd_card_content/nfc/Amiibo/Animal_Crossing/Happy_Home_Designer_Items/HHD_Items-11.nfc,nfc,Amiibo,Bruce-Scripts-Heaven_RFID/Amiibo,moved
sd_card_content/nfc/Amiibo/Animal_Crossing/Happy_Home_Designer_Items/HHD_Items_37.nfc,nfc,Amiibo,Bruce-Scripts-Heaven_RFID/Amiibo,moved
sd_card_content/nfc/Amiibo/Animal_Crossing/Happy_Home_Designer_Items/HHD_Items_25.nfc,nfc,Amiibo,Bruce-Scripts-Heaven_RFID/Amiibo,moved
sd_card_content/nfc/Amiibo/Animal_Crossing/Amiibo_Cards/Series_4/AC_383_Hippeux.nfc,nfc,Amiibo,Bruce-Scripts-Heaven_RFID/Amiibo,moved
sd_card_content/nfc/Amiibo/Animal_Crossing/Amiibo_Cards/Series_4/AC_312_Shrunk.nfc,nfc,Amiibo,Bruce-Scripts-Heaven_RFID/Amiibo,moved
sd_card_content/nfc/Amiibo/Animal_Crossing/Amiibo_Cards/Series_4/AC_315_Redd.nfc,nfc,Amiibo,Bruce-Scripts-Heaven_RFID/Amiibo,moved
sd_card_content/nfc/Amiibo/Animal_Crossing/Amiibo_Cards/Series_4/Margie.nfc,nfc,Amiibo,Bruce-Scripts-Heaven_RFID/Amiibo,moved
sd_card_content/nfc/Amiibo/Animal_Crossing/Amiibo_Cards/Series_4/Sally.nfc,nfc,Amiibo,Bruce-Scripts-Heaven_RFID/Amiibo,moved
sd_card_content/nfc/Amiibo/Animal_Crossing/Amiibo_Cards/Series_4/Gayle.nfc,nfc,Amiibo,Bruce-Scripts-Heaven_RFID/Amiibo,moved
sd_card_content/nfc/Amiibo/Animal_Crossing/Amiibo_Cards/Series_4/Isabelle.nfc,nfc,Amiibo,Bruce-Scripts-Heaven_RFID/Amiibo,moved
sd_card_content/nfc/Amiibo/Animal_Crossing/Amiibo_Cards/Series_4/Purrl.nfc,nfc,Amiibo,Bruce-Scripts-Heaven_RFID/Amiibo,moved
sd_card_content/nfc/Amiibo/Animal_Crossing/Amiibo_Cards/Series_4/AC_340_Tex.nfc,nfc,Amiibo,Bruce-Scripts-Heaven_RFID/Amiibo,moved
sd_card_content/nfc/Amiibo/Animal_Crossing/Amiibo_Cards/Series_4/Aurora.nfc,nfc,Amiibo,Bruce-Scripts-Heaven_RFID/Amiibo,moved
sd_card_content/nfc/Amiibo/Animal_Crossing/Amiibo_Cards/Series_4/AC_311_Lottie.nfc,nfc,Amiibo,Bruce-Scripts-Heaven_RFID/Amiibo,moved
sd_card_content/nfc/Amiibo/Animal_Crossing/Amiibo_Cards/Series_4/AC_376_Rizzo.nfc,nfc,Amiibo,Bruce-Scripts-Heaven_RFID/Amiibo,moved
sd_card_content/nfc/Amiibo/Animal_Crossing/Amiibo_Cards/Series_4/AC_329_Broffina.nfc,nfc,Amiibo,Bruce-Scripts-Heaven_RFID/Amiibo,moved
sd_card_content/nfc/Amiibo/Animal_Crossing/Amiibo_Cards/Series_4/AC_350_Elmer.nfc,nfc,Amiibo,Bruce-Scripts-Heaven_RFID/Amiibo,moved
sd_card_content/nfc/Amiibo/Animal_Crossing/Amiibo_Cards/Series_4/Zipper.nfc,nfc,Amiibo,Bruce-Scripts-Heaven_RFID/Amiibo,moved
sd_card_content/nfc/Amiibo/Animal_Crossing/Amiibo_Cards/Series_4/AC_397_Iggly.nfc,nfc,Amiibo,Bruce-Scripts-Heaven_RFID/Amiibo,moved
sd_card_content/nfc/Amiibo/Animal_Crossing/Amiibo_Cards/Series_4/Gulliver.nfc,nfc,Amiibo,Bruce-Scripts-Heaven_RFID/Amiibo,moved
sd_card_content/nfc/Amiibo/Animal_Crossing/Amiibo_Cards/Series_4/AC_337_Queenie.nfc,nfc,Amiibo,Bruce-Scripts-Heaven_RFID/Amiibo,moved
sd_card_content/nfc/Amiibo/Animal_Crossing/Amiibo_Cards/Series_4/Annalise.nfc,nfc,Amiibo,Bruce-Scripts-Heaven_RFID/Amiibo,moved
sd_card_content/nfc/Amiibo/Animal_Crossing/Amiibo_Cards/Series_4/AC_400_Robin.nfc,nfc,Amiibo,Bruce-Scripts-Heaven_RFID/Amiibo,moved
sd_card_content/nfc/Amiibo/Animal_Crossing/Amiibo_Cards/Series_4/Papi.nfc,nfc,Amiibo,Bruce-Scripts-Heaven_RFID/Amiibo,moved
sd_card_content/nfc/Amiibo/Animal_Crossing/Amiibo_Cards/Series_4/AC_330_Croque.nfc,nfc,Amiibo,Bruce-Scripts-Heaven_RFID/Amiibo,moved
sd_card_content/nfc/Amiibo/Animal_Crossing/Amiibo_Cards/Series_4/AC_331_Pashmina.nfc,nfc,Amiibo,Bruce-Scripts-Heaven_RFID/Amiibo,moved
sd_card_content/nfc/Amiibo/Animal_Crossing/Amiibo_Cards/Series_4/Pietro.nfc,nfc,Amiibo,Bruce-Scripts-Heaven_RFID/Amiibo,moved
sd_card_content/nfc/Amiibo/Animal_Crossing/Amiibo_Cards/Series_4/Pinky.nfc,nfc,Amiibo,Bruce-Scripts-Heaven_RFID/Amiibo,moved
sd_card_content/nfc/Amiibo/Animal_Crossing/Amiibo_Cards/Series_4/AC_372_Doc.nfc,nfc,Amiibo,Bruce-Scripts-Heaven_RFID/Amiibo,moved
sd_card_content/nfc/Amiibo/Animal_Crossing/Amiibo_Cards/Series_4/Chow.nfc,nfc,Amiibo,Bruce-Scripts-Heaven_RFID/Amiibo,moved
sd_card_content/nfc/Amiibo/Animal_Crossing/Amiibo_Cards/Series_4/Graham.nfc,nfc,Amiibo,Bruce-Scripts-Heaven_RFID/Amiibo,moved
sd_card_content/nfc/Amiibo/Animal_Crossing/Amiibo_Cards/Series_4/AC_320_Mott.nfc,nfc,Amiibo,Bruce-Scripts-Heaven_RFID/Amiibo,moved
sd_card_content/nfc/Amiibo/Animal_Crossing/Amiibo_Cards/Series_4/Tex.nfc,nfc,Amiibo,Bruce-Scripts-Heaven_RFID/Amiibo,moved
sd_card_content/nfc/Amiibo/Animal_Crossing/Amiibo_Cards/Series_4/Shrunk.nfc,nfc,Amiibo,Bruce-Scripts-Heaven_RFID/Amiibo,moved
sd_card_content/nfc/Amiibo/Animal_Crossing/Amiibo_Cards/Series_4/Pave.nfc,nfc,Amiibo,Bruce-Scripts-Heaven_RFID/Amiibo,moved
sd_card_content/nfc/Amiibo/Animal_Crossing/Amiibo_Cards/Series_4/AC_365_Peggy.nfc,nfc,Amiibo,Bruce-Scripts-Heaven_RFID/Amiibo,moved
sd_card_content/nfc/Amiibo/Animal_Crossing/Amiibo_Cards/Series_4/AC_325_Peaches.nfc,nfc,Amiibo,Bruce-Scripts-Heaven_RFID/Amiibo,moved
sd_card_content/nfc/Amiibo/Animal_Crossing/Amiibo_Cards/Series_4/AC_363_Celia.nfc,nfc,Amiibo,Bruce-Scripts-Heaven_RFID/Amiibo,moved
sd_card_content/nfc/Amiibo/Animal_Crossing/Amiibo_Cards/Series_4/Rosie.nfc,nfc,Amiibo,Bruce-Scripts-Heaven_RFID/Amiibo,moved
sd_card_content/nfc/Amiibo/Animal_Crossing/Amiibo_Cards/Series_4/AC_386_Rosie.nfc,nfc,Amiibo,Bruce-Scripts-Heaven_RFID/Amiibo,moved
sd_card_content/nfc/Amiibo/Animal_Crossing/Amiibo_Cards/Series_4/AC_362_Static.nfc,nfc,Amiibo,Bruce-Scripts-Heaven_RFID/Amiibo,moved
sd_card_content/nfc/Amiibo/Animal_Crossing/Amiibo_Cards/Series_4/Bones.nfc,nfc,Amiibo,Bruce-Scripts-Heaven_RFID/Amiibo,moved
sd_card_content/nfc/Amiibo/Animal_Crossing/Amiibo_Cards/Series_4/Barold.nfc,nfc,Amiibo,Bruce-Scripts-Heaven_RFID/Amiibo,moved
sd_card_content/nfc/Amiibo/Animal_Crossing/Amiibo_Cards/Series_4/AC_356_Pietro.nfc,nfc,Amiibo,Bruce-Scripts-Heaven_RFID/Amiibo,moved
sd_card_content/nfc/Amiibo/Animal_Crossing/Amiibo_Cards/Series_4/Peaches.nfc,nfc,Amiibo,Bruce-Scripts-Heaven_RFID/Amiibo,moved
sd_card_content/nfc/Amiibo/Animal_Crossing/Amiibo_Cards/Series_4/Croque.nfc,nfc,Amiibo,Bruce-Scripts-Heaven_RFID/Amiibo,moved
sd_card_content/nfc/Amiibo/Animal_Crossing/Amiibo_Cards/Series_4/Frobert.nfc,nfc,Amiibo,Bruce-Scripts-Heaven_RFID/Amiibo,moved
sd_card_content/nfc/Amiibo/Animal_Crossing/Amiibo_Cards/Series_4/Rowan.nfc,nfc,Amiibo,Bruce-Scripts-Heaven_RFID/Amiibo,moved
sd_card_content/nfc/Amiibo/Animal_Crossing/Amiibo_Cards/Series_4/Mira.nfc,nfc,Amiibo,Bruce-Scripts-Heaven_RFID/Amiibo,moved
sd_card_content/nfc/Amiibo/Animal_Crossing/Amiibo_Cards/Series_4/Erik.nfc,nfc,Amiibo,Bruce-Scripts-Heaven_RFID/Amiibo,moved
sd_card_content/nfc/Amiibo/Animal_Crossing/Amiibo_Cards/Series_4/AC_327_Penelope.nfc,nfc,Amiibo,Bruce-Scripts-Heaven_RFID/Amiibo,moved
sd_card_content/nfc/Amiibo/Animal_Crossing/Amiibo_Cards/Series_4/Peewee.nfc,nfc,Amiibo,Bruce-Scripts-Heaven_RFID/Amiibo,moved
sd_card_content/nfc/Amiibo/Animal_Crossing/Amiibo_Cards/Series_4/AC_368_Chow.nfc,nfc,Amiibo,Bruce-Scripts-Heaven_RFID/Amiibo,moved
sd_card_content/nfc/Amiibo/Animal_Crossing/Amiibo_Cards/Series_4/Rory.nfc,nfc,Amiibo,Bruce-Scripts-Heaven_RFID/Amiibo,moved
sd_card_content/nfc/Amiibo/Animal_Crossing/Amiibo_Cards/Series_4/Simon.nfc,nfc,Amiibo,Bruce-Scripts-Heaven_RFID/Amiibo,moved
sd_card_content/nfc/Amiibo/Animal_Crossing/Amiibo_Cards/Series_4/Grizzly.nfc,nfc,Amiibo,Bruce-Scripts-Heaven_RFID/Amiibo,moved
sd_card_content/nfc/Amiibo/Animal_Crossing/Amiibo_Cards/Series_4/Naomi.nfc,nfc,Amiibo,Bruce-Scripts-Heaven_RFID/Amiibo,moved
sd_card_content/nfc/Amiibo/Animal_Crossing/Amiibo_Cards/Series_4/Celia.nfc,nfc,Amiibo,Bruce-Scripts-Heaven_RFID/Amiibo,moved
sd_card_content/nfc/Amiibo/Animal_Crossing/Amiibo_Cards/Series_4/AC_358_Papi.nfc,nfc,Amiibo,Bruce-Scripts-Heaven_RFID/Amiibo,moved
sd_card_content/nfc/Amiibo/Animal_Crossing/Amiibo_Cards/Series_4/AC_379_Nibbles.nfc,nfc,Amiibo,Bruce-Scripts-Heaven_RFID/Amiibo,moved
sd_card_content/nfc/Amiibo/Animal_Crossing/Amiibo_Cards/Series_4/Anabelle.nfc,nfc,Amiibo,Bruce-Scripts-Heaven_RFID/Amiibo,moved
sd_card_content/nfc/Amiibo/Animal_Crossing/Amiibo_Cards/Series_4/Pashmina.nfc,nfc,Amiibo,Bruce-Scripts-Heaven_RFID/Amiibo,moved
sd_card_content/nfc/Amiibo/Animal_Crossing/Amiibo_Cards/Series_4/Broffina.nfc,nfc,Amiibo,Bruce-Scripts-Heaven_RFID/Amiibo,moved
sd_card_content/nfc/Amiibo/Animal_Crossing/Amiibo_Cards/Series_4/AC_395_Cally.nfc,nfc,Amiibo,Bruce-Scripts-Heaven_RFID/Amiibo,moved
sd_card_content/nfc/Amiibo/Animal_Crossing/Amiibo_Cards/Series_4/AC_359_Apple.nfc,nfc,Amiibo,Bruce-Scripts-Heaven_RFID/Amiibo,moved
sd_card_content/nfc/Amiibo/Animal_Crossing/Amiibo_Cards/Series_4/Rod.nfc,nfc,Amiibo,Bruce-Scripts-Heaven_RFID/Amiibo,moved
sd_card_content/nfc/Amiibo/Animal_Crossing/Amiibo_Cards/Series_4/AC_390_O_Hare.nfc,nfc,Amiibo,Bruce-Scripts-Heaven_RFID/Amiibo,moved
sd_card_content/nfc/Amiibo/Animal_Crossing/Amiibo_Cards/Series_4/AC_309_Resetti.nfc,nfc,Amiibo,Bruce-Scripts-Heaven_RFID/Amiibo,moved
sd_card_content/nfc/Amiibo/Animal_Crossing/Amiibo_Cards/Series_4/AC_391_Gayle.nfc,nfc,Amiibo,Bruce-Scripts-Heaven_RFID/Amiibo,moved
sd_card_content/nfc/Amiibo/Animal_Crossing/Amiibo_Cards/Series_4/AC_399_Twiggy.nfc,nfc,Amiibo,Bruce-Scripts-Heaven_RFID/Amiibo,moved
sd_card_content/nfc/Amiibo/Animal_Crossing/Amiibo_Cards/Series_4/AC_366_Ribbot.nfc,nfc,Amiibo,Bruce-Scripts-Heaven_RFID/Amiibo,moved
sd_card_content/nfc/Amiibo/Animal_Crossing/Amiibo_Cards/Series_4/AC_303_Katrina.nfc,nfc,Amiibo,Bruce-Scripts-Heaven_RFID/Amiibo,moved
sd_card_content/nfc/Amiibo/Animal_Crossing/Amiibo_Cards/Series_4/AC_355_Mira.nfc,nfc,Amiibo,Bruce-Scripts-Heaven_RFID/Amiibo,moved
sd_card_content/nfc/Amiibo/Animal_Crossing/Amiibo_Cards/Series_4/AC_388_Maelle.nfc,nfc,Amiibo,Bruce-Scripts-Heaven_RFID/Amiibo,moved
sd_card_content/nfc/Amiibo/Animal_Crossing/Amiibo_Cards/Series_4/AC_367_Annalise.nfc,nfc,Amiibo,Bruce-Scripts-Heaven_RFID/Amiibo,moved
sd_card_content/nfc/Amiibo/Animal_Crossing/Amiibo_Cards/Series_4/AC_336_Pierce.nfc,nfc,Amiibo,Bruce-Scripts-Heaven_RFID/Amiibo,moved
sd_card_content/nfc/Amiibo/Animal_Crossing/Amiibo_Cards/Series_4/Elise.nfc,nfc,Amiibo,Bruce-Scripts-Heaven_RFID/Amiibo,moved
sd_card_content/nfc/Amiibo/Animal_Crossing/Amiibo_Cards/Series_4/AC_393_Frobert.nfc,nfc,Amiibo,Bruce-Scripts-Heaven_RFID/Amiibo,moved
sd_card_content/nfc/Amiibo/Animal_Crossing/Amiibo_Cards/Series_4/AC_345_Naomi.nfc,nfc,Amiibo,Bruce-Scripts-Heaven_RFID/Amiibo,moved
sd_card_content/nfc/Amiibo/Animal_Crossing/Amiibo_Cards/Series_4/Peggy.nfc,nfc,Amiibo,Bruce-Scripts-Heaven_RFID/Amiibo,moved
sd_card_content/nfc/Amiibo/Animal_Crossing/Amiibo_Cards/Series_4/Stitches.nfc,nfc,Amiibo,Bruce-Scripts-Heaven_RFID/Amiibo,moved
sd_card_content/nfc/Amiibo/Animal_Crossing/Amiibo_Cards/Series_4/Boone.nfc,nfc,Amiibo,Bruce-Scripts-Heaven_RFID/Amiibo,moved
sd_card_content/nfc/Amiibo/Animal_Crossing/Amiibo_Cards/Series_4/Walt.nfc,nfc,Amiibo,Bruce-Scripts-Heaven_RFID/Amiibo,moved
sd_card_content/nfc/Amiibo/Animal_Crossing/Amiibo_Cards/Series_4/AC_371_Sally.nfc,nfc,Amiibo,Bruce-Scripts-Heaven_RFID/Amiibo,moved
sd_card_content/nfc/Amiibo/Animal_Crossing/Amiibo_Cards/Series_4/AC_339_Fritta.nfc,nfc,Amiibo,Bruce-Scripts-Heaven_RFID/Amiibo,moved
sd_card_content/nfc/Amiibo/Animal_Crossing/Amiibo_Cards/Series_4/Shep.nfc,nfc,Amiibo,Bruce-Scripts-Heaven_RFID/Amiibo,moved
sd_card_content/nfc/Amiibo/Animal_Crossing/Amiibo_Cards/Series_4/Goldie.nfc,nfc,Amiibo,Bruce-Scripts-Heaven_RFID/Amiibo,moved
sd_card_content/nfc/Amiibo/Animal_Crossing/Amiibo_Cards/Series_4/Robin.nfc,nfc,Amiibo,Bruce-Scripts-Heaven_RFID/Amiibo,moved
sd_card_content/nfc/Amiibo/Animal_Crossing/Amiibo_Cards/Series_4/AC_314_Gulliver.nfc,nfc,Amiibo,Bruce-Scripts-Heaven_RFID/Amiibo,moved
sd_card_content/nfc/Amiibo/Animal_Crossing/Amiibo_Cards/Series_4/Redd.nfc,nfc,Amiibo,Bruce-Scripts-Heaven_RFID/Amiibo,moved
sd_card_content/nfc/Amiibo/Animal_Crossing/Amiibo_Cards/Series_4/AC_313_Pave.nfc,nfc,Amiibo,Bruce-Scripts-Heaven_RFID/Amiibo,moved
sd_card_content/nfc/Amiibo/Animal_Crossing/Amiibo_Cards/Series_4/Hippeux.nfc,nfc,Amiibo,Bruce-Scripts-Heaven_RFID/Amiibo,moved
sd_card_content/nfc/Amiibo/Animal_Crossing/Amiibo_Cards/Series_4/AC_326_Dizzy.nfc,nfc,Amiibo,Bruce-Scripts-Heaven_RFID/Amiibo,moved
sd_card_content/nfc/Amiibo/Animal_Crossing/Amiibo_Cards/Series_4/AC_305_Celeste.nfc,nfc,Amiibo,Bruce-Scripts-Heaven_RFID/Amiibo,moved
sd_card_content/nfc/Amiibo/Animal_Crossing/Amiibo_Cards/Series_4/AC_343_Anabelle.nfc,nfc,Amiibo,Bruce-Scripts-Heaven_RFID/Amiibo,moved
sd_card_content/nfc/Amiibo/Animal_Crossing/Amiibo_Cards/Series_4/Brewster.nfc,nfc,Amiibo,Bruce-Scripts-Heaven_RFID/Amiibo,moved
sd_card_content/nfc/Amiibo/Animal_Crossing/Amiibo_Cards/Series_4/Lottie.nfc,nfc,Amiibo,Bruce-Scripts-Heaven_RFID/Amiibo,moved
sd_card_content/nfc/Amiibo/Animal_Crossing/Amiibo_Cards/Series_4/AC_364_Zucker.nfc,nfc,Amiibo,Bruce-Scripts-Heaven_RFID/Amiibo,moved
sd_card_content/nfc/Amiibo/Animal_Crossing/Amiibo_Cards/Series_4/Sydney.nfc,nfc,Amiibo,Bruce-Scripts-Heaven_RFID/Amiibo,moved
sd_card_content/nfc/Amiibo/Animal_Crossing/Amiibo_Cards/Series_4/Zucker.nfc,nfc,Amiibo,Bruce-Scripts-Heaven_RFID/Amiibo,moved
sd_card_content/nfc/Amiibo/Animal_Crossing/Amiibo_Cards/Series_4/Fang.nfc,nfc,Amiibo,Bruce-Scripts-Heaven_RFID/Amiibo,moved
sd_card_content/nfc/Amiibo/Animal_Crossing/Amiibo_Cards/Series_4/Melba.nfc,nfc,Amiibo,Bruce-Scripts-Heaven_RFID/Amiibo,moved
sd_card_content/nfc/Amiibo/Animal_Crossing/Amiibo_Cards/Series_4/Timmy.nfc,nfc,Amiibo,Bruce-Scripts-Heaven_RFID/Amiibo,moved
sd_card_content/nfc/Amiibo/Animal_Crossing/Amiibo_Cards/Series_4/AC_334_Erik.nfc,nfc,Amiibo,Bruce-Scripts-Heaven_RFID/Amiibo,moved
sd_card_content/nfc/Amiibo/Animal_Crossing/Amiibo_Cards/Series_4/AC_346_Peewee.nfc,nfc,Amiibo,Bruce-Scripts-Heaven_RFID/Amiibo,moved
sd_card_content/nfc/Amiibo/Animal_Crossing/Amiibo_Cards/Series_4/AC_389_Bruce.nfc,nfc,Amiibo,Bruce-Scripts-Heaven_RFID/Amiibo,moved
sd_card_content/nfc/Amiibo/Animal_Crossing/Amiibo_Cards/Series_4/Pompom.nfc,nfc,Amiibo,Bruce-Scripts-Heaven_RFID/Amiibo,moved
sd_card_content/nfc/Amiibo/Animal_Crossing/Amiibo_Cards/Series_4/AC_361_Purrl.nfc,nfc,Amiibo,Bruce-Scripts-Heaven_RFID/Amiibo,moved
sd_card_content/nfc/Amiibo/Animal_Crossing/Amiibo_Cards/Series_4/Lolly.nfc,nfc,Amiibo,Bruce-Scripts-Heaven_RFID/Amiibo,moved
sd_card_content/nfc/Amiibo/Animal_Crossing/Amiibo_Cards/Series_4/Dotty.nfc,nfc,Amiibo,Bruce-Scripts-Heaven_RFID/Amiibo,moved
sd_card_content/nfc/Amiibo/Animal_Crossing/Amiibo_Cards/Series_4/Resetti.nfc,nfc,Amiibo,Bruce-Scripts-Heaven_RFID/Amiibo,moved
sd_card_content/nfc/Amiibo/Animal_Crossing/Amiibo_Cards/Series_4/Gloria.nfc,nfc,Amiibo,Bruce-Scripts-Heaven_RFID/Amiibo,moved
sd_card_content/nfc/Amiibo/Animal_Crossing/Amiibo_Cards/Series_4/AC_347_Tammy.nfc,nfc,Amiibo,Bruce-Scripts-Heaven_RFID/Amiibo,moved
sd_card_content/nfc/Amiibo/Animal_Crossing/Amiibo_Cards/Series_4/AC_317_Goldie.nfc,nfc,Amiibo,Bruce-Scripts-Heaven_RFID/Amiibo,moved
sd_card_content/nfc/Amiibo/Animal_Crossing/Amiibo_Cards/Series_4/Puddles.nfc,nfc,Amiibo,Bruce-Scripts-Heaven_RFID/Amiibo,moved
sd_card_content/nfc/Amiibo/Animal_Crossing/Amiibo_Cards/Series_4/AC_396_Simon.nfc,nfc,Amiibo,Bruce-Scripts-Heaven_RFID/Amiibo,moved
sd_card_content/nfc/Amiibo/Animal_Crossing/Amiibo_Cards/Series_4/Mott.nfc,nfc,Amiibo,Bruce-Scripts-Heaven_RFID/Amiibo,moved
sd_card_content/nfc/Amiibo/Animal_Crossing/Amiibo_Cards/Series_4/AC_382_Lobo.nfc,nfc,Amiibo,Bruce-Scripts-Heaven_RFID/Amiibo,moved
sd_card_content/nfc/Amiibo/Animal_Crossing/Amiibo_Cards/Series_4/AC_353_Elise.nfc,nfc,Amiibo,Bruce-Scripts-Heaven_RFID/Amiibo,moved
sd_card_content/nfc/Amiibo/Animal_Crossing/Amiibo_Cards/Series_4/Pierce.nfc,nfc,Amiibo,Bruce-Scripts-Heaven_RFID/Amiibo,moved
sd_card_content/nfc/Amiibo/Animal_Crossing/Amiibo_Cards/Series_4/AC_335_Dotty.nfc,nfc,Amiibo,Bruce-Scripts-Heaven_RFID/Amiibo,moved
sd_card_content/nfc/Amiibo/Animal_Crossing/Amiibo_Cards/Series_4/OHare.nfc,nfc,Amiibo,Bruce-Scripts-Heaven_RFID/Amiibo,moved
sd_card_content/nfc/Amiibo/Animal_Crossing/Amiibo_Cards/Series_4/AC_370_Jacques.nfc,nfc,Amiibo,Bruce-Scripts-Heaven_RFID/Amiibo,moved
sd_card_content/nfc/Amiibo/Animal_Crossing/Amiibo_Cards/Series_4/Katt.nfc,nfc,Amiibo,Bruce-Scripts-Heaven_RFID/Amiibo,moved
sd_card_content/nfc/Amiibo/Animal_Crossing/Amiibo_Cards/Series_4/Phineas.nfc,nfc,Amiibo,Bruce-Scripts-Heaven_RFID/Amiibo,moved
sd_card_content/nfc/Amiibo/Animal_Crossing/Amiibo_Cards/Series_4/Angus.nfc,nfc,Amiibo,Bruce-Scripts-Heaven_RFID/Amiibo,moved
sd_card_content/nfc/Amiibo/Animal_Crossing/Amiibo_Cards/Series_4/Rocco.nfc,nfc,Amiibo,Bruce-Scripts-Heaven_RFID/Amiibo,moved
sd_card_content/nfc/Amiibo/Animal_Crossing/Amiibo_Cards/Series_4/Lucky.nfc,nfc,Amiibo,Bruce-Scripts-Heaven_RFID/Amiibo,moved
sd_card_content/nfc/Amiibo/Animal_Crossing/Amiibo_Cards/Series_4/AC_369_Sylvia.nfc,nfc,Amiibo,Bruce-Scripts-Heaven_RFID/Amiibo,moved
sd_card_content/nfc/Amiibo/Animal_Crossing/Amiibo_Cards/Series_4/AC_360_Rod.nfc,nfc,Amiibo,Bruce-Scripts-Heaven_RFID/Amiibo,moved
sd_card_content/nfc/Amiibo/Animal_Crossing/Amiibo_Cards/Series_4/Elmer.nfc,nfc,Amiibo,Bruce-Scripts-Heaven_RFID/Amiibo,moved
sd_card_content/nfc/Amiibo/Animal_Crossing/Amiibo_Cards/Series_4/AC_349_Lucy.nfc,nfc,Amiibo,Bruce-Scripts-Heaven_RFID/Amiibo,moved
sd_card_content/nfc/Amiibo/Animal_Crossing/Amiibo_Cards/Series_4/AC_354_Walt.nfc,nfc,Amiibo,Bruce-Scripts-Heaven_RFID/Amiibo,moved
sd_card_content/nfc/Amiibo/Animal_Crossing/Amiibo_Cards/Series_4/Katrina.nfc,nfc,Amiibo,Bruce-Scripts-Heaven_RFID/Amiibo,moved
sd_card_content/nfc/Amiibo/Animal_Crossing/Amiibo_Cards/Series_4/Nibbles.nfc,nfc,Amiibo,Bruce-Scripts-Heaven_RFID/Amiibo,moved
sd_card_content/nfc/Amiibo/Animal_Crossing/Amiibo_Cards/Series_4/AC_351_Puddles.nfc,nfc,Amiibo,Bruce-Scripts-Heaven_RFID/Amiibo,moved
sd_card_content/nfc/Amiibo/Animal_Crossing/Amiibo_Cards/Series_4/AC_377_Sydney.nfc,nfc,Amiibo,Bruce-Scripts-Heaven_RFID/Amiibo,moved
sd_card_content/nfc/Amiibo/Animal_Crossing/Amiibo_Cards/Series_4/Bruce.nfc,nfc,Amiibo,Bruce-Scripts-Heaven_RFID/Amiibo,moved
sd_card_content/nfc/Amiibo/Animal_Crossing/Amiibo_Cards/Series_4/Doc.nfc,nfc,Amiibo,Bruce-Scripts-Heaven_RFID/Amiibo,moved
sd_card_content/nfc/Amiibo/Animal_Crossing/Amiibo_Cards/Series_4/AC_332_Shep.nfc,nfc,Amiibo,Bruce-Scripts-Heaven_RFID/Amiibo,moved
sd_card_content/nfc/Amiibo/Animal_Crossing/Amiibo_Cards/Series_4/AC_321_Mallary.nfc,nfc,Amiibo,Bruce-Scripts-Heaven_RFID/Amiibo,moved
sd_card_content/nfc/Amiibo/Animal_Crossing/Amiibo_Cards/Series_4/Tank.nfc,nfc,Amiibo,Bruce-Scripts-Heaven_RFID/Amiibo,moved
sd_card_content/nfc/Amiibo/Animal_Crossing/Amiibo_Cards/Series_4/AC_374_Tank.nfc,nfc,Amiibo,Bruce-Scripts-Heaven_RFID/Amiibo,moved
sd_card_content/nfc/Amiibo/Animal_Crossing/Amiibo_Cards/Series_4/AC_387_Rowan.nfc,nfc,Amiibo,Bruce-Scripts-Heaven_RFID/Amiibo,moved
sd_card_content/nfc/Amiibo/Animal_Crossing/Amiibo_Cards/Series_4/AC_310_Timmy.nfc,nfc,Amiibo,Bruce-Scripts-Heaven_RFID/Amiibo,moved
sd_card_content/nfc/Amiibo/Animal_Crossing/Amiibo_Cards/Series_4/Rizzo.nfc,nfc,Amiibo,Bruce-Scripts-Heaven_RFID/Amiibo,moved
sd_card_content/nfc/Amiibo/Animal_Crossing/Amiibo_Cards/Series_4/AC_302_Brewster.nfc,nfc,Amiibo,Bruce-Scripts-Heaven_RFID/Amiibo,moved
sd_card_content/nfc/Amiibo/Animal_Crossing/Amiibo_Cards/Series_4/AC_301_Isabelle.nfc,nfc,Amiibo,Bruce-Scripts-Heaven_RFID/Amiibo,moved
sd_card_content/nfc/Amiibo/Animal_Crossing/Amiibo_Cards/Series_4/AC_319_Pinky.nfc,nfc,Amiibo,Bruce-Scripts-Heaven_RFID/Amiibo,moved
sd_card_content/nfc/Amiibo/Animal_Crossing/Amiibo_Cards/Series_4/AC_375_Becky.nfc,nfc,Amiibo,Bruce-Scripts-Heaven_RFID/Amiibo,moved
sd_card_content/nfc/Amiibo/Animal_Crossing/Amiibo_Cards/Series_4/Tammy.nfc,nfc,Amiibo,Bruce-Scripts-Heaven_RFID/Amiibo,moved
sd_card_content/nfc/Amiibo/Animal_Crossing/Amiibo_Cards/Series_4/Tommy.nfc,nfc,Amiibo,Bruce-Scripts-Heaven_RFID/Amiibo,moved
sd_card_content/nfc/Amiibo/Animal_Crossing/Amiibo_Cards/Series_4/AC_373_Pompom.nfc,nfc,Amiibo,Bruce-Scripts-Heaven_RFID/Amiibo,moved
sd_card_content/nfc/Amiibo/Animal_Crossing/Amiibo_Cards/Series_4/AC_333_Lolly.nfc,nfc,Amiibo,Bruce-Scripts-Heaven_RFID/Amiibo,moved
sd_card_content/nfc/Amiibo/Animal_Crossing/Amiibo_Cards/Series_4/Gracie.nfc,nfc,Amiibo,Bruce-Scripts-Heaven_RFID/Amiibo,moved
sd_card_content/nfc/Amiibo/Animal_Crossing/Amiibo_Cards/Series_4/AC_322_Rocco.nfc,nfc,Amiibo,Bruce-Scripts-Heaven_RFID/Amiibo,moved
sd_card_content/nfc/Amiibo/Animal_Crossing/Amiibo_Cards/Series_4/AC_381_Gloria.nfc,nfc,Amiibo,Bruce-Scripts-Heaven_RFID/Amiibo,moved
sd_card_content/nfc/Amiibo/Animal_Crossing/Amiibo_Cards/Series_4/Frita.nfc,nfc,Amiibo,Bruce-Scripts-Heaven_RFID/Amiibo,moved
sd_card_content/nfc/Amiibo/Animal_Crossing/Amiibo_Cards/Series_4/Twiggy.nfc,nfc,Amiibo,Bruce-Scripts-Heaven_RFID/Amiibo,moved
sd_card_content/nfc/Amiibo/Animal_Crossing/Amiibo_Cards/Series_4/Becky.nfc,nfc,Amiibo,Bruce-Scripts-Heaven_RFID/Amiibo,moved
sd_card_content/nfc/Amiibo/Animal_Crossing/Amiibo_Cards/Series_4/AC_316_Zipper.nfc,nfc,Amiibo,Bruce-Scripts-Heaven_RFID/Amiibo,moved
sd_card_content/nfc/Amiibo/Animal_Crossing/Amiibo_Cards/Series_4/AC_384_Margie.nfc,nfc,Amiibo,Bruce-Scripts-Heaven_RFID/Amiibo,moved
sd_card_content/nfc/Amiibo/Animal_Crossing/Amiibo_Cards/Series_4/Sylvia.nfc,nfc,Amiibo,Bruce-Scripts-Heaven_RFID/Amiibo,moved
sd_card_content/nfc/Amiibo/Animal_Crossing/Amiibo_Cards/Series_4/Lucy.nfc,nfc,Amiibo,Bruce-Scripts-Heaven_RFID/Amiibo,moved
sd_card_content/nfc/Amiibo/Animal_Crossing/Amiibo_Cards/Series_4/AC_385_Lucky.nfc,nfc,Amiibo,Bruce-Scripts-Heaven_RFID/Amiibo,moved
sd_card_content/nfc/Amiibo/Animal_Crossing/Amiibo_Cards/Series_4/AC_323_Katt.nfc,nfc,Amiibo,Bruce-Scripts-Heaven_RFID/Amiibo,moved
sd_card_content/nfc/Amiibo/Animal_Crossing/Amiibo_Cards/Series_4/Penelope.nfc,nfc,Amiibo,Bruce-Scripts-Heaven_RFID/Amiibo,moved
sd_card_content/nfc/Amiibo/Animal_Crossing/Amiibo_Cards/Series_4/Celeste.nfc,nfc,Amiibo,Bruce-Scripts-Heaven_RFID/Amiibo,moved
sd_card_content/nfc/Amiibo/Animal_Crossing/Amiibo_Cards/Series_4/Mallary.nfc,nfc,Amiibo,Bruce-Scripts-Heaven_RFID/Amiibo,moved
sd_card_content/nfc/Amiibo/Animal_Crossing/Amiibo_Cards/Series_4/Jacques.nfc,nfc,Amiibo,Bruce-Scripts-Heaven_RFID/Amiibo,moved
sd_card_content/nfc/Amiibo/Animal_Crossing/Amiibo_Cards/Series_4/AC_304_Phineas.nfc,nfc,Amiibo,Bruce-Scripts-Heaven_RFID/Amiibo,moved
sd_card_content/nfc/Amiibo/Animal_Crossing/Amiibo_Cards/Series_4/AC_341_Melba.nfc,nfc,Amiibo,Bruce-Scripts-Heaven_RFID/Amiibo,moved
sd_card_content/nfc/Amiibo/Animal_Crossing/Amiibo_Cards/Series_4/Rudy.nfc,nfc,Amiibo,Bruce-Scripts-Heaven_RFID/Amiibo,moved
sd_card_content/nfc/Amiibo/Animal_Crossing/Amiibo_Cards/Series_4/AC_308_Leilani.nfc,nfc,Amiibo,Bruce-Scripts-Heaven_RFID/Amiibo,moved
sd_card_content/nfc/Amiibo/Animal_Crossing/Amiibo_Cards/Series_4/AC_348_Olaf.nfc,nfc,Amiibo,Bruce-Scripts-Heaven_RFID/Amiibo,moved
sd_card_content/nfc/Amiibo/Animal_Crossing/Amiibo_Cards/Series_4/AC_378_Barold.nfc,nfc,Amiibo,Bruce-Scripts-Heaven_RFID/Amiibo,moved
sd_card_content/nfc/Amiibo/Animal_Crossing/Amiibo_Cards/Series_4/Apple.nfc,nfc,Amiibo,Bruce-Scripts-Heaven_RFID/Amiibo,moved
sd_card_content/nfc/Amiibo/Animal_Crossing/Amiibo_Cards/Series_4/Lobo.nfc,nfc,Amiibo,Bruce-Scripts-Heaven_RFID/Amiibo,moved
sd_card_content/nfc/Amiibo/Animal_Crossing/Amiibo_Cards/Series_4/Cally.nfc,nfc,Amiibo,Bruce-Scripts-Heaven_RFID/Amiibo,moved
sd_card_content/nfc/Amiibo/Animal_Crossing/Amiibo_Cards/Series_4/AC_342_Bones.nfc,nfc,Amiibo,Bruce-Scripts-Heaven_RFID/Amiibo,moved
sd_card_content/nfc/Amiibo/Animal_Crossing/Amiibo_Cards/Series_4/Dizzy.nfc,nfc,Amiibo,Bruce-Scripts-Heaven_RFID/Amiibo,moved
sd_card_content/nfc/Amiibo/Animal_Crossing/Amiibo_Cards/Series_4/Iggly.nfc,nfc,Amiibo,Bruce-Scripts-Heaven_RFID/Amiibo,moved
sd_card_content/nfc/Amiibo/Animal_Crossing/Amiibo_Cards/Series_4/AC_338_Fang.nfc,nfc,Amiibo,Bruce-Scripts-Heaven_RFID/Amiibo,moved
sd_card_content/nfc/Amiibo/Animal_Crossing/Amiibo_Cards/Series_4/AC_318_Stitches.nfc,nfc,Amiibo,Bruce-Scripts-Heaven_RFID/Amiibo,moved
sd_card_content/nfc/Amiibo/Animal_Crossing/Amiibo_Cards/Series_4/AC_380_Kevin.nfc,nfc,Amiibo,Bruce-Scripts-Heaven_RFID/Amiibo,moved
sd_card_content/nfc/Amiibo/Animal_Crossing/Amiibo_Cards/Series_4/Maelle.nfc,nfc,Amiibo,Bruce-Scripts-Heaven_RFID/Amiibo,moved
sd_card_content/nfc/Amiibo/Animal_Crossing/Amiibo_Cards/Series_4/AC_328_Boone.nfc,nfc,Amiibo,Bruce-Scripts-Heaven_RFID/Amiibo,moved
sd_card_content/nfc/Amiibo/Animal_Crossing/Amiibo_Cards/Series_4/AC_394_Grizzly.nfc,nfc,Amiibo,Bruce-Scripts-Heaven_RFID/Amiibo,moved
sd_card_content/nfc/Amiibo/Animal_Crossing/Amiibo_Cards/Series_4/AC_344_Rudy.nfc,nfc,Amiibo,Bruce-Scripts-Heaven_RFID/Amiibo,moved
sd_card_content/nfc/Amiibo/Animal_Crossing/Amiibo_Cards/Series_4/Leilani.nfc,nfc,Amiibo,Bruce-Scripts-Heaven_RFID/Amiibo,moved
sd_card_content/nfc/Amiibo/Animal_Crossing/Amiibo_Cards/Series_4/Static.nfc,nfc,Amiibo,Bruce-Scripts-Heaven_RFID/Amiibo,moved
sd_card_content/nfc/Amiibo/Animal_Crossing/Amiibo_Cards/Series_4/AC_306_Tommy.nfc,nfc,Amiibo,Bruce-Scripts-Heaven_RFID/Amiibo,moved
sd_card_content/nfc/Amiibo/Animal_Crossing/Amiibo_Cards/Series_4/AC_307_Gracie.nfc,nfc,Amiibo,Bruce-Scripts-Heaven_RFID/Amiibo,moved
sd_card_content/nfc/Amiibo/Animal_Crossing/Amiibo_Cards/Series_4/Ribbot.nfc,nfc,Amiibo,Bruce-Scripts-Heaven_RFID/Amiibo,moved
sd_card_content/nfc/Amiibo/Animal_Crossing/Amiibo_Cards/Series_4/AC_357_Aurora.nfc,nfc,Amiibo,Bruce-Scripts-Heaven_RFID/Amiibo,moved
sd_card_content/nfc/Amiibo/Animal_Crossing/Amiibo_Cards/Series_4/AC_398_Angus.nfc,nfc,Amiibo,Bruce-Scripts-Heaven_RFID/Amiibo,moved
sd_card_content/nfc/Amiibo/Animal_Crossing/Amiibo_Cards/Series_4/Cranston.nfc,nfc,Amiibo,Bruce-Scripts-Heaven_RFID/Amiibo,moved
sd_card_content/nfc/Amiibo/Animal_Crossing/Amiibo_Cards/Series_4/Kevin.nfc,nfc,Amiibo,Bruce-Scripts-Heaven_RFID/Amiibo,moved
sd_card_content/nfc/Amiibo/Animal_Crossing/Amiibo_Cards/Series_4/Olaf.nfc,nfc,Amiibo,Bruce-Scripts-Heaven_RFID/Amiibo,moved
sd_card_content/nfc/Amiibo/Animal_Crossing/Amiibo_Cards/Series_4/AC_352_Rory.nfc,nfc,Amiibo,Bruce-Scripts-Heaven_RFID/Amiibo,moved
sd_card_content/nfc/Amiibo/Animal_Crossing/Amiibo_Cards/Series_4/Queenie.nfc,nfc,Amiibo,Bruce-Scripts-Heaven_RFID/Amiibo,moved
sd_card_content/nfc/Amiibo/Animal_Crossing/Amiibo_Cards/Series_4/AC_392_Cranston.nfc,nfc,Amiibo,Bruce-Scripts-Heaven_RFID/Amiibo,moved
sd_card_content/nfc/Amiibo/Animal_Crossing/Amiibo_Cards/Series_4/AC_324_Graham.nfc,nfc,Amiibo,Bruce-Scripts-Heaven_RFID/Amiibo,moved
sd_card_content/nfc/Amiibo/Animal_Crossing/Amiibo_Cards/Series_2/Pate.nfc,nfc,Amiibo,Bruce-Scripts-Heaven_RFID/Amiibo,moved
sd_card_content/nfc/Amiibo/Animal_Crossing/Amiibo_Cards/Series_2/AC_184_Anicotti.nfc,nfc,Amiibo,Bruce-Scripts-Heaven_RFID/Amiibo,moved
sd_card_content/nfc/Amiibo/Animal_Crossing/Amiibo_Cards/Series_2/AC_161_Teddy.nfc,nfc,Amiibo,Bruce-Scripts-Heaven_RFID/Amiibo,moved
sd_card_content/nfc/Amiibo/Animal_Crossing/Amiibo_Cards/Series_2/AC_197_Kid_Cat.nfc,nfc,Amiibo,Bruce-Scripts-Heaven_RFID/Amiibo,moved
sd_card_content/nfc/Amiibo/Animal_Crossing/Amiibo_Cards/Series_2/Dr_Shrunk.nfc,nfc,Amiibo,Bruce-Scripts-Heaven_RFID/Amiibo,moved
sd_card_content/nfc/Amiibo/Animal_Crossing/Amiibo_Cards/Series_2/AC_150_Coco.nfc,nfc,Amiibo,Bruce-Scripts-Heaven_RFID/Amiibo,moved
sd_card_content/nfc/Amiibo/Animal_Crossing/Amiibo_Cards/Series_2/AC_124_Harry.nfc,nfc,Amiibo,Bruce-Scripts-Heaven_RFID/Amiibo,moved
sd_card_content/nfc/Amiibo/Animal_Crossing/Amiibo_Cards/Series_2/Hopper.nfc,nfc,Amiibo,Bruce-Scripts-Heaven_RFID/Amiibo,moved
sd_card_content/nfc/Amiibo/Animal_Crossing/Amiibo_Cards/Series_2/Blaire.nfc,nfc,Amiibo,Bruce-Scripts-Heaven_RFID/Amiibo,moved
sd_card_content/nfc/Amiibo/Animal_Crossing/Amiibo_Cards/Series_2/AC_166_Kitty.nfc,nfc,Amiibo,Bruce-Scripts-Heaven_RFID/Amiibo,moved
sd_card_content/nfc/Amiibo/Animal_Crossing/Amiibo_Cards/Series_2/AC_138_Sly.nfc,nfc,Amiibo,Bruce-Scripts-Heaven_RFID/Amiibo,moved
sd_card_content/nfc/Amiibo/Animal_Crossing/Amiibo_Cards/Series_2/AC_105_Copper.nfc,nfc,Amiibo,Bruce-Scripts-Heaven_RFID/Amiibo,moved
sd_card_content/nfc/Amiibo/Animal_Crossing/Amiibo_Cards/Series_2/Pekoe.nfc,nfc,Amiibo,Bruce-Scripts-Heaven_RFID/Amiibo,moved
sd_card_content/nfc/Amiibo/Animal_Crossing/Amiibo_Cards/Series_2/Rhonda.nfc,nfc,Amiibo,Bruce-Scripts-Heaven_RFID/Amiibo,moved
sd_card_content/nfc/Amiibo/Animal_Crossing/Amiibo_Cards/Series_2/AC_188_Ankha.nfc,nfc,Amiibo,Bruce-Scripts-Heaven_RFID/Amiibo,moved
sd_card_content/nfc/Amiibo/Animal_Crossing/Amiibo_Cards/Series_2/AC_168_Nan.nfc,nfc,Amiibo,Bruce-Scripts-Heaven_RFID/Amiibo,moved
sd_card_content/nfc/Amiibo/Animal_Crossing/Amiibo_Cards/Series_2/Tia.nfc,nfc,Amiibo,Bruce-Scripts-Heaven_RFID/Amiibo,moved
sd_card_content/nfc/Amiibo/Animal_Crossing/Amiibo_Cards/Series_2/Gladys.nfc,nfc,Amiibo,Bruce-Scripts-Heaven_RFID/Amiibo,moved
sd_card_content/nfc/Amiibo/Animal_Crossing/Amiibo_Cards/Series_2/Moose.nfc,nfc,Amiibo,Bruce-Scripts-Heaven_RFID/Amiibo,moved
sd_card_content/nfc/Amiibo/Animal_Crossing/Amiibo_Cards/Series_2/AC_189_Drift.nfc,nfc,Amiibo,Bruce-Scripts-Heaven_RFID/Amiibo,moved
sd_card_content/nfc/Amiibo/Animal_Crossing/Amiibo_Cards/Series_2/Ed.nfc,nfc,Amiibo,Bruce-Scripts-Heaven_RFID/Amiibo,moved
sd_card_content/nfc/Amiibo/Animal_Crossing/Amiibo_Cards/Series_2/AC_142_Peck.nfc,nfc,Amiibo,Bruce-Scripts-Heaven_RFID/Amiibo,moved
sd_card_content/nfc/Amiibo/Animal_Crossing/Amiibo_Cards/Series_2/AC_128_Tom.nfc,nfc,Amiibo,Bruce-Scripts-Heaven_RFID/Amiibo,moved
sd_card_content/nfc/Amiibo/Animal_Crossing/Amiibo_Cards/Series_2/Rodney.nfc,nfc,Amiibo,Bruce-Scripts-Heaven_RFID/Amiibo,moved
sd_card_content/nfc/Amiibo/Animal_Crossing/Amiibo_Cards/Series_2/AC_164_Bianca.nfc,nfc,Amiibo,Bruce-Scripts-Heaven_RFID/Amiibo,moved
sd_card_content/nfc/Amiibo/Animal_Crossing/Amiibo_Cards/Series_2/Felicity.nfc,nfc,Amiibo,Bruce-Scripts-Heaven_RFID/Amiibo,moved
sd_card_content/nfc/Amiibo/Animal_Crossing/Amiibo_Cards/Series_2/Mathilda.nfc,nfc,Amiibo,Bruce-Scripts-Heaven_RFID/Amiibo,moved
sd_card_content/nfc/Amiibo/Animal_Crossing/Amiibo_Cards/Series_2/Jay.nfc,nfc,Amiibo,Bruce-Scripts-Heaven_RFID/Amiibo,moved
sd_card_content/nfc/Amiibo/Animal_Crossing/Amiibo_Cards/Series_2/Harry.nfc,nfc,Amiibo,Bruce-Scripts-Heaven_RFID/Amiibo,moved
sd_card_content/nfc/Amiibo/Animal_Crossing/Amiibo_Cards/Series_2/Keaton.nfc,nfc,Amiibo,Bruce-Scripts-Heaven_RFID/Amiibo,moved
sd_card_content/nfc/Amiibo/Animal_Crossing/Amiibo_Cards/Series_2/AC_110_Leila.nfc,nfc,Amiibo,Bruce-Scripts-Heaven_RFID/Amiibo,moved
sd_card_content/nfc/Amiibo/Animal_Crossing/Amiibo_Cards/Series_2/Filbert.nfc,nfc,Amiibo,Bruce-Scripts-Heaven_RFID/Amiibo,moved
sd_card_content/nfc/Amiibo/Animal_Crossing/Amiibo_Cards/Series_2/AC_129_Tipper.nfc,nfc,Amiibo,Bruce-Scripts-Heaven_RFID/Amiibo,moved
sd_card_content/nfc/Amiibo/Animal_Crossing/Amiibo_Cards/Series_2/Katie.nfc,nfc,Amiibo,Bruce-Scripts-Heaven_RFID/Amiibo,moved
sd_card_content/nfc/Amiibo/Animal_Crossing/Amiibo_Cards/Series_2/Broccolo.nfc,nfc,Amiibo,Bruce-Scripts-Heaven_RFID/Amiibo,moved
sd_card_content/nfc/Amiibo/Animal_Crossing/Amiibo_Cards/Series_2/AC_190_Vesta.nfc,nfc,Amiibo,Bruce-Scripts-Heaven_RFID/Amiibo,moved
sd_card_content/nfc/Amiibo/Animal_Crossing/Amiibo_Cards/Series_2/Gabi.nfc,nfc,Amiibo,Bruce-Scripts-Heaven_RFID/Amiibo,moved
sd_card_content/nfc/Amiibo/Animal_Crossing/Amiibo_Cards/Series_2/Big_Top.nfc,nfc,Amiibo,Bruce-Scripts-Heaven_RFID/Amiibo,moved
sd_card_content/nfc/Amiibo/Animal_Crossing/Amiibo_Cards/Series_2/Lelia.nfc,nfc,Amiibo,Bruce-Scripts-Heaven_RFID/Amiibo,moved
sd_card_content/nfc/Amiibo/Animal_Crossing/Amiibo_Cards/Series_2/Butch.nfc,nfc,Amiibo,Bruce-Scripts-Heaven_RFID/Amiibo,moved
sd_card_content/nfc/Amiibo/Animal_Crossing/Amiibo_Cards/Series_2/AC_176_Sprinkle.nfc,nfc,Amiibo,Bruce-Scripts-Heaven_RFID/Amiibo,moved
sd_card_content/nfc/Amiibo/Animal_Crossing/Amiibo_Cards/Series_2/AC_102_Reese.nfc,nfc,Amiibo,Bruce-Scripts-Heaven_RFID/Amiibo,moved
sd_card_content/nfc/Amiibo/Animal_Crossing/Amiibo_Cards/Series_2/AC_182_Alice.nfc,nfc,Amiibo,Bruce-Scripts-Heaven_RFID/Amiibo,moved
sd_card_content/nfc/Amiibo/Animal_Crossing/Amiibo_Cards/Series_2/AC_163_Ed.nfc,nfc,Amiibo,Bruce-Scripts-Heaven_RFID/Amiibo,moved
sd_card_content/nfc/Amiibo/Animal_Crossing/Amiibo_Cards/Series_2/Flip.nfc,nfc,Amiibo,Bruce-Scripts-Heaven_RFID/Amiibo,moved
sd_card_content/nfc/Amiibo/Animal_Crossing/Amiibo_Cards/Series_2/Pango.nfc,nfc,Amiibo,Bruce-Scripts-Heaven_RFID/Amiibo,moved
sd_card_content/nfc/Amiibo/Animal_Crossing/Amiibo_Cards/Series_2/Rocket.nfc,nfc,Amiibo,Bruce-Scripts-Heaven_RFID/Amiibo,moved
sd_card_content/nfc/Amiibo/Animal_Crossing/Amiibo_Cards/Series_2/Ankha.nfc,nfc,Amiibo,Bruce-Scripts-Heaven_RFID/Amiibo,moved
sd_card_content/nfc/Amiibo/Animal_Crossing/Amiibo_Cards/Series_2/AC_126_Coach.nfc,nfc,Amiibo,Bruce-Scripts-Heaven_RFID/Amiibo,moved
sd_card_content/nfc/Amiibo/Animal_Crossing/Amiibo_Cards/Series_2/Tom.nfc,nfc,Amiibo,Bruce-Scripts-Heaven_RFID/Amiibo,moved
sd_card_content/nfc/Amiibo/Animal_Crossing/Amiibo_Cards/Series_2/AC_177_Flip.nfc,nfc,Amiibo,Bruce-Scripts-Heaven_RFID/Amiibo,moved
sd_card_content/nfc/Amiibo/Animal_Crossing/Amiibo_Cards/Series_2/AC_135_Phoebe.nfc,nfc,Amiibo,Bruce-Scripts-Heaven_RFID/Amiibo,moved
sd_card_content/nfc/Amiibo/Animal_Crossing/Amiibo_Cards/Series_2/Anicotti.nfc,nfc,Amiibo,Bruce-Scripts-Heaven_RFID/Amiibo,moved
sd_card_content/nfc/Amiibo/Animal_Crossing/Amiibo_Cards/Series_2/Marcel.nfc,nfc,Amiibo,Bruce-Scripts-Heaven_RFID/Amiibo,moved
sd_card_content/nfc/Amiibo/Animal_Crossing/Amiibo_Cards/Series_2/Benedict.nfc,nfc,Amiibo,Bruce-Scripts-Heaven_RFID/Amiibo,moved
sd_card_content/nfc/Amiibo/Animal_Crossing/Amiibo_Cards/Series_2/AC_103_Kicks.nfc,nfc,Amiibo,Bruce-Scripts-Heaven_RFID/Amiibo,moved
sd_card_content/nfc/Amiibo/Animal_Crossing/Amiibo_Cards/Series_2/AC_181_Drake.nfc,nfc,Amiibo,Bruce-Scripts-Heaven_RFID/Amiibo,moved
sd_card_content/nfc/Amiibo/Animal_Crossing/Amiibo_Cards/Series_2/AC_165_Filbert.nfc,nfc,Amiibo,Bruce-Scripts-Heaven_RFID/Amiibo,moved
sd_card_content/nfc/Amiibo/Animal_Crossing/Amiibo_Cards/Series_2/Hugh.nfc,nfc,Amiibo,Bruce-Scripts-Heaven_RFID/Amiibo,moved
sd_card_content/nfc/Amiibo/Animal_Crossing/Amiibo_Cards/Series_2/KK_Slider.nfc,nfc,Amiibo,Bruce-Scripts-Heaven_RFID/Amiibo,moved
sd_card_content/nfc/Amiibo/Animal_Crossing/Amiibo_Cards/Series_2/AC_194_Gladys.nfc,nfc,Amiibo,Bruce-Scripts-Heaven_RFID/Amiibo,moved
sd_card_content/nfc/Amiibo/Animal_Crossing/Amiibo_Cards/Series_2/Pecan.nfc,nfc,Amiibo,Bruce-Scripts-Heaven_RFID/Amiibo,moved
sd_card_content/nfc/Amiibo/Animal_Crossing/Amiibo_Cards/Series_2/Drift.nfc,nfc,Amiibo,Bruce-Scripts-Heaven_RFID/Amiibo,moved
sd_card_content/nfc/Amiibo/Animal_Crossing/Amiibo_Cards/Series_2/Teddy.nfc,nfc,Amiibo,Bruce-Scripts-Heaven_RFID/Amiibo,moved
sd_card_content/nfc/Amiibo/Animal_Crossing/Amiibo_Cards/Series_2/Cesar.nfc,nfc,Amiibo,Bruce-Scripts-Heaven_RFID/Amiibo,moved
sd_card_content/nfc/Amiibo/Animal_Crossing/Amiibo_Cards/Series_2/Olivia.nfc,nfc,Amiibo,Bruce-Scripts-Heaven_RFID/Amiibo,moved
sd_card_content/nfc/Amiibo/Animal_Crossing/Amiibo_Cards/Series_2/Ozzie.nfc,nfc,Amiibo,Bruce-Scripts-Heaven_RFID/Amiibo,moved
sd_card_content/nfc/Amiibo/Animal_Crossing/Amiibo_Cards/Series_2/Beau.nfc,nfc,Amiibo,Bruce-Scripts-Heaven_RFID/Amiibo,moved
sd_card_content/nfc/Amiibo/Animal_Crossing/Amiibo_Cards/Series_2/Copper.nfc,nfc,Amiibo,Bruce-Scripts-Heaven_RFID/Amiibo,moved
sd_card_content/nfc/Amiibo/Animal_Crossing/Amiibo_Cards/Series_2/Kid_Cat.nfc,nfc,Amiibo,Bruce-Scripts-Heaven_RFID/Amiibo,moved
sd_card_content/nfc/Amiibo/Animal_Crossing/Amiibo_Cards/Series_2/Porter.nfc,nfc,Amiibo,Bruce-Scripts-Heaven_RFID/Amiibo,moved
sd_card_content/nfc/Amiibo/Animal_Crossing/Amiibo_Cards/Series_2/Peck.nfc,nfc,Amiibo,Bruce-Scripts-Heaven_RFID/Amiibo,moved
sd_card_content/nfc/Amiibo/Animal_Crossing/Amiibo_Cards/Series_2/AC_167_Beau.nfc,nfc,Amiibo,Bruce-Scripts-Heaven_RFID/Amiibo,moved
sd_card_content/nfc/Amiibo/Animal_Crossing/Amiibo_Cards/Series_2/Vladimir.nfc,nfc,Amiibo,Bruce-Scripts-Heaven_RFID/Amiibo,moved
sd_card_content/nfc/Amiibo/Animal_Crossing/Amiibo_Cards/Series_2/Chops.nfc,nfc,Amiibo,Bruce-Scripts-Heaven_RFID/Amiibo,moved
sd_card_content/nfc/Amiibo/Animal_Crossing/Amiibo_Cards/Series_2/AC_174_Bettina.nfc,nfc,Amiibo,Bruce-Scripts-Heaven_RFID/Amiibo,moved
sd_card_content/nfc/Amiibo/Animal_Crossing/Amiibo_Cards/Series_2/Phoebe.nfc,nfc,Amiibo,Bruce-Scripts-Heaven_RFID/Amiibo,moved
sd_card_content/nfc/Amiibo/Animal_Crossing/Amiibo_Cards/Series_2/AC_175_Jay.nfc,nfc,Amiibo,Bruce-Scripts-Heaven_RFID/Amiibo,moved
sd_card_content/nfc/Amiibo/Animal_Crossing/Amiibo_Cards/Series_2/Labelle.nfc,nfc,Amiibo,Bruce-Scripts-Heaven_RFID/Amiibo,moved
sd_card_content/nfc/Amiibo/Animal_Crossing/Amiibo_Cards/Series_2/Sly.nfc,nfc,Amiibo,Bruce-Scripts-Heaven_RFID/Amiibo,moved
sd_card_content/nfc/Amiibo/Animal_Crossing/Amiibo_Cards/Series_2/AC_186_Charlise.nfc,nfc,Amiibo,Bruce-Scripts-Heaven_RFID/Amiibo,moved
sd_card_content/nfc/Amiibo/Animal_Crossing/Amiibo_Cards/Series_2/AC_148_Whitney.nfc,nfc,Amiibo,Bruce-Scripts-Heaven_RFID/Amiibo,moved
sd_card_content/nfc/Amiibo/Animal_Crossing/Amiibo_Cards/Series_2/AC_141_Nana.nfc,nfc,Amiibo,Bruce-Scripts-Heaven_RFID/Amiibo,moved
sd_card_content/nfc/Amiibo/Animal_Crossing/Amiibo_Cards/Series_2/AC_183_Camofrog.nfc,nfc,Amiibo,Bruce-Scripts-Heaven_RFID/Amiibo,moved
sd_card_content/nfc/Amiibo/Animal_Crossing/Amiibo_Cards/Series_2/AC_185_Chops.nfc,nfc,Amiibo,Bruce-Scripts-Heaven_RFID/Amiibo,moved
sd_card_content/nfc/Amiibo/Animal_Crossing/Amiibo_Cards/Series_2/Vic.nfc,nfc,Amiibo,Bruce-Scripts-Heaven_RFID/Amiibo,moved
sd_card_content/nfc/Amiibo/Animal_Crossing/Amiibo_Cards/Series_2/AC_199_Big_Top.nfc,nfc,Amiibo,Bruce-Scripts-Heaven_RFID/Amiibo,moved
sd_card_content/nfc/Amiibo/Animal_Crossing/Amiibo_Cards/Series_2/AC_180_Pecan.nfc,nfc,Amiibo,Bruce-Scripts-Heaven_RFID/Amiibo,moved
sd_card_content/nfc/Amiibo/Animal_Crossing/Amiibo_Cards/Series_2/AC_146_Rodney.nfc,nfc,Amiibo,Bruce-Scripts-Heaven_RFID/Amiibo,moved
sd_card_content/nfc/Amiibo/Animal_Crossing/Amiibo_Cards/Series_2/Charlise.nfc,nfc,Amiibo,Bruce-Scripts-Heaven_RFID/Amiibo,moved
sd_card_content/nfc/Amiibo/Animal_Crossing/Amiibo_Cards/Series_2/Carmen.nfc,nfc,Amiibo,Bruce-Scripts-Heaven_RFID/Amiibo,moved
sd_card_content/nfc/Amiibo/Animal_Crossing/Amiibo_Cards/Series_2/AC_198_Agent_S.nfc,nfc,Amiibo,Bruce-Scripts-Heaven_RFID/Amiibo,moved
sd_card_content/nfc/Amiibo/Animal_Crossing/Amiibo_Cards/Series_2/Alice.nfc,nfc,Amiibo,Bruce-Scripts-Heaven_RFID/Amiibo,moved
sd_card_content/nfc/Amiibo/Animal_Crossing/Amiibo_Cards/Series_2/Wendy.nfc,nfc,Amiibo,Bruce-Scripts-Heaven_RFID/Amiibo,moved
sd_card_content/nfc/Amiibo/Animal_Crossing/Amiibo_Cards/Series_2/AC_130_Prince.nfc,nfc,Amiibo,Bruce-Scripts-Heaven_RFID/Amiibo,moved
sd_card_content/nfc/Amiibo/Animal_Crossing/Amiibo_Cards/Series_2/AC_200_Rocket.nfc,nfc,Amiibo,Bruce-Scripts-Heaven_RFID/Amiibo,moved
sd_card_content/nfc/Amiibo/Animal_Crossing/Amiibo_Cards/Series_2/Poncho.nfc,nfc,Amiibo,Bruce-Scripts-Heaven_RFID/Amiibo,moved
sd_card_content/nfc/Amiibo/Animal_Crossing/Amiibo_Cards/Series_2/AC_104_Labelle.nfc,nfc,Amiibo,Bruce-Scripts-Heaven_RFID/Amiibo,moved
sd_card_content/nfc/Amiibo/Animal_Crossing/Amiibo_Cards/Series_2/Prince.nfc,nfc,Amiibo,Bruce-Scripts-Heaven_RFID/Amiibo,moved
sd_card_content/nfc/Amiibo/Animal_Crossing/Amiibo_Cards/Series_2/AC_193_Keaton.nfc,nfc,Amiibo,Bruce-Scripts-Heaven_RFID/Amiibo,moved
sd_card_content/nfc/Amiibo/Animal_Crossing/Amiibo_Cards/Series_2/AC_156_Gabi.nfc,nfc,Amiibo,Bruce-Scripts-Heaven_RFID/Amiibo,moved
sd_card_content/nfc/Amiibo/Animal_Crossing/Amiibo_Cards/Series_2/Booker.nfc,nfc,Amiibo,Bruce-Scripts-Heaven_RFID/Amiibo,moved
sd_card_content/nfc/Amiibo/Animal_Crossing/Amiibo_Cards/Series_2/AC_116_Chip.nfc,nfc,Amiibo,Bruce-Scripts-Heaven_RFID/Amiibo,moved
sd_card_content/nfc/Amiibo/Animal_Crossing/Amiibo_Cards/Series_2/Reese.nfc,nfc,Amiibo,Bruce-Scripts-Heaven_RFID/Amiibo,moved
sd_card_content/nfc/Amiibo/Animal_Crossing/Amiibo_Cards/Series_2/Groucho.nfc,nfc,Amiibo,Bruce-Scripts-Heaven_RFID/Amiibo,moved
sd_card_content/nfc/Amiibo/Animal_Crossing/Amiibo_Cards/Series_2/Chip.nfc,nfc,Amiibo,Bruce-Scripts-Heaven_RFID/Amiibo,moved
sd_card_content/nfc/Amiibo/Animal_Crossing/Amiibo_Cards/Series_2/Nat.nfc,nfc,Amiibo,Bruce-Scripts-Heaven_RFID/Amiibo,moved
sd_card_content/nfc/Amiibo/Animal_Crossing/Amiibo_Cards/Series_2/Zell.nfc,nfc,Amiibo,Bruce-Scripts-Heaven_RFID/Amiibo,moved
sd_card_content/nfc/Amiibo/Animal_Crossing/Amiibo_Cards/Series_2/Kicks.nfc,nfc,Amiibo,Bruce-Scripts-Heaven_RFID/Amiibo,moved
sd_card_content/nfc/Amiibo/Animal_Crossing/Amiibo_Cards/Series_2/AC_127_Kitt.nfc,nfc,Amiibo,Bruce-Scripts-Heaven_RFID/Amiibo,moved
sd_card_content/nfc/Amiibo/Animal_Crossing/Amiibo_Cards/Series_2/Alfonso.nfc,nfc,Amiibo,Bruce-Scripts-Heaven_RFID/Amiibo,moved
sd_card_content/nfc/Amiibo/Animal_Crossing/Amiibo_Cards/Series_2/Isabelle_Aut.nfc,nfc,Amiibo,Bruce-Scripts-Heaven_RFID/Amiibo,moved
sd_card_content/nfc/Amiibo/Animal_Crossing/Amiibo_Cards/Series_2/AC_136_Egbert.nfc,nfc,Amiibo,Bruce-Scripts-Heaven_RFID/Amiibo,moved
sd_card_content/nfc/Amiibo/Animal_Crossing/Amiibo_Cards/Series_2/Vesta.nfc,nfc,Amiibo,Bruce-Scripts-Heaven_RFID/Amiibo,moved
sd_card_content/nfc/Amiibo/Animal_Crossing/Amiibo_Cards/Series_2/Kitt.nfc,nfc,Amiibo,Bruce-Scripts-Heaven_RFID/Amiibo,moved
sd_card_content/nfc/Amiibo/Animal_Crossing/Amiibo_Cards/Series_2/AC_123_Fuchsia.nfc,nfc,Amiibo,Bruce-Scripts-Heaven_RFID/Amiibo,moved
sd_card_content/nfc/Amiibo/Animal_Crossing/Amiibo_Cards/Series_2/Coach.nfc,nfc,Amiibo,Bruce-Scripts-Heaven_RFID/Amiibo,moved
sd_card_content/nfc/Amiibo/Animal_Crossing/Amiibo_Cards/Series_2/Tipper.nfc,nfc,Amiibo,Bruce-Scripts-Heaven_RFID/Amiibo,moved
sd_card_content/nfc/Amiibo/Animal_Crossing/Amiibo_Cards/Series_2/Hamphrey.nfc,nfc,Amiibo,Bruce-Scripts-Heaven_RFID/Amiibo,moved
sd_card_content/nfc/Amiibo/Animal_Crossing/Amiibo_Cards/Series_2/Drake.nfc,nfc,Amiibo,Bruce-Scripts-Heaven_RFID/Amiibo,moved
sd_card_content/nfc/Amiibo/Animal_Crossing/Amiibo_Cards/Series_2/AC_147_Scoot.nfc,nfc,Amiibo,Bruce-Scripts-Heaven_RFID/Amiibo,moved
sd_card_content/nfc/Amiibo/Animal_Crossing/Amiibo_Cards/Series_2/AC_170_Ruby.nfc,nfc,Amiibo,Bruce-Scripts-Heaven_RFID/Amiibo,moved
sd_card_content/nfc/Amiibo/Animal_Crossing/Amiibo_Cards/Series_2/Kitty.nfc,nfc,Amiibo,Bruce-Scripts-Heaven_RFID/Amiibo,moved
sd_card_content/nfc/Amiibo/Animal_Crossing/Amiibo_Cards/Series_2/AC_159_Zell.nfc,nfc,Amiibo,Bruce-Scripts-Heaven_RFID/Amiibo,moved
sd_card_content/nfc/Amiibo/Animal_Crossing/Amiibo_Cards/Series_2/Timbra.nfc,nfc,Amiibo,Bruce-Scripts-Heaven_RFID/Amiibo,moved
sd_card_content/nfc/Amiibo/Animal_Crossing/Amiibo_Cards/Series_2/AC_158_Timbra.nfc,nfc,Amiibo,Bruce-Scripts-Heaven_RFID/Amiibo,moved
sd_card_content/nfc/Amiibo/Animal_Crossing/Amiibo_Cards/Series_2/Lucha.nfc,nfc,Amiibo,Bruce-Scripts-Heaven_RFID/Amiibo,moved
sd_card_content/nfc/Amiibo/Animal_Crossing/Amiibo_Cards/Series_2/Jack.nfc,nfc,Amiibo,Bruce-Scripts-Heaven_RFID/Amiibo,moved
sd_card_content/nfc/Amiibo/Animal_Crossing/Amiibo_Cards/Series_2/AC_152_Wendy.nfc,nfc,Amiibo,Bruce-Scripts-Heaven_RFID/Amiibo,moved
sd_card_content/nfc/Amiibo/Animal_Crossing/Amiibo_Cards/Series_2/AC_151_Groucho.nfc,nfc,Amiibo,Bruce-Scripts-Heaven_RFID/Amiibo,moved
sd_card_content/nfc/Amiibo/Animal_Crossing/Amiibo_Cards/Series_2/AC_111_Shrunk.nfc,nfc,Amiibo,Bruce-Scripts-Heaven_RFID/Amiibo,moved
sd_card_content/nfc/Amiibo/Animal_Crossing/Amiibo_Cards/Series_2/AC_162_Mathilda.nfc,nfc,Amiibo,Bruce-Scripts-Heaven_RFID/Amiibo,moved
sd_card_content/nfc/Amiibo/Animal_Crossing/Amiibo_Cards/Series_2/AC_139_Blaire.nfc,nfc,Amiibo,Bruce-Scripts-Heaven_RFID/Amiibo,moved
sd_card_content/nfc/Amiibo/Animal_Crossing/Amiibo_Cards/Series_2/Agent_S.nfc,nfc,Amiibo,Bruce-Scripts-Heaven_RFID/Amiibo,moved
sd_card_content/nfc/Amiibo/Animal_Crossing/Amiibo_Cards/Series_2/AC_115_Nat.nfc,nfc,Amiibo,Bruce-Scripts-Heaven_RFID/Amiibo,moved
sd_card_content/nfc/Amiibo/Animal_Crossing/Amiibo_Cards/Series_2/AC_145_Carmen.nfc,nfc,Amiibo,Bruce-Scripts-Heaven_RFID/Amiibo,moved
sd_card_content/nfc/Amiibo/Animal_Crossing/Amiibo_Cards/Series_2/AC_154_Rhonda.nfc,nfc,Amiibo,Bruce-Scripts-Heaven_RFID/Amiibo,moved
sd_card_content/nfc/Amiibo/Animal_Crossing/Amiibo_Cards/Series_2/AC_195_Hamphrey.nfc,nfc,Amiibo,Bruce-Scripts-Heaven_RFID/Amiibo,moved
sd_card_content/nfc/Amiibo/Animal_Crossing/Amiibo_Cards/Series_2/Don_Resetti.nfc,nfc,Amiibo,Bruce-Scripts-Heaven_RFID/Amiibo,moved
sd_card_content/nfc/Amiibo/Animal_Crossing/Amiibo_Cards/Series_2/Gwen.nfc,nfc,Amiibo,Bruce-Scripts-Heaven_RFID/Amiibo,moved
sd_card_content/nfc/Amiibo/Animal_Crossing/Amiibo_Cards/Series_2/AC_178_Hugh.nfc,nfc,Amiibo,Bruce-Scripts-Heaven_RFID/Amiibo,moved
sd_card_content/nfc/Amiibo/Animal_Crossing/Amiibo_Cards/Series_2/AC_134_Kidd.nfc,nfc,Amiibo,Bruce-Scripts-Heaven_RFID/Amiibo,moved
sd_card_content/nfc/Amiibo/Animal_Crossing/Amiibo_Cards/Series_2/AC_132_Vladimir.nfc,nfc,Amiibo,Bruce-Scripts-Heaven_RFID/Amiibo,moved
sd_card_content/nfc/Amiibo/Animal_Crossing/Amiibo_Cards/Series_2/AC_137_Cookie.nfc,nfc,Amiibo,Bruce-Scripts-Heaven_RFID/Amiibo,moved
sd_card_content/nfc/Amiibo/Animal_Crossing/Amiibo_Cards/Series_2/Blanca.nfc,nfc,Amiibo,Bruce-Scripts-Heaven_RFID/Amiibo,moved
sd_card_content/nfc/Amiibo/Animal_Crossing/Amiibo_Cards/Series_2/AC_107_Katie.nfc,nfc,Amiibo,Bruce-Scripts-Heaven_RFID/Amiibo,moved
sd_card_content/nfc/Amiibo/Animal_Crossing/Amiibo_Cards/Series_2/Julian.nfc,nfc,Amiibo,Bruce-Scripts-Heaven_RFID/Amiibo,moved
sd_card_content/nfc/Amiibo/Animal_Crossing/Amiibo_Cards/Series_2/AC_160_Pekoe.nfc,nfc,Amiibo,Bruce-Scripts-Heaven_RFID/Amiibo,moved
sd_card_content/nfc/Amiibo/Animal_Crossing/Amiibo_Cards/Series_2/Freya.nfc,nfc,Amiibo,Bruce-Scripts-Heaven_RFID/Amiibo,moved
sd_card_content/nfc/Amiibo/Animal_Crossing/Amiibo_Cards/Series_2/AC_140_Avery.nfc,nfc,Amiibo,Bruce-Scripts-Heaven_RFID/Amiibo,moved
sd_card_content/nfc/Amiibo/Animal_Crossing/Amiibo_Cards/Series_2/AC_196_Freya.nfc,nfc,Amiibo,Bruce-Scripts-Heaven_RFID/Amiibo,moved
sd_card_content/nfc/Amiibo/Animal_Crossing/Amiibo_Cards/Series_2/Kidd.nfc,nfc,Amiibo,Bruce-Scripts-Heaven_RFID/Amiibo,moved
sd_card_content/nfc/Amiibo/Animal_Crossing/Amiibo_Cards/Series_2/Agnes.nfc,nfc,Amiibo,Bruce-Scripts-Heaven_RFID/Amiibo,moved
sd_card_content/nfc/Amiibo/Animal_Crossing/Amiibo_Cards/Series_2/Whitney.nfc,nfc,Amiibo,Bruce-Scripts-Heaven_RFID/Amiibo,moved
sd_card_content/nfc/Amiibo/Animal_Crossing/Amiibo_Cards/Series_2/AC_169_Bud.nfc,nfc,Amiibo,Bruce-Scripts-Heaven_RFID/Amiibo,moved
sd_card_content/nfc/Amiibo/Animal_Crossing/Amiibo_Cards/Series_2/AC_108_Tommy.nfc,nfc,Amiibo,Bruce-Scripts-Heaven_RFID/Amiibo,moved
sd_card_content/nfc/Amiibo/Animal_Crossing/Amiibo_Cards/Series_2/Avery.nfc,nfc,Amiibo,Bruce-Scripts-Heaven_RFID/Amiibo,moved
sd_card_content/nfc/Amiibo/Animal_Crossing/Amiibo_Cards/Series_2/Fuchsia.nfc,nfc,Amiibo,Bruce-Scripts-Heaven_RFID/Amiibo,moved
sd_card_content/nfc/Amiibo/Animal_Crossing/Amiibo_Cards/Series_2/Nana.nfc,nfc,Amiibo,Bruce-Scripts-Heaven_RFID/Amiibo,moved
sd_card_content/nfc/Amiibo/Animal_Crossing/Amiibo_Cards/Series_2/Tommy.nfc,nfc,Amiibo,Bruce-Scripts-Heaven_RFID/Amiibo,moved
sd_card_content/nfc/Amiibo/Animal_Crossing/Amiibo_Cards/Series_2/AC_143_Olivia.nfc,nfc,Amiibo,Bruce-Scripts-Heaven_RFID/Amiibo,moved
sd_card_content/nfc/Amiibo/Animal_Crossing/Amiibo_Cards/Series_2/AC_119_Felicity.nfc,nfc,Amiibo,Bruce-Scripts-Heaven_RFID/Amiibo,moved
sd_card_content/nfc/Amiibo/Animal_Crossing/Amiibo_Cards/Series_2/AC_191_Marcel.nfc,nfc,Amiibo,Bruce-Scripts-Heaven_RFID/Amiibo,moved
sd_card_content/nfc/Amiibo/Animal_Crossing/Amiibo_Cards/Series_2/Bettina.nfc,nfc,Amiibo,Bruce-Scripts-Heaven_RFID/Amiibo,moved
sd_card_content/nfc/Amiibo/Animal_Crossing/Amiibo_Cards/Series_2/AC_155_Butch.nfc,nfc,Amiibo,Bruce-Scripts-Heaven_RFID/Amiibo,moved
sd_card_content/nfc/Amiibo/Animal_Crossing/Amiibo_Cards/Series_2/AC_173_Julian.nfc,nfc,Amiibo,Bruce-Scripts-Heaven_RFID/Amiibo,moved
sd_card_content/nfc/Amiibo/Animal_Crossing/Amiibo_Cards/Series_2/AC_125_Gwen.nfc,nfc,Amiibo,Bruce-Scripts-Heaven_RFID/Amiibo,moved
sd_card_content/nfc/Amiibo/Animal_Crossing/Amiibo_Cards/Series_2/Cookie.nfc,nfc,Amiibo,Bruce-Scripts-Heaven_RFID/Amiibo,moved
sd_card_content/nfc/Amiibo/Animal_Crossing/Amiibo_Cards/Series_2/AC_131_Pate.nfc,nfc,Amiibo,Bruce-Scripts-Heaven_RFID/Amiibo,moved
sd_card_content/nfc/Amiibo/Animal_Crossing/Amiibo_Cards/Series_2/Bianca.nfc,nfc,Amiibo,Bruce-Scripts-Heaven_RFID/Amiibo,moved
sd_card_content/nfc/Amiibo/Animal_Crossing/Amiibo_Cards/Series_2/Savannah.nfc,nfc,Amiibo,Bruce-Scripts-Heaven_RFID/Amiibo,moved
sd_card_content/nfc/Amiibo/Animal_Crossing/Amiibo_Cards/Series_2/Bud.nfc,nfc,Amiibo,Bruce-Scripts-Heaven_RFID/Amiibo,moved
sd_card_content/nfc/Amiibo/Animal_Crossing/Amiibo_Cards/Series_2/AC_120_Ozzie.nfc,nfc,Amiibo,Bruce-Scripts-Heaven_RFID/Amiibo,moved
sd_card_content/nfc/Amiibo/Animal_Crossing/Amiibo_Cards/Series_2/AC_133_Savannah.nfc,nfc,Amiibo,Bruce-Scripts-Heaven_RFID/Amiibo,moved
sd_card_content/nfc/Amiibo/Animal_Crossing/Amiibo_Cards/Series_2/AC_121_Tia.nfc,nfc,Amiibo,Bruce-Scripts-Heaven_RFID/Amiibo,moved
sd_card_content/nfc/Amiibo/Animal_Crossing/Amiibo_Cards/Series_2/AC_118_Poncho.nfc,nfc,Amiibo,Bruce-Scripts-Heaven_RFID/Amiibo,moved
sd_card_content/nfc/Amiibo/Animal_Crossing/Amiibo_Cards/Series_2/AC_187_Vic.nfc,nfc,Amiibo,Bruce-Scripts-Heaven_RFID/Amiibo,moved
sd_card_content/nfc/Amiibo/Animal_Crossing/Amiibo_Cards/Series_2/Sprinkle.nfc,nfc,Amiibo,Bruce-Scripts-Heaven_RFID/Amiibo,moved
sd_card_content/nfc/Amiibo/Animal_Crossing/Amiibo_Cards/Series_2/AC_109_Porter.nfc,nfc,Amiibo,Bruce-Scripts-Heaven_RFID/Amiibo,moved
sd_card_content/nfc/Amiibo/Animal_Crossing/Amiibo_Cards/Series_2/Camofrog.nfc,nfc,Amiibo,Bruce-Scripts-Heaven_RFID/Amiibo,moved
sd_card_content/nfc/Amiibo/Animal_Crossing/Amiibo_Cards/Series_2/AC_172_Agnes.nfc,nfc,Amiibo,Bruce-Scripts-Heaven_RFID/Amiibo,moved
sd_card_content/nfc/Amiibo/Animal_Crossing/Amiibo_Cards/Series_2/AC_149_Broccolo.nfc,nfc,Amiibo,Bruce-Scripts-Heaven_RFID/Amiibo,moved
sd_card_content/nfc/Amiibo/Animal_Crossing/Amiibo_Cards/Series_2/AC_157_Moose.nfc,nfc,Amiibo,Bruce-Scripts-Heaven_RFID/Amiibo,moved
sd_card_content/nfc/Amiibo/Animal_Crossing/Amiibo_Cards/Series_2/AC_106_Booker.nfc,nfc,Amiibo,Bruce-Scripts-Heaven_RFID/Amiibo,moved
sd_card_content/nfc/Amiibo/Animal_Crossing/Amiibo_Cards/Series_2/Nan.nfc,nfc,Amiibo,Bruce-Scripts-Heaven_RFID/Amiibo,moved
sd_card_content/nfc/Amiibo/Animal_Crossing/Amiibo_Cards/Series_2/AC_101_KK_Slider.nfc,nfc,Amiibo,Bruce-Scripts-Heaven_RFID/Amiibo,moved
sd_card_content/nfc/Amiibo/Animal_Crossing/Amiibo_Cards/Series_2/AC_122_Lucha.nfc,nfc,Amiibo,Bruce-Scripts-Heaven_RFID/Amiibo,moved
sd_card_content/nfc/Amiibo/Animal_Crossing/Amiibo_Cards/Series_2/AC_179_Hopper.nfc,nfc,Amiibo,Bruce-Scripts-Heaven_RFID/Amiibo,moved
sd_card_content/nfc/Amiibo/Animal_Crossing/Amiibo_Cards/Series_2/Ruby.nfc,nfc,Amiibo,Bruce-Scripts-Heaven_RFID/Amiibo,moved
sd_card_content/nfc/Amiibo/Animal_Crossing/Amiibo_Cards/Series_2/AC_171_Benedict.nfc,nfc,Amiibo,Bruce-Scripts-Heaven_RFID/Amiibo,moved
sd_card_content/nfc/Amiibo/Animal_Crossing/Amiibo_Cards/Series_2/Egbert.nfc,nfc,Amiibo,Bruce-Scripts-Heaven_RFID/Amiibo,moved
sd_card_content/nfc/Amiibo/Animal_Crossing/Amiibo_Cards/Series_2/AC_153_Alfonso.nfc,nfc,Amiibo,Bruce-Scripts-Heaven_RFID/Amiibo,moved
sd_card_content/nfc/Amiibo/Animal_Crossing/Amiibo_Cards/Series_2/AC_112_Don_Resetti.nfc,nfc,Amiibo,Bruce-Scripts-Heaven_RFID/Amiibo,moved
sd_card_content/nfc/Amiibo/Animal_Crossing/Amiibo_Cards/Series_2/Scoot.nfc,nfc,Amiibo,Bruce-Scripts-Heaven_RFID/Amiibo,moved
sd_card_content/nfc/Amiibo/Animal_Crossing/Amiibo_Cards/Series_2/AC_192_Pango.nfc,nfc,Amiibo,Bruce-Scripts-Heaven_RFID/Amiibo,moved
sd_card_content/nfc/Amiibo/Animal_Crossing/Amiibo_Cards/Series_2/AC_144_Cesar.nfc,nfc,Amiibo,Bruce-Scripts-Heaven_RFID/Amiibo,moved
sd_card_content/nfc/Amiibo/Animal_Crossing/Amiibo_Cards/Series_2/AC_117_Jack.nfc,nfc,Amiibo,Bruce-Scripts-Heaven_RFID/Amiibo,moved
sd_card_content/nfc/Amiibo/Animal_Crossing/Amiibo_Cards/Series_2/AC_114_Blanca.nfc,nfc,Amiibo,Bruce-Scripts-Heaven_RFID/Amiibo,moved
sd_card_content/nfc/Amiibo/Animal_Crossing/Amiibo_Cards/Series_2/Coco.nfc,nfc,Amiibo,Bruce-Scripts-Heaven_RFID/Amiibo,moved
sd_card_content/nfc/Amiibo/Animal_Crossing/Amiibo_Cards/Series_2/AC_113_Isabelle.nfc,nfc,Amiibo,Bruce-Scripts-Heaven_RFID/Amiibo,moved
sd_card_content/nfc/Amiibo/Animal_Crossing/Amiibo_Cards/Sanrio_Cards/AC_XS4_Chai.nfc,nfc,Amiibo,Bruce-Scripts-Heaven_RFID/Amiibo,moved
sd_card_content/nfc/Amiibo/Animal_Crossing/Amiibo_Cards/Sanrio_Cards/AC_XS2_Marty.nfc,nfc,Amiibo,Bruce-Scripts-Heaven_RFID/Amiibo,moved
sd_card_content/nfc/Amiibo/Animal_Crossing/Amiibo_Cards/Sanrio_Cards/Marty.nfc,nfc,Amiibo,Bruce-Scripts-Heaven_RFID/Amiibo,moved
sd_card_content/nfc/Amiibo/Animal_Crossing/Amiibo_Cards/Sanrio_Cards/AC_XS3_Etoile.nfc,nfc,Amiibo,Bruce-Scripts-Heaven_RFID/Amiibo,moved
sd_card_content/nfc/Amiibo/Animal_Crossing/Amiibo_Cards/Sanrio_Cards/AC_XS6_Toby.nfc,nfc,Amiibo,Bruce-Scripts-Heaven_RFID/Amiibo,moved
sd_card_content/nfc/Amiibo/Animal_Crossing/Amiibo_Cards/Sanrio_Cards/Rilla.nfc,nfc,Amiibo,Bruce-Scripts-Heaven_RFID/Amiibo,moved
sd_card_content/nfc/Amiibo/Animal_Crossing/Amiibo_Cards/Sanrio_Cards/AC_XS5_Chelsea.nfc,nfc,Amiibo,Bruce-Scripts-Heaven_RFID/Amiibo,moved
sd_card_content/nfc/Amiibo/Animal_Crossing/Amiibo_Cards/Sanrio_Cards/Chelsea.nfc,nfc,Amiibo,Bruce-Scripts-Heaven_RFID/Amiibo,moved
sd_card_content/nfc/Amiibo/Animal_Crossing/Amiibo_Cards/Sanrio_Cards/Chai.nfc,nfc,Amiibo,Bruce-Scripts-Heaven_RFID/Amiibo,moved
sd_card_content/nfc/Amiibo/Animal_Crossing/Amiibo_Cards/Sanrio_Cards/Etoile.nfc,nfc,Amiibo,Bruce-Scripts-Heaven_RFID/Amiibo,moved
sd_card_content/nfc/Amiibo/Animal_Crossing/Amiibo_Cards/Sanrio_Cards/Toby.nfc,nfc,Amiibo,Bruce-Scripts-Heaven_RFID/Amiibo,moved
sd_card_content/nfc/Amiibo/Animal_Crossing/Amiibo_Cards/Sanrio_Cards/AC_XS1_Rilla.nfc,nfc,Amiibo,Bruce-Scripts-Heaven_RFID/Amiibo,moved
sd_card_content/nfc/Amiibo/Animal_Crossing/Amiibo_Cards/Welcome_Amiibo/Maddie.nfc,nfc,Amiibo,Bruce-Scripts-Heaven_RFID/Amiibo,moved
sd_card_content/nfc/Amiibo/Animal_Crossing/Amiibo_Cards/Welcome_Amiibo/AC_W17_Ursala.nfc,nfc,Amiibo,Bruce-Scripts-Heaven_RFID/Amiibo,moved
sd_card_content/nfc/Amiibo/Animal_Crossing/Amiibo_Cards/Welcome_Amiibo/AC_W37_Leopold.nfc,nfc,Amiibo,Bruce-Scripts-Heaven_RFID/Amiibo,moved
sd_card_content/nfc/Amiibo/Animal_Crossing/Amiibo_Cards/Welcome_Amiibo/Norma.nfc,nfc,Amiibo,Bruce-Scripts-Heaven_RFID/Amiibo,moved
sd_card_content/nfc/Amiibo/Animal_Crossing/Amiibo_Cards/Welcome_Amiibo/AC_W21_Boyd.nfc,nfc,Amiibo,Bruce-Scripts-Heaven_RFID/Amiibo,moved
sd_card_content/nfc/Amiibo/Animal_Crossing/Amiibo_Cards/Welcome_Amiibo/Cleo.nfc,nfc,Amiibo,Bruce-Scripts-Heaven_RFID/Amiibo,moved
sd_card_content/nfc/Amiibo/Animal_Crossing/Amiibo_Cards/Welcome_Amiibo/Boris.nfc,nfc,Amiibo,Bruce-Scripts-Heaven_RFID/Amiibo,moved
sd_card_content/nfc/Amiibo/Animal_Crossing/Amiibo_Cards/Welcome_Amiibo/Claude.nfc,nfc,Amiibo,Bruce-Scripts-Heaven_RFID/Amiibo,moved
sd_card_content/nfc/Amiibo/Animal_Crossing/Amiibo_Cards/Welcome_Amiibo/Vivian.nfc,nfc,Amiibo,Bruce-Scripts-Heaven_RFID/Amiibo,moved
sd_card_content/nfc/Amiibo/Animal_Crossing/Amiibo_Cards/Welcome_Amiibo/Candi.nfc,nfc,Amiibo,Bruce-Scripts-Heaven_RFID/Amiibo,moved
sd_card_content/nfc/Amiibo/Animal_Crossing/Amiibo_Cards/Welcome_Amiibo/AC_W45_Olive.nfc,nfc,Amiibo,Bruce-Scripts-Heaven_RFID/Amiibo,moved
sd_card_content/nfc/Amiibo/Animal_Crossing/Amiibo_Cards/Welcome_Amiibo/Julia.nfc,nfc,Amiibo,Bruce-Scripts-Heaven_RFID/Amiibo,moved
sd_card_content/nfc/Amiibo/Animal_Crossing/Amiibo_Cards/Welcome_Amiibo/AC_W07_Stella.nfc,nfc,Amiibo,Bruce-Scripts-Heaven_RFID/Amiibo,moved
sd_card_content/nfc/Amiibo/Animal_Crossing/Amiibo_Cards/Welcome_Amiibo/AC_W30_Louie.nfc,nfc,Amiibo,Bruce-Scripts-Heaven_RFID/Amiibo,moved
sd_card_content/nfc/Amiibo/Animal_Crossing/Amiibo_Cards/Welcome_Amiibo/Piper.nfc,nfc,Amiibo,Bruce-Scripts-Heaven_RFID/Amiibo,moved
sd_card_content/nfc/Amiibo/Animal_Crossing/Amiibo_Cards/Welcome_Amiibo/Spike.nfc,nfc,Amiibo,Bruce-Scripts-Heaven_RFID/Amiibo,moved
sd_card_content/nfc/Amiibo/Animal_Crossing/Amiibo_Cards/Welcome_Amiibo/Tybalt.nfc,nfc,Amiibo,Bruce-Scripts-Heaven_RFID/Amiibo,moved
sd_card_content/nfc/Amiibo/Animal_Crossing/Amiibo_Cards/Welcome_Amiibo/Tad.nfc,nfc,Amiibo,Bruce-Scripts-Heaven_RFID/Amiibo,moved
sd_card_content/nfc/Amiibo/Animal_Crossing/Amiibo_Cards/Welcome_Amiibo/Sylvana.nfc,nfc,Amiibo,Bruce-Scripts-Heaven_RFID/Amiibo,moved
sd_card_content/nfc/Amiibo/Animal_Crossing/Amiibo_Cards/Welcome_Amiibo/Leopold.nfc,nfc,Amiibo,Bruce-Scripts-Heaven_RFID/Amiibo,moved
sd_card_content/nfc/Amiibo/Animal_Crossing/Amiibo_Cards/Welcome_Amiibo/AC_W28_Raddle.nfc,nfc,Amiibo,Bruce-Scripts-Heaven_RFID/Amiibo,moved
sd_card_content/nfc/Amiibo/Animal_Crossing/Amiibo_Cards/Welcome_Amiibo/Dobie.nfc,nfc,Amiibo,Bruce-Scripts-Heaven_RFID/Amiibo,moved
sd_card_content/nfc/Amiibo/Animal_Crossing/Amiibo_Cards/Welcome_Amiibo/Tasha.nfc,nfc,Amiibo,Bruce-Scripts-Heaven_RFID/Amiibo,moved
sd_card_content/nfc/Amiibo/Animal_Crossing/Amiibo_Cards/Welcome_Amiibo/AC_W10_Sylvana.nfc,nfc,Amiibo,Bruce-Scripts-Heaven_RFID/Amiibo,moved
sd_card_content/nfc/Amiibo/Animal_Crossing/Amiibo_Cards/Welcome_Amiibo/AC_W50_Tasha.nfc,nfc,Amiibo,Bruce-Scripts-Heaven_RFID/Amiibo,moved
sd_card_content/nfc/Amiibo/Animal_Crossing/Amiibo_Cards/Welcome_Amiibo/June.nfc,nfc,Amiibo,Bruce-Scripts-Heaven_RFID/Amiibo,moved
sd_card_content/nfc/Amiibo/Animal_Crossing/Amiibo_Cards/Welcome_Amiibo/AC_W06_Hornsby.nfc,nfc,Amiibo,Bruce-Scripts-Heaven_RFID/Amiibo,moved
sd_card_content/nfc/Amiibo/Animal_Crossing/Amiibo_Cards/Welcome_Amiibo/Sandy.nfc,nfc,Amiibo,Bruce-Scripts-Heaven_RFID/Amiibo,moved
sd_card_content/nfc/Amiibo/Animal_Crossing/Amiibo_Cards/Welcome_Amiibo/AC_W27_Claude.nfc,nfc,Amiibo,Bruce-Scripts-Heaven_RFID/Amiibo,moved
sd_card_content/nfc/Amiibo/Animal_Crossing/Amiibo_Cards/Welcome_Amiibo/AC_W41_Norma.nfc,nfc,Amiibo,Bruce-Scripts-Heaven_RFID/Amiibo,moved
sd_card_content/nfc/Amiibo/Animal_Crossing/Amiibo_Cards/Welcome_Amiibo/AC_W23_Maggie.nfc,nfc,Amiibo,Bruce-Scripts-Heaven_RFID/Amiibo,moved
sd_card_content/nfc/Amiibo/Animal_Crossing/Amiibo_Cards/Welcome_Amiibo/Snooty.nfc,nfc,Amiibo,Bruce-Scripts-Heaven_RFID/Amiibo,moved
sd_card_content/nfc/Amiibo/Animal_Crossing/Amiibo_Cards/Welcome_Amiibo/Louie.nfc,nfc,Amiibo,Bruce-Scripts-Heaven_RFID/Amiibo,moved
sd_card_content/nfc/Amiibo/Animal_Crossing/Amiibo_Cards/Welcome_Amiibo/Rex.nfc,nfc,Amiibo,Bruce-Scripts-Heaven_RFID/Amiibo,moved
sd_card_content/nfc/Amiibo/Animal_Crossing/Amiibo_Cards/Welcome_Amiibo/AC_W46_Dobie.nfc,nfc,Amiibo,Bruce-Scripts-Heaven_RFID/Amiibo,moved
sd_card_content/nfc/Amiibo/Animal_Crossing/Amiibo_Cards/Welcome_Amiibo/AC_W08_Tybalt.nfc,nfc,Amiibo,Bruce-Scripts-Heaven_RFID/Amiibo,moved
sd_card_content/nfc/Amiibo/Animal_Crossing/Amiibo_Cards/Welcome_Amiibo/Raddle.nfc,nfc,Amiibo,Bruce-Scripts-Heaven_RFID/Amiibo,moved
sd_card_content/nfc/Amiibo/Animal_Crossing/Amiibo_Cards/Welcome_Amiibo/AC_W48_Cleo.nfc,nfc,Amiibo,Bruce-Scripts-Heaven_RFID/Amiibo,moved
sd_card_content/nfc/Amiibo/Animal_Crossing/Amiibo_Cards/Welcome_Amiibo/Stella.nfc,nfc,Amiibo,Bruce-Scripts-Heaven_RFID/Amiibo,moved
sd_card_content/nfc/Amiibo/Animal_Crossing/Amiibo_Cards/Welcome_Amiibo/Boots.nfc,nfc,Amiibo,Bruce-Scripts-Heaven_RFID/Amiibo,moved
sd_card_content/nfc/Amiibo/Animal_Crossing/Amiibo_Cards/Welcome_Amiibo/Huck.nfc,nfc,Amiibo,Bruce-Scripts-Heaven_RFID/Amiibo,moved
sd_card_content/nfc/Amiibo/Animal_Crossing/Amiibo_Cards/Welcome_Amiibo/Bea.nfc,nfc,Amiibo,Bruce-Scripts-Heaven_RFID/Amiibo,moved
sd_card_content/nfc/Amiibo/Animal_Crossing/Amiibo_Cards/Welcome_Amiibo/Weber.nfc,nfc,Amiibo,Bruce-Scripts-Heaven_RFID/Amiibo,moved
sd_card_content/nfc/Amiibo/Animal_Crossing/Amiibo_Cards/Welcome_Amiibo/Ellie.nfc,nfc,Amiibo,Bruce-Scripts-Heaven_RFID/Amiibo,moved
sd_card_content/nfc/Amiibo/Animal_Crossing/Amiibo_Cards/Welcome_Amiibo/AC_W36_Candi.nfc,nfc,Amiibo,Bruce-Scripts-Heaven_RFID/Amiibo,moved
sd_card_content/nfc/Amiibo/Animal_Crossing/Amiibo_Cards/Welcome_Amiibo/Buzz.nfc,nfc,Amiibo,Bruce-Scripts-Heaven_RFID/Amiibo,moved
sd_card_content/nfc/Amiibo/Animal_Crossing/Amiibo_Cards/Welcome_Amiibo/Ketchup.nfc,nfc,Amiibo,Bruce-Scripts-Heaven_RFID/Amiibo,moved
sd_card_content/nfc/Amiibo/Animal_Crossing/Amiibo_Cards/Welcome_Amiibo/Gonzo.nfc,nfc,Amiibo,Bruce-Scripts-Heaven_RFID/Amiibo,moved
sd_card_content/nfc/Amiibo/Animal_Crossing/Amiibo_Cards/Welcome_Amiibo/AC_W43_Sprocket.nfc,nfc,Amiibo,Bruce-Scripts-Heaven_RFID/Amiibo,moved
sd_card_content/nfc/Amiibo/Animal_Crossing/Amiibo_Cards/Welcome_Amiibo/AC_W32_Admiral.nfc,nfc,Amiibo,Bruce-Scripts-Heaven_RFID/Amiibo,moved
sd_card_content/nfc/Amiibo/Animal_Crossing/Amiibo_Cards/Welcome_Amiibo/Boyd.nfc,nfc,Amiibo,Bruce-Scripts-Heaven_RFID/Amiibo,moved
sd_card_content/nfc/Amiibo/Animal_Crossing/Amiibo_Cards/Welcome_Amiibo/AC_W42_Gonzo.nfc,nfc,Amiibo,Bruce-Scripts-Heaven_RFID/Amiibo,moved
sd_card_content/nfc/Amiibo/Animal_Crossing/Amiibo_Cards/Welcome_Amiibo/AC_W04_Piper.nfc,nfc,Amiibo,Bruce-Scripts-Heaven_RFID/Amiibo,moved
sd_card_content/nfc/Amiibo/Animal_Crossing/Amiibo_Cards/Welcome_Amiibo/AC_W05_Paolo.nfc,nfc,Amiibo,Bruce-Scripts-Heaven_RFID/Amiibo,moved
sd_card_content/nfc/Amiibo/Animal_Crossing/Amiibo_Cards/Welcome_Amiibo/Plucky.nfc,nfc,Amiibo,Bruce-Scripts-Heaven_RFID/Amiibo,moved
sd_card_content/nfc/Amiibo/Animal_Crossing/Amiibo_Cards/Welcome_Amiibo/AC_W22_Bitty.nfc,nfc,Amiibo,Bruce-Scripts-Heaven_RFID/Amiibo,moved
sd_card_content/nfc/Amiibo/Animal_Crossing/Amiibo_Cards/Welcome_Amiibo/Hopkins.nfc,nfc,Amiibo,Bruce-Scripts-Heaven_RFID/Amiibo,moved
sd_card_content/nfc/Amiibo/Animal_Crossing/Amiibo_Cards/Welcome_Amiibo/AC_W16_Stu.nfc,nfc,Amiibo,Bruce-Scripts-Heaven_RFID/Amiibo,moved
sd_card_content/nfc/Amiibo/Animal_Crossing/Amiibo_Cards/Welcome_Amiibo/AC_W12_Wade.nfc,nfc,Amiibo,Bruce-Scripts-Heaven_RFID/Amiibo,moved
sd_card_content/nfc/Amiibo/Animal_Crossing/Amiibo_Cards/Welcome_Amiibo/Cashmere.nfc,nfc,Amiibo,Bruce-Scripts-Heaven_RFID/Amiibo,moved
sd_card_content/nfc/Amiibo/Animal_Crossing/Amiibo_Cards/Welcome_Amiibo/AC_W40_Tad.nfc,nfc,Amiibo,Bruce-Scripts-Heaven_RFID/Amiibo,moved
sd_card_content/nfc/Amiibo/Animal_Crossing/Amiibo_Cards/Welcome_Amiibo/Wade.nfc,nfc,Amiibo,Bruce-Scripts-Heaven_RFID/Amiibo,moved
sd_card_content/nfc/Amiibo/Animal_Crossing/Amiibo_Cards/Welcome_Amiibo/AC_W20_Billy.nfc,nfc,Amiibo,Bruce-Scripts-Heaven_RFID/Amiibo,moved
sd_card_content/nfc/Amiibo/Animal_Crossing/Amiibo_Cards/Welcome_Amiibo/AC_W24_Murphy.nfc,nfc,Amiibo,Bruce-Scripts-Heaven_RFID/Amiibo,moved
sd_card_content/nfc/Amiibo/Animal_Crossing/Amiibo_Cards/Welcome_Amiibo/AC_W19_Maddie.nfc,nfc,Amiibo,Bruce-Scripts-Heaven_RFID/Amiibo,moved
sd_card_content/nfc/Amiibo/Animal_Crossing/Amiibo_Cards/Welcome_Amiibo/AC_W39_Cashmere.nfc,nfc,Amiibo,Bruce-Scripts-Heaven_RFID/Amiibo,moved
sd_card_content/nfc/Amiibo/Animal_Crossing/Amiibo_Cards/Welcome_Amiibo/AC_W38_Spike.nfc,nfc,Amiibo,Bruce-Scripts-Heaven_RFID/Amiibo,moved
sd_card_content/nfc/Amiibo/Animal_Crossing/Amiibo_Cards/Welcome_Amiibo/Stu.nfc,nfc,Amiibo,Bruce-Scripts-Heaven_RFID/Amiibo,moved
sd_card_content/nfc/Amiibo/Animal_Crossing/Amiibo_Cards/Welcome_Amiibo/AC_W18_Jacob.nfc,nfc,Amiibo,Bruce-Scripts-Heaven_RFID/Amiibo,moved
sd_card_content/nfc/Amiibo/Animal_Crossing/Amiibo_Cards/Welcome_Amiibo/AC_W01_Vivian.nfc,nfc,Amiibo,Bruce-Scripts-Heaven_RFID/Amiibo,moved
sd_card_content/nfc/Amiibo/Animal_Crossing/Amiibo_Cards/Welcome_Amiibo/Admiral.nfc,nfc,Amiibo,Bruce-Scripts-Heaven_RFID/Amiibo,moved
sd_card_content/nfc/Amiibo/Animal_Crossing/Amiibo_Cards/Welcome_Amiibo/AC_W44_Snooty.nfc,nfc,Amiibo,Bruce-Scripts-Heaven_RFID/Amiibo,moved
sd_card_content/nfc/Amiibo/Animal_Crossing/Amiibo_Cards/Welcome_Amiibo/Olive.nfc,nfc,Amiibo,Bruce-Scripts-Heaven_RFID/Amiibo,moved
sd_card_content/nfc/Amiibo/Animal_Crossing/Amiibo_Cards/Welcome_Amiibo/Jacob.nfc,nfc,Amiibo,Bruce-Scripts-Heaven_RFID/Amiibo,moved
sd_card_content/nfc/Amiibo/Animal_Crossing/Amiibo_Cards/Welcome_Amiibo/AC_W31_Bea.nfc,nfc,Amiibo,Bruce-Scripts-Heaven_RFID/Amiibo,moved
sd_card_content/nfc/Amiibo/Animal_Crossing/Amiibo_Cards/Welcome_Amiibo/AC_W29_Julia.nfc,nfc,Amiibo,Bruce-Scripts-Heaven_RFID/Amiibo,moved
sd_card_content/nfc/Amiibo/Animal_Crossing/Amiibo_Cards/Welcome_Amiibo/AC_W33_Ellie.nfc,nfc,Amiibo,Bruce-Scripts-Heaven_RFID/Amiibo,moved
sd_card_content/nfc/Amiibo/Animal_Crossing/Amiibo_Cards/Welcome_Amiibo/Murphy.nfc,nfc,Amiibo,Bruce-Scripts-Heaven_RFID/Amiibo,moved
sd_card_content/nfc/Amiibo/Animal_Crossing/Amiibo_Cards/Welcome_Amiibo/AC_W15_Rex.nfc,nfc,Amiibo,Bruce-Scripts-Heaven_RFID/Amiibo,moved
sd_card_content/nfc/Amiibo/Animal_Crossing/Amiibo_Cards/Welcome_Amiibo/Carrie.nfc,nfc,Amiibo,Bruce-Scripts-Heaven_RFID/Amiibo,moved
sd_card_content/nfc/Amiibo/Animal_Crossing/Amiibo_Cards/Welcome_Amiibo/Ike.nfc,nfc,Amiibo,Bruce-Scripts-Heaven_RFID/Amiibo,moved
sd_card_content/nfc/Amiibo/Animal_Crossing/Amiibo_Cards/Welcome_Amiibo/AC_W34_Boots.nfc,nfc,Amiibo,Bruce-Scripts-Heaven_RFID/Amiibo,moved
sd_card_content/nfc/Amiibo/Animal_Crossing/Amiibo_Cards/Welcome_Amiibo/AC_W49_Ike.nfc,nfc,Amiibo,Bruce-Scripts-Heaven_RFID/Amiibo,moved
sd_card_content/nfc/Amiibo/Animal_Crossing/Amiibo_Cards/Welcome_Amiibo/AC_W47_Buzz.nfc,nfc,Amiibo,Bruce-Scripts-Heaven_RFID/Amiibo,moved
sd_card_content/nfc/Amiibo/Animal_Crossing/Amiibo_Cards/Welcome_Amiibo/AC_W14_Ketchup.nfc,nfc,Amiibo,Bruce-Scripts-Heaven_RFID/Amiibo,moved
sd_card_content/nfc/Amiibo/Animal_Crossing/Amiibo_Cards/Welcome_Amiibo/Billy.nfc,nfc,Amiibo,Bruce-Scripts-Heaven_RFID/Amiibo,moved
sd_card_content/nfc/Amiibo/Animal_Crossing/Amiibo_Cards/Welcome_Amiibo/AC_W25_Plucky.nfc,nfc,Amiibo,Bruce-Scripts-Heaven_RFID/Amiibo,moved
sd_card_content/nfc/Amiibo/Animal_Crossing/Amiibo_Cards/Welcome_Amiibo/AC_W02_Hopkins.nfc,nfc,Amiibo,Bruce-Scripts-Heaven_RFID/Amiibo,moved
sd_card_content/nfc/Amiibo/Animal_Crossing/Amiibo_Cards/Welcome_Amiibo/Bitty.nfc,nfc,Amiibo,Bruce-Scripts-Heaven_RFID/Amiibo,moved
sd_card_content/nfc/Amiibo/Animal_Crossing/Amiibo_Cards/Welcome_Amiibo/AC_W03_June.nfc,nfc,Amiibo,Bruce-Scripts-Heaven_RFID/Amiibo,moved
sd_card_content/nfc/Amiibo/Animal_Crossing/Amiibo_Cards/Welcome_Amiibo/Paolo.nfc,nfc,Amiibo,Bruce-Scripts-Heaven_RFID/Amiibo,moved
sd_card_content/nfc/Amiibo/Animal_Crossing/Amiibo_Cards/Welcome_Amiibo/AC_W09_Huck.nfc,nfc,Amiibo,Bruce-Scripts-Heaven_RFID/Amiibo,moved
sd_card_content/nfc/Amiibo/Animal_Crossing/Amiibo_Cards/Welcome_Amiibo/AC_W35_Weber.nfc,nfc,Amiibo,Bruce-Scripts-Heaven_RFID/Amiibo,moved
sd_card_content/nfc/Amiibo/Animal_Crossing/Amiibo_Cards/Welcome_Amiibo/Sprocket.nfc,nfc,Amiibo,Bruce-Scripts-Heaven_RFID/Amiibo,moved
sd_card_content/nfc/Amiibo/Animal_Crossing/Amiibo_Cards/Welcome_Amiibo/AC_W11_Boris.nfc,nfc,Amiibo,Bruce-Scripts-Heaven_RFID/Amiibo,moved
sd_card_content/nfc/Amiibo/Animal_Crossing/Amiibo_Cards/Welcome_Amiibo/Hornsby.nfc,nfc,Amiibo,Bruce-Scripts-Heaven_RFID/Amiibo,moved
sd_card_content/nfc/Amiibo/Animal_Crossing/Amiibo_Cards/Welcome_Amiibo/AC_W26_Sandy.nfc,nfc,Amiibo,Bruce-Scripts-Heaven_RFID/Amiibo,moved
sd_card_content/nfc/Amiibo/Animal_Crossing/Amiibo_Cards/Welcome_Amiibo/Ursala.nfc,nfc,Amiibo,Bruce-Scripts-Heaven_RFID/Amiibo,moved
sd_card_content/nfc/Amiibo/Animal_Crossing/Amiibo_Cards/Welcome_Amiibo/Maggie.nfc,nfc,Amiibo,Bruce-Scripts-Heaven_RFID/Amiibo,moved
sd_card_content/nfc/Amiibo/Animal_Crossing/Amiibo_Cards/Welcome_Amiibo/AC_W13_Carrie.nfc,nfc,Amiibo,Bruce-Scripts-Heaven_RFID/Amiibo,moved
sd_card_content/nfc/Amiibo/Animal_Crossing/Amiibo_Cards/Special_Edition/Isabelle.nfc,nfc,Amiibo,Bruce-Scripts-Heaven_RFID/Amiibo,moved
sd_card_content/nfc/Amiibo/Animal_Crossing/Amiibo_Cards/Special_Edition/AC_CP2_KK_Slider.nfc,nfc,Amiibo,Bruce-Scripts-Heaven_RFID/Amiibo,moved
sd_card_content/nfc/Amiibo/Animal_Crossing/Amiibo_Cards/Special_Edition/KK_Slider.nfc,nfc,Amiibo,Bruce-Scripts-Heaven_RFID/Amiibo,moved
sd_card_content/nfc/Amiibo/Animal_Crossing/Amiibo_Cards/Special_Edition/AC_CP1_Isabelle.nfc,nfc,Amiibo,Bruce-Scripts-Heaven_RFID/Amiibo,moved
sd_card_content/nfc/Amiibo/Animal_Crossing/Amiibo_Cards/Amiibo_Festival/AC_AF2_Rosie.nfc,nfc,Amiibo,Bruce-Scripts-Heaven_RFID/Amiibo,moved
sd_card_content/nfc/Amiibo/Animal_Crossing/Amiibo_Cards/Amiibo_Festival/Rosie.nfc,nfc,Amiibo,Bruce-Scripts-Heaven_RFID/Amiibo,moved
sd_card_content/nfc/Amiibo/Animal_Crossing/Amiibo_Cards/Amiibo_Festival/AC_AF3_Goldie.nfc,nfc,Amiibo,Bruce-Scripts-Heaven_RFID/Amiibo,moved
sd_card_content/nfc/Amiibo/Animal_Crossing/Amiibo_Cards/Amiibo_Festival/Stitches.nfc,nfc,Amiibo,Bruce-Scripts-Heaven_RFID/Amiibo,moved
sd_card_content/nfc/Amiibo/Animal_Crossing/Amiibo_Cards/Amiibo_Festival/Goldie.nfc,nfc,Amiibo,Bruce-Scripts-Heaven_RFID/Amiibo,moved
sd_card_content/nfc/Amiibo/Animal_Crossing/Amiibo_Cards/Amiibo_Festival/AC_AF1_Stitches.nfc,nfc,Amiibo,Bruce-Scripts-Heaven_RFID/Amiibo,moved
sd_card_content/nfc/Amiibo/Animal_Crossing/Amiibo_Cards/Series_1/AC_049_Bonbon.nfc,nfc,Amiibo,Bruce-Scripts-Heaven_RFID/Amiibo,moved
sd_card_content/nfc/Amiibo/Animal_Crossing/Amiibo_Cards/Series_1/AC_100_Walker.nfc,nfc,Amiibo,Bruce-Scripts-Heaven_RFID/Amiibo,moved
sd_card_content/nfc/Amiibo/Animal_Crossing/Amiibo_Cards/Series_1/AC_015_Tortimer.nfc,nfc,Amiibo,Bruce-Scripts-Heaven_RFID/Amiibo,moved
sd_card_content/nfc/Amiibo/Animal_Crossing/Amiibo_Cards/Series_1/Luna.nfc,nfc,Amiibo,Bruce-Scripts-Heaven_RFID/Amiibo,moved
sd_card_content/nfc/Amiibo/Animal_Crossing/Amiibo_Cards/Series_1/AC_099_Molly.nfc,nfc,Amiibo,Bruce-Scripts-Heaven_RFID/Amiibo,moved
sd_card_content/nfc/Amiibo/Animal_Crossing/Amiibo_Cards/Series_1/AC_044_Shari.nfc,nfc,Amiibo,Bruce-Scripts-Heaven_RFID/Amiibo,moved
sd_card_content/nfc/Amiibo/Animal_Crossing/Amiibo_Cards/Series_1/AC_055_Snake.nfc,nfc,Amiibo,Bruce-Scripts-Heaven_RFID/Amiibo,moved
sd_card_content/nfc/Amiibo/Animal_Crossing/Amiibo_Cards/Series_1/Digby.nfc,nfc,Amiibo,Bruce-Scripts-Heaven_RFID/Amiibo,moved
sd_card_content/nfc/Amiibo/Animal_Crossing/Amiibo_Cards/Series_1/Isabelle.nfc,nfc,Amiibo,Bruce-Scripts-Heaven_RFID/Amiibo,moved
sd_card_content/nfc/Amiibo/Animal_Crossing/Amiibo_Cards/Series_1/Pancetti.nfc,nfc,Amiibo,Bruce-Scripts-Heaven_RFID/Amiibo,moved
sd_card_content/nfc/Amiibo/Animal_Crossing/Amiibo_Cards/Series_1/Yuka.nfc,nfc,Amiibo,Bruce-Scripts-Heaven_RFID/Amiibo,moved
sd_card_content/nfc/Amiibo/Animal_Crossing/Amiibo_Cards/Series_1/AC_036_Alli.nfc,nfc,Amiibo,Bruce-Scripts-Heaven_RFID/Amiibo,moved
sd_card_content/nfc/Amiibo/Animal_Crossing/Amiibo_Cards/Series_1/Renee.nfc,nfc,Amiibo,Bruce-Scripts-Heaven_RFID/Amiibo,moved
sd_card_content/nfc/Amiibo/Animal_Crossing/Amiibo_Cards/Series_1/AC_040_Gigi.nfc,nfc,Amiibo,Bruce-Scripts-Heaven_RFID/Amiibo,moved
sd_card_content/nfc/Amiibo/Animal_Crossing/Amiibo_Cards/Series_1/AC_024_Kyle.nfc,nfc,Amiibo,Bruce-Scripts-Heaven_RFID/Amiibo,moved
sd_card_content/nfc/Amiibo/Animal_Crossing/Amiibo_Cards/Series_1/AC_032_Bluebear.nfc,nfc,Amiibo,Bruce-Scripts-Heaven_RFID/Amiibo,moved
sd_card_content/nfc/Amiibo/Animal_Crossing/Amiibo_Cards/Series_1/Roald.nfc,nfc,Amiibo,Bruce-Scripts-Heaven_RFID/Amiibo,moved
sd_card_content/nfc/Amiibo/Animal_Crossing/Amiibo_Cards/Series_1/AC_028_Jambette.nfc,nfc,Amiibo,Bruce-Scripts-Heaven_RFID/Amiibo,moved
sd_card_content/nfc/Amiibo/Animal_Crossing/Amiibo_Cards/Series_1/Clay.nfc,nfc,Amiibo,Bruce-Scripts-Heaven_RFID/Amiibo,moved
sd_card_content/nfc/Amiibo/Animal_Crossing/Amiibo_Cards/Series_1/Curt.nfc,nfc,Amiibo,Bruce-Scripts-Heaven_RFID/Amiibo,moved
sd_card_content/nfc/Amiibo/Animal_Crossing/Amiibo_Cards/Series_1/AC_083_Annalisa.nfc,nfc,Amiibo,Bruce-Scripts-Heaven_RFID/Amiibo,moved
sd_card_content/nfc/Amiibo/Animal_Crossing/Amiibo_Cards/Series_1/AC_020_Curt.nfc,nfc,Amiibo,Bruce-Scripts-Heaven_RFID/Amiibo,moved
sd_card_content/nfc/Amiibo/Animal_Crossing/Amiibo_Cards/Series_1/Cherry.nfc,nfc,Amiibo,Bruce-Scripts-Heaven_RFID/Amiibo,moved
sd_card_content/nfc/Amiibo/Animal_Crossing/Amiibo_Cards/Series_1/Poppy.nfc,nfc,Amiibo,Bruce-Scripts-Heaven_RFID/Amiibo,moved
sd_card_content/nfc/Amiibo/Animal_Crossing/Amiibo_Cards/Series_1/Midge.nfc,nfc,Amiibo,Bruce-Scripts-Heaven_RFID/Amiibo,moved
sd_card_content/nfc/Amiibo/Animal_Crossing/Amiibo_Cards/Series_1/Knox.nfc,nfc,Amiibo,Bruce-Scripts-Heaven_RFID/Amiibo,moved
sd_card_content/nfc/Amiibo/Animal_Crossing/Amiibo_Cards/Series_1/Deena.nfc,nfc,Amiibo,Bruce-Scripts-Heaven_RFID/Amiibo,moved
sd_card_content/nfc/Amiibo/Animal_Crossing/Amiibo_Cards/Series_1/AC_089_Diana.nfc,nfc,Amiibo,Bruce-Scripts-Heaven_RFID/Amiibo,moved
sd_card_content/nfc/Amiibo/Animal_Crossing/Amiibo_Cards/Series_1/Rosco.nfc,nfc,Amiibo,Bruce-Scripts-Heaven_RFID/Amiibo,moved
sd_card_content/nfc/Amiibo/Animal_Crossing/Amiibo_Cards/Series_1/AC_038_Patty.nfc,nfc,Amiibo,Bruce-Scripts-Heaven_RFID/Amiibo,moved
sd_card_content/nfc/Amiibo/Animal_Crossing/Amiibo_Cards/Series_1/AC_005_Kappn.nfc,nfc,Amiibo,Bruce-Scripts-Heaven_RFID/Amiibo,moved
sd_card_content/nfc/Amiibo/Animal_Crossing/Amiibo_Cards/Series_1/AC_078_Roscoe.nfc,nfc,Amiibo,Bruce-Scripts-Heaven_RFID/Amiibo,moved
sd_card_content/nfc/Amiibo/Animal_Crossing/Amiibo_Cards/Series_1/Annalisa.nfc,nfc,Amiibo,Bruce-Scripts-Heaven_RFID/Amiibo,moved
sd_card_content/nfc/Amiibo/Animal_Crossing/Amiibo_Cards/Series_1/Quillson.nfc,nfc,Amiibo,Bruce-Scripts-Heaven_RFID/Amiibo,moved
sd_card_content/nfc/Amiibo/Animal_Crossing/Amiibo_Cards/Series_1/AC_048_Sterling.nfc,nfc,Amiibo,Bruce-Scripts-Heaven_RFID/Amiibo,moved
sd_card_content/nfc/Amiibo/Animal_Crossing/Amiibo_Cards/Series_1/AC_097_Willow.nfc,nfc,Amiibo,Bruce-Scripts-Heaven_RFID/Amiibo,moved
sd_card_content/nfc/Amiibo/Animal_Crossing/Amiibo_Cards/Series_1/AC_046_Winnie.nfc,nfc,Amiibo,Bruce-Scripts-Heaven_RFID/Amiibo,moved
sd_card_content/nfc/Amiibo/Animal_Crossing/Amiibo_Cards/Series_1/AC_021_Portia.nfc,nfc,Amiibo,Bruce-Scripts-Heaven_RFID/Amiibo,moved
sd_card_content/nfc/Amiibo/Animal_Crossing/Amiibo_Cards/Series_1/Al.nfc,nfc,Amiibo,Bruce-Scripts-Heaven_RFID/Amiibo,moved
sd_card_content/nfc/Amiibo/Animal_Crossing/Amiibo_Cards/Series_1/Tutu.nfc,nfc,Amiibo,Bruce-Scripts-Heaven_RFID/Amiibo,moved
sd_card_content/nfc/Amiibo/Animal_Crossing/Amiibo_Cards/Series_1/AC_017_Lottie.nfc,nfc,Amiibo,Bruce-Scripts-Heaven_RFID/Amiibo,moved
sd_card_content/nfc/Amiibo/Animal_Crossing/Amiibo_Cards/Series_1/AC_025_Al.nfc,nfc,Amiibo,Bruce-Scripts-Heaven_RFID/Amiibo,moved
sd_card_content/nfc/Amiibo/Animal_Crossing/Amiibo_Cards/Series_1/AC_012_Redd.nfc,nfc,Amiibo,Bruce-Scripts-Heaven_RFID/Amiibo,moved
sd_card_content/nfc/Amiibo/Animal_Crossing/Amiibo_Cards/Series_1/Joan.nfc,nfc,Amiibo,Bruce-Scripts-Heaven_RFID/Amiibo,moved
sd_card_content/nfc/Amiibo/Animal_Crossing/Amiibo_Cards/Series_1/Flurry.nfc,nfc,Amiibo,Bruce-Scripts-Heaven_RFID/Amiibo,moved
sd_card_content/nfc/Amiibo/Animal_Crossing/Amiibo_Cards/Series_1/AC_029_Rasher.nfc,nfc,Amiibo,Bruce-Scripts-Heaven_RFID/Amiibo,moved
sd_card_content/nfc/Amiibo/Animal_Crossing/Amiibo_Cards/Series_1/AC_008_Timmy.nfc,nfc,Amiibo,Bruce-Scripts-Heaven_RFID/Amiibo,moved
sd_card_content/nfc/Amiibo/Animal_Crossing/Amiibo_Cards/Series_1/Benjamin.nfc,nfc,Amiibo,Bruce-Scripts-Heaven_RFID/Amiibo,moved
sd_card_content/nfc/Amiibo/Animal_Crossing/Amiibo_Cards/Series_1/AC_074_Cobb.nfc,nfc,Amiibo,Bruce-Scripts-Heaven_RFID/Amiibo,moved
sd_card_content/nfc/Amiibo/Animal_Crossing/Amiibo_Cards/Series_1/AC_062_TBone.nfc,nfc,Amiibo,Bruce-Scripts-Heaven_RFID/Amiibo,moved
sd_card_content/nfc/Amiibo/Animal_Crossing/Amiibo_Cards/Series_1/Lopez.nfc,nfc,Amiibo,Bruce-Scripts-Heaven_RFID/Amiibo,moved
sd_card_content/nfc/Amiibo/Animal_Crossing/Amiibo_Cards/Series_1/Bill.nfc,nfc,Amiibo,Bruce-Scripts-Heaven_RFID/Amiibo,moved
sd_card_content/nfc/Amiibo/Animal_Crossing/Amiibo_Cards/Series_1/Henry.nfc,nfc,Amiibo,Bruce-Scripts-Heaven_RFID/Amiibo,moved
sd_card_content/nfc/Amiibo/Animal_Crossing/Amiibo_Cards/Series_1/Diana.nfc,nfc,Amiibo,Bruce-Scripts-Heaven_RFID/Amiibo,moved
sd_card_content/nfc/Amiibo/Animal_Crossing/Amiibo_Cards/Series_1/AC_064_Pudge.nfc,nfc,Amiibo,Bruce-Scripts-Heaven_RFID/Amiibo,moved
sd_card_content/nfc/Amiibo/Animal_Crossing/Amiibo_Cards/Series_1/Opal.nfc,nfc,Amiibo,Bruce-Scripts-Heaven_RFID/Amiibo,moved
sd_card_content/nfc/Amiibo/Animal_Crossing/Amiibo_Cards/Series_1/Lyle.nfc,nfc,Amiibo,Bruce-Scripts-Heaven_RFID/Amiibo,moved
sd_card_content/nfc/Amiibo/Animal_Crossing/Amiibo_Cards/Series_1/AC_065_Midge.nfc,nfc,Amiibo,Bruce-Scripts-Heaven_RFID/Amiibo,moved
sd_card_content/nfc/Amiibo/Animal_Crossing/Amiibo_Cards/Series_1/Muffy.nfc,nfc,Amiibo,Bruce-Scripts-Heaven_RFID/Amiibo,moved
sd_card_content/nfc/Amiibo/Animal_Crossing/Amiibo_Cards/Series_1/AC_079_Truffles.nfc,nfc,Amiibo,Bruce-Scripts-Heaven_RFID/Amiibo,moved
sd_card_content/nfc/Amiibo/Animal_Crossing/Amiibo_Cards/Series_1/Bob.nfc,nfc,Amiibo,Bruce-Scripts-Heaven_RFID/Amiibo,moved
sd_card_content/nfc/Amiibo/Animal_Crossing/Amiibo_Cards/Series_1/AC_001_Isabelle.nfc,nfc,Amiibo,Bruce-Scripts-Heaven_RFID/Amiibo,moved
sd_card_content/nfc/Amiibo/Animal_Crossing/Amiibo_Cards/Series_1/Cobb.nfc,nfc,Amiibo,Bruce-Scripts-Heaven_RFID/Amiibo,moved
sd_card_content/nfc/Amiibo/Animal_Crossing/Amiibo_Cards/Series_1/Mint.nfc,nfc,Amiibo,Bruce-Scripts-Heaven_RFID/Amiibo,moved
sd_card_content/nfc/Amiibo/Animal_Crossing/Amiibo_Cards/Series_1/AC_016_Lyle.nfc,nfc,Amiibo,Bruce-Scripts-Heaven_RFID/Amiibo,moved
sd_card_content/nfc/Amiibo/Animal_Crossing/Amiibo_Cards/Series_1/AC_090_Axel.nfc,nfc,Amiibo,Bruce-Scripts-Heaven_RFID/Amiibo,moved
sd_card_content/nfc/Amiibo/Animal_Crossing/Amiibo_Cards/Series_1/Eunice.nfc,nfc,Amiibo,Bruce-Scripts-Heaven_RFID/Amiibo,moved
sd_card_content/nfc/Amiibo/Animal_Crossing/Amiibo_Cards/Series_1/AC_095_Peanut.nfc,nfc,Amiibo,Bruce-Scripts-Heaven_RFID/Amiibo,moved
sd_card_content/nfc/Amiibo/Animal_Crossing/Amiibo_Cards/Series_1/Sahara.nfc,nfc,Amiibo,Bruce-Scripts-Heaven_RFID/Amiibo,moved
sd_card_content/nfc/Amiibo/Animal_Crossing/Amiibo_Cards/Series_1/Nate.nfc,nfc,Amiibo,Bruce-Scripts-Heaven_RFID/Amiibo,moved
sd_card_content/nfc/Amiibo/Animal_Crossing/Amiibo_Cards/Series_1/AC_003_DJ_KK.nfc,nfc,Amiibo,Bruce-Scripts-Heaven_RFID/Amiibo,moved
sd_card_content/nfc/Amiibo/Animal_Crossing/Amiibo_Cards/Series_1/AC_067_Flurry.nfc,nfc,Amiibo,Bruce-Scripts-Heaven_RFID/Amiibo,moved
sd_card_content/nfc/Amiibo/Animal_Crossing/Amiibo_Cards/Series_1/Bertha.nfc,nfc,Amiibo,Bruce-Scripts-Heaven_RFID/Amiibo,moved
sd_card_content/nfc/Amiibo/Animal_Crossing/Amiibo_Cards/Series_1/Cheri.nfc,nfc,Amiibo,Bruce-Scripts-Heaven_RFID/Amiibo,moved
sd_card_content/nfc/Amiibo/Animal_Crossing/Amiibo_Cards/Series_1/Portia.nfc,nfc,Amiibo,Bruce-Scripts-Heaven_RFID/Amiibo,moved
sd_card_content/nfc/Amiibo/Animal_Crossing/Amiibo_Cards/Series_1/Amelia.nfc,nfc,Amiibo,Bruce-Scripts-Heaven_RFID/Amiibo,moved
sd_card_content/nfc/Amiibo/Animal_Crossing/Amiibo_Cards/Series_1/AC_054_Deena.nfc,nfc,Amiibo,Bruce-Scripts-Heaven_RFID/Amiibo,moved
sd_card_content/nfc/Amiibo/Animal_Crossing/Amiibo_Cards/Series_1/Samson.nfc,nfc,Amiibo,Bruce-Scripts-Heaven_RFID/Amiibo,moved
sd_card_content/nfc/Amiibo/Animal_Crossing/Amiibo_Cards/Series_1/AC_018_Bob.nfc,nfc,Amiibo,Bruce-Scripts-Heaven_RFID/Amiibo,moved
sd_card_content/nfc/Amiibo/Animal_Crossing/Amiibo_Cards/Series_1/AC_084_Benjamin.nfc,nfc,Amiibo,Bruce-Scripts-Heaven_RFID/Amiibo,moved
sd_card_content/nfc/Amiibo/Animal_Crossing/Amiibo_Cards/Series_1/AC_087_Bunnie.nfc,nfc,Amiibo,Bruce-Scripts-Heaven_RFID/Amiibo,moved
sd_card_content/nfc/Amiibo/Animal_Crossing/Amiibo_Cards/Series_1/AC_051_Opal.nfc,nfc,Amiibo,Bruce-Scripts-Heaven_RFID/Amiibo,moved
sd_card_content/nfc/Amiibo/Animal_Crossing/Amiibo_Cards/Series_1/Peanut.nfc,nfc,Amiibo,Bruce-Scripts-Heaven_RFID/Amiibo,moved
sd_card_content/nfc/Amiibo/Animal_Crossing/Amiibo_Cards/Series_1/Tiffany.nfc,nfc,Amiibo,Bruce-Scripts-Heaven_RFID/Amiibo,moved
sd_card_content/nfc/Amiibo/Animal_Crossing/Amiibo_Cards/Series_1/Flo.nfc,nfc,Amiibo,Bruce-Scripts-Heaven_RFID/Amiibo,moved
sd_card_content/nfc/Amiibo/Animal_Crossing/Amiibo_Cards/Series_1/Axel.nfc,nfc,Amiibo,Bruce-Scripts-Heaven_RFID/Amiibo,moved
sd_card_content/nfc/Amiibo/Animal_Crossing/Amiibo_Cards/Series_1/Kyle.nfc,nfc,Amiibo,Bruce-Scripts-Heaven_RFID/Amiibo,moved
sd_card_content/nfc/Amiibo/Animal_Crossing/Amiibo_Cards/Series_1/AC_037_Kabuki.nfc,nfc,Amiibo,Bruce-Scripts-Heaven_RFID/Amiibo,moved
sd_card_content/nfc/Amiibo/Animal_Crossing/Amiibo_Cards/Series_1/Cole.nfc,nfc,Amiibo,Bruce-Scripts-Heaven_RFID/Amiibo,moved
sd_card_content/nfc/Amiibo/Animal_Crossing/Amiibo_Cards/Series_1/AC_006_Resetti.nfc,nfc,Amiibo,Bruce-Scripts-Heaven_RFID/Amiibo,moved
sd_card_content/nfc/Amiibo/Animal_Crossing/Amiibo_Cards/Series_1/AC_047_Knox.nfc,nfc,Amiibo,Bruce-Scripts-Heaven_RFID/Amiibo,moved
sd_card_content/nfc/Amiibo/Animal_Crossing/Amiibo_Cards/Series_1/Tom_Nook.nfc,nfc,Amiibo,Bruce-Scripts-Heaven_RFID/Amiibo,moved
sd_card_content/nfc/Amiibo/Animal_Crossing/Amiibo_Cards/Series_1/AC_071_Yuka.nfc,nfc,Amiibo,Bruce-Scripts-Heaven_RFID/Amiibo,moved
sd_card_content/nfc/Amiibo/Animal_Crossing/Amiibo_Cards/Series_1/DJ_KK.nfc,nfc,Amiibo,Bruce-Scripts-Heaven_RFID/Amiibo,moved
sd_card_content/nfc/Amiibo/Animal_Crossing/Amiibo_Cards/Series_1/AC_077_Cherry.nfc,nfc,Amiibo,Bruce-Scripts-Heaven_RFID/Amiibo,moved
sd_card_content/nfc/Amiibo/Animal_Crossing/Amiibo_Cards/Series_1/Redd.nfc,nfc,Amiibo,Bruce-Scripts-Heaven_RFID/Amiibo,moved
sd_card_content/nfc/Amiibo/Animal_Crossing/Amiibo_Cards/Series_1/Goose.nfc,nfc,Amiibo,Bruce-Scripts-Heaven_RFID/Amiibo,moved
sd_card_content/nfc/Amiibo/Animal_Crossing/Amiibo_Cards/Series_1/AC_033_Bill.nfc,nfc,Amiibo,Bruce-Scripts-Heaven_RFID/Amiibo,moved
sd_card_content/nfc/Amiibo/Animal_Crossing/Amiibo_Cards/Series_1/AC_085_Pancetti.nfc,nfc,Amiibo,Bruce-Scripts-Heaven_RFID/Amiibo,moved
sd_card_content/nfc/Amiibo/Animal_Crossing/Amiibo_Cards/Series_1/AC_042_Marcie.nfc,nfc,Amiibo,Bruce-Scripts-Heaven_RFID/Amiibo,moved
sd_card_content/nfc/Amiibo/Animal_Crossing/Amiibo_Cards/Series_1/AC_093_Bertha.nfc,nfc,Amiibo,Bruce-Scripts-Heaven_RFID/Amiibo,moved
sd_card_content/nfc/Amiibo/Animal_Crossing/Amiibo_Cards/Series_1/AC_026_Renee.nfc,nfc,Amiibo,Bruce-Scripts-Heaven_RFID/Amiibo,moved
sd_card_content/nfc/Amiibo/Animal_Crossing/Amiibo_Cards/Series_1/Tortimer.nfc,nfc,Amiibo,Bruce-Scripts-Heaven_RFID/Amiibo,moved
sd_card_content/nfc/Amiibo/Animal_Crossing/Amiibo_Cards/Series_1/Deli.nfc,nfc,Amiibo,Bruce-Scripts-Heaven_RFID/Amiibo,moved
sd_card_content/nfc/Amiibo/Animal_Crossing/Amiibo_Cards/Series_1/AC_050_Punchy.nfc,nfc,Amiibo,Bruce-Scripts-Heaven_RFID/Amiibo,moved
sd_card_content/nfc/Amiibo/Animal_Crossing/Amiibo_Cards/Series_1/Patty.nfc,nfc,Amiibo,Bruce-Scripts-Heaven_RFID/Amiibo,moved
sd_card_content/nfc/Amiibo/Animal_Crossing/Amiibo_Cards/Series_1/AC_082_Goose.nfc,nfc,Amiibo,Bruce-Scripts-Heaven_RFID/Amiibo,moved
sd_card_content/nfc/Amiibo/Animal_Crossing/Amiibo_Cards/Series_1/AC_091_Muffy.nfc,nfc,Amiibo,Bruce-Scripts-Heaven_RFID/Amiibo,moved
sd_card_content/nfc/Amiibo/Animal_Crossing/Amiibo_Cards/Series_1/Lottie.nfc,nfc,Amiibo,Bruce-Scripts-Heaven_RFID/Amiibo,moved
sd_card_content/nfc/Amiibo/Animal_Crossing/Amiibo_Cards/Series_1/Cyrano.nfc,nfc,Amiibo,Bruce-Scripts-Heaven_RFID/Amiibo,moved
sd_card_content/nfc/Amiibo/Animal_Crossing/Amiibo_Cards/Series_1/Timmy.nfc,nfc,Amiibo,Bruce-Scripts-Heaven_RFID/Amiibo,moved
sd_card_content/nfc/Amiibo/Animal_Crossing/Amiibo_Cards/Series_1/Kabuki.nfc,nfc,Amiibo,Bruce-Scripts-Heaven_RFID/Amiibo,moved
sd_card_content/nfc/Amiibo/Animal_Crossing/Amiibo_Cards/Series_1/Phil.nfc,nfc,Amiibo,Bruce-Scripts-Heaven_RFID/Amiibo,moved
sd_card_content/nfc/Amiibo/Animal_Crossing/Amiibo_Cards/Series_1/Gigi.nfc,nfc,Amiibo,Bruce-Scripts-Heaven_RFID/Amiibo,moved
sd_card_content/nfc/Amiibo/Animal_Crossing/Amiibo_Cards/Series_1/AC_023_Cheri.nfc,nfc,Amiibo,Bruce-Scripts-Heaven_RFID/Amiibo,moved
sd_card_content/nfc/Amiibo/Animal_Crossing/Amiibo_Cards/Series_1/Bluebear.nfc,nfc,Amiibo,Bruce-Scripts-Heaven_RFID/Amiibo,moved
sd_card_content/nfc/Amiibo/Animal_Crossing/Amiibo_Cards/Series_1/AC_022_Leonardo.nfc,nfc,Amiibo,Bruce-Scripts-Heaven_RFID/Amiibo,moved
sd_card_content/nfc/Amiibo/Animal_Crossing/Amiibo_Cards/Series_1/AC_045_Octavian.nfc,nfc,Amiibo,Bruce-Scripts-Heaven_RFID/Amiibo,moved
sd_card_content/nfc/Amiibo/Animal_Crossing/Amiibo_Cards/Series_1/Bunnie.nfc,nfc,Amiibo,Bruce-Scripts-Heaven_RFID/Amiibo,moved
sd_card_content/nfc/Amiibo/Animal_Crossing/Amiibo_Cards/Series_1/T-Bone.nfc,nfc,Amiibo,Bruce-Scripts-Heaven_RFID/Amiibo,moved
sd_card_content/nfc/Amiibo/Animal_Crossing/Amiibo_Cards/Series_1/Sable.nfc,nfc,Amiibo,Bruce-Scripts-Heaven_RFID/Amiibo,moved
sd_card_content/nfc/Amiibo/Animal_Crossing/Amiibo_Cards/Series_1/Resetti.nfc,nfc,Amiibo,Bruce-Scripts-Heaven_RFID/Amiibo,moved
sd_card_content/nfc/Amiibo/Animal_Crossing/Amiibo_Cards/Series_1/AC_066_Gruff.nfc,nfc,Amiibo,Bruce-Scripts-Heaven_RFID/Amiibo,moved
sd_card_content/nfc/Amiibo/Animal_Crossing/Amiibo_Cards/Series_1/AC_057_Phil.nfc,nfc,Amiibo,Bruce-Scripts-Heaven_RFID/Amiibo,moved
sd_card_content/nfc/Amiibo/Animal_Crossing/Amiibo_Cards/Series_1/AC_011_Harriet.nfc,nfc,Amiibo,Bruce-Scripts-Heaven_RFID/Amiibo,moved
sd_card_content/nfc/Amiibo/Animal_Crossing/Amiibo_Cards/Series_1/AC_069_Bella.nfc,nfc,Amiibo,Bruce-Scripts-Heaven_RFID/Amiibo,moved
sd_card_content/nfc/Amiibo/Animal_Crossing/Amiibo_Cards/Series_1/Snake.nfc,nfc,Amiibo,Bruce-Scripts-Heaven_RFID/Amiibo,moved
sd_card_content/nfc/Amiibo/Animal_Crossing/Amiibo_Cards/Series_1/AC_061_Tutu.nfc,nfc,Amiibo,Bruce-Scripts-Heaven_RFID/Amiibo,moved
sd_card_content/nfc/Amiibo/Animal_Crossing/Amiibo_Cards/Series_1/Truffles.nfc,nfc,Amiibo,Bruce-Scripts-Heaven_RFID/Amiibo,moved
sd_card_content/nfc/Amiibo/Animal_Crossing/Amiibo_Cards/Series_1/AC_014_Luna.nfc,nfc,Amiibo,Bruce-Scripts-Heaven_RFID/Amiibo,moved
sd_card_content/nfc/Amiibo/Animal_Crossing/Amiibo_Cards/Series_1/AC_059_Nate.nfc,nfc,Amiibo,Bruce-Scripts-Heaven_RFID/Amiibo,moved
sd_card_content/nfc/Amiibo/Animal_Crossing/Amiibo_Cards/Series_1/AC_052_Poppy.nfc,nfc,Amiibo,Bruce-Scripts-Heaven_RFID/Amiibo,moved
sd_card_content/nfc/Amiibo/Animal_Crossing/Amiibo_Cards/Series_1/AC_058_Monique.nfc,nfc,Amiibo,Bruce-Scripts-Heaven_RFID/Amiibo,moved
sd_card_content/nfc/Amiibo/Animal_Crossing/Amiibo_Cards/Series_1/AC_030_Tiffany.nfc,nfc,Amiibo,Bruce-Scripts-Heaven_RFID/Amiibo,moved
sd_card_content/nfc/Amiibo/Animal_Crossing/Amiibo_Cards/Series_1/AC_086_Chief.nfc,nfc,Amiibo,Bruce-Scripts-Heaven_RFID/Amiibo,moved
sd_card_content/nfc/Amiibo/Animal_Crossing/Amiibo_Cards/Series_1/AC_027_Lopez.nfc,nfc,Amiibo,Bruce-Scripts-Heaven_RFID/Amiibo,moved
sd_card_content/nfc/Amiibo/Animal_Crossing/Amiibo_Cards/Series_1/Puck.nfc,nfc,Amiibo,Bruce-Scripts-Heaven_RFID/Amiibo,moved
sd_card_content/nfc/Amiibo/Animal_Crossing/Amiibo_Cards/Series_1/Kappn.nfc,nfc,Amiibo,Bruce-Scripts-Heaven_RFID/Amiibo,moved
sd_card_content/nfc/Amiibo/Animal_Crossing/Amiibo_Cards/Series_1/Sterling.nfc,nfc,Amiibo,Bruce-Scripts-Heaven_RFID/Amiibo,moved
sd_card_content/nfc/Amiibo/Animal_Crossing/Amiibo_Cards/Series_1/Walker.nfc,nfc,Amiibo,Bruce-Scripts-Heaven_RFID/Amiibo,moved
sd_card_content/nfc/Amiibo/Animal_Crossing/Amiibo_Cards/Series_1/Bangle.nfc,nfc,Amiibo,Bruce-Scripts-Heaven_RFID/Amiibo,moved
sd_card_content/nfc/Amiibo/Animal_Crossing/Amiibo_Cards/Series_1/Lionel.nfc,nfc,Amiibo,Bruce-Scripts-Heaven_RFID/Amiibo,moved
sd_card_content/nfc/Amiibo/Animal_Crossing/Amiibo_Cards/Series_1/AC_034_Kiki.nfc,nfc,Amiibo,Bruce-Scripts-Heaven_RFID/Amiibo,moved
sd_card_content/nfc/Amiibo/Animal_Crossing/Amiibo_Cards/Series_1/Fauna.nfc,nfc,Amiibo,Bruce-Scripts-Heaven_RFID/Amiibo,moved
sd_card_content/nfc/Amiibo/Animal_Crossing/Amiibo_Cards/Series_1/Alli.nfc,nfc,Amiibo,Bruce-Scripts-Heaven_RFID/Amiibo,moved
sd_card_content/nfc/Amiibo/Animal_Crossing/Amiibo_Cards/Series_1/Molly.nfc,nfc,Amiibo,Bruce-Scripts-Heaven_RFID/Amiibo,moved
sd_card_content/nfc/Amiibo/Animal_Crossing/Amiibo_Cards/Series_1/AC_035_Deli.nfc,nfc,Amiibo,Bruce-Scripts-Heaven_RFID/Amiibo,moved
sd_card_content/nfc/Amiibo/Animal_Crossing/Amiibo_Cards/Series_1/AC_080_Eugene.nfc,nfc,Amiibo,Bruce-Scripts-Heaven_RFID/Amiibo,moved
sd_card_content/nfc/Amiibo/Animal_Crossing/Amiibo_Cards/Series_1/Limberg.nfc,nfc,Amiibo,Bruce-Scripts-Heaven_RFID/Amiibo,moved
sd_card_content/nfc/Amiibo/Animal_Crossing/Amiibo_Cards/Series_1/Punchy.nfc,nfc,Amiibo,Bruce-Scripts-Heaven_RFID/Amiibo,moved
sd_card_content/nfc/Amiibo/Animal_Crossing/Amiibo_Cards/Series_1/AC_075_Amelia.nfc,nfc,Amiibo,Bruce-Scripts-Heaven_RFID/Amiibo,moved
sd_card_content/nfc/Amiibo/Animal_Crossing/Amiibo_Cards/Series_1/Eugene.nfc,nfc,Amiibo,Bruce-Scripts-Heaven_RFID/Amiibo,moved
sd_card_content/nfc/Amiibo/Animal_Crossing/Amiibo_Cards/Series_1/Harriet.nfc,nfc,Amiibo,Bruce-Scripts-Heaven_RFID/Amiibo,moved
sd_card_content/nfc/Amiibo/Animal_Crossing/Amiibo_Cards/Series_1/Pudge.nfc,nfc,Amiibo,Bruce-Scripts-Heaven_RFID/Amiibo,moved
sd_card_content/nfc/Amiibo/Animal_Crossing/Amiibo_Cards/Series_1/Marcie.nfc,nfc,Amiibo,Bruce-Scripts-Heaven_RFID/Amiibo,moved
sd_card_content/nfc/Amiibo/Animal_Crossing/Amiibo_Cards/Series_1/AC_010_Pascal.nfc,nfc,Amiibo,Bruce-Scripts-Heaven_RFID/Amiibo,moved
sd_card_content/nfc/Amiibo/Animal_Crossing/Amiibo_Cards/Series_1/AC_094_Cyrano.nfc,nfc,Amiibo,Bruce-Scripts-Heaven_RFID/Amiibo,moved
sd_card_content/nfc/Amiibo/Animal_Crossing/Amiibo_Cards/Series_1/Bonbon.nfc,nfc,Amiibo,Bruce-Scripts-Heaven_RFID/Amiibo,moved
sd_card_content/nfc/Amiibo/Animal_Crossing/Amiibo_Cards/Series_1/AC_002_Tom_Nook.nfc,nfc,Amiibo,Bruce-Scripts-Heaven_RFID/Amiibo,moved
sd_card_content/nfc/Amiibo/Animal_Crossing/Amiibo_Cards/Series_1/AC_068_Clyde.nfc,nfc,Amiibo,Bruce-Scripts-Heaven_RFID/Amiibo,moved
sd_card_content/nfc/Amiibo/Animal_Crossing/Amiibo_Cards/Series_1/Monique.nfc,nfc,Amiibo,Bruce-Scripts-Heaven_RFID/Amiibo,moved
sd_card_content/nfc/Amiibo/Animal_Crossing/Amiibo_Cards/Series_1/AC_096_Cole.nfc,nfc,Amiibo,Bruce-Scripts-Heaven_RFID/Amiibo,moved
sd_card_content/nfc/Amiibo/Animal_Crossing/Amiibo_Cards/Series_1/Octavian.nfc,nfc,Amiibo,Bruce-Scripts-Heaven_RFID/Amiibo,moved
sd_card_content/nfc/Amiibo/Animal_Crossing/Amiibo_Cards/Series_1/Bella.nfc,nfc,Amiibo,Bruce-Scripts-Heaven_RFID/Amiibo,moved
sd_card_content/nfc/Amiibo/Animal_Crossing/Amiibo_Cards/Series_1/AC_007_Joan.nfc,nfc,Amiibo,Bruce-Scripts-Heaven_RFID/Amiibo,moved
sd_card_content/nfc/Amiibo/Animal_Crossing/Amiibo_Cards/Series_1/AC_073_Flo.nfc,nfc,Amiibo,Bruce-Scripts-Heaven_RFID/Amiibo,moved
sd_card_content/nfc/Amiibo/Animal_Crossing/Amiibo_Cards/Series_1/AC_004_Sable.nfc,nfc,Amiibo,Bruce-Scripts-Heaven_RFID/Amiibo,moved
sd_card_content/nfc/Amiibo/Animal_Crossing/Amiibo_Cards/Series_1/AC_053_Limberg.nfc,nfc,Amiibo,Bruce-Scripts-Heaven_RFID/Amiibo,moved
sd_card_content/nfc/Amiibo/Animal_Crossing/Amiibo_Cards/Series_1/Gruff.nfc,nfc,Amiibo,Bruce-Scripts-Heaven_RFID/Amiibo,moved
sd_card_content/nfc/Amiibo/Animal_Crossing/Amiibo_Cards/Series_1/Rasher.nfc,nfc,Amiibo,Bruce-Scripts-Heaven_RFID/Amiibo,moved
sd_card_content/nfc/Amiibo/Animal_Crossing/Amiibo_Cards/Series_1/AC_056_Bangle.nfc,nfc,Amiibo,Bruce-Scripts-Heaven_RFID/Amiibo,moved
sd_card_content/nfc/Amiibo/Animal_Crossing/Amiibo_Cards/Series_1/Jitters.nfc,nfc,Amiibo,Bruce-Scripts-Heaven_RFID/Amiibo,moved
sd_card_content/nfc/Amiibo/Animal_Crossing/Amiibo_Cards/Series_1/AC_072_Lionel.nfc,nfc,Amiibo,Bruce-Scripts-Heaven_RFID/Amiibo,moved
sd_card_content/nfc/Amiibo/Animal_Crossing/Amiibo_Cards/Series_1/Biff.nfc,nfc,Amiibo,Bruce-Scripts-Heaven_RFID/Amiibo,moved
sd_card_content/nfc/Amiibo/Animal_Crossing/Amiibo_Cards/Series_1/AC_039_Jitters.nfc,nfc,Amiibo,Bruce-Scripts-Heaven_RFID/Amiibo,moved
sd_card_content/nfc/Amiibo/Animal_Crossing/Amiibo_Cards/Series_1/AC_081_Eunice.nfc,nfc,Amiibo,Bruce-Scripts-Heaven_RFID/Amiibo,moved
sd_card_content/nfc/Amiibo/Animal_Crossing/Amiibo_Cards/Series_1/AC_009_Digby.nfc,nfc,Amiibo,Bruce-Scripts-Heaven_RFID/Amiibo,moved
sd_card_content/nfc/Amiibo/Animal_Crossing/Amiibo_Cards/Series_1/Chief.nfc,nfc,Amiibo,Bruce-Scripts-Heaven_RFID/Amiibo,moved
sd_card_content/nfc/Amiibo/Animal_Crossing/Amiibo_Cards/Series_1/AC_092_Henry.nfc,nfc,Amiibo,Bruce-Scripts-Heaven_RFID/Amiibo,moved
sd_card_content/nfc/Amiibo/Animal_Crossing/Amiibo_Cards/Series_1/Pascal.nfc,nfc,Amiibo,Bruce-Scripts-Heaven_RFID/Amiibo,moved
sd_card_content/nfc/Amiibo/Animal_Crossing/Amiibo_Cards/Series_1/Winnie.nfc,nfc,Amiibo,Bruce-Scripts-Heaven_RFID/Amiibo,moved
sd_card_content/nfc/Amiibo/Animal_Crossing/Amiibo_Cards/Series_1/AC_076_Jeramiah.nfc,nfc,Amiibo,Bruce-Scripts-Heaven_RFID/Amiibo,moved
sd_card_content/nfc/Amiibo/Animal_Crossing/Amiibo_Cards/Series_1/Jambette.nfc,nfc,Amiibo,Bruce-Scripts-Heaven_RFID/Amiibo,moved
sd_card_content/nfc/Amiibo/Animal_Crossing/Amiibo_Cards/Series_1/AC_060_Samson.nfc,nfc,Amiibo,Bruce-Scripts-Heaven_RFID/Amiibo,moved
sd_card_content/nfc/Amiibo/Animal_Crossing/Amiibo_Cards/Series_1/AC_019_Fauna.nfc,nfc,Amiibo,Bruce-Scripts-Heaven_RFID/Amiibo,moved
sd_card_content/nfc/Amiibo/Animal_Crossing/Amiibo_Cards/Series_1/Leonardo.nfc,nfc,Amiibo,Bruce-Scripts-Heaven_RFID/Amiibo,moved
sd_card_content/nfc/Amiibo/Animal_Crossing/Amiibo_Cards/Series_1/Shari.nfc,nfc,Amiibo,Bruce-Scripts-Heaven_RFID/Amiibo,moved
sd_card_content/nfc/Amiibo/Animal_Crossing/Amiibo_Cards/Series_1/AC_043_Puck.nfc,nfc,Amiibo,Bruce-Scripts-Heaven_RFID/Amiibo,moved
sd_card_content/nfc/Amiibo/Animal_Crossing/Amiibo_Cards/Series_1/AC_098_Roald.nfc,nfc,Amiibo,Bruce-Scripts-Heaven_RFID/Amiibo,moved
sd_card_content/nfc/Amiibo/Animal_Crossing/Amiibo_Cards/Series_1/Willow.nfc,nfc,Amiibo,Bruce-Scripts-Heaven_RFID/Amiibo,moved
sd_card_content/nfc/Amiibo/Animal_Crossing/Amiibo_Cards/Series_1/AC_041_Quillson.nfc,nfc,Amiibo,Bruce-Scripts-Heaven_RFID/Amiibo,moved
sd_card_content/nfc/Amiibo/Animal_Crossing/Amiibo_Cards/Series_1/Jeremiah.nfc,nfc,Amiibo,Bruce-Scripts-Heaven_RFID/Amiibo,moved
sd_card_content/nfc/Amiibo/Animal_Crossing/Amiibo_Cards/Series_1/Kiki.nfc,nfc,Amiibo,Bruce-Scripts-Heaven_RFID/Amiibo,moved
sd_card_content/nfc/Amiibo/Animal_Crossing/Amiibo_Cards/Series_1/AC_088_Clay.nfc,nfc,Amiibo,Bruce-Scripts-Heaven_RFID/Amiibo,moved
sd_card_content/nfc/Amiibo/Animal_Crossing/Amiibo_Cards/Series_1/AC_070_Biff.nfc,nfc,Amiibo,Bruce-Scripts-Heaven_RFID/Amiibo,moved
sd_card_content/nfc/Amiibo/Animal_Crossing/Amiibo_Cards/Series_1/Sheldon.nfc,nfc,Amiibo,Bruce-Scripts-Heaven_RFID/Amiibo,moved
sd_card_content/nfc/Amiibo/Animal_Crossing/Amiibo_Cards/Series_1/AC_013_Saharah.nfc,nfc,Amiibo,Bruce-Scripts-Heaven_RFID/Amiibo,moved
sd_card_content/nfc/Amiibo/Animal_Crossing/Amiibo_Cards/Series_1/AC_031_Sheldon.nfc,nfc,Amiibo,Bruce-Scripts-Heaven_RFID/Amiibo,moved
sd_card_content/nfc/Amiibo/Animal_Crossing/Amiibo_Cards/Series_1/AC_063_Mint.nfc,nfc,Amiibo,Bruce-Scripts-Heaven_RFID/Amiibo,moved
sd_card_content/nfc/Amiibo/Animal_Crossing/Amiibo_Cards/Series_1/Clyde.nfc,nfc,Amiibo,Bruce-Scripts-Heaven_RFID/Amiibo,moved
sd_card_content/nfc/Amiibo/Animal_Crossing/Amiibo_Cards/Series_5/414_Daisy_Mae.nfc,nfc,Amiibo,Bruce-Scripts-Heaven_RFID/Amiibo,moved
sd_card_content/nfc/Amiibo/Animal_Crossing/Amiibo_Cards/Series_5/Wardell.nfc,nfc,Amiibo,Bruce-Scripts-Heaven_RFID/Amiibo,moved
sd_card_content/nfc/Amiibo/Animal_Crossing/Amiibo_Cards/Series_5/Shino.nfc,nfc,Amiibo,Bruce-Scripts-Heaven_RFID/Amiibo,moved
sd_card_content/nfc/Amiibo/Animal_Crossing/Amiibo_Cards/Series_5/Isabelle.nfc,nfc,Amiibo,Bruce-Scripts-Heaven_RFID/Amiibo,moved
sd_card_content/nfc/Amiibo/Animal_Crossing/Amiibo_Cards/Series_5/Mabel.nfc,nfc,Amiibo,Bruce-Scripts-Heaven_RFID/Amiibo,moved
sd_card_content/nfc/Amiibo/Animal_Crossing/Amiibo_Cards/Series_5/Gulliver.nfc,nfc,Amiibo,Bruce-Scripts-Heaven_RFID/Amiibo,moved
sd_card_content/nfc/Amiibo/Animal_Crossing/Amiibo_Cards/Series_5/411_KK_Slider.nfc,nfc,Amiibo,Bruce-Scripts-Heaven_RFID/Amiibo,moved
sd_card_content/nfc/Amiibo/Animal_Crossing/Amiibo_Cards/Series_5/418_Gulliver.nfc,nfc,Amiibo,Bruce-Scripts-Heaven_RFID/Amiibo,moved
sd_card_content/nfc/Amiibo/Animal_Crossing/Amiibo_Cards/Series_5/432_Reneigh.nfc,nfc,Amiibo,Bruce-Scripts-Heaven_RFID/Amiibo,moved
sd_card_content/nfc/Amiibo/Animal_Crossing/Amiibo_Cards/Series_5/425_Sherb.nfc,nfc,Amiibo,Bruce-Scripts-Heaven_RFID/Amiibo,moved
sd_card_content/nfc/Amiibo/Animal_Crossing/Amiibo_Cards/Series_5/Wilbur.nfc,nfc,Amiibo,Bruce-Scripts-Heaven_RFID/Amiibo,moved
sd_card_content/nfc/Amiibo/Animal_Crossing/Amiibo_Cards/Series_5/401_Tom_Nook.nfc,nfc,Amiibo,Bruce-Scripts-Heaven_RFID/Amiibo,moved
sd_card_content/nfc/Amiibo/Animal_Crossing/Amiibo_Cards/Series_5/404_Orville.nfc,nfc,Amiibo,Bruce-Scripts-Heaven_RFID/Amiibo,moved
sd_card_content/nfc/Amiibo/Animal_Crossing/Amiibo_Cards/Series_5/416_Saharah.nfc,nfc,Amiibo,Bruce-Scripts-Heaven_RFID/Amiibo,moved
sd_card_content/nfc/Amiibo/Animal_Crossing/Amiibo_Cards/Series_5/Petri.nfc,nfc,Amiibo,Bruce-Scripts-Heaven_RFID/Amiibo,moved
sd_card_content/nfc/Amiibo/Animal_Crossing/Amiibo_Cards/Series_5/428_Audie_.nfc,nfc,Amiibo,Bruce-Scripts-Heaven_RFID/Amiibo,moved
sd_card_content/nfc/Amiibo/Animal_Crossing/Amiibo_Cards/Series_5/Rio.nfc,nfc,Amiibo,Bruce-Scripts-Heaven_RFID/Amiibo,moved
sd_card_content/nfc/Amiibo/Animal_Crossing/Amiibo_Cards/Series_5/441_Chabwick.nfc,nfc,Amiibo,Bruce-Scripts-Heaven_RFID/Amiibo,moved
sd_card_content/nfc/Amiibo/Animal_Crossing/Amiibo_Cards/Series_5/440_Quinn.nfc,nfc,Amiibo,Bruce-Scripts-Heaven_RFID/Amiibo,moved
sd_card_content/nfc/Amiibo/Animal_Crossing/Amiibo_Cards/Series_5/Faith.nfc,nfc,Amiibo,Bruce-Scripts-Heaven_RFID/Amiibo,moved
sd_card_content/nfc/Amiibo/Animal_Crossing/Amiibo_Cards/Series_5/420_Lottie.nfc,nfc,Amiibo,Bruce-Scripts-Heaven_RFID/Amiibo,moved
sd_card_content/nfc/Amiibo/Animal_Crossing/Amiibo_Cards/Series_5/419_Wisp.nfc,nfc,Amiibo,Bruce-Scripts-Heaven_RFID/Amiibo,moved
sd_card_content/nfc/Amiibo/Animal_Crossing/Amiibo_Cards/Series_5/443_Ace.nfc,nfc,Amiibo,Bruce-Scripts-Heaven_RFID/Amiibo,moved
sd_card_content/nfc/Amiibo/Animal_Crossing/Amiibo_Cards/Series_5/426_Megan.nfc,nfc,Amiibo,Bruce-Scripts-Heaven_RFID/Amiibo,moved
sd_card_content/nfc/Amiibo/Animal_Crossing/Amiibo_Cards/Series_5/Marlo.nfc,nfc,Amiibo,Bruce-Scripts-Heaven_RFID/Amiibo,moved
sd_card_content/nfc/Amiibo/Animal_Crossing/Amiibo_Cards/Series_5/429_Cyd.nfc,nfc,Amiibo,Bruce-Scripts-Heaven_RFID/Amiibo,moved
sd_card_content/nfc/Amiibo/Animal_Crossing/Amiibo_Cards/Series_5/430_Judy_.nfc,nfc,Amiibo,Bruce-Scripts-Heaven_RFID/Amiibo,moved
sd_card_content/nfc/Amiibo/Animal_Crossing/Amiibo_Cards/Series_5/Azalea.nfc,nfc,Amiibo,Bruce-Scripts-Heaven_RFID/Amiibo,moved
sd_card_content/nfc/Amiibo/Animal_Crossing/Amiibo_Cards/Series_5/Reneigh.nfc,nfc,Amiibo,Bruce-Scripts-Heaven_RFID/Amiibo,moved
sd_card_content/nfc/Amiibo/Animal_Crossing/Amiibo_Cards/Series_5/444_Rio.nfc,nfc,Amiibo,Bruce-Scripts-Heaven_RFID/Amiibo,moved
sd_card_content/nfc/Amiibo/Animal_Crossing/Amiibo_Cards/Series_5/427_Dom.nfc,nfc,Amiibo,Bruce-Scripts-Heaven_RFID/Amiibo,moved
sd_card_content/nfc/Amiibo/Animal_Crossing/Amiibo_Cards/Series_5/423_Tom_Nook_Coat.nfc,nfc,Amiibo,Bruce-Scripts-Heaven_RFID/Amiibo,moved
sd_card_content/nfc/Amiibo/Animal_Crossing/Amiibo_Cards/Series_5/Audie.nfc,nfc,Amiibo,Bruce-Scripts-Heaven_RFID/Amiibo,moved
sd_card_content/nfc/Amiibo/Animal_Crossing/Amiibo_Cards/Series_5/KK_Slider.nfc,nfc,Amiibo,Bruce-Scripts-Heaven_RFID/Amiibo,moved
sd_card_content/nfc/Amiibo/Animal_Crossing/Amiibo_Cards/Series_5/439_Cephalobot.nfc,nfc,Amiibo,Bruce-Scripts-Heaven_RFID/Amiibo,moved
sd_card_content/nfc/Amiibo/Animal_Crossing/Amiibo_Cards/Series_5/417_Harvey.nfc,nfc,Amiibo,Bruce-Scripts-Heaven_RFID/Amiibo,moved
sd_card_content/nfc/Amiibo/Animal_Crossing/Amiibo_Cards/Series_5/446_Azalea.nfc,nfc,Amiibo,Bruce-Scripts-Heaven_RFID/Amiibo,moved
sd_card_content/nfc/Amiibo/Animal_Crossing/Amiibo_Cards/Series_5/Niko.nfc,nfc,Amiibo,Bruce-Scripts-Heaven_RFID/Amiibo,moved
sd_card_content/nfc/Amiibo/Animal_Crossing/Amiibo_Cards/Series_5/CJ.nfc,nfc,Amiibo,Bruce-Scripts-Heaven_RFID/Amiibo,moved
sd_card_content/nfc/Amiibo/Animal_Crossing/Amiibo_Cards/Series_5/Ione.nfc,nfc,Amiibo,Bruce-Scripts-Heaven_RFID/Amiibo,moved
sd_card_content/nfc/Amiibo/Animal_Crossing/Amiibo_Cards/Series_5/Roswell.nfc,nfc,Amiibo,Bruce-Scripts-Heaven_RFID/Amiibo,moved
sd_card_content/nfc/Amiibo/Animal_Crossing/Amiibo_Cards/Series_5/433_Sasha.nfc,nfc,Amiibo,Bruce-Scripts-Heaven_RFID/Amiibo,moved
sd_card_content/nfc/Amiibo/Animal_Crossing/Amiibo_Cards/Series_5/402_Timmy_and_Tommy.nfc,nfc,Amiibo,Bruce-Scripts-Heaven_RFID/Amiibo,moved
sd_card_content/nfc/Amiibo/Animal_Crossing/Amiibo_Cards/Series_5/Tom_Nook.nfc,nfc,Amiibo,Bruce-Scripts-Heaven_RFID/Amiibo,moved
sd_card_content/nfc/Amiibo/Animal_Crossing/Amiibo_Cards/Series_5/Raymond.nfc,nfc,Amiibo,Bruce-Scripts-Heaven_RFID/Amiibo,moved
sd_card_content/nfc/Amiibo/Animal_Crossing/Amiibo_Cards/Series_5/Tiansheng.nfc,nfc,Amiibo,Bruce-Scripts-Heaven_RFID/Amiibo,moved
sd_card_content/nfc/Amiibo/Animal_Crossing/Amiibo_Cards/Series_5/Harvey.nfc,nfc,Amiibo,Bruce-Scripts-Heaven_RFID/Amiibo,moved
sd_card_content/nfc/Amiibo/Animal_Crossing/Amiibo_Cards/Series_5/448_Faith.nfc,nfc,Amiibo,Bruce-Scripts-Heaven_RFID/Amiibo,moved
sd_card_content/nfc/Amiibo/Animal_Crossing/Amiibo_Cards/Series_5/410_Label.nfc,nfc,Amiibo,Bruce-Scripts-Heaven_RFID/Amiibo,moved
sd_card_content/nfc/Amiibo/Animal_Crossing/Amiibo_Cards/Series_5/415_Kicks.nfc,nfc,Amiibo,Bruce-Scripts-Heaven_RFID/Amiibo,moved
sd_card_content/nfc/Amiibo/Animal_Crossing/Amiibo_Cards/Series_5/409_Sable.nfc,nfc,Amiibo,Bruce-Scripts-Heaven_RFID/Amiibo,moved
sd_card_content/nfc/Amiibo/Animal_Crossing/Amiibo_Cards/Series_5/407_Celeste.nfc,nfc,Amiibo,Bruce-Scripts-Heaven_RFID/Amiibo,moved
sd_card_content/nfc/Amiibo/Animal_Crossing/Amiibo_Cards/Series_5/Zoe.nfc,nfc,Amiibo,Bruce-Scripts-Heaven_RFID/Amiibo,moved
sd_card_content/nfc/Amiibo/Animal_Crossing/Amiibo_Cards/Series_5/Kicks.nfc,nfc,Amiibo,Bruce-Scripts-Heaven_RFID/Amiibo,moved
sd_card_content/nfc/Amiibo/Animal_Crossing/Amiibo_Cards/Series_5/Tom_Nook_Coat.nfc,nfc,Amiibo,Bruce-Scripts-Heaven_RFID/Amiibo,moved
sd_card_content/nfc/Amiibo/Animal_Crossing/Amiibo_Cards/Series_5/445_Frett.nfc,nfc,Amiibo,Bruce-Scripts-Heaven_RFID/Amiibo,moved
sd_card_content/nfc/Amiibo/Animal_Crossing/Amiibo_Cards/Series_5/Sable.nfc,nfc,Amiibo,Bruce-Scripts-Heaven_RFID/Amiibo,moved
sd_card_content/nfc/Amiibo/Animal_Crossing/Amiibo_Cards/Series_5/424_Isabelle_Sweater.nfc,nfc,Amiibo,Bruce-Scripts-Heaven_RFID/Amiibo,moved
sd_card_content/nfc/Amiibo/Animal_Crossing/Amiibo_Cards/Series_5/Orville.nfc,nfc,Amiibo,Bruce-Scripts-Heaven_RFID/Amiibo,moved
sd_card_content/nfc/Amiibo/Animal_Crossing/Amiibo_Cards/Series_5/Sasha.nfc,nfc,Amiibo,Bruce-Scripts-Heaven_RFID/Amiibo,moved
sd_card_content/nfc/Amiibo/Animal_Crossing/Amiibo_Cards/Series_5/Label.nfc,nfc,Amiibo,Bruce-Scripts-Heaven_RFID/Amiibo,moved
sd_card_content/nfc/Amiibo/Animal_Crossing/Amiibo_Cards/Series_5/435_Tiansheng.nfc,nfc,Amiibo,Bruce-Scripts-Heaven_RFID/Amiibo,moved
sd_card_content/nfc/Amiibo/Animal_Crossing/Amiibo_Cards/Series_5/Saharah.nfc,nfc,Amiibo,Bruce-Scripts-Heaven_RFID/Amiibo,moved
sd_card_content/nfc/Amiibo/Animal_Crossing/Amiibo_Cards/Series_5/Megan.nfc,nfc,Amiibo,Bruce-Scripts-Heaven_RFID/Amiibo,moved
sd_card_content/nfc/Amiibo/Animal_Crossing/Amiibo_Cards/Series_5/413_Flick.nfc,nfc,Amiibo,Bruce-Scripts-Heaven_RFID/Amiibo,moved
sd_card_content/nfc/Amiibo/Animal_Crossing/Amiibo_Cards/Series_5/442_Zoe.nfc,nfc,Amiibo,Bruce-Scripts-Heaven_RFID/Amiibo,moved
sd_card_content/nfc/Amiibo/Animal_Crossing/Amiibo_Cards/Series_5/421_Niko.nfc,nfc,Amiibo,Bruce-Scripts-Heaven_RFID/Amiibo,moved
sd_card_content/nfc/Amiibo/Animal_Crossing/Amiibo_Cards/Series_5/Dom.nfc,nfc,Amiibo,Bruce-Scripts-Heaven_RFID/Amiibo,moved
sd_card_content/nfc/Amiibo/Animal_Crossing/Amiibo_Cards/Series_5/Ace.nfc,nfc,Amiibo,Bruce-Scripts-Heaven_RFID/Amiibo,moved
sd_card_content/nfc/Amiibo/Animal_Crossing/Amiibo_Cards/Series_5/Chabwick.nfc,nfc,Amiibo,Bruce-Scripts-Heaven_RFID/Amiibo,moved
sd_card_content/nfc/Amiibo/Animal_Crossing/Amiibo_Cards/Series_5/438_Petri.nfc,nfc,Amiibo,Bruce-Scripts-Heaven_RFID/Amiibo,moved
sd_card_content/nfc/Amiibo/Animal_Crossing/Amiibo_Cards/Series_5/434_Ione.nfc,nfc,Amiibo,Bruce-Scripts-Heaven_RFID/Amiibo,moved
sd_card_content/nfc/Amiibo/Animal_Crossing/Amiibo_Cards/Series_5/Isabelle_Sweater.nfc,nfc,Amiibo,Bruce-Scripts-Heaven_RFID/Amiibo,moved
sd_card_content/nfc/Amiibo/Animal_Crossing/Amiibo_Cards/Series_5/437_Marlo.nfc,nfc,Amiibo,Bruce-Scripts-Heaven_RFID/Amiibo,moved
sd_card_content/nfc/Amiibo/Animal_Crossing/Amiibo_Cards/Series_5/422_Wardell.nfc,nfc,Amiibo,Bruce-Scripts-Heaven_RFID/Amiibo,moved
sd_card_content/nfc/Amiibo/Animal_Crossing/Amiibo_Cards/Series_5/Cyd.nfc,nfc,Amiibo,Bruce-Scripts-Heaven_RFID/Amiibo,moved
sd_card_content/nfc/Amiibo/Animal_Crossing/Amiibo_Cards/Series_5/Daisy_Mae.nfc,nfc,Amiibo,Bruce-Scripts-Heaven_RFID/Amiibo,moved
sd_card_content/nfc/Amiibo/Animal_Crossing/Amiibo_Cards/Series_5/Blathers.nfc,nfc,Amiibo,Bruce-Scripts-Heaven_RFID/Amiibo,moved
sd_card_content/nfc/Amiibo/Animal_Crossing/Amiibo_Cards/Series_5/412_CJ_.nfc,nfc,Amiibo,Bruce-Scripts-Heaven_RFID/Amiibo,moved
sd_card_content/nfc/Amiibo/Animal_Crossing/Amiibo_Cards/Series_5/Cephalobot.nfc,nfc,Amiibo,Bruce-Scripts-Heaven_RFID/Amiibo,moved
sd_card_content/nfc/Amiibo/Animal_Crossing/Amiibo_Cards/Series_5/Celeste.nfc,nfc,Amiibo,Bruce-Scripts-Heaven_RFID/Amiibo,moved
sd_card_content/nfc/Amiibo/Animal_Crossing/Amiibo_Cards/Series_5/Sherb.nfc,nfc,Amiibo,Bruce-Scripts-Heaven_RFID/Amiibo,moved
sd_card_content/nfc/Amiibo/Animal_Crossing/Amiibo_Cards/Series_5/403_Isabelle.nfc,nfc,Amiibo,Bruce-Scripts-Heaven_RFID/Amiibo,moved
sd_card_content/nfc/Amiibo/Animal_Crossing/Amiibo_Cards/Series_5/436_Shino.nfc,nfc,Amiibo,Bruce-Scripts-Heaven_RFID/Amiibo,moved
sd_card_content/nfc/Amiibo/Animal_Crossing/Amiibo_Cards/Series_5/Timmy_and_Tommy.nfc,nfc,Amiibo,Bruce-Scripts-Heaven_RFID/Amiibo,moved
sd_card_content/nfc/Amiibo/Animal_Crossing/Amiibo_Cards/Series_5/447_Roswell.nfc,nfc,Amiibo,Bruce-Scripts-Heaven_RFID/Amiibo,moved
sd_card_content/nfc/Amiibo/Animal_Crossing/Amiibo_Cards/Series_5/Wisp.nfc,nfc,Amiibo,Bruce-Scripts-Heaven_RFID/Amiibo,moved
sd_card_content/nfc/Amiibo/Animal_Crossing/Amiibo_Cards/Series_5/Lottie_Island.nfc,nfc,Amiibo,Bruce-Scripts-Heaven_RFID/Amiibo,moved
sd_card_content/nfc/Amiibo/Animal_Crossing/Amiibo_Cards/Series_5/Frett.nfc,nfc,Amiibo,Bruce-Scripts-Heaven_RFID/Amiibo,moved
sd_card_content/nfc/Amiibo/Animal_Crossing/Amiibo_Cards/Series_5/405_Wilbur.nfc,nfc,Amiibo,Bruce-Scripts-Heaven_RFID/Amiibo,moved
sd_card_content/nfc/Amiibo/Animal_Crossing/Amiibo_Cards/Series_5/Quinn.nfc,nfc,Amiibo,Bruce-Scripts-Heaven_RFID/Amiibo,moved
sd_card_content/nfc/Amiibo/Animal_Crossing/Amiibo_Cards/Series_5/Judy.nfc,nfc,Amiibo,Bruce-Scripts-Heaven_RFID/Amiibo,moved
sd_card_content/nfc/Amiibo/Animal_Crossing/Amiibo_Cards/Series_5/431_Raymond.nfc,nfc,Amiibo,Bruce-Scripts-Heaven_RFID/Amiibo,moved
sd_card_content/nfc/Amiibo/Animal_Crossing/Amiibo_Cards/Series_5/Flick.nfc,nfc,Amiibo,Bruce-Scripts-Heaven_RFID/Amiibo,moved
sd_card_content/nfc/Amiibo/Animal_Crossing/Amiibo_Cards/Series_5/408_Mabel.nfc,nfc,Amiibo,Bruce-Scripts-Heaven_RFID/Amiibo,moved
sd_card_content/nfc/Amiibo/Animal_Crossing/Amiibo_Cards/Series_5/406_Blathers.nfc,nfc,Amiibo,Bruce-Scripts-Heaven_RFID/Amiibo,moved
sd_card_content/nfc/Amiibo/Animal_Crossing/Amiibo_Cards/Series_3/Joey.nfc,nfc,Amiibo,Bruce-Scripts-Heaven_RFID/Amiibo,moved
sd_card_content/nfc/Amiibo/Animal_Crossing/Amiibo_Cards/Series_3/AC_299_Francine.nfc,nfc,Amiibo,Bruce-Scripts-Heaven_RFID/Amiibo,moved
sd_card_content/nfc/Amiibo/Animal_Crossing/Amiibo_Cards/Series_3/AC_293_Rolf.nfc,nfc,Amiibo,Bruce-Scripts-Heaven_RFID/Amiibo,moved
sd_card_content/nfc/Amiibo/Animal_Crossing/Amiibo_Cards/Series_3/Digby.nfc,nfc,Amiibo,Bruce-Scripts-Heaven_RFID/Amiibo,moved
sd_card_content/nfc/Amiibo/Animal_Crossing/Amiibo_Cards/Series_3/Bubbles.nfc,nfc,Amiibo,Bruce-Scripts-Heaven_RFID/Amiibo,moved
sd_card_content/nfc/Amiibo/Animal_Crossing/Amiibo_Cards/Series_3/Flora.nfc,nfc,Amiibo,Bruce-Scripts-Heaven_RFID/Amiibo,moved
sd_card_content/nfc/Amiibo/Animal_Crossing/Amiibo_Cards/Series_3/AC_217_Jingle.nfc,nfc,Amiibo,Bruce-Scripts-Heaven_RFID/Amiibo,moved
sd_card_content/nfc/Amiibo/Animal_Crossing/Amiibo_Cards/Series_3/Isabelle.nfc,nfc,Amiibo,Bruce-Scripts-Heaven_RFID/Amiibo,moved
sd_card_content/nfc/Amiibo/Animal_Crossing/Amiibo_Cards/Series_3/Mabel.nfc,nfc,Amiibo,Bruce-Scripts-Heaven_RFID/Amiibo,moved
sd_card_content/nfc/Amiibo/Animal_Crossing/Amiibo_Cards/Series_3/AC_282_Violet.nfc,nfc,Amiibo,Bruce-Scripts-Heaven_RFID/Amiibo,moved
sd_card_content/nfc/Amiibo/Animal_Crossing/Amiibo_Cards/Series_3/AC_225_Ken.nfc,nfc,Amiibo,Bruce-Scripts-Heaven_RFID/Amiibo,moved
sd_card_content/nfc/Amiibo/Animal_Crossing/Amiibo_Cards/Series_3/AC_224_Paula.nfc,nfc,Amiibo,Bruce-Scripts-Heaven_RFID/Amiibo,moved
sd_card_content/nfc/Amiibo/Animal_Crossing/Amiibo_Cards/Series_3/AC_263_Gaston.nfc,nfc,Amiibo,Bruce-Scripts-Heaven_RFID/Amiibo,moved
sd_card_content/nfc/Amiibo/Animal_Crossing/Amiibo_Cards/Series_3/AC_280_Victoria.nfc,nfc,Amiibo,Bruce-Scripts-Heaven_RFID/Amiibo,moved
sd_card_content/nfc/Amiibo/Animal_Crossing/Amiibo_Cards/Series_3/AC_289_Boomer.nfc,nfc,Amiibo,Bruce-Scripts-Heaven_RFID/Amiibo,moved
sd_card_content/nfc/Amiibo/Animal_Crossing/Amiibo_Cards/Series_3/AC_241_Hans.nfc,nfc,Amiibo,Bruce-Scripts-Heaven_RFID/Amiibo,moved
sd_card_content/nfc/Amiibo/Animal_Crossing/Amiibo_Cards/Series_3/AC_208_Leif.nfc,nfc,Amiibo,Bruce-Scripts-Heaven_RFID/Amiibo,moved
sd_card_content/nfc/Amiibo/Animal_Crossing/Amiibo_Cards/Series_3/Cube.nfc,nfc,Amiibo,Bruce-Scripts-Heaven_RFID/Amiibo,moved
sd_card_content/nfc/Amiibo/Animal_Crossing/Amiibo_Cards/Series_3/AC_237_Bam.nfc,nfc,Amiibo,Bruce-Scripts-Heaven_RFID/Amiibo,moved
sd_card_content/nfc/Amiibo/Animal_Crossing/Amiibo_Cards/Series_3/Claudia.nfc,nfc,Amiibo,Bruce-Scripts-Heaven_RFID/Amiibo,moved
sd_card_content/nfc/Amiibo/Animal_Crossing/Amiibo_Cards/Series_3/AC_268_Buck.nfc,nfc,Amiibo,Bruce-Scripts-Heaven_RFID/Amiibo,moved
sd_card_content/nfc/Amiibo/Animal_Crossing/Amiibo_Cards/Series_3/AC_246_Eloise.nfc,nfc,Amiibo,Bruce-Scripts-Heaven_RFID/Amiibo,moved
sd_card_content/nfc/Amiibo/Animal_Crossing/Amiibo_Cards/Series_3/Baabara.nfc,nfc,Amiibo,Bruce-Scripts-Heaven_RFID/Amiibo,moved
sd_card_content/nfc/Amiibo/Animal_Crossing/Amiibo_Cards/Series_3/Deirdre.nfc,nfc,Amiibo,Bruce-Scripts-Heaven_RFID/Amiibo,moved
sd_card_content/nfc/Amiibo/Animal_Crossing/Amiibo_Cards/Series_3/Rodeo.nfc,nfc,Amiibo,Bruce-Scripts-Heaven_RFID/Amiibo,moved
sd_card_content/nfc/Amiibo/Animal_Crossing/Amiibo_Cards/Series_3/AC_260_Tammi.nfc,nfc,Amiibo,Bruce-Scripts-Heaven_RFID/Amiibo,moved
sd_card_content/nfc/Amiibo/Animal_Crossing/Amiibo_Cards/Series_3/AC_205_Phyllis.nfc,nfc,Amiibo,Bruce-Scripts-Heaven_RFID/Amiibo,moved
sd_card_content/nfc/Amiibo/Animal_Crossing/Amiibo_Cards/Series_3/Moe.nfc,nfc,Amiibo,Bruce-Scripts-Heaven_RFID/Amiibo,moved
sd_card_content/nfc/Amiibo/Animal_Crossing/Amiibo_Cards/Series_3/Bree.nfc,nfc,Amiibo,Bruce-Scripts-Heaven_RFID/Amiibo,moved
sd_card_content/nfc/Amiibo/Animal_Crossing/Amiibo_Cards/Series_3/AC_232_Canberra.nfc,nfc,Amiibo,Bruce-Scripts-Heaven_RFID/Amiibo,moved
sd_card_content/nfc/Amiibo/Animal_Crossing/Amiibo_Cards/Series_3/AC_251_Chester.nfc,nfc,Amiibo,Bruce-Scripts-Heaven_RFID/Amiibo,moved
sd_card_content/nfc/Amiibo/Animal_Crossing/Amiibo_Cards/Series_3/AC_265_Gala.nfc,nfc,Amiibo,Bruce-Scripts-Heaven_RFID/Amiibo,moved
sd_card_content/nfc/Amiibo/Animal_Crossing/Amiibo_Cards/Series_3/AC_242_Chevre.nfc,nfc,Amiibo,Bruce-Scripts-Heaven_RFID/Amiibo,moved
sd_card_content/nfc/Amiibo/Animal_Crossing/Amiibo_Cards/Series_3/AC_262_Blanche.nfc,nfc,Amiibo,Bruce-Scripts-Heaven_RFID/Amiibo,moved
sd_card_content/nfc/Amiibo/Animal_Crossing/Amiibo_Cards/Series_3/AC_211_Grams.nfc,nfc,Amiibo,Bruce-Scripts-Heaven_RFID/Amiibo,moved
sd_card_content/nfc/Amiibo/Animal_Crossing/Amiibo_Cards/Series_3/Dora.nfc,nfc,Amiibo,Bruce-Scripts-Heaven_RFID/Amiibo,moved
sd_card_content/nfc/Amiibo/Animal_Crossing/Amiibo_Cards/Series_3/Merry.nfc,nfc,Amiibo,Bruce-Scripts-Heaven_RFID/Amiibo,moved
sd_card_content/nfc/Amiibo/Animal_Crossing/Amiibo_Cards/Series_3/Lily.nfc,nfc,Amiibo,Bruce-Scripts-Heaven_RFID/Amiibo,moved
sd_card_content/nfc/Amiibo/Animal_Crossing/Amiibo_Cards/Series_3/Hazel.nfc,nfc,Amiibo,Bruce-Scripts-Heaven_RFID/Amiibo,moved
sd_card_content/nfc/Amiibo/Animal_Crossing/Amiibo_Cards/Series_3/AC_238_Friga.nfc,nfc,Amiibo,Bruce-Scripts-Heaven_RFID/Amiibo,moved
sd_card_content/nfc/Amiibo/Animal_Crossing/Amiibo_Cards/Series_3/Lyman.nfc,nfc,Amiibo,Bruce-Scripts-Heaven_RFID/Amiibo,moved
sd_card_content/nfc/Amiibo/Animal_Crossing/Amiibo_Cards/Series_3/Phyllis.nfc,nfc,Amiibo,Bruce-Scripts-Heaven_RFID/Amiibo,moved
sd_card_content/nfc/Amiibo/Animal_Crossing/Amiibo_Cards/Series_3/AC_230_Velma.nfc,nfc,Amiibo,Bruce-Scripts-Heaven_RFID/Amiibo,moved
sd_card_content/nfc/Amiibo/Animal_Crossing/Amiibo_Cards/Series_3/Chevre.nfc,nfc,Amiibo,Bruce-Scripts-Heaven_RFID/Amiibo,moved
sd_card_content/nfc/Amiibo/Animal_Crossing/Amiibo_Cards/Series_3/Velma.nfc,nfc,Amiibo,Bruce-Scripts-Heaven_RFID/Amiibo,moved
sd_card_content/nfc/Amiibo/Animal_Crossing/Amiibo_Cards/Series_3/AC_273_Moe.nfc,nfc,Amiibo,Bruce-Scripts-Heaven_RFID/Amiibo,moved
sd_card_content/nfc/Amiibo/Animal_Crossing/Amiibo_Cards/Series_3/AC_233_Colton.nfc,nfc,Amiibo,Bruce-Scripts-Heaven_RFID/Amiibo,moved
sd_card_content/nfc/Amiibo/Animal_Crossing/Amiibo_Cards/Series_3/AC_250_Ava.nfc,nfc,Amiibo,Bruce-Scripts-Heaven_RFID/Amiibo,moved
sd_card_content/nfc/Amiibo/Animal_Crossing/Amiibo_Cards/Series_3/AC_218_Lily.nfc,nfc,Amiibo,Bruce-Scripts-Heaven_RFID/Amiibo,moved
sd_card_content/nfc/Amiibo/Animal_Crossing/Amiibo_Cards/Series_3/Curlos.nfc,nfc,Amiibo,Bruce-Scripts-Heaven_RFID/Amiibo,moved
sd_card_content/nfc/Amiibo/Animal_Crossing/Amiibo_Cards/Series_3/Tabby.nfc,nfc,Amiibo,Bruce-Scripts-Heaven_RFID/Amiibo,moved
sd_card_content/nfc/Amiibo/Animal_Crossing/Amiibo_Cards/Series_3/Chadder.nfc,nfc,Amiibo,Bruce-Scripts-Heaven_RFID/Amiibo,moved
sd_card_content/nfc/Amiibo/Animal_Crossing/Amiibo_Cards/Series_3/Pippy.nfc,nfc,Amiibo,Bruce-Scripts-Heaven_RFID/Amiibo,moved
sd_card_content/nfc/Amiibo/Animal_Crossing/Amiibo_Cards/Series_3/AC_227_Rodeo.nfc,nfc,Amiibo,Bruce-Scripts-Heaven_RFID/Amiibo,moved
sd_card_content/nfc/Amiibo/Animal_Crossing/Amiibo_Cards/Series_3/AC_285_Merengue.nfc,nfc,Amiibo,Bruce-Scripts-Heaven_RFID/Amiibo,moved
sd_card_content/nfc/Amiibo/Animal_Crossing/Amiibo_Cards/Series_3/Wendell.nfc,nfc,Amiibo,Bruce-Scripts-Heaven_RFID/Amiibo,moved
sd_card_content/nfc/Amiibo/Animal_Crossing/Amiibo_Cards/Series_3/AC_267_Pippy.nfc,nfc,Amiibo,Bruce-Scripts-Heaven_RFID/Amiibo,moved
sd_card_content/nfc/Amiibo/Animal_Crossing/Amiibo_Cards/Series_3/Merengue.nfc,nfc,Amiibo,Bruce-Scripts-Heaven_RFID/Amiibo,moved
sd_card_content/nfc/Amiibo/Animal_Crossing/Amiibo_Cards/Series_3/AC_240_Deirdre.nfc,nfc,Amiibo,Bruce-Scripts-Heaven_RFID/Amiibo,moved
sd_card_content/nfc/Amiibo/Animal_Crossing/Amiibo_Cards/Series_3/AC_257_Klaus.nfc,nfc,Amiibo,Bruce-Scripts-Heaven_RFID/Amiibo,moved
sd_card_content/nfc/Amiibo/Animal_Crossing/Amiibo_Cards/Series_3/Skye.nfc,nfc,Amiibo,Bruce-Scripts-Heaven_RFID/Amiibo,moved
sd_card_content/nfc/Amiibo/Animal_Crossing/Amiibo_Cards/Series_3/AC_228_Bubbles.nfc,nfc,Amiibo,Bruce-Scripts-Heaven_RFID/Amiibo,moved
sd_card_content/nfc/Amiibo/Animal_Crossing/Amiibo_Cards/Series_3/Paula.nfc,nfc,Amiibo,Bruce-Scripts-Heaven_RFID/Amiibo,moved
sd_card_content/nfc/Amiibo/Animal_Crossing/Amiibo_Cards/Series_3/AC_229_Cousteau.nfc,nfc,Amiibo,Bruce-Scripts-Heaven_RFID/Amiibo,moved
sd_card_content/nfc/Amiibo/Animal_Crossing/Amiibo_Cards/Series_3/Astrid.nfc,nfc,Amiibo,Bruce-Scripts-Heaven_RFID/Amiibo,moved
sd_card_content/nfc/Amiibo/Animal_Crossing/Amiibo_Cards/Series_3/AC_290_Caroline.nfc,nfc,Amiibo,Bruce-Scripts-Heaven_RFID/Amiibo,moved
sd_card_content/nfc/Amiibo/Animal_Crossing/Amiibo_Cards/Series_3/Maple.nfc,nfc,Amiibo,Bruce-Scripts-Heaven_RFID/Amiibo,moved
sd_card_content/nfc/Amiibo/Animal_Crossing/Amiibo_Cards/Series_3/AC_202_Blathers.nfc,nfc,Amiibo,Bruce-Scripts-Heaven_RFID/Amiibo,moved
sd_card_content/nfc/Amiibo/Animal_Crossing/Amiibo_Cards/Series_3/AC_247_Wart_Jr.nfc,nfc,Amiibo,Bruce-Scripts-Heaven_RFID/Amiibo,moved
sd_card_content/nfc/Amiibo/Animal_Crossing/Amiibo_Cards/Series_3/AC_294_Maple.nfc,nfc,Amiibo,Bruce-Scripts-Heaven_RFID/Amiibo,moved
sd_card_content/nfc/Amiibo/Animal_Crossing/Amiibo_Cards/Series_3/AC_244_Tangy.nfc,nfc,Amiibo,Bruce-Scripts-Heaven_RFID/Amiibo,moved
sd_card_content/nfc/Amiibo/Animal_Crossing/Amiibo_Cards/Series_3/Curly.nfc,nfc,Amiibo,Bruce-Scripts-Heaven_RFID/Amiibo,moved
sd_card_content/nfc/Amiibo/Animal_Crossing/Amiibo_Cards/Series_3/Tucker.nfc,nfc,Amiibo,Bruce-Scripts-Heaven_RFID/Amiibo,moved
sd_card_content/nfc/Amiibo/Animal_Crossing/Amiibo_Cards/Series_3/AC_203_Tom_Nook.nfc,nfc,Amiibo,Bruce-Scripts-Heaven_RFID/Amiibo,moved
sd_card_content/nfc/Amiibo/Animal_Crossing/Amiibo_Cards/Series_3/Tom_Nook.nfc,nfc,Amiibo,Bruce-Scripts-Heaven_RFID/Amiibo,moved
sd_card_content/nfc/Amiibo/Animal_Crossing/Amiibo_Cards/Series_3/AC_276_Astrid.nfc,nfc,Amiibo,Bruce-Scripts-Heaven_RFID/Amiibo,moved
sd_card_content/nfc/Amiibo/Animal_Crossing/Amiibo_Cards/Series_3/Frank.nfc,nfc,Amiibo,Bruce-Scripts-Heaven_RFID/Amiibo,moved
sd_card_content/nfc/Amiibo/Animal_Crossing/Amiibo_Cards/Series_3/AC_259_Stinky.nfc,nfc,Amiibo,Bruce-Scripts-Heaven_RFID/Amiibo,moved
sd_card_content/nfc/Amiibo/Animal_Crossing/Amiibo_Cards/Series_3/AC_245_Mac.nfc,nfc,Amiibo,Bruce-Scripts-Heaven_RFID/Amiibo,moved
sd_card_content/nfc/Amiibo/Animal_Crossing/Amiibo_Cards/Series_3/Caroline.nfc,nfc,Amiibo,Bruce-Scripts-Heaven_RFID/Amiibo,moved
sd_card_content/nfc/Amiibo/Animal_Crossing/Amiibo_Cards/Series_3/AC_291_Sparro.nfc,nfc,Amiibo,Bruce-Scripts-Heaven_RFID/Amiibo,moved
sd_card_content/nfc/Amiibo/Animal_Crossing/Amiibo_Cards/Series_3/AC_295_Antonio.nfc,nfc,Amiibo,Bruce-Scripts-Heaven_RFID/Amiibo,moved
sd_card_content/nfc/Amiibo/Animal_Crossing/Amiibo_Cards/Series_3/Wolfgang.nfc,nfc,Amiibo,Bruce-Scripts-Heaven_RFID/Amiibo,moved
sd_card_content/nfc/Amiibo/Animal_Crossing/Amiibo_Cards/Series_3/Anchovy.nfc,nfc,Amiibo,Bruce-Scripts-Heaven_RFID/Amiibo,moved
sd_card_content/nfc/Amiibo/Animal_Crossing/Amiibo_Cards/Series_3/AC_272_Skye.nfc,nfc,Amiibo,Bruce-Scripts-Heaven_RFID/Amiibo,moved
sd_card_content/nfc/Amiibo/Animal_Crossing/Amiibo_Cards/Series_3/AC_287_Claudia.nfc,nfc,Amiibo,Bruce-Scripts-Heaven_RFID/Amiibo,moved
sd_card_content/nfc/Amiibo/Animal_Crossing/Amiibo_Cards/Series_3/Wart_Jr.nfc,nfc,Amiibo,Bruce-Scripts-Heaven_RFID/Amiibo,moved
sd_card_content/nfc/Amiibo/Animal_Crossing/Amiibo_Cards/Series_3/Jingle.nfc,nfc,Amiibo,Bruce-Scripts-Heaven_RFID/Amiibo,moved
sd_card_content/nfc/Amiibo/Animal_Crossing/Amiibo_Cards/Series_3/Mac.nfc,nfc,Amiibo,Bruce-Scripts-Heaven_RFID/Amiibo,moved
sd_card_content/nfc/Amiibo/Animal_Crossing/Amiibo_Cards/Series_3/Friga.nfc,nfc,Amiibo,Bruce-Scripts-Heaven_RFID/Amiibo,moved
sd_card_content/nfc/Amiibo/Animal_Crossing/Amiibo_Cards/Series_3/AC_239_Ricky.nfc,nfc,Amiibo,Bruce-Scripts-Heaven_RFID/Amiibo,moved
sd_card_content/nfc/Amiibo/Animal_Crossing/Amiibo_Cards/Series_3/AC_213_Digby.nfc,nfc,Amiibo,Bruce-Scripts-Heaven_RFID/Amiibo,moved
sd_card_content/nfc/Amiibo/Animal_Crossing/Amiibo_Cards/Series_3/AC_274_Flora.nfc,nfc,Amiibo,Bruce-Scripts-Heaven_RFID/Amiibo,moved
sd_card_content/nfc/Amiibo/Animal_Crossing/Amiibo_Cards/Series_3/Timmy.nfc,nfc,Amiibo,Bruce-Scripts-Heaven_RFID/Amiibo,moved
sd_card_content/nfc/Amiibo/Animal_Crossing/Amiibo_Cards/Series_3/AC_222_Miranda.nfc,nfc,Amiibo,Bruce-Scripts-Heaven_RFID/Amiibo,moved
sd_card_content/nfc/Amiibo/Animal_Crossing/Amiibo_Cards/Series_3/AC_220_Tabby.nfc,nfc,Amiibo,Bruce-Scripts-Heaven_RFID/Amiibo,moved
sd_card_content/nfc/Amiibo/Animal_Crossing/Amiibo_Cards/Series_3/Biskit.nfc,nfc,Amiibo,Bruce-Scripts-Heaven_RFID/Amiibo,moved
sd_card_content/nfc/Amiibo/Animal_Crossing/Amiibo_Cards/Series_3/Mitzi.nfc,nfc,Amiibo,Bruce-Scripts-Heaven_RFID/Amiibo,moved
sd_card_content/nfc/Amiibo/Animal_Crossing/Amiibo_Cards/Series_3/Blanche.nfc,nfc,Amiibo,Bruce-Scripts-Heaven_RFID/Amiibo,moved
sd_card_content/nfc/Amiibo/Animal_Crossing/Amiibo_Cards/Series_3/AC_248_Hazel.nfc,nfc,Amiibo,Bruce-Scripts-Heaven_RFID/Amiibo,moved
sd_card_content/nfc/Amiibo/Animal_Crossing/Amiibo_Cards/Series_3/AC_261_Tucker.nfc,nfc,Amiibo,Bruce-Scripts-Heaven_RFID/Amiibo,moved
sd_card_content/nfc/Amiibo/Animal_Crossing/Amiibo_Cards/Series_3/Chrissy.nfc,nfc,Amiibo,Bruce-Scripts-Heaven_RFID/Amiibo,moved
sd_card_content/nfc/Amiibo/Animal_Crossing/Amiibo_Cards/Series_3/AC_271_Curlos.nfc,nfc,Amiibo,Bruce-Scripts-Heaven_RFID/Amiibo,moved
sd_card_content/nfc/Amiibo/Animal_Crossing/Amiibo_Cards/Series_3/Kody.nfc,nfc,Amiibo,Bruce-Scripts-Heaven_RFID/Amiibo,moved
sd_card_content/nfc/Amiibo/Animal_Crossing/Amiibo_Cards/Series_3/AC_210_Cyrus.nfc,nfc,Amiibo,Bruce-Scripts-Heaven_RFID/Amiibo,moved
sd_card_content/nfc/Amiibo/Animal_Crossing/Amiibo_Cards/Series_3/Chester.nfc,nfc,Amiibo,Bruce-Scripts-Heaven_RFID/Amiibo,moved
sd_card_content/nfc/Amiibo/Animal_Crossing/Amiibo_Cards/Series_3/Tangy.nfc,nfc,Amiibo,Bruce-Scripts-Heaven_RFID/Amiibo,moved
sd_card_content/nfc/Amiibo/Animal_Crossing/Amiibo_Cards/Series_3/AC_219_Anchovy.nfc,nfc,Amiibo,Bruce-Scripts-Heaven_RFID/Amiibo,moved
sd_card_content/nfc/Amiibo/Animal_Crossing/Amiibo_Cards/Series_3/AC_215_Isabelle.nfc,nfc,Amiibo,Bruce-Scripts-Heaven_RFID/Amiibo,moved
sd_card_content/nfc/Amiibo/Animal_Crossing/Amiibo_Cards/Series_3/Francine.nfc,nfc,Amiibo,Bruce-Scripts-Heaven_RFID/Amiibo,moved
sd_card_content/nfc/Amiibo/Animal_Crossing/Amiibo_Cards/Series_3/AC_221_Kody.nfc,nfc,Amiibo,Bruce-Scripts-Heaven_RFID/Amiibo,moved
sd_card_content/nfc/Amiibo/Animal_Crossing/Amiibo_Cards/Series_3/Sparro.nfc,nfc,Amiibo,Bruce-Scripts-Heaven_RFID/Amiibo,moved
sd_card_content/nfc/Amiibo/Animal_Crossing/Amiibo_Cards/Series_3/Drago.nfc,nfc,Amiibo,Bruce-Scripts-Heaven_RFID/Amiibo,moved
sd_card_content/nfc/Amiibo/Animal_Crossing/Amiibo_Cards/Series_3/AC_266_Joey.nfc,nfc,Amiibo,Bruce-Scripts-Heaven_RFID/Amiibo,moved
sd_card_content/nfc/Amiibo/Animal_Crossing/Amiibo_Cards/Series_3/Ken.nfc,nfc,Amiibo,Bruce-Scripts-Heaven_RFID/Amiibo,moved
sd_card_content/nfc/Amiibo/Animal_Crossing/Amiibo_Cards/Series_3/AC_264_Marshal.nfc,nfc,Amiibo,Bruce-Scripts-Heaven_RFID/Amiibo,moved
sd_card_content/nfc/Amiibo/Animal_Crossing/Amiibo_Cards/Series_3/AC_253_Genji.nfc,nfc,Amiibo,Bruce-Scripts-Heaven_RFID/Amiibo,moved
sd_card_content/nfc/Amiibo/Animal_Crossing/Amiibo_Cards/Series_3/Greta.nfc,nfc,Amiibo,Bruce-Scripts-Heaven_RFID/Amiibo,moved
sd_card_content/nfc/Amiibo/Animal_Crossing/Amiibo_Cards/Series_3/AC_286_Cube.nfc,nfc,Amiibo,Bruce-Scripts-Heaven_RFID/Amiibo,moved
sd_card_content/nfc/Amiibo/Animal_Crossing/Amiibo_Cards/Series_3/Don_Resetti.nfc,nfc,Amiibo,Bruce-Scripts-Heaven_RFID/Amiibo,moved
sd_card_content/nfc/Amiibo/Animal_Crossing/Amiibo_Cards/Series_3/AC_249_Beardo.nfc,nfc,Amiibo,Bruce-Scripts-Heaven_RFID/Amiibo,moved
sd_card_content/nfc/Amiibo/Animal_Crossing/Amiibo_Cards/Series_3/Rolf.nfc,nfc,Amiibo,Bruce-Scripts-Heaven_RFID/Amiibo,moved
sd_card_content/nfc/Amiibo/Animal_Crossing/Amiibo_Cards/Series_3/AC_270_Rooney.nfc,nfc,Amiibo,Bruce-Scripts-Heaven_RFID/Amiibo,moved
sd_card_content/nfc/Amiibo/Animal_Crossing/Amiibo_Cards/Series_3/AC_235_SporkCrackle.nfc,nfc,Amiibo,Bruce-Scripts-Heaven_RFID/Amiibo,moved
sd_card_content/nfc/Amiibo/Animal_Crossing/Amiibo_Cards/Series_3/AC_298_Derwin.nfc,nfc,Amiibo,Bruce-Scripts-Heaven_RFID/Amiibo,moved
sd_card_content/nfc/Amiibo/Animal_Crossing/Amiibo_Cards/Series_3/Diva.nfc,nfc,Amiibo,Bruce-Scripts-Heaven_RFID/Amiibo,moved
sd_card_content/nfc/Amiibo/Animal_Crossing/Amiibo_Cards/Series_3/AC_283_Frank.nfc,nfc,Amiibo,Bruce-Scripts-Heaven_RFID/Amiibo,moved
sd_card_content/nfc/Amiibo/Animal_Crossing/Amiibo_Cards/Series_3/AC_223_Del.nfc,nfc,Amiibo,Bruce-Scripts-Heaven_RFID/Amiibo,moved
sd_card_content/nfc/Amiibo/Animal_Crossing/Amiibo_Cards/Series_3/AC_288_Curly.nfc,nfc,Amiibo,Bruce-Scripts-Heaven_RFID/Amiibo,moved
sd_card_content/nfc/Amiibo/Animal_Crossing/Amiibo_Cards/Series_3/Rooney.nfc,nfc,Amiibo,Bruce-Scripts-Heaven_RFID/Amiibo,moved
sd_card_content/nfc/Amiibo/Animal_Crossing/Amiibo_Cards/Series_3/AC_214_Don_Resetti.nfc,nfc,Amiibo,Bruce-Scripts-Heaven_RFID/Amiibo,moved
sd_card_content/nfc/Amiibo/Animal_Crossing/Amiibo_Cards/Series_3/Pelly.nfc,nfc,Amiibo,Bruce-Scripts-Heaven_RFID/Amiibo,moved
sd_card_content/nfc/Amiibo/Animal_Crossing/Amiibo_Cards/Series_3/AC_209_Wendell.nfc,nfc,Amiibo,Bruce-Scripts-Heaven_RFID/Amiibo,moved
sd_card_content/nfc/Amiibo/Animal_Crossing/Amiibo_Cards/Series_3/AC_207_Mabel.nfc,nfc,Amiibo,Bruce-Scripts-Heaven_RFID/Amiibo,moved
sd_card_content/nfc/Amiibo/Animal_Crossing/Amiibo_Cards/Series_3/AC_234_Marina.nfc,nfc,Amiibo,Bruce-Scripts-Heaven_RFID/Amiibo,moved
sd_card_content/nfc/Amiibo/Animal_Crossing/Amiibo_Cards/Series_3/Daisy.nfc,nfc,Amiibo,Bruce-Scripts-Heaven_RFID/Amiibo,moved
sd_card_content/nfc/Amiibo/Animal_Crossing/Amiibo_Cards/Series_3/AC_256_Diva.nfc,nfc,Amiibo,Bruce-Scripts-Heaven_RFID/Amiibo,moved
sd_card_content/nfc/Amiibo/Animal_Crossing/Amiibo_Cards/Series_3/AC_252_Merry.nfc,nfc,Amiibo,Bruce-Scripts-Heaven_RFID/Amiibo,moved
sd_card_content/nfc/Amiibo/Animal_Crossing/Amiibo_Cards/Series_3/Colton.nfc,nfc,Amiibo,Bruce-Scripts-Heaven_RFID/Amiibo,moved
sd_card_content/nfc/Amiibo/Animal_Crossing/Amiibo_Cards/Series_3/Beardo.nfc,nfc,Amiibo,Bruce-Scripts-Heaven_RFID/Amiibo,moved
sd_card_content/nfc/Amiibo/Animal_Crossing/Amiibo_Cards/Series_3/AC_243_Drago.nfc,nfc,Amiibo,Bruce-Scripts-Heaven_RFID/Amiibo,moved
sd_card_content/nfc/Amiibo/Animal_Crossing/Amiibo_Cards/Series_3/AC_201_Rover.nfc,nfc,Amiibo,Bruce-Scripts-Heaven_RFID/Amiibo,moved
sd_card_content/nfc/Amiibo/Animal_Crossing/Amiibo_Cards/Series_3/Pete.nfc,nfc,Amiibo,Bruce-Scripts-Heaven_RFID/Amiibo,moved
sd_card_content/nfc/Amiibo/Animal_Crossing/Amiibo_Cards/Series_3/AC_231_Elvis.nfc,nfc,Amiibo,Bruce-Scripts-Heaven_RFID/Amiibo,moved
sd_card_content/nfc/Amiibo/Animal_Crossing/Amiibo_Cards/Series_3/Marshal.nfc,nfc,Amiibo,Bruce-Scripts-Heaven_RFID/Amiibo,moved
sd_card_content/nfc/Amiibo/Animal_Crossing/Amiibo_Cards/Series_3/Elvis.nfc,nfc,Amiibo,Bruce-Scripts-Heaven_RFID/Amiibo,moved
sd_card_content/nfc/Amiibo/Animal_Crossing/Amiibo_Cards/Series_3/AC_277_Monty.nfc,nfc,Amiibo,Bruce-Scripts-Heaven_RFID/Amiibo,moved
sd_card_content/nfc/Amiibo/Animal_Crossing/Amiibo_Cards/Series_3/Tammi.nfc,nfc,Amiibo,Bruce-Scripts-Heaven_RFID/Amiibo,moved
sd_card_content/nfc/Amiibo/Animal_Crossing/Amiibo_Cards/Series_3/AC_296_Soleil.nfc,nfc,Amiibo,Bruce-Scripts-Heaven_RFID/Amiibo,moved
sd_card_content/nfc/Amiibo/Animal_Crossing/Amiibo_Cards/Series_3/Hamlet.nfc,nfc,Amiibo,Bruce-Scripts-Heaven_RFID/Amiibo,moved
sd_card_content/nfc/Amiibo/Animal_Crossing/Amiibo_Cards/Series_3/AC_281_Lyman.nfc,nfc,Amiibo,Bruce-Scripts-Heaven_RFID/Amiibo,moved
sd_card_content/nfc/Amiibo/Animal_Crossing/Amiibo_Cards/Series_3/Freckles.nfc,nfc,Amiibo,Bruce-Scripts-Heaven_RFID/Amiibo,moved
sd_card_content/nfc/Amiibo/Animal_Crossing/Amiibo_Cards/Series_3/Derwin.nfc,nfc,Amiibo,Bruce-Scripts-Heaven_RFID/Amiibo,moved
sd_card_content/nfc/Amiibo/Animal_Crossing/Amiibo_Cards/Series_3/Victoria.nfc,nfc,Amiibo,Bruce-Scripts-Heaven_RFID/Amiibo,moved
sd_card_content/nfc/Amiibo/Animal_Crossing/Amiibo_Cards/Series_3/Blathers.nfc,nfc,Amiibo,Bruce-Scripts-Heaven_RFID/Amiibo,moved
sd_card_content/nfc/Amiibo/Animal_Crossing/Amiibo_Cards/Series_3/Spork_Crackle.nfc,nfc,Amiibo,Bruce-Scripts-Heaven_RFID/Amiibo,moved
sd_card_content/nfc/Amiibo/Animal_Crossing/Amiibo_Cards/Series_3/Marina.nfc,nfc,Amiibo,Bruce-Scripts-Heaven_RFID/Amiibo,moved
sd_card_content/nfc/Amiibo/Animal_Crossing/Amiibo_Cards/Series_3/AC_300_Chrissy.nfc,nfc,Amiibo,Bruce-Scripts-Heaven_RFID/Amiibo,moved
sd_card_content/nfc/Amiibo/Animal_Crossing/Amiibo_Cards/Series_3/Buck.nfc,nfc,Amiibo,Bruce-Scripts-Heaven_RFID/Amiibo,moved
sd_card_content/nfc/Amiibo/Animal_Crossing/Amiibo_Cards/Series_3/Leif.nfc,nfc,Amiibo,Bruce-Scripts-Heaven_RFID/Amiibo,moved
sd_card_content/nfc/Amiibo/Animal_Crossing/Amiibo_Cards/Series_3/AC_216_Franklin.nfc,nfc,Amiibo,Bruce-Scripts-Heaven_RFID/Amiibo,moved
sd_card_content/nfc/Amiibo/Animal_Crossing/Amiibo_Cards/Series_3/AC_204_Pelly.nfc,nfc,Amiibo,Bruce-Scripts-Heaven_RFID/Amiibo,moved
sd_card_content/nfc/Amiibo/Animal_Crossing/Amiibo_Cards/Series_3/Eloise.nfc,nfc,Amiibo,Bruce-Scripts-Heaven_RFID/Amiibo,moved
sd_card_content/nfc/Amiibo/Animal_Crossing/Amiibo_Cards/Series_3/Miranda.nfc,nfc,Amiibo,Bruce-Scripts-Heaven_RFID/Amiibo,moved
sd_card_content/nfc/Amiibo/Animal_Crossing/Amiibo_Cards/Series_3/AC_269_Bree.nfc,nfc,Amiibo,Bruce-Scripts-Heaven_RFID/Amiibo,moved
sd_card_content/nfc/Amiibo/Animal_Crossing/Amiibo_Cards/Series_3/AC_236_Freckles.nfc,nfc,Amiibo,Bruce-Scripts-Heaven_RFID/Amiibo,moved
sd_card_content/nfc/Amiibo/Animal_Crossing/Amiibo_Cards/Series_3/AC_279_Biskit.nfc,nfc,Amiibo,Bruce-Scripts-Heaven_RFID/Amiibo,moved
sd_card_content/nfc/Amiibo/Animal_Crossing/Amiibo_Cards/Series_3/AC_258_Daisy.nfc,nfc,Amiibo,Bruce-Scripts-Heaven_RFID/Amiibo,moved
sd_card_content/nfc/Amiibo/Animal_Crossing/Amiibo_Cards/Series_3/AC_297_Apollo.nfc,nfc,Amiibo,Bruce-Scripts-Heaven_RFID/Amiibo,moved
sd_card_content/nfc/Amiibo/Animal_Crossing/Amiibo_Cards/Series_3/Gala.nfc,nfc,Amiibo,Bruce-Scripts-Heaven_RFID/Amiibo,moved
sd_card_content/nfc/Amiibo/Animal_Crossing/Amiibo_Cards/Series_3/AC_254_Greta.nfc,nfc,Amiibo,Bruce-Scripts-Heaven_RFID/Amiibo,moved
sd_card_content/nfc/Amiibo/Animal_Crossing/Amiibo_Cards/Series_3/Canberra.nfc,nfc,Amiibo,Bruce-Scripts-Heaven_RFID/Amiibo,moved
sd_card_content/nfc/Amiibo/Animal_Crossing/Amiibo_Cards/Series_3/Monty.nfc,nfc,Amiibo,Bruce-Scripts-Heaven_RFID/Amiibo,moved
sd_card_content/nfc/Amiibo/Animal_Crossing/Amiibo_Cards/Series_3/Ricky.nfc,nfc,Amiibo,Bruce-Scripts-Heaven_RFID/Amiibo,moved
sd_card_content/nfc/Amiibo/Animal_Crossing/Amiibo_Cards/Series_3/Rover.nfc,nfc,Amiibo,Bruce-Scripts-Heaven_RFID/Amiibo,moved
sd_card_content/nfc/Amiibo/Animal_Crossing/Amiibo_Cards/Series_3/Stinky.nfc,nfc,Amiibo,Bruce-Scripts-Heaven_RFID/Amiibo,moved
sd_card_content/nfc/Amiibo/Animal_Crossing/Amiibo_Cards/Series_3/Hans.nfc,nfc,Amiibo,Bruce-Scripts-Heaven_RFID/Amiibo,moved
sd_card_content/nfc/Amiibo/Animal_Crossing/Amiibo_Cards/Series_3/AC_206_Pete.nfc,nfc,Amiibo,Bruce-Scripts-Heaven_RFID/Amiibo,moved
sd_card_content/nfc/Amiibo/Animal_Crossing/Amiibo_Cards/Series_3/Soleil.nfc,nfc,Amiibo,Bruce-Scripts-Heaven_RFID/Amiibo,moved
sd_card_content/nfc/Amiibo/Animal_Crossing/Amiibo_Cards/Series_3/Antonio.nfc,nfc,Amiibo,Bruce-Scripts-Heaven_RFID/Amiibo,moved
sd_card_content/nfc/Amiibo/Animal_Crossing/Amiibo_Cards/Series_3/Cousteau.nfc,nfc,Amiibo,Bruce-Scripts-Heaven_RFID/Amiibo,moved
sd_card_content/nfc/Amiibo/Animal_Crossing/Amiibo_Cards/Series_3/Franklin.nfc,nfc,Amiibo,Bruce-Scripts-Heaven_RFID/Amiibo,moved
sd_card_content/nfc/Amiibo/Animal_Crossing/Amiibo_Cards/Series_3/Gaston.nfc,nfc,Amiibo,Bruce-Scripts-Heaven_RFID/Amiibo,moved
sd_card_content/nfc/Amiibo/Animal_Crossing/Amiibo_Cards/Series_3/AC_255_Wolfgang.nfc,nfc,Amiibo,Bruce-Scripts-Heaven_RFID/Amiibo,moved
sd_card_content/nfc/Amiibo/Animal_Crossing/Amiibo_Cards/Series_3/Klaus.nfc,nfc,Amiibo,Bruce-Scripts-Heaven_RFID/Amiibo,moved
sd_card_content/nfc/Amiibo/Animal_Crossing/Amiibo_Cards/Series_3/Bam.nfc,nfc,Amiibo,Bruce-Scripts-Heaven_RFID/Amiibo,moved
sd_card_content/nfc/Amiibo/Animal_Crossing/Amiibo_Cards/Series_3/Ava.nfc,nfc,Amiibo,Bruce-Scripts-Heaven_RFID/Amiibo,moved
sd_card_content/nfc/Amiibo/Animal_Crossing/Amiibo_Cards/Series_3/AC_226_Mitzi.nfc,nfc,Amiibo,Bruce-Scripts-Heaven_RFID/Amiibo,moved
sd_card_content/nfc/Amiibo/Animal_Crossing/Amiibo_Cards/Series_3/AC_284_Chadder.nfc,nfc,Amiibo,Bruce-Scripts-Heaven_RFID/Amiibo,moved
sd_card_content/nfc/Amiibo/Animal_Crossing/Amiibo_Cards/Series_3/Del.nfc,nfc,Amiibo,Bruce-Scripts-Heaven_RFID/Amiibo,moved
sd_card_content/nfc/Amiibo/Animal_Crossing/Amiibo_Cards/Series_3/AC_275_Hamlet.nfc,nfc,Amiibo,Bruce-Scripts-Heaven_RFID/Amiibo,moved
sd_card_content/nfc/Amiibo/Animal_Crossing/Amiibo_Cards/Series_3/Apollo.nfc,nfc,Amiibo,Bruce-Scripts-Heaven_RFID/Amiibo,moved
sd_card_content/nfc/Amiibo/Animal_Crossing/Amiibo_Cards/Series_3/Genji.nfc,nfc,Amiibo,Bruce-Scripts-Heaven_RFID/Amiibo,moved
sd_card_content/nfc/Amiibo/Animal_Crossing/Amiibo_Cards/Series_3/AC_292_Baabara.nfc,nfc,Amiibo,Bruce-Scripts-Heaven_RFID/Amiibo,moved
sd_card_content/nfc/Amiibo/Animal_Crossing/Amiibo_Cards/Series_3/Grams.nfc,nfc,Amiibo,Bruce-Scripts-Heaven_RFID/Amiibo,moved
sd_card_content/nfc/Amiibo/Animal_Crossing/Amiibo_Cards/Series_3/Violet.nfc,nfc,Amiibo,Bruce-Scripts-Heaven_RFID/Amiibo,moved
sd_card_content/nfc/Amiibo/Animal_Crossing/Amiibo_Cards/Series_3/Boomer.nfc,nfc,Amiibo,Bruce-Scripts-Heaven_RFID/Amiibo,moved
sd_card_content/nfc/Amiibo/Animal_Crossing/Amiibo_Cards/Series_3/AC_212_Timmy.nfc,nfc,Amiibo,Bruce-Scripts-Heaven_RFID/Amiibo,moved
sd_card_content/nfc/Amiibo/Animal_Crossing/Amiibo_Cards/Series_3/AC_278_Dora.nfc,nfc,Amiibo,Bruce-Scripts-Heaven_RFID/Amiibo,moved
sd_card_content/nfc/Amiibo/Animal_Crossing/Amiibo_Cards/Series_3/Cyrus.nfc,nfc,Amiibo,Bruce-Scripts-Heaven_RFID/Amiibo,moved
sd_card_content/nfc/Amiibo/Animal_Crossing/Figures/[AC]_06_-_Tom_Nook.nfc,nfc,Amiibo,Bruce-Scripts-Heaven_RFID/Amiibo,moved
sd_card_content/nfc/Amiibo/Animal_Crossing/Figures/[AC]_16_-_Isabelle_(Summer_Outfit).nfc,nfc,Amiibo,Bruce-Scripts-Heaven_RFID/Amiibo,moved
sd_card_content/nfc/Amiibo/Animal_Crossing/Figures/[AC]_04_-_Reese.nfc,nfc,Amiibo,Bruce-Scripts-Heaven_RFID/Amiibo,moved
sd_card_content/nfc/Amiibo/Animal_Crossing/Figures/[AC]_05_-_Cyrrus.nfc,nfc,Amiibo,Bruce-Scripts-Heaven_RFID/Amiibo,moved
sd_card_content/nfc/Amiibo/Animal_Crossing/Figures/[AC]_09_-_Resetti.nfc,nfc,Amiibo,Bruce-Scripts-Heaven_RFID/Amiibo,moved
sd_card_content/nfc/Amiibo/Animal_Crossing/Figures/[AC]_15_-_Kapp_n.nfc,nfc,Amiibo,Bruce-Scripts-Heaven_RFID/Amiibo,moved
sd_card_content/nfc/Amiibo/Animal_Crossing/Figures/[AC]_12_-_Celeste.nfc,nfc,Amiibo,Bruce-Scripts-Heaven_RFID/Amiibo,moved
sd_card_content/nfc/Amiibo/Animal_Crossing/Figures/[AC]_01_-_Isabelle.nfc,nfc,Amiibo,Bruce-Scripts-Heaven_RFID/Amiibo,moved
sd_card_content/nfc/Amiibo/Animal_Crossing/Figures/[AC]_13_-_Timmy___Tommy.nfc,nfc,Amiibo,Bruce-Scripts-Heaven_RFID/Amiibo,moved
sd_card_content/nfc/Amiibo/Animal_Crossing/Figures/[AC]_03_-_Lottie.nfc,nfc,Amiibo,Bruce-Scripts-Heaven_RFID/Amiibo,moved
sd_card_content/nfc/Amiibo/Animal_Crossing/Figures/[AC]_08_-_Digby.nfc,nfc,Amiibo,Bruce-Scripts-Heaven_RFID/Amiibo,moved
sd_card_content/nfc/Amiibo/Animal_Crossing/Figures/[AC]_11_-_Kicks.nfc,nfc,Amiibo,Bruce-Scripts-Heaven_RFID/Amiibo,moved
sd_card_content/nfc/Amiibo/Animal_Crossing/Figures/[AC]_14_-_Rover.nfc,nfc,Amiibo,Bruce-Scripts-Heaven_RFID/Amiibo,moved
sd_card_content/nfc/Amiibo/Animal_Crossing/Figures/[AC]_10_-_Blathers.nfc,nfc,Amiibo,Bruce-Scripts-Heaven_RFID/Amiibo,moved
sd_card_content/nfc/Amiibo/Animal_Crossing/Figures/[AC]_07_-_Mabel.nfc,nfc,Amiibo,Bruce-Scripts-Heaven_RFID/Amiibo,moved
sd_card_content/nfc/Amiibo/Animal_Crossing/Figures/[AC]_02_-_K.K._Slider.nfc,nfc,Amiibo,Bruce-Scripts-Heaven_RFID/Amiibo,moved
sd_card_content/nfc/Amiibo/Animal_Crossing/Happy_Home_Designer/-HHD-_Items_-_24.nfc,nfc,Amiibo,Bruce-Scripts-Heaven_RFID/Amiibo,moved
sd_card_content/nfc/Amiibo/Animal_Crossing/Happy_Home_Designer/-HHD-_Items_-_61.nfc,nfc,Amiibo,Bruce-Scripts-Heaven_RFID/Amiibo,moved
sd_card_content/nfc/Amiibo/Animal_Crossing/Happy_Home_Designer/-HHD-_Items_-_50.nfc,nfc,Amiibo,Bruce-Scripts-Heaven_RFID/Amiibo,moved
sd_card_content/nfc/Amiibo/Animal_Crossing/Happy_Home_Designer/-HHD-_Items_-_04.nfc,nfc,Amiibo,Bruce-Scripts-Heaven_RFID/Amiibo,moved
sd_card_content/nfc/Amiibo/Animal_Crossing/Happy_Home_Designer/-HHD-_Items_-_20.nfc,nfc,Amiibo,Bruce-Scripts-Heaven_RFID/Amiibo,moved
sd_card_content/nfc/Amiibo/Animal_Crossing/Happy_Home_Designer/-HHD-_Items_-_66.nfc,nfc,Amiibo,Bruce-Scripts-Heaven_RFID/Amiibo,moved
sd_card_content/nfc/Amiibo/Animal_Crossing/Happy_Home_Designer/-HHD-_Items_-_05.nfc,nfc,Amiibo,Bruce-Scripts-Heaven_RFID/Amiibo,moved
sd_card_content/nfc/Amiibo/Animal_Crossing/Happy_Home_Designer/-HHD-_Items_-_53.nfc,nfc,Amiibo,Bruce-Scripts-Heaven_RFID/Amiibo,moved
sd_card_content/nfc/Amiibo/Animal_Crossing/Happy_Home_Designer/-HHD-_Items_-_90.nfc,nfc,Amiibo,Bruce-Scripts-Heaven_RFID/Amiibo,moved
sd_card_content/nfc/Amiibo/Animal_Crossing/Happy_Home_Designer/-HHD-_Items_-_62.nfc,nfc,Amiibo,Bruce-Scripts-Heaven_RFID/Amiibo,moved
sd_card_content/nfc/Amiibo/Animal_Crossing/Happy_Home_Designer/-HHD-_Items_-_07.nfc,nfc,Amiibo,Bruce-Scripts-Heaven_RFID/Amiibo,moved
sd_card_content/nfc/Amiibo/Animal_Crossing/Happy_Home_Designer/-HHD-_Items_-_85.nfc,nfc,Amiibo,Bruce-Scripts-Heaven_RFID/Amiibo,moved
sd_card_content/nfc/Amiibo/Animal_Crossing/Happy_Home_Designer/-HHD-_Items_-_39.nfc,nfc,Amiibo,Bruce-Scripts-Heaven_RFID/Amiibo,moved
sd_card_content/nfc/Amiibo/Animal_Crossing/Happy_Home_Designer/-HHD-_Items_-_84.nfc,nfc,Amiibo,Bruce-Scripts-Heaven_RFID/Amiibo,moved
sd_card_content/nfc/Amiibo/Animal_Crossing/Happy_Home_Designer/-HHD-_Items_-_80.nfc,nfc,Amiibo,Bruce-Scripts-Heaven_RFID/Amiibo,moved
sd_card_content/nfc/Amiibo/Animal_Crossing/Happy_Home_Designer/-HHD-_Items_-_81.nfc,nfc,Amiibo,Bruce-Scripts-Heaven_RFID/Amiibo,moved
sd_card_content/nfc/Amiibo/Animal_Crossing/Happy_Home_Designer/-HHD-_Items_-_09.nfc,nfc,Amiibo,Bruce-Scripts-Heaven_RFID/Amiibo,moved
sd_card_content/nfc/Amiibo/Animal_Crossing/Happy_Home_Designer/-HHD-_Items_-_37.nfc,nfc,Amiibo,Bruce-Scripts-Heaven_RFID/Amiibo,moved
sd_card_content/nfc/Amiibo/Animal_Crossing/Happy_Home_Designer/-HHD-_Items_-_63.nfc,nfc,Amiibo,Bruce-Scripts-Heaven_RFID/Amiibo,moved
sd_card_content/nfc/Amiibo/Animal_Crossing/Happy_Home_Designer/-HHD-_Items_-_02.nfc,nfc,Amiibo,Bruce-Scripts-Heaven_RFID/Amiibo,moved
sd_card_content/nfc/Amiibo/Animal_Crossing/Happy_Home_Designer/-HHD-_Items_-_71.nfc,nfc,Amiibo,Bruce-Scripts-Heaven_RFID/Amiibo,moved
sd_card_content/nfc/Amiibo/Animal_Crossing/Happy_Home_Designer/-HHD-_Items_-_86.nfc,nfc,Amiibo,Bruce-Scripts-Heaven_RFID/Amiibo,moved
sd_card_content/nfc/Amiibo/Animal_Crossing/Happy_Home_Designer/-HHD-_Items_-_70.nfc,nfc,Amiibo,Bruce-Scripts-Heaven_RFID/Amiibo,moved
sd_card_content/nfc/Amiibo/Animal_Crossing/Happy_Home_Designer/-HHD-_Items_-_68.nfc,nfc,Amiibo,Bruce-Scripts-Heaven_RFID/Amiibo,moved
sd_card_content/nfc/Amiibo/Animal_Crossing/Happy_Home_Designer/-HHD-_Items_-_69.nfc,nfc,Amiibo,Bruce-Scripts-Heaven_RFID/Amiibo,moved
sd_card_content/nfc/Amiibo/Animal_Crossing/Happy_Home_Designer/-HHD-_Items_-_91.nfc,nfc,Amiibo,Bruce-Scripts-Heaven_RFID/Amiibo,moved
sd_card_content/nfc/Amiibo/Animal_Crossing/Happy_Home_Designer/-HHD-_Items_-_73.nfc,nfc,Amiibo,Bruce-Scripts-Heaven_RFID/Amiibo,moved
sd_card_content/nfc/Amiibo/Animal_Crossing/Happy_Home_Designer/-HHD-_Items_-_49.nfc,nfc,Amiibo,Bruce-Scripts-Heaven_RFID/Amiibo,moved
sd_card_content/nfc/Amiibo/Animal_Crossing/Happy_Home_Designer/-HHD-_Items_-_56.nfc,nfc,Amiibo,Bruce-Scripts-Heaven_RFID/Amiibo,moved
sd_card_content/nfc/Amiibo/Animal_Crossing/Happy_Home_Designer/-HHD-_Items_-_35.nfc,nfc,Amiibo,Bruce-Scripts-Heaven_RFID/Amiibo,moved
sd_card_content/nfc/Amiibo/Animal_Crossing/Happy_Home_Designer/-HHD-_Items_-_87.nfc,nfc,Amiibo,Bruce-Scripts-Heaven_RFID/Amiibo,moved
sd_card_content/nfc/Amiibo/Animal_Crossing/Happy_Home_Designer/-HHD-_Items_-_48.nfc,nfc,Amiibo,Bruce-Scripts-Heaven_RFID/Amiibo,moved
sd_card_content/nfc/Amiibo/Animal_Crossing/Happy_Home_Designer/-HHD-_Items_-_75.nfc,nfc,Amiibo,Bruce-Scripts-Heaven_RFID/Amiibo,moved
sd_card_content/nfc/Amiibo/Animal_Crossing/Happy_Home_Designer/-HHD-_Items_-_28.nfc,nfc,Amiibo,Bruce-Scripts-Heaven_RFID/Amiibo,moved
sd_card_content/nfc/Amiibo/Animal_Crossing/Happy_Home_Designer/-HHD-_Items_-_33.nfc,nfc,Amiibo,Bruce-Scripts-Heaven_RFID/Amiibo,moved
sd_card_content/nfc/Amiibo/Animal_Crossing/Happy_Home_Designer/-HHD-_Items_-_58.nfc,nfc,Amiibo,Bruce-Scripts-Heaven_RFID/Amiibo,moved
sd_card_content/nfc/Amiibo/Animal_Crossing/Happy_Home_Designer/-HHD-_Items_-_14.nfc,nfc,Amiibo,Bruce-Scripts-Heaven_RFID/Amiibo,moved
sd_card_content/nfc/Amiibo/Animal_Crossing/Happy_Home_Designer/-HHD-_Items_-_74.nfc,nfc,Amiibo,Bruce-Scripts-Heaven_RFID/Amiibo,moved
sd_card_content/nfc/Amiibo/Animal_Crossing/Happy_Home_Designer/-HHD-_Items_-_03.nfc,nfc,Amiibo,Bruce-Scripts-Heaven_RFID/Amiibo,moved
sd_card_content/nfc/Amiibo/Animal_Crossing/Happy_Home_Designer/-HHD-_Items_-_11.nfc,nfc,Amiibo,Bruce-Scripts-Heaven_RFID/Amiibo,moved
sd_card_content/nfc/Amiibo/Animal_Crossing/Happy_Home_Designer/-HHD-_Items_-_36.nfc,nfc,Amiibo,Bruce-Scripts-Heaven_RFID/Amiibo,moved
sd_card_content/nfc/Amiibo/Animal_Crossing/Happy_Home_Designer/-HHD-_Items_-_40.nfc,nfc,Amiibo,Bruce-Scripts-Heaven_RFID/Amiibo,moved
sd_card_content/nfc/Amiibo/Animal_Crossing/Happy_Home_Designer/-HHD-_Items_-_29.nfc,nfc,Amiibo,Bruce-Scripts-Heaven_RFID/Amiibo,moved
sd_card_content/nfc/Amiibo/Animal_Crossing/Happy_Home_Designer/-HHD-_Items_-_10.nfc,nfc,Amiibo,Bruce-Scripts-Heaven_RFID/Amiibo,moved
sd_card_content/nfc/Amiibo/Animal_Crossing/Happy_Home_Designer/-HHD-_Items_-_32.nfc,nfc,Amiibo,Bruce-Scripts-Heaven_RFID/Amiibo,moved
sd_card_content/nfc/Amiibo/Animal_Crossing/Happy_Home_Designer/-HHD-_Items_-_23.nfc,nfc,Amiibo,Bruce-Scripts-Heaven_RFID/Amiibo,moved
sd_card_content/nfc/Amiibo/Animal_Crossing/Happy_Home_Designer/-HHD-_Items_-_78.nfc,nfc,Amiibo,Bruce-Scripts-Heaven_RFID/Amiibo,moved
sd_card_content/nfc/Amiibo/Animal_Crossing/Happy_Home_Designer/-HHD-_Items_-_60.nfc,nfc,Amiibo,Bruce-Scripts-Heaven_RFID/Amiibo,moved
sd_card_content/nfc/Amiibo/Animal_Crossing/Happy_Home_Designer/-HHD-_Items_-_76.nfc,nfc,Amiibo,Bruce-Scripts-Heaven_RFID/Amiibo,moved
sd_card_content/nfc/Amiibo/Animal_Crossing/Happy_Home_Designer/-HHD-_Items_-_88.nfc,nfc,Amiibo,Bruce-Scripts-Heaven_RFID/Amiibo,moved
sd_card_content/nfc/Amiibo/Animal_Crossing/Happy_Home_Designer/-HHD-_Items_-_26.nfc,nfc,Amiibo,Bruce-Scripts-Heaven_RFID/Amiibo,moved
sd_card_content/nfc/Amiibo/Animal_Crossing/Happy_Home_Designer/-HHD-_Items_-_64.nfc,nfc,Amiibo,Bruce-Scripts-Heaven_RFID/Amiibo,moved
sd_card_content/nfc/Amiibo/Animal_Crossing/Happy_Home_Designer/-HHD-_Items_-_22.nfc,nfc,Amiibo,Bruce-Scripts-Heaven_RFID/Amiibo,moved
sd_card_content/nfc/Amiibo/Animal_Crossing/Happy_Home_Designer/-HHD-_Items_-_41.nfc,nfc,Amiibo,Bruce-Scripts-Heaven_RFID/Amiibo,moved
sd_card_content/nfc/Amiibo/Animal_Crossing/Happy_Home_Designer/-HHD-_Items_-_43.nfc,nfc,Amiibo,Bruce-Scripts-Heaven_RFID/Amiibo,moved
sd_card_content/nfc/Amiibo/Animal_Crossing/Happy_Home_Designer/-HHD-_Items_-_89.nfc,nfc,Amiibo,Bruce-Scripts-Heaven_RFID/Amiibo,moved
sd_card_content/nfc/Amiibo/Animal_Crossing/Happy_Home_Designer/-HHD-_Items_-_01.nfc,nfc,Amiibo,Bruce-Scripts-Heaven_RFID/Amiibo,moved
sd_card_content/nfc/Amiibo/Animal_Crossing/Happy_Home_Designer/-HHD-_Items_-_46.nfc,nfc,Amiibo,Bruce-Scripts-Heaven_RFID/Amiibo,moved
sd_card_content/nfc/Amiibo/Animal_Crossing/Happy_Home_Designer/-HHD-_Items_-_44.nfc,nfc,Amiibo,Bruce-Scripts-Heaven_RFID/Amiibo,moved
sd_card_content/nfc/Amiibo/Animal_Crossing/Happy_Home_Designer/-HHD-_Items_-_19.nfc,nfc,Amiibo,Bruce-Scripts-Heaven_RFID/Amiibo,moved
sd_card_content/nfc/Amiibo/Animal_Crossing/Happy_Home_Designer/-HHD-_Items_-_83.nfc,nfc,Amiibo,Bruce-Scripts-Heaven_RFID/Amiibo,moved
sd_card_content/nfc/Amiibo/Animal_Crossing/Happy_Home_Designer/-HHD-_Items_-_34.nfc,nfc,Amiibo,Bruce-Scripts-Heaven_RFID/Amiibo,moved
sd_card_content/nfc/Amiibo/Animal_Crossing/Happy_Home_Designer/-HHD-_Items_-_13.nfc,nfc,Amiibo,Bruce-Scripts-Heaven_RFID/Amiibo,moved
sd_card_content/nfc/Amiibo/Animal_Crossing/Happy_Home_Designer/-HHD-_Items_-_16.nfc,nfc,Amiibo,Bruce-Scripts-Heaven_RFID/Amiibo,moved
sd_card_content/nfc/Amiibo/Animal_Crossing/Happy_Home_Designer/-HHD-_Items_-_08.nfc,nfc,Amiibo,Bruce-Scripts-Heaven_RFID/Amiibo,moved
sd_card_content/nfc/Amiibo/Animal_Crossing/Happy_Home_Designer/-HHD-_Items_-_77.nfc,nfc,Amiibo,Bruce-Scripts-Heaven_RFID/Amiibo,moved
sd_card_content/nfc/Amiibo/Animal_Crossing/Happy_Home_Designer/-HHD-_Items_-_21.nfc,nfc,Amiibo,Bruce-Scripts-Heaven_RFID/Amiibo,moved
sd_card_content/nfc/Amiibo/Animal_Crossing/Happy_Home_Designer/-HHD-_Items_-_12.nfc,nfc,Amiibo,Bruce-Scripts-Heaven_RFID/Amiibo,moved
sd_card_content/nfc/Amiibo/Animal_Crossing/Happy_Home_Designer/-HHD-_Items_-_45.nfc,nfc,Amiibo,Bruce-Scripts-Heaven_RFID/Amiibo,moved
sd_card_content/nfc/Amiibo/Animal_Crossing/Happy_Home_Designer/-HHD-_Items_-_54.nfc,nfc,Amiibo,Bruce-Scripts-Heaven_RFID/Amiibo,moved
sd_card_content/nfc/Amiibo/Animal_Crossing/Happy_Home_Designer/-HHD-_Items_-_25.nfc,nfc,Amiibo,Bruce-Scripts-Heaven_RFID/Amiibo,moved
sd_card_content/nfc/Amiibo/Animal_Crossing/Happy_Home_Designer/-HHD-_Items_-_42.nfc,nfc,Amiibo,Bruce-Scripts-Heaven_RFID/Amiibo,moved
sd_card_content/nfc/Amiibo/Animal_Crossing/Happy_Home_Designer/-HHD-_Items_-_79.nfc,nfc,Amiibo,Bruce-Scripts-Heaven_RFID/Amiibo,moved
sd_card_content/nfc/Amiibo/Animal_Crossing/Happy_Home_Designer/-HHD-_Items_-_15.nfc,nfc,Amiibo,Bruce-Scripts-Heaven_RFID/Amiibo,moved
sd_card_content/nfc/Amiibo/Animal_Crossing/Happy_Home_Designer/-HHD-_Items_-_47.nfc,nfc,Amiibo,Bruce-Scripts-Heaven_RFID/Amiibo,moved
sd_card_content/nfc/Amiibo/Animal_Crossing/Happy_Home_Designer/-HHD-_Items_-_17.nfc,nfc,Amiibo,Bruce-Scripts-Heaven_RFID/Amiibo,moved
sd_card_content/nfc/Amiibo/Animal_Crossing/Happy_Home_Designer/-HHD-_Items_-_06.nfc,nfc,Amiibo,Bruce-Scripts-Heaven_RFID/Amiibo,moved
sd_card_content/nfc/Amiibo/Animal_Crossing/Happy_Home_Designer/-HHD-_Items_-_59.nfc,nfc,Amiibo,Bruce-Scripts-Heaven_RFID/Amiibo,moved
sd_card_content/nfc/Amiibo/Animal_Crossing/Happy_Home_Designer/-HHD-_Items_-_65.nfc,nfc,Amiibo,Bruce-Scripts-Heaven_RFID/Amiibo,moved
sd_card_content/nfc/Amiibo/Animal_Crossing/Happy_Home_Designer/-HHD-_Items_-_52.nfc,nfc,Amiibo,Bruce-Scripts-Heaven_RFID/Amiibo,moved
sd_card_content/nfc/Amiibo/Animal_Crossing/Happy_Home_Designer/-HHD-_Items_-_55.nfc,nfc,Amiibo,Bruce-Scripts-Heaven_RFID/Amiibo,moved
sd_card_content/nfc/Amiibo/Animal_Crossing/Happy_Home_Designer/-HHD-_Items_-_72.nfc,nfc,Amiibo,Bruce-Scripts-Heaven_RFID/Amiibo,moved
sd_card_content/nfc/Amiibo/Animal_Crossing/Happy_Home_Designer/-HHD-_Items_-_67.nfc,nfc,Amiibo,Bruce-Scripts-Heaven_RFID/Amiibo,moved
sd_card_content/nfc/Amiibo/Animal_Crossing/Happy_Home_Designer/-HHD-_Items_-_30.nfc,nfc,Amiibo,Bruce-Scripts-Heaven_RFID/Amiibo,moved
sd_card_content/nfc/Amiibo/Animal_Crossing/Happy_Home_Designer/-HHD-_Items_-_38.nfc,nfc,Amiibo,Bruce-Scripts-Heaven_RFID/Amiibo,moved
sd_card_content/nfc/Amiibo/Animal_Crossing/Happy_Home_Designer/-HHD-_Items_-_57.nfc,nfc,Amiibo,Bruce-Scripts-Heaven_RFID/Amiibo,moved
sd_card_content/nfc/Amiibo/Animal_Crossing/Happy_Home_Designer/READ_BEFORE_USE.txt,nfc,Amiibo,Bruce-Scripts-Heaven_RFID/Amiibo,moved
sd_card_content/nfc/Amiibo/Animal_Crossing/Happy_Home_Designer/-HHD-_Items_-_18.nfc,nfc,Amiibo,Bruce-Scripts-Heaven_RFID/Amiibo,moved
sd_card_content/nfc/Amiibo/Animal_Crossing/Happy_Home_Designer/-HHD-_Items_-_82.nfc,nfc,Amiibo,Bruce-Scripts-Heaven_RFID/Amiibo,moved
sd_card_content/nfc/Amiibo/Animal_Crossing/Happy_Home_Designer/-HHD-_Items_-_31.nfc,nfc,Amiibo,Bruce-Scripts-Heaven_RFID/Amiibo,moved
sd_card_content/nfc/Amiibo/Animal_Crossing/Happy_Home_Designer/-HHD-_Items_-_51.nfc,nfc,Amiibo,Bruce-Scripts-Heaven_RFID/Amiibo,moved
sd_card_content/nfc/Amiibo/Animal_Crossing/Happy_Home_Designer/-HHD-_Items_-_27.nfc,nfc,Amiibo,Bruce-Scripts-Heaven_RFID/Amiibo,moved
sd_card_content/nfc/Amiibo/Animal_Crossing/Amiibo_Figures/Digby.nfc,nfc,Amiibo,Bruce-Scripts-Heaven_RFID/Amiibo,moved
sd_card_content/nfc/Amiibo/Animal_Crossing/Amiibo_Figures/Isabelle.nfc,nfc,Amiibo,Bruce-Scripts-Heaven_RFID/Amiibo,moved
sd_card_content/nfc/Amiibo/Animal_Crossing/Amiibo_Figures/Mabel.nfc,nfc,Amiibo,Bruce-Scripts-Heaven_RFID/Amiibo,moved
sd_card_content/nfc/Amiibo/Animal_Crossing/Amiibo_Figures/Isabelle_Summer_Outfit.nfc,nfc,Amiibo,Bruce-Scripts-Heaven_RFID/Amiibo,moved
sd_card_content/nfc/Amiibo/Animal_Crossing/Amiibo_Figures/Summertime_Isabelle.nfc,nfc,Amiibo,Bruce-Scripts-Heaven_RFID/Amiibo,moved
sd_card_content/nfc/Amiibo/Animal_Crossing/Amiibo_Figures/KK_Slider.nfc,nfc,Amiibo,Bruce-Scripts-Heaven_RFID/Amiibo,moved
sd_card_content/nfc/Amiibo/Animal_Crossing/Amiibo_Figures/Cyrrus.nfc,nfc,Amiibo,Bruce-Scripts-Heaven_RFID/Amiibo,moved
sd_card_content/nfc/Amiibo/Animal_Crossing/Amiibo_Figures/Tom_Nook.nfc,nfc,Amiibo,Bruce-Scripts-Heaven_RFID/Amiibo,moved
sd_card_content/nfc/Amiibo/Animal_Crossing/Amiibo_Figures/Lottie.nfc,nfc,Amiibo,Bruce-Scripts-Heaven_RFID/Amiibo,moved
sd_card_content/nfc/Amiibo/Animal_Crossing/Amiibo_Figures/Reese.nfc,nfc,Amiibo,Bruce-Scripts-Heaven_RFID/Amiibo,moved
sd_card_content/nfc/Amiibo/Animal_Crossing/Amiibo_Figures/Kicks.nfc,nfc,Amiibo,Bruce-Scripts-Heaven_RFID/Amiibo,moved
sd_card_content/nfc/Amiibo/Animal_Crossing/Amiibo_Figures/Kapp_n.nfc,nfc,Amiibo,Bruce-Scripts-Heaven_RFID/Amiibo,moved
sd_card_content/nfc/Amiibo/Animal_Crossing/Amiibo_Figures/Resetti.nfc,nfc,Amiibo,Bruce-Scripts-Heaven_RFID/Amiibo,moved
sd_card_content/nfc/Amiibo/Animal_Crossing/Amiibo_Figures/Kappn.nfc,nfc,Amiibo,Bruce-Scripts-Heaven_RFID/Amiibo,moved
sd_card_content/nfc/Amiibo/Animal_Crossing/Amiibo_Figures/Blathers.nfc,nfc,Amiibo,Bruce-Scripts-Heaven_RFID/Amiibo,moved
sd_card_content/nfc/Amiibo/Animal_Crossing/Amiibo_Figures/Celeste.nfc,nfc,Amiibo,Bruce-Scripts-Heaven_RFID/Amiibo,moved
sd_card_content/nfc/Amiibo/Animal_Crossing/Amiibo_Figures/Timmy_Tommy.nfc,nfc,Amiibo,Bruce-Scripts-Heaven_RFID/Amiibo,moved
sd_card_content/nfc/Amiibo/Animal_Crossing/Amiibo_Figures/Timmy_and_Tommy.nfc,nfc,Amiibo,Bruce-Scripts-Heaven_RFID/Amiibo,moved
sd_card_content/nfc/Amiibo/Animal_Crossing/Amiibo_Figures/Rover.nfc,nfc,Amiibo,Bruce-Scripts-Heaven_RFID/Amiibo,moved
sd_card_content/nfc/Amiibo/Animal_Crossing/Amiibo_Figures/Cyrus.nfc,nfc,Amiibo,Bruce-Scripts-Heaven_RFID/Amiibo,moved
sd_card_content/nfc/Amiibo/Animal_Crossing/Cards/Series_4/[AC]_327_-_Penelope.nfc,nfc,Amiibo,Bruce-Scripts-Heaven_RFID/Amiibo,moved
sd_card_content/nfc/Amiibo/Animal_Crossing/Cards/Series_4/[AC]_381_-_Gloria.nfc,nfc,Amiibo,Bruce-Scripts-Heaven_RFID/Amiibo,moved
sd_card_content/nfc/Amiibo/Animal_Crossing/Cards/Series_4/[AC]_363_-_Celia.nfc,nfc,Amiibo,Bruce-Scripts-Heaven_RFID/Amiibo,moved
sd_card_content/nfc/Amiibo/Animal_Crossing/Cards/Series_4/[AC]_382_-_Lobo.nfc,nfc,Amiibo,Bruce-Scripts-Heaven_RFID/Amiibo,moved
sd_card_content/nfc/Amiibo/Animal_Crossing/Cards/Series_4/[AC]_340_-_Tex.nfc,nfc,Amiibo,Bruce-Scripts-Heaven_RFID/Amiibo,moved
sd_card_content/nfc/Amiibo/Animal_Crossing/Cards/Series_4/[AC]_317_-_Goldie.nfc,nfc,Amiibo,Bruce-Scripts-Heaven_RFID/Amiibo,moved
sd_card_content/nfc/Amiibo/Animal_Crossing/Cards/Series_4/[AC]_323_-_Katt.nfc,nfc,Amiibo,Bruce-Scripts-Heaven_RFID/Amiibo,moved
sd_card_content/nfc/Amiibo/Animal_Crossing/Cards/Series_4/[AC]_342_-_Bones.nfc,nfc,Amiibo,Bruce-Scripts-Heaven_RFID/Amiibo,moved
sd_card_content/nfc/Amiibo/Animal_Crossing/Cards/Series_4/[AC]_338_-_Fang.nfc,nfc,Amiibo,Bruce-Scripts-Heaven_RFID/Amiibo,moved
sd_card_content/nfc/Amiibo/Animal_Crossing/Cards/Series_4/[AC]_351_-_Puddles.nfc,nfc,Amiibo,Bruce-Scripts-Heaven_RFID/Amiibo,moved
sd_card_content/nfc/Amiibo/Animal_Crossing/Cards/Series_4/[AC]_395_-_Cally.nfc,nfc,Amiibo,Bruce-Scripts-Heaven_RFID/Amiibo,moved
sd_card_content/nfc/Amiibo/Animal_Crossing/Cards/Series_4/[AC]_389_-_Bruce.nfc,nfc,Amiibo,Bruce-Scripts-Heaven_RFID/Amiibo,moved
sd_card_content/nfc/Amiibo/Animal_Crossing/Cards/Series_4/[AC]_310_-_Timmy.nfc,nfc,Amiibo,Bruce-Scripts-Heaven_RFID/Amiibo,moved
sd_card_content/nfc/Amiibo/Animal_Crossing/Cards/Series_4/[AC]_397_-_Iggly.nfc,nfc,Amiibo,Bruce-Scripts-Heaven_RFID/Amiibo,moved
sd_card_content/nfc/Amiibo/Animal_Crossing/Cards/Series_4/[AC]_348_-_Olaf.nfc,nfc,Amiibo,Bruce-Scripts-Heaven_RFID/Amiibo,moved
sd_card_content/nfc/Amiibo/Animal_Crossing/Cards/Series_4/[AC]_306_-_Tommy.nfc,nfc,Amiibo,Bruce-Scripts-Heaven_RFID/Amiibo,moved
sd_card_content/nfc/Amiibo/Animal_Crossing/Cards/Series_4/[AC]_364_-_Zucker.nfc,nfc,Amiibo,Bruce-Scripts-Heaven_RFID/Amiibo,moved
sd_card_content/nfc/Amiibo/Animal_Crossing/Cards/Series_4/[AC]_331_-_Pashmina.nfc,nfc,Amiibo,Bruce-Scripts-Heaven_RFID/Amiibo,moved
sd_card_content/nfc/Amiibo/Animal_Crossing/Cards/Series_4/[AC]_305_-_Celeste.nfc,nfc,Amiibo,Bruce-Scripts-Heaven_RFID/Amiibo,moved
sd_card_content/nfc/Amiibo/Animal_Crossing/Cards/Series_4/[AC]_376_-_Rizzo.nfc,nfc,Amiibo,Bruce-Scripts-Heaven_RFID/Amiibo,moved
sd_card_content/nfc/Amiibo/Animal_Crossing/Cards/Series_4/[AC]_360_-_Rod.nfc,nfc,Amiibo,Bruce-Scripts-Heaven_RFID/Amiibo,moved
sd_card_content/nfc/Amiibo/Animal_Crossing/Cards/Series_4/[AC]_371_-_Sally.nfc,nfc,Amiibo,Bruce-Scripts-Heaven_RFID/Amiibo,moved
sd_card_content/nfc/Amiibo/Animal_Crossing/Cards/Series_4/[AC]_361_-_Purrl.nfc,nfc,Amiibo,Bruce-Scripts-Heaven_RFID/Amiibo,moved
sd_card_content/nfc/Amiibo/Animal_Crossing/Cards/Series_4/[AC]_325_-_Peaches.nfc,nfc,Amiibo,Bruce-Scripts-Heaven_RFID/Amiibo,moved
sd_card_content/nfc/Amiibo/Animal_Crossing/Cards/Series_4/[AC]_319_-_Pinky.nfc,nfc,Amiibo,Bruce-Scripts-Heaven_RFID/Amiibo,moved
sd_card_content/nfc/Amiibo/Animal_Crossing/Cards/Series_4/[AC]_320_-_Mott.nfc,nfc,Amiibo,Bruce-Scripts-Heaven_RFID/Amiibo,moved
sd_card_content/nfc/Amiibo/Animal_Crossing/Cards/Series_4/[AC]_393_-_Frobert.nfc,nfc,Amiibo,Bruce-Scripts-Heaven_RFID/Amiibo,moved
sd_card_content/nfc/Amiibo/Animal_Crossing/Cards/Series_4/[AC]_390_-_O_Hare.nfc,nfc,Amiibo,Bruce-Scripts-Heaven_RFID/Amiibo,moved
sd_card_content/nfc/Amiibo/Animal_Crossing/Cards/Series_4/[AC]_384_-_Margie.nfc,nfc,Amiibo,Bruce-Scripts-Heaven_RFID/Amiibo,moved
sd_card_content/nfc/Amiibo/Animal_Crossing/Cards/Series_4/[AC]_346_-_Peewee.nfc,nfc,Amiibo,Bruce-Scripts-Heaven_RFID/Amiibo,moved
sd_card_content/nfc/Amiibo/Animal_Crossing/Cards/Series_4/[AC]_362_-_Static.nfc,nfc,Amiibo,Bruce-Scripts-Heaven_RFID/Amiibo,moved
sd_card_content/nfc/Amiibo/Animal_Crossing/Cards/Series_4/[AC]_365_-_Peggy.nfc,nfc,Amiibo,Bruce-Scripts-Heaven_RFID/Amiibo,moved
sd_card_content/nfc/Amiibo/Animal_Crossing/Cards/Series_4/[AC]_332_-_Shep.nfc,nfc,Amiibo,Bruce-Scripts-Heaven_RFID/Amiibo,moved
sd_card_content/nfc/Amiibo/Animal_Crossing/Cards/Series_4/[AC]_312_-_Shrunk.nfc,nfc,Amiibo,Bruce-Scripts-Heaven_RFID/Amiibo,moved
sd_card_content/nfc/Amiibo/Animal_Crossing/Cards/Series_4/[AC]_309_-_Resetti.nfc,nfc,Amiibo,Bruce-Scripts-Heaven_RFID/Amiibo,moved
sd_card_content/nfc/Amiibo/Animal_Crossing/Cards/Series_4/[AC]_375_-_Becky.nfc,nfc,Amiibo,Bruce-Scripts-Heaven_RFID/Amiibo,moved
sd_card_content/nfc/Amiibo/Animal_Crossing/Cards/Series_4/[AC]_357_-_Aurora.nfc,nfc,Amiibo,Bruce-Scripts-Heaven_RFID/Amiibo,moved
sd_card_content/nfc/Amiibo/Animal_Crossing/Cards/Series_4/[AC]_339_-_Fritta.nfc,nfc,Amiibo,Bruce-Scripts-Heaven_RFID/Amiibo,moved
sd_card_content/nfc/Amiibo/Animal_Crossing/Cards/Series_4/[AC]_344_-_Rudy.nfc,nfc,Amiibo,Bruce-Scripts-Heaven_RFID/Amiibo,moved
sd_card_content/nfc/Amiibo/Animal_Crossing/Cards/Series_4/[AC]_321_-_Mallary.nfc,nfc,Amiibo,Bruce-Scripts-Heaven_RFID/Amiibo,moved
sd_card_content/nfc/Amiibo/Animal_Crossing/Cards/Series_4/[AC]_345_-_Naomi.nfc,nfc,Amiibo,Bruce-Scripts-Heaven_RFID/Amiibo,moved
sd_card_content/nfc/Amiibo/Animal_Crossing/Cards/Series_4/[AC]_380_-_Kevin.nfc,nfc,Amiibo,Bruce-Scripts-Heaven_RFID/Amiibo,moved
sd_card_content/nfc/Amiibo/Animal_Crossing/Cards/Series_4/[AC]_370_-_Jacques.nfc,nfc,Amiibo,Bruce-Scripts-Heaven_RFID/Amiibo,moved
sd_card_content/nfc/Amiibo/Animal_Crossing/Cards/Series_4/[AC]_372_-_Doc.nfc,nfc,Amiibo,Bruce-Scripts-Heaven_RFID/Amiibo,moved
sd_card_content/nfc/Amiibo/Animal_Crossing/Cards/Series_4/[AC]_368_-_Chow.nfc,nfc,Amiibo,Bruce-Scripts-Heaven_RFID/Amiibo,moved
sd_card_content/nfc/Amiibo/Animal_Crossing/Cards/Series_4/[AC]_350_-_Elmer.nfc,nfc,Amiibo,Bruce-Scripts-Heaven_RFID/Amiibo,moved
sd_card_content/nfc/Amiibo/Animal_Crossing/Cards/Series_4/[AC]_385_-_Lucky.nfc,nfc,Amiibo,Bruce-Scripts-Heaven_RFID/Amiibo,moved
sd_card_content/nfc/Amiibo/Animal_Crossing/Cards/Series_4/[AC]_314_-_Gulliver.nfc,nfc,Amiibo,Bruce-Scripts-Heaven_RFID/Amiibo,moved
sd_card_content/nfc/Amiibo/Animal_Crossing/Cards/Series_4/[AC]_334_-_Erik.nfc,nfc,Amiibo,Bruce-Scripts-Heaven_RFID/Amiibo,moved
sd_card_content/nfc/Amiibo/Animal_Crossing/Cards/Series_4/[AC]_353_-_Elise.nfc,nfc,Amiibo,Bruce-Scripts-Heaven_RFID/Amiibo,moved
sd_card_content/nfc/Amiibo/Animal_Crossing/Cards/Series_4/[AC]_354_-_Walt.nfc,nfc,Amiibo,Bruce-Scripts-Heaven_RFID/Amiibo,moved
sd_card_content/nfc/Amiibo/Animal_Crossing/Cards/Series_4/[AC]_352_-_Rory.nfc,nfc,Amiibo,Bruce-Scripts-Heaven_RFID/Amiibo,moved
sd_card_content/nfc/Amiibo/Animal_Crossing/Cards/Series_4/[AC]_341_-_Melba.nfc,nfc,Amiibo,Bruce-Scripts-Heaven_RFID/Amiibo,moved
sd_card_content/nfc/Amiibo/Animal_Crossing/Cards/Series_4/[AC]_377_-_Sydney.nfc,nfc,Amiibo,Bruce-Scripts-Heaven_RFID/Amiibo,moved
sd_card_content/nfc/Amiibo/Animal_Crossing/Cards/Series_4/[AC]_396_-_Simon.nfc,nfc,Amiibo,Bruce-Scripts-Heaven_RFID/Amiibo,moved
sd_card_content/nfc/Amiibo/Animal_Crossing/Cards/Series_4/[AC]_313_-_Pave.nfc,nfc,Amiibo,Bruce-Scripts-Heaven_RFID/Amiibo,moved
sd_card_content/nfc/Amiibo/Animal_Crossing/Cards/Series_4/[AC]_303_-_Katrina.nfc,nfc,Amiibo,Bruce-Scripts-Heaven_RFID/Amiibo,moved
sd_card_content/nfc/Amiibo/Animal_Crossing/Cards/Series_4/[AC]_359_-_Apple.nfc,nfc,Amiibo,Bruce-Scripts-Heaven_RFID/Amiibo,moved
sd_card_content/nfc/Amiibo/Animal_Crossing/Cards/Series_4/[AC]_326_-_Dizzy.nfc,nfc,Amiibo,Bruce-Scripts-Heaven_RFID/Amiibo,moved
sd_card_content/nfc/Amiibo/Animal_Crossing/Cards/Series_4/[AC]_355_-_Mira.nfc,nfc,Amiibo,Bruce-Scripts-Heaven_RFID/Amiibo,moved
sd_card_content/nfc/Amiibo/Animal_Crossing/Cards/Series_4/[AC]_383_-_Hippeux.nfc,nfc,Amiibo,Bruce-Scripts-Heaven_RFID/Amiibo,moved
sd_card_content/nfc/Amiibo/Animal_Crossing/Cards/Series_4/[AC]_387_-_Rowan.nfc,nfc,Amiibo,Bruce-Scripts-Heaven_RFID/Amiibo,moved
sd_card_content/nfc/Amiibo/Animal_Crossing/Cards/Series_4/[AC]_311_-_Lottie.nfc,nfc,Amiibo,Bruce-Scripts-Heaven_RFID/Amiibo,moved
sd_card_content/nfc/Amiibo/Animal_Crossing/Cards/Series_4/[AC]_373_-_Pompom.nfc,nfc,Amiibo,Bruce-Scripts-Heaven_RFID/Amiibo,moved
sd_card_content/nfc/Amiibo/Animal_Crossing/Cards/Series_4/[AC]_329_-_Broffina.nfc,nfc,Amiibo,Bruce-Scripts-Heaven_RFID/Amiibo,moved
sd_card_content/nfc/Amiibo/Animal_Crossing/Cards/Series_4/[AC]_337_-_Queenie.nfc,nfc,Amiibo,Bruce-Scripts-Heaven_RFID/Amiibo,moved
sd_card_content/nfc/Amiibo/Animal_Crossing/Cards/Series_4/[AC]_392_-_Cranston.nfc,nfc,Amiibo,Bruce-Scripts-Heaven_RFID/Amiibo,moved
sd_card_content/nfc/Amiibo/Animal_Crossing/Cards/Series_4/[AC]_386_-_Rosie.nfc,nfc,Amiibo,Bruce-Scripts-Heaven_RFID/Amiibo,moved
sd_card_content/nfc/Amiibo/Animal_Crossing/Cards/Series_4/[AC]_307_-_Gracie.nfc,nfc,Amiibo,Bruce-Scripts-Heaven_RFID/Amiibo,moved
sd_card_content/nfc/Amiibo/Animal_Crossing/Cards/Series_4/[AC]_358_-_Papi.nfc,nfc,Amiibo,Bruce-Scripts-Heaven_RFID/Amiibo,moved
sd_card_content/nfc/Amiibo/Animal_Crossing/Cards/Series_4/[AC]_335_-_Dotty.nfc,nfc,Amiibo,Bruce-Scripts-Heaven_RFID/Amiibo,moved
sd_card_content/nfc/Amiibo/Animal_Crossing/Cards/Series_4/[AC]_391_-_Gayle.nfc,nfc,Amiibo,Bruce-Scripts-Heaven_RFID/Amiibo,moved
sd_card_content/nfc/Amiibo/Animal_Crossing/Cards/Series_4/[AC]_324_-_Graham.nfc,nfc,Amiibo,Bruce-Scripts-Heaven_RFID/Amiibo,moved
sd_card_content/nfc/Amiibo/Animal_Crossing/Cards/Series_4/[AC]_333_-_Lolly.nfc,nfc,Amiibo,Bruce-Scripts-Heaven_RFID/Amiibo,moved
sd_card_content/nfc/Amiibo/Animal_Crossing/Cards/Series_4/[AC]_374_-_Tank.nfc,nfc,Amiibo,Bruce-Scripts-Heaven_RFID/Amiibo,moved
sd_card_content/nfc/Amiibo/Animal_Crossing/Cards/Series_4/[AC]_308_-_Leilani.nfc,nfc,Amiibo,Bruce-Scripts-Heaven_RFID/Amiibo,moved
sd_card_content/nfc/Amiibo/Animal_Crossing/Cards/Series_4/[AC]_343_-_Anabelle.nfc,nfc,Amiibo,Bruce-Scripts-Heaven_RFID/Amiibo,moved
sd_card_content/nfc/Amiibo/Animal_Crossing/Cards/Series_4/[AC]_322_-_Rocco.nfc,nfc,Amiibo,Bruce-Scripts-Heaven_RFID/Amiibo,moved
sd_card_content/nfc/Amiibo/Animal_Crossing/Cards/Series_4/[AC]_347_-_Tammy.nfc,nfc,Amiibo,Bruce-Scripts-Heaven_RFID/Amiibo,moved
sd_card_content/nfc/Amiibo/Animal_Crossing/Cards/Series_4/[AC]_318_-_Stitches.nfc,nfc,Amiibo,Bruce-Scripts-Heaven_RFID/Amiibo,moved
sd_card_content/nfc/Amiibo/Animal_Crossing/Cards/Series_4/[AC]_379_-_Nibbles.nfc,nfc,Amiibo,Bruce-Scripts-Heaven_RFID/Amiibo,moved
sd_card_content/nfc/Amiibo/Animal_Crossing/Cards/Series_4/[AC]_304_-_Phineas.nfc,nfc,Amiibo,Bruce-Scripts-Heaven_RFID/Amiibo,moved
sd_card_content/nfc/Amiibo/Animal_Crossing/Cards/Series_4/[AC]_394_-_Grizzly.nfc,nfc,Amiibo,Bruce-Scripts-Heaven_RFID/Amiibo,moved
sd_card_content/nfc/Amiibo/Animal_Crossing/Cards/Series_4/[AC]_378_-_Barold.nfc,nfc,Amiibo,Bruce-Scripts-Heaven_RFID/Amiibo,moved
sd_card_content/nfc/Amiibo/Animal_Crossing/Cards/Series_4/[AC]_315_-_Redd.nfc,nfc,Amiibo,Bruce-Scripts-Heaven_RFID/Amiibo,moved
sd_card_content/nfc/Amiibo/Animal_Crossing/Cards/Series_4/[AC]_302_-_Brewster.nfc,nfc,Amiibo,Bruce-Scripts-Heaven_RFID/Amiibo,moved
sd_card_content/nfc/Amiibo/Animal_Crossing/Cards/Series_4/[AC]_328_-_Boone.nfc,nfc,Amiibo,Bruce-Scripts-Heaven_RFID/Amiibo,moved
sd_card_content/nfc/Amiibo/Animal_Crossing/Cards/Series_4/[AC]_330_-_Croque.nfc,nfc,Amiibo,Bruce-Scripts-Heaven_RFID/Amiibo,moved
sd_card_content/nfc/Amiibo/Animal_Crossing/Cards/Series_4/[AC]_349_-_Lucy.nfc,nfc,Amiibo,Bruce-Scripts-Heaven_RFID/Amiibo,moved
sd_card_content/nfc/Amiibo/Animal_Crossing/Cards/Series_4/[AC]_388_-_Maelle.nfc,nfc,Amiibo,Bruce-Scripts-Heaven_RFID/Amiibo,moved
sd_card_content/nfc/Amiibo/Animal_Crossing/Cards/Series_4/[AC]_400_-_Robin.nfc,nfc,Amiibo,Bruce-Scripts-Heaven_RFID/Amiibo,moved
sd_card_content/nfc/Amiibo/Animal_Crossing/Cards/Series_4/[AC]_336_-_Pierce.nfc,nfc,Amiibo,Bruce-Scripts-Heaven_RFID/Amiibo,moved
sd_card_content/nfc/Amiibo/Animal_Crossing/Cards/Series_4/[AC]_356_-_Pietro.nfc,nfc,Amiibo,Bruce-Scripts-Heaven_RFID/Amiibo,moved
sd_card_content/nfc/Amiibo/Animal_Crossing/Cards/Series_4/[AC]_366_-_Ribbot.nfc,nfc,Amiibo,Bruce-Scripts-Heaven_RFID/Amiibo,moved
sd_card_content/nfc/Amiibo/Animal_Crossing/Cards/Series_4/[AC]_301_-_Isabelle.nfc,nfc,Amiibo,Bruce-Scripts-Heaven_RFID/Amiibo,moved
sd_card_content/nfc/Amiibo/Animal_Crossing/Cards/Series_4/[AC]_367_-_Annalise.nfc,nfc,Amiibo,Bruce-Scripts-Heaven_RFID/Amiibo,moved
sd_card_content/nfc/Amiibo/Animal_Crossing/Cards/Series_4/[AC]_398_-_Angus.nfc,nfc,Amiibo,Bruce-Scripts-Heaven_RFID/Amiibo,moved
sd_card_content/nfc/Amiibo/Animal_Crossing/Cards/Series_4/[AC]_369_-_Sylvia.nfc,nfc,Amiibo,Bruce-Scripts-Heaven_RFID/Amiibo,moved
sd_card_content/nfc/Amiibo/Animal_Crossing/Cards/Series_4/[AC]_316_-_Zipper.nfc,nfc,Amiibo,Bruce-Scripts-Heaven_RFID/Amiibo,moved
sd_card_content/nfc/Amiibo/Animal_Crossing/Cards/Series_4/[AC]_399_-_Twiggy.nfc,nfc,Amiibo,Bruce-Scripts-Heaven_RFID/Amiibo,moved
sd_card_content/nfc/Amiibo/Animal_Crossing/Cards/Animal_Crossing_x_Sanrio_Series/[AC]_XS3_-_Ètoile.nfc,nfc,Amiibo,Bruce-Scripts-Heaven_RFID/Amiibo,moved
sd_card_content/nfc/Amiibo/Animal_Crossing/Cards/Animal_Crossing_x_Sanrio_Series/[AC]_XS4_-_Chai.nfc,nfc,Amiibo,Bruce-Scripts-Heaven_RFID/Amiibo,moved
sd_card_content/nfc/Amiibo/Animal_Crossing/Cards/Animal_Crossing_x_Sanrio_Series/[AC]_XS1_-_Rilla.nfc,nfc,Amiibo,Bruce-Scripts-Heaven_RFID/Amiibo,moved
sd_card_content/nfc/Amiibo/Animal_Crossing/Cards/Animal_Crossing_x_Sanrio_Series/[AC]_XS5_-_Chelsea.nfc,nfc,Amiibo,Bruce-Scripts-Heaven_RFID/Amiibo,moved
sd_card_content/nfc/Amiibo/Animal_Crossing/Cards/Animal_Crossing_x_Sanrio_Series/[AC]_XS6_-_Toby.nfc,nfc,Amiibo,Bruce-Scripts-Heaven_RFID/Amiibo,moved
sd_card_content/nfc/Amiibo/Animal_Crossing/Cards/Animal_Crossing_x_Sanrio_Series/[AC]_XS2_-_Marty.nfc,nfc,Amiibo,Bruce-Scripts-Heaven_RFID/Amiibo,moved
sd_card_content/nfc/Amiibo/Animal_Crossing/Cards/Series_2/[AC]_102_-_Reese.nfc,nfc,Amiibo,Bruce-Scripts-Heaven_RFID/Amiibo,moved
sd_card_content/nfc/Amiibo/Animal_Crossing/Cards/Series_2/[AC]_122_-_Lucha.nfc,nfc,Amiibo,Bruce-Scripts-Heaven_RFID/Amiibo,moved
sd_card_content/nfc/Amiibo/Animal_Crossing/Cards/Series_2/[AC]_129_-_Tipper.nfc,nfc,Amiibo,Bruce-Scripts-Heaven_RFID/Amiibo,moved
sd_card_content/nfc/Amiibo/Animal_Crossing/Cards/Series_2/[AC]_164_-_Bianca.nfc,nfc,Amiibo,Bruce-Scripts-Heaven_RFID/Amiibo,moved
sd_card_content/nfc/Amiibo/Animal_Crossing/Cards/Series_2/[AC]_186_-_Charlise.nfc,nfc,Amiibo,Bruce-Scripts-Heaven_RFID/Amiibo,moved
sd_card_content/nfc/Amiibo/Animal_Crossing/Cards/Series_2/[AC]_195_-_Hamphrey.nfc,nfc,Amiibo,Bruce-Scripts-Heaven_RFID/Amiibo,moved
sd_card_content/nfc/Amiibo/Animal_Crossing/Cards/Series_2/[AC]_138_-_Sly.nfc,nfc,Amiibo,Bruce-Scripts-Heaven_RFID/Amiibo,moved
sd_card_content/nfc/Amiibo/Animal_Crossing/Cards/Series_2/[AC]_176_-_Sprinkle.nfc,nfc,Amiibo,Bruce-Scripts-Heaven_RFID/Amiibo,moved
sd_card_content/nfc/Amiibo/Animal_Crossing/Cards/Series_2/[AC]_114_-_Blanca.nfc,nfc,Amiibo,Bruce-Scripts-Heaven_RFID/Amiibo,moved
sd_card_content/nfc/Amiibo/Animal_Crossing/Cards/Series_2/[AC]_192_-_Pango.nfc,nfc,Amiibo,Bruce-Scripts-Heaven_RFID/Amiibo,moved
sd_card_content/nfc/Amiibo/Animal_Crossing/Cards/Series_2/[AC]_179_-_Hopper.nfc,nfc,Amiibo,Bruce-Scripts-Heaven_RFID/Amiibo,moved
sd_card_content/nfc/Amiibo/Animal_Crossing/Cards/Series_2/[AC]_142_-_Peck.nfc,nfc,Amiibo,Bruce-Scripts-Heaven_RFID/Amiibo,moved
sd_card_content/nfc/Amiibo/Animal_Crossing/Cards/Series_2/[AC]_198_-_Agent_S.nfc,nfc,Amiibo,Bruce-Scripts-Heaven_RFID/Amiibo,moved
sd_card_content/nfc/Amiibo/Animal_Crossing/Cards/Series_2/[AC]_120_-_Ozzie.nfc,nfc,Amiibo,Bruce-Scripts-Heaven_RFID/Amiibo,moved
sd_card_content/nfc/Amiibo/Animal_Crossing/Cards/Series_2/[AC]_134_-_Kidd.nfc,nfc,Amiibo,Bruce-Scripts-Heaven_RFID/Amiibo,moved
sd_card_content/nfc/Amiibo/Animal_Crossing/Cards/Series_2/[AC]_125_-_Gwen.nfc,nfc,Amiibo,Bruce-Scripts-Heaven_RFID/Amiibo,moved
sd_card_content/nfc/Amiibo/Animal_Crossing/Cards/Series_2/[AC]_124_-_Harry.nfc,nfc,Amiibo,Bruce-Scripts-Heaven_RFID/Amiibo,moved
sd_card_content/nfc/Amiibo/Animal_Crossing/Cards/Series_2/[AC]_131_-_Pate.nfc,nfc,Amiibo,Bruce-Scripts-Heaven_RFID/Amiibo,moved
sd_card_content/nfc/Amiibo/Animal_Crossing/Cards/Series_2/[AC]_158_-_Timbra.nfc,nfc,Amiibo,Bruce-Scripts-Heaven_RFID/Amiibo,moved
sd_card_content/nfc/Amiibo/Animal_Crossing/Cards/Series_2/[AC]_165_-_Filbert.nfc,nfc,Amiibo,Bruce-Scripts-Heaven_RFID/Amiibo,moved
sd_card_content/nfc/Amiibo/Animal_Crossing/Cards/Series_2/[AC]_121_-_Tia.nfc,nfc,Amiibo,Bruce-Scripts-Heaven_RFID/Amiibo,moved
sd_card_content/nfc/Amiibo/Animal_Crossing/Cards/Series_2/[AC]_133_-_Savannah.nfc,nfc,Amiibo,Bruce-Scripts-Heaven_RFID/Amiibo,moved
sd_card_content/nfc/Amiibo/Animal_Crossing/Cards/Series_2/[AC]_132_-_Vladimir.nfc,nfc,Amiibo,Bruce-Scripts-Heaven_RFID/Amiibo,moved
sd_card_content/nfc/Amiibo/Animal_Crossing/Cards/Series_2/[AC]_185_-_Chops.nfc,nfc,Amiibo,Bruce-Scripts-Heaven_RFID/Amiibo,moved
sd_card_content/nfc/Amiibo/Animal_Crossing/Cards/Series_2/[AC]_145_-_Carmen.nfc,nfc,Amiibo,Bruce-Scripts-Heaven_RFID/Amiibo,moved
sd_card_content/nfc/Amiibo/Animal_Crossing/Cards/Series_2/[AC]_159_-_Zell.nfc,nfc,Amiibo,Bruce-Scripts-Heaven_RFID/Amiibo,moved
sd_card_content/nfc/Amiibo/Animal_Crossing/Cards/Series_2/[AC]_172_-_Agnes.nfc,nfc,Amiibo,Bruce-Scripts-Heaven_RFID/Amiibo,moved
sd_card_content/nfc/Amiibo/Animal_Crossing/Cards/Series_2/[AC]_144_-_Cesar.nfc,nfc,Amiibo,Bruce-Scripts-Heaven_RFID/Amiibo,moved
sd_card_content/nfc/Amiibo/Animal_Crossing/Cards/Series_2/[AC]_177_-_Flip.nfc,nfc,Amiibo,Bruce-Scripts-Heaven_RFID/Amiibo,moved
sd_card_content/nfc/Amiibo/Animal_Crossing/Cards/Series_2/[AC]_152_-_Wendy.nfc,nfc,Amiibo,Bruce-Scripts-Heaven_RFID/Amiibo,moved
sd_card_content/nfc/Amiibo/Animal_Crossing/Cards/Series_2/[AC]_105_-_Copper.nfc,nfc,Amiibo,Bruce-Scripts-Heaven_RFID/Amiibo,moved
sd_card_content/nfc/Amiibo/Animal_Crossing/Cards/Series_2/[AC]_184_-_Anicotti.nfc,nfc,Amiibo,Bruce-Scripts-Heaven_RFID/Amiibo,moved
sd_card_content/nfc/Amiibo/Animal_Crossing/Cards/Series_2/[AC]_168_-_Nan.nfc,nfc,Amiibo,Bruce-Scripts-Heaven_RFID/Amiibo,moved
sd_card_content/nfc/Amiibo/Animal_Crossing/Cards/Series_2/[AC]_103_-_Kicks.nfc,nfc,Amiibo,Bruce-Scripts-Heaven_RFID/Amiibo,moved
sd_card_content/nfc/Amiibo/Animal_Crossing/Cards/Series_2/[AC]_111_-_Shrunk.nfc,nfc,Amiibo,Bruce-Scripts-Heaven_RFID/Amiibo,moved
sd_card_content/nfc/Amiibo/Animal_Crossing/Cards/Series_2/[AC]_141_-_Nana.nfc,nfc,Amiibo,Bruce-Scripts-Heaven_RFID/Amiibo,moved
sd_card_content/nfc/Amiibo/Animal_Crossing/Cards/Series_2/[AC]_173_-_Julian.nfc,nfc,Amiibo,Bruce-Scripts-Heaven_RFID/Amiibo,moved
sd_card_content/nfc/Amiibo/Animal_Crossing/Cards/Series_2/[AC]_150_-_Coco.nfc,nfc,Amiibo,Bruce-Scripts-Heaven_RFID/Amiibo,moved
sd_card_content/nfc/Amiibo/Animal_Crossing/Cards/Series_2/[AC]_112_-_Don_Resetti.nfc,nfc,Amiibo,Bruce-Scripts-Heaven_RFID/Amiibo,moved
sd_card_content/nfc/Amiibo/Animal_Crossing/Cards/Series_2/[AC]_180_-_Pecan.nfc,nfc,Amiibo,Bruce-Scripts-Heaven_RFID/Amiibo,moved
sd_card_content/nfc/Amiibo/Animal_Crossing/Cards/Series_2/[AC]_156_-_Gabi.nfc,nfc,Amiibo,Bruce-Scripts-Heaven_RFID/Amiibo,moved
sd_card_content/nfc/Amiibo/Animal_Crossing/Cards/Series_2/[AC]_200_-_Rocket.nfc,nfc,Amiibo,Bruce-Scripts-Heaven_RFID/Amiibo,moved
sd_card_content/nfc/Amiibo/Animal_Crossing/Cards/Series_2/[AC]_181_-_Drake.nfc,nfc,Amiibo,Bruce-Scripts-Heaven_RFID/Amiibo,moved
sd_card_content/nfc/Amiibo/Animal_Crossing/Cards/Series_2/[AC]_190_-_Vesta.nfc,nfc,Amiibo,Bruce-Scripts-Heaven_RFID/Amiibo,moved
sd_card_content/nfc/Amiibo/Animal_Crossing/Cards/Series_2/[AC]_153_-_Alfonso.nfc,nfc,Amiibo,Bruce-Scripts-Heaven_RFID/Amiibo,moved
sd_card_content/nfc/Amiibo/Animal_Crossing/Cards/Series_2/[AC]_108_-_Tommy.nfc,nfc,Amiibo,Bruce-Scripts-Heaven_RFID/Amiibo,moved
sd_card_content/nfc/Amiibo/Animal_Crossing/Cards/Series_2/[AC]_148_-_Whitney.nfc,nfc,Amiibo,Bruce-Scripts-Heaven_RFID/Amiibo,moved
sd_card_content/nfc/Amiibo/Animal_Crossing/Cards/Series_2/[AC]_147_-_Scoot.nfc,nfc,Amiibo,Bruce-Scripts-Heaven_RFID/Amiibo,moved
sd_card_content/nfc/Amiibo/Animal_Crossing/Cards/Series_2/[AC]_166_-_Kitty.nfc,nfc,Amiibo,Bruce-Scripts-Heaven_RFID/Amiibo,moved
sd_card_content/nfc/Amiibo/Animal_Crossing/Cards/Series_2/[AC]_110_-_Leila.nfc,nfc,Amiibo,Bruce-Scripts-Heaven_RFID/Amiibo,moved
sd_card_content/nfc/Amiibo/Animal_Crossing/Cards/Series_2/[AC]_117_-_Jack.nfc,nfc,Amiibo,Bruce-Scripts-Heaven_RFID/Amiibo,moved
sd_card_content/nfc/Amiibo/Animal_Crossing/Cards/Series_2/[AC]_146_-_Rodney.nfc,nfc,Amiibo,Bruce-Scripts-Heaven_RFID/Amiibo,moved
sd_card_content/nfc/Amiibo/Animal_Crossing/Cards/Series_2/[AC]_104_-_Labelle.nfc,nfc,Amiibo,Bruce-Scripts-Heaven_RFID/Amiibo,moved
sd_card_content/nfc/Amiibo/Animal_Crossing/Cards/Series_2/[AC]_175_-_Jay.nfc,nfc,Amiibo,Bruce-Scripts-Heaven_RFID/Amiibo,moved
sd_card_content/nfc/Amiibo/Animal_Crossing/Cards/Series_2/[AC]_116_-_Chip.nfc,nfc,Amiibo,Bruce-Scripts-Heaven_RFID/Amiibo,moved
sd_card_content/nfc/Amiibo/Animal_Crossing/Cards/Series_2/[AC]_149_-_Broccolo.nfc,nfc,Amiibo,Bruce-Scripts-Heaven_RFID/Amiibo,moved
sd_card_content/nfc/Amiibo/Animal_Crossing/Cards/Series_2/[AC]_115_-_Nat.nfc,nfc,Amiibo,Bruce-Scripts-Heaven_RFID/Amiibo,moved
sd_card_content/nfc/Amiibo/Animal_Crossing/Cards/Series_2/[AC]_113_-_Isabelle.nfc,nfc,Amiibo,Bruce-Scripts-Heaven_RFID/Amiibo,moved
sd_card_content/nfc/Amiibo/Animal_Crossing/Cards/Series_2/[AC]_171_-_Benedict.nfc,nfc,Amiibo,Bruce-Scripts-Heaven_RFID/Amiibo,moved
sd_card_content/nfc/Amiibo/Animal_Crossing/Cards/Series_2/[AC]_169_-_Bud.nfc,nfc,Amiibo,Bruce-Scripts-Heaven_RFID/Amiibo,moved
sd_card_content/nfc/Amiibo/Animal_Crossing/Cards/Series_2/[AC]_170_-_Ruby.nfc,nfc,Amiibo,Bruce-Scripts-Heaven_RFID/Amiibo,moved
sd_card_content/nfc/Amiibo/Animal_Crossing/Cards/Series_2/[AC]_118_-_Poncho.nfc,nfc,Amiibo,Bruce-Scripts-Heaven_RFID/Amiibo,moved
sd_card_content/nfc/Amiibo/Animal_Crossing/Cards/Series_2/[AC]_143_-_Olivia.nfc,nfc,Amiibo,Bruce-Scripts-Heaven_RFID/Amiibo,moved
sd_card_content/nfc/Amiibo/Animal_Crossing/Cards/Series_2/[AC]_119_-_Felicity.nfc,nfc,Amiibo,Bruce-Scripts-Heaven_RFID/Amiibo,moved
sd_card_content/nfc/Amiibo/Animal_Crossing/Cards/Series_2/[AC]_109_-_Porter.nfc,nfc,Amiibo,Bruce-Scripts-Heaven_RFID/Amiibo,moved
sd_card_content/nfc/Amiibo/Animal_Crossing/Cards/Series_2/[AC]_157_-_Moose.nfc,nfc,Amiibo,Bruce-Scripts-Heaven_RFID/Amiibo,moved
sd_card_content/nfc/Amiibo/Animal_Crossing/Cards/Series_2/[AC]_183_-_Camofrog.nfc,nfc,Amiibo,Bruce-Scripts-Heaven_RFID/Amiibo,moved
sd_card_content/nfc/Amiibo/Animal_Crossing/Cards/Series_2/[AC]_151_-_Groucho.nfc,nfc,Amiibo,Bruce-Scripts-Heaven_RFID/Amiibo,moved
sd_card_content/nfc/Amiibo/Animal_Crossing/Cards/Series_2/[AC]_155_-_Butch.nfc,nfc,Amiibo,Bruce-Scripts-Heaven_RFID/Amiibo,moved
sd_card_content/nfc/Amiibo/Animal_Crossing/Cards/Series_2/[AC]_101_-_K.K._Slider.nfc,nfc,Amiibo,Bruce-Scripts-Heaven_RFID/Amiibo,moved
sd_card_content/nfc/Amiibo/Animal_Crossing/Cards/Series_2/[AC]_167_-_Beau.nfc,nfc,Amiibo,Bruce-Scripts-Heaven_RFID/Amiibo,moved
sd_card_content/nfc/Amiibo/Animal_Crossing/Cards/Series_2/[AC]_140_-_Avery.nfc,nfc,Amiibo,Bruce-Scripts-Heaven_RFID/Amiibo,moved
sd_card_content/nfc/Amiibo/Animal_Crossing/Cards/Series_2/[AC]_187_-_Vic.nfc,nfc,Amiibo,Bruce-Scripts-Heaven_RFID/Amiibo,moved
sd_card_content/nfc/Amiibo/Animal_Crossing/Cards/Series_2/[AC]_194_-_Gladys.nfc,nfc,Amiibo,Bruce-Scripts-Heaven_RFID/Amiibo,moved
sd_card_content/nfc/Amiibo/Animal_Crossing/Cards/Series_2/[AC]_178_-_Hugh.nfc,nfc,Amiibo,Bruce-Scripts-Heaven_RFID/Amiibo,moved
sd_card_content/nfc/Amiibo/Animal_Crossing/Cards/Series_2/[AC]_174_-_Bettina.nfc,nfc,Amiibo,Bruce-Scripts-Heaven_RFID/Amiibo,moved
sd_card_content/nfc/Amiibo/Animal_Crossing/Cards/Series_2/[AC]_191_-_Marcel.nfc,nfc,Amiibo,Bruce-Scripts-Heaven_RFID/Amiibo,moved
sd_card_content/nfc/Amiibo/Animal_Crossing/Cards/Series_2/[AC]_197_-_Kid_Cat.nfc,nfc,Amiibo,Bruce-Scripts-Heaven_RFID/Amiibo,moved
sd_card_content/nfc/Amiibo/Animal_Crossing/Cards/Series_2/[AC]_199_-_Big_Top.nfc,nfc,Amiibo,Bruce-Scripts-Heaven_RFID/Amiibo,moved
sd_card_content/nfc/Amiibo/Animal_Crossing/Cards/Series_2/[AC]_162_-_Mathilda.nfc,nfc,Amiibo,Bruce-Scripts-Heaven_RFID/Amiibo,moved
sd_card_content/nfc/Amiibo/Animal_Crossing/Cards/Series_2/[AC]_193_-_Keaton.nfc,nfc,Amiibo,Bruce-Scripts-Heaven_RFID/Amiibo,moved
sd_card_content/nfc/Amiibo/Animal_Crossing/Cards/Series_2/[AC]_128_-_Tom.nfc,nfc,Amiibo,Bruce-Scripts-Heaven_RFID/Amiibo,moved
sd_card_content/nfc/Amiibo/Animal_Crossing/Cards/Series_2/[AC]_139_-_Blaire.nfc,nfc,Amiibo,Bruce-Scripts-Heaven_RFID/Amiibo,moved
sd_card_content/nfc/Amiibo/Animal_Crossing/Cards/Series_2/[AC]_137_-_Cookie.nfc,nfc,Amiibo,Bruce-Scripts-Heaven_RFID/Amiibo,moved
sd_card_content/nfc/Amiibo/Animal_Crossing/Cards/Series_2/[AC]_136_-_Egbert.nfc,nfc,Amiibo,Bruce-Scripts-Heaven_RFID/Amiibo,moved
sd_card_content/nfc/Amiibo/Animal_Crossing/Cards/Series_2/[AC]_189_-_Drift.nfc,nfc,Amiibo,Bruce-Scripts-Heaven_RFID/Amiibo,moved
sd_card_content/nfc/Amiibo/Animal_Crossing/Cards/Series_2/[AC]_182_-_Alice.nfc,nfc,Amiibo,Bruce-Scripts-Heaven_RFID/Amiibo,moved
sd_card_content/nfc/Amiibo/Animal_Crossing/Cards/Series_2/[AC]_163_-_Ed.nfc,nfc,Amiibo,Bruce-Scripts-Heaven_RFID/Amiibo,moved
sd_card_content/nfc/Amiibo/Animal_Crossing/Cards/Series_2/[AC]_196_-_Freya.nfc,nfc,Amiibo,Bruce-Scripts-Heaven_RFID/Amiibo,moved
sd_card_content/nfc/Amiibo/Animal_Crossing/Cards/Series_2/[AC]_106_-_Booker.nfc,nfc,Amiibo,Bruce-Scripts-Heaven_RFID/Amiibo,moved
sd_card_content/nfc/Amiibo/Animal_Crossing/Cards/Series_2/[AC]_160_-_Pekoe.nfc,nfc,Amiibo,Bruce-Scripts-Heaven_RFID/Amiibo,moved
sd_card_content/nfc/Amiibo/Animal_Crossing/Cards/Series_2/[AC]_130_-_Prince.nfc,nfc,Amiibo,Bruce-Scripts-Heaven_RFID/Amiibo,moved
sd_card_content/nfc/Amiibo/Animal_Crossing/Cards/Series_2/[AC]_123_-_Fuchsia.nfc,nfc,Amiibo,Bruce-Scripts-Heaven_RFID/Amiibo,moved
sd_card_content/nfc/Amiibo/Animal_Crossing/Cards/Series_2/[AC]_127_-_Kitt.nfc,nfc,Amiibo,Bruce-Scripts-Heaven_RFID/Amiibo,moved
sd_card_content/nfc/Amiibo/Animal_Crossing/Cards/Series_2/[AC]_126_-_Coach.nfc,nfc,Amiibo,Bruce-Scripts-Heaven_RFID/Amiibo,moved
sd_card_content/nfc/Amiibo/Animal_Crossing/Cards/Series_2/[AC]_161_-_Teddy.nfc,nfc,Amiibo,Bruce-Scripts-Heaven_RFID/Amiibo,moved
sd_card_content/nfc/Amiibo/Animal_Crossing/Cards/Series_2/[AC]_188_-_Ankha.nfc,nfc,Amiibo,Bruce-Scripts-Heaven_RFID/Amiibo,moved
sd_card_content/nfc/Amiibo/Animal_Crossing/Cards/Series_2/[AC]_135_-_Phoebe.nfc,nfc,Amiibo,Bruce-Scripts-Heaven_RFID/Amiibo,moved
sd_card_content/nfc/Amiibo/Animal_Crossing/Cards/Series_2/[AC]_154_-_Rhonda.nfc,nfc,Amiibo,Bruce-Scripts-Heaven_RFID/Amiibo,moved
sd_card_content/nfc/Amiibo/Animal_Crossing/Cards/Series_2/[AC]_107_-_Katie.nfc,nfc,Amiibo,Bruce-Scripts-Heaven_RFID/Amiibo,moved
sd_card_content/nfc/Amiibo/Animal_Crossing/Cards/Promo/[AC]_AF1_-_Stitches.nfc,nfc,Amiibo,Bruce-Scripts-Heaven_RFID/Amiibo,moved
sd_card_content/nfc/Amiibo/Animal_Crossing/Cards/Promo/[AC]_AF2_-_Rosie.nfc,nfc,Amiibo,Bruce-Scripts-Heaven_RFID/Amiibo,moved
sd_card_content/nfc/Amiibo/Animal_Crossing/Cards/Promo/[AC]_CP1_-_Isabelle.nfc,nfc,Amiibo,Bruce-Scripts-Heaven_RFID/Amiibo,moved
sd_card_content/nfc/Amiibo/Animal_Crossing/Cards/Promo/[AC]_AF3_-_Goldie.nfc,nfc,Amiibo,Bruce-Scripts-Heaven_RFID/Amiibo,moved
sd_card_content/nfc/Amiibo/Animal_Crossing/Cards/Promo/[AC]_CP2_-_K.K_Slider.nfc,nfc,Amiibo,Bruce-Scripts-Heaven_RFID/Amiibo,moved
sd_card_content/nfc/Amiibo/Animal_Crossing/Cards/Series_1/[AC]_076_-_Jeramiah.nfc,nfc,Amiibo,Bruce-Scripts-Heaven_RFID/Amiibo,moved
sd_card_content/nfc/Amiibo/Animal_Crossing/Cards/Series_1/[AC]_059_-_Nate.nfc,nfc,Amiibo,Bruce-Scripts-Heaven_RFID/Amiibo,moved
sd_card_content/nfc/Amiibo/Animal_Crossing/Cards/Series_1/[AC]_073_-_Flo.nfc,nfc,Amiibo,Bruce-Scripts-Heaven_RFID/Amiibo,moved
sd_card_content/nfc/Amiibo/Animal_Crossing/Cards/Series_1/[AC]_082_-_Goose.nfc,nfc,Amiibo,Bruce-Scripts-Heaven_RFID/Amiibo,moved
sd_card_content/nfc/Amiibo/Animal_Crossing/Cards/Series_1/[AC]_085_-_Pancetti.nfc,nfc,Amiibo,Bruce-Scripts-Heaven_RFID/Amiibo,moved
sd_card_content/nfc/Amiibo/Animal_Crossing/Cards/Series_1/[AC]_058_-_Monique.nfc,nfc,Amiibo,Bruce-Scripts-Heaven_RFID/Amiibo,moved
sd_card_content/nfc/Amiibo/Animal_Crossing/Cards/Series_1/[AC]_061_-_Tutu.nfc,nfc,Amiibo,Bruce-Scripts-Heaven_RFID/Amiibo,moved
sd_card_content/nfc/Amiibo/Animal_Crossing/Cards/Series_1/[AC]_045_-_Octavian.nfc,nfc,Amiibo,Bruce-Scripts-Heaven_RFID/Amiibo,moved
sd_card_content/nfc/Amiibo/Animal_Crossing/Cards/Series_1/[AC]_083_-_Annalisa.nfc,nfc,Amiibo,Bruce-Scripts-Heaven_RFID/Amiibo,moved
sd_card_content/nfc/Amiibo/Animal_Crossing/Cards/Series_1/[AC]_011_-_Harriet.nfc,nfc,Amiibo,Bruce-Scripts-Heaven_RFID/Amiibo,moved
sd_card_content/nfc/Amiibo/Animal_Crossing/Cards/Series_1/[AC]_071_-_Yuka.nfc,nfc,Amiibo,Bruce-Scripts-Heaven_RFID/Amiibo,moved
sd_card_content/nfc/Amiibo/Animal_Crossing/Cards/Series_1/[AC]_091_-_Muffy.nfc,nfc,Amiibo,Bruce-Scripts-Heaven_RFID/Amiibo,moved
sd_card_content/nfc/Amiibo/Animal_Crossing/Cards/Series_1/[AC]_032_-_Bluebear.nfc,nfc,Amiibo,Bruce-Scripts-Heaven_RFID/Amiibo,moved
sd_card_content/nfc/Amiibo/Animal_Crossing/Cards/Series_1/[AC]_093_-_Bertha.nfc,nfc,Amiibo,Bruce-Scripts-Heaven_RFID/Amiibo,moved
sd_card_content/nfc/Amiibo/Animal_Crossing/Cards/Series_1/[AC]_005_-_Kappn.nfc,nfc,Amiibo,Bruce-Scripts-Heaven_RFID/Amiibo,moved
sd_card_content/nfc/Amiibo/Animal_Crossing/Cards/Series_1/[AC]_018_-_Bob.nfc,nfc,Amiibo,Bruce-Scripts-Heaven_RFID/Amiibo,moved
sd_card_content/nfc/Amiibo/Animal_Crossing/Cards/Series_1/[AC]_098_-_Roald.nfc,nfc,Amiibo,Bruce-Scripts-Heaven_RFID/Amiibo,moved
sd_card_content/nfc/Amiibo/Animal_Crossing/Cards/Series_1/[AC]_072_-_Lionel.nfc,nfc,Amiibo,Bruce-Scripts-Heaven_RFID/Amiibo,moved
sd_card_content/nfc/Amiibo/Animal_Crossing/Cards/Series_1/[AC]_075_-_Amelia.nfc,nfc,Amiibo,Bruce-Scripts-Heaven_RFID/Amiibo,moved
sd_card_content/nfc/Amiibo/Animal_Crossing/Cards/Series_1/[AC]_077_-_Cherry.nfc,nfc,Amiibo,Bruce-Scripts-Heaven_RFID/Amiibo,moved
sd_card_content/nfc/Amiibo/Animal_Crossing/Cards/Series_1/[AC]_043_-_Puck.nfc,nfc,Amiibo,Bruce-Scripts-Heaven_RFID/Amiibo,moved
sd_card_content/nfc/Amiibo/Animal_Crossing/Cards/Series_1/[AC]_099_-_Molly.nfc,nfc,Amiibo,Bruce-Scripts-Heaven_RFID/Amiibo,moved
sd_card_content/nfc/Amiibo/Animal_Crossing/Cards/Series_1/[AC]_012_-_Redd.nfc,nfc,Amiibo,Bruce-Scripts-Heaven_RFID/Amiibo,moved
sd_card_content/nfc/Amiibo/Animal_Crossing/Cards/Series_1/[AC]_046_-_Winnie.nfc,nfc,Amiibo,Bruce-Scripts-Heaven_RFID/Amiibo,moved
sd_card_content/nfc/Amiibo/Animal_Crossing/Cards/Series_1/[AC]_047_-_Knox.nfc,nfc,Amiibo,Bruce-Scripts-Heaven_RFID/Amiibo,moved
sd_card_content/nfc/Amiibo/Animal_Crossing/Cards/Series_1/[AC]_074_-_Cobb.nfc,nfc,Amiibo,Bruce-Scripts-Heaven_RFID/Amiibo,moved
sd_card_content/nfc/Amiibo/Animal_Crossing/Cards/Series_1/[AC]_034_-_Kiki.nfc,nfc,Amiibo,Bruce-Scripts-Heaven_RFID/Amiibo,moved
sd_card_content/nfc/Amiibo/Animal_Crossing/Cards/Series_1/[AC]_029_-_Rasher.nfc,nfc,Amiibo,Bruce-Scripts-Heaven_RFID/Amiibo,moved
sd_card_content/nfc/Amiibo/Animal_Crossing/Cards/Series_1/[AC]_042_-_Marcie.nfc,nfc,Amiibo,Bruce-Scripts-Heaven_RFID/Amiibo,moved
sd_card_content/nfc/Amiibo/Animal_Crossing/Cards/Series_1/[AC]_015_-_Tortimer.nfc,nfc,Amiibo,Bruce-Scripts-Heaven_RFID/Amiibo,moved
sd_card_content/nfc/Amiibo/Animal_Crossing/Cards/Series_1/[AC]_055_-_Snake.nfc,nfc,Amiibo,Bruce-Scripts-Heaven_RFID/Amiibo,moved
sd_card_content/nfc/Amiibo/Animal_Crossing/Cards/Series_1/[AC]_027_-_Lopez.nfc,nfc,Amiibo,Bruce-Scripts-Heaven_RFID/Amiibo,moved
sd_card_content/nfc/Amiibo/Animal_Crossing/Cards/Series_1/[AC]_044_-_Shari.nfc,nfc,Amiibo,Bruce-Scripts-Heaven_RFID/Amiibo,moved
sd_card_content/nfc/Amiibo/Animal_Crossing/Cards/Series_1/[AC]_094_-_Cyrano.nfc,nfc,Amiibo,Bruce-Scripts-Heaven_RFID/Amiibo,moved
sd_card_content/nfc/Amiibo/Animal_Crossing/Cards/Series_1/[AC]_035_-_Deli.nfc,nfc,Amiibo,Bruce-Scripts-Heaven_RFID/Amiibo,moved
sd_card_content/nfc/Amiibo/Animal_Crossing/Cards/Series_1/[AC]_078_-_Roscoe.nfc,nfc,Amiibo,Bruce-Scripts-Heaven_RFID/Amiibo,moved
sd_card_content/nfc/Amiibo/Animal_Crossing/Cards/Series_1/[AC]_038_-_Patty.nfc,nfc,Amiibo,Bruce-Scripts-Heaven_RFID/Amiibo,moved
sd_card_content/nfc/Amiibo/Animal_Crossing/Cards/Series_1/[AC]_096_-_Cole.nfc,nfc,Amiibo,Bruce-Scripts-Heaven_RFID/Amiibo,moved
sd_card_content/nfc/Amiibo/Animal_Crossing/Cards/Series_1/[AC]_003_-_DJ_KK.nfc,nfc,Amiibo,Bruce-Scripts-Heaven_RFID/Amiibo,moved
sd_card_content/nfc/Amiibo/Animal_Crossing/Cards/Series_1/[AC]_081_-_Eunice.nfc,nfc,Amiibo,Bruce-Scripts-Heaven_RFID/Amiibo,moved
sd_card_content/nfc/Amiibo/Animal_Crossing/Cards/Series_1/[AC]_022_-_Leonardo.nfc,nfc,Amiibo,Bruce-Scripts-Heaven_RFID/Amiibo,moved
sd_card_content/nfc/Amiibo/Animal_Crossing/Cards/Series_1/[AC]_036_-_Alli.nfc,nfc,Amiibo,Bruce-Scripts-Heaven_RFID/Amiibo,moved
sd_card_content/nfc/Amiibo/Animal_Crossing/Cards/Series_1/[AC]_089_-_Diana.nfc,nfc,Amiibo,Bruce-Scripts-Heaven_RFID/Amiibo,moved
sd_card_content/nfc/Amiibo/Animal_Crossing/Cards/Series_1/[AC]_031_-_Sheldon.nfc,nfc,Amiibo,Bruce-Scripts-Heaven_RFID/Amiibo,moved
sd_card_content/nfc/Amiibo/Animal_Crossing/Cards/Series_1/[AC]_079_-_Truffles.nfc,nfc,Amiibo,Bruce-Scripts-Heaven_RFID/Amiibo,moved
sd_card_content/nfc/Amiibo/Animal_Crossing/Cards/Series_1/[AC]_049_-_Bonbon.nfc,nfc,Amiibo,Bruce-Scripts-Heaven_RFID/Amiibo,moved
sd_card_content/nfc/Amiibo/Animal_Crossing/Cards/Series_1/[AC]_014_-_Luna.nfc,nfc,Amiibo,Bruce-Scripts-Heaven_RFID/Amiibo,moved
sd_card_content/nfc/Amiibo/Animal_Crossing/Cards/Series_1/[AC]_041_-_Quillson.nfc,nfc,Amiibo,Bruce-Scripts-Heaven_RFID/Amiibo,moved
sd_card_content/nfc/Amiibo/Animal_Crossing/Cards/Series_1/[AC]_069_-_Bella.nfc,nfc,Amiibo,Bruce-Scripts-Heaven_RFID/Amiibo,moved
sd_card_content/nfc/Amiibo/Animal_Crossing/Cards/Series_1/[AC]_020_-_Curt.nfc,nfc,Amiibo,Bruce-Scripts-Heaven_RFID/Amiibo,moved
sd_card_content/nfc/Amiibo/Animal_Crossing/Cards/Series_1/[AC]_088_-_Clay.nfc,nfc,Amiibo,Bruce-Scripts-Heaven_RFID/Amiibo,moved
sd_card_content/nfc/Amiibo/Animal_Crossing/Cards/Series_1/[AC]_100_-_Walker.nfc,nfc,Amiibo,Bruce-Scripts-Heaven_RFID/Amiibo,moved
sd_card_content/nfc/Amiibo/Animal_Crossing/Cards/Series_1/[AC]_065_-_Midge.nfc,nfc,Amiibo,Bruce-Scripts-Heaven_RFID/Amiibo,moved
sd_card_content/nfc/Amiibo/Animal_Crossing/Cards/Series_1/[AC]_002_-_Tom_Nook.nfc,nfc,Amiibo,Bruce-Scripts-Heaven_RFID/Amiibo,moved
sd_card_content/nfc/Amiibo/Animal_Crossing/Cards/Series_1/[AC]_086_-_Chief.nfc,nfc,Amiibo,Bruce-Scripts-Heaven_RFID/Amiibo,moved
sd_card_content/nfc/Amiibo/Animal_Crossing/Cards/Series_1/[AC]_030_-_Tiffany.nfc,nfc,Amiibo,Bruce-Scripts-Heaven_RFID/Amiibo,moved
sd_card_content/nfc/Amiibo/Animal_Crossing/Cards/Series_1/[AC]_080_-_Eugene.nfc,nfc,Amiibo,Bruce-Scripts-Heaven_RFID/Amiibo,moved
sd_card_content/nfc/Amiibo/Animal_Crossing/Cards/Series_1/[AC]_070_-_Biff.nfc,nfc,Amiibo,Bruce-Scripts-Heaven_RFID/Amiibo,moved
sd_card_content/nfc/Amiibo/Animal_Crossing/Cards/Series_1/[AC]_028_-_Jambette.nfc,nfc,Amiibo,Bruce-Scripts-Heaven_RFID/Amiibo,moved
sd_card_content/nfc/Amiibo/Animal_Crossing/Cards/Series_1/[AC]_063_-_Mint.nfc,nfc,Amiibo,Bruce-Scripts-Heaven_RFID/Amiibo,moved
sd_card_content/nfc/Amiibo/Animal_Crossing/Cards/Series_1/[AC]_084_-_Benjamin.nfc,nfc,Amiibo,Bruce-Scripts-Heaven_RFID/Amiibo,moved
sd_card_content/nfc/Amiibo/Animal_Crossing/Cards/Series_1/[AC]_016_-_Lyle.nfc,nfc,Amiibo,Bruce-Scripts-Heaven_RFID/Amiibo,moved
sd_card_content/nfc/Amiibo/Animal_Crossing/Cards/Series_1/[AC]_023_-_Cheri.nfc,nfc,Amiibo,Bruce-Scripts-Heaven_RFID/Amiibo,moved
sd_card_content/nfc/Amiibo/Animal_Crossing/Cards/Series_1/[AC]_019_-_Fauna.nfc,nfc,Amiibo,Bruce-Scripts-Heaven_RFID/Amiibo,moved
sd_card_content/nfc/Amiibo/Animal_Crossing/Cards/Series_1/[AC]_001_-_Isabelle.nfc,nfc,Amiibo,Bruce-Scripts-Heaven_RFID/Amiibo,moved
sd_card_content/nfc/Amiibo/Animal_Crossing/Cards/Series_1/[AC]_092_-_Henry.nfc,nfc,Amiibo,Bruce-Scripts-Heaven_RFID/Amiibo,moved
sd_card_content/nfc/Amiibo/Animal_Crossing/Cards/Series_1/[AC]_051_-_Opal.nfc,nfc,Amiibo,Bruce-Scripts-Heaven_RFID/Amiibo,moved
sd_card_content/nfc/Amiibo/Animal_Crossing/Cards/Series_1/[AC]_064_-_Pudge.nfc,nfc,Amiibo,Bruce-Scripts-Heaven_RFID/Amiibo,moved
sd_card_content/nfc/Amiibo/Animal_Crossing/Cards/Series_1/[AC]_056_-_Bangle.nfc,nfc,Amiibo,Bruce-Scripts-Heaven_RFID/Amiibo,moved
sd_card_content/nfc/Amiibo/Animal_Crossing/Cards/Series_1/[AC]_054_-_Deena.nfc,nfc,Amiibo,Bruce-Scripts-Heaven_RFID/Amiibo,moved
sd_card_content/nfc/Amiibo/Animal_Crossing/Cards/Series_1/[AC]_026_-_Renee.nfc,nfc,Amiibo,Bruce-Scripts-Heaven_RFID/Amiibo,moved
sd_card_content/nfc/Amiibo/Animal_Crossing/Cards/Series_1/[AC]_066_-_Gruff.nfc,nfc,Amiibo,Bruce-Scripts-Heaven_RFID/Amiibo,moved
sd_card_content/nfc/Amiibo/Animal_Crossing/Cards/Series_1/[AC]_008_-_Timmy.nfc,nfc,Amiibo,Bruce-Scripts-Heaven_RFID/Amiibo,moved
sd_card_content/nfc/Amiibo/Animal_Crossing/Cards/Series_1/[AC]_095_-_Peanut.nfc,nfc,Amiibo,Bruce-Scripts-Heaven_RFID/Amiibo,moved
sd_card_content/nfc/Amiibo/Animal_Crossing/Cards/Series_1/[AC]_017_-_Lottie.nfc,nfc,Amiibo,Bruce-Scripts-Heaven_RFID/Amiibo,moved
sd_card_content/nfc/Amiibo/Animal_Crossing/Cards/Series_1/[AC]_024_-_Kyle.nfc,nfc,Amiibo,Bruce-Scripts-Heaven_RFID/Amiibo,moved
sd_card_content/nfc/Amiibo/Animal_Crossing/Cards/Series_1/[AC]_068_-_Clyde.nfc,nfc,Amiibo,Bruce-Scripts-Heaven_RFID/Amiibo,moved
sd_card_content/nfc/Amiibo/Animal_Crossing/Cards/Series_1/[AC]_097_-_Willow.nfc,nfc,Amiibo,Bruce-Scripts-Heaven_RFID/Amiibo,moved
sd_card_content/nfc/Amiibo/Animal_Crossing/Cards/Series_1/[AC]_057_-_Phil.nfc,nfc,Amiibo,Bruce-Scripts-Heaven_RFID/Amiibo,moved
sd_card_content/nfc/Amiibo/Animal_Crossing/Cards/Series_1/[AC]_060_-_Samson.nfc,nfc,Amiibo,Bruce-Scripts-Heaven_RFID/Amiibo,moved
sd_card_content/nfc/Amiibo/Animal_Crossing/Cards/Series_1/[AC]_087_-_Bunnie.nfc,nfc,Amiibo,Bruce-Scripts-Heaven_RFID/Amiibo,moved
sd_card_content/nfc/Amiibo/Animal_Crossing/Cards/Series_1/[AC]_039_-_Jitters.nfc,nfc,Amiibo,Bruce-Scripts-Heaven_RFID/Amiibo,moved
sd_card_content/nfc/Amiibo/Animal_Crossing/Cards/Series_1/[AC]_025_-_Al.nfc,nfc,Amiibo,Bruce-Scripts-Heaven_RFID/Amiibo,moved
sd_card_content/nfc/Amiibo/Animal_Crossing/Cards/Series_1/[AC]_053_-_Limberg.nfc,nfc,Amiibo,Bruce-Scripts-Heaven_RFID/Amiibo,moved
sd_card_content/nfc/Amiibo/Animal_Crossing/Cards/Series_1/[AC]_067_-_Flurry.nfc,nfc,Amiibo,Bruce-Scripts-Heaven_RFID/Amiibo,moved
sd_card_content/nfc/Amiibo/Animal_Crossing/Cards/Series_1/[AC]_062_-_T-Bone.nfc,nfc,Amiibo,Bruce-Scripts-Heaven_RFID/Amiibo,moved
sd_card_content/nfc/Amiibo/Animal_Crossing/Cards/Series_1/[AC]_006_-_Resetti.nfc,nfc,Amiibo,Bruce-Scripts-Heaven_RFID/Amiibo,moved
sd_card_content/nfc/Amiibo/Animal_Crossing/Cards/Series_1/[AC]_040_-_Gigi.nfc,nfc,Amiibo,Bruce-Scripts-Heaven_RFID/Amiibo,moved
sd_card_content/nfc/Amiibo/Animal_Crossing/Cards/Series_1/[AC]_052_-_Poppy.nfc,nfc,Amiibo,Bruce-Scripts-Heaven_RFID/Amiibo,moved
sd_card_content/nfc/Amiibo/Animal_Crossing/Cards/Series_1/[AC]_004_-_Sable.nfc,nfc,Amiibo,Bruce-Scripts-Heaven_RFID/Amiibo,moved
sd_card_content/nfc/Amiibo/Animal_Crossing/Cards/Series_1/[AC]_010_-_Pascal.nfc,nfc,Amiibo,Bruce-Scripts-Heaven_RFID/Amiibo,moved
sd_card_content/nfc/Amiibo/Animal_Crossing/Cards/Series_1/[AC]_037_-_Kabuki.nfc,nfc,Amiibo,Bruce-Scripts-Heaven_RFID/Amiibo,moved
sd_card_content/nfc/Amiibo/Animal_Crossing/Cards/Series_1/[AC]_033_-_Bill.nfc,nfc,Amiibo,Bruce-Scripts-Heaven_RFID/Amiibo,moved
sd_card_content/nfc/Amiibo/Animal_Crossing/Cards/Series_1/[AC]_013_-_Saharah.nfc,nfc,Amiibo,Bruce-Scripts-Heaven_RFID/Amiibo,moved
sd_card_content/nfc/Amiibo/Animal_Crossing/Cards/Series_1/[AC]_021_-_Portia.nfc,nfc,Amiibo,Bruce-Scripts-Heaven_RFID/Amiibo,moved
sd_card_content/nfc/Amiibo/Animal_Crossing/Cards/Series_1/[AC]_050_-_Punchy.nfc,nfc,Amiibo,Bruce-Scripts-Heaven_RFID/Amiibo,moved
sd_card_content/nfc/Amiibo/Animal_Crossing/Cards/Series_1/[AC]_007_-_Joan.nfc,nfc,Amiibo,Bruce-Scripts-Heaven_RFID/Amiibo,moved
sd_card_content/nfc/Amiibo/Animal_Crossing/Cards/Series_1/[AC]_009_-_Digby.nfc,nfc,Amiibo,Bruce-Scripts-Heaven_RFID/Amiibo,moved
sd_card_content/nfc/Amiibo/Animal_Crossing/Cards/Series_1/[AC]_090_-_Axel.nfc,nfc,Amiibo,Bruce-Scripts-Heaven_RFID/Amiibo,moved
sd_card_content/nfc/Amiibo/Animal_Crossing/Cards/Series_1/[AC]_048_-_Sterling.nfc,nfc,Amiibo,Bruce-Scripts-Heaven_RFID/Amiibo,moved
sd_card_content/nfc/Amiibo/Animal_Crossing/Cards/Series_5/[AC]_438_-_Petri.nfc,nfc,Amiibo,Bruce-Scripts-Heaven_RFID/Amiibo,moved
sd_card_content/nfc/Amiibo/Animal_Crossing/Cards/Series_5/[AC]_443_-_Ace.nfc,nfc,Amiibo,Bruce-Scripts-Heaven_RFID/Amiibo,moved
sd_card_content/nfc/Amiibo/Animal_Crossing/Cards/Series_5/[AC]_433_-_Sasha.nfc,nfc,Amiibo,Bruce-Scripts-Heaven_RFID/Amiibo,moved
sd_card_content/nfc/Amiibo/Animal_Crossing/Cards/Series_5/[AC]_437_-_Marlo.nfc,nfc,Amiibo,Bruce-Scripts-Heaven_RFID/Amiibo,moved
sd_card_content/nfc/Amiibo/Animal_Crossing/Cards/Series_5/[AC]_414_-_Daisy_Mae.nfc,nfc,Amiibo,Bruce-Scripts-Heaven_RFID/Amiibo,moved
sd_card_content/nfc/Amiibo/Animal_Crossing/Cards/Series_5/[AC]_407_-_Celeste.nfc,nfc,Amiibo,Bruce-Scripts-Heaven_RFID/Amiibo,moved
sd_card_content/nfc/Amiibo/Animal_Crossing/Cards/Series_5/[AC]_422_-_Wardell.nfc,nfc,Amiibo,Bruce-Scripts-Heaven_RFID/Amiibo,moved
sd_card_content/nfc/Amiibo/Animal_Crossing/Cards/Series_5/[AC]_430_-_Judy.nfc,nfc,Amiibo,Bruce-Scripts-Heaven_RFID/Amiibo,moved
sd_card_content/nfc/Amiibo/Animal_Crossing/Cards/Series_5/[AC]_436_-_Shino.nfc,nfc,Amiibo,Bruce-Scripts-Heaven_RFID/Amiibo,moved
sd_card_content/nfc/Amiibo/Animal_Crossing/Cards/Series_5/[AC]_403_-_Isabelle.nfc,nfc,Amiibo,Bruce-Scripts-Heaven_RFID/Amiibo,moved
sd_card_content/nfc/Amiibo/Animal_Crossing/Cards/Series_5/[AC]_411_-_K.K..nfc,nfc,Amiibo,Bruce-Scripts-Heaven_RFID/Amiibo,moved
sd_card_content/nfc/Amiibo/Animal_Crossing/Cards/Series_5/[AC]_448_-_Faith.nfc,nfc,Amiibo,Bruce-Scripts-Heaven_RFID/Amiibo,moved
sd_card_content/nfc/Amiibo/Animal_Crossing/Cards/Series_5/[AC]_440_-_Quinn.nfc,nfc,Amiibo,Bruce-Scripts-Heaven_RFID/Amiibo,moved
sd_card_content/nfc/Amiibo/Animal_Crossing/Cards/Series_5/[AC]_415_-_Kicks.nfc,nfc,Amiibo,Bruce-Scripts-Heaven_RFID/Amiibo,moved
sd_card_content/nfc/Amiibo/Animal_Crossing/Cards/Series_5/[AC]_401_-_Tom_Nook.nfc,nfc,Amiibo,Bruce-Scripts-Heaven_RFID/Amiibo,moved
sd_card_content/nfc/Amiibo/Animal_Crossing/Cards/Series_5/[AC]_434_-_Ione.nfc,nfc,Amiibo,Bruce-Scripts-Heaven_RFID/Amiibo,moved
sd_card_content/nfc/Amiibo/Animal_Crossing/Cards/Series_5/[AC]_435_-_Tiansheng.nfc,nfc,Amiibo,Bruce-Scripts-Heaven_RFID/Amiibo,moved
sd_card_content/nfc/Amiibo/Animal_Crossing/Cards/Series_5/[AC]_432_-_Reneigh.nfc,nfc,Amiibo,Bruce-Scripts-Heaven_RFID/Amiibo,moved
sd_card_content/nfc/Amiibo/Animal_Crossing/Cards/Series_5/[AC]_431_-_Raymond.nfc,nfc,Amiibo,Bruce-Scripts-Heaven_RFID/Amiibo,moved
sd_card_content/nfc/Amiibo/Animal_Crossing/Cards/Series_5/[AC]_421_-_Niko.nfc,nfc,Amiibo,Bruce-Scripts-Heaven_RFID/Amiibo,moved
sd_card_content/nfc/Amiibo/Animal_Crossing/Cards/Series_5/[AC]_406_-_Blathers.nfc,nfc,Amiibo,Bruce-Scripts-Heaven_RFID/Amiibo,moved
sd_card_content/nfc/Amiibo/Animal_Crossing/Cards/Series_5/[AC]_446_-_Azalea.nfc,nfc,Amiibo,Bruce-Scripts-Heaven_RFID/Amiibo,moved
sd_card_content/nfc/Amiibo/Animal_Crossing/Cards/Series_5/[AC]_439_-_Cephalobot.nfc,nfc,Amiibo,Bruce-Scripts-Heaven_RFID/Amiibo,moved
sd_card_content/nfc/Amiibo/Animal_Crossing/Cards/Series_5/[AC]_442_-_Zoe.nfc,nfc,Amiibo,Bruce-Scripts-Heaven_RFID/Amiibo,moved
sd_card_content/nfc/Amiibo/Animal_Crossing/Cards/Series_5/[AC]_419_-_Wisp.nfc,nfc,Amiibo,Bruce-Scripts-Heaven_RFID/Amiibo,moved
sd_card_content/nfc/Amiibo/Animal_Crossing/Cards/Series_5/[AC]_416_-_Saharah.nfc,nfc,Amiibo,Bruce-Scripts-Heaven_RFID/Amiibo,moved
sd_card_content/nfc/Amiibo/Animal_Crossing/Cards/Series_5/[AC]_405_-_Wilbur.nfc,nfc,Amiibo,Bruce-Scripts-Heaven_RFID/Amiibo,moved
sd_card_content/nfc/Amiibo/Animal_Crossing/Cards/Series_5/[AC]_417_-_Harvey.nfc,nfc,Amiibo,Bruce-Scripts-Heaven_RFID/Amiibo,moved
sd_card_content/nfc/Amiibo/Animal_Crossing/Cards/Series_5/[AC]_428_-_Audie.nfc,nfc,Amiibo,Bruce-Scripts-Heaven_RFID/Amiibo,moved
sd_card_content/nfc/Amiibo/Animal_Crossing/Cards/Series_5/[AC]_409_-_Sable.nfc,nfc,Amiibo,Bruce-Scripts-Heaven_RFID/Amiibo,moved
sd_card_content/nfc/Amiibo/Animal_Crossing/Cards/Series_5/[AC]_410_-_Label.nfc,nfc,Amiibo,Bruce-Scripts-Heaven_RFID/Amiibo,moved
sd_card_content/nfc/Amiibo/Animal_Crossing/Cards/Series_5/[AC]_426_-_Megan.nfc,nfc,Amiibo,Bruce-Scripts-Heaven_RFID/Amiibo,moved
sd_card_content/nfc/Amiibo/Animal_Crossing/Cards/Series_5/[AC]_444_-_Rio.nfc,nfc,Amiibo,Bruce-Scripts-Heaven_RFID/Amiibo,moved
sd_card_content/nfc/Amiibo/Animal_Crossing/Cards/Series_5/[AC]_404_-_Orville.nfc,nfc,Amiibo,Bruce-Scripts-Heaven_RFID/Amiibo,moved
sd_card_content/nfc/Amiibo/Animal_Crossing/Cards/Series_5/[AC]_429_-_Cyd.nfc,nfc,Amiibo,Bruce-Scripts-Heaven_RFID/Amiibo,moved
sd_card_content/nfc/Amiibo/Animal_Crossing/Cards/Series_5/[AC]_447_-_Roswell.nfc,nfc,Amiibo,Bruce-Scripts-Heaven_RFID/Amiibo,moved
sd_card_content/nfc/Amiibo/Animal_Crossing/Cards/Series_5/[AC]_441_-_Chabwick.nfc,nfc,Amiibo,Bruce-Scripts-Heaven_RFID/Amiibo,moved
sd_card_content/nfc/Amiibo/Animal_Crossing/Cards/Series_5/[AC]_427_-_Dom.nfc,nfc,Amiibo,Bruce-Scripts-Heaven_RFID/Amiibo,moved
sd_card_content/nfc/Amiibo/Animal_Crossing/Cards/Series_5/[AC]_412_-_C.J..nfc,nfc,Amiibo,Bruce-Scripts-Heaven_RFID/Amiibo,moved
sd_card_content/nfc/Amiibo/Animal_Crossing/Cards/Series_5/[AC]_418_-_Gulliver.nfc,nfc,Amiibo,Bruce-Scripts-Heaven_RFID/Amiibo,moved
sd_card_content/nfc/Amiibo/Animal_Crossing/Cards/Series_5/[AC]_424_-_Isabelle_(Sweater).nfc,nfc,Amiibo,Bruce-Scripts-Heaven_RFID/Amiibo,moved
sd_card_content/nfc/Amiibo/Animal_Crossing/Cards/Series_5/[AC]_413_-_Flick.nfc,nfc,Amiibo,Bruce-Scripts-Heaven_RFID/Amiibo,moved
sd_card_content/nfc/Amiibo/Animal_Crossing/Cards/Series_5/[AC]_402_-_Timmy_and_Tommy.nfc,nfc,Amiibo,Bruce-Scripts-Heaven_RFID/Amiibo,moved
sd_card_content/nfc/Amiibo/Animal_Crossing/Cards/Series_5/[AC]_425_-_Sherb.nfc,nfc,Amiibo,Bruce-Scripts-Heaven_RFID/Amiibo,moved
sd_card_content/nfc/Amiibo/Animal_Crossing/Cards/Series_5/[AC]_423_-_Tom_Nook_(Coat).nfc,nfc,Amiibo,Bruce-Scripts-Heaven_RFID/Amiibo,moved
sd_card_content/nfc/Amiibo/Animal_Crossing/Cards/Series_5/[AC]_445_-_Frett.nfc,nfc,Amiibo,Bruce-Scripts-Heaven_RFID/Amiibo,moved
sd_card_content/nfc/Amiibo/Animal_Crossing/Cards/Series_5/[AC]_420_-_Lottie.nfc,nfc,Amiibo,Bruce-Scripts-Heaven_RFID/Amiibo,moved
sd_card_content/nfc/Amiibo/Animal_Crossing/Cards/Series_5/[AC]_408_-_Mabel.nfc,nfc,Amiibo,Bruce-Scripts-Heaven_RFID/Amiibo,moved
sd_card_content/nfc/Amiibo/Animal_Crossing/Cards/Welcome_amiibo_Series/[AC]_W34_-_Boots.nfc,nfc,Amiibo,Bruce-Scripts-Heaven_RFID/Amiibo,moved
sd_card_content/nfc/Amiibo/Animal_Crossing/Cards/Welcome_amiibo_Series/[AC]_W47_-_Buzz.nfc,nfc,Amiibo,Bruce-Scripts-Heaven_RFID/Amiibo,moved
sd_card_content/nfc/Amiibo/Animal_Crossing/Cards/Welcome_amiibo_Series/[AC]_W48_-_Cleo.nfc,nfc,Amiibo,Bruce-Scripts-Heaven_RFID/Amiibo,moved
sd_card_content/nfc/Amiibo/Animal_Crossing/Cards/Welcome_amiibo_Series/[AC]_W25_-_Plucky.nfc,nfc,Amiibo,Bruce-Scripts-Heaven_RFID/Amiibo,moved
sd_card_content/nfc/Amiibo/Animal_Crossing/Cards/Welcome_amiibo_Series/[AC]_W09_-_Huck.nfc,nfc,Amiibo,Bruce-Scripts-Heaven_RFID/Amiibo,moved
sd_card_content/nfc/Amiibo/Animal_Crossing/Cards/Welcome_amiibo_Series/[AC]_W10_-_Sylvana.nfc,nfc,Amiibo,Bruce-Scripts-Heaven_RFID/Amiibo,moved
sd_card_content/nfc/Amiibo/Animal_Crossing/Cards/Welcome_amiibo_Series/[AC]_W12_-_Wade.nfc,nfc,Amiibo,Bruce-Scripts-Heaven_RFID/Amiibo,moved
sd_card_content/nfc/Amiibo/Animal_Crossing/Cards/Welcome_amiibo_Series/[AC]_W46_-_Dobie.nfc,nfc,Amiibo,Bruce-Scripts-Heaven_RFID/Amiibo,moved
sd_card_content/nfc/Amiibo/Animal_Crossing/Cards/Welcome_amiibo_Series/[AC]_W26_-_Sandy.nfc,nfc,Amiibo,Bruce-Scripts-Heaven_RFID/Amiibo,moved
sd_card_content/nfc/Amiibo/Animal_Crossing/Cards/Welcome_amiibo_Series/[AC]_W38_-_Spike.nfc,nfc,Amiibo,Bruce-Scripts-Heaven_RFID/Amiibo,moved
sd_card_content/nfc/Amiibo/Animal_Crossing/Cards/Welcome_amiibo_Series/[AC]_W42_-_Gonzo.nfc,nfc,Amiibo,Bruce-Scripts-Heaven_RFID/Amiibo,moved
sd_card_content/nfc/Amiibo/Animal_Crossing/Cards/Welcome_amiibo_Series/[AC]_W08_-_Tybalt.nfc,nfc,Amiibo,Bruce-Scripts-Heaven_RFID/Amiibo,moved
sd_card_content/nfc/Amiibo/Animal_Crossing/Cards/Welcome_amiibo_Series/[AC]_W06_-_Hornsby.nfc,nfc,Amiibo,Bruce-Scripts-Heaven_RFID/Amiibo,moved
sd_card_content/nfc/Amiibo/Animal_Crossing/Cards/Welcome_amiibo_Series/[AC]_W11_-_Boris.nfc,nfc,Amiibo,Bruce-Scripts-Heaven_RFID/Amiibo,moved
sd_card_content/nfc/Amiibo/Animal_Crossing/Cards/Welcome_amiibo_Series/[AC]_W01_-_Vivian.nfc,nfc,Amiibo,Bruce-Scripts-Heaven_RFID/Amiibo,moved
sd_card_content/nfc/Amiibo/Animal_Crossing/Cards/Welcome_amiibo_Series/[AC]_W18_-_Jacob.nfc,nfc,Amiibo,Bruce-Scripts-Heaven_RFID/Amiibo,moved
sd_card_content/nfc/Amiibo/Animal_Crossing/Cards/Welcome_amiibo_Series/[AC]_W44_-_Snooty.nfc,nfc,Amiibo,Bruce-Scripts-Heaven_RFID/Amiibo,moved
sd_card_content/nfc/Amiibo/Animal_Crossing/Cards/Welcome_amiibo_Series/[AC]_W20_-_Billy.nfc,nfc,Amiibo,Bruce-Scripts-Heaven_RFID/Amiibo,moved
sd_card_content/nfc/Amiibo/Animal_Crossing/Cards/Welcome_amiibo_Series/[AC]_W37_-_Leopold.nfc,nfc,Amiibo,Bruce-Scripts-Heaven_RFID/Amiibo,moved
sd_card_content/nfc/Amiibo/Animal_Crossing/Cards/Welcome_amiibo_Series/[AC]_W49_-_Ike.nfc,nfc,Amiibo,Bruce-Scripts-Heaven_RFID/Amiibo,moved
sd_card_content/nfc/Amiibo/Animal_Crossing/Cards/Welcome_amiibo_Series/[AC]_W45_-_Olive.nfc,nfc,Amiibo,Bruce-Scripts-Heaven_RFID/Amiibo,moved
sd_card_content/nfc/Amiibo/Animal_Crossing/Cards/Welcome_amiibo_Series/[AC]_W27_-_Claude.nfc,nfc,Amiibo,Bruce-Scripts-Heaven_RFID/Amiibo,moved
sd_card_content/nfc/Amiibo/Animal_Crossing/Cards/Welcome_amiibo_Series/[AC]_W33_-_Ellie.nfc,nfc,Amiibo,Bruce-Scripts-Heaven_RFID/Amiibo,moved
sd_card_content/nfc/Amiibo/Animal_Crossing/Cards/Welcome_amiibo_Series/[AC]_W36_-_Candi.nfc,nfc,Amiibo,Bruce-Scripts-Heaven_RFID/Amiibo,moved
sd_card_content/nfc/Amiibo/Animal_Crossing/Cards/Welcome_amiibo_Series/[AC]_W43_-_Sprocket.nfc,nfc,Amiibo,Bruce-Scripts-Heaven_RFID/Amiibo,moved
sd_card_content/nfc/Amiibo/Animal_Crossing/Cards/Welcome_amiibo_Series/[AC]_W29_-_Julia.nfc,nfc,Amiibo,Bruce-Scripts-Heaven_RFID/Amiibo,moved
sd_card_content/nfc/Amiibo/Animal_Crossing/Cards/Welcome_amiibo_Series/[AC]_W22_-_Bitty.nfc,nfc,Amiibo,Bruce-Scripts-Heaven_RFID/Amiibo,moved
sd_card_content/nfc/Amiibo/Animal_Crossing/Cards/Welcome_amiibo_Series/[AC]_W17_-_Ursala.nfc,nfc,Amiibo,Bruce-Scripts-Heaven_RFID/Amiibo,moved
sd_card_content/nfc/Amiibo/Animal_Crossing/Cards/Welcome_amiibo_Series/[AC]_W28_-_Raddle.nfc,nfc,Amiibo,Bruce-Scripts-Heaven_RFID/Amiibo,moved
sd_card_content/nfc/Amiibo/Animal_Crossing/Cards/Welcome_amiibo_Series/[AC]_W14_-_Ketchup.nfc,nfc,Amiibo,Bruce-Scripts-Heaven_RFID/Amiibo,moved
sd_card_content/nfc/Amiibo/Animal_Crossing/Cards/Welcome_amiibo_Series/[AC]_W40_-_Tad.nfc,nfc,Amiibo,Bruce-Scripts-Heaven_RFID/Amiibo,moved
sd_card_content/nfc/Amiibo/Animal_Crossing/Cards/Welcome_amiibo_Series/[AC]_W05_-_Paolo.nfc,nfc,Amiibo,Bruce-Scripts-Heaven_RFID/Amiibo,moved
sd_card_content/nfc/Amiibo/Animal_Crossing/Cards/Welcome_amiibo_Series/[AC]_W50_-_Tasha.nfc,nfc,Amiibo,Bruce-Scripts-Heaven_RFID/Amiibo,moved
sd_card_content/nfc/Amiibo/Animal_Crossing/Cards/Welcome_amiibo_Series/[AC]_W30_-_Louie.nfc,nfc,Amiibo,Bruce-Scripts-Heaven_RFID/Amiibo,moved
sd_card_content/nfc/Amiibo/Animal_Crossing/Cards/Welcome_amiibo_Series/[AC]_W31_-_Bea.nfc,nfc,Amiibo,Bruce-Scripts-Heaven_RFID/Amiibo,moved
sd_card_content/nfc/Amiibo/Animal_Crossing/Cards/Welcome_amiibo_Series/[AC]_W19_-_Maddie.nfc,nfc,Amiibo,Bruce-Scripts-Heaven_RFID/Amiibo,moved
sd_card_content/nfc/Amiibo/Animal_Crossing/Cards/Welcome_amiibo_Series/[AC]_W21_-_Boyd.nfc,nfc,Amiibo,Bruce-Scripts-Heaven_RFID/Amiibo,moved
sd_card_content/nfc/Amiibo/Animal_Crossing/Cards/Welcome_amiibo_Series/[AC]_W39_-_Cashmere.nfc,nfc,Amiibo,Bruce-Scripts-Heaven_RFID/Amiibo,moved
sd_card_content/nfc/Amiibo/Animal_Crossing/Cards/Welcome_amiibo_Series/[AC]_W16_-_Stu.nfc,nfc,Amiibo,Bruce-Scripts-Heaven_RFID/Amiibo,moved
sd_card_content/nfc/Amiibo/Animal_Crossing/Cards/Welcome_amiibo_Series/[AC]_W02_-_Hopkins.nfc,nfc,Amiibo,Bruce-Scripts-Heaven_RFID/Amiibo,moved
sd_card_content/nfc/Amiibo/Animal_Crossing/Cards/Welcome_amiibo_Series/[AC]_W35_-_Weber.nfc,nfc,Amiibo,Bruce-Scripts-Heaven_RFID/Amiibo,moved
sd_card_content/nfc/Amiibo/Animal_Crossing/Cards/Welcome_amiibo_Series/[AC]_W04_-_Piper.nfc,nfc,Amiibo,Bruce-Scripts-Heaven_RFID/Amiibo,moved
sd_card_content/nfc/Amiibo/Animal_Crossing/Cards/Welcome_amiibo_Series/[AC]_W07_-_Stella.nfc,nfc,Amiibo,Bruce-Scripts-Heaven_RFID/Amiibo,moved
sd_card_content/nfc/Amiibo/Animal_Crossing/Cards/Welcome_amiibo_Series/[AC]_W32_-_Admiral.nfc,nfc,Amiibo,Bruce-Scripts-Heaven_RFID/Amiibo,moved
sd_card_content/nfc/Amiibo/Animal_Crossing/Cards/Welcome_amiibo_Series/[AC]_W24_-_Murphy.nfc,nfc,Amiibo,Bruce-Scripts-Heaven_RFID/Amiibo,moved
sd_card_content/nfc/Amiibo/Animal_Crossing/Cards/Welcome_amiibo_Series/[AC]_W41_-_Norma.nfc,nfc,Amiibo,Bruce-Scripts-Heaven_RFID/Amiibo,moved
sd_card_content/nfc/Amiibo/Animal_Crossing/Cards/Welcome_amiibo_Series/[AC]_W03_-_June.nfc,nfc,Amiibo,Bruce-Scripts-Heaven_RFID/Amiibo,moved
sd_card_content/nfc/Amiibo/Animal_Crossing/Cards/Welcome_amiibo_Series/[AC]_W13_-_Carrie.nfc,nfc,Amiibo,Bruce-Scripts-Heaven_RFID/Amiibo,moved
sd_card_content/nfc/Amiibo/Animal_Crossing/Cards/Welcome_amiibo_Series/[AC]_W23_-_Maggie.nfc,nfc,Amiibo,Bruce-Scripts-Heaven_RFID/Amiibo,moved
sd_card_content/nfc/Amiibo/Animal_Crossing/Cards/Welcome_amiibo_Series/[AC]_W15_-_Rex.nfc,nfc,Amiibo,Bruce-Scripts-Heaven_RFID/Amiibo,moved
sd_card_content/nfc/Amiibo/Animal_Crossing/Cards/Series_3/[AC]_216_-_Franklin.nfc,nfc,Amiibo,Bruce-Scripts-Heaven_RFID/Amiibo,moved
sd_card_content/nfc/Amiibo/Animal_Crossing/Cards/Series_3/[AC]_282_-_Violet.nfc,nfc,Amiibo,Bruce-Scripts-Heaven_RFID/Amiibo,moved
sd_card_content/nfc/Amiibo/Animal_Crossing/Cards/Series_3/[AC]_248_-_Hazel.nfc,nfc,Amiibo,Bruce-Scripts-Heaven_RFID/Amiibo,moved
sd_card_content/nfc/Amiibo/Animal_Crossing/Cards/Series_3/[AC]_272_-_Skye.nfc,nfc,Amiibo,Bruce-Scripts-Heaven_RFID/Amiibo,moved
sd_card_content/nfc/Amiibo/Animal_Crossing/Cards/Series_3/[AC]_257_-_Klaus.nfc,nfc,Amiibo,Bruce-Scripts-Heaven_RFID/Amiibo,moved
sd_card_content/nfc/Amiibo/Animal_Crossing/Cards/Series_3/[AC]_255_-_Wolfgang.nfc,nfc,Amiibo,Bruce-Scripts-Heaven_RFID/Amiibo,moved
sd_card_content/nfc/Amiibo/Animal_Crossing/Cards/Series_3/[AC]_246_-_Eloise.nfc,nfc,Amiibo,Bruce-Scripts-Heaven_RFID/Amiibo,moved
sd_card_content/nfc/Amiibo/Animal_Crossing/Cards/Series_3/[AC]_266_-_Joey.nfc,nfc,Amiibo,Bruce-Scripts-Heaven_RFID/Amiibo,moved
sd_card_content/nfc/Amiibo/Animal_Crossing/Cards/Series_3/[AC]_249_-_Beardo.nfc,nfc,Amiibo,Bruce-Scripts-Heaven_RFID/Amiibo,moved
sd_card_content/nfc/Amiibo/Animal_Crossing/Cards/Series_3/[AC]_220_-_Tabby.nfc,nfc,Amiibo,Bruce-Scripts-Heaven_RFID/Amiibo,moved
sd_card_content/nfc/Amiibo/Animal_Crossing/Cards/Series_3/[AC]_263_-_Gaston.nfc,nfc,Amiibo,Bruce-Scripts-Heaven_RFID/Amiibo,moved
sd_card_content/nfc/Amiibo/Animal_Crossing/Cards/Series_3/[AC]_253_-_Genji.nfc,nfc,Amiibo,Bruce-Scripts-Heaven_RFID/Amiibo,moved
sd_card_content/nfc/Amiibo/Animal_Crossing/Cards/Series_3/[AC]_222_-_Miranda.nfc,nfc,Amiibo,Bruce-Scripts-Heaven_RFID/Amiibo,moved
sd_card_content/nfc/Amiibo/Animal_Crossing/Cards/Series_3/[AC]_297_-_Apollo.nfc,nfc,Amiibo,Bruce-Scripts-Heaven_RFID/Amiibo,moved
sd_card_content/nfc/Amiibo/Animal_Crossing/Cards/Series_3/[AC]_264_-_Marshal.nfc,nfc,Amiibo,Bruce-Scripts-Heaven_RFID/Amiibo,moved
sd_card_content/nfc/Amiibo/Animal_Crossing/Cards/Series_3/[AC]_203_-_Tom_Nook.nfc,nfc,Amiibo,Bruce-Scripts-Heaven_RFID/Amiibo,moved
sd_card_content/nfc/Amiibo/Animal_Crossing/Cards/Series_3/[AC]_227_-_Rodeo.nfc,nfc,Amiibo,Bruce-Scripts-Heaven_RFID/Amiibo,moved
sd_card_content/nfc/Amiibo/Animal_Crossing/Cards/Series_3/[AC]_243_-_Drago.nfc,nfc,Amiibo,Bruce-Scripts-Heaven_RFID/Amiibo,moved
sd_card_content/nfc/Amiibo/Animal_Crossing/Cards/Series_3/[AC]_276_-_Astrid.nfc,nfc,Amiibo,Bruce-Scripts-Heaven_RFID/Amiibo,moved
sd_card_content/nfc/Amiibo/Animal_Crossing/Cards/Series_3/[AC]_265_-_Gala.nfc,nfc,Amiibo,Bruce-Scripts-Heaven_RFID/Amiibo,moved
sd_card_content/nfc/Amiibo/Animal_Crossing/Cards/Series_3/[AC]_233_-_Colton.nfc,nfc,Amiibo,Bruce-Scripts-Heaven_RFID/Amiibo,moved
sd_card_content/nfc/Amiibo/Animal_Crossing/Cards/Series_3/[AC]_268_-_Buck.nfc,nfc,Amiibo,Bruce-Scripts-Heaven_RFID/Amiibo,moved
sd_card_content/nfc/Amiibo/Animal_Crossing/Cards/Series_3/[AC]_219_-_Anchovy.nfc,nfc,Amiibo,Bruce-Scripts-Heaven_RFID/Amiibo,moved
sd_card_content/nfc/Amiibo/Animal_Crossing/Cards/Series_3/[AC]_224_-_Paula.nfc,nfc,Amiibo,Bruce-Scripts-Heaven_RFID/Amiibo,moved
sd_card_content/nfc/Amiibo/Animal_Crossing/Cards/Series_3/[AC]_250_-_Ava.nfc,nfc,Amiibo,Bruce-Scripts-Heaven_RFID/Amiibo,moved
sd_card_content/nfc/Amiibo/Animal_Crossing/Cards/Series_3/[AC]_259_-_Stinky.nfc,nfc,Amiibo,Bruce-Scripts-Heaven_RFID/Amiibo,moved
sd_card_content/nfc/Amiibo/Animal_Crossing/Cards/Series_3/[AC]_298_-_Derwin.nfc,nfc,Amiibo,Bruce-Scripts-Heaven_RFID/Amiibo,moved
sd_card_content/nfc/Amiibo/Animal_Crossing/Cards/Series_3/[AC]_289_-_Boomer.nfc,nfc,Amiibo,Bruce-Scripts-Heaven_RFID/Amiibo,moved
sd_card_content/nfc/Amiibo/Animal_Crossing/Cards/Series_3/[AC]_296_-_Soleil.nfc,nfc,Amiibo,Bruce-Scripts-Heaven_RFID/Amiibo,moved
sd_card_content/nfc/Amiibo/Animal_Crossing/Cards/Series_3/[AC]_254_-_Greta.nfc,nfc,Amiibo,Bruce-Scripts-Heaven_RFID/Amiibo,moved
sd_card_content/nfc/Amiibo/Animal_Crossing/Cards/Series_3/[AC]_229_-_Cousteau.nfc,nfc,Amiibo,Bruce-Scripts-Heaven_RFID/Amiibo,moved
sd_card_content/nfc/Amiibo/Animal_Crossing/Cards/Series_3/[AC]_299_-_Francine.nfc,nfc,Amiibo,Bruce-Scripts-Heaven_RFID/Amiibo,moved
sd_card_content/nfc/Amiibo/Animal_Crossing/Cards/Series_3/[AC]_206_-_Pete.nfc,nfc,Amiibo,Bruce-Scripts-Heaven_RFID/Amiibo,moved
sd_card_content/nfc/Amiibo/Animal_Crossing/Cards/Series_3/[AC]_245_-_Mac.nfc,nfc,Amiibo,Bruce-Scripts-Heaven_RFID/Amiibo,moved
sd_card_content/nfc/Amiibo/Animal_Crossing/Cards/Series_3/[AC]_281_-_Lyman.nfc,nfc,Amiibo,Bruce-Scripts-Heaven_RFID/Amiibo,moved
sd_card_content/nfc/Amiibo/Animal_Crossing/Cards/Series_3/[AC]_214_-_Don_Resetti.nfc,nfc,Amiibo,Bruce-Scripts-Heaven_RFID/Amiibo,moved
sd_card_content/nfc/Amiibo/Animal_Crossing/Cards/Series_3/[AC]_228_-_Bubbles.nfc,nfc,Amiibo,Bruce-Scripts-Heaven_RFID/Amiibo,moved
sd_card_content/nfc/Amiibo/Animal_Crossing/Cards/Series_3/[AC]_256_-_Diva.nfc,nfc,Amiibo,Bruce-Scripts-Heaven_RFID/Amiibo,moved
sd_card_content/nfc/Amiibo/Animal_Crossing/Cards/Series_3/[AC]_239_-_Ricky.nfc,nfc,Amiibo,Bruce-Scripts-Heaven_RFID/Amiibo,moved
sd_card_content/nfc/Amiibo/Animal_Crossing/Cards/Series_3/[AC]_275_-_Hamlet.nfc,nfc,Amiibo,Bruce-Scripts-Heaven_RFID/Amiibo,moved
sd_card_content/nfc/Amiibo/Animal_Crossing/Cards/Series_3/[AC]_234_-_Marina.nfc,nfc,Amiibo,Bruce-Scripts-Heaven_RFID/Amiibo,moved
sd_card_content/nfc/Amiibo/Animal_Crossing/Cards/Series_3/[AC]_280_-_Victoria.nfc,nfc,Amiibo,Bruce-Scripts-Heaven_RFID/Amiibo,moved
sd_card_content/nfc/Amiibo/Animal_Crossing/Cards/Series_3/[AC]_300_-_Chrissy.nfc,nfc,Amiibo,Bruce-Scripts-Heaven_RFID/Amiibo,moved
sd_card_content/nfc/Amiibo/Animal_Crossing/Cards/Series_3/[AC]_294_-_Maple.nfc,nfc,Amiibo,Bruce-Scripts-Heaven_RFID/Amiibo,moved
sd_card_content/nfc/Amiibo/Animal_Crossing/Cards/Series_3/[AC]_221_-_Kody.nfc,nfc,Amiibo,Bruce-Scripts-Heaven_RFID/Amiibo,moved
sd_card_content/nfc/Amiibo/Animal_Crossing/Cards/Series_3/[AC]_210_-_Cyrus.nfc,nfc,Amiibo,Bruce-Scripts-Heaven_RFID/Amiibo,moved
sd_card_content/nfc/Amiibo/Animal_Crossing/Cards/Series_3/[AC]_211_-_Grams.nfc,nfc,Amiibo,Bruce-Scripts-Heaven_RFID/Amiibo,moved
sd_card_content/nfc/Amiibo/Animal_Crossing/Cards/Series_3/[AC]_207_-_Mabel.nfc,nfc,Amiibo,Bruce-Scripts-Heaven_RFID/Amiibo,moved
sd_card_content/nfc/Amiibo/Animal_Crossing/Cards/Series_3/[AC]_218_-_Lily.nfc,nfc,Amiibo,Bruce-Scripts-Heaven_RFID/Amiibo,moved
sd_card_content/nfc/Amiibo/Animal_Crossing/Cards/Series_3/[AC]_285_-_Merengue.nfc,nfc,Amiibo,Bruce-Scripts-Heaven_RFID/Amiibo,moved
sd_card_content/nfc/Amiibo/Animal_Crossing/Cards/Series_3/[AC]_274_-_Flora.nfc,nfc,Amiibo,Bruce-Scripts-Heaven_RFID/Amiibo,moved
sd_card_content/nfc/Amiibo/Animal_Crossing/Cards/Series_3/[AC]_208_-_Leif.nfc,nfc,Amiibo,Bruce-Scripts-Heaven_RFID/Amiibo,moved
sd_card_content/nfc/Amiibo/Animal_Crossing/Cards/Series_3/[AC]_247_-_Wart_Jr.nfc,nfc,Amiibo,Bruce-Scripts-Heaven_RFID/Amiibo,moved
sd_card_content/nfc/Amiibo/Animal_Crossing/Cards/Series_3/[AC]_251_-_Chester.nfc,nfc,Amiibo,Bruce-Scripts-Heaven_RFID/Amiibo,moved
sd_card_content/nfc/Amiibo/Animal_Crossing/Cards/Series_3/[AC]_290_-_Caroline.nfc,nfc,Amiibo,Bruce-Scripts-Heaven_RFID/Amiibo,moved
sd_card_content/nfc/Amiibo/Animal_Crossing/Cards/Series_3/[AC]_236_-_Freckles.nfc,nfc,Amiibo,Bruce-Scripts-Heaven_RFID/Amiibo,moved
sd_card_content/nfc/Amiibo/Animal_Crossing/Cards/Series_3/[AC]_270_-_Rooney.nfc,nfc,Amiibo,Bruce-Scripts-Heaven_RFID/Amiibo,moved
sd_card_content/nfc/Amiibo/Animal_Crossing/Cards/Series_3/[AC]_226_-_Mitzi.nfc,nfc,Amiibo,Bruce-Scripts-Heaven_RFID/Amiibo,moved
sd_card_content/nfc/Amiibo/Animal_Crossing/Cards/Series_3/[AC]_215_-_Isabelle.nfc,nfc,Amiibo,Bruce-Scripts-Heaven_RFID/Amiibo,moved
sd_card_content/nfc/Amiibo/Animal_Crossing/Cards/Series_3/[AC]_292_-_Baabara.nfc,nfc,Amiibo,Bruce-Scripts-Heaven_RFID/Amiibo,moved
sd_card_content/nfc/Amiibo/Animal_Crossing/Cards/Series_3/[AC]_291_-_Sparro.nfc,nfc,Amiibo,Bruce-Scripts-Heaven_RFID/Amiibo,moved
sd_card_content/nfc/Amiibo/Animal_Crossing/Cards/Series_3/[AC]_284_-_Chadder.nfc,nfc,Amiibo,Bruce-Scripts-Heaven_RFID/Amiibo,moved
sd_card_content/nfc/Amiibo/Animal_Crossing/Cards/Series_3/[AC]_279_-_Biskit.nfc,nfc,Amiibo,Bruce-Scripts-Heaven_RFID/Amiibo,moved
sd_card_content/nfc/Amiibo/Animal_Crossing/Cards/Series_3/[AC]_287_-_Claudia.nfc,nfc,Amiibo,Bruce-Scripts-Heaven_RFID/Amiibo,moved
sd_card_content/nfc/Amiibo/Animal_Crossing/Cards/Series_3/[AC]_202_-_Blathers.nfc,nfc,Amiibo,Bruce-Scripts-Heaven_RFID/Amiibo,moved
sd_card_content/nfc/Amiibo/Animal_Crossing/Cards/Series_3/[AC]_212_-_Timmy.nfc,nfc,Amiibo,Bruce-Scripts-Heaven_RFID/Amiibo,moved
sd_card_content/nfc/Amiibo/Animal_Crossing/Cards/Series_3/[AC]_230_-_Velma.nfc,nfc,Amiibo,Bruce-Scripts-Heaven_RFID/Amiibo,moved
sd_card_content/nfc/Amiibo/Animal_Crossing/Cards/Series_3/[AC]_260_-_Tammi.nfc,nfc,Amiibo,Bruce-Scripts-Heaven_RFID/Amiibo,moved
sd_card_content/nfc/Amiibo/Animal_Crossing/Cards/Series_3/[AC]_244_-_Tangy.nfc,nfc,Amiibo,Bruce-Scripts-Heaven_RFID/Amiibo,moved
sd_card_content/nfc/Amiibo/Animal_Crossing/Cards/Series_3/[AC]_237_-_Bam.nfc,nfc,Amiibo,Bruce-Scripts-Heaven_RFID/Amiibo,moved
sd_card_content/nfc/Amiibo/Animal_Crossing/Cards/Series_3/[AC]_235_-_Spork-Crackle.nfc,nfc,Amiibo,Bruce-Scripts-Heaven_RFID/Amiibo,moved
sd_card_content/nfc/Amiibo/Animal_Crossing/Cards/Series_3/[AC]_293_-_Rolf.nfc,nfc,Amiibo,Bruce-Scripts-Heaven_RFID/Amiibo,moved
sd_card_content/nfc/Amiibo/Animal_Crossing/Cards/Series_3/[AC]_223_-_Del.nfc,nfc,Amiibo,Bruce-Scripts-Heaven_RFID/Amiibo,moved
sd_card_content/nfc/Amiibo/Animal_Crossing/Cards/Series_3/[AC]_288_-_Curly.nfc,nfc,Amiibo,Bruce-Scripts-Heaven_RFID/Amiibo,moved
sd_card_content/nfc/Amiibo/Animal_Crossing/Cards/Series_3/[AC]_273_-_Moe.nfc,nfc,Amiibo,Bruce-Scripts-Heaven_RFID/Amiibo,moved
sd_card_content/nfc/Amiibo/Animal_Crossing/Cards/Series_3/[AC]_217_-_Jingle.nfc,nfc,Amiibo,Bruce-Scripts-Heaven_RFID/Amiibo,moved
sd_card_content/nfc/Amiibo/Animal_Crossing/Cards/Series_3/[AC]_267_-_Pippy.nfc,nfc,Amiibo,Bruce-Scripts-Heaven_RFID/Amiibo,moved
sd_card_content/nfc/Amiibo/Animal_Crossing/Cards/Series_3/[AC]_262_-_Blanche.nfc,nfc,Amiibo,Bruce-Scripts-Heaven_RFID/Amiibo,moved
sd_card_content/nfc/Amiibo/Animal_Crossing/Cards/Series_3/[AC]_241_-_Hans.nfc,nfc,Amiibo,Bruce-Scripts-Heaven_RFID/Amiibo,moved
sd_card_content/nfc/Amiibo/Animal_Crossing/Cards/Series_3/[AC]_278_-_Dora.nfc,nfc,Amiibo,Bruce-Scripts-Heaven_RFID/Amiibo,moved
sd_card_content/nfc/Amiibo/Animal_Crossing/Cards/Series_3/[AC]_209_-_Wendell.nfc,nfc,Amiibo,Bruce-Scripts-Heaven_RFID/Amiibo,moved
sd_card_content/nfc/Amiibo/Animal_Crossing/Cards/Series_3/[AC]_201_-_Rover.nfc,nfc,Amiibo,Bruce-Scripts-Heaven_RFID/Amiibo,moved
sd_card_content/nfc/Amiibo/Animal_Crossing/Cards/Series_3/[AC]_258_-_Daisy.nfc,nfc,Amiibo,Bruce-Scripts-Heaven_RFID/Amiibo,moved
sd_card_content/nfc/Amiibo/Animal_Crossing/Cards/Series_3/[AC]_283_-_Frank.nfc,nfc,Amiibo,Bruce-Scripts-Heaven_RFID/Amiibo,moved
sd_card_content/nfc/Amiibo/Animal_Crossing/Cards/Series_3/[AC]_261_-_Tucker.nfc,nfc,Amiibo,Bruce-Scripts-Heaven_RFID/Amiibo,moved
sd_card_content/nfc/Amiibo/Animal_Crossing/Cards/Series_3/[AC]_242_-_Chevre.nfc,nfc,Amiibo,Bruce-Scripts-Heaven_RFID/Amiibo,moved
sd_card_content/nfc/Amiibo/Animal_Crossing/Cards/Series_3/[AC]_252_-_Merry.nfc,nfc,Amiibo,Bruce-Scripts-Heaven_RFID/Amiibo,moved
sd_card_content/nfc/Amiibo/Animal_Crossing/Cards/Series_3/[AC]_269_-_Bree.nfc,nfc,Amiibo,Bruce-Scripts-Heaven_RFID/Amiibo,moved
sd_card_content/nfc/Amiibo/Animal_Crossing/Cards/Series_3/[AC]_286_-_Cube.nfc,nfc,Amiibo,Bruce-Scripts-Heaven_RFID/Amiibo,moved
sd_card_content/nfc/Amiibo/Animal_Crossing/Cards/Series_3/[AC]_204_-_Pelly.nfc,nfc,Amiibo,Bruce-Scripts-Heaven_RFID/Amiibo,moved
sd_card_content/nfc/Amiibo/Animal_Crossing/Cards/Series_3/[AC]_277_-_Monty.nfc,nfc,Amiibo,Bruce-Scripts-Heaven_RFID/Amiibo,moved
sd_card_content/nfc/Amiibo/Animal_Crossing/Cards/Series_3/[AC]_271_-_Curlos.nfc,nfc,Amiibo,Bruce-Scripts-Heaven_RFID/Amiibo,moved
sd_card_content/nfc/Amiibo/Animal_Crossing/Cards/Series_3/[AC]_238_-_Friga.nfc,nfc,Amiibo,Bruce-Scripts-Heaven_RFID/Amiibo,moved
sd_card_content/nfc/Amiibo/Animal_Crossing/Cards/Series_3/[AC]_231_-_Elvis.nfc,nfc,Amiibo,Bruce-Scripts-Heaven_RFID/Amiibo,moved
sd_card_content/nfc/Amiibo/Animal_Crossing/Cards/Series_3/[AC]_225_-_Ken.nfc,nfc,Amiibo,Bruce-Scripts-Heaven_RFID/Amiibo,moved
sd_card_content/nfc/Amiibo/Animal_Crossing/Cards/Series_3/[AC]_295_-_Antonio.nfc,nfc,Amiibo,Bruce-Scripts-Heaven_RFID/Amiibo,moved
sd_card_content/nfc/Amiibo/Animal_Crossing/Cards/Series_3/[AC]_240_-_Deirdre.nfc,nfc,Amiibo,Bruce-Scripts-Heaven_RFID/Amiibo,moved
sd_card_content/nfc/Amiibo/Animal_Crossing/Cards/Series_3/[AC]_232_-_Canberra.nfc,nfc,Amiibo,Bruce-Scripts-Heaven_RFID/Amiibo,moved
sd_card_content/nfc/Amiibo/Animal_Crossing/Cards/Series_3/[AC]_213_-_Digby.nfc,nfc,Amiibo,Bruce-Scripts-Heaven_RFID/Amiibo,moved
sd_card_content/nfc/Amiibo/Animal_Crossing/Cards/Series_3/[AC]_205_-_Phyllis.nfc,nfc,Amiibo,Bruce-Scripts-Heaven_RFID/Amiibo,moved
sd_card_content/nfc/Amiibo/Chibi-Robo/[CR]_01_-_Chibi-Robo.nfc,nfc,Amiibo,Bruce-Scripts-Heaven_RFID/Amiibo,moved
sd_card_content/nfc/Amiibo/Metroid/[MET]_02_-_Metroid.nfc,nfc,Amiibo,Bruce-Scripts-Heaven_RFID/Amiibo,moved
sd_card_content/nfc/Amiibo/Metroid/[MET]_01_-_Samus_Aran.nfc,nfc,Amiibo,Bruce-Scripts-Heaven_RFID/Amiibo,moved
sd_card_content/nfc/Amiibo/Metroid/Metroid_Samus_Returns/Metroid.nfc,nfc,Amiibo,Bruce-Scripts-Heaven_RFID/Amiibo,moved
sd_card_content/nfc/Amiibo/Metroid/Metroid_Samus_Returns/Samus_Aran.nfc,nfc,Amiibo,Bruce-Scripts-Heaven_RFID/Amiibo,moved
sd_card_content/nfc/Amiibo/Metroid/Metroid_Dread/Samus.nfc,nfc,Amiibo,Bruce-Scripts-Heaven_RFID/Amiibo,moved
sd_card_content/nfc/Amiibo/Metroid/Metroid_Dread/EMMI_.nfc,nfc,Amiibo,Bruce-Scripts-Heaven_RFID/Amiibo,moved
sd_card_content/nfc/Amiibo/Super_Smash_Bros/Zelda.nfc,nfc,Amiibo,Bruce-Scripts-Heaven_RFID/Amiibo,moved
sd_card_content/nfc/Amiibo/Super_Smash_Bros/[SSB]_20_-_Bowser.nfc,nfc,Amiibo,Bruce-Scripts-Heaven_RFID/Amiibo,moved
sd_card_content/nfc/Amiibo/Super_Smash_Bros/[SSB]_78_-_Simon.nfc,nfc,Amiibo,Bruce-Scripts-Heaven_RFID/Amiibo,moved
sd_card_content/nfc/Amiibo/Super_Smash_Bros/Dr_Mario.nfc,nfc,Amiibo,Bruce-Scripts-Heaven_RFID/Amiibo,moved
sd_card_content/nfc/Amiibo/Super_Smash_Bros/[SSB]_40_-_Zero_Suit_Samus.nfc,nfc,Amiibo,Bruce-Scripts-Heaven_RFID/Amiibo,moved
sd_card_content/nfc/Amiibo/Super_Smash_Bros/[SSB]_54_-_R.O.B._(Famicom).nfc,nfc,Amiibo,Bruce-Scripts-Heaven_RFID/Amiibo,moved
sd_card_content/nfc/Amiibo/Super_Smash_Bros/[SSB]_21_-_Lucario.nfc,nfc,Amiibo,Bruce-Scripts-Heaven_RFID/Amiibo,moved
sd_card_content/nfc/Amiibo/Super_Smash_Bros/Byleth.nfc,nfc,Amiibo,Bruce-Scripts-Heaven_RFID/Amiibo,moved
sd_card_content/nfc/Amiibo/Super_Smash_Bros/Banjo_Kazooie.nfc,nfc,Amiibo,Bruce-Scripts-Heaven_RFID/Amiibo,moved
sd_card_content/nfc/Amiibo/Super_Smash_Bros/Isabelle.nfc,nfc,Amiibo,Bruce-Scripts-Heaven_RFID/Amiibo,moved
sd_card_content/nfc/Amiibo/Super_Smash_Bros/Lucina.nfc,nfc,Amiibo,Bruce-Scripts-Heaven_RFID/Amiibo,moved
sd_card_content/nfc/Amiibo/Super_Smash_Bros/[SSB]_44_-_Olimar.nfc,nfc,Amiibo,Bruce-Scripts-Heaven_RFID/Amiibo,moved
sd_card_content/nfc/Amiibo/Super_Smash_Bros/Mewtwo.nfc,nfc,Amiibo,Bruce-Scripts-Heaven_RFID/Amiibo,moved
sd_card_content/nfc/Amiibo/Super_Smash_Bros/[SSB]_36_-_Greninja.nfc,nfc,Amiibo,Bruce-Scripts-Heaven_RFID/Amiibo,moved
sd_card_content/nfc/Amiibo/Super_Smash_Bros/[SSB]_43_-_Bowser_Jr.nfc,nfc,Amiibo,Bruce-Scripts-Heaven_RFID/Amiibo,moved
sd_card_content/nfc/Amiibo/Super_Smash_Bros/[SSB]_27S_-_Mega_Man_(Gold_Edition).nfc,nfc,Amiibo,Bruce-Scripts-Heaven_RFID/Amiibo,moved
sd_card_content/nfc/Amiibo/Super_Smash_Bros/[SSB]_41_-_Ganondorf.nfc,nfc,Amiibo,Bruce-Scripts-Heaven_RFID/Amiibo,moved
sd_card_content/nfc/Amiibo/Super_Smash_Bros/Villager.nfc,nfc,Amiibo,Bruce-Scripts-Heaven_RFID/Amiibo,moved
sd_card_content/nfc/Amiibo/Super_Smash_Bros/Ness.nfc,nfc,Amiibo,Bruce-Scripts-Heaven_RFID/Amiibo,moved
sd_card_content/nfc/Amiibo/Super_Smash_Bros/Donkey_Kong.nfc,nfc,Amiibo,Bruce-Scripts-Heaven_RFID/Amiibo,moved
sd_card_content/nfc/Amiibo/Super_Smash_Bros/Mario.nfc,nfc,Amiibo,Bruce-Scripts-Heaven_RFID/Amiibo,moved
sd_card_content/nfc/Amiibo/Super_Smash_Bros/ROB_NES.nfc,nfc,Amiibo,Bruce-Scripts-Heaven_RFID/Amiibo,moved
sd_card_content/nfc/Amiibo/Super_Smash_Bros/[SSB]_25_-_Shulk.nfc,nfc,Amiibo,Bruce-Scripts-Heaven_RFID/Amiibo,moved
sd_card_content/nfc/Amiibo/Super_Smash_Bros/[SSB]_13_-_Zelda.nfc,nfc,Amiibo,Bruce-Scripts-Heaven_RFID/Amiibo,moved
sd_card_content/nfc/Amiibo/Super_Smash_Bros/Toon_Link.nfc,nfc,Amiibo,Bruce-Scripts-Heaven_RFID/Amiibo,moved
sd_card_content/nfc/Amiibo/Super_Smash_Bros/Ice_Climbers.nfc,nfc,Amiibo,Bruce-Scripts-Heaven_RFID/Amiibo,moved
sd_card_content/nfc/Amiibo/Super_Smash_Bros/Dark_Samus.nfc,nfc,Amiibo,Bruce-Scripts-Heaven_RFID/Amiibo,moved
sd_card_content/nfc/Amiibo/Super_Smash_Bros/[SSB]_15_-_Luigi.nfc,nfc,Amiibo,Bruce-Scripts-Heaven_RFID/Amiibo,moved
sd_card_content/nfc/Amiibo/Super_Smash_Bros/[SSB]_89_-_Steve.nfc,nfc,Amiibo,Bruce-Scripts-Heaven_RFID/Amiibo,moved
sd_card_content/nfc/Amiibo/Super_Smash_Bros/[SSB]_47_-_Duck_Hunt.nfc,nfc,Amiibo,Bruce-Scripts-Heaven_RFID/Amiibo,moved
sd_card_content/nfc/Amiibo/Super_Smash_Bros/[SSB]_65_-_Ridley.nfc,nfc,Amiibo,Bruce-Scripts-Heaven_RFID/Amiibo,moved
sd_card_content/nfc/Amiibo/Super_Smash_Bros/Duck_Hunt.nfc,nfc,Amiibo,Bruce-Scripts-Heaven_RFID/Amiibo,moved
sd_card_content/nfc/Amiibo/Super_Smash_Bros/Chrom.nfc,nfc,Amiibo,Bruce-Scripts-Heaven_RFID/Amiibo,moved
sd_card_content/nfc/Amiibo/Super_Smash_Bros/Joker.nfc,nfc,Amiibo,Bruce-Scripts-Heaven_RFID/Amiibo,moved
sd_card_content/nfc/Amiibo/Super_Smash_Bros/Fox.nfc,nfc,Amiibo,Bruce-Scripts-Heaven_RFID/Amiibo,moved
sd_card_content/nfc/Amiibo/Super_Smash_Bros/Olimar.nfc,nfc,Amiibo,Bruce-Scripts-Heaven_RFID/Amiibo,moved
sd_card_content/nfc/Amiibo/Super_Smash_Bros/King_Dedede.nfc,nfc,Amiibo,Bruce-Scripts-Heaven_RFID/Amiibo,moved
sd_card_content/nfc/Amiibo/Super_Smash_Bros/[SSB]_73_-_Isabelle.nfc,nfc,Amiibo,Bruce-Scripts-Heaven_RFID/Amiibo,moved
sd_card_content/nfc/Amiibo/Super_Smash_Bros/Bayonetta_Player_1.nfc,nfc,Amiibo,Bruce-Scripts-Heaven_RFID/Amiibo,moved
sd_card_content/nfc/Amiibo/Super_Smash_Bros/[SSB]_66_-_Piranha_Plant.nfc,nfc,Amiibo,Bruce-Scripts-Heaven_RFID/Amiibo,moved
sd_card_content/nfc/Amiibo/Super_Smash_Bros/Bowser.nfc,nfc,Amiibo,Bruce-Scripts-Heaven_RFID/Amiibo,moved
sd_card_content/nfc/Amiibo/Super_Smash_Bros/[SSB]_39_-_Dark_Pit.nfc,nfc,Amiibo,Bruce-Scripts-Heaven_RFID/Amiibo,moved
sd_card_content/nfc/Amiibo/Super_Smash_Bros/Cloud_Player_1.nfc,nfc,Amiibo,Bruce-Scripts-Heaven_RFID/Amiibo,moved
sd_card_content/nfc/Amiibo/Super_Smash_Bros/Corrin_Player_1.nfc,nfc,Amiibo,Bruce-Scripts-Heaven_RFID/Amiibo,moved
sd_card_content/nfc/Amiibo/Super_Smash_Bros/[SSB]_24_-_Ike.nfc,nfc,Amiibo,Bruce-Scripts-Heaven_RFID/Amiibo,moved
sd_card_content/nfc/Amiibo/Super_Smash_Bros/[SSB]_33_-_Charizard.nfc,nfc,Amiibo,Bruce-Scripts-Heaven_RFID/Amiibo,moved
sd_card_content/nfc/Amiibo/Super_Smash_Bros/[SSB]_38_-_Palutena.nfc,nfc,Amiibo,Bruce-Scripts-Heaven_RFID/Amiibo,moved
sd_card_content/nfc/Amiibo/Super_Smash_Bros/[SSB]_50_-_Mii_Gunner.nfc,nfc,Amiibo,Bruce-Scripts-Heaven_RFID/Amiibo,moved
sd_card_content/nfc/Amiibo/Super_Smash_Bros/[SSB]_48_-_Mii_Brawler.nfc,nfc,Amiibo,Bruce-Scripts-Heaven_RFID/Amiibo,moved
sd_card_content/nfc/Amiibo/Super_Smash_Bros/[SSB]_62_-_Bayonetta_(Player_2).nfc,nfc,Amiibo,Bruce-Scripts-Heaven_RFID/Amiibo,moved
sd_card_content/nfc/Amiibo/Super_Smash_Bros/Mega_Man.nfc,nfc,Amiibo,Bruce-Scripts-Heaven_RFID/Amiibo,moved
sd_card_content/nfc/Amiibo/Super_Smash_Bros/Simon.nfc,nfc,Amiibo,Bruce-Scripts-Heaven_RFID/Amiibo,moved
sd_card_content/nfc/Amiibo/Super_Smash_Bros/Wolf.nfc,nfc,Amiibo,Bruce-Scripts-Heaven_RFID/Amiibo,moved
sd_card_content/nfc/Amiibo/Super_Smash_Bros/[SSB]_60_-_Corrin_(Player_2).nfc,nfc,Amiibo,Bruce-Scripts-Heaven_RFID/Amiibo,moved
sd_card_content/nfc/Amiibo/Super_Smash_Bros/[SSB]_03_-_Yoshi.nfc,nfc,Amiibo,Bruce-Scripts-Heaven_RFID/Amiibo,moved
sd_card_content/nfc/Amiibo/Super_Smash_Bros/[SSB]_84_-_Hero.nfc,nfc,Amiibo,Bruce-Scripts-Heaven_RFID/Amiibo,moved
sd_card_content/nfc/Amiibo/Super_Smash_Bros/[SSB]_83_-_Joker.nfc,nfc,Amiibo,Bruce-Scripts-Heaven_RFID/Amiibo,moved
sd_card_content/nfc/Amiibo/Super_Smash_Bros/[SSB]_11_-_Kirby.nfc,nfc,Amiibo,Bruce-Scripts-Heaven_RFID/Amiibo,moved
sd_card_content/nfc/Amiibo/Super_Smash_Bros/[SSB]_09_-_Villager.nfc,nfc,Amiibo,Bruce-Scripts-Heaven_RFID/Amiibo,moved
sd_card_content/nfc/Amiibo/Super_Smash_Bros/[SSB]_82_-_Richter.nfc,nfc,Amiibo,Bruce-Scripts-Heaven_RFID/Amiibo,moved
sd_card_content/nfc/Amiibo/Super_Smash_Bros/Kazuya.nfc,nfc,Amiibo,Bruce-Scripts-Heaven_RFID/Amiibo,moved
sd_card_content/nfc/Amiibo/Super_Smash_Bros/Sephiroth.nfc,nfc,Amiibo,Bruce-Scripts-Heaven_RFID/Amiibo,moved
sd_card_content/nfc/Amiibo/Super_Smash_Bros/Pac_Man.nfc,nfc,Amiibo,Bruce-Scripts-Heaven_RFID/Amiibo,moved
sd_card_content/nfc/Amiibo/Super_Smash_Bros/[SSB]_57_-_Cloud.nfc,nfc,Amiibo,Bruce-Scripts-Heaven_RFID/Amiibo,moved
sd_card_content/nfc/Amiibo/Super_Smash_Bros/Rosalina_Luma.nfc,nfc,Amiibo,Bruce-Scripts-Heaven_RFID/Amiibo,moved
sd_card_content/nfc/Amiibo/Super_Smash_Bros/Min_Min.nfc,nfc,Amiibo,Bruce-Scripts-Heaven_RFID/Amiibo,moved
sd_card_content/nfc/Amiibo/Super_Smash_Bros/[SSB]_19_-_Rosalina.nfc,nfc,Amiibo,Bruce-Scripts-Heaven_RFID/Amiibo,moved
sd_card_content/nfc/Amiibo/Super_Smash_Bros/Ridley.nfc,nfc,Amiibo,Bruce-Scripts-Heaven_RFID/Amiibo,moved
sd_card_content/nfc/Amiibo/Super_Smash_Bros/[SSB]_45_-_Mr._Game___Watch.nfc,nfc,Amiibo,Bruce-Scripts-Heaven_RFID/Amiibo,moved
sd_card_content/nfc/Amiibo/Super_Smash_Bros/Bayonetta_Player_2.nfc,nfc,Amiibo,Bruce-Scripts-Heaven_RFID/Amiibo,moved
sd_card_content/nfc/Amiibo/Super_Smash_Bros/Samus.nfc,nfc,Amiibo,Bruce-Scripts-Heaven_RFID/Amiibo,moved
sd_card_content/nfc/Amiibo/Super_Smash_Bros/Lucario.nfc,nfc,Amiibo,Bruce-Scripts-Heaven_RFID/Amiibo,moved
sd_card_content/nfc/Amiibo/Super_Smash_Bros/Mega_Man_Golden.nfc,nfc,Amiibo,Bruce-Scripts-Heaven_RFID/Amiibo,moved
sd_card_content/nfc/Amiibo/Super_Smash_Bros/[SSB]_56_-_Ryu.nfc,nfc,Amiibo,Bruce-Scripts-Heaven_RFID/Amiibo,moved
sd_card_content/nfc/Amiibo/Super_Smash_Bros/Bowser_Jr.nfc,nfc,Amiibo,Bruce-Scripts-Heaven_RFID/Amiibo,moved
sd_card_content/nfc/Amiibo/Super_Smash_Bros/Young_Link.nfc,nfc,Amiibo,Bruce-Scripts-Heaven_RFID/Amiibo,moved
sd_card_content/nfc/Amiibo/Super_Smash_Bros/[SSB]_07_-_Samus.nfc,nfc,Amiibo,Bruce-Scripts-Heaven_RFID/Amiibo,moved
sd_card_content/nfc/Amiibo/Super_Smash_Bros/Mythra.nfc,nfc,Amiibo,Bruce-Scripts-Heaven_RFID/Amiibo,moved
sd_card_content/nfc/Amiibo/Super_Smash_Bros/[SSB]_74_-_Pokémon_Trainer.nfc,nfc,Amiibo,Bruce-Scripts-Heaven_RFID/Amiibo,moved
sd_card_content/nfc/Amiibo/Super_Smash_Bros/Marth.nfc,nfc,Amiibo,Bruce-Scripts-Heaven_RFID/Amiibo,moved
sd_card_content/nfc/Amiibo/Super_Smash_Bros/[SSB]_02_-_Peach.nfc,nfc,Amiibo,Bruce-Scripts-Heaven_RFID/Amiibo,moved
sd_card_content/nfc/Amiibo/Super_Smash_Bros/[SSB]_10_-_Pikachu.nfc,nfc,Amiibo,Bruce-Scripts-Heaven_RFID/Amiibo,moved
sd_card_content/nfc/Amiibo/Super_Smash_Bros/Incineroar.nfc,nfc,Amiibo,Bruce-Scripts-Heaven_RFID/Amiibo,moved
sd_card_content/nfc/Amiibo/Super_Smash_Bros/[SSB]_88_-_Min_Min.nfc,nfc,Amiibo,Bruce-Scripts-Heaven_RFID/Amiibo,moved
sd_card_content/nfc/Amiibo/Super_Smash_Bros/Sheik.nfc,nfc,Amiibo,Bruce-Scripts-Heaven_RFID/Amiibo,moved
sd_card_content/nfc/Amiibo/Super_Smash_Bros/Greninja.nfc,nfc,Amiibo,Bruce-Scripts-Heaven_RFID/Amiibo,moved
sd_card_content/nfc/Amiibo/Super_Smash_Bros/Diddy_Kong.nfc,nfc,Amiibo,Bruce-Scripts-Heaven_RFID/Amiibo,moved
sd_card_content/nfc/Amiibo/Super_Smash_Bros/Jigglypuff.nfc,nfc,Amiibo,Bruce-Scripts-Heaven_RFID/Amiibo,moved
sd_card_content/nfc/Amiibo/Super_Smash_Bros/Wario.nfc,nfc,Amiibo,Bruce-Scripts-Heaven_RFID/Amiibo,moved
sd_card_content/nfc/Amiibo/Super_Smash_Bros/[SSB]_18_-_Captain_Falcon.nfc,nfc,Amiibo,Bruce-Scripts-Heaven_RFID/Amiibo,moved
sd_card_content/nfc/Amiibo/Super_Smash_Bros/Robin.nfc,nfc,Amiibo,Bruce-Scripts-Heaven_RFID/Amiibo,moved
sd_card_content/nfc/Amiibo/Super_Smash_Bros/Peach.nfc,nfc,Amiibo,Bruce-Scripts-Heaven_RFID/Amiibo,moved
sd_card_content/nfc/Amiibo/Super_Smash_Bros/[SSB]_34_-_Ness.nfc,nfc,Amiibo,Bruce-Scripts-Heaven_RFID/Amiibo,moved
sd_card_content/nfc/Amiibo/Super_Smash_Bros/[SSB]_53_-_Lucas.nfc,nfc,Amiibo,Bruce-Scripts-Heaven_RFID/Amiibo,moved
sd_card_content/nfc/Amiibo/Super_Smash_Bros/Hero.nfc,nfc,Amiibo,Bruce-Scripts-Heaven_RFID/Amiibo,moved
sd_card_content/nfc/Amiibo/Super_Smash_Bros/Yoshi.nfc,nfc,Amiibo,Bruce-Scripts-Heaven_RFID/Amiibo,moved
sd_card_content/nfc/Amiibo/Super_Smash_Bros/[SSB]_46_-_R.O.B._(NES).nfc,nfc,Amiibo,Bruce-Scripts-Heaven_RFID/Amiibo,moved
sd_card_content/nfc/Amiibo/Super_Smash_Bros/[SSB]_70_-_Young_Link.nfc,nfc,Amiibo,Bruce-Scripts-Heaven_RFID/Amiibo,moved
sd_card_content/nfc/Amiibo/Super_Smash_Bros/[SSB]_69_-_Ken.nfc,nfc,Amiibo,Bruce-Scripts-Heaven_RFID/Amiibo,moved
sd_card_content/nfc/Amiibo/Super_Smash_Bros/[SSB]_27_-_Mega_Man.nfc,nfc,Amiibo,Bruce-Scripts-Heaven_RFID/Amiibo,moved
sd_card_content/nfc/Amiibo/Super_Smash_Bros/Pichu.nfc,nfc,Amiibo,Bruce-Scripts-Heaven_RFID/Amiibo,moved
sd_card_content/nfc/Amiibo/Super_Smash_Bros/[SSB]_52_-_Falco.nfc,nfc,Amiibo,Bruce-Scripts-Heaven_RFID/Amiibo,moved
sd_card_content/nfc/Amiibo/Super_Smash_Bros/[SSB]_80_-_Chrom.nfc,nfc,Amiibo,Bruce-Scripts-Heaven_RFID/Amiibo,moved
sd_card_content/nfc/Amiibo/Super_Smash_Bros/Link.nfc,nfc,Amiibo,Bruce-Scripts-Heaven_RFID/Amiibo,moved
sd_card_content/nfc/Amiibo/Super_Smash_Bros/[SSB]_71_-_Daisy.nfc,nfc,Amiibo,Bruce-Scripts-Heaven_RFID/Amiibo,moved
sd_card_content/nfc/Amiibo/Super_Smash_Bros/[SSB]_61_-_Bayonetta.nfc,nfc,Amiibo,Bruce-Scripts-Heaven_RFID/Amiibo,moved
sd_card_content/nfc/Amiibo/Super_Smash_Bros/Cloud_Player_2.nfc,nfc,Amiibo,Bruce-Scripts-Heaven_RFID/Amiibo,moved
sd_card_content/nfc/Amiibo/Super_Smash_Bros/Terry.nfc,nfc,Amiibo,Bruce-Scripts-Heaven_RFID/Amiibo,moved
sd_card_content/nfc/Amiibo/Super_Smash_Bros/Meta_Knight.nfc,nfc,Amiibo,Bruce-Scripts-Heaven_RFID/Amiibo,moved
sd_card_content/nfc/Amiibo/Super_Smash_Bros/[SSB]_55_-_Roy.nfc,nfc,Amiibo,Bruce-Scripts-Heaven_RFID/Amiibo,moved
sd_card_content/nfc/Amiibo/Super_Smash_Bros/Shulk.nfc,nfc,Amiibo,Bruce-Scripts-Heaven_RFID/Amiibo,moved
sd_card_content/nfc/Amiibo/Super_Smash_Bros/Pikachu.nfc,nfc,Amiibo,Bruce-Scripts-Heaven_RFID/Amiibo,moved
sd_card_content/nfc/Amiibo/Super_Smash_Bros/Mii_Fighter.nfc,nfc,Amiibo,Bruce-Scripts-Heaven_RFID/Amiibo,moved
sd_card_content/nfc/Amiibo/Super_Smash_Bros/[SSB]_06_-_Fox.nfc,nfc,Amiibo,Bruce-Scripts-Heaven_RFID/Amiibo,moved
sd_card_content/nfc/Amiibo/Super_Smash_Bros/[SSB]_30_-_Robin.nfc,nfc,Amiibo,Bruce-Scripts-Heaven_RFID/Amiibo,moved
sd_card_content/nfc/Amiibo/Super_Smash_Bros/Mii_Gunner.nfc,nfc,Amiibo,Bruce-Scripts-Heaven_RFID/Amiibo,moved
sd_card_content/nfc/Amiibo/Super_Smash_Bros/[SSB]_68_-_Ice_Climbers.nfc,nfc,Amiibo,Bruce-Scripts-Heaven_RFID/Amiibo,moved
sd_card_content/nfc/Amiibo/Super_Smash_Bros/[SSB]_05_-_Link.nfc,nfc,Amiibo,Bruce-Scripts-Heaven_RFID/Amiibo,moved
sd_card_content/nfc/Amiibo/Super_Smash_Bros/Snake.nfc,nfc,Amiibo,Bruce-Scripts-Heaven_RFID/Amiibo,moved
sd_card_content/nfc/Amiibo/Super_Smash_Bros/[SSB]_22_-_Toon_Link.nfc,nfc,Amiibo,Bruce-Scripts-Heaven_RFID/Amiibo,moved
sd_card_content/nfc/Amiibo/Super_Smash_Bros/[SSB]_17_-_Pit.nfc,nfc,Amiibo,Bruce-Scripts-Heaven_RFID/Amiibo,moved
sd_card_content/nfc/Amiibo/Super_Smash_Bros/[SSB]_31_-_Lucina.nfc,nfc,Amiibo,Bruce-Scripts-Heaven_RFID/Amiibo,moved
sd_card_content/nfc/Amiibo/Super_Smash_Bros/[SSB]_51_-_Mewtwo.nfc,nfc,Amiibo,Bruce-Scripts-Heaven_RFID/Amiibo,moved
sd_card_content/nfc/Amiibo/Super_Smash_Bros/Corrin_Player_2.nfc,nfc,Amiibo,Bruce-Scripts-Heaven_RFID/Amiibo,moved
sd_card_content/nfc/Amiibo/Super_Smash_Bros/[SSB]_86_-_Terry.nfc,nfc,Amiibo,Bruce-Scripts-Heaven_RFID/Amiibo,moved
sd_card_content/nfc/Amiibo/Super_Smash_Bros/[SSB]_85_-_Banjo___Kazooie.nfc,nfc,Amiibo,Bruce-Scripts-Heaven_RFID/Amiibo,moved
sd_card_content/nfc/Amiibo/Super_Smash_Bros/Piranha_Plant.nfc,nfc,Amiibo,Bruce-Scripts-Heaven_RFID/Amiibo,moved
sd_card_content/nfc/Amiibo/Super_Smash_Bros/[SSB]_76_-_Ivysaur.nfc,nfc,Amiibo,Bruce-Scripts-Heaven_RFID/Amiibo,moved
sd_card_content/nfc/Amiibo/Super_Smash_Bros/Charizard.nfc,nfc,Amiibo,Bruce-Scripts-Heaven_RFID/Amiibo,moved
sd_card_content/nfc/Amiibo/Super_Smash_Bros/Little_Mac.nfc,nfc,Amiibo,Bruce-Scripts-Heaven_RFID/Amiibo,moved
sd_card_content/nfc/Amiibo/Super_Smash_Bros/[SSB]_90_-_Sephiroth.nfc,nfc,Amiibo,Bruce-Scripts-Heaven_RFID/Amiibo,moved
sd_card_content/nfc/Amiibo/Super_Smash_Bros/[SSB]_32_-_Wario.nfc,nfc,Amiibo,Bruce-Scripts-Heaven_RFID/Amiibo,moved
sd_card_content/nfc/Amiibo/Super_Smash_Bros/Ken.nfc,nfc,Amiibo,Bruce-Scripts-Heaven_RFID/Amiibo,moved
sd_card_content/nfc/Amiibo/Super_Smash_Bros/Pokemon_Trainer.nfc,nfc,Amiibo,Bruce-Scripts-Heaven_RFID/Amiibo,moved
sd_card_content/nfc/Amiibo/Super_Smash_Bros/[SSB]_42_-_Dr._Mario.nfc,nfc,Amiibo,Bruce-Scripts-Heaven_RFID/Amiibo,moved
sd_card_content/nfc/Amiibo/Super_Smash_Bros/[SSB]_63_-_Wolf.nfc,nfc,Amiibo,Bruce-Scripts-Heaven_RFID/Amiibo,moved
sd_card_content/nfc/Amiibo/Super_Smash_Bros/Inkling.nfc,nfc,Amiibo,Bruce-Scripts-Heaven_RFID/Amiibo,moved
sd_card_content/nfc/Amiibo/Super_Smash_Bros/Steve.nfc,nfc,Amiibo,Bruce-Scripts-Heaven_RFID/Amiibo,moved
sd_card_content/nfc/Amiibo/Super_Smash_Bros/[SSB]_89_-_Alex.nfc,nfc,Amiibo,Bruce-Scripts-Heaven_RFID/Amiibo,moved
sd_card_content/nfc/Amiibo/Super_Smash_Bros/[SSB]_67_-_King_K_Rool.nfc,nfc,Amiibo,Bruce-Scripts-Heaven_RFID/Amiibo,moved
sd_card_content/nfc/Amiibo/Super_Smash_Bros/Zero_Suit_Samus.nfc,nfc,Amiibo,Bruce-Scripts-Heaven_RFID/Amiibo,moved
sd_card_content/nfc/Amiibo/Super_Smash_Bros/Daisy.nfc,nfc,Amiibo,Bruce-Scripts-Heaven_RFID/Amiibo,moved
sd_card_content/nfc/Amiibo/Super_Smash_Bros/Pit.nfc,nfc,Amiibo,Bruce-Scripts-Heaven_RFID/Amiibo,moved
sd_card_content/nfc/Amiibo/Super_Smash_Bros/[SSB]_14_-_Diddy_Kong.nfc,nfc,Amiibo,Bruce-Scripts-Heaven_RFID/Amiibo,moved
sd_card_content/nfc/Amiibo/Super_Smash_Bros/[SSB]_26_-_Sonic.nfc,nfc,Amiibo,Bruce-Scripts-Heaven_RFID/Amiibo,moved
sd_card_content/nfc/Amiibo/Super_Smash_Bros/Mr_Game_Watch.nfc,nfc,Amiibo,Bruce-Scripts-Heaven_RFID/Amiibo,moved
sd_card_content/nfc/Amiibo/Super_Smash_Bros/King_K_Rool.nfc,nfc,Amiibo,Bruce-Scripts-Heaven_RFID/Amiibo,moved
sd_card_content/nfc/Amiibo/Super_Smash_Bros/Alex.nfc,nfc,Amiibo,Bruce-Scripts-Heaven_RFID/Amiibo,moved
sd_card_content/nfc/Amiibo/Super_Smash_Bros/[SSB]_75_-_Snake.nfc,nfc,Amiibo,Bruce-Scripts-Heaven_RFID/Amiibo,moved
sd_card_content/nfc/Amiibo/Super_Smash_Bros/Captain_Falcon.nfc,nfc,Amiibo,Bruce-Scripts-Heaven_RFID/Amiibo,moved
sd_card_content/nfc/Amiibo/Super_Smash_Bros/Pyra.nfc,nfc,Amiibo,Bruce-Scripts-Heaven_RFID/Amiibo,moved
sd_card_content/nfc/Amiibo/Super_Smash_Bros/[SSB]_04_-_Donkey_Kong.nfc,nfc,Amiibo,Bruce-Scripts-Heaven_RFID/Amiibo,moved
sd_card_content/nfc/Amiibo/Super_Smash_Bros/[SSB]_49_-_Mii_Swordfighter.nfc,nfc,Amiibo,Bruce-Scripts-Heaven_RFID/Amiibo,moved
sd_card_content/nfc/Amiibo/Super_Smash_Bros/[SSB]_91_-_Kazuya.nfc,nfc,Amiibo,Bruce-Scripts-Heaven_RFID/Amiibo,moved
sd_card_content/nfc/Amiibo/Super_Smash_Bros/[SSB]_23_-_Sheik.nfc,nfc,Amiibo,Bruce-Scripts-Heaven_RFID/Amiibo,moved
sd_card_content/nfc/Amiibo/Super_Smash_Bros/[SSB]_35_-_Pac-Man.nfc,nfc,Amiibo,Bruce-Scripts-Heaven_RFID/Amiibo,moved
sd_card_content/nfc/Amiibo/Super_Smash_Bros/Roy.nfc,nfc,Amiibo,Bruce-Scripts-Heaven_RFID/Amiibo,moved
sd_card_content/nfc/Amiibo/Super_Smash_Bros/Ivysaur.nfc,nfc,Amiibo,Bruce-Scripts-Heaven_RFID/Amiibo,moved
sd_card_content/nfc/Amiibo/Super_Smash_Bros/[SSB]_92_-_Mythra.nfc,nfc,Amiibo,Bruce-Scripts-Heaven_RFID/Amiibo,moved
sd_card_content/nfc/Amiibo/Super_Smash_Bros/[SSB]_28_-_King_Dedede.nfc,nfc,Amiibo,Bruce-Scripts-Heaven_RFID/Amiibo,moved
sd_card_content/nfc/Amiibo/Super_Smash_Bros/Sonic.nfc,nfc,Amiibo,Bruce-Scripts-Heaven_RFID/Amiibo,moved
sd_card_content/nfc/Amiibo/Super_Smash_Bros/Palutena.nfc,nfc,Amiibo,Bruce-Scripts-Heaven_RFID/Amiibo,moved
sd_card_content/nfc/Amiibo/Super_Smash_Bros/Dark_Pit.nfc,nfc,Amiibo,Bruce-Scripts-Heaven_RFID/Amiibo,moved
sd_card_content/nfc/Amiibo/Super_Smash_Bros/[SSB]_16_-_Little_Mac.nfc,nfc,Amiibo,Bruce-Scripts-Heaven_RFID/Amiibo,moved
sd_card_content/nfc/Amiibo/Super_Smash_Bros/Ryu.nfc,nfc,Amiibo,Bruce-Scripts-Heaven_RFID/Amiibo,moved
sd_card_content/nfc/Amiibo/Super_Smash_Bros/[SSB]_59_-_Corrin.nfc,nfc,Amiibo,Bruce-Scripts-Heaven_RFID/Amiibo,moved
sd_card_content/nfc/Amiibo/Super_Smash_Bros/Ike.nfc,nfc,Amiibo,Bruce-Scripts-Heaven_RFID/Amiibo,moved
sd_card_content/nfc/Amiibo/Super_Smash_Bros/Ganondorf.nfc,nfc,Amiibo,Bruce-Scripts-Heaven_RFID/Amiibo,moved
sd_card_content/nfc/Amiibo/Super_Smash_Bros/ROB_Famicom.nfc,nfc,Amiibo,Bruce-Scripts-Heaven_RFID/Amiibo,moved
sd_card_content/nfc/Amiibo/Super_Smash_Bros/[SSB]_92_-_Pyra.nfc,nfc,Amiibo,Bruce-Scripts-Heaven_RFID/Amiibo,moved
sd_card_content/nfc/Amiibo/Super_Smash_Bros/[SSB]_37_-_Jigglypuff.nfc,nfc,Amiibo,Bruce-Scripts-Heaven_RFID/Amiibo,moved
sd_card_content/nfc/Amiibo/Super_Smash_Bros/[SSB]_79_-_Incineroar.nfc,nfc,Amiibo,Bruce-Scripts-Heaven_RFID/Amiibo,moved
sd_card_content/nfc/Amiibo/Super_Smash_Bros/[SSB]_08_-_Wii_Fit_Trainer.nfc,nfc,Amiibo,Bruce-Scripts-Heaven_RFID/Amiibo,moved
sd_card_content/nfc/Amiibo/Super_Smash_Bros/[SSB]_58_-_Cloud_(Player_2).nfc,nfc,Amiibo,Bruce-Scripts-Heaven_RFID/Amiibo,moved
sd_card_content/nfc/Amiibo/Super_Smash_Bros/Squirtle.nfc,nfc,Amiibo,Bruce-Scripts-Heaven_RFID/Amiibo,moved
sd_card_content/nfc/Amiibo/Super_Smash_Bros/[SSB]_01_-_Mario.nfc,nfc,Amiibo,Bruce-Scripts-Heaven_RFID/Amiibo,moved
sd_card_content/nfc/Amiibo/Super_Smash_Bros/Mii_Swordsman.nfc,nfc,Amiibo,Bruce-Scripts-Heaven_RFID/Amiibo,moved
sd_card_content/nfc/Amiibo/Super_Smash_Bros/Falco.nfc,nfc,Amiibo,Bruce-Scripts-Heaven_RFID/Amiibo,moved
sd_card_content/nfc/Amiibo/Super_Smash_Bros/Lucas.nfc,nfc,Amiibo,Bruce-Scripts-Heaven_RFID/Amiibo,moved
sd_card_content/nfc/Amiibo/Super_Smash_Bros/Richter.nfc,nfc,Amiibo,Bruce-Scripts-Heaven_RFID/Amiibo,moved
sd_card_content/nfc/Amiibo/Super_Smash_Bros/[SSB]_12_-_Marth.nfc,nfc,Amiibo,Bruce-Scripts-Heaven_RFID/Amiibo,moved
sd_card_content/nfc/Amiibo/Super_Smash_Bros/[SSB]_72_-_Pichu.nfc,nfc,Amiibo,Bruce-Scripts-Heaven_RFID/Amiibo,moved
sd_card_content/nfc/Amiibo/Super_Smash_Bros/Wii_Fit_Trainer.nfc,nfc,Amiibo,Bruce-Scripts-Heaven_RFID/Amiibo,moved
sd_card_content/nfc/Amiibo/Super_Smash_Bros/Luigi.nfc,nfc,Amiibo,Bruce-Scripts-Heaven_RFID/Amiibo,moved
sd_card_content/nfc/Amiibo/Super_Smash_Bros/[SSB]_77_-_Squirtle.nfc,nfc,Amiibo,Bruce-Scripts-Heaven_RFID/Amiibo,moved
sd_card_content/nfc/Amiibo/Super_Smash_Bros/[SSB]_81_-_Dark_Samus.nfc,nfc,Amiibo,Bruce-Scripts-Heaven_RFID/Amiibo,moved
sd_card_content/nfc/Amiibo/Super_Smash_Bros/[SSB]_29_-_Meta_Knight.nfc,nfc,Amiibo,Bruce-Scripts-Heaven_RFID/Amiibo,moved
sd_card_content/nfc/Amiibo/Super_Smash_Bros/[SSB]_64_-_Inkling.nfc,nfc,Amiibo,Bruce-Scripts-Heaven_RFID/Amiibo,moved
sd_card_content/nfc/Amiibo/Super_Smash_Bros/[SSB]_87_-_Byleth.nfc,nfc,Amiibo,Bruce-Scripts-Heaven_RFID/Amiibo,moved
sd_card_content/nfc/Amiibo/Super_Smash_Bros/Kirby.nfc,nfc,Amiibo,Bruce-Scripts-Heaven_RFID/Amiibo,moved
sd_card_content/nfc/Amiibo/The_Legend_of_Zelda/TOTK/Link.nfc,nfc,Amiibo,Bruce-Scripts-Heaven_RFID/Amiibo,moved
sd_card_content/nfc/Amiibo/The_Legend_of_Zelda/TOTK/Gerudo_King.nfc,nfc,Amiibo,Bruce-Scripts-Heaven_RFID/Amiibo,moved
sd_card_content/nfc/Amiibo/The_Legend_of_Zelda/TOTK/Princess_Zelda.nfc,nfc,Amiibo,Bruce-Scripts-Heaven_RFID/Amiibo,moved
sd_card_content/nfc/Amiibo/The_Legend_of_Zelda/BOTW_from_SSB/Zelda.nfc,nfc,Amiibo,Bruce-Scripts-Heaven_RFID/Amiibo,moved
sd_card_content/nfc/Amiibo/The_Legend_of_Zelda/BOTW_from_SSB/Toon_Link.nfc,nfc,Amiibo,Bruce-Scripts-Heaven_RFID/Amiibo,moved
sd_card_content/nfc/Amiibo/The_Legend_of_Zelda/BOTW_from_SSB/Sheik.nfc,nfc,Amiibo,Bruce-Scripts-Heaven_RFID/Amiibo,moved
sd_card_content/nfc/Amiibo/The_Legend_of_Zelda/BOTW_from_SSB/Link.nfc,nfc,Amiibo,Bruce-Scripts-Heaven_RFID/Amiibo,moved
sd_card_content/nfc/Amiibo/The_Legend_of_Zelda/BOTW_from_SSB/Ganondorf.nfc,nfc,Amiibo,Bruce-Scripts-Heaven_RFID/Amiibo,moved
sd_card_content/nfc/Amiibo/The_Legend_of_Zelda/BOTW_from_SSB/Yong_Link.nfc,nfc,Amiibo,Bruce-Scripts-Heaven_RFID/Amiibo,moved
sd_card_content/nfc/Amiibo/The_Legend_of_Zelda/Breath_of_the_Wild/[ZBW]_02_-_Guardian.nfc,nfc,Amiibo,Bruce-Scripts-Heaven_RFID/Amiibo,moved
sd_card_content/nfc/Amiibo/The_Legend_of_Zelda/Breath_of_the_Wild/[ZBW]_05_-_Zelda.nfc,nfc,Amiibo,Bruce-Scripts-Heaven_RFID/Amiibo,moved
sd_card_content/nfc/Amiibo/The_Legend_of_Zelda/Breath_of_the_Wild/[ZBW]_08_-_Revali_(Rito_Champion).nfc,nfc,Amiibo,Bruce-Scripts-Heaven_RFID/Amiibo,moved
sd_card_content/nfc/Amiibo/The_Legend_of_Zelda/Breath_of_the_Wild/[ZBW]_01_-_Bokoblin.nfc,nfc,Amiibo,Bruce-Scripts-Heaven_RFID/Amiibo,moved
sd_card_content/nfc/Amiibo/The_Legend_of_Zelda/Breath_of_the_Wild/[ZBW]_06_-_Mipha_(Zora_Champion).nfc,nfc,Amiibo,Bruce-Scripts-Heaven_RFID/Amiibo,moved
sd_card_content/nfc/Amiibo/The_Legend_of_Zelda/Breath_of_the_Wild/[ZBW]_04_-_Link_(Rider).nfc,nfc,Amiibo,Bruce-Scripts-Heaven_RFID/Amiibo,moved
sd_card_content/nfc/Amiibo/The_Legend_of_Zelda/Breath_of_the_Wild/[ZBW]_07_-_Daruk_(Goron_Champion).nfc,nfc,Amiibo,Bruce-Scripts-Heaven_RFID/Amiibo,moved
sd_card_content/nfc/Amiibo/The_Legend_of_Zelda/Breath_of_the_Wild/[ZBW]_03_-_Link_(Archer).nfc,nfc,Amiibo,Bruce-Scripts-Heaven_RFID/Amiibo,moved
sd_card_content/nfc/Amiibo/The_Legend_of_Zelda/Breath_of_the_Wild/[ZBW]_09_-_Urbosa_(Gerudo_Champion).nfc,nfc,Amiibo,Bruce-Scripts-Heaven_RFID/Amiibo,moved
sd_card_content/nfc/Amiibo/The_Legend_of_Zelda/BOTW/Zelda.nfc,nfc,Amiibo,Bruce-Scripts-Heaven_RFID/Amiibo,moved
sd_card_content/nfc/Amiibo/The_Legend_of_Zelda/BOTW/Bokoblin.nfc,nfc,Amiibo,Bruce-Scripts-Heaven_RFID/Amiibo,moved
sd_card_content/nfc/Amiibo/The_Legend_of_Zelda/BOTW/Link_Archer.nfc,nfc,Amiibo,Bruce-Scripts-Heaven_RFID/Amiibo,moved
sd_card_content/nfc/Amiibo/The_Legend_of_Zelda/BOTW/Guardian.nfc,nfc,Amiibo,Bruce-Scripts-Heaven_RFID/Amiibo,moved
sd_card_content/nfc/Amiibo/The_Legend_of_Zelda/BOTW/Link_Rider.nfc,nfc,Amiibo,Bruce-Scripts-Heaven_RFID/Amiibo,moved
sd_card_content/nfc/Amiibo/The_Legend_of_Zelda/BOTW_June/Link_Skyward_Sword.nfc,nfc,Amiibo,Bruce-Scripts-Heaven_RFID/Amiibo,moved
sd_card_content/nfc/Amiibo/The_Legend_of_Zelda/BOTW_June/Link_Majora_s_Mask.nfc,nfc,Amiibo,Bruce-Scripts-Heaven_RFID/Amiibo,moved
sd_card_content/nfc/Amiibo/The_Legend_of_Zelda/BOTW_June/Link_Twilight_Princess.nfc,nfc,Amiibo,Bruce-Scripts-Heaven_RFID/Amiibo,moved
sd_card_content/nfc/Amiibo/The_Legend_of_Zelda/Tears_of_the_Kingdom/[TotK]_03_-_Ganondorf.nfc,nfc,Amiibo,Bruce-Scripts-Heaven_RFID/Amiibo,moved
sd_card_content/nfc/Amiibo/The_Legend_of_Zelda/Tears_of_the_Kingdom/[TotK]_02_-_Zelda.nfc,nfc,Amiibo,Bruce-Scripts-Heaven_RFID/Amiibo,moved
sd_card_content/nfc/Amiibo/The_Legend_of_Zelda/Tears_of_the_Kingdom/[TotK]_01_-_Link.nfc,nfc,Amiibo,Bruce-Scripts-Heaven_RFID/Amiibo,moved
sd_card_content/nfc/Amiibo/The_Legend_of_Zelda/Tears_of_the_Kingdom/unreleased/Zelda_(TOTK).nfc,nfc,Amiibo,Bruce-Scripts-Heaven_RFID/Amiibo,moved
sd_card_content/nfc/Amiibo/The_Legend_of_Zelda/Tears_of_the_Kingdom/unreleased/Ganondorf_(TOTK).nfc,nfc,Amiibo,Bruce-Scripts-Heaven_RFID/Amiibo,moved
sd_card_content/nfc/Amiibo/The_Legend_of_Zelda/Twilight_Princess/Wolf_Link_20_Heart.nfc,nfc,Amiibo,Bruce-Scripts-Heaven_RFID/Amiibo,moved
sd_card_content/nfc/Amiibo/The_Legend_of_Zelda/Twilight_Princess/[ZTP]_20H_Wolf_Link.nfc,nfc,Amiibo,Bruce-Scripts-Heaven_RFID/Amiibo,moved
sd_card_content/nfc/Amiibo/The_Legend_of_Zelda/Twilight_Princess/Wolf_Link.nfc,nfc,Amiibo,Bruce-Scripts-Heaven_RFID/Amiibo,moved
sd_card_content/nfc/Amiibo/The_Legend_of_Zelda/Twilight_Princess/Wolf_Link_MAX_LEVEL.nfc,nfc,Amiibo,Bruce-Scripts-Heaven_RFID/Amiibo,moved
sd_card_content/nfc/Amiibo/The_Legend_of_Zelda/Twilight_Princess/important.txt,nfc,Amiibo,Bruce-Scripts-Heaven_RFID/Amiibo,moved
sd_card_content/nfc/Amiibo/The_Legend_of_Zelda/Twilight_Princess/SSB Zelda.nfc,nfc,Amiibo,Bruce-Scripts-Heaven_RFID/Amiibo,moved
sd_card_content/nfc/Amiibo/The_Legend_of_Zelda/Twilight_Princess/SSB Link.nfc,nfc,Amiibo,Bruce-Scripts-Heaven_RFID/Amiibo,moved
sd_card_content/nfc/Amiibo/The_Legend_of_Zelda/Link_s_Awakening/Link_(Link’s_Awakening).nfc,nfc,Amiibo,Bruce-Scripts-Heaven_RFID/Amiibo,moved
sd_card_content/nfc/Amiibo/The_Legend_of_Zelda/Link_s_Awakening/Link.nfc,nfc,Amiibo,Bruce-Scripts-Heaven_RFID/Amiibo,moved
sd_card_content/nfc/Amiibo/The_Legend_of_Zelda/30th_Anniversary/[3AZ]_06_-_Link_(Twilight_Princess).nfc,nfc,Amiibo,Bruce-Scripts-Heaven_RFID/Amiibo,moved
sd_card_content/nfc/Amiibo/The_Legend_of_Zelda/30th_Anniversary/[3AZ]_04_-_Toon_Zelda_(The_Wind_Waker).nfc,nfc,Amiibo,Bruce-Scripts-Heaven_RFID/Amiibo,moved
sd_card_content/nfc/Amiibo/The_Legend_of_Zelda/30th_Anniversary/[3AZ]_02_-_Link_(Ocarina_of_Time).nfc,nfc,Amiibo,Bruce-Scripts-Heaven_RFID/Amiibo,moved
sd_card_content/nfc/Amiibo/The_Legend_of_Zelda/30th_Anniversary/[3AZ]_05_-_Link_(Majora_s_Mask).nfc,nfc,Amiibo,Bruce-Scripts-Heaven_RFID/Amiibo,moved
sd_card_content/nfc/Amiibo/The_Legend_of_Zelda/30th_Anniversary/[3AZ]_07_-_Link_(Skyward_Sword).nfc,nfc,Amiibo,Bruce-Scripts-Heaven_RFID/Amiibo,moved
sd_card_content/nfc/Amiibo/The_Legend_of_Zelda/30th_Anniversary/[3AZ]_03_-_Toon_Link_(The_Wind_Waker).nfc,nfc,Amiibo,Bruce-Scripts-Heaven_RFID/Amiibo,moved
sd_card_content/nfc/Amiibo/The_Legend_of_Zelda/30th_Anniversary/[3AZ]_01_-_8-bit_Link_(The_Legend_of_Zelda).nfc,nfc,Amiibo,Bruce-Scripts-Heaven_RFID/Amiibo,moved
sd_card_content/nfc/Amiibo/The_Legend_of_Zelda/Skyward_Sword_HD/Zelda_and_Loftwing.nfc,nfc,Amiibo,Bruce-Scripts-Heaven_RFID/Amiibo,moved
sd_card_content/nfc/Amiibo/The_Legend_of_Zelda/BOTW_Champions/Urbosa.nfc,nfc,Amiibo,Bruce-Scripts-Heaven_RFID/Amiibo,moved
sd_card_content/nfc/Amiibo/The_Legend_of_Zelda/BOTW_Champions/Mipha.nfc,nfc,Amiibo,Bruce-Scripts-Heaven_RFID/Amiibo,moved
sd_card_content/nfc/Amiibo/The_Legend_of_Zelda/BOTW_Champions/Rivali.nfc,nfc,Amiibo,Bruce-Scripts-Heaven_RFID/Amiibo,moved
sd_card_content/nfc/Amiibo/The_Legend_of_Zelda/BOTW_Champions/Daruk.nfc,nfc,Amiibo,Bruce-Scripts-Heaven_RFID/Amiibo,moved
sd_card_content/nfc/Amiibo/Metroid_Dread/[METD]_SAMUS.nfc,nfc,Amiibo,Bruce-Scripts-Heaven_RFID/Amiibo,moved
sd_card_content/nfc/Amiibo/Metroid_Dread/[METD]E.M.M.I.nfc,nfc,Amiibo,Bruce-Scripts-Heaven_RFID/Amiibo,moved
sd_card_content/nfc/Amiibo/Yu-Gi-Oh/-YU-GI-OH-_Roa_Kirishima.nfc,nfc,Amiibo,Bruce-Scripts-Heaven_RFID/Amiibo,moved
sd_card_content/nfc/Amiibo/Yu-Gi-Oh/-YU-GI-OH-_Asana_Mutsuba.nfc,nfc,Amiibo,Bruce-Scripts-Heaven_RFID/Amiibo,moved
sd_card_content/nfc/Amiibo/Yu-Gi-Oh/-YU-GI-OH-_Gakuto_Sōgetsu.nfc,nfc,Amiibo,Bruce-Scripts-Heaven_RFID/Amiibo,moved
sd_card_content/nfc/Amiibo/Yu-Gi-Oh/-YU-GI-OH-_Romin_Kirishima.nfc,nfc,Amiibo,Bruce-Scripts-Heaven_RFID/Amiibo,moved
sd_card_content/nfc/Amiibo/Yu-Gi-Oh/-YU-GI-OH-_Yuga_Ohdo.nfc,nfc,Amiibo,Bruce-Scripts-Heaven_RFID/Amiibo,moved
sd_card_content/nfc/Amiibo/Yu-Gi-Oh/-YU-GI-OH-_Nail_Saionji.nfc,nfc,Amiibo,Bruce-Scripts-Heaven_RFID/Amiibo,moved
sd_card_content/nfc/Amiibo/Yu-Gi-Oh/-YU-GI-OH-_Tatsuhisa_“Luke”_Kamijō.nfc,nfc,Amiibo,Bruce-Scripts-Heaven_RFID/Amiibo,moved
sd_card_content/nfc/Amiibo/Detective_Pikachu/[DEP]_01_-_Detective_Pikachu.nfc,nfc,Amiibo,Bruce-Scripts-Heaven_RFID/Amiibo,moved
sd_card_content/nfc/Amiibo/Mario/Super_Mario_Cereal/[SMC]_01_-_Super_Mario_Cereal.nfc,nfc,Amiibo,Bruce-Scripts-Heaven_RFID/Amiibo,moved
sd_card_content/nfc/Amiibo/Mario/Mario_Sports_Superstars/[MSS]_40_-_Donkey_Kong_(Horse_Racing).nfc,nfc,Amiibo,Bruce-Scripts-Heaven_RFID/Amiibo,moved
sd_card_content/nfc/Amiibo/Mario/Mario_Sports_Superstars/[MSS]_81_-_Metal_Mario_(Soccer).nfc,nfc,Amiibo,Bruce-Scripts-Heaven_RFID/Amiibo,moved
sd_card_content/nfc/Amiibo/Mario/Mario_Sports_Superstars/[MSS]_51_-_Bowser_Jr._(Soccer).nfc,nfc,Amiibo,Bruce-Scripts-Heaven_RFID/Amiibo,moved
sd_card_content/nfc/Amiibo/Mario/Mario_Sports_Superstars/[MSS]_34_-_Waluigi_(Golf).nfc,nfc,Amiibo,Bruce-Scripts-Heaven_RFID/Amiibo,moved
sd_card_content/nfc/Amiibo/Mario/Mario_Sports_Superstars/[MSS]_62_-_Baby_Mario_(Baseball).nfc,nfc,Amiibo,Bruce-Scripts-Heaven_RFID/Amiibo,moved
sd_card_content/nfc/Amiibo/Mario/Mario_Sports_Superstars/[MSS]_67_-_Baby_Luigi_(Baseball).nfc,nfc,Amiibo,Bruce-Scripts-Heaven_RFID/Amiibo,moved
sd_card_content/nfc/Amiibo/Mario/Mario_Sports_Superstars/[MSS]_07_-_Luigi_(Baseball).nfc,nfc,Amiibo,Bruce-Scripts-Heaven_RFID/Amiibo,moved
sd_card_content/nfc/Amiibo/Mario/Mario_Sports_Superstars/[MSS]_83_-_Metal_Mario_(Tennis).nfc,nfc,Amiibo,Bruce-Scripts-Heaven_RFID/Amiibo,moved
sd_card_content/nfc/Amiibo/Mario/Mario_Sports_Superstars/[MSS]_46_-_Bowser_(Soccer).nfc,nfc,Amiibo,Bruce-Scripts-Heaven_RFID/Amiibo,moved
sd_card_content/nfc/Amiibo/Mario/Mario_Sports_Superstars/[MSS]_09_-_Luigi_(Golf).nfc,nfc,Amiibo,Bruce-Scripts-Heaven_RFID/Amiibo,moved
sd_card_content/nfc/Amiibo/Mario/Mario_Sports_Superstars/[MSS]_89_-_Pink_Gold_Peach_(Golf).nfc,nfc,Amiibo,Bruce-Scripts-Heaven_RFID/Amiibo,moved
sd_card_content/nfc/Amiibo/Mario/Mario_Sports_Superstars/[MSS]_71_-_Birdo_(Soccer).nfc,nfc,Amiibo,Bruce-Scripts-Heaven_RFID/Amiibo,moved
sd_card_content/nfc/Amiibo/Mario/Mario_Sports_Superstars/[MSS]_29_-_Wario_(Golf).nfc,nfc,Amiibo,Bruce-Scripts-Heaven_RFID/Amiibo,moved
sd_card_content/nfc/Amiibo/Mario/Mario_Sports_Superstars/[MSS]_25_-_Yoshi_(Horse_Racing).nfc,nfc,Amiibo,Bruce-Scripts-Heaven_RFID/Amiibo,moved
sd_card_content/nfc/Amiibo/Mario/Mario_Sports_Superstars/[MSS]_58_-_Boo_(Tennis).nfc,nfc,Amiibo,Bruce-Scripts-Heaven_RFID/Amiibo,moved
sd_card_content/nfc/Amiibo/Mario/Mario_Sports_Superstars/[MSS]_82_-_Metal_Mario_(Baseball).nfc,nfc,Amiibo,Bruce-Scripts-Heaven_RFID/Amiibo,moved
sd_card_content/nfc/Amiibo/Mario/Mario_Sports_Superstars/[MSS]_90_-_Pink_Gold_Peach_(Horse_Racing).nfc,nfc,Amiibo,Bruce-Scripts-Heaven_RFID/Amiibo,moved
sd_card_content/nfc/Amiibo/Mario/Mario_Sports_Superstars/[MSS]_22_-_Yoshi_(Baseball).nfc,nfc,Amiibo,Bruce-Scripts-Heaven_RFID/Amiibo,moved
sd_card_content/nfc/Amiibo/Mario/Mario_Sports_Superstars/[MSS]_18_-_Daisy_(Tennis).nfc,nfc,Amiibo,Bruce-Scripts-Heaven_RFID/Amiibo,moved
sd_card_content/nfc/Amiibo/Mario/Mario_Sports_Superstars/[MSS]_36_-_Donkey_Kong_(Soccer).nfc,nfc,Amiibo,Bruce-Scripts-Heaven_RFID/Amiibo,moved
sd_card_content/nfc/Amiibo/Mario/Mario_Sports_Superstars/[MSS]_26_-_Wario_(Soccer).nfc,nfc,Amiibo,Bruce-Scripts-Heaven_RFID/Amiibo,moved
sd_card_content/nfc/Amiibo/Mario/Mario_Sports_Superstars/[MSS]_10_-_Luigi_(Horse_Racing).nfc,nfc,Amiibo,Bruce-Scripts-Heaven_RFID/Amiibo,moved
sd_card_content/nfc/Amiibo/Mario/Mario_Sports_Superstars/[MSS]_17_-_Daisy_(Baseball).nfc,nfc,Amiibo,Bruce-Scripts-Heaven_RFID/Amiibo,moved
sd_card_content/nfc/Amiibo/Mario/Mario_Sports_Superstars/[MSS]_28_-_Wario_(Tennis).nfc,nfc,Amiibo,Bruce-Scripts-Heaven_RFID/Amiibo,moved
sd_card_content/nfc/Amiibo/Mario/Mario_Sports_Superstars/[MSS]_35_-_Waluigi_(Horse_Racing).nfc,nfc,Amiibo,Bruce-Scripts-Heaven_RFID/Amiibo,moved
sd_card_content/nfc/Amiibo/Mario/Mario_Sports_Superstars/[MSS]_50_-_Bowser_(Horse_Racing).nfc,nfc,Amiibo,Bruce-Scripts-Heaven_RFID/Amiibo,moved
sd_card_content/nfc/Amiibo/Mario/Mario_Sports_Superstars/[MSS]_87_-_Pink_Gold_Peach_(Baseball).nfc,nfc,Amiibo,Bruce-Scripts-Heaven_RFID/Amiibo,moved
sd_card_content/nfc/Amiibo/Mario/Mario_Sports_Superstars/[MSS]_61_-_Baby_Mario_(Soccer).nfc,nfc,Amiibo,Bruce-Scripts-Heaven_RFID/Amiibo,moved
sd_card_content/nfc/Amiibo/Mario/Mario_Sports_Superstars/[MSS]_03_-_Mario_(Tennis).nfc,nfc,Amiibo,Bruce-Scripts-Heaven_RFID/Amiibo,moved
sd_card_content/nfc/Amiibo/Mario/Mario_Sports_Superstars/[MSS]_44_-_Diddy_Kong_(Golf).nfc,nfc,Amiibo,Bruce-Scripts-Heaven_RFID/Amiibo,moved
sd_card_content/nfc/Amiibo/Mario/Mario_Sports_Superstars/[MSS]_02_-_Mario_(Baseball).nfc,nfc,Amiibo,Bruce-Scripts-Heaven_RFID/Amiibo,moved
sd_card_content/nfc/Amiibo/Mario/Mario_Sports_Superstars/[MSS]_52_-_Bowser_Jr._(Baseball).nfc,nfc,Amiibo,Bruce-Scripts-Heaven_RFID/Amiibo,moved
sd_card_content/nfc/Amiibo/Mario/Mario_Sports_Superstars/[MSS]_42_-_Diddy_Kong_(Baseball).nfc,nfc,Amiibo,Bruce-Scripts-Heaven_RFID/Amiibo,moved
sd_card_content/nfc/Amiibo/Mario/Mario_Sports_Superstars/[MSS]_69_-_Baby_Luigi_(Golf).nfc,nfc,Amiibo,Bruce-Scripts-Heaven_RFID/Amiibo,moved
sd_card_content/nfc/Amiibo/Mario/Mario_Sports_Superstars/[MSS]_75_-_Birdo_(Horse_Racing).nfc,nfc,Amiibo,Bruce-Scripts-Heaven_RFID/Amiibo,moved
sd_card_content/nfc/Amiibo/Mario/Mario_Sports_Superstars/[MSS]_68_-_Baby_Luigi_(Tennis).nfc,nfc,Amiibo,Bruce-Scripts-Heaven_RFID/Amiibo,moved
sd_card_content/nfc/Amiibo/Mario/Mario_Sports_Superstars/[MSS]_74_-_Birdo_(Golf).nfc,nfc,Amiibo,Bruce-Scripts-Heaven_RFID/Amiibo,moved
sd_card_content/nfc/Amiibo/Mario/Mario_Sports_Superstars/[MSS]_70_-_Baby_Luigi_(Horse_Racing).nfc,nfc,Amiibo,Bruce-Scripts-Heaven_RFID/Amiibo,moved
sd_card_content/nfc/Amiibo/Mario/Mario_Sports_Superstars/[MSS]_63_-_Baby_Mario_(Tennis).nfc,nfc,Amiibo,Bruce-Scripts-Heaven_RFID/Amiibo,moved
sd_card_content/nfc/Amiibo/Mario/Mario_Sports_Superstars/[MSS]_73_-_Birdo_(Tennis).nfc,nfc,Amiibo,Bruce-Scripts-Heaven_RFID/Amiibo,moved
sd_card_content/nfc/Amiibo/Mario/Mario_Sports_Superstars/[MSS]_14_-_Peach_(Golf).nfc,nfc,Amiibo,Bruce-Scripts-Heaven_RFID/Amiibo,moved
sd_card_content/nfc/Amiibo/Mario/Mario_Sports_Superstars/[MSS]_85_-_Metal_Mario_(Horse_Racing).nfc,nfc,Amiibo,Bruce-Scripts-Heaven_RFID/Amiibo,moved
sd_card_content/nfc/Amiibo/Mario/Mario_Sports_Superstars/[MSS]_78_-_Rosalina_(Tennis).nfc,nfc,Amiibo,Bruce-Scripts-Heaven_RFID/Amiibo,moved
sd_card_content/nfc/Amiibo/Mario/Mario_Sports_Superstars/[MSS]_49_-_Bowser_(Golf).nfc,nfc,Amiibo,Bruce-Scripts-Heaven_RFID/Amiibo,moved
sd_card_content/nfc/Amiibo/Mario/Mario_Sports_Superstars/[MSS]_27_-_Wario_(Baseball).nfc,nfc,Amiibo,Bruce-Scripts-Heaven_RFID/Amiibo,moved
sd_card_content/nfc/Amiibo/Mario/Mario_Sports_Superstars/[MSS]_60_-_Boo_(Horse_Racing).nfc,nfc,Amiibo,Bruce-Scripts-Heaven_RFID/Amiibo,moved
sd_card_content/nfc/Amiibo/Mario/Mario_Sports_Superstars/[MSS]_19_-_Daisy_(Golf).nfc,nfc,Amiibo,Bruce-Scripts-Heaven_RFID/Amiibo,moved
sd_card_content/nfc/Amiibo/Mario/Mario_Sports_Superstars/[MSS]_21_-_Yoshi_(Soccer).nfc,nfc,Amiibo,Bruce-Scripts-Heaven_RFID/Amiibo,moved
sd_card_content/nfc/Amiibo/Mario/Mario_Sports_Superstars/[MSS]_79_-_Rosalina_(Golf).nfc,nfc,Amiibo,Bruce-Scripts-Heaven_RFID/Amiibo,moved
sd_card_content/nfc/Amiibo/Mario/Mario_Sports_Superstars/[MSS]_33_-_Waluigi_(Tennis).nfc,nfc,Amiibo,Bruce-Scripts-Heaven_RFID/Amiibo,moved
sd_card_content/nfc/Amiibo/Mario/Mario_Sports_Superstars/[MSS]_41_-_Diddy_Kong_(Soccer).nfc,nfc,Amiibo,Bruce-Scripts-Heaven_RFID/Amiibo,moved
sd_card_content/nfc/Amiibo/Mario/Mario_Sports_Superstars/[MSS]_64_-_Baby_Mario_(Golf).nfc,nfc,Amiibo,Bruce-Scripts-Heaven_RFID/Amiibo,moved
sd_card_content/nfc/Amiibo/Mario/Mario_Sports_Superstars/[MSS]_57_-_Boo_(Baseball).nfc,nfc,Amiibo,Bruce-Scripts-Heaven_RFID/Amiibo,moved
sd_card_content/nfc/Amiibo/Mario/Mario_Sports_Superstars/[MSS]_39_-_Donkey_Kong_(Golf).nfc,nfc,Amiibo,Bruce-Scripts-Heaven_RFID/Amiibo,moved
sd_card_content/nfc/Amiibo/Mario/Mario_Sports_Superstars/[MSS]_45_-_Diddy_Kong_(Horse_Racing).nfc,nfc,Amiibo,Bruce-Scripts-Heaven_RFID/Amiibo,moved
sd_card_content/nfc/Amiibo/Mario/Mario_Sports_Superstars/[MSS]_08_-_Luigi_(Tennis).nfc,nfc,Amiibo,Bruce-Scripts-Heaven_RFID/Amiibo,moved
sd_card_content/nfc/Amiibo/Mario/Mario_Sports_Superstars/[MSS]_77_-_Rosalina_(Baseball).nfc,nfc,Amiibo,Bruce-Scripts-Heaven_RFID/Amiibo,moved
sd_card_content/nfc/Amiibo/Mario/Mario_Sports_Superstars/[MSS]_37_-_Donkey_Kong_(Baseball).nfc,nfc,Amiibo,Bruce-Scripts-Heaven_RFID/Amiibo,moved
sd_card_content/nfc/Amiibo/Mario/Mario_Sports_Superstars/[MSS]_48_-_Bowser_(Tennis).nfc,nfc,Amiibo,Bruce-Scripts-Heaven_RFID/Amiibo,moved
sd_card_content/nfc/Amiibo/Mario/Mario_Sports_Superstars/[MSS]_12_-_Peach_(Baseball).nfc,nfc,Amiibo,Bruce-Scripts-Heaven_RFID/Amiibo,moved
sd_card_content/nfc/Amiibo/Mario/Mario_Sports_Superstars/[MSS]_47_-_Bowser_(Baseball).nfc,nfc,Amiibo,Bruce-Scripts-Heaven_RFID/Amiibo,moved
sd_card_content/nfc/Amiibo/Mario/Mario_Sports_Superstars/[MSS]_84_-_Metal_Mario_(Golf).nfc,nfc,Amiibo,Bruce-Scripts-Heaven_RFID/Amiibo,moved
sd_card_content/nfc/Amiibo/Mario/Mario_Sports_Superstars/[MSS]_88_-_Pink_Gold_Peach_(Tennis).nfc,nfc,Amiibo,Bruce-Scripts-Heaven_RFID/Amiibo,moved
sd_card_content/nfc/Amiibo/Mario/Mario_Sports_Superstars/[MSS]_11_-_Peach_(Soccer).nfc,nfc,Amiibo,Bruce-Scripts-Heaven_RFID/Amiibo,moved
sd_card_content/nfc/Amiibo/Mario/Mario_Sports_Superstars/[MSS]_55_-_Bowser_Jr._(Horse_Racing).nfc,nfc,Amiibo,Bruce-Scripts-Heaven_RFID/Amiibo,moved
sd_card_content/nfc/Amiibo/Mario/Mario_Sports_Superstars/[MSS]_31_-_Waluigi_(Soccer).nfc,nfc,Amiibo,Bruce-Scripts-Heaven_RFID/Amiibo,moved
sd_card_content/nfc/Amiibo/Mario/Mario_Sports_Superstars/[MSS]_30_-_Wario_(Horse_Racing).nfc,nfc,Amiibo,Bruce-Scripts-Heaven_RFID/Amiibo,moved
sd_card_content/nfc/Amiibo/Mario/Mario_Sports_Superstars/[MSS]_59_-_Boo_(Golf).nfc,nfc,Amiibo,Bruce-Scripts-Heaven_RFID/Amiibo,moved
sd_card_content/nfc/Amiibo/Mario/Mario_Sports_Superstars/[MSS]_56_-_Boo_(Soccer).nfc,nfc,Amiibo,Bruce-Scripts-Heaven_RFID/Amiibo,moved
sd_card_content/nfc/Amiibo/Mario/Mario_Sports_Superstars/[MSS]_01_-_Mario_(Soccer).nfc,nfc,Amiibo,Bruce-Scripts-Heaven_RFID/Amiibo,moved
sd_card_content/nfc/Amiibo/Mario/Mario_Sports_Superstars/[MSS]_23_-_Yoshi_(Tennis).nfc,nfc,Amiibo,Bruce-Scripts-Heaven_RFID/Amiibo,moved
sd_card_content/nfc/Amiibo/Mario/Mario_Sports_Superstars/[MSS]_05_-_Mario_(Horse_Racing).nfc,nfc,Amiibo,Bruce-Scripts-Heaven_RFID/Amiibo,moved
sd_card_content/nfc/Amiibo/Mario/Mario_Sports_Superstars/[MSS]_15_-_Peach_(Horse_Racing).nfc,nfc,Amiibo,Bruce-Scripts-Heaven_RFID/Amiibo,moved
sd_card_content/nfc/Amiibo/Mario/Mario_Sports_Superstars/[MSS]_32_-_Waluigi_(Baseball).nfc,nfc,Amiibo,Bruce-Scripts-Heaven_RFID/Amiibo,moved
sd_card_content/nfc/Amiibo/Mario/Mario_Sports_Superstars/[MSS]_20_-_Daisy_(Horse_Racing).nfc,nfc,Amiibo,Bruce-Scripts-Heaven_RFID/Amiibo,moved
sd_card_content/nfc/Amiibo/Mario/Mario_Sports_Superstars/[MSS]_86_-_Pink_Gold_Peach_(Soccer).nfc,nfc,Amiibo,Bruce-Scripts-Heaven_RFID/Amiibo,moved
sd_card_content/nfc/Amiibo/Mario/Mario_Sports_Superstars/[MSS]_04_-_Mario_(Golf).nfc,nfc,Amiibo,Bruce-Scripts-Heaven_RFID/Amiibo,moved
sd_card_content/nfc/Amiibo/Mario/Mario_Sports_Superstars/[MSS]_06_-_Luigi_(Soccer).nfc,nfc,Amiibo,Bruce-Scripts-Heaven_RFID/Amiibo,moved
sd_card_content/nfc/Amiibo/Mario/Mario_Sports_Superstars/[MSS]_54_-_Bowser_Jr._(Golf).nfc,nfc,Amiibo,Bruce-Scripts-Heaven_RFID/Amiibo,moved
sd_card_content/nfc/Amiibo/Mario/Mario_Sports_Superstars/[MSS]_38_-_Donkey_Kong_(Tennis).nfc,nfc,Amiibo,Bruce-Scripts-Heaven_RFID/Amiibo,moved
sd_card_content/nfc/Amiibo/Mario/Mario_Sports_Superstars/[MSS]_53_-_Bowser_Jr.__(Tennis).nfc,nfc,Amiibo,Bruce-Scripts-Heaven_RFID/Amiibo,moved
sd_card_content/nfc/Amiibo/Mario/Mario_Sports_Superstars/[MSS]_24_-_Yoshi_(Golf).nfc,nfc,Amiibo,Bruce-Scripts-Heaven_RFID/Amiibo,moved
sd_card_content/nfc/Amiibo/Mario/Mario_Sports_Superstars/[MSS]_66_-_Baby_Luigi_(Soccer).nfc,nfc,Amiibo,Bruce-Scripts-Heaven_RFID/Amiibo,moved
sd_card_content/nfc/Amiibo/Mario/Mario_Sports_Superstars/[MSS]_80_-_Rosalina_(Horse_Racing).nfc,nfc,Amiibo,Bruce-Scripts-Heaven_RFID/Amiibo,moved
sd_card_content/nfc/Amiibo/Mario/Mario_Sports_Superstars/[MSS]_16_-_Daisy_(Soccer).nfc,nfc,Amiibo,Bruce-Scripts-Heaven_RFID/Amiibo,moved
sd_card_content/nfc/Amiibo/Mario/Mario_Sports_Superstars/[MSS]_65_-_Baby_Mario_(Horse_Racing).nfc,nfc,Amiibo,Bruce-Scripts-Heaven_RFID/Amiibo,moved
sd_card_content/nfc/Amiibo/Mario/Mario_Sports_Superstars/[MSS]_13_-_Peach_(Tennis).nfc,nfc,Amiibo,Bruce-Scripts-Heaven_RFID/Amiibo,moved
sd_card_content/nfc/Amiibo/Mario/Mario_Sports_Superstars/[MSS]_43_-_Diddy_Kong_(Tennis).nfc,nfc,Amiibo,Bruce-Scripts-Heaven_RFID/Amiibo,moved
sd_card_content/nfc/Amiibo/Mario/Mario_Sports_Superstars/[MSS]_76_-_Rosalina_(Soccer).nfc,nfc,Amiibo,Bruce-Scripts-Heaven_RFID/Amiibo,moved
sd_card_content/nfc/Amiibo/Mario/Mario_Sports_Superstars/[MSS]_72_-_Birdo_(Baseball).nfc,nfc,Amiibo,Bruce-Scripts-Heaven_RFID/Amiibo,moved
sd_card_content/nfc/Amiibo/Mario/Super_Mario_Bros._30th_Anniversary. 30th Anniversary/[3AM]_02_-_Mario_Modern_Colors.nfc,nfc,Amiibo,Bruce-Scripts-Heaven_RFID/Amiibo,moved
sd_card_content/nfc/Amiibo/Mario/Super_Mario_Bros._30th_Anniversary. 30th Anniversary/[3AM]_01_-_Mario_Classic_Colors.nfc,nfc,Amiibo,Bruce-Scripts-Heaven_RFID/Amiibo,moved
sd_card_content/nfc/Amiibo/Mario/Super_Nintendo_World_Power-Up_Bands/[SNW]_04_-_Daisy_Power-Up_Band.nfc,nfc,Amiibo,Bruce-Scripts-Heaven_RFID/Amiibo,moved
sd_card_content/nfc/Amiibo/Mario/Super_Nintendo_World_Power-Up_Bands/[SNW]_02_-_Luigi_Power-Up_Band.nfc,nfc,Amiibo,Bruce-Scripts-Heaven_RFID/Amiibo,moved
sd_card_content/nfc/Amiibo/Mario/Super_Nintendo_World_Power-Up_Bands/[SNW]_06_-_Yoshi_Power-Up_Band.nfc,nfc,Amiibo,Bruce-Scripts-Heaven_RFID/Amiibo,moved
sd_card_content/nfc/Amiibo/Mario/Super_Nintendo_World_Power-Up_Bands/[SNW]_05_-_Toad_Power-Up_Band.nfc,nfc,Amiibo,Bruce-Scripts-Heaven_RFID/Amiibo,moved
sd_card_content/nfc/Amiibo/Mario/Super_Nintendo_World_Power-Up_Bands/[SNW]_03_-_Peach_Power-Up_Band.nfc,nfc,Amiibo,Bruce-Scripts-Heaven_RFID/Amiibo,moved
sd_card_content/nfc/Amiibo/Mario/Super_Nintendo_World_Power-Up_Bands/[SNW]_07_-_Gold_Mario_Power-Up_Band.nfc,nfc,Amiibo,Bruce-Scripts-Heaven_RFID/Amiibo,moved
sd_card_content/nfc/Amiibo/Mario/Super_Nintendo_World_Power-Up_Bands/[SNW]_01_-_Mario_Power-Up_Band.nfc,nfc,Amiibo,Bruce-Scripts-Heaven_RFID/Amiibo,moved
sd_card_content/nfc/Amiibo/Mario/Super_Mario_Figures/[SM]_01_-_Mario.nfc,nfc,Amiibo,Bruce-Scripts-Heaven_RFID/Amiibo,moved
sd_card_content/nfc/Amiibo/Mario/Super_Mario_Figures/[SM]_21_-_Cat_Mario.nfc,nfc,Amiibo,Bruce-Scripts-Heaven_RFID/Amiibo,moved
sd_card_content/nfc/Amiibo/Mario/Super_Mario_Figures/[SM]_07_-_Mario_(Gold_Edition).nfc,nfc,Amiibo,Bruce-Scripts-Heaven_RFID/Amiibo,moved
sd_card_content/nfc/Amiibo/Mario/Super_Mario_Figures/[SM]_11_-_Daisy.nfc,nfc,Amiibo,Bruce-Scripts-Heaven_RFID/Amiibo,moved
sd_card_content/nfc/Amiibo/Mario/Super_Mario_Figures/[SM]_22_-_Cat_Peach.nfc,nfc,Amiibo,Bruce-Scripts-Heaven_RFID/Amiibo,moved
sd_card_content/nfc/Amiibo/Mario/Super_Mario_Figures/[SM]_02_-_Peach.nfc,nfc,Amiibo,Bruce-Scripts-Heaven_RFID/Amiibo,moved
sd_card_content/nfc/Amiibo/Mario/Super_Mario_Figures/[SM]_18_-_Mario_(Wedding).nfc,nfc,Amiibo,Bruce-Scripts-Heaven_RFID/Amiibo,moved
sd_card_content/nfc/Amiibo/Mario/Super_Mario_Figures/[SM]_09_-_Wario.nfc,nfc,Amiibo,Bruce-Scripts-Heaven_RFID/Amiibo,moved
sd_card_content/nfc/Amiibo/Mario/Super_Mario_Figures/[SM]_08_-_Mario_(Silver_Edition).nfc,nfc,Amiibo,Bruce-Scripts-Heaven_RFID/Amiibo,moved
sd_card_content/nfc/Amiibo/Mario/Super_Mario_Figures/[SM]_05_-_Yoshi.nfc,nfc,Amiibo,Bruce-Scripts-Heaven_RFID/Amiibo,moved
sd_card_content/nfc/Amiibo/Mario/Super_Mario_Figures/[SM]_17_-_Koopa_Troopa.nfc,nfc,Amiibo,Bruce-Scripts-Heaven_RFID/Amiibo,moved
sd_card_content/nfc/Amiibo/Mario/Super_Mario_Figures/[SM]_20_-_Bowser_(Wedding).nfc,nfc,Amiibo,Bruce-Scripts-Heaven_RFID/Amiibo,moved
sd_card_content/nfc/Amiibo/Mario/Super_Mario_Figures/[SM]_03_-_Toad.nfc,nfc,Amiibo,Bruce-Scripts-Heaven_RFID/Amiibo,moved
sd_card_content/nfc/Amiibo/Mario/Super_Mario_Figures/[SM]_15_-_Boo.nfc,nfc,Amiibo,Bruce-Scripts-Heaven_RFID/Amiibo,moved
sd_card_content/nfc/Amiibo/Mario/Super_Mario_Figures/[SM]_12_-_Rosalina.nfc,nfc,Amiibo,Bruce-Scripts-Heaven_RFID/Amiibo,moved
sd_card_content/nfc/Amiibo/Mario/Super_Mario_Figures/[SM]_04_-_Luigi.nfc,nfc,Amiibo,Bruce-Scripts-Heaven_RFID/Amiibo,moved
sd_card_content/nfc/Amiibo/Mario/Super_Mario_Figures/[SM]_10_-_Waluigi.nfc,nfc,Amiibo,Bruce-Scripts-Heaven_RFID/Amiibo,moved
sd_card_content/nfc/Amiibo/Mario/Super_Mario_Figures/[SM]_19_-_Peach_(Wedding).nfc,nfc,Amiibo,Bruce-Scripts-Heaven_RFID/Amiibo,moved
sd_card_content/nfc/Amiibo/Mario/Super_Mario_Figures/[SM]_13_-_Donkey_Kong.nfc,nfc,Amiibo,Bruce-Scripts-Heaven_RFID/Amiibo,moved
sd_card_content/nfc/Amiibo/Mario/Super_Mario_Figures/[SM]_14_-_Diddy_Kong.nfc,nfc,Amiibo,Bruce-Scripts-Heaven_RFID/Amiibo,moved
sd_card_content/nfc/Amiibo/Mario/Super_Mario_Figures/[SM]_16_-_Goomba.nfc,nfc,Amiibo,Bruce-Scripts-Heaven_RFID/Amiibo,moved
sd_card_content/nfc/Amiibo/Mario/Super_Mario_Figures/[SM]_06_-_Bowser.nfc,nfc,Amiibo,Bruce-Scripts-Heaven_RFID/Amiibo,moved
sd_card_content/nfc/Amiibo/PowerUpBands/Mario.nfc,nfc,Amiibo,Bruce-Scripts-Heaven_RFID/Amiibo,moved
sd_card_content/nfc/Amiibo/PowerUpBands/Peach.nfc,nfc,Amiibo,Bruce-Scripts-Heaven_RFID/Amiibo,moved
sd_card_content/nfc/Amiibo/PowerUpBands/Yoshi.nfc,nfc,Amiibo,Bruce-Scripts-Heaven_RFID/Amiibo,moved
sd_card_content/nfc/Amiibo/PowerUpBands/Daisy.nfc,nfc,Amiibo,Bruce-Scripts-Heaven_RFID/Amiibo,moved
sd_card_content/nfc/Amiibo/PowerUpBands/Toad.nfc,nfc,Amiibo,Bruce-Scripts-Heaven_RFID/Amiibo,moved
sd_card_content/nfc/Amiibo/PowerUpBands/Luigi.nfc,nfc,Amiibo,Bruce-Scripts-Heaven_RFID/Amiibo,moved
sd_card_content/nfc/Amiibo/BoxBoy/Qbby.nfc,nfc,Amiibo,Bruce-Scripts-Heaven_RFID/Amiibo,moved
sd_card_content/nfc/Amiibo/Metroid_Amiibo/Metroid_Samus_Returns/Metroid.nfc,nfc,Amiibo,Bruce-Scripts-Heaven_RFID/Amiibo,moved
sd_card_content/nfc/Amiibo/Metroid_Amiibo/Metroid_Samus_Returns/Samus_Aran.nfc,nfc,Amiibo,Bruce-Scripts-Heaven_RFID/Amiibo,moved
sd_card_content/nfc/Amiibo/Metroid_Amiibo/Metroid_Dread/Samus_Metroid_Dread.nfc,nfc,Amiibo,Bruce-Scripts-Heaven_RFID/Amiibo,moved
sd_card_content/nfc/Amiibo/Metroid_Amiibo/Metroid_Dread/EMMI.nfc,nfc,Amiibo,Bruce-Scripts-Heaven_RFID/Amiibo,moved
sd_card_content/nfc/Amiibo/Kellogs_Amiibo/Delicious_Amiibo.nfc,nfc,Amiibo,Bruce-Scripts-Heaven_RFID/Amiibo,moved
sd_card_content/nfc/Amiibo/Pikmin/[PIK]_01_-_Pikmin.nfc,nfc,Amiibo,Bruce-Scripts-Heaven_RFID/Amiibo,moved
sd_card_content/nfc/Amiibo/Power_Pros_Amiibo/Ganda.nfc,nfc,Amiibo,Bruce-Scripts-Heaven_RFID/Amiibo,moved
sd_card_content/nfc/Amiibo/Power_Pros_Amiibo/Hayakawa.nfc,nfc,Amiibo,Bruce-Scripts-Heaven_RFID/Amiibo,moved
sd_card_content/nfc/Amiibo/Power_Pros_Amiibo/Daijobu.nfc,nfc,Amiibo,Bruce-Scripts-Heaven_RFID/Amiibo,moved
sd_card_content/nfc/Amiibo/Power_Pros_Amiibo/Ikari.nfc,nfc,Amiibo,Bruce-Scripts-Heaven_RFID/Amiibo,moved
sd_card_content/nfc/Amiibo/Power_Pros_Amiibo/Yabe.nfc,nfc,Amiibo,Bruce-Scripts-Heaven_RFID/Amiibo,moved
sd_card_content/nfc/Amiibo/Power_Pros_Amiibo/Pawapuro.nfc,nfc,Amiibo,Bruce-Scripts-Heaven_RFID/Amiibo,moved
sd_card_content/nfc/Amiibo/Super_Mario/Koopa_Troopa.nfc,nfc,Amiibo,Bruce-Scripts-Heaven_RFID/Amiibo,moved
sd_card_content/nfc/Amiibo/Super_Mario/Donkey_Kong.nfc,nfc,Amiibo,Bruce-Scripts-Heaven_RFID/Amiibo,moved
sd_card_content/nfc/Amiibo/Super_Mario/Mario.nfc,nfc,Amiibo,Bruce-Scripts-Heaven_RFID/Amiibo,moved
sd_card_content/nfc/Amiibo/Super_Mario/Boo.nfc,nfc,Amiibo,Bruce-Scripts-Heaven_RFID/Amiibo,moved
sd_card_content/nfc/Amiibo/Super_Mario/Bowser.nfc,nfc,Amiibo,Bruce-Scripts-Heaven_RFID/Amiibo,moved
sd_card_content/nfc/Amiibo/Super_Mario/Cat_Peach.nfc,nfc,Amiibo,Bruce-Scripts-Heaven_RFID/Amiibo,moved
sd_card_content/nfc/Amiibo/Super_Mario/Mario_Gold_Edition.nfc,nfc,Amiibo,Bruce-Scripts-Heaven_RFID/Amiibo,moved
sd_card_content/nfc/Amiibo/Super_Mario/Diddy_Kong.nfc,nfc,Amiibo,Bruce-Scripts-Heaven_RFID/Amiibo,moved
sd_card_content/nfc/Amiibo/Super_Mario/Waluigi.nfc,nfc,Amiibo,Bruce-Scripts-Heaven_RFID/Amiibo,moved
sd_card_content/nfc/Amiibo/Super_Mario/Wario.nfc,nfc,Amiibo,Bruce-Scripts-Heaven_RFID/Amiibo,moved
sd_card_content/nfc/Amiibo/Super_Mario/Peach.nfc,nfc,Amiibo,Bruce-Scripts-Heaven_RFID/Amiibo,moved
sd_card_content/nfc/Amiibo/Super_Mario/Yoshi.nfc,nfc,Amiibo,Bruce-Scripts-Heaven_RFID/Amiibo,moved
sd_card_content/nfc/Amiibo/Super_Mario/Mario_Wedding.nfc,nfc,Amiibo,Bruce-Scripts-Heaven_RFID/Amiibo,moved
sd_card_content/nfc/Amiibo/Super_Mario/Goomba.nfc,nfc,Amiibo,Bruce-Scripts-Heaven_RFID/Amiibo,moved
sd_card_content/nfc/Amiibo/Super_Mario/Peach_Wedding.nfc,nfc,Amiibo,Bruce-Scripts-Heaven_RFID/Amiibo,moved
sd_card_content/nfc/Amiibo/Super_Mario/Rosalina.nfc,nfc,Amiibo,Bruce-Scripts-Heaven_RFID/Amiibo,moved
sd_card_content/nfc/Amiibo/Super_Mario/Daisy.nfc,nfc,Amiibo,Bruce-Scripts-Heaven_RFID/Amiibo,moved
sd_card_content/nfc/Amiibo/Super_Mario/Toad.nfc,nfc,Amiibo,Bruce-Scripts-Heaven_RFID/Amiibo,moved
sd_card_content/nfc/Amiibo/Super_Mario/Mario_Silver_Edition.nfc,nfc,Amiibo,Bruce-Scripts-Heaven_RFID/Amiibo,moved
sd_card_content/nfc/Amiibo/Super_Mario/Cat_Mario.nfc,nfc,Amiibo,Bruce-Scripts-Heaven_RFID/Amiibo,moved
sd_card_content/nfc/Amiibo/Super_Mario/Bowser_Wedding.nfc,nfc,Amiibo,Bruce-Scripts-Heaven_RFID/Amiibo,moved
sd_card_content/nfc/Amiibo/Super_Mario/Luigi.nfc,nfc,Amiibo,Bruce-Scripts-Heaven_RFID/Amiibo,moved
sd_card_content/nfc/Amiibo/Splatoon/Inkling_Squid.nfc,nfc,Amiibo,Bruce-Scripts-Heaven_RFID/Amiibo,moved
sd_card_content/nfc/Amiibo/Splatoon/[Splatoon]_14_-_Octoling_Girl.nfc,nfc,Amiibo,Bruce-Scripts-Heaven_RFID/Amiibo,moved
sd_card_content/nfc/Amiibo/Splatoon/[Splatoon]_11_-_Squid_(Neon_Purple).nfc,nfc,Amiibo,Bruce-Scripts-Heaven_RFID/Amiibo,moved
sd_card_content/nfc/Amiibo/Splatoon/[Splatoon]_07_-_Inkling_Girl_(Lime_Green).nfc,nfc,Amiibo,Bruce-Scripts-Heaven_RFID/Amiibo,moved
sd_card_content/nfc/Amiibo/Splatoon/Octoling_Boy.nfc,nfc,Amiibo,Bruce-Scripts-Heaven_RFID/Amiibo,moved
sd_card_content/nfc/Amiibo/Splatoon/[Splatoon]_21_-_Frye.nfc,nfc,Amiibo,Bruce-Scripts-Heaven_RFID/Amiibo,moved
sd_card_content/nfc/Amiibo/Splatoon/[Splatoon]_15_-_Octoling_Boy.nfc,nfc,Amiibo,Bruce-Scripts-Heaven_RFID/Amiibo,moved
sd_card_content/nfc/Amiibo/Splatoon/[Splatoon]_09_-_Inkling_Boy_(Neon_Green).nfc,nfc,Amiibo,Bruce-Scripts-Heaven_RFID/Amiibo,moved
sd_card_content/nfc/Amiibo/Splatoon/[Splatoon]_10_-_Inkling_Girl_(Neon_Pink).nfc,nfc,Amiibo,Bruce-Scripts-Heaven_RFID/Amiibo,moved
sd_card_content/nfc/Amiibo/Splatoon/[Splatoon]_04_-_Callie.nfc,nfc,Amiibo,Bruce-Scripts-Heaven_RFID/Amiibo,moved
sd_card_content/nfc/Amiibo/Splatoon/Smallfry.nfc,nfc,Amiibo,Bruce-Scripts-Heaven_RFID/Amiibo,moved
sd_card_content/nfc/Amiibo/Splatoon/[Splatoon]_06_-_Inkling_Boy_(Purple).nfc,nfc,Amiibo,Bruce-Scripts-Heaven_RFID/Amiibo,moved
sd_card_content/nfc/Amiibo/Splatoon/Inkling_Girl.nfc,nfc,Amiibo,Bruce-Scripts-Heaven_RFID/Amiibo,moved
sd_card_content/nfc/Amiibo/Splatoon/[Splatoon]_16_-_Octoling_Octopus.nfc,nfc,Amiibo,Bruce-Scripts-Heaven_RFID/Amiibo,moved
sd_card_content/nfc/Amiibo/Splatoon/Octoling_Girl.nfc,nfc,Amiibo,Bruce-Scripts-Heaven_RFID/Amiibo,moved
sd_card_content/nfc/Amiibo/Splatoon/[Splatoon]_05_-_Marie.nfc,nfc,Amiibo,Bruce-Scripts-Heaven_RFID/Amiibo,moved
sd_card_content/nfc/Amiibo/Splatoon/[Splatoon]_19_-_Smallfry.nfc,nfc,Amiibo,Bruce-Scripts-Heaven_RFID/Amiibo,moved
sd_card_content/nfc/Amiibo/Splatoon/[Splatoon]_13_-_Marina.nfc,nfc,Amiibo,Bruce-Scripts-Heaven_RFID/Amiibo,moved
sd_card_content/nfc/Amiibo/Splatoon/Octoling_Blue.nfc,nfc,Amiibo,Bruce-Scripts-Heaven_RFID/Amiibo,moved
sd_card_content/nfc/Amiibo/Splatoon/[Splatoon]_20_-_Shiver.nfc,nfc,Amiibo,Bruce-Scripts-Heaven_RFID/Amiibo,moved
sd_card_content/nfc/Amiibo/Splatoon/Callie.nfc,nfc,Amiibo,Bruce-Scripts-Heaven_RFID/Amiibo,moved
sd_card_content/nfc/Amiibo/Splatoon/Marie.nfc,nfc,Amiibo,Bruce-Scripts-Heaven_RFID/Amiibo,moved
sd_card_content/nfc/Amiibo/Splatoon/Inkling_Boy.nfc,nfc,Amiibo,Bruce-Scripts-Heaven_RFID/Amiibo,moved
sd_card_content/nfc/Amiibo/Splatoon/Inkling_Boy_Green.nfc,nfc,Amiibo,Bruce-Scripts-Heaven_RFID/Amiibo,moved
sd_card_content/nfc/Amiibo/Splatoon/Octoling_Octopus.nfc,nfc,Amiibo,Bruce-Scripts-Heaven_RFID/Amiibo,moved
sd_card_content/nfc/Amiibo/Splatoon/[Splatoon]_01_-_Inkling_Boy.nfc,nfc,Amiibo,Bruce-Scripts-Heaven_RFID/Amiibo,moved
sd_card_content/nfc/Amiibo/Splatoon/Inkling_Girl_Green.nfc,nfc,Amiibo,Bruce-Scripts-Heaven_RFID/Amiibo,moved
sd_card_content/nfc/Amiibo/Splatoon/[Splatoon]_12_-_Pearl.nfc,nfc,Amiibo,Bruce-Scripts-Heaven_RFID/Amiibo,moved
sd_card_content/nfc/Amiibo/Splatoon/[Splatoon]_17_-_Octoling_Blue.nfc,nfc,Amiibo,Bruce-Scripts-Heaven_RFID/Amiibo,moved
sd_card_content/nfc/Amiibo/Splatoon/Inkling_Squid_Purple.nfc,nfc,Amiibo,Bruce-Scripts-Heaven_RFID/Amiibo,moved
sd_card_content/nfc/Amiibo/Splatoon/[Splatoon]_18_-_Inkling_Yellow.nfc,nfc,Amiibo,Bruce-Scripts-Heaven_RFID/Amiibo,moved
sd_card_content/nfc/Amiibo/Splatoon/[Splatoon]_03_-_Inkling_Squid.nfc,nfc,Amiibo,Bruce-Scripts-Heaven_RFID/Amiibo,moved
sd_card_content/nfc/Amiibo/Splatoon/Inkling_Yellow.nfc,nfc,Amiibo,Bruce-Scripts-Heaven_RFID/Amiibo,moved
sd_card_content/nfc/Amiibo/Splatoon/[Splatoon]_22_-_Big_Man.nfc,nfc,Amiibo,Bruce-Scripts-Heaven_RFID/Amiibo,moved
sd_card_content/nfc/Amiibo/Splatoon/Pearl.nfc,nfc,Amiibo,Bruce-Scripts-Heaven_RFID/Amiibo,moved
sd_card_content/nfc/Amiibo/Splatoon/Inkling_Squid_Orange.nfc,nfc,Amiibo,Bruce-Scripts-Heaven_RFID/Amiibo,moved
sd_card_content/nfc/Amiibo/Splatoon/[Splatoon]_02_-_Inkling_Girl.nfc,nfc,Amiibo,Bruce-Scripts-Heaven_RFID/Amiibo,moved
sd_card_content/nfc/Amiibo/Splatoon/[Splatoon]_08_-_Inkling_Squid_(Orange).nfc,nfc,Amiibo,Bruce-Scripts-Heaven_RFID/Amiibo,moved
sd_card_content/nfc/Amiibo/Splatoon/Marina.nfc,nfc,Amiibo,Bruce-Scripts-Heaven_RFID/Amiibo,moved
sd_card_content/nfc/Amiibo/Splatoon/Inkling_Boy_Purple.nfc,nfc,Amiibo,Bruce-Scripts-Heaven_RFID/Amiibo,moved
sd_card_content/nfc/Amiibo/Splatoon/Inkling_Girl_Pink.nfc,nfc,Amiibo,Bruce-Scripts-Heaven_RFID/Amiibo,moved
sd_card_content/nfc/Amiibo/Skylanders/DK_Superchargers.nfc,nfc,Amiibo,Bruce-Scripts-Heaven_RFID/Amiibo,moved
sd_card_content/nfc/Amiibo/Skylanders/Dark_Bowser.nfc,nfc,Amiibo,Bruce-Scripts-Heaven_RFID/Amiibo,moved
sd_card_content/nfc/Amiibo/Skylanders/Bowser_Superchargers.nfc,nfc,Amiibo,Bruce-Scripts-Heaven_RFID/Amiibo,moved
sd_card_content/nfc/Amiibo/Skylanders/Dark_Donkey_Kong.nfc,nfc,Amiibo,Bruce-Scripts-Heaven_RFID/Amiibo,moved
sd_card_content/nfc/Amiibo/ReadMe.md,nfc,Amiibo,UberGuidoZ_Amiibo_Tools,moved
sd_card_content/nfc/Amiibo/Lego-Dimensions.md,nfc,Amiibo,UberGuidoZ_Amiibo_Tools,moved
sd_card_content/nfc/Amiibo/Skylanders.md,nfc,Amiibo,UberGuidoZ_Amiibo_Tools,moved
sd_card_content/nfc/Amiibo/Kyber-Crystals/V2-Data-KC.png,nfc,Amiibo,UberGuidoZ_Amiibo_Tools,moved
sd_card_content/nfc/Amiibo/Kyber-Crystals/V1-Data-Sorting-KC.png,nfc,Amiibo,UberGuidoZ_Amiibo_Tools,moved
sd_card_content/nfc/Amiibo/Kyber-Crystals/readme.md,nfc,Amiibo,UberGuidoZ_Amiibo_Tools,moved
sd_card_content/nfc/Amiibo/Kyber-Crystals/V1-Crystals-KC.png,nfc,Amiibo,UberGuidoZ_Amiibo_Tools,moved
sd_card_content/nfc/Amiibo/Kyber-Crystals/Blade-Commands-KC.png,nfc,Amiibo,UberGuidoZ_Amiibo_Tools,moved
sd_card_content/nfc/Amiibo/Amiibo_Files/ReadMe.md,nfc,Amiibo,UberGuidoZ_Amiibo_Tools,moved
sd_card_content/nfc/Amiibo/Amiibo_Files/Amiibo_NFC/Pikmin_Amiibo/Pikmin.nfc,nfc,Amiibo,UberGuidoZ_Amiibo_Tools,moved
sd_card_content/nfc/Amiibo/Amiibo_Files/Amiibo_NFC/Yoshis_Wooly_World_Amiibo/Pink_Yarn_Yoshi.nfc,nfc,Amiibo,UberGuidoZ_Amiibo_Tools,moved
sd_card_content/nfc/Amiibo/Amiibo_Files/Amiibo_NFC/Yoshis_Wooly_World_Amiibo/Poochy.nfc,nfc,Amiibo,UberGuidoZ_Amiibo_Tools,moved
sd_card_content/nfc/Amiibo/Amiibo_Files/Amiibo_NFC/Yoshis_Wooly_World_Amiibo/Green_Yarn_Yoshi.nfc,nfc,Amiibo,UberGuidoZ_Amiibo_Tools,moved
sd_card_content/nfc/Amiibo/Amiibo_Files/Amiibo_NFC/Yoshis_Wooly_World_Amiibo/Light_Blue_Yarn_Yoshi.nfc,nfc,Amiibo,UberGuidoZ_Amiibo_Tools,moved
sd_card_content/nfc/Amiibo/Amiibo_Files/Amiibo_NFC/Yoshis_Wooly_World_Amiibo/Mega_Yarn_Yoshi.nfc,nfc,Amiibo,UberGuidoZ_Amiibo_Tools,moved
sd_card_content/nfc/Amiibo/Amiibo_Files/Amiibo_NFC/Mario_Sports_Superstars_Amiibo/Baseball/Baby_Mario_Baseball.nfc,nfc,Amiibo,UberGuidoZ_Amiibo_Tools,moved
sd_card_content/nfc/Amiibo/Amiibo_Files/Amiibo_NFC/Mario_Sports_Superstars_Amiibo/Baseball/Mario_Baseball.nfc,nfc,Amiibo,UberGuidoZ_Amiibo_Tools,moved
sd_card_content/nfc/Amiibo/Amiibo_Files/Amiibo_NFC/Mario_Sports_Superstars_Amiibo/Baseball/Donkey_Kong_Baseball.nfc,nfc,Amiibo,UberGuidoZ_Amiibo_Tools,moved
sd_card_content/nfc/Amiibo/Amiibo_Files/Amiibo_NFC/Mario_Sports_Superstars_Amiibo/Baseball/Boo_Baseball.nfc,nfc,Amiibo,UberGuidoZ_Amiibo_Tools,moved
sd_card_content/nfc/Amiibo/Amiibo_Files/Amiibo_NFC/Mario_Sports_Superstars_Amiibo/Baseball/Birdo_Baseball.nfc,nfc,Amiibo,UberGuidoZ_Amiibo_Tools,moved
sd_card_content/nfc/Amiibo/Amiibo_Files/Amiibo_NFC/Mario_Sports_Superstars_Amiibo/Baseball/Pink_Gold_Peach_Baseball.nfc,nfc,Amiibo,UberGuidoZ_Amiibo_Tools,moved
sd_card_content/nfc/Amiibo/Amiibo_Files/Amiibo_NFC/Mario_Sports_Superstars_Amiibo/Baseball/Peach_Baseball.nfc,nfc,Amiibo,UberGuidoZ_Amiibo_Tools,moved
sd_card_content/nfc/Amiibo/Amiibo_Files/Amiibo_NFC/Mario_Sports_Superstars_Amiibo/Baseball/Bowser_Jr_Baseball.nfc,nfc,Amiibo,UberGuidoZ_Amiibo_Tools,moved
sd_card_content/nfc/Amiibo/Amiibo_Files/Amiibo_NFC/Mario_Sports_Superstars_Amiibo/Baseball/Yoshi_Baseball.nfc,nfc,Amiibo,UberGuidoZ_Amiibo_Tools,moved
sd_card_content/nfc/Amiibo/Amiibo_Files/Amiibo_NFC/Mario_Sports_Superstars_Amiibo/Baseball/Daisy_Baseball.nfc,nfc,Amiibo,UberGuidoZ_Amiibo_Tools,moved
sd_card_content/nfc/Amiibo/Amiibo_Files/Amiibo_NFC/Mario_Sports_Superstars_Amiibo/Baseball/Diddy_Kong_Baseball.nfc,nfc,Amiibo,UberGuidoZ_Amiibo_Tools,moved
sd_card_content/nfc/Amiibo/Amiibo_Files/Amiibo_NFC/Mario_Sports_Superstars_Amiibo/Baseball/Wario_Baseball.nfc,nfc,Amiibo,UberGuidoZ_Amiibo_Tools,moved
sd_card_content/nfc/Amiibo/Amiibo_Files/Amiibo_NFC/Mario_Sports_Superstars_Amiibo/Baseball/Luigi_Baseball.nfc,nfc,Amiibo,UberGuidoZ_Amiibo_Tools,moved
sd_card_content/nfc/Amiibo/Amiibo_Files/Amiibo_NFC/Mario_Sports_Superstars_Amiibo/Baseball/Metal_Mario_Baseball.nfc,nfc,Amiibo,UberGuidoZ_Amiibo_Tools,moved
sd_card_content/nfc/Amiibo/Amiibo_Files/Amiibo_NFC/Mario_Sports_Superstars_Amiibo/Baseball/Waluigi_Baseball.nfc,nfc,Amiibo,UberGuidoZ_Amiibo_Tools,moved
sd_card_content/nfc/Amiibo/Amiibo_Files/Amiibo_NFC/Mario_Sports_Superstars_Amiibo/Baseball/Baby_Luigi_Baseball.nfc,nfc,Amiibo,UberGuidoZ_Amiibo_Tools,moved
sd_card_content/nfc/Amiibo/Amiibo_Files/Amiibo_NFC/Mario_Sports_Superstars_Amiibo/Baseball/Rosalina_Baseball.nfc,nfc,Amiibo,UberGuidoZ_Amiibo_Tools,moved
sd_card_content/nfc/Amiibo/Amiibo_Files/Amiibo_NFC/Mario_Sports_Superstars_Amiibo/Baseball/Bowser_Baseball.nfc,nfc,Amiibo,UberGuidoZ_Amiibo_Tools,moved
sd_card_content/nfc/Amiibo/Amiibo_Files/Amiibo_NFC/Mario_Sports_Superstars_Amiibo/Golf/Diddy_Kong_Golf.nfc,nfc,Amiibo,UberGuidoZ_Amiibo_Tools,moved
sd_card_content/nfc/Amiibo/Amiibo_Files/Amiibo_NFC/Mario_Sports_Superstars_Amiibo/Golf/Metal_Mario_Golf.nfc,nfc,Amiibo,UberGuidoZ_Amiibo_Tools,moved
sd_card_content/nfc/Amiibo/Amiibo_Files/Amiibo_NFC/Mario_Sports_Superstars_Amiibo/Golf/Luigi_Golf.nfc,nfc,Amiibo,UberGuidoZ_Amiibo_Tools,moved
sd_card_content/nfc/Amiibo/Amiibo_Files/Amiibo_NFC/Mario_Sports_Superstars_Amiibo/Golf/Mario_Golf.nfc,nfc,Amiibo,UberGuidoZ_Amiibo_Tools,moved
sd_card_content/nfc/Amiibo/Amiibo_Files/Amiibo_NFC/Mario_Sports_Superstars_Amiibo/Golf/Rosalina_Golf.nfc,nfc,Amiibo,UberGuidoZ_Amiibo_Tools,moved
sd_card_content/nfc/Amiibo/Amiibo_Files/Amiibo_NFC/Mario_Sports_Superstars_Amiibo/Golf/Boo_Golf.nfc,nfc,Amiibo,UberGuidoZ_Amiibo_Tools,moved
sd_card_content/nfc/Amiibo/Amiibo_Files/Amiibo_NFC/Mario_Sports_Superstars_Amiibo/Golf/Yoshi_Golf.nfc,nfc,Amiibo,UberGuidoZ_Amiibo_Tools,moved
sd_card_content/nfc/Amiibo/Amiibo_Files/Amiibo_NFC/Mario_Sports_Superstars_Amiibo/Golf/Bowser_Jr_Golf.nfc,nfc,Amiibo,UberGuidoZ_Amiibo_Tools,moved
sd_card_content/nfc/Amiibo/Amiibo_Files/Amiibo_NFC/Mario_Sports_Superstars_Amiibo/Golf/Daisy_Golf.nfc,nfc,Amiibo,UberGuidoZ_Amiibo_Tools,moved
sd_card_content/nfc/Amiibo/Amiibo_Files/Amiibo_NFC/Mario_Sports_Superstars_Amiibo/Golf/Peach_Golf.nfc,nfc,Amiibo,UberGuidoZ_Amiibo_Tools,moved
sd_card_content/nfc/Amiibo/Amiibo_Files/Amiibo_NFC/Mario_Sports_Superstars_Amiibo/Golf/Birdo_Golf.nfc,nfc,Amiibo,UberGuidoZ_Amiibo_Tools,moved
sd_card_content/nfc/Amiibo/Amiibo_Files/Amiibo_NFC/Mario_Sports_Superstars_Amiibo/Golf/Baby_Mario_Golf.nfc,nfc,Amiibo,UberGuidoZ_Amiibo_Tools,moved
sd_card_content/nfc/Amiibo/Amiibo_Files/Amiibo_NFC/Mario_Sports_Superstars_Amiibo/Golf/Donkey_Kong_Golf.nfc,nfc,Amiibo,UberGuidoZ_Amiibo_Tools,moved
sd_card_content/nfc/Amiibo/Amiibo_Files/Amiibo_NFC/Mario_Sports_Superstars_Amiibo/Golf/Wario_Golf.nfc,nfc,Amiibo,UberGuidoZ_Amiibo_Tools,moved
sd_card_content/nfc/Amiibo/Amiibo_Files/Amiibo_NFC/Mario_Sports_Superstars_Amiibo/Golf/Baby_Luigi_Golf.nfc,nfc,Amiibo,UberGuidoZ_Amiibo_Tools,moved
sd_card_content/nfc/Amiibo/Amiibo_Files/Amiibo_NFC/Mario_Sports_Superstars_Amiibo/Golf/Waluigi_Golf.nfc,nfc,Amiibo,UberGuidoZ_Amiibo_Tools,moved
sd_card_content/nfc/Amiibo/Amiibo_Files/Amiibo_NFC/Mario_Sports_Superstars_Amiibo/Golf/Pink_Gold_Peach_Golf.nfc,nfc,Amiibo,UberGuidoZ_Amiibo_Tools,moved
sd_card_content/nfc/Amiibo/Amiibo_Files/Amiibo_NFC/Mario_Sports_Superstars_Amiibo/Golf/Bowser_Golf.nfc,nfc,Amiibo,UberGuidoZ_Amiibo_Tools,moved
sd_card_content/nfc/Amiibo/Amiibo_Files/Amiibo_NFC/Mario_Sports_Superstars_Amiibo/Soccer/Mario_Soccer.nfc,nfc,Amiibo,UberGuidoZ_Amiibo_Tools,moved
sd_card_content/nfc/Amiibo/Amiibo_Files/Amiibo_NFC/Mario_Sports_Superstars_Amiibo/Soccer/Peach_Soccer.nfc,nfc,Amiibo,UberGuidoZ_Amiibo_Tools,moved
sd_card_content/nfc/Amiibo/Amiibo_Files/Amiibo_NFC/Mario_Sports_Superstars_Amiibo/Soccer/Bowser_Jr_Soccer.nfc,nfc,Amiibo,UberGuidoZ_Amiibo_Tools,moved
sd_card_content/nfc/Amiibo/Amiibo_Files/Amiibo_NFC/Mario_Sports_Superstars_Amiibo/Soccer/Baby_Mario_Soccer.nfc,nfc,Amiibo,UberGuidoZ_Amiibo_Tools,moved
sd_card_content/nfc/Amiibo/Amiibo_Files/Amiibo_NFC/Mario_Sports_Superstars_Amiibo/Soccer/Wario_Soccer.nfc,nfc,Amiibo,UberGuidoZ_Amiibo_Tools,moved
sd_card_content/nfc/Amiibo/Amiibo_Files/Amiibo_NFC/Mario_Sports_Superstars_Amiibo/Soccer/Yoshi_Soccer.nfc,nfc,Amiibo,UberGuidoZ_Amiibo_Tools,moved
sd_card_content/nfc/Amiibo/Amiibo_Files/Amiibo_NFC/Mario_Sports_Superstars_Amiibo/Soccer/Birdo_Soccer.nfc,nfc,Amiibo,UberGuidoZ_Amiibo_Tools,moved
sd_card_content/nfc/Amiibo/Amiibo_Files/Amiibo_NFC/Mario_Sports_Superstars_Amiibo/Soccer/Waluigi_Soccer.nfc,nfc,Amiibo,UberGuidoZ_Amiibo_Tools,moved
sd_card_content/nfc/Amiibo/Amiibo_Files/Amiibo_NFC/Mario_Sports_Superstars_Amiibo/Soccer/Metal_Mario_Soccer.nfc,nfc,Amiibo,UberGuidoZ_Amiibo_Tools,moved
sd_card_content/nfc/Amiibo/Amiibo_Files/Amiibo_NFC/Mario_Sports_Superstars_Amiibo/Soccer/Donkey_Kong_Soccer.nfc,nfc,Amiibo,UberGuidoZ_Amiibo_Tools,moved
sd_card_content/nfc/Amiibo/Amiibo_Files/Amiibo_NFC/Mario_Sports_Superstars_Amiibo/Soccer/Bowser_Soccer.nfc,nfc,Amiibo,UberGuidoZ_Amiibo_Tools,moved
sd_card_content/nfc/Amiibo/Amiibo_Files/Amiibo_NFC/Mario_Sports_Superstars_Amiibo/Soccer/Diddy_Kong_Soccer.nfc,nfc,Amiibo,UberGuidoZ_Amiibo_Tools,moved
sd_card_content/nfc/Amiibo/Amiibo_Files/Amiibo_NFC/Mario_Sports_Superstars_Amiibo/Soccer/Baby_Luigi_Soccer.nfc,nfc,Amiibo,UberGuidoZ_Amiibo_Tools,moved
sd_card_content/nfc/Amiibo/Amiibo_Files/Amiibo_NFC/Mario_Sports_Superstars_Amiibo/Soccer/Luigi_Soccer.nfc,nfc,Amiibo,UberGuidoZ_Amiibo_Tools,moved
sd_card_content/nfc/Amiibo/Amiibo_Files/Amiibo_NFC/Mario_Sports_Superstars_Amiibo/Soccer/Rosalina_Soccer.nfc,nfc,Amiibo,UberGuidoZ_Amiibo_Tools,moved
sd_card_content/nfc/Amiibo/Amiibo_Files/Amiibo_NFC/Mario_Sports_Superstars_Amiibo/Soccer/Pink_Gold_Peach_Soccer.nfc,nfc,Amiibo,UberGuidoZ_Amiibo_Tools,moved
sd_card_content/nfc/Amiibo/Amiibo_Files/Amiibo_NFC/Mario_Sports_Superstars_Amiibo/Soccer/Boo_Soccer.nfc,nfc,Amiibo,UberGuidoZ_Amiibo_Tools,moved
sd_card_content/nfc/Amiibo/Amiibo_Files/Amiibo_NFC/Mario_Sports_Superstars_Amiibo/Soccer/Daisy_Soccer.nfc,nfc,Amiibo,UberGuidoZ_Amiibo_Tools,moved
sd_card_content/nfc/Amiibo/Amiibo_Files/Amiibo_NFC/Mario_Sports_Superstars_Amiibo/Horse_Racing/Pink_Gold_Peach_Horse_Racing.nfc,nfc,Amiibo,UberGuidoZ_Amiibo_Tools,moved
sd_card_content/nfc/Amiibo/Amiibo_Files/Amiibo_NFC/Mario_Sports_Superstars_Amiibo/Horse_Racing/Donkey_Kong_Horse_Racing.nfc,nfc,Amiibo,UberGuidoZ_Amiibo_Tools,moved
sd_card_content/nfc/Amiibo/Amiibo_Files/Amiibo_NFC/Mario_Sports_Superstars_Amiibo/Horse_Racing/Baby_Mario_Horse_Racing.nfc,nfc,Amiibo,UberGuidoZ_Amiibo_Tools,moved
sd_card_content/nfc/Amiibo/Amiibo_Files/Amiibo_NFC/Mario_Sports_Superstars_Amiibo/Horse_Racing/Mario_Horse_Racing.nfc,nfc,Amiibo,UberGuidoZ_Amiibo_Tools,moved
sd_card_content/nfc/Amiibo/Amiibo_Files/Amiibo_NFC/Mario_Sports_Superstars_Amiibo/Horse_Racing/Metal_Mario_Horse_Racing.nfc,nfc,Amiibo,UberGuidoZ_Amiibo_Tools,moved
sd_card_content/nfc/Amiibo/Amiibo_Files/Amiibo_NFC/Mario_Sports_Superstars_Amiibo/Horse_Racing/Baby_Luigi_Horse_Racing.nfc,nfc,Amiibo,UberGuidoZ_Amiibo_Tools,moved
sd_card_content/nfc/Amiibo/Amiibo_Files/Amiibo_NFC/Mario_Sports_Superstars_Amiibo/Horse_Racing/Bowser_Jr_Horse_Racing.nfc,nfc,Amiibo,UberGuidoZ_Amiibo_Tools,moved
sd_card_content/nfc/Amiibo/Amiibo_Files/Amiibo_NFC/Mario_Sports_Superstars_Amiibo/Horse_Racing/Boo_Horse_Racing.nfc,nfc,Amiibo,UberGuidoZ_Amiibo_Tools,moved
sd_card_content/nfc/Amiibo/Amiibo_Files/Amiibo_NFC/Mario_Sports_Superstars_Amiibo/Horse_Racing/Bowser_Horse_Racing.nfc,nfc,Amiibo,UberGuidoZ_Amiibo_Tools,moved
sd_card_content/nfc/Amiibo/Amiibo_Files/Amiibo_NFC/Mario_Sports_Superstars_Amiibo/Horse_Racing/Wario_Horse_Racing.nfc,nfc,Amiibo,UberGuidoZ_Amiibo_Tools,moved
sd_card_content/nfc/Amiibo/Amiibo_Files/Amiibo_NFC/Mario_Sports_Superstars_Amiibo/Horse_Racing/Diddy_Kong_Horse_Racing.nfc,nfc,Amiibo,UberGuidoZ_Amiibo_Tools,moved
sd_card_content/nfc/Amiibo/Amiibo_Files/Amiibo_NFC/Mario_Sports_Superstars_Amiibo/Horse_Racing/Yoshi_Horse_Racing.nfc,nfc,Amiibo,UberGuidoZ_Amiibo_Tools,moved
sd_card_content/nfc/Amiibo/Amiibo_Files/Amiibo_NFC/Mario_Sports_Superstars_Amiibo/Horse_Racing/Peach_Horse_Racing.nfc,nfc,Amiibo,UberGuidoZ_Amiibo_Tools,moved
sd_card_content/nfc/Amiibo/Amiibo_Files/Amiibo_NFC/Mario_Sports_Superstars_Amiibo/Horse_Racing/Daisy_Horse_Racing.nfc,nfc,Amiibo,UberGuidoZ_Amiibo_Tools,moved
sd_card_content/nfc/Amiibo/Amiibo_Files/Amiibo_NFC/Mario_Sports_Superstars_Amiibo/Horse_Racing/Waluigi_Horse_Racing.nfc,nfc,Amiibo,UberGuidoZ_Amiibo_Tools,moved
sd_card_content/nfc/Amiibo/Amiibo_Files/Amiibo_NFC/Mario_Sports_Superstars_Amiibo/Horse_Racing/Luigi_Horse_Racing.nfc,nfc,Amiibo,UberGuidoZ_Amiibo_Tools,moved
sd_card_content/nfc/Amiibo/Amiibo_Files/Amiibo_NFC/Mario_Sports_Superstars_Amiibo/Horse_Racing/Rosalina_Horse_Racing.nfc,nfc,Amiibo,UberGuidoZ_Amiibo_Tools,moved
sd_card_content/nfc/Amiibo/Amiibo_Files/Amiibo_NFC/Mario_Sports_Superstars_Amiibo/Horse_Racing/Birdo_Horse_Racing.nfc,nfc,Amiibo,UberGuidoZ_Amiibo_Tools,moved
sd_card_content/nfc/Amiibo/Amiibo_Files/Amiibo_NFC/Mario_Sports_Superstars_Amiibo/Tennis/Bowser_Jr_Tennis.nfc,nfc,Amiibo,UberGuidoZ_Amiibo_Tools,moved
sd_card_content/nfc/Amiibo/Amiibo_Files/Amiibo_NFC/Mario_Sports_Superstars_Amiibo/Tennis/Boo_Tennis.nfc,nfc,Amiibo,UberGuidoZ_Amiibo_Tools,moved
sd_card_content/nfc/Amiibo/Amiibo_Files/Amiibo_NFC/Mario_Sports_Superstars_Amiibo/Tennis/Pink_Gold_Peach_Tennis.nfc,nfc,Amiibo,UberGuidoZ_Amiibo_Tools,moved
sd_card_content/nfc/Amiibo/Amiibo_Files/Amiibo_NFC/Mario_Sports_Superstars_Amiibo/Tennis/Mario_Tennis.nfc,nfc,Amiibo,UberGuidoZ_Amiibo_Tools,moved
sd_card_content/nfc/Amiibo/Amiibo_Files/Amiibo_NFC/Mario_Sports_Superstars_Amiibo/Tennis/Peach_Tennis.nfc,nfc,Amiibo,UberGuidoZ_Amiibo_Tools,moved
sd_card_content/nfc/Amiibo/Amiibo_Files/Amiibo_NFC/Mario_Sports_Superstars_Amiibo/Tennis/Birdo_Tennis.nfc,nfc,Amiibo,UberGuidoZ_Amiibo_Tools,moved
sd_card_content/nfc/Amiibo/Amiibo_Files/Amiibo_NFC/Mario_Sports_Superstars_Amiibo/Tennis/Wario_Tennis.nfc,nfc,Amiibo,UberGuidoZ_Amiibo_Tools,moved
sd_card_content/nfc/Amiibo/Amiibo_Files/Amiibo_NFC/Mario_Sports_Superstars_Amiibo/Tennis/Metal_Mario_Tennis.nfc,nfc,Amiibo,UberGuidoZ_Amiibo_Tools,moved
sd_card_content/nfc/Amiibo/Amiibo_Files/Amiibo_NFC/Mario_Sports_Superstars_Amiibo/Tennis/Donkey_Kong_Tennis.nfc,nfc,Amiibo,UberGuidoZ_Amiibo_Tools,moved
sd_card_content/nfc/Amiibo/Amiibo_Files/Amiibo_NFC/Mario_Sports_Superstars_Amiibo/Tennis/Luigi_Tennis.nfc,nfc,Amiibo,UberGuidoZ_Amiibo_Tools,moved
sd_card_content/nfc/Amiibo/Amiibo_Files/Amiibo_NFC/Mario_Sports_Superstars_Amiibo/Tennis/Diddy_Kong_Tennis.nfc,nfc,Amiibo,UberGuidoZ_Amiibo_Tools,moved
sd_card_content/nfc/Amiibo/Amiibo_Files/Amiibo_NFC/Mario_Sports_Superstars_Amiibo/Tennis/Baby_Mario_Tennis.nfc,nfc,Amiibo,UberGuidoZ_Amiibo_Tools,moved
sd_card_content/nfc/Amiibo/Amiibo_Files/Amiibo_NFC/Mario_Sports_Superstars_Amiibo/Tennis/Daisy_Tennis.nfc,nfc,Amiibo,UberGuidoZ_Amiibo_Tools,moved
sd_card_content/nfc/Amiibo/Amiibo_Files/Amiibo_NFC/Mario_Sports_Superstars_Amiibo/Tennis/Waluigi_Tennis.nfc,nfc,Amiibo,UberGuidoZ_Amiibo_Tools,moved
sd_card_content/nfc/Amiibo/Amiibo_Files/Amiibo_NFC/Mario_Sports_Superstars_Amiibo/Tennis/Yoshi_Tennis.nfc,nfc,Amiibo,UberGuidoZ_Amiibo_Tools,moved
sd_card_content/nfc/Amiibo/Amiibo_Files/Amiibo_NFC/Mario_Sports_Superstars_Amiibo/Tennis/Bowser_Tennis.nfc,nfc,Amiibo,UberGuidoZ_Amiibo_Tools,moved
sd_card_content/nfc/Amiibo/Amiibo_Files/Amiibo_NFC/Mario_Sports_Superstars_Amiibo/Tennis/Rosalina_Tennis.nfc,nfc,Amiibo,UberGuidoZ_Amiibo_Tools,moved
sd_card_content/nfc/Amiibo/Amiibo_Files/Amiibo_NFC/Mario_Sports_Superstars_Amiibo/Tennis/Baby_Luigi_Tennis.nfc,nfc,Amiibo,UberGuidoZ_Amiibo_Tools,moved
sd_card_content/nfc/Amiibo/Amiibo_Files/Amiibo_NFC/Yu-Gi-Oh_Amiibo/Tatsuhisa_Luke_Kamijo.nfc,nfc,Amiibo,UberGuidoZ_Amiibo_Tools,moved
sd_card_content/nfc/Amiibo/Amiibo_Files/Amiibo_NFC/Yu-Gi-Oh_Amiibo/Asana_Mutsuba.nfc,nfc,Amiibo,UberGuidoZ_Amiibo_Tools,moved
sd_card_content/nfc/Amiibo/Amiibo_Files/Amiibo_NFC/Yu-Gi-Oh_Amiibo/Romin_Kirishima.nfc,nfc,Amiibo,UberGuidoZ_Amiibo_Tools,moved
sd_card_content/nfc/Amiibo/Amiibo_Files/Amiibo_NFC/Yu-Gi-Oh_Amiibo/Nail_Saionji.nfc,nfc,Amiibo,UberGuidoZ_Amiibo_Tools,moved
sd_card_content/nfc/Amiibo/Amiibo_Files/Amiibo_NFC/Yu-Gi-Oh_Amiibo/Yuga_Oudou.nfc,nfc,Amiibo,UberGuidoZ_Amiibo_Tools,moved
sd_card_content/nfc/Amiibo/Amiibo_Files/Amiibo_NFC/Yu-Gi-Oh_Amiibo/Roa_Kirishima.nfc,nfc,Amiibo,UberGuidoZ_Amiibo_Tools,moved
sd_card_content/nfc/Amiibo/Amiibo_Files/Amiibo_NFC/Yu-Gi-Oh_Amiibo/Gakuto_Sogetsu.nfc,nfc,Amiibo,UberGuidoZ_Amiibo_Tools,moved
sd_card_content/nfc/Amiibo/Amiibo_Files/Amiibo_NFC/Fire_Emblem_Amiibo/Alm.nfc,nfc,Amiibo,UberGuidoZ_Amiibo_Tools,moved
sd_card_content/nfc/Amiibo/Amiibo_Files/Amiibo_NFC/Fire_Emblem_Amiibo/Chrom.nfc,nfc,Amiibo,UberGuidoZ_Amiibo_Tools,moved
sd_card_content/nfc/Amiibo/Amiibo_Files/Amiibo_NFC/Fire_Emblem_Amiibo/Celica.nfc,nfc,Amiibo,UberGuidoZ_Amiibo_Tools,moved
sd_card_content/nfc/Amiibo/Amiibo_Files/Amiibo_NFC/Fire_Emblem_Amiibo/Tiki.nfc,nfc,Amiibo,UberGuidoZ_Amiibo_Tools,moved
sd_card_content/nfc/Amiibo/Amiibo_Files/Amiibo_NFC/Super_Mario_Amiibo/8-Bit_Mario_Modern_Color.nfc,nfc,Amiibo,UberGuidoZ_Amiibo_Tools,moved
sd_card_content/nfc/Amiibo/Amiibo_Files/Amiibo_NFC/Super_Mario_Amiibo/Koopa_Troopa.nfc,nfc,Amiibo,UberGuidoZ_Amiibo_Tools,moved
sd_card_content/nfc/Amiibo/Amiibo_Files/Amiibo_NFC/Super_Mario_Amiibo/Donkey_Kong.nfc,nfc,Amiibo,UberGuidoZ_Amiibo_Tools,moved
sd_card_content/nfc/Amiibo/Amiibo_Files/Amiibo_NFC/Super_Mario_Amiibo/Mario.nfc,nfc,Amiibo,UberGuidoZ_Amiibo_Tools,moved
sd_card_content/nfc/Amiibo/Amiibo_Files/Amiibo_NFC/Super_Mario_Amiibo/Boo.nfc,nfc,Amiibo,UberGuidoZ_Amiibo_Tools,moved
sd_card_content/nfc/Amiibo/Amiibo_Files/Amiibo_NFC/Super_Mario_Amiibo/Bowser.nfc,nfc,Amiibo,UberGuidoZ_Amiibo_Tools,moved
sd_card_content/nfc/Amiibo/Amiibo_Files/Amiibo_NFC/Super_Mario_Amiibo/Cat_Peach.nfc,nfc,Amiibo,UberGuidoZ_Amiibo_Tools,moved
sd_card_content/nfc/Amiibo/Amiibo_Files/Amiibo_NFC/Super_Mario_Amiibo/Mario_Gold_Edition.nfc,nfc,Amiibo,UberGuidoZ_Amiibo_Tools,moved
sd_card_content/nfc/Amiibo/Amiibo_Files/Amiibo_NFC/Super_Mario_Amiibo/Super_Mario_Cereal.nfc,nfc,Amiibo,UberGuidoZ_Amiibo_Tools,moved
sd_card_content/nfc/Amiibo/Amiibo_Files/Amiibo_NFC/Super_Mario_Amiibo/Diddy_Kong.nfc,nfc,Amiibo,UberGuidoZ_Amiibo_Tools,moved
sd_card_content/nfc/Amiibo/Amiibo_Files/Amiibo_NFC/Super_Mario_Amiibo/Waluigi.nfc,nfc,Amiibo,UberGuidoZ_Amiibo_Tools,moved
sd_card_content/nfc/Amiibo/Amiibo_Files/Amiibo_NFC/Super_Mario_Amiibo/Wario.nfc,nfc,Amiibo,UberGuidoZ_Amiibo_Tools,moved
sd_card_content/nfc/Amiibo/Amiibo_Files/Amiibo_NFC/Super_Mario_Amiibo/Peach.nfc,nfc,Amiibo,UberGuidoZ_Amiibo_Tools,moved
sd_card_content/nfc/Amiibo/Amiibo_Files/Amiibo_NFC/Super_Mario_Amiibo/Mario_Silver_Editon.nfc,nfc,Amiibo,UberGuidoZ_Amiibo_Tools,moved
sd_card_content/nfc/Amiibo/Amiibo_Files/Amiibo_NFC/Super_Mario_Amiibo/Yoshi.nfc,nfc,Amiibo,UberGuidoZ_Amiibo_Tools,moved
sd_card_content/nfc/Amiibo/Amiibo_Files/Amiibo_NFC/Super_Mario_Amiibo/8-Bit_Mario_Classic_Color.nfc,nfc,Amiibo,UberGuidoZ_Amiibo_Tools,moved
sd_card_content/nfc/Amiibo/Amiibo_Files/Amiibo_NFC/Super_Mario_Amiibo/Mario_Wedding.nfc,nfc,Amiibo,UberGuidoZ_Amiibo_Tools,moved
sd_card_content/nfc/Amiibo/Amiibo_Files/Amiibo_NFC/Super_Mario_Amiibo/Goomba.nfc,nfc,Amiibo,UberGuidoZ_Amiibo_Tools,moved
sd_card_content/nfc/Amiibo/Amiibo_Files/Amiibo_NFC/Super_Mario_Amiibo/Peach_Wedding.nfc,nfc,Amiibo,UberGuidoZ_Amiibo_Tools,moved
sd_card_content/nfc/Amiibo/Amiibo_Files/Amiibo_NFC/Super_Mario_Amiibo/Rosalina.nfc,nfc,Amiibo,UberGuidoZ_Amiibo_Tools,moved
sd_card_content/nfc/Amiibo/Amiibo_Files/Amiibo_NFC/Super_Mario_Amiibo/Daisy.nfc,nfc,Amiibo,UberGuidoZ_Amiibo_Tools,moved
sd_card_content/nfc/Amiibo/Amiibo_Files/Amiibo_NFC/Super_Mario_Amiibo/Toad.nfc,nfc,Amiibo,UberGuidoZ_Amiibo_Tools,moved
sd_card_content/nfc/Amiibo/Amiibo_Files/Amiibo_NFC/Super_Mario_Amiibo/Cat_Mario.nfc,nfc,Amiibo,UberGuidoZ_Amiibo_Tools,moved
sd_card_content/nfc/Amiibo/Amiibo_Files/Amiibo_NFC/Super_Mario_Amiibo/Bowser_Wedding.nfc,nfc,Amiibo,UberGuidoZ_Amiibo_Tools,moved
sd_card_content/nfc/Amiibo/Amiibo_Files/Amiibo_NFC/Super_Mario_Amiibo/Luigi.nfc,nfc,Amiibo,UberGuidoZ_Amiibo_Tools,moved
sd_card_content/nfc/Amiibo/Amiibo_Files/Amiibo_NFC/Super_Mario_Amiibo/PowerUpBands/Luigi_Power-Up_Band.nfc,nfc,Amiibo,UberGuidoZ_Amiibo_Tools,moved
sd_card_content/nfc/Amiibo/Amiibo_Files/Amiibo_NFC/Super_Mario_Amiibo/PowerUpBands/Daisy_Power-Up_Band.nfc,nfc,Amiibo,UberGuidoZ_Amiibo_Tools,moved
sd_card_content/nfc/Amiibo/Amiibo_Files/Amiibo_NFC/Super_Mario_Amiibo/PowerUpBands/Toad_Power-Up_Band.nfc,nfc,Amiibo,UberGuidoZ_Amiibo_Tools,moved
sd_card_content/nfc/Amiibo/Amiibo_Files/Amiibo_NFC/Super_Mario_Amiibo/PowerUpBands/Mario_Power-Up_Band.nfc,nfc,Amiibo,UberGuidoZ_Amiibo_Tools,moved
sd_card_content/nfc/Amiibo/Amiibo_Files/Amiibo_NFC/Super_Mario_Amiibo/PowerUpBands/Peach_Power-Up_Band.nfc,nfc,Amiibo,UberGuidoZ_Amiibo_Tools,moved
sd_card_content/nfc/Amiibo/Amiibo_Files/Amiibo_NFC/Super_Mario_Amiibo/PowerUpBands/Yoshi_Power-Up_Band.nfc,nfc,Amiibo,UberGuidoZ_Amiibo_Tools,moved
sd_card_content/nfc/Amiibo/Amiibo_Files/Amiibo_NFC/BoxBoy_Amiibo/Qbby.nfc,nfc,Amiibo,UberGuidoZ_Amiibo_Tools,moved
sd_card_content/nfc/Amiibo/Amiibo_Files/Amiibo_NFC/Detective_Pikachu_Amiibo/Detective_Pikachu.nfc,nfc,Amiibo,UberGuidoZ_Amiibo_Tools,moved
sd_card_content/nfc/Amiibo/Amiibo_Files/Amiibo_NFC/Mega_Man_Amiibo/Mega_Man.nfc,nfc,Amiibo,UberGuidoZ_Amiibo_Tools,moved
sd_card_content/nfc/Amiibo/Amiibo_Files/Amiibo_NFC/The_Legend_of_Zelda_Amiibo/BOTW/Zelda.nfc,nfc,Amiibo,UberGuidoZ_Amiibo_Tools,moved
sd_card_content/nfc/Amiibo/Amiibo_Files/Amiibo_NFC/The_Legend_of_Zelda_Amiibo/BOTW/Bokoblin.nfc,nfc,Amiibo,UberGuidoZ_Amiibo_Tools,moved
sd_card_content/nfc/Amiibo/Amiibo_Files/Amiibo_NFC/The_Legend_of_Zelda_Amiibo/BOTW/Link_Archer.nfc,nfc,Amiibo,UberGuidoZ_Amiibo_Tools,moved
sd_card_content/nfc/Amiibo/Amiibo_Files/Amiibo_NFC/The_Legend_of_Zelda_Amiibo/BOTW/Urbosa.nfc,nfc,Amiibo,UberGuidoZ_Amiibo_Tools,moved
sd_card_content/nfc/Amiibo/Amiibo_Files/Amiibo_NFC/The_Legend_of_Zelda_Amiibo/BOTW/Guardian.nfc,nfc,Amiibo,UberGuidoZ_Amiibo_Tools,moved
sd_card_content/nfc/Amiibo/Amiibo_Files/Amiibo_NFC/The_Legend_of_Zelda_Amiibo/BOTW/Link_Rider.nfc,nfc,Amiibo,UberGuidoZ_Amiibo_Tools,moved
sd_card_content/nfc/Amiibo/Amiibo_Files/Amiibo_NFC/The_Legend_of_Zelda_Amiibo/BOTW/Mipha.nfc,nfc,Amiibo,UberGuidoZ_Amiibo_Tools,moved
sd_card_content/nfc/Amiibo/Amiibo_Files/Amiibo_NFC/The_Legend_of_Zelda_Amiibo/BOTW/Daruk.nfc,nfc,Amiibo,UberGuidoZ_Amiibo_Tools,moved
sd_card_content/nfc/Amiibo/Amiibo_Files/Amiibo_NFC/The_Legend_of_Zelda_Amiibo/BOTW/Revali.nfc,nfc,Amiibo,UberGuidoZ_Amiibo_Tools,moved
sd_card_content/nfc/Amiibo/Amiibo_Files/Amiibo_NFC/The_Legend_of_Zelda_Amiibo/30th_Anniversary/Link_Skyward_Sword.nfc,nfc,Amiibo,UberGuidoZ_Amiibo_Tools,moved
sd_card_content/nfc/Amiibo/Amiibo_Files/Amiibo_NFC/The_Legend_of_Zelda_Amiibo/30th_Anniversary/Toon_Zelda_The_Wind_Waker.nfc,nfc,Amiibo,UberGuidoZ_Amiibo_Tools,moved
sd_card_content/nfc/Amiibo/Amiibo_Files/Amiibo_NFC/The_Legend_of_Zelda_Amiibo/30th_Anniversary/8-Bit_Link.nfc,nfc,Amiibo,UberGuidoZ_Amiibo_Tools,moved
sd_card_content/nfc/Amiibo/Amiibo_Files/Amiibo_NFC/The_Legend_of_Zelda_Amiibo/30th_Anniversary/Link_Ocarina_of_Time.nfc,nfc,Amiibo,UberGuidoZ_Amiibo_Tools,moved
sd_card_content/nfc/Amiibo/Amiibo_Files/Amiibo_NFC/The_Legend_of_Zelda_Amiibo/30th_Anniversary/Toon_Link_The_Wind_Waker.nfc,nfc,Amiibo,UberGuidoZ_Amiibo_Tools,moved
sd_card_content/nfc/Amiibo/Amiibo_Files/Amiibo_NFC/The_Legend_of_Zelda_Amiibo/30th_Anniversary/Link_Majoras_Mask.nfc,nfc,Amiibo,UberGuidoZ_Amiibo_Tools,moved
sd_card_content/nfc/Amiibo/Amiibo_Files/Amiibo_NFC/The_Legend_of_Zelda_Amiibo/30th_Anniversary/Link_Twilight_Princess.nfc,nfc,Amiibo,UberGuidoZ_Amiibo_Tools,moved
sd_card_content/nfc/Amiibo/Amiibo_Files/Amiibo_NFC/The_Legend_of_Zelda_Amiibo/Skyward_Sword/Zelda_and_Loftwing.nfc,nfc,Amiibo,UberGuidoZ_Amiibo_Tools,moved
sd_card_content/nfc/Amiibo/Amiibo_Files/Amiibo_NFC/The_Legend_of_Zelda_Amiibo/Links_Awakening/Link_Links_Awakening.nfc,nfc,Amiibo,UberGuidoZ_Amiibo_Tools,moved
sd_card_content/nfc/Amiibo/Amiibo_Files/Amiibo_NFC/The_Legend_of_Zelda_Amiibo/TLOZ/Midna_and_Wolf_Link.nfc,nfc,Amiibo,UberGuidoZ_Amiibo_Tools,moved
sd_card_content/nfc/Amiibo/Amiibo_Files/Amiibo_NFC/Metroid_Amiibo/Metroid_Samus_Returns/Metroid.nfc,nfc,Amiibo,UberGuidoZ_Amiibo_Tools,moved
sd_card_content/nfc/Amiibo/Amiibo_Files/Amiibo_NFC/Metroid_Amiibo/Metroid_Samus_Returns/Samus_Aran.nfc,nfc,Amiibo,UberGuidoZ_Amiibo_Tools,moved
sd_card_content/nfc/Amiibo/Amiibo_Files/Amiibo_NFC/Metroid_Amiibo/Metroid_Dread/Samus_Metroid_Dread.nfc,nfc,Amiibo,UberGuidoZ_Amiibo_Tools,moved
sd_card_content/nfc/Amiibo/Amiibo_Files/Amiibo_NFC/Metroid_Amiibo/Metroid_Dread/EMMI.nfc,nfc,Amiibo,UberGuidoZ_Amiibo_Tools,moved
sd_card_content/nfc/Amiibo/Amiibo_Files/Amiibo_NFC/Kellogs_Amiibo/Delicious_Amiibo.nfc,nfc,Amiibo,UberGuidoZ_Amiibo_Tools,moved
sd_card_content/nfc/Amiibo/Amiibo_Files/Amiibo_NFC/Skylanders_Amiibo/Dark_Hammer_Slam_Bowser.nfc,nfc,Amiibo,UberGuidoZ_Amiibo_Tools,moved
sd_card_content/nfc/Amiibo/Amiibo_Files/Amiibo_NFC/Skylanders_Amiibo/Dark_Turbo_Charge_Donkey_Kong.nfc,nfc,Amiibo,UberGuidoZ_Amiibo_Tools,moved
sd_card_content/nfc/Amiibo/Amiibo_Files/Amiibo_NFC/Skylanders_Amiibo/Hammer_Slam_Bowser.nfc,nfc,Amiibo,UberGuidoZ_Amiibo_Tools,moved
sd_card_content/nfc/Amiibo/Amiibo_Files/Amiibo_NFC/Skylanders_Amiibo/Turbo_Charge_Donkey_Kong.nfc,nfc,Amiibo,UberGuidoZ_Amiibo_Tools,moved
sd_card_content/nfc/Amiibo/Amiibo_Files/Amiibo_NFC/Super_Smash_Bros_Amiibo/Zelda.nfc,nfc,Amiibo,UberGuidoZ_Amiibo_Tools,moved
sd_card_content/nfc/Amiibo/Amiibo_Files/Amiibo_NFC/Super_Smash_Bros_Amiibo/Dr_Mario.nfc,nfc,Amiibo,UberGuidoZ_Amiibo_Tools,moved
sd_card_content/nfc/Amiibo/Amiibo_Files/Amiibo_NFC/Super_Smash_Bros_Amiibo/Byleth.nfc,nfc,Amiibo,UberGuidoZ_Amiibo_Tools,moved
sd_card_content/nfc/Amiibo/Amiibo_Files/Amiibo_NFC/Super_Smash_Bros_Amiibo/Isabelle.nfc,nfc,Amiibo,UberGuidoZ_Amiibo_Tools,moved
sd_card_content/nfc/Amiibo/Amiibo_Files/Amiibo_NFC/Super_Smash_Bros_Amiibo/Mii_Swordfighter.nfc,nfc,Amiibo,UberGuidoZ_Amiibo_Tools,moved
sd_card_content/nfc/Amiibo/Amiibo_Files/Amiibo_NFC/Super_Smash_Bros_Amiibo/Lucina.nfc,nfc,Amiibo,UberGuidoZ_Amiibo_Tools,moved
sd_card_content/nfc/Amiibo/Amiibo_Files/Amiibo_NFC/Super_Smash_Bros_Amiibo/Mewtwo.nfc,nfc,Amiibo,UberGuidoZ_Amiibo_Tools,moved
sd_card_content/nfc/Amiibo/Amiibo_Files/Amiibo_NFC/Super_Smash_Bros_Amiibo/Villager.nfc,nfc,Amiibo,UberGuidoZ_Amiibo_Tools,moved
sd_card_content/nfc/Amiibo/Amiibo_Files/Amiibo_NFC/Super_Smash_Bros_Amiibo/Cloud.nfc,nfc,Amiibo,UberGuidoZ_Amiibo_Tools,moved
sd_card_content/nfc/Amiibo/Amiibo_Files/Amiibo_NFC/Super_Smash_Bros_Amiibo/Ness.nfc,nfc,Amiibo,UberGuidoZ_Amiibo_Tools,moved
sd_card_content/nfc/Amiibo/Amiibo_Files/Amiibo_NFC/Super_Smash_Bros_Amiibo/Donkey_Kong.nfc,nfc,Amiibo,UberGuidoZ_Amiibo_Tools,moved
sd_card_content/nfc/Amiibo/Amiibo_Files/Amiibo_NFC/Super_Smash_Bros_Amiibo/Mario.nfc,nfc,Amiibo,UberGuidoZ_Amiibo_Tools,moved
sd_card_content/nfc/Amiibo/Amiibo_Files/Amiibo_NFC/Super_Smash_Bros_Amiibo/ROB_NES.nfc,nfc,Amiibo,UberGuidoZ_Amiibo_Tools,moved
sd_card_content/nfc/Amiibo/Amiibo_Files/Amiibo_NFC/Super_Smash_Bros_Amiibo/Toon_Link.nfc,nfc,Amiibo,UberGuidoZ_Amiibo_Tools,moved
sd_card_content/nfc/Amiibo/Amiibo_Files/Amiibo_NFC/Super_Smash_Bros_Amiibo/Ice_Climbers.nfc,nfc,Amiibo,UberGuidoZ_Amiibo_Tools,moved
sd_card_content/nfc/Amiibo/Amiibo_Files/Amiibo_NFC/Super_Smash_Bros_Amiibo/Dark_Samus.nfc,nfc,Amiibo,UberGuidoZ_Amiibo_Tools,moved
sd_card_content/nfc/Amiibo/Amiibo_Files/Amiibo_NFC/Super_Smash_Bros_Amiibo/Mii_Brawler.nfc,nfc,Amiibo,UberGuidoZ_Amiibo_Tools,moved
sd_card_content/nfc/Amiibo/Amiibo_Files/Amiibo_NFC/Super_Smash_Bros_Amiibo/Mr_Game_and_Watch.nfc,nfc,Amiibo,UberGuidoZ_Amiibo_Tools,moved
sd_card_content/nfc/Amiibo/Amiibo_Files/Amiibo_NFC/Super_Smash_Bros_Amiibo/Duck_Hunt.nfc,nfc,Amiibo,UberGuidoZ_Amiibo_Tools,moved
sd_card_content/nfc/Amiibo/Amiibo_Files/Amiibo_NFC/Super_Smash_Bros_Amiibo/Chrom.nfc,nfc,Amiibo,UberGuidoZ_Amiibo_Tools,moved
sd_card_content/nfc/Amiibo/Amiibo_Files/Amiibo_NFC/Super_Smash_Bros_Amiibo/Joker.nfc,nfc,Amiibo,UberGuidoZ_Amiibo_Tools,moved
sd_card_content/nfc/Amiibo/Amiibo_Files/Amiibo_NFC/Super_Smash_Bros_Amiibo/Fox.nfc,nfc,Amiibo,UberGuidoZ_Amiibo_Tools,moved
sd_card_content/nfc/Amiibo/Amiibo_Files/Amiibo_NFC/Super_Smash_Bros_Amiibo/Olimar.nfc,nfc,Amiibo,UberGuidoZ_Amiibo_Tools,moved
sd_card_content/nfc/Amiibo/Amiibo_Files/Amiibo_NFC/Super_Smash_Bros_Amiibo/King_Dedede.nfc,nfc,Amiibo,UberGuidoZ_Amiibo_Tools,moved
sd_card_content/nfc/Amiibo/Amiibo_Files/Amiibo_NFC/Super_Smash_Bros_Amiibo/Bowser.nfc,nfc,Amiibo,UberGuidoZ_Amiibo_Tools,moved
sd_card_content/nfc/Amiibo/Amiibo_Files/Amiibo_NFC/Super_Smash_Bros_Amiibo/Corrin.nfc,nfc,Amiibo,UberGuidoZ_Amiibo_Tools,moved
sd_card_content/nfc/Amiibo/Amiibo_Files/Amiibo_NFC/Super_Smash_Bros_Amiibo/Mega_Man.nfc,nfc,Amiibo,UberGuidoZ_Amiibo_Tools,moved
sd_card_content/nfc/Amiibo/Amiibo_Files/Amiibo_NFC/Super_Smash_Bros_Amiibo/Simon.nfc,nfc,Amiibo,UberGuidoZ_Amiibo_Tools,moved
sd_card_content/nfc/Amiibo/Amiibo_Files/Amiibo_NFC/Super_Smash_Bros_Amiibo/Wolf.nfc,nfc,Amiibo,UberGuidoZ_Amiibo_Tools,moved
sd_card_content/nfc/Amiibo/Amiibo_Files/Amiibo_NFC/Super_Smash_Bros_Amiibo/Kazuya.nfc,nfc,Amiibo,UberGuidoZ_Amiibo_Tools,moved
sd_card_content/nfc/Amiibo/Amiibo_Files/Amiibo_NFC/Super_Smash_Bros_Amiibo/Sephiroth.nfc,nfc,Amiibo,UberGuidoZ_Amiibo_Tools,moved
sd_card_content/nfc/Amiibo/Amiibo_Files/Amiibo_NFC/Super_Smash_Bros_Amiibo/Min_Min.nfc,nfc,Amiibo,UberGuidoZ_Amiibo_Tools,moved
sd_card_content/nfc/Amiibo/Amiibo_Files/Amiibo_NFC/Super_Smash_Bros_Amiibo/Ridley.nfc,nfc,Amiibo,UberGuidoZ_Amiibo_Tools,moved
sd_card_content/nfc/Amiibo/Amiibo_Files/Amiibo_NFC/Super_Smash_Bros_Amiibo/Bayonetta.nfc,nfc,Amiibo,UberGuidoZ_Amiibo_Tools,moved
sd_card_content/nfc/Amiibo/Amiibo_Files/Amiibo_NFC/Super_Smash_Bros_Amiibo/Bayonetta_Player_2.nfc,nfc,Amiibo,UberGuidoZ_Amiibo_Tools,moved
sd_card_content/nfc/Amiibo/Amiibo_Files/Amiibo_NFC/Super_Smash_Bros_Amiibo/Samus.nfc,nfc,Amiibo,UberGuidoZ_Amiibo_Tools,moved
sd_card_content/nfc/Amiibo/Amiibo_Files/Amiibo_NFC/Super_Smash_Bros_Amiibo/Lucario.nfc,nfc,Amiibo,UberGuidoZ_Amiibo_Tools,moved
sd_card_content/nfc/Amiibo/Amiibo_Files/Amiibo_NFC/Super_Smash_Bros_Amiibo/Pac-Man.nfc,nfc,Amiibo,UberGuidoZ_Amiibo_Tools,moved
sd_card_content/nfc/Amiibo/Amiibo_Files/Amiibo_NFC/Super_Smash_Bros_Amiibo/Bowser_Jr.nfc,nfc,Amiibo,UberGuidoZ_Amiibo_Tools,moved
sd_card_content/nfc/Amiibo/Amiibo_Files/Amiibo_NFC/Super_Smash_Bros_Amiibo/Young_Link.nfc,nfc,Amiibo,UberGuidoZ_Amiibo_Tools,moved
sd_card_content/nfc/Amiibo/Amiibo_Files/Amiibo_NFC/Super_Smash_Bros_Amiibo/Marth.nfc,nfc,Amiibo,UberGuidoZ_Amiibo_Tools,moved
sd_card_content/nfc/Amiibo/Amiibo_Files/Amiibo_NFC/Super_Smash_Bros_Amiibo/Incineroar.nfc,nfc,Amiibo,UberGuidoZ_Amiibo_Tools,moved
sd_card_content/nfc/Amiibo/Amiibo_Files/Amiibo_NFC/Super_Smash_Bros_Amiibo/Sheik.nfc,nfc,Amiibo,UberGuidoZ_Amiibo_Tools,moved
sd_card_content/nfc/Amiibo/Amiibo_Files/Amiibo_NFC/Super_Smash_Bros_Amiibo/Greninja.nfc,nfc,Amiibo,UberGuidoZ_Amiibo_Tools,moved
sd_card_content/nfc/Amiibo/Amiibo_Files/Amiibo_NFC/Super_Smash_Bros_Amiibo/Diddy_Kong.nfc,nfc,Amiibo,UberGuidoZ_Amiibo_Tools,moved
sd_card_content/nfc/Amiibo/Amiibo_Files/Amiibo_NFC/Super_Smash_Bros_Amiibo/Jigglypuff.nfc,nfc,Amiibo,UberGuidoZ_Amiibo_Tools,moved
sd_card_content/nfc/Amiibo/Amiibo_Files/Amiibo_NFC/Super_Smash_Bros_Amiibo/Wario.nfc,nfc,Amiibo,UberGuidoZ_Amiibo_Tools,moved
sd_card_content/nfc/Amiibo/Amiibo_Files/Amiibo_NFC/Super_Smash_Bros_Amiibo/Robin.nfc,nfc,Amiibo,UberGuidoZ_Amiibo_Tools,moved
sd_card_content/nfc/Amiibo/Amiibo_Files/Amiibo_NFC/Super_Smash_Bros_Amiibo/Peach.nfc,nfc,Amiibo,UberGuidoZ_Amiibo_Tools,moved
sd_card_content/nfc/Amiibo/Amiibo_Files/Amiibo_NFC/Super_Smash_Bros_Amiibo/Hero.nfc,nfc,Amiibo,UberGuidoZ_Amiibo_Tools,moved
sd_card_content/nfc/Amiibo/Amiibo_Files/Amiibo_NFC/Super_Smash_Bros_Amiibo/Yoshi.nfc,nfc,Amiibo,UberGuidoZ_Amiibo_Tools,moved
sd_card_content/nfc/Amiibo/Amiibo_Files/Amiibo_NFC/Super_Smash_Bros_Amiibo/Pichu.nfc,nfc,Amiibo,UberGuidoZ_Amiibo_Tools,moved
sd_card_content/nfc/Amiibo/Amiibo_Files/Amiibo_NFC/Super_Smash_Bros_Amiibo/Link.nfc,nfc,Amiibo,UberGuidoZ_Amiibo_Tools,moved
sd_card_content/nfc/Amiibo/Amiibo_Files/Amiibo_NFC/Super_Smash_Bros_Amiibo/Cloud_Player_2.nfc,nfc,Amiibo,UberGuidoZ_Amiibo_Tools,moved
sd_card_content/nfc/Amiibo/Amiibo_Files/Amiibo_NFC/Super_Smash_Bros_Amiibo/Terry.nfc,nfc,Amiibo,UberGuidoZ_Amiibo_Tools,moved
sd_card_content/nfc/Amiibo/Amiibo_Files/Amiibo_NFC/Super_Smash_Bros_Amiibo/Meta_Knight.nfc,nfc,Amiibo,UberGuidoZ_Amiibo_Tools,moved
sd_card_content/nfc/Amiibo/Amiibo_Files/Amiibo_NFC/Super_Smash_Bros_Amiibo/Shulk.nfc,nfc,Amiibo,UberGuidoZ_Amiibo_Tools,moved
sd_card_content/nfc/Amiibo/Amiibo_Files/Amiibo_NFC/Super_Smash_Bros_Amiibo/Pikachu.nfc,nfc,Amiibo,UberGuidoZ_Amiibo_Tools,moved
sd_card_content/nfc/Amiibo/Amiibo_Files/Amiibo_NFC/Super_Smash_Bros_Amiibo/Mii_Gunner.nfc,nfc,Amiibo,UberGuidoZ_Amiibo_Tools,moved
sd_card_content/nfc/Amiibo/Amiibo_Files/Amiibo_NFC/Super_Smash_Bros_Amiibo/Snake.nfc,nfc,Amiibo,UberGuidoZ_Amiibo_Tools,moved
sd_card_content/nfc/Amiibo/Amiibo_Files/Amiibo_NFC/Super_Smash_Bros_Amiibo/Corrin_Player_2.nfc,nfc,Amiibo,UberGuidoZ_Amiibo_Tools,moved
sd_card_content/nfc/Amiibo/Amiibo_Files/Amiibo_NFC/Super_Smash_Bros_Amiibo/Piranha_Plant.nfc,nfc,Amiibo,UberGuidoZ_Amiibo_Tools,moved
sd_card_content/nfc/Amiibo/Amiibo_Files/Amiibo_NFC/Super_Smash_Bros_Amiibo/Charizard.nfc,nfc,Amiibo,UberGuidoZ_Amiibo_Tools,moved
sd_card_content/nfc/Amiibo/Amiibo_Files/Amiibo_NFC/Super_Smash_Bros_Amiibo/Little_Mac.nfc,nfc,Amiibo,UberGuidoZ_Amiibo_Tools,moved
sd_card_content/nfc/Amiibo/Amiibo_Files/Amiibo_NFC/Super_Smash_Bros_Amiibo/Ken.nfc,nfc,Amiibo,UberGuidoZ_Amiibo_Tools,moved
sd_card_content/nfc/Amiibo/Amiibo_Files/Amiibo_NFC/Super_Smash_Bros_Amiibo/Pokemon_Trainer.nfc,nfc,Amiibo,UberGuidoZ_Amiibo_Tools,moved
sd_card_content/nfc/Amiibo/Amiibo_Files/Amiibo_NFC/Super_Smash_Bros_Amiibo/Inkling.nfc,nfc,Amiibo,UberGuidoZ_Amiibo_Tools,moved
sd_card_content/nfc/Amiibo/Amiibo_Files/Amiibo_NFC/Super_Smash_Bros_Amiibo/Steve.nfc,nfc,Amiibo,UberGuidoZ_Amiibo_Tools,moved
sd_card_content/nfc/Amiibo/Amiibo_Files/Amiibo_NFC/Super_Smash_Bros_Amiibo/Zero_Suit_Samus.nfc,nfc,Amiibo,UberGuidoZ_Amiibo_Tools,moved
sd_card_content/nfc/Amiibo/Amiibo_Files/Amiibo_NFC/Super_Smash_Bros_Amiibo/Daisy.nfc,nfc,Amiibo,UberGuidoZ_Amiibo_Tools,moved
sd_card_content/nfc/Amiibo/Amiibo_Files/Amiibo_NFC/Super_Smash_Bros_Amiibo/Pit.nfc,nfc,Amiibo,UberGuidoZ_Amiibo_Tools,moved
sd_card_content/nfc/Amiibo/Amiibo_Files/Amiibo_NFC/Super_Smash_Bros_Amiibo/King_K_Rool.nfc,nfc,Amiibo,UberGuidoZ_Amiibo_Tools,moved
sd_card_content/nfc/Amiibo/Amiibo_Files/Amiibo_NFC/Super_Smash_Bros_Amiibo/Alex.nfc,nfc,Amiibo,UberGuidoZ_Amiibo_Tools,moved
sd_card_content/nfc/Amiibo/Amiibo_Files/Amiibo_NFC/Super_Smash_Bros_Amiibo/Captain_Falcon.nfc,nfc,Amiibo,UberGuidoZ_Amiibo_Tools,moved
sd_card_content/nfc/Amiibo/Amiibo_Files/Amiibo_NFC/Super_Smash_Bros_Amiibo/Rosalina_and_Luma.nfc,nfc,Amiibo,UberGuidoZ_Amiibo_Tools,moved
sd_card_content/nfc/Amiibo/Amiibo_Files/Amiibo_NFC/Super_Smash_Bros_Amiibo/Roy.nfc,nfc,Amiibo,UberGuidoZ_Amiibo_Tools,moved
sd_card_content/nfc/Amiibo/Amiibo_Files/Amiibo_NFC/Super_Smash_Bros_Amiibo/Ivysaur.nfc,nfc,Amiibo,UberGuidoZ_Amiibo_Tools,moved
sd_card_content/nfc/Amiibo/Amiibo_Files/Amiibo_NFC/Super_Smash_Bros_Amiibo/Sonic.nfc,nfc,Amiibo,UberGuidoZ_Amiibo_Tools,moved
sd_card_content/nfc/Amiibo/Amiibo_Files/Amiibo_NFC/Super_Smash_Bros_Amiibo/Palutena.nfc,nfc,Amiibo,UberGuidoZ_Amiibo_Tools,moved
sd_card_content/nfc/Amiibo/Amiibo_Files/Amiibo_NFC/Super_Smash_Bros_Amiibo/Dark_Pit.nfc,nfc,Amiibo,UberGuidoZ_Amiibo_Tools,moved
sd_card_content/nfc/Amiibo/Amiibo_Files/Amiibo_NFC/Super_Smash_Bros_Amiibo/Mega_Man_Gold_Edition.nfc,nfc,Amiibo,UberGuidoZ_Amiibo_Tools,moved
sd_card_content/nfc/Amiibo/Amiibo_Files/Amiibo_NFC/Super_Smash_Bros_Amiibo/Ryu.nfc,nfc,Amiibo,UberGuidoZ_Amiibo_Tools,moved
sd_card_content/nfc/Amiibo/Amiibo_Files/Amiibo_NFC/Super_Smash_Bros_Amiibo/Ike.nfc,nfc,Amiibo,UberGuidoZ_Amiibo_Tools,moved
sd_card_content/nfc/Amiibo/Amiibo_Files/Amiibo_NFC/Super_Smash_Bros_Amiibo/Ganondorf.nfc,nfc,Amiibo,UberGuidoZ_Amiibo_Tools,moved
sd_card_content/nfc/Amiibo/Amiibo_Files/Amiibo_NFC/Super_Smash_Bros_Amiibo/ROB_Famicom.nfc,nfc,Amiibo,UberGuidoZ_Amiibo_Tools,moved
sd_card_content/nfc/Amiibo/Amiibo_Files/Amiibo_NFC/Super_Smash_Bros_Amiibo/Squirtle.nfc,nfc,Amiibo,UberGuidoZ_Amiibo_Tools,moved
sd_card_content/nfc/Amiibo/Amiibo_Files/Amiibo_NFC/Super_Smash_Bros_Amiibo/Banjo_and_Kazooie.nfc,nfc,Amiibo,UberGuidoZ_Amiibo_Tools,moved
sd_card_content/nfc/Amiibo/Amiibo_Files/Amiibo_NFC/Super_Smash_Bros_Amiibo/Falco.nfc,nfc,Amiibo,UberGuidoZ_Amiibo_Tools,moved
sd_card_content/nfc/Amiibo/Amiibo_Files/Amiibo_NFC/Super_Smash_Bros_Amiibo/Lucas.nfc,nfc,Amiibo,UberGuidoZ_Amiibo_Tools,moved
sd_card_content/nfc/Amiibo/Amiibo_Files/Amiibo_NFC/Super_Smash_Bros_Amiibo/Richter.nfc,nfc,Amiibo,UberGuidoZ_Amiibo_Tools,moved
sd_card_content/nfc/Amiibo/Amiibo_Files/Amiibo_NFC/Super_Smash_Bros_Amiibo/Wii_Fit_Trainer.nfc,nfc,Amiibo,UberGuidoZ_Amiibo_Tools,moved
sd_card_content/nfc/Amiibo/Amiibo_Files/Amiibo_NFC/Super_Smash_Bros_Amiibo/Luigi.nfc,nfc,Amiibo,UberGuidoZ_Amiibo_Tools,moved
sd_card_content/nfc/Amiibo/Amiibo_Files/Amiibo_NFC/Super_Smash_Bros_Amiibo/Kirby.nfc,nfc,Amiibo,UberGuidoZ_Amiibo_Tools,moved
sd_card_content/nfc/Amiibo/Amiibo_Files/Amiibo_NFC/Super_Smash_Bros_Amiibo/Unofficial/Mythra.nfc,nfc,Amiibo,UberGuidoZ_Amiibo_Tools,moved
sd_card_content/nfc/Amiibo/Amiibo_Files/Amiibo_NFC/Super_Smash_Bros_Amiibo/Unofficial/Pyra.nfc,nfc,Amiibo,UberGuidoZ_Amiibo_Tools,moved
sd_card_content/nfc/Amiibo/Amiibo_Files/Amiibo_NFC/Pokken_Tournament_Amiibo/Shadow_Mewtwo.nfc,nfc,Amiibo,UberGuidoZ_Amiibo_Tools,moved
sd_card_content/nfc/Amiibo/Amiibo_Files/Amiibo_NFC/Chibi-Robo_Amiibo/Chibi_Robo.nfc,nfc,Amiibo,UberGuidoZ_Amiibo_Tools,moved
sd_card_content/nfc/Amiibo/Amiibo_Files/Amiibo_NFC/Diablo_Amiibo/Loot_Goblin.nfc,nfc,Amiibo,UberGuidoZ_Amiibo_Tools,moved
sd_card_content/nfc/Amiibo/Amiibo_Files/Amiibo_NFC/Monster_Hunter_Amiibo/MH_Stories/Qurupeco_and_Dan.nfc,nfc,Amiibo,UberGuidoZ_Amiibo_Tools,moved
sd_card_content/nfc/Amiibo/Amiibo_Files/Amiibo_NFC/Monster_Hunter_Amiibo/MH_Stories/Rathian_and_Cheval.nfc,nfc,Amiibo,UberGuidoZ_Amiibo_Tools,moved
sd_card_content/nfc/Amiibo/Amiibo_Files/Amiibo_NFC/Monster_Hunter_Amiibo/MH_Stories/One-Eyed_Rathalos_and_Rider_Female.nfc,nfc,Amiibo,UberGuidoZ_Amiibo_Tools,moved
sd_card_content/nfc/Amiibo/Amiibo_Files/Amiibo_NFC/Monster_Hunter_Amiibo/MH_Stories/Barioth_and_Ayuria.nfc,nfc,Amiibo,UberGuidoZ_Amiibo_Tools,moved
sd_card_content/nfc/Amiibo/Amiibo_Files/Amiibo_NFC/Monster_Hunter_Amiibo/MH_Stories/One-Eyed_Rathalos_and_Rider_Male.nfc,nfc,Amiibo,UberGuidoZ_Amiibo_Tools,moved
sd_card_content/nfc/Amiibo/Amiibo_Files/Amiibo_NFC/Monster_Hunter_Amiibo/MH_Stories/Nabiru.nfc,nfc,Amiibo,UberGuidoZ_Amiibo_Tools,moved
sd_card_content/nfc/Amiibo/Amiibo_Files/Amiibo_NFC/Monster_Hunter_Amiibo/MH_Stories_2/Tsukino.nfc,nfc,Amiibo,UberGuidoZ_Amiibo_Tools,moved
sd_card_content/nfc/Amiibo/Amiibo_Files/Amiibo_NFC/Monster_Hunter_Amiibo/MH_Stories_2/Razewing_Ratha.nfc,nfc,Amiibo,UberGuidoZ_Amiibo_Tools,moved
sd_card_content/nfc/Amiibo/Amiibo_Files/Amiibo_NFC/Monster_Hunter_Amiibo/MH_Stories_2/Ena.nfc,nfc,Amiibo,UberGuidoZ_Amiibo_Tools,moved
sd_card_content/nfc/Amiibo/Amiibo_Files/Amiibo_NFC/Monster_Hunter_Amiibo/MHR_Sunbreak/Malzeno.nfc,nfc,Amiibo,UberGuidoZ_Amiibo_Tools,moved
sd_card_content/nfc/Amiibo/Amiibo_Files/Amiibo_NFC/Monster_Hunter_Amiibo/MHR_Sunbreak/Palamute_Canyne_Malzeno_X.nfc,nfc,Amiibo,UberGuidoZ_Amiibo_Tools,moved
sd_card_content/nfc/Amiibo/Amiibo_Files/Amiibo_NFC/Monster_Hunter_Amiibo/MHR_Sunbreak/Palico_Felyne_Malzeno_X.nfc,nfc,Amiibo,UberGuidoZ_Amiibo_Tools,moved
sd_card_content/nfc/Amiibo/Amiibo_Files/Amiibo_NFC/Monster_Hunter_Amiibo/MH_Rise/Magnamalo.nfc,nfc,Amiibo,UberGuidoZ_Amiibo_Tools,moved
sd_card_content/nfc/Amiibo/Amiibo_Files/Amiibo_NFC/Monster_Hunter_Amiibo/MH_Rise/Palico.nfc,nfc,Amiibo,UberGuidoZ_Amiibo_Tools,moved
sd_card_content/nfc/Amiibo/Amiibo_Files/Amiibo_NFC/Monster_Hunter_Amiibo/MH_Rise/Palamute.nfc,nfc,Amiibo,UberGuidoZ_Amiibo_Tools,moved
sd_card_content/nfc/Amiibo/Amiibo_Files/Amiibo_NFC/Splatoon_Amiibo/Inkling_Squid.nfc,nfc,Amiibo,UberGuidoZ_Amiibo_Tools,moved
sd_card_content/nfc/Amiibo/Amiibo_Files/Amiibo_NFC/Splatoon_Amiibo/Inkling_Girl_Neon_Pink.nfc,nfc,Amiibo,UberGuidoZ_Amiibo_Tools,moved
sd_card_content/nfc/Amiibo/Amiibo_Files/Amiibo_NFC/Splatoon_Amiibo/Octoling_Boy.nfc,nfc,Amiibo,UberGuidoZ_Amiibo_Tools,moved
sd_card_content/nfc/Amiibo/Amiibo_Files/Amiibo_NFC/Splatoon_Amiibo/Smallfry.nfc,nfc,Amiibo,UberGuidoZ_Amiibo_Tools,moved
sd_card_content/nfc/Amiibo/Amiibo_Files/Amiibo_NFC/Splatoon_Amiibo/Inkling_Boy_Neon_Green.nfc,nfc,Amiibo,UberGuidoZ_Amiibo_Tools,moved
sd_card_content/nfc/Amiibo/Amiibo_Files/Amiibo_NFC/Splatoon_Amiibo/Inkling_Girl.nfc,nfc,Amiibo,UberGuidoZ_Amiibo_Tools,moved
sd_card_content/nfc/Amiibo/Amiibo_Files/Amiibo_NFC/Splatoon_Amiibo/Octoling_Girl.nfc,nfc,Amiibo,UberGuidoZ_Amiibo_Tools,moved
sd_card_content/nfc/Amiibo/Amiibo_Files/Amiibo_NFC/Splatoon_Amiibo/Octoling_Blue.nfc,nfc,Amiibo,UberGuidoZ_Amiibo_Tools,moved
sd_card_content/nfc/Amiibo/Amiibo_Files/Amiibo_NFC/Splatoon_Amiibo/Inkling_Squid_Neon_Purple.nfc,nfc,Amiibo,UberGuidoZ_Amiibo_Tools,moved
sd_card_content/nfc/Amiibo/Amiibo_Files/Amiibo_NFC/Splatoon_Amiibo/Callie.nfc,nfc,Amiibo,UberGuidoZ_Amiibo_Tools,moved
sd_card_content/nfc/Amiibo/Amiibo_Files/Amiibo_NFC/Splatoon_Amiibo/Marie.nfc,nfc,Amiibo,UberGuidoZ_Amiibo_Tools,moved
sd_card_content/nfc/Amiibo/Amiibo_Files/Amiibo_NFC/Splatoon_Amiibo/Inkling_Boy.nfc,nfc,Amiibo,UberGuidoZ_Amiibo_Tools,moved
sd_card_content/nfc/Amiibo/Amiibo_Files/Amiibo_NFC/Splatoon_Amiibo/Octoling_Octopus.nfc,nfc,Amiibo,UberGuidoZ_Amiibo_Tools,moved
sd_card_content/nfc/Amiibo/Amiibo_Files/Amiibo_NFC/Splatoon_Amiibo/Inkling_Yellow.nfc,nfc,Amiibo,UberGuidoZ_Amiibo_Tools,moved
sd_card_content/nfc/Amiibo/Amiibo_Files/Amiibo_NFC/Splatoon_Amiibo/Pearl.nfc,nfc,Amiibo,UberGuidoZ_Amiibo_Tools,moved
sd_card_content/nfc/Amiibo/Amiibo_Files/Amiibo_NFC/Splatoon_Amiibo/Inkling_Squid_Orange.nfc,nfc,Amiibo,UberGuidoZ_Amiibo_Tools,moved
sd_card_content/nfc/Amiibo/Amiibo_Files/Amiibo_NFC/Splatoon_Amiibo/Marina.nfc,nfc,Amiibo,UberGuidoZ_Amiibo_Tools,moved
sd_card_content/nfc/Amiibo/Amiibo_Files/Amiibo_NFC/Splatoon_Amiibo/Inkling_Boy_Purple.nfc,nfc,Amiibo,UberGuidoZ_Amiibo_Tools,moved
sd_card_content/nfc/Amiibo/Amiibo_Files/Amiibo_NFC/Splatoon_Amiibo/Inkling_Girl_Lime_Green.nfc,nfc,Amiibo,UberGuidoZ_Amiibo_Tools,moved
sd_card_content/nfc/Amiibo/Amiibo_Files/Amiibo_NFC/Dark_Souls_Amiibo/Solaire_of_Astora.nfc,nfc,Amiibo,UberGuidoZ_Amiibo_Tools,moved
sd_card_content/nfc/Amiibo/Amiibo_Files/Amiibo_NFC/Power_Pros_Amiibo/Ganda.nfc,nfc,Amiibo,UberGuidoZ_Amiibo_Tools,moved
sd_card_content/nfc/Amiibo/Amiibo_Files/Amiibo_NFC/Power_Pros_Amiibo/Hayakawa.nfc,nfc,Amiibo,UberGuidoZ_Amiibo_Tools,moved
sd_card_content/nfc/Amiibo/Amiibo_Files/Amiibo_NFC/Power_Pros_Amiibo/Daijobu.nfc,nfc,Amiibo,UberGuidoZ_Amiibo_Tools,moved
sd_card_content/nfc/Amiibo/Amiibo_Files/Amiibo_NFC/Power_Pros_Amiibo/Ikari.nfc,nfc,Amiibo,UberGuidoZ_Amiibo_Tools,moved
sd_card_content/nfc/Amiibo/Amiibo_Files/Amiibo_NFC/Power_Pros_Amiibo/Yabe.nfc,nfc,Amiibo,UberGuidoZ_Amiibo_Tools,moved
sd_card_content/nfc/Amiibo/Amiibo_Files/Amiibo_NFC/Power_Pros_Amiibo/Pawapuro.nfc,nfc,Amiibo,UberGuidoZ_Amiibo_Tools,moved
sd_card_content/nfc/Amiibo/Amiibo_Files/Amiibo_NFC/Kirby_Amiibo/King_Dedede.nfc,nfc,Amiibo,UberGuidoZ_Amiibo_Tools,moved
sd_card_content/nfc/Amiibo/Amiibo_Files/Amiibo_NFC/Kirby_Amiibo/Waddle_Dee.nfc,nfc,Amiibo,UberGuidoZ_Amiibo_Tools,moved
sd_card_content/nfc/Amiibo/Amiibo_Files/Amiibo_NFC/Kirby_Amiibo/Meta_Knight.nfc,nfc,Amiibo,UberGuidoZ_Amiibo_Tools,moved
sd_card_content/nfc/Amiibo/Amiibo_Files/Amiibo_NFC/Kirby_Amiibo/Kirby.nfc,nfc,Amiibo,UberGuidoZ_Amiibo_Tools,moved
sd_card_content/nfc/Amiibo/Amiibo_Files/Amiibo_NFC/Shovel_Knight_Amiibo/Shovel_Knight_Gold_Edition.nfc,nfc,Amiibo,UberGuidoZ_Amiibo_Tools,moved
sd_card_content/nfc/Amiibo/Amiibo_Files/Amiibo_NFC/Shovel_Knight_Amiibo/Plague_Knight.nfc,nfc,Amiibo,UberGuidoZ_Amiibo_Tools,moved
sd_card_content/nfc/Amiibo/Amiibo_Files/Amiibo_NFC/Shovel_Knight_Amiibo/Specter_Knight.nfc,nfc,Amiibo,UberGuidoZ_Amiibo_Tools,moved
sd_card_content/nfc/Amiibo/Amiibo_Files/Amiibo_NFC/Shovel_Knight_Amiibo/King_Knight.nfc,nfc,Amiibo,UberGuidoZ_Amiibo_Tools,moved
sd_card_content/nfc/Amiibo/Amiibo_Files/Amiibo_NFC/Shovel_Knight_Amiibo/Shovel_Knight.nfc,nfc,Amiibo,UberGuidoZ_Amiibo_Tools,moved
sd_card_content/nfc/Amiibo/Amiibo_Files/Amiibo_NFC/Animal_Crossing_Amiibo/Happy_Home_Designer_Items/HHD_Items-70.nfc,nfc,Amiibo,UberGuidoZ_Amiibo_Tools,moved
sd_card_content/nfc/Amiibo/Amiibo_Files/Amiibo_NFC/Animal_Crossing_Amiibo/Happy_Home_Designer_Items/HHD_Items-43.nfc,nfc,Amiibo,UberGuidoZ_Amiibo_Tools,moved
sd_card_content/nfc/Amiibo/Amiibo_Files/Amiibo_NFC/Animal_Crossing_Amiibo/Happy_Home_Designer_Items/HHD_Items-20.nfc,nfc,Amiibo,UberGuidoZ_Amiibo_Tools,moved
sd_card_content/nfc/Amiibo/Amiibo_Files/Amiibo_NFC/Animal_Crossing_Amiibo/Happy_Home_Designer_Items/HHD_Items-05.nfc,nfc,Amiibo,UberGuidoZ_Amiibo_Tools,moved
sd_card_content/nfc/Amiibo/Amiibo_Files/Amiibo_NFC/Animal_Crossing_Amiibo/Happy_Home_Designer_Items/HHD_Items-07.nfc,nfc,Amiibo,UberGuidoZ_Amiibo_Tools,moved
sd_card_content/nfc/Amiibo/Amiibo_Files/Amiibo_NFC/Animal_Crossing_Amiibo/Happy_Home_Designer_Items/HHD_Items-44.nfc,nfc,Amiibo,UberGuidoZ_Amiibo_Tools,moved
sd_card_content/nfc/Amiibo/Amiibo_Files/Amiibo_NFC/Animal_Crossing_Amiibo/Happy_Home_Designer_Items/HHD_Items-22.nfc,nfc,Amiibo,UberGuidoZ_Amiibo_Tools,moved
sd_card_content/nfc/Amiibo/Amiibo_Files/Amiibo_NFC/Animal_Crossing_Amiibo/Happy_Home_Designer_Items/HHD_Items-74.nfc,nfc,Amiibo,UberGuidoZ_Amiibo_Tools,moved
sd_card_content/nfc/Amiibo/Amiibo_Files/Amiibo_NFC/Animal_Crossing_Amiibo/Happy_Home_Designer_Items/HHD_Items-83.nfc,nfc,Amiibo,UberGuidoZ_Amiibo_Tools,moved
sd_card_content/nfc/Amiibo/Amiibo_Files/Amiibo_NFC/Animal_Crossing_Amiibo/Happy_Home_Designer_Items/HHD_Items-03.nfc,nfc,Amiibo,UberGuidoZ_Amiibo_Tools,moved
sd_card_content/nfc/Amiibo/Amiibo_Files/Amiibo_NFC/Animal_Crossing_Amiibo/Happy_Home_Designer_Items/HHD_Items-75.nfc,nfc,Amiibo,UberGuidoZ_Amiibo_Tools,moved
sd_card_content/nfc/Amiibo/Amiibo_Files/Amiibo_NFC/Animal_Crossing_Amiibo/Happy_Home_Designer_Items/HHD_Items-81.nfc,nfc,Amiibo,UberGuidoZ_Amiibo_Tools,moved
sd_card_content/nfc/Amiibo/Amiibo_Files/Amiibo_NFC/Animal_Crossing_Amiibo/Happy_Home_Designer_Items/HHD_Items-28.nfc,nfc,Amiibo,UberGuidoZ_Amiibo_Tools,moved
sd_card_content/nfc/Amiibo/Amiibo_Files/Amiibo_NFC/Animal_Crossing_Amiibo/Happy_Home_Designer_Items/HHD_Items-50.nfc,nfc,Amiibo,UberGuidoZ_Amiibo_Tools,moved
sd_card_content/nfc/Amiibo/Amiibo_Files/Amiibo_NFC/Animal_Crossing_Amiibo/Happy_Home_Designer_Items/HHD_Items-41.nfc,nfc,Amiibo,UberGuidoZ_Amiibo_Tools,moved
sd_card_content/nfc/Amiibo/Amiibo_Files/Amiibo_NFC/Animal_Crossing_Amiibo/Happy_Home_Designer_Items/HHD_Items-90.nfc,nfc,Amiibo,UberGuidoZ_Amiibo_Tools,moved
sd_card_content/nfc/Amiibo/Amiibo_Files/Amiibo_NFC/Animal_Crossing_Amiibo/Happy_Home_Designer_Items/HHD_Items-24.nfc,nfc,Amiibo,UberGuidoZ_Amiibo_Tools,moved
sd_card_content/nfc/Amiibo/Amiibo_Files/Amiibo_NFC/Animal_Crossing_Amiibo/Happy_Home_Designer_Items/HHD_Items-88.nfc,nfc,Amiibo,UberGuidoZ_Amiibo_Tools,moved
sd_card_content/nfc/Amiibo/Amiibo_Files/Amiibo_NFC/Animal_Crossing_Amiibo/Happy_Home_Designer_Items/HHD_Items-46.nfc,nfc,Amiibo,UberGuidoZ_Amiibo_Tools,moved
sd_card_content/nfc/Amiibo/Amiibo_Files/Amiibo_NFC/Animal_Crossing_Amiibo/Happy_Home_Designer_Items/HHD_Items-31.nfc,nfc,Amiibo,UberGuidoZ_Amiibo_Tools,moved
sd_card_content/nfc/Amiibo/Amiibo_Files/Amiibo_NFC/Animal_Crossing_Amiibo/Happy_Home_Designer_Items/HHD_Items-40.nfc,nfc,Amiibo,UberGuidoZ_Amiibo_Tools,moved
sd_card_content/nfc/Amiibo/Amiibo_Files/Amiibo_NFC/Animal_Crossing_Amiibo/Happy_Home_Designer_Items/HHD_Items-78.nfc,nfc,Amiibo,UberGuidoZ_Amiibo_Tools,moved
sd_card_content/nfc/Amiibo/Amiibo_Files/Amiibo_NFC/Animal_Crossing_Amiibo/Happy_Home_Designer_Items/HHD_Items-25.nfc,nfc,Amiibo,UberGuidoZ_Amiibo_Tools,moved
sd_card_content/nfc/Amiibo/Amiibo_Files/Amiibo_NFC/Animal_Crossing_Amiibo/Happy_Home_Designer_Items/HHD_Items-55.nfc,nfc,Amiibo,UberGuidoZ_Amiibo_Tools,moved
sd_card_content/nfc/Amiibo/Amiibo_Files/Amiibo_NFC/Animal_Crossing_Amiibo/Happy_Home_Designer_Items/HHD_Items-32.nfc,nfc,Amiibo,UberGuidoZ_Amiibo_Tools,moved
sd_card_content/nfc/Amiibo/Amiibo_Files/Amiibo_NFC/Animal_Crossing_Amiibo/Happy_Home_Designer_Items/HHD_Items-45.nfc,nfc,Amiibo,UberGuidoZ_Amiibo_Tools,moved
sd_card_content/nfc/Amiibo/Amiibo_Files/Amiibo_NFC/Animal_Crossing_Amiibo/Happy_Home_Designer_Items/HHD_Items-52.nfc,nfc,Amiibo,UberGuidoZ_Amiibo_Tools,moved
sd_card_content/nfc/Amiibo/Amiibo_Files/Amiibo_NFC/Animal_Crossing_Amiibo/Happy_Home_Designer_Items/HHD_Items-57.nfc,nfc,Amiibo,UberGuidoZ_Amiibo_Tools,moved
sd_card_content/nfc/Amiibo/Amiibo_Files/Amiibo_NFC/Animal_Crossing_Amiibo/Happy_Home_Designer_Items/HHD_Items-27.nfc,nfc,Amiibo,UberGuidoZ_Amiibo_Tools,moved
sd_card_content/nfc/Amiibo/Amiibo_Files/Amiibo_NFC/Animal_Crossing_Amiibo/Happy_Home_Designer_Items/HHD_Items-04.nfc,nfc,Amiibo,UberGuidoZ_Amiibo_Tools,moved
sd_card_content/nfc/Amiibo/Amiibo_Files/Amiibo_NFC/Animal_Crossing_Amiibo/Happy_Home_Designer_Items/HHD_Items-06.nfc,nfc,Amiibo,UberGuidoZ_Amiibo_Tools,moved
sd_card_content/nfc/Amiibo/Amiibo_Files/Amiibo_NFC/Animal_Crossing_Amiibo/Happy_Home_Designer_Items/HHD_Items-17.nfc,nfc,Amiibo,UberGuidoZ_Amiibo_Tools,moved
sd_card_content/nfc/Amiibo/Amiibo_Files/Amiibo_NFC/Animal_Crossing_Amiibo/Happy_Home_Designer_Items/HHD_Items-21.nfc,nfc,Amiibo,UberGuidoZ_Amiibo_Tools,moved
sd_card_content/nfc/Amiibo/Amiibo_Files/Amiibo_NFC/Animal_Crossing_Amiibo/Happy_Home_Designer_Items/HHD_Items-63.nfc,nfc,Amiibo,UberGuidoZ_Amiibo_Tools,moved
sd_card_content/nfc/Amiibo/Amiibo_Files/Amiibo_NFC/Animal_Crossing_Amiibo/Happy_Home_Designer_Items/HHD_Items-64.nfc,nfc,Amiibo,UberGuidoZ_Amiibo_Tools,moved
sd_card_content/nfc/Amiibo/Amiibo_Files/Amiibo_NFC/Animal_Crossing_Amiibo/Happy_Home_Designer_Items/HHD_Items-48.nfc,nfc,Amiibo,UberGuidoZ_Amiibo_Tools,moved
sd_card_content/nfc/Amiibo/Amiibo_Files/Amiibo_NFC/Animal_Crossing_Amiibo/Happy_Home_Designer_Items/HHD_Items-71.nfc,nfc,Amiibo,UberGuidoZ_Amiibo_Tools,moved
sd_card_content/nfc/Amiibo/Amiibo_Files/Amiibo_NFC/Animal_Crossing_Amiibo/Happy_Home_Designer_Items/HHD_Items-47.nfc,nfc,Amiibo,UberGuidoZ_Amiibo_Tools,moved
sd_card_content/nfc/Amiibo/Amiibo_Files/Amiibo_NFC/Animal_Crossing_Amiibo/Happy_Home_Designer_Items/HHD_Items-42.nfc,nfc,Amiibo,UberGuidoZ_Amiibo_Tools,moved
sd_card_content/nfc/Amiibo/Amiibo_Files/Amiibo_NFC/Animal_Crossing_Amiibo/Happy_Home_Designer_Items/HHD_Items-38.nfc,nfc,Amiibo,UberGuidoZ_Amiibo_Tools,moved
sd_card_content/nfc/Amiibo/Amiibo_Files/Amiibo_NFC/Animal_Crossing_Amiibo/Happy_Home_Designer_Items/HHD_Items-72.nfc,nfc,Amiibo,UberGuidoZ_Amiibo_Tools,moved
sd_card_content/nfc/Amiibo/Amiibo_Files/Amiibo_NFC/Animal_Crossing_Amiibo/Happy_Home_Designer_Items/HHD_Items-84.nfc,nfc,Amiibo,UberGuidoZ_Amiibo_Tools,moved
sd_card_content/nfc/Amiibo/Amiibo_Files/Amiibo_NFC/Animal_Crossing_Amiibo/Happy_Home_Designer_Items/HHD_Items-15.nfc,nfc,Amiibo,UberGuidoZ_Amiibo_Tools,moved
sd_card_content/nfc/Amiibo/Amiibo_Files/Amiibo_NFC/Animal_Crossing_Amiibo/Happy_Home_Designer_Items/HHD_Items-66.nfc,nfc,Amiibo,UberGuidoZ_Amiibo_Tools,moved
sd_card_content/nfc/Amiibo/Amiibo_Files/Amiibo_NFC/Animal_Crossing_Amiibo/Happy_Home_Designer_Items/HHD_Items-60.nfc,nfc,Amiibo,UberGuidoZ_Amiibo_Tools,moved
sd_card_content/nfc/Amiibo/Amiibo_Files/Amiibo_NFC/Animal_Crossing_Amiibo/Happy_Home_Designer_Items/HHD_Items-62.nfc,nfc,Amiibo,UberGuidoZ_Amiibo_Tools,moved
sd_card_content/nfc/Amiibo/Amiibo_Files/Amiibo_NFC/Animal_Crossing_Amiibo/Happy_Home_Designer_Items/HHD_Items-33.nfc,nfc,Amiibo,UberGuidoZ_Amiibo_Tools,moved
sd_card_content/nfc/Amiibo/Amiibo_Files/Amiibo_NFC/Animal_Crossing_Amiibo/Happy_Home_Designer_Items/HHD_Items-35.nfc,nfc,Amiibo,UberGuidoZ_Amiibo_Tools,moved
sd_card_content/nfc/Amiibo/Amiibo_Files/Amiibo_NFC/Animal_Crossing_Amiibo/Happy_Home_Designer_Items/HHD_Items-37.nfc,nfc,Amiibo,UberGuidoZ_Amiibo_Tools,moved
sd_card_content/nfc/Amiibo/Amiibo_Files/Amiibo_NFC/Animal_Crossing_Amiibo/Happy_Home_Designer_Items/HHD_Items-76.nfc,nfc,Amiibo,UberGuidoZ_Amiibo_Tools,moved
sd_card_content/nfc/Amiibo/Amiibo_Files/Amiibo_NFC/Animal_Crossing_Amiibo/Happy_Home_Designer_Items/HHD_Items-77.nfc,nfc,Amiibo,UberGuidoZ_Amiibo_Tools,moved
sd_card_content/nfc/Amiibo/Amiibo_Files/Amiibo_NFC/Animal_Crossing_Amiibo/Happy_Home_Designer_Items/HHD_Items-61.nfc,nfc,Amiibo,UberGuidoZ_Amiibo_Tools,moved
sd_card_content/nfc/Amiibo/Amiibo_Files/Amiibo_NFC/Animal_Crossing_Amiibo/Happy_Home_Designer_Items/HHD_Items-68.nfc,nfc,Amiibo,UberGuidoZ_Amiibo_Tools,moved
sd_card_content/nfc/Amiibo/Amiibo_Files/Amiibo_NFC/Animal_Crossing_Amiibo/Happy_Home_Designer_Items/HHD_Items-18.nfc,nfc,Amiibo,UberGuidoZ_Amiibo_Tools,moved
sd_card_content/nfc/Amiibo/Amiibo_Files/Amiibo_NFC/Animal_Crossing_Amiibo/Happy_Home_Designer_Items/HHD_Items-59.nfc,nfc,Amiibo,UberGuidoZ_Amiibo_Tools,moved
sd_card_content/nfc/Amiibo/Amiibo_Files/Amiibo_NFC/Animal_Crossing_Amiibo/Happy_Home_Designer_Items/HHD_Items-13.nfc,nfc,Amiibo,UberGuidoZ_Amiibo_Tools,moved
sd_card_content/nfc/Amiibo/Amiibo_Files/Amiibo_NFC/Animal_Crossing_Amiibo/Happy_Home_Designer_Items/HHD_Items-53.nfc,nfc,Amiibo,UberGuidoZ_Amiibo_Tools,moved
sd_card_content/nfc/Amiibo/Amiibo_Files/Amiibo_NFC/Animal_Crossing_Amiibo/Happy_Home_Designer_Items/HHD_Items-67.nfc,nfc,Amiibo,UberGuidoZ_Amiibo_Tools,moved
sd_card_content/nfc/Amiibo/Amiibo_Files/Amiibo_NFC/Animal_Crossing_Amiibo/Happy_Home_Designer_Items/HHD_Items-56.nfc,nfc,Amiibo,UberGuidoZ_Amiibo_Tools,moved
sd_card_content/nfc/Amiibo/Amiibo_Files/Amiibo_NFC/Animal_Crossing_Amiibo/Happy_Home_Designer_Items/HHD_Items-51.nfc,nfc,Amiibo,UberGuidoZ_Amiibo_Tools,moved
sd_card_content/nfc/Amiibo/Amiibo_Files/Amiibo_NFC/Animal_Crossing_Amiibo/Happy_Home_Designer_Items/HHD_Items-80.nfc,nfc,Amiibo,UberGuidoZ_Amiibo_Tools,moved
sd_card_content/nfc/Amiibo/Amiibo_Files/Amiibo_NFC/Animal_Crossing_Amiibo/Happy_Home_Designer_Items/HHD_Items-85.nfc,nfc,Amiibo,UberGuidoZ_Amiibo_Tools,moved
sd_card_content/nfc/Amiibo/Amiibo_Files/Amiibo_NFC/Animal_Crossing_Amiibo/Happy_Home_Designer_Items/HHD_Items-54.nfc,nfc,Amiibo,UberGuidoZ_Amiibo_Tools,moved
sd_card_content/nfc/Amiibo/Amiibo_Files/Amiibo_NFC/Animal_Crossing_Amiibo/Happy_Home_Designer_Items/HHD_Items-19.nfc,nfc,Amiibo,UberGuidoZ_Amiibo_Tools,moved
sd_card_content/nfc/Amiibo/Amiibo_Files/Amiibo_NFC/Animal_Crossing_Amiibo/Happy_Home_Designer_Items/HHD_Items-08.nfc,nfc,Amiibo,UberGuidoZ_Amiibo_Tools,moved
sd_card_content/nfc/Amiibo/Amiibo_Files/Amiibo_NFC/Animal_Crossing_Amiibo/Happy_Home_Designer_Items/HHD_Items-16.nfc,nfc,Amiibo,UberGuidoZ_Amiibo_Tools,moved
sd_card_content/nfc/Amiibo/Amiibo_Files/Amiibo_NFC/Animal_Crossing_Amiibo/Happy_Home_Designer_Items/HHD_Items-65.nfc,nfc,Amiibo,UberGuidoZ_Amiibo_Tools,moved
sd_card_content/nfc/Amiibo/Amiibo_Files/Amiibo_NFC/Animal_Crossing_Amiibo/Happy_Home_Designer_Items/HHD_Items-69.nfc,nfc,Amiibo,UberGuidoZ_Amiibo_Tools,moved
sd_card_content/nfc/Amiibo/Amiibo_Files/Amiibo_NFC/Animal_Crossing_Amiibo/Happy_Home_Designer_Items/HHD_Items-49.nfc,nfc,Amiibo,UberGuidoZ_Amiibo_Tools,moved
sd_card_content/nfc/Amiibo/Amiibo_Files/Amiibo_NFC/Animal_Crossing_Amiibo/Happy_Home_Designer_Items/HHD_Items-79.nfc,nfc,Amiibo,UberGuidoZ_Amiibo_Tools,moved
sd_card_content/nfc/Amiibo/Amiibo_Files/Amiibo_NFC/Animal_Crossing_Amiibo/Happy_Home_Designer_Items/HHD_Items-58.nfc,nfc,Amiibo,UberGuidoZ_Amiibo_Tools,moved
sd_card_content/nfc/Amiibo/Amiibo_Files/Amiibo_NFC/Animal_Crossing_Amiibo/Happy_Home_Designer_Items/HHD_Items-14.nfc,nfc,Amiibo,UberGuidoZ_Amiibo_Tools,moved
sd_card_content/nfc/Amiibo/Amiibo_Files/Amiibo_NFC/Animal_Crossing_Amiibo/Happy_Home_Designer_Items/HHD_Items-82.nfc,nfc,Amiibo,UberGuidoZ_Amiibo_Tools,moved
sd_card_content/nfc/Amiibo/Amiibo_Files/Amiibo_NFC/Animal_Crossing_Amiibo/Happy_Home_Designer_Items/HHD_Items-12.nfc,nfc,Amiibo,UberGuidoZ_Amiibo_Tools,moved
sd_card_content/nfc/Amiibo/Amiibo_Files/Amiibo_NFC/Animal_Crossing_Amiibo/Happy_Home_Designer_Items/HHD_Items-23.nfc,nfc,Amiibo,UberGuidoZ_Amiibo_Tools,moved
sd_card_content/nfc/Amiibo/Amiibo_Files/Amiibo_NFC/Animal_Crossing_Amiibo/Happy_Home_Designer_Items/HHD_Items-89.nfc,nfc,Amiibo,UberGuidoZ_Amiibo_Tools,moved
sd_card_content/nfc/Amiibo/Amiibo_Files/Amiibo_NFC/Animal_Crossing_Amiibo/Happy_Home_Designer_Items/HHD_Items-26.nfc,nfc,Amiibo,UberGuidoZ_Amiibo_Tools,moved
sd_card_content/nfc/Amiibo/Amiibo_Files/Amiibo_NFC/Animal_Crossing_Amiibo/Happy_Home_Designer_Items/HHD_Items-34.nfc,nfc,Amiibo,UberGuidoZ_Amiibo_Tools,moved
sd_card_content/nfc/Amiibo/Amiibo_Files/Amiibo_NFC/Animal_Crossing_Amiibo/Happy_Home_Designer_Items/HHD_Items-73.nfc,nfc,Amiibo,UberGuidoZ_Amiibo_Tools,moved
sd_card_content/nfc/Amiibo/Amiibo_Files/Amiibo_NFC/Animal_Crossing_Amiibo/Happy_Home_Designer_Items/HHD_Items-91.nfc,nfc,Amiibo,UberGuidoZ_Amiibo_Tools,moved
sd_card_content/nfc/Amiibo/Amiibo_Files/Amiibo_NFC/Animal_Crossing_Amiibo/Happy_Home_Designer_Items/HHD_Items-02.nfc,nfc,Amiibo,UberGuidoZ_Amiibo_Tools,moved
sd_card_content/nfc/Amiibo/Amiibo_Files/Amiibo_NFC/Animal_Crossing_Amiibo/Happy_Home_Designer_Items/HHD_Items-01.nfc,nfc,Amiibo,UberGuidoZ_Amiibo_Tools,moved
sd_card_content/nfc/Amiibo/Amiibo_Files/Amiibo_NFC/Animal_Crossing_Amiibo/Happy_Home_Designer_Items/HHD_Items-86.nfc,nfc,Amiibo,UberGuidoZ_Amiibo_Tools,moved
sd_card_content/nfc/Amiibo/Amiibo_Files/Amiibo_NFC/Animal_Crossing_Amiibo/Happy_Home_Designer_Items/HHD_Items-10.nfc,nfc,Amiibo,UberGuidoZ_Amiibo_Tools,moved
sd_card_content/nfc/Amiibo/Amiibo_Files/Amiibo_NFC/Animal_Crossing_Amiibo/Happy_Home_Designer_Items/HHD_Items_List.docx,nfc,Amiibo,UberGuidoZ_Amiibo_Tools,moved
sd_card_content/nfc/Amiibo/Amiibo_Files/Amiibo_NFC/Animal_Crossing_Amiibo/Happy_Home_Designer_Items/HHD_Items-29.nfc,nfc,Amiibo,UberGuidoZ_Amiibo_Tools,moved
sd_card_content/nfc/Amiibo/Amiibo_Files/Amiibo_NFC/Animal_Crossing_Amiibo/Happy_Home_Designer_Items/HHD_Items-87.nfc,nfc,Amiibo,UberGuidoZ_Amiibo_Tools,moved
sd_card_content/nfc/Amiibo/Amiibo_Files/Amiibo_NFC/Animal_Crossing_Amiibo/Happy_Home_Designer_Items/HHD_Items-39.nfc,nfc,Amiibo,UberGuidoZ_Amiibo_Tools,moved
sd_card_content/nfc/Amiibo/Amiibo_Files/Amiibo_NFC/Animal_Crossing_Amiibo/Happy_Home_Designer_Items/HHD_Items-09.nfc,nfc,Amiibo,UberGuidoZ_Amiibo_Tools,moved
sd_card_content/nfc/Amiibo/Amiibo_Files/Amiibo_NFC/Animal_Crossing_Amiibo/Happy_Home_Designer_Items/HHD_Items-36.nfc,nfc,Amiibo,UberGuidoZ_Amiibo_Tools,moved
sd_card_content/nfc/Amiibo/Amiibo_Files/Amiibo_NFC/Animal_Crossing_Amiibo/Happy_Home_Designer_Items/HHD_Items-30.nfc,nfc,Amiibo,UberGuidoZ_Amiibo_Tools,moved
sd_card_content/nfc/Amiibo/Amiibo_Files/Amiibo_NFC/Animal_Crossing_Amiibo/Happy_Home_Designer_Items/HHD_Items-11.nfc,nfc,Amiibo,UberGuidoZ_Amiibo_Tools,moved
sd_card_content/nfc/Amiibo/Amiibo_Files/Amiibo_NFC/Animal_Crossing_Amiibo/Amiibo_Cards/Series_4/Margie.nfc,nfc,Amiibo,UberGuidoZ_Amiibo_Tools,moved
sd_card_content/nfc/Amiibo/Amiibo_Files/Amiibo_NFC/Animal_Crossing_Amiibo/Amiibo_Cards/Series_4/Sally.nfc,nfc,Amiibo,UberGuidoZ_Amiibo_Tools,moved
sd_card_content/nfc/Amiibo/Amiibo_Files/Amiibo_NFC/Animal_Crossing_Amiibo/Amiibo_Cards/Series_4/Gayle.nfc,nfc,Amiibo,UberGuidoZ_Amiibo_Tools,moved
sd_card_content/nfc/Amiibo/Amiibo_Files/Amiibo_NFC/Animal_Crossing_Amiibo/Amiibo_Cards/Series_4/Isabelle.nfc,nfc,Amiibo,UberGuidoZ_Amiibo_Tools,moved
sd_card_content/nfc/Amiibo/Amiibo_Files/Amiibo_NFC/Animal_Crossing_Amiibo/Amiibo_Cards/Series_4/Purrl.nfc,nfc,Amiibo,UberGuidoZ_Amiibo_Tools,moved
sd_card_content/nfc/Amiibo/Amiibo_Files/Amiibo_NFC/Animal_Crossing_Amiibo/Amiibo_Cards/Series_4/Aurora.nfc,nfc,Amiibo,UberGuidoZ_Amiibo_Tools,moved
sd_card_content/nfc/Amiibo/Amiibo_Files/Amiibo_NFC/Animal_Crossing_Amiibo/Amiibo_Cards/Series_4/Zipper.nfc,nfc,Amiibo,UberGuidoZ_Amiibo_Tools,moved
sd_card_content/nfc/Amiibo/Amiibo_Files/Amiibo_NFC/Animal_Crossing_Amiibo/Amiibo_Cards/Series_4/Gulliver.nfc,nfc,Amiibo,UberGuidoZ_Amiibo_Tools,moved
sd_card_content/nfc/Amiibo/Amiibo_Files/Amiibo_NFC/Animal_Crossing_Amiibo/Amiibo_Cards/Series_4/Annalise.nfc,nfc,Amiibo,UberGuidoZ_Amiibo_Tools,moved
sd_card_content/nfc/Amiibo/Amiibo_Files/Amiibo_NFC/Animal_Crossing_Amiibo/Amiibo_Cards/Series_4/Papi.nfc,nfc,Amiibo,UberGuidoZ_Amiibo_Tools,moved
sd_card_content/nfc/Amiibo/Amiibo_Files/Amiibo_NFC/Animal_Crossing_Amiibo/Amiibo_Cards/Series_4/Pietro.nfc,nfc,Amiibo,UberGuidoZ_Amiibo_Tools,moved
sd_card_content/nfc/Amiibo/Amiibo_Files/Amiibo_NFC/Animal_Crossing_Amiibo/Amiibo_Cards/Series_4/Pinky.nfc,nfc,Amiibo,UberGuidoZ_Amiibo_Tools,moved
sd_card_content/nfc/Amiibo/Amiibo_Files/Amiibo_NFC/Animal_Crossing_Amiibo/Amiibo_Cards/Series_4/Chow.nfc,nfc,Amiibo,UberGuidoZ_Amiibo_Tools,moved
sd_card_content/nfc/Amiibo/Amiibo_Files/Amiibo_NFC/Animal_Crossing_Amiibo/Amiibo_Cards/Series_4/Graham.nfc,nfc,Amiibo,UberGuidoZ_Amiibo_Tools,moved
sd_card_content/nfc/Amiibo/Amiibo_Files/Amiibo_NFC/Animal_Crossing_Amiibo/Amiibo_Cards/Series_4/Tex.nfc,nfc,Amiibo,UberGuidoZ_Amiibo_Tools,moved
sd_card_content/nfc/Amiibo/Amiibo_Files/Amiibo_NFC/Animal_Crossing_Amiibo/Amiibo_Cards/Series_4/Shrunk.nfc,nfc,Amiibo,UberGuidoZ_Amiibo_Tools,moved
sd_card_content/nfc/Amiibo/Amiibo_Files/Amiibo_NFC/Animal_Crossing_Amiibo/Amiibo_Cards/Series_4/Pave.nfc,nfc,Amiibo,UberGuidoZ_Amiibo_Tools,moved
sd_card_content/nfc/Amiibo/Amiibo_Files/Amiibo_NFC/Animal_Crossing_Amiibo/Amiibo_Cards/Series_4/Rosie.nfc,nfc,Amiibo,UberGuidoZ_Amiibo_Tools,moved
sd_card_content/nfc/Amiibo/Amiibo_Files/Amiibo_NFC/Animal_Crossing_Amiibo/Amiibo_Cards/Series_4/Bones.nfc,nfc,Amiibo,UberGuidoZ_Amiibo_Tools,moved
sd_card_content/nfc/Amiibo/Amiibo_Files/Amiibo_NFC/Animal_Crossing_Amiibo/Amiibo_Cards/Series_4/Barold.nfc,nfc,Amiibo,UberGuidoZ_Amiibo_Tools,moved
sd_card_content/nfc/Amiibo/Amiibo_Files/Amiibo_NFC/Animal_Crossing_Amiibo/Amiibo_Cards/Series_4/Peaches.nfc,nfc,Amiibo,UberGuidoZ_Amiibo_Tools,moved
sd_card_content/nfc/Amiibo/Amiibo_Files/Amiibo_NFC/Animal_Crossing_Amiibo/Amiibo_Cards/Series_4/Croque.nfc,nfc,Amiibo,UberGuidoZ_Amiibo_Tools,moved
sd_card_content/nfc/Amiibo/Amiibo_Files/Amiibo_NFC/Animal_Crossing_Amiibo/Amiibo_Cards/Series_4/Frobert.nfc,nfc,Amiibo,UberGuidoZ_Amiibo_Tools,moved
sd_card_content/nfc/Amiibo/Amiibo_Files/Amiibo_NFC/Animal_Crossing_Amiibo/Amiibo_Cards/Series_4/Rowan.nfc,nfc,Amiibo,UberGuidoZ_Amiibo_Tools,moved
sd_card_content/nfc/Amiibo/Amiibo_Files/Amiibo_NFC/Animal_Crossing_Amiibo/Amiibo_Cards/Series_4/Mira.nfc,nfc,Amiibo,UberGuidoZ_Amiibo_Tools,moved
sd_card_content/nfc/Amiibo/Amiibo_Files/Amiibo_NFC/Animal_Crossing_Amiibo/Amiibo_Cards/Series_4/Erik.nfc,nfc,Amiibo,UberGuidoZ_Amiibo_Tools,moved
sd_card_content/nfc/Amiibo/Amiibo_Files/Amiibo_NFC/Animal_Crossing_Amiibo/Amiibo_Cards/Series_4/Peewee.nfc,nfc,Amiibo,UberGuidoZ_Amiibo_Tools,moved
sd_card_content/nfc/Amiibo/Amiibo_Files/Amiibo_NFC/Animal_Crossing_Amiibo/Amiibo_Cards/Series_4/Rory.nfc,nfc,Amiibo,UberGuidoZ_Amiibo_Tools,moved
sd_card_content/nfc/Amiibo/Amiibo_Files/Amiibo_NFC/Animal_Crossing_Amiibo/Amiibo_Cards/Series_4/Simon.nfc,nfc,Amiibo,UberGuidoZ_Amiibo_Tools,moved
sd_card_content/nfc/Amiibo/Amiibo_Files/Amiibo_NFC/Animal_Crossing_Amiibo/Amiibo_Cards/Series_4/Grizzly.nfc,nfc,Amiibo,UberGuidoZ_Amiibo_Tools,moved
sd_card_content/nfc/Amiibo/Amiibo_Files/Amiibo_NFC/Animal_Crossing_Amiibo/Amiibo_Cards/Series_4/Naomi.nfc,nfc,Amiibo,UberGuidoZ_Amiibo_Tools,moved
sd_card_content/nfc/Amiibo/Amiibo_Files/Amiibo_NFC/Animal_Crossing_Amiibo/Amiibo_Cards/Series_4/Celia.nfc,nfc,Amiibo,UberGuidoZ_Amiibo_Tools,moved
sd_card_content/nfc/Amiibo/Amiibo_Files/Amiibo_NFC/Animal_Crossing_Amiibo/Amiibo_Cards/Series_4/Anabelle.nfc,nfc,Amiibo,UberGuidoZ_Amiibo_Tools,moved
sd_card_content/nfc/Amiibo/Amiibo_Files/Amiibo_NFC/Animal_Crossing_Amiibo/Amiibo_Cards/Series_4/Pashmina.nfc,nfc,Amiibo,UberGuidoZ_Amiibo_Tools,moved
sd_card_content/nfc/Amiibo/Amiibo_Files/Amiibo_NFC/Animal_Crossing_Amiibo/Amiibo_Cards/Series_4/Broffina.nfc,nfc,Amiibo,UberGuidoZ_Amiibo_Tools,moved
sd_card_content/nfc/Amiibo/Amiibo_Files/Amiibo_NFC/Animal_Crossing_Amiibo/Amiibo_Cards/Series_4/Rod.nfc,nfc,Amiibo,UberGuidoZ_Amiibo_Tools,moved
sd_card_content/nfc/Amiibo/Amiibo_Files/Amiibo_NFC/Animal_Crossing_Amiibo/Amiibo_Cards/Series_4/Elise.nfc,nfc,Amiibo,UberGuidoZ_Amiibo_Tools,moved
sd_card_content/nfc/Amiibo/Amiibo_Files/Amiibo_NFC/Animal_Crossing_Amiibo/Amiibo_Cards/Series_4/Peggy.nfc,nfc,Amiibo,UberGuidoZ_Amiibo_Tools,moved
sd_card_content/nfc/Amiibo/Amiibo_Files/Amiibo_NFC/Animal_Crossing_Amiibo/Amiibo_Cards/Series_4/Stitches.nfc,nfc,Amiibo,UberGuidoZ_Amiibo_Tools,moved
sd_card_content/nfc/Amiibo/Amiibo_Files/Amiibo_NFC/Animal_Crossing_Amiibo/Amiibo_Cards/Series_4/Boone.nfc,nfc,Amiibo,UberGuidoZ_Amiibo_Tools,moved
sd_card_content/nfc/Amiibo/Amiibo_Files/Amiibo_NFC/Animal_Crossing_Amiibo/Amiibo_Cards/Series_4/Walt.nfc,nfc,Amiibo,UberGuidoZ_Amiibo_Tools,moved
sd_card_content/nfc/Amiibo/Amiibo_Files/Amiibo_NFC/Animal_Crossing_Amiibo/Amiibo_Cards/Series_4/Shep.nfc,nfc,Amiibo,UberGuidoZ_Amiibo_Tools,moved
sd_card_content/nfc/Amiibo/Amiibo_Files/Amiibo_NFC/Animal_Crossing_Amiibo/Amiibo_Cards/Series_4/Goldie.nfc,nfc,Amiibo,UberGuidoZ_Amiibo_Tools,moved
sd_card_content/nfc/Amiibo/Amiibo_Files/Amiibo_NFC/Animal_Crossing_Amiibo/Amiibo_Cards/Series_4/Robin.nfc,nfc,Amiibo,UberGuidoZ_Amiibo_Tools,moved
sd_card_content/nfc/Amiibo/Amiibo_Files/Amiibo_NFC/Animal_Crossing_Amiibo/Amiibo_Cards/Series_4/Redd.nfc,nfc,Amiibo,UberGuidoZ_Amiibo_Tools,moved
sd_card_content/nfc/Amiibo/Amiibo_Files/Amiibo_NFC/Animal_Crossing_Amiibo/Amiibo_Cards/Series_4/Hippeux.nfc,nfc,Amiibo,UberGuidoZ_Amiibo_Tools,moved
sd_card_content/nfc/Amiibo/Amiibo_Files/Amiibo_NFC/Animal_Crossing_Amiibo/Amiibo_Cards/Series_4/Brewster.nfc,nfc,Amiibo,UberGuidoZ_Amiibo_Tools,moved
sd_card_content/nfc/Amiibo/Amiibo_Files/Amiibo_NFC/Animal_Crossing_Amiibo/Amiibo_Cards/Series_4/Lottie.nfc,nfc,Amiibo,UberGuidoZ_Amiibo_Tools,moved
sd_card_content/nfc/Amiibo/Amiibo_Files/Amiibo_NFC/Animal_Crossing_Amiibo/Amiibo_Cards/Series_4/Sydney.nfc,nfc,Amiibo,UberGuidoZ_Amiibo_Tools,moved
sd_card_content/nfc/Amiibo/Amiibo_Files/Amiibo_NFC/Animal_Crossing_Amiibo/Amiibo_Cards/Series_4/Zucker.nfc,nfc,Amiibo,UberGuidoZ_Amiibo_Tools,moved
sd_card_content/nfc/Amiibo/Amiibo_Files/Amiibo_NFC/Animal_Crossing_Amiibo/Amiibo_Cards/Series_4/Fang.nfc,nfc,Amiibo,UberGuidoZ_Amiibo_Tools,moved
sd_card_content/nfc/Amiibo/Amiibo_Files/Amiibo_NFC/Animal_Crossing_Amiibo/Amiibo_Cards/Series_4/Melba.nfc,nfc,Amiibo,UberGuidoZ_Amiibo_Tools,moved
sd_card_content/nfc/Amiibo/Amiibo_Files/Amiibo_NFC/Animal_Crossing_Amiibo/Amiibo_Cards/Series_4/Timmy.nfc,nfc,Amiibo,UberGuidoZ_Amiibo_Tools,moved
sd_card_content/nfc/Amiibo/Amiibo_Files/Amiibo_NFC/Animal_Crossing_Amiibo/Amiibo_Cards/Series_4/Pompom.nfc,nfc,Amiibo,UberGuidoZ_Amiibo_Tools,moved
sd_card_content/nfc/Amiibo/Amiibo_Files/Amiibo_NFC/Animal_Crossing_Amiibo/Amiibo_Cards/Series_4/Lolly.nfc,nfc,Amiibo,UberGuidoZ_Amiibo_Tools,moved
sd_card_content/nfc/Amiibo/Amiibo_Files/Amiibo_NFC/Animal_Crossing_Amiibo/Amiibo_Cards/Series_4/Dotty.nfc,nfc,Amiibo,UberGuidoZ_Amiibo_Tools,moved
sd_card_content/nfc/Amiibo/Amiibo_Files/Amiibo_NFC/Animal_Crossing_Amiibo/Amiibo_Cards/Series_4/Resetti.nfc,nfc,Amiibo,UberGuidoZ_Amiibo_Tools,moved
sd_card_content/nfc/Amiibo/Amiibo_Files/Amiibo_NFC/Animal_Crossing_Amiibo/Amiibo_Cards/Series_4/Gloria.nfc,nfc,Amiibo,UberGuidoZ_Amiibo_Tools,moved
sd_card_content/nfc/Amiibo/Amiibo_Files/Amiibo_NFC/Animal_Crossing_Amiibo/Amiibo_Cards/Series_4/Puddles.nfc,nfc,Amiibo,UberGuidoZ_Amiibo_Tools,moved
sd_card_content/nfc/Amiibo/Amiibo_Files/Amiibo_NFC/Animal_Crossing_Amiibo/Amiibo_Cards/Series_4/Mott.nfc,nfc,Amiibo,UberGuidoZ_Amiibo_Tools,moved
sd_card_content/nfc/Amiibo/Amiibo_Files/Amiibo_NFC/Animal_Crossing_Amiibo/Amiibo_Cards/Series_4/Pierce.nfc,nfc,Amiibo,UberGuidoZ_Amiibo_Tools,moved
sd_card_content/nfc/Amiibo/Amiibo_Files/Amiibo_NFC/Animal_Crossing_Amiibo/Amiibo_Cards/Series_4/OHare.nfc,nfc,Amiibo,UberGuidoZ_Amiibo_Tools,moved
sd_card_content/nfc/Amiibo/Amiibo_Files/Amiibo_NFC/Animal_Crossing_Amiibo/Amiibo_Cards/Series_4/Katt.nfc,nfc,Amiibo,UberGuidoZ_Amiibo_Tools,moved
sd_card_content/nfc/Amiibo/Amiibo_Files/Amiibo_NFC/Animal_Crossing_Amiibo/Amiibo_Cards/Series_4/Phineas.nfc,nfc,Amiibo,UberGuidoZ_Amiibo_Tools,moved
sd_card_content/nfc/Amiibo/Amiibo_Files/Amiibo_NFC/Animal_Crossing_Amiibo/Amiibo_Cards/Series_4/Angus.nfc,nfc,Amiibo,UberGuidoZ_Amiibo_Tools,moved
sd_card_content/nfc/Amiibo/Amiibo_Files/Amiibo_NFC/Animal_Crossing_Amiibo/Amiibo_Cards/Series_4/Rocco.nfc,nfc,Amiibo,UberGuidoZ_Amiibo_Tools,moved
sd_card_content/nfc/Amiibo/Amiibo_Files/Amiibo_NFC/Animal_Crossing_Amiibo/Amiibo_Cards/Series_4/Lucky.nfc,nfc,Amiibo,UberGuidoZ_Amiibo_Tools,moved
sd_card_content/nfc/Amiibo/Amiibo_Files/Amiibo_NFC/Animal_Crossing_Amiibo/Amiibo_Cards/Series_4/Elmer.nfc,nfc,Amiibo,UberGuidoZ_Amiibo_Tools,moved
sd_card_content/nfc/Amiibo/Amiibo_Files/Amiibo_NFC/Animal_Crossing_Amiibo/Amiibo_Cards/Series_4/Katrina.nfc,nfc,Amiibo,UberGuidoZ_Amiibo_Tools,moved
sd_card_content/nfc/Amiibo/Amiibo_Files/Amiibo_NFC/Animal_Crossing_Amiibo/Amiibo_Cards/Series_4/Nibbles.nfc,nfc,Amiibo,UberGuidoZ_Amiibo_Tools,moved
sd_card_content/nfc/Amiibo/Amiibo_Files/Amiibo_NFC/Animal_Crossing_Amiibo/Amiibo_Cards/Series_4/Bruce.nfc,nfc,Amiibo,UberGuidoZ_Amiibo_Tools,moved
sd_card_content/nfc/Amiibo/Amiibo_Files/Amiibo_NFC/Animal_Crossing_Amiibo/Amiibo_Cards/Series_4/Doc.nfc,nfc,Amiibo,UberGuidoZ_Amiibo_Tools,moved
sd_card_content/nfc/Amiibo/Amiibo_Files/Amiibo_NFC/Animal_Crossing_Amiibo/Amiibo_Cards/Series_4/Tank.nfc,nfc,Amiibo,UberGuidoZ_Amiibo_Tools,moved
sd_card_content/nfc/Amiibo/Amiibo_Files/Amiibo_NFC/Animal_Crossing_Amiibo/Amiibo_Cards/Series_4/Rizzo.nfc,nfc,Amiibo,UberGuidoZ_Amiibo_Tools,moved
sd_card_content/nfc/Amiibo/Amiibo_Files/Amiibo_NFC/Animal_Crossing_Amiibo/Amiibo_Cards/Series_4/Tammy.nfc,nfc,Amiibo,UberGuidoZ_Amiibo_Tools,moved
sd_card_content/nfc/Amiibo/Amiibo_Files/Amiibo_NFC/Animal_Crossing_Amiibo/Amiibo_Cards/Series_4/Tommy.nfc,nfc,Amiibo,UberGuidoZ_Amiibo_Tools,moved
sd_card_content/nfc/Amiibo/Amiibo_Files/Amiibo_NFC/Animal_Crossing_Amiibo/Amiibo_Cards/Series_4/Gracie.nfc,nfc,Amiibo,UberGuidoZ_Amiibo_Tools,moved
sd_card_content/nfc/Amiibo/Amiibo_Files/Amiibo_NFC/Animal_Crossing_Amiibo/Amiibo_Cards/Series_4/Frita.nfc,nfc,Amiibo,UberGuidoZ_Amiibo_Tools,moved
sd_card_content/nfc/Amiibo/Amiibo_Files/Amiibo_NFC/Animal_Crossing_Amiibo/Amiibo_Cards/Series_4/Twiggy.nfc,nfc,Amiibo,UberGuidoZ_Amiibo_Tools,moved
sd_card_content/nfc/Amiibo/Amiibo_Files/Amiibo_NFC/Animal_Crossing_Amiibo/Amiibo_Cards/Series_4/Becky.nfc,nfc,Amiibo,UberGuidoZ_Amiibo_Tools,moved
sd_card_content/nfc/Amiibo/Amiibo_Files/Amiibo_NFC/Animal_Crossing_Amiibo/Amiibo_Cards/Series_4/Sylvia.nfc,nfc,Amiibo,UberGuidoZ_Amiibo_Tools,moved
sd_card_content/nfc/Amiibo/Amiibo_Files/Amiibo_NFC/Animal_Crossing_Amiibo/Amiibo_Cards/Series_4/Lucy.nfc,nfc,Amiibo,UberGuidoZ_Amiibo_Tools,moved
sd_card_content/nfc/Amiibo/Amiibo_Files/Amiibo_NFC/Animal_Crossing_Amiibo/Amiibo_Cards/Series_4/Penelope.nfc,nfc,Amiibo,UberGuidoZ_Amiibo_Tools,moved
sd_card_content/nfc/Amiibo/Amiibo_Files/Amiibo_NFC/Animal_Crossing_Amiibo/Amiibo_Cards/Series_4/Celeste.nfc,nfc,Amiibo,UberGuidoZ_Amiibo_Tools,moved
sd_card_content/nfc/Amiibo/Amiibo_Files/Amiibo_NFC/Animal_Crossing_Amiibo/Amiibo_Cards/Series_4/Mallary.nfc,nfc,Amiibo,UberGuidoZ_Amiibo_Tools,moved
sd_card_content/nfc/Amiibo/Amiibo_Files/Amiibo_NFC/Animal_Crossing_Amiibo/Amiibo_Cards/Series_4/Jacques.nfc,nfc,Amiibo,UberGuidoZ_Amiibo_Tools,moved
sd_card_content/nfc/Amiibo/Amiibo_Files/Amiibo_NFC/Animal_Crossing_Amiibo/Amiibo_Cards/Series_4/Rudy.nfc,nfc,Amiibo,UberGuidoZ_Amiibo_Tools,moved
sd_card_content/nfc/Amiibo/Amiibo_Files/Amiibo_NFC/Animal_Crossing_Amiibo/Amiibo_Cards/Series_4/Apple.nfc,nfc,Amiibo,UberGuidoZ_Amiibo_Tools,moved
sd_card_content/nfc/Amiibo/Amiibo_Files/Amiibo_NFC/Animal_Crossing_Amiibo/Amiibo_Cards/Series_4/Lobo.nfc,nfc,Amiibo,UberGuidoZ_Amiibo_Tools,moved
sd_card_content/nfc/Amiibo/Amiibo_Files/Amiibo_NFC/Animal_Crossing_Amiibo/Amiibo_Cards/Series_4/Cally.nfc,nfc,Amiibo,UberGuidoZ_Amiibo_Tools,moved
sd_card_content/nfc/Amiibo/Amiibo_Files/Amiibo_NFC/Animal_Crossing_Amiibo/Amiibo_Cards/Series_4/Dizzy.nfc,nfc,Amiibo,UberGuidoZ_Amiibo_Tools,moved
sd_card_content/nfc/Amiibo/Amiibo_Files/Amiibo_NFC/Animal_Crossing_Amiibo/Amiibo_Cards/Series_4/Iggly.nfc,nfc,Amiibo,UberGuidoZ_Amiibo_Tools,moved
sd_card_content/nfc/Amiibo/Amiibo_Files/Amiibo_NFC/Animal_Crossing_Amiibo/Amiibo_Cards/Series_4/Maelle.nfc,nfc,Amiibo,UberGuidoZ_Amiibo_Tools,moved
sd_card_content/nfc/Amiibo/Amiibo_Files/Amiibo_NFC/Animal_Crossing_Amiibo/Amiibo_Cards/Series_4/Leilani.nfc,nfc,Amiibo,UberGuidoZ_Amiibo_Tools,moved
sd_card_content/nfc/Amiibo/Amiibo_Files/Amiibo_NFC/Animal_Crossing_Amiibo/Amiibo_Cards/Series_4/Static.nfc,nfc,Amiibo,UberGuidoZ_Amiibo_Tools,moved
sd_card_content/nfc/Amiibo/Amiibo_Files/Amiibo_NFC/Animal_Crossing_Amiibo/Amiibo_Cards/Series_4/Ribbot.nfc,nfc,Amiibo,UberGuidoZ_Amiibo_Tools,moved
sd_card_content/nfc/Amiibo/Amiibo_Files/Amiibo_NFC/Animal_Crossing_Amiibo/Amiibo_Cards/Series_4/Cranston.nfc,nfc,Amiibo,UberGuidoZ_Amiibo_Tools,moved
sd_card_content/nfc/Amiibo/Amiibo_Files/Amiibo_NFC/Animal_Crossing_Amiibo/Amiibo_Cards/Series_4/Kevin.nfc,nfc,Amiibo,UberGuidoZ_Amiibo_Tools,moved
sd_card_content/nfc/Amiibo/Amiibo_Files/Amiibo_NFC/Animal_Crossing_Amiibo/Amiibo_Cards/Series_4/Olaf.nfc,nfc,Amiibo,UberGuidoZ_Amiibo_Tools,moved
sd_card_content/nfc/Amiibo/Amiibo_Files/Amiibo_NFC/Animal_Crossing_Amiibo/Amiibo_Cards/Series_4/Queenie.nfc,nfc,Amiibo,UberGuidoZ_Amiibo_Tools,moved
sd_card_content/nfc/Amiibo/Amiibo_Files/Amiibo_NFC/Animal_Crossing_Amiibo/Amiibo_Cards/Series_2/Pate.nfc,nfc,Amiibo,UberGuidoZ_Amiibo_Tools,moved
sd_card_content/nfc/Amiibo/Amiibo_Files/Amiibo_NFC/Animal_Crossing_Amiibo/Amiibo_Cards/Series_2/Dr_Shrunk.nfc,nfc,Amiibo,UberGuidoZ_Amiibo_Tools,moved
sd_card_content/nfc/Amiibo/Amiibo_Files/Amiibo_NFC/Animal_Crossing_Amiibo/Amiibo_Cards/Series_2/Hopper.nfc,nfc,Amiibo,UberGuidoZ_Amiibo_Tools,moved
sd_card_content/nfc/Amiibo/Amiibo_Files/Amiibo_NFC/Animal_Crossing_Amiibo/Amiibo_Cards/Series_2/Blaire.nfc,nfc,Amiibo,UberGuidoZ_Amiibo_Tools,moved
sd_card_content/nfc/Amiibo/Amiibo_Files/Amiibo_NFC/Animal_Crossing_Amiibo/Amiibo_Cards/Series_2/Pekoe.nfc,nfc,Amiibo,UberGuidoZ_Amiibo_Tools,moved
sd_card_content/nfc/Amiibo/Amiibo_Files/Amiibo_NFC/Animal_Crossing_Amiibo/Amiibo_Cards/Series_2/Rhonda.nfc,nfc,Amiibo,UberGuidoZ_Amiibo_Tools,moved
sd_card_content/nfc/Amiibo/Amiibo_Files/Amiibo_NFC/Animal_Crossing_Amiibo/Amiibo_Cards/Series_2/Tia.nfc,nfc,Amiibo,UberGuidoZ_Amiibo_Tools,moved
sd_card_content/nfc/Amiibo/Amiibo_Files/Amiibo_NFC/Animal_Crossing_Amiibo/Amiibo_Cards/Series_2/Gladys.nfc,nfc,Amiibo,UberGuidoZ_Amiibo_Tools,moved
sd_card_content/nfc/Amiibo/Amiibo_Files/Amiibo_NFC/Animal_Crossing_Amiibo/Amiibo_Cards/Series_2/Moose.nfc,nfc,Amiibo,UberGuidoZ_Amiibo_Tools,moved
sd_card_content/nfc/Amiibo/Amiibo_Files/Amiibo_NFC/Animal_Crossing_Amiibo/Amiibo_Cards/Series_2/Ed.nfc,nfc,Amiibo,UberGuidoZ_Amiibo_Tools,moved
sd_card_content/nfc/Amiibo/Amiibo_Files/Amiibo_NFC/Animal_Crossing_Amiibo/Amiibo_Cards/Series_2/Rodney.nfc,nfc,Amiibo,UberGuidoZ_Amiibo_Tools,moved
sd_card_content/nfc/Amiibo/Amiibo_Files/Amiibo_NFC/Animal_Crossing_Amiibo/Amiibo_Cards/Series_2/Felicity.nfc,nfc,Amiibo,UberGuidoZ_Amiibo_Tools,moved
sd_card_content/nfc/Amiibo/Amiibo_Files/Amiibo_NFC/Animal_Crossing_Amiibo/Amiibo_Cards/Series_2/Mathilda.nfc,nfc,Amiibo,UberGuidoZ_Amiibo_Tools,moved
sd_card_content/nfc/Amiibo/Amiibo_Files/Amiibo_NFC/Animal_Crossing_Amiibo/Amiibo_Cards/Series_2/Jay.nfc,nfc,Amiibo,UberGuidoZ_Amiibo_Tools,moved
sd_card_content/nfc/Amiibo/Amiibo_Files/Amiibo_NFC/Animal_Crossing_Amiibo/Amiibo_Cards/Series_2/Harry.nfc,nfc,Amiibo,UberGuidoZ_Amiibo_Tools,moved
sd_card_content/nfc/Amiibo/Amiibo_Files/Amiibo_NFC/Animal_Crossing_Amiibo/Amiibo_Cards/Series_2/Keaton.nfc,nfc,Amiibo,UberGuidoZ_Amiibo_Tools,moved
sd_card_content/nfc/Amiibo/Amiibo_Files/Amiibo_NFC/Animal_Crossing_Amiibo/Amiibo_Cards/Series_2/Filbert.nfc,nfc,Amiibo,UberGuidoZ_Amiibo_Tools,moved
sd_card_content/nfc/Amiibo/Amiibo_Files/Amiibo_NFC/Animal_Crossing_Amiibo/Amiibo_Cards/Series_2/Katie.nfc,nfc,Amiibo,UberGuidoZ_Amiibo_Tools,moved
sd_card_content/nfc/Amiibo/Amiibo_Files/Amiibo_NFC/Animal_Crossing_Amiibo/Amiibo_Cards/Series_2/Broccolo.nfc,nfc,Amiibo,UberGuidoZ_Amiibo_Tools,moved
sd_card_content/nfc/Amiibo/Amiibo_Files/Amiibo_NFC/Animal_Crossing_Amiibo/Amiibo_Cards/Series_2/Gabi.nfc,nfc,Amiibo,UberGuidoZ_Amiibo_Tools,moved
sd_card_content/nfc/Amiibo/Amiibo_Files/Amiibo_NFC/Animal_Crossing_Amiibo/Amiibo_Cards/Series_2/Big_Top.nfc,nfc,Amiibo,UberGuidoZ_Amiibo_Tools,moved
sd_card_content/nfc/Amiibo/Amiibo_Files/Amiibo_NFC/Animal_Crossing_Amiibo/Amiibo_Cards/Series_2/Lelia.nfc,nfc,Amiibo,UberGuidoZ_Amiibo_Tools,moved
sd_card_content/nfc/Amiibo/Amiibo_Files/Amiibo_NFC/Animal_Crossing_Amiibo/Amiibo_Cards/Series_2/Butch.nfc,nfc,Amiibo,UberGuidoZ_Amiibo_Tools,moved
sd_card_content/nfc/Amiibo/Amiibo_Files/Amiibo_NFC/Animal_Crossing_Amiibo/Amiibo_Cards/Series_2/Flip.nfc,nfc,Amiibo,UberGuidoZ_Amiibo_Tools,moved
sd_card_content/nfc/Amiibo/Amiibo_Files/Amiibo_NFC/Animal_Crossing_Amiibo/Amiibo_Cards/Series_2/Pango.nfc,nfc,Amiibo,UberGuidoZ_Amiibo_Tools,moved
sd_card_content/nfc/Amiibo/Amiibo_Files/Amiibo_NFC/Animal_Crossing_Amiibo/Amiibo_Cards/Series_2/Rocket.nfc,nfc,Amiibo,UberGuidoZ_Amiibo_Tools,moved
sd_card_content/nfc/Amiibo/Amiibo_Files/Amiibo_NFC/Animal_Crossing_Amiibo/Amiibo_Cards/Series_2/Ankha.nfc,nfc,Amiibo,UberGuidoZ_Amiibo_Tools,moved
sd_card_content/nfc/Amiibo/Amiibo_Files/Amiibo_NFC/Animal_Crossing_Amiibo/Amiibo_Cards/Series_2/Tom.nfc,nfc,Amiibo,UberGuidoZ_Amiibo_Tools,moved
sd_card_content/nfc/Amiibo/Amiibo_Files/Amiibo_NFC/Animal_Crossing_Amiibo/Amiibo_Cards/Series_2/Anicotti.nfc,nfc,Amiibo,UberGuidoZ_Amiibo_Tools,moved
sd_card_content/nfc/Amiibo/Amiibo_Files/Amiibo_NFC/Animal_Crossing_Amiibo/Amiibo_Cards/Series_2/Marcel.nfc,nfc,Amiibo,UberGuidoZ_Amiibo_Tools,moved
sd_card_content/nfc/Amiibo/Amiibo_Files/Amiibo_NFC/Animal_Crossing_Amiibo/Amiibo_Cards/Series_2/Benedict.nfc,nfc,Amiibo,UberGuidoZ_Amiibo_Tools,moved
sd_card_content/nfc/Amiibo/Amiibo_Files/Amiibo_NFC/Animal_Crossing_Amiibo/Amiibo_Cards/Series_2/Hugh.nfc,nfc,Amiibo,UberGuidoZ_Amiibo_Tools,moved
sd_card_content/nfc/Amiibo/Amiibo_Files/Amiibo_NFC/Animal_Crossing_Amiibo/Amiibo_Cards/Series_2/KK_Slider.nfc,nfc,Amiibo,UberGuidoZ_Amiibo_Tools,moved
sd_card_content/nfc/Amiibo/Amiibo_Files/Amiibo_NFC/Animal_Crossing_Amiibo/Amiibo_Cards/Series_2/Pecan.nfc,nfc,Amiibo,UberGuidoZ_Amiibo_Tools,moved
sd_card_content/nfc/Amiibo/Amiibo_Files/Amiibo_NFC/Animal_Crossing_Amiibo/Amiibo_Cards/Series_2/Drift.nfc,nfc,Amiibo,UberGuidoZ_Amiibo_Tools,moved
sd_card_content/nfc/Amiibo/Amiibo_Files/Amiibo_NFC/Animal_Crossing_Amiibo/Amiibo_Cards/Series_2/Teddy.nfc,nfc,Amiibo,UberGuidoZ_Amiibo_Tools,moved
sd_card_content/nfc/Amiibo/Amiibo_Files/Amiibo_NFC/Animal_Crossing_Amiibo/Amiibo_Cards/Series_2/Cesar.nfc,nfc,Amiibo,UberGuidoZ_Amiibo_Tools,moved
sd_card_content/nfc/Amiibo/Amiibo_Files/Amiibo_NFC/Animal_Crossing_Amiibo/Amiibo_Cards/Series_2/Olivia.nfc,nfc,Amiibo,UberGuidoZ_Amiibo_Tools,moved
sd_card_content/nfc/Amiibo/Amiibo_Files/Amiibo_NFC/Animal_Crossing_Amiibo/Amiibo_Cards/Series_2/Ozzie.nfc,nfc,Amiibo,UberGuidoZ_Amiibo_Tools,moved
sd_card_content/nfc/Amiibo/Amiibo_Files/Amiibo_NFC/Animal_Crossing_Amiibo/Amiibo_Cards/Series_2/Beau.nfc,nfc,Amiibo,UberGuidoZ_Amiibo_Tools,moved
sd_card_content/nfc/Amiibo/Amiibo_Files/Amiibo_NFC/Animal_Crossing_Amiibo/Amiibo_Cards/Series_2/Copper.nfc,nfc,Amiibo,UberGuidoZ_Amiibo_Tools,moved
sd_card_content/nfc/Amiibo/Amiibo_Files/Amiibo_NFC/Animal_Crossing_Amiibo/Amiibo_Cards/Series_2/Kid_Cat.nfc,nfc,Amiibo,UberGuidoZ_Amiibo_Tools,moved
sd_card_content/nfc/Amiibo/Amiibo_Files/Amiibo_NFC/Animal_Crossing_Amiibo/Amiibo_Cards/Series_2/Porter.nfc,nfc,Amiibo,UberGuidoZ_Amiibo_Tools,moved
sd_card_content/nfc/Amiibo/Amiibo_Files/Amiibo_NFC/Animal_Crossing_Amiibo/Amiibo_Cards/Series_2/Peck.nfc,nfc,Amiibo,UberGuidoZ_Amiibo_Tools,moved
sd_card_content/nfc/Amiibo/Amiibo_Files/Amiibo_NFC/Animal_Crossing_Amiibo/Amiibo_Cards/Series_2/Vladimir.nfc,nfc,Amiibo,UberGuidoZ_Amiibo_Tools,moved
sd_card_content/nfc/Amiibo/Amiibo_Files/Amiibo_NFC/Animal_Crossing_Amiibo/Amiibo_Cards/Series_2/Chops.nfc,nfc,Amiibo,UberGuidoZ_Amiibo_Tools,moved
sd_card_content/nfc/Amiibo/Amiibo_Files/Amiibo_NFC/Animal_Crossing_Amiibo/Amiibo_Cards/Series_2/Phoebe.nfc,nfc,Amiibo,UberGuidoZ_Amiibo_Tools,moved
sd_card_content/nfc/Amiibo/Amiibo_Files/Amiibo_NFC/Animal_Crossing_Amiibo/Amiibo_Cards/Series_2/Labelle.nfc,nfc,Amiibo,UberGuidoZ_Amiibo_Tools,moved
sd_card_content/nfc/Amiibo/Amiibo_Files/Amiibo_NFC/Animal_Crossing_Amiibo/Amiibo_Cards/Series_2/Sly.nfc,nfc,Amiibo,UberGuidoZ_Amiibo_Tools,moved
sd_card_content/nfc/Amiibo/Amiibo_Files/Amiibo_NFC/Animal_Crossing_Amiibo/Amiibo_Cards/Series_2/Vic.nfc,nfc,Amiibo,UberGuidoZ_Amiibo_Tools,moved
sd_card_content/nfc/Amiibo/Amiibo_Files/Amiibo_NFC/Animal_Crossing_Amiibo/Amiibo_Cards/Series_2/Charlise.nfc,nfc,Amiibo,UberGuidoZ_Amiibo_Tools,moved
sd_card_content/nfc/Amiibo/Amiibo_Files/Amiibo_NFC/Animal_Crossing_Amiibo/Amiibo_Cards/Series_2/Carmen.nfc,nfc,Amiibo,UberGuidoZ_Amiibo_Tools,moved
sd_card_content/nfc/Amiibo/Amiibo_Files/Amiibo_NFC/Animal_Crossing_Amiibo/Amiibo_Cards/Series_2/Alice.nfc,nfc,Amiibo,UberGuidoZ_Amiibo_Tools,moved
sd_card_content/nfc/Amiibo/Amiibo_Files/Amiibo_NFC/Animal_Crossing_Amiibo/Amiibo_Cards/Series_2/Wendy.nfc,nfc,Amiibo,UberGuidoZ_Amiibo_Tools,moved
sd_card_content/nfc/Amiibo/Amiibo_Files/Amiibo_NFC/Animal_Crossing_Amiibo/Amiibo_Cards/Series_2/Poncho.nfc,nfc,Amiibo,UberGuidoZ_Amiibo_Tools,moved
sd_card_content/nfc/Amiibo/Amiibo_Files/Amiibo_NFC/Animal_Crossing_Amiibo/Amiibo_Cards/Series_2/Prince.nfc,nfc,Amiibo,UberGuidoZ_Amiibo_Tools,moved
sd_card_content/nfc/Amiibo/Amiibo_Files/Amiibo_NFC/Animal_Crossing_Amiibo/Amiibo_Cards/Series_2/Booker.nfc,nfc,Amiibo,UberGuidoZ_Amiibo_Tools,moved
sd_card_content/nfc/Amiibo/Amiibo_Files/Amiibo_NFC/Animal_Crossing_Amiibo/Amiibo_Cards/Series_2/Reese.nfc,nfc,Amiibo,UberGuidoZ_Amiibo_Tools,moved
sd_card_content/nfc/Amiibo/Amiibo_Files/Amiibo_NFC/Animal_Crossing_Amiibo/Amiibo_Cards/Series_2/Groucho.nfc,nfc,Amiibo,UberGuidoZ_Amiibo_Tools,moved
sd_card_content/nfc/Amiibo/Amiibo_Files/Amiibo_NFC/Animal_Crossing_Amiibo/Amiibo_Cards/Series_2/Chip.nfc,nfc,Amiibo,UberGuidoZ_Amiibo_Tools,moved
sd_card_content/nfc/Amiibo/Amiibo_Files/Amiibo_NFC/Animal_Crossing_Amiibo/Amiibo_Cards/Series_2/Nat.nfc,nfc,Amiibo,UberGuidoZ_Amiibo_Tools,moved
sd_card_content/nfc/Amiibo/Amiibo_Files/Amiibo_NFC/Animal_Crossing_Amiibo/Amiibo_Cards/Series_2/Zell.nfc,nfc,Amiibo,UberGuidoZ_Amiibo_Tools,moved
sd_card_content/nfc/Amiibo/Amiibo_Files/Amiibo_NFC/Animal_Crossing_Amiibo/Amiibo_Cards/Series_2/Kicks.nfc,nfc,Amiibo,UberGuidoZ_Amiibo_Tools,moved
sd_card_content/nfc/Amiibo/Amiibo_Files/Amiibo_NFC/Animal_Crossing_Amiibo/Amiibo_Cards/Series_2/Alfonso.nfc,nfc,Amiibo,UberGuidoZ_Amiibo_Tools,moved
sd_card_content/nfc/Amiibo/Amiibo_Files/Amiibo_NFC/Animal_Crossing_Amiibo/Amiibo_Cards/Series_2/Isabelle_Aut.nfc,nfc,Amiibo,UberGuidoZ_Amiibo_Tools,moved
sd_card_content/nfc/Amiibo/Amiibo_Files/Amiibo_NFC/Animal_Crossing_Amiibo/Amiibo_Cards/Series_2/Vesta.nfc,nfc,Amiibo,UberGuidoZ_Amiibo_Tools,moved
sd_card_content/nfc/Amiibo/Amiibo_Files/Amiibo_NFC/Animal_Crossing_Amiibo/Amiibo_Cards/Series_2/Kitt.nfc,nfc,Amiibo,UberGuidoZ_Amiibo_Tools,moved
sd_card_content/nfc/Amiibo/Amiibo_Files/Amiibo_NFC/Animal_Crossing_Amiibo/Amiibo_Cards/Series_2/Coach.nfc,nfc,Amiibo,UberGuidoZ_Amiibo_Tools,moved
sd_card_content/nfc/Amiibo/Amiibo_Files/Amiibo_NFC/Animal_Crossing_Amiibo/Amiibo_Cards/Series_2/Tipper.nfc,nfc,Amiibo,UberGuidoZ_Amiibo_Tools,moved
sd_card_content/nfc/Amiibo/Amiibo_Files/Amiibo_NFC/Animal_Crossing_Amiibo/Amiibo_Cards/Series_2/Hamphrey.nfc,nfc,Amiibo,UberGuidoZ_Amiibo_Tools,moved
sd_card_content/nfc/Amiibo/Amiibo_Files/Amiibo_NFC/Animal_Crossing_Amiibo/Amiibo_Cards/Series_2/Drake.nfc,nfc,Amiibo,UberGuidoZ_Amiibo_Tools,moved
sd_card_content/nfc/Amiibo/Amiibo_Files/Amiibo_NFC/Animal_Crossing_Amiibo/Amiibo_Cards/Series_2/Kitty.nfc,nfc,Amiibo,UberGuidoZ_Amiibo_Tools,moved
sd_card_content/nfc/Amiibo/Amiibo_Files/Amiibo_NFC/Animal_Crossing_Amiibo/Amiibo_Cards/Series_2/Timbra.nfc,nfc,Amiibo,UberGuidoZ_Amiibo_Tools,moved
sd_card_content/nfc/Amiibo/Amiibo_Files/Amiibo_NFC/Animal_Crossing_Amiibo/Amiibo_Cards/Series_2/Lucha.nfc,nfc,Amiibo,UberGuidoZ_Amiibo_Tools,moved
sd_card_content/nfc/Amiibo/Amiibo_Files/Amiibo_NFC/Animal_Crossing_Amiibo/Amiibo_Cards/Series_2/Jack.nfc,nfc,Amiibo,UberGuidoZ_Amiibo_Tools,moved
sd_card_content/nfc/Amiibo/Amiibo_Files/Amiibo_NFC/Animal_Crossing_Amiibo/Amiibo_Cards/Series_2/Agent_S.nfc,nfc,Amiibo,UberGuidoZ_Amiibo_Tools,moved
sd_card_content/nfc/Amiibo/Amiibo_Files/Amiibo_NFC/Animal_Crossing_Amiibo/Amiibo_Cards/Series_2/Don_Resetti.nfc,nfc,Amiibo,UberGuidoZ_Amiibo_Tools,moved
sd_card_content/nfc/Amiibo/Amiibo_Files/Amiibo_NFC/Animal_Crossing_Amiibo/Amiibo_Cards/Series_2/Gwen.nfc,nfc,Amiibo,UberGuidoZ_Amiibo_Tools,moved
sd_card_content/nfc/Amiibo/Amiibo_Files/Amiibo_NFC/Animal_Crossing_Amiibo/Amiibo_Cards/Series_2/Blanca.nfc,nfc,Amiibo,UberGuidoZ_Amiibo_Tools,moved
sd_card_content/nfc/Amiibo/Amiibo_Files/Amiibo_NFC/Animal_Crossing_Amiibo/Amiibo_Cards/Series_2/Julian.nfc,nfc,Amiibo,UberGuidoZ_Amiibo_Tools,moved
sd_card_content/nfc/Amiibo/Amiibo_Files/Amiibo_NFC/Animal_Crossing_Amiibo/Amiibo_Cards/Series_2/Freya.nfc,nfc,Amiibo,UberGuidoZ_Amiibo_Tools,moved
sd_card_content/nfc/Amiibo/Amiibo_Files/Amiibo_NFC/Animal_Crossing_Amiibo/Amiibo_Cards/Series_2/Kidd.nfc,nfc,Amiibo,UberGuidoZ_Amiibo_Tools,moved
sd_card_content/nfc/Amiibo/Amiibo_Files/Amiibo_NFC/Animal_Crossing_Amiibo/Amiibo_Cards/Series_2/Agnes.nfc,nfc,Amiibo,UberGuidoZ_Amiibo_Tools,moved
sd_card_content/nfc/Amiibo/Amiibo_Files/Amiibo_NFC/Animal_Crossing_Amiibo/Amiibo_Cards/Series_2/Whitney.nfc,nfc,Amiibo,UberGuidoZ_Amiibo_Tools,moved
sd_card_content/nfc/Amiibo/Amiibo_Files/Amiibo_NFC/Animal_Crossing_Amiibo/Amiibo_Cards/Series_2/Avery.nfc,nfc,Amiibo,UberGuidoZ_Amiibo_Tools,moved
sd_card_content/nfc/Amiibo/Amiibo_Files/Amiibo_NFC/Animal_Crossing_Amiibo/Amiibo_Cards/Series_2/Fuchsia.nfc,nfc,Amiibo,UberGuidoZ_Amiibo_Tools,moved
sd_card_content/nfc/Amiibo/Amiibo_Files/Amiibo_NFC/Animal_Crossing_Amiibo/Amiibo_Cards/Series_2/Nana.nfc,nfc,Amiibo,UberGuidoZ_Amiibo_Tools,moved
sd_card_content/nfc/Amiibo/Amiibo_Files/Amiibo_NFC/Animal_Crossing_Amiibo/Amiibo_Cards/Series_2/Tommy.nfc,nfc,Amiibo,UberGuidoZ_Amiibo_Tools,moved
sd_card_content/nfc/Amiibo/Amiibo_Files/Amiibo_NFC/Animal_Crossing_Amiibo/Amiibo_Cards/Series_2/Bettina.nfc,nfc,Amiibo,UberGuidoZ_Amiibo_Tools,moved
sd_card_content/nfc/Amiibo/Amiibo_Files/Amiibo_NFC/Animal_Crossing_Amiibo/Amiibo_Cards/Series_2/Cookie.nfc,nfc,Amiibo,UberGuidoZ_Amiibo_Tools,moved
sd_card_content/nfc/Amiibo/Amiibo_Files/Amiibo_NFC/Animal_Crossing_Amiibo/Amiibo_Cards/Series_2/Bianca.nfc,nfc,Amiibo,UberGuidoZ_Amiibo_Tools,moved
sd_card_content/nfc/Amiibo/Amiibo_Files/Amiibo_NFC/Animal_Crossing_Amiibo/Amiibo_Cards/Series_2/Savannah.nfc,nfc,Amiibo,UberGuidoZ_Amiibo_Tools,moved
sd_card_content/nfc/Amiibo/Amiibo_Files/Amiibo_NFC/Animal_Crossing_Amiibo/Amiibo_Cards/Series_2/Bud.nfc,nfc,Amiibo,UberGuidoZ_Amiibo_Tools,moved
sd_card_content/nfc/Amiibo/Amiibo_Files/Amiibo_NFC/Animal_Crossing_Amiibo/Amiibo_Cards/Series_2/Sprinkle.nfc,nfc,Amiibo,UberGuidoZ_Amiibo_Tools,moved
sd_card_content/nfc/Amiibo/Amiibo_Files/Amiibo_NFC/Animal_Crossing_Amiibo/Amiibo_Cards/Series_2/Camofrog.nfc,nfc,Amiibo,UberGuidoZ_Amiibo_Tools,moved
sd_card_content/nfc/Amiibo/Amiibo_Files/Amiibo_NFC/Animal_Crossing_Amiibo/Amiibo_Cards/Series_2/Nan.nfc,nfc,Amiibo,UberGuidoZ_Amiibo_Tools,moved
sd_card_content/nfc/Amiibo/Amiibo_Files/Amiibo_NFC/Animal_Crossing_Amiibo/Amiibo_Cards/Series_2/Ruby.nfc,nfc,Amiibo,UberGuidoZ_Amiibo_Tools,moved
sd_card_content/nfc/Amiibo/Amiibo_Files/Amiibo_NFC/Animal_Crossing_Amiibo/Amiibo_Cards/Series_2/Egbert.nfc,nfc,Amiibo,UberGuidoZ_Amiibo_Tools,moved
sd_card_content/nfc/Amiibo/Amiibo_Files/Amiibo_NFC/Animal_Crossing_Amiibo/Amiibo_Cards/Series_2/Scoot.nfc,nfc,Amiibo,UberGuidoZ_Amiibo_Tools,moved
sd_card_content/nfc/Amiibo/Amiibo_Files/Amiibo_NFC/Animal_Crossing_Amiibo/Amiibo_Cards/Series_2/Coco.nfc,nfc,Amiibo,UberGuidoZ_Amiibo_Tools,moved
sd_card_content/nfc/Amiibo/Amiibo_Files/Amiibo_NFC/Animal_Crossing_Amiibo/Amiibo_Cards/Sanrio_Cards/Marty.nfc,nfc,Amiibo,UberGuidoZ_Amiibo_Tools,moved
sd_card_content/nfc/Amiibo/Amiibo_Files/Amiibo_NFC/Animal_Crossing_Amiibo/Amiibo_Cards/Sanrio_Cards/Rilla.nfc,nfc,Amiibo,UberGuidoZ_Amiibo_Tools,moved
sd_card_content/nfc/Amiibo/Amiibo_Files/Amiibo_NFC/Animal_Crossing_Amiibo/Amiibo_Cards/Sanrio_Cards/Chelsea.nfc,nfc,Amiibo,UberGuidoZ_Amiibo_Tools,moved
sd_card_content/nfc/Amiibo/Amiibo_Files/Amiibo_NFC/Animal_Crossing_Amiibo/Amiibo_Cards/Sanrio_Cards/Chai.nfc,nfc,Amiibo,UberGuidoZ_Amiibo_Tools,moved
sd_card_content/nfc/Amiibo/Amiibo_Files/Amiibo_NFC/Animal_Crossing_Amiibo/Amiibo_Cards/Sanrio_Cards/Etoile.nfc,nfc,Amiibo,UberGuidoZ_Amiibo_Tools,moved
sd_card_content/nfc/Amiibo/Amiibo_Files/Amiibo_NFC/Animal_Crossing_Amiibo/Amiibo_Cards/Sanrio_Cards/Toby.nfc,nfc,Amiibo,UberGuidoZ_Amiibo_Tools,moved
sd_card_content/nfc/Amiibo/Amiibo_Files/Amiibo_NFC/Animal_Crossing_Amiibo/Amiibo_Cards/Welcome_Amiibo/Maddie.nfc,nfc,Amiibo,UberGuidoZ_Amiibo_Tools,moved
sd_card_content/nfc/Amiibo/Amiibo_Files/Amiibo_NFC/Animal_Crossing_Amiibo/Amiibo_Cards/Welcome_Amiibo/Norma.nfc,nfc,Amiibo,UberGuidoZ_Amiibo_Tools,moved
sd_card_content/nfc/Amiibo/Amiibo_Files/Amiibo_NFC/Animal_Crossing_Amiibo/Amiibo_Cards/Welcome_Amiibo/Cleo.nfc,nfc,Amiibo,UberGuidoZ_Amiibo_Tools,moved
sd_card_content/nfc/Amiibo/Amiibo_Files/Amiibo_NFC/Animal_Crossing_Amiibo/Amiibo_Cards/Welcome_Amiibo/Boris.nfc,nfc,Amiibo,UberGuidoZ_Amiibo_Tools,moved
sd_card_content/nfc/Amiibo/Amiibo_Files/Amiibo_NFC/Animal_Crossing_Amiibo/Amiibo_Cards/Welcome_Amiibo/Claude.nfc,nfc,Amiibo,UberGuidoZ_Amiibo_Tools,moved
sd_card_content/nfc/Amiibo/Amiibo_Files/Amiibo_NFC/Animal_Crossing_Amiibo/Amiibo_Cards/Welcome_Amiibo/Vivian.nfc,nfc,Amiibo,UberGuidoZ_Amiibo_Tools,moved
sd_card_content/nfc/Amiibo/Amiibo_Files/Amiibo_NFC/Animal_Crossing_Amiibo/Amiibo_Cards/Welcome_Amiibo/Candi.nfc,nfc,Amiibo,UberGuidoZ_Amiibo_Tools,moved
sd_card_content/nfc/Amiibo/Amiibo_Files/Amiibo_NFC/Animal_Crossing_Amiibo/Amiibo_Cards/Welcome_Amiibo/Julia.nfc,nfc,Amiibo,UberGuidoZ_Amiibo_Tools,moved
sd_card_content/nfc/Amiibo/Amiibo_Files/Amiibo_NFC/Animal_Crossing_Amiibo/Amiibo_Cards/Welcome_Amiibo/Piper.nfc,nfc,Amiibo,UberGuidoZ_Amiibo_Tools,moved
sd_card_content/nfc/Amiibo/Amiibo_Files/Amiibo_NFC/Animal_Crossing_Amiibo/Amiibo_Cards/Welcome_Amiibo/Spike.nfc,nfc,Amiibo,UberGuidoZ_Amiibo_Tools,moved
sd_card_content/nfc/Amiibo/Amiibo_Files/Amiibo_NFC/Animal_Crossing_Amiibo/Amiibo_Cards/Welcome_Amiibo/Tybalt.nfc,nfc,Amiibo,UberGuidoZ_Amiibo_Tools,moved
sd_card_content/nfc/Amiibo/Amiibo_Files/Amiibo_NFC/Animal_Crossing_Amiibo/Amiibo_Cards/Welcome_Amiibo/Tad.nfc,nfc,Amiibo,UberGuidoZ_Amiibo_Tools,moved
sd_card_content/nfc/Amiibo/Amiibo_Files/Amiibo_NFC/Animal_Crossing_Amiibo/Amiibo_Cards/Welcome_Amiibo/Sylvana.nfc,nfc,Amiibo,UberGuidoZ_Amiibo_Tools,moved
sd_card_content/nfc/Amiibo/Amiibo_Files/Amiibo_NFC/Animal_Crossing_Amiibo/Amiibo_Cards/Welcome_Amiibo/Leopold.nfc,nfc,Amiibo,UberGuidoZ_Amiibo_Tools,moved
sd_card_content/nfc/Amiibo/Amiibo_Files/Amiibo_NFC/Animal_Crossing_Amiibo/Amiibo_Cards/Welcome_Amiibo/Dobie.nfc,nfc,Amiibo,UberGuidoZ_Amiibo_Tools,moved
sd_card_content/nfc/Amiibo/Amiibo_Files/Amiibo_NFC/Animal_Crossing_Amiibo/Amiibo_Cards/Welcome_Amiibo/Tasha.nfc,nfc,Amiibo,UberGuidoZ_Amiibo_Tools,moved
sd_card_content/nfc/Amiibo/Amiibo_Files/Amiibo_NFC/Animal_Crossing_Amiibo/Amiibo_Cards/Welcome_Amiibo/June.nfc,nfc,Amiibo,UberGuidoZ_Amiibo_Tools,moved
sd_card_content/nfc/Amiibo/Amiibo_Files/Amiibo_NFC/Animal_Crossing_Amiibo/Amiibo_Cards/Welcome_Amiibo/Sandy.nfc,nfc,Amiibo,UberGuidoZ_Amiibo_Tools,moved
sd_card_content/nfc/Amiibo/Amiibo_Files/Amiibo_NFC/Animal_Crossing_Amiibo/Amiibo_Cards/Welcome_Amiibo/Snooty.nfc,nfc,Amiibo,UberGuidoZ_Amiibo_Tools,moved
sd_card_content/nfc/Amiibo/Amiibo_Files/Amiibo_NFC/Animal_Crossing_Amiibo/Amiibo_Cards/Welcome_Amiibo/Louie.nfc,nfc,Amiibo,UberGuidoZ_Amiibo_Tools,moved
sd_card_content/nfc/Amiibo/Amiibo_Files/Amiibo_NFC/Animal_Crossing_Amiibo/Amiibo_Cards/Welcome_Amiibo/Rex.nfc,nfc,Amiibo,UberGuidoZ_Amiibo_Tools,moved
sd_card_content/nfc/Amiibo/Amiibo_Files/Amiibo_NFC/Animal_Crossing_Amiibo/Amiibo_Cards/Welcome_Amiibo/Raddle.nfc,nfc,Amiibo,UberGuidoZ_Amiibo_Tools,moved
sd_card_content/nfc/Amiibo/Amiibo_Files/Amiibo_NFC/Animal_Crossing_Amiibo/Amiibo_Cards/Welcome_Amiibo/Stella.nfc,nfc,Amiibo,UberGuidoZ_Amiibo_Tools,moved
sd_card_content/nfc/Amiibo/Amiibo_Files/Amiibo_NFC/Animal_Crossing_Amiibo/Amiibo_Cards/Welcome_Amiibo/Boots.nfc,nfc,Amiibo,UberGuidoZ_Amiibo_Tools,moved
sd_card_content/nfc/Amiibo/Amiibo_Files/Amiibo_NFC/Animal_Crossing_Amiibo/Amiibo_Cards/Welcome_Amiibo/Huck.nfc,nfc,Amiibo,UberGuidoZ_Amiibo_Tools,moved
sd_card_content/nfc/Amiibo/Amiibo_Files/Amiibo_NFC/Animal_Crossing_Amiibo/Amiibo_Cards/Welcome_Amiibo/Bea.nfc,nfc,Amiibo,UberGuidoZ_Amiibo_Tools,moved
sd_card_content/nfc/Amiibo/Amiibo_Files/Amiibo_NFC/Animal_Crossing_Amiibo/Amiibo_Cards/Welcome_Amiibo/Weber.nfc,nfc,Amiibo,UberGuidoZ_Amiibo_Tools,moved
sd_card_content/nfc/Amiibo/Amiibo_Files/Amiibo_NFC/Animal_Crossing_Amiibo/Amiibo_Cards/Welcome_Amiibo/Ellie.nfc,nfc,Amiibo,UberGuidoZ_Amiibo_Tools,moved
sd_card_content/nfc/Amiibo/Amiibo_Files/Amiibo_NFC/Animal_Crossing_Amiibo/Amiibo_Cards/Welcome_Amiibo/Buzz.nfc,nfc,Amiibo,UberGuidoZ_Amiibo_Tools,moved
sd_card_content/nfc/Amiibo/Amiibo_Files/Amiibo_NFC/Animal_Crossing_Amiibo/Amiibo_Cards/Welcome_Amiibo/Ketchup.nfc,nfc,Amiibo,UberGuidoZ_Amiibo_Tools,moved
sd_card_content/nfc/Amiibo/Amiibo_Files/Amiibo_NFC/Animal_Crossing_Amiibo/Amiibo_Cards/Welcome_Amiibo/Gonzo.nfc,nfc,Amiibo,UberGuidoZ_Amiibo_Tools,moved
sd_card_content/nfc/Amiibo/Amiibo_Files/Amiibo_NFC/Animal_Crossing_Amiibo/Amiibo_Cards/Welcome_Amiibo/Boyd.nfc,nfc,Amiibo,UberGuidoZ_Amiibo_Tools,moved
sd_card_content/nfc/Amiibo/Amiibo_Files/Amiibo_NFC/Animal_Crossing_Amiibo/Amiibo_Cards/Welcome_Amiibo/Plucky.nfc,nfc,Amiibo,UberGuidoZ_Amiibo_Tools,moved
sd_card_content/nfc/Amiibo/Amiibo_Files/Amiibo_NFC/Animal_Crossing_Amiibo/Amiibo_Cards/Welcome_Amiibo/Hopkins.nfc,nfc,Amiibo,UberGuidoZ_Amiibo_Tools,moved
sd_card_content/nfc/Amiibo/Amiibo_Files/Amiibo_NFC/Animal_Crossing_Amiibo/Amiibo_Cards/Welcome_Amiibo/Cashmere.nfc,nfc,Amiibo,UberGuidoZ_Amiibo_Tools,moved
sd_card_content/nfc/Amiibo/Amiibo_Files/Amiibo_NFC/Animal_Crossing_Amiibo/Amiibo_Cards/Welcome_Amiibo/Wade.nfc,nfc,Amiibo,UberGuidoZ_Amiibo_Tools,moved
sd_card_content/nfc/Amiibo/Amiibo_Files/Amiibo_NFC/Animal_Crossing_Amiibo/Amiibo_Cards/Welcome_Amiibo/Stu.nfc,nfc,Amiibo,UberGuidoZ_Amiibo_Tools,moved
sd_card_content/nfc/Amiibo/Amiibo_Files/Amiibo_NFC/Animal_Crossing_Amiibo/Amiibo_Cards/Welcome_Amiibo/Admiral.nfc,nfc,Amiibo,UberGuidoZ_Amiibo_Tools,moved
sd_card_content/nfc/Amiibo/Amiibo_Files/Amiibo_NFC/Animal_Crossing_Amiibo/Amiibo_Cards/Welcome_Amiibo/Olive.nfc,nfc,Amiibo,UberGuidoZ_Amiibo_Tools,moved
sd_card_content/nfc/Amiibo/Amiibo_Files/Amiibo_NFC/Animal_Crossing_Amiibo/Amiibo_Cards/Welcome_Amiibo/Jacob.nfc,nfc,Amiibo,UberGuidoZ_Amiibo_Tools,moved
sd_card_content/nfc/Amiibo/Amiibo_Files/Amiibo_NFC/Animal_Crossing_Amiibo/Amiibo_Cards/Welcome_Amiibo/Murphy.nfc,nfc,Amiibo,UberGuidoZ_Amiibo_Tools,moved
sd_card_content/nfc/Amiibo/Amiibo_Files/Amiibo_NFC/Animal_Crossing_Amiibo/Amiibo_Cards/Welcome_Amiibo/Carrie.nfc,nfc,Amiibo,UberGuidoZ_Amiibo_Tools,moved
sd_card_content/nfc/Amiibo/Amiibo_Files/Amiibo_NFC/Animal_Crossing_Amiibo/Amiibo_Cards/Welcome_Amiibo/Ike.nfc,nfc,Amiibo,UberGuidoZ_Amiibo_Tools,moved
sd_card_content/nfc/Amiibo/Amiibo_Files/Amiibo_NFC/Animal_Crossing_Amiibo/Amiibo_Cards/Welcome_Amiibo/Billy.nfc,nfc,Amiibo,UberGuidoZ_Amiibo_Tools,moved
sd_card_content/nfc/Amiibo/Amiibo_Files/Amiibo_NFC/Animal_Crossing_Amiibo/Amiibo_Cards/Welcome_Amiibo/Bitty.nfc,nfc,Amiibo,UberGuidoZ_Amiibo_Tools,moved
sd_card_content/nfc/Amiibo/Amiibo_Files/Amiibo_NFC/Animal_Crossing_Amiibo/Amiibo_Cards/Welcome_Amiibo/Paolo.nfc,nfc,Amiibo,UberGuidoZ_Amiibo_Tools,moved
sd_card_content/nfc/Amiibo/Amiibo_Files/Amiibo_NFC/Animal_Crossing_Amiibo/Amiibo_Cards/Welcome_Amiibo/Sprocket.nfc,nfc,Amiibo,UberGuidoZ_Amiibo_Tools,moved
sd_card_content/nfc/Amiibo/Amiibo_Files/Amiibo_NFC/Animal_Crossing_Amiibo/Amiibo_Cards/Welcome_Amiibo/Hornsby.nfc,nfc,Amiibo,UberGuidoZ_Amiibo_Tools,moved
sd_card_content/nfc/Amiibo/Amiibo_Files/Amiibo_NFC/Animal_Crossing_Amiibo/Amiibo_Cards/Welcome_Amiibo/Ursala.nfc,nfc,Amiibo,UberGuidoZ_Amiibo_Tools,moved
sd_card_content/nfc/Amiibo/Amiibo_Files/Amiibo_NFC/Animal_Crossing_Amiibo/Amiibo_Cards/Welcome_Amiibo/Maggie.nfc,nfc,Amiibo,UberGuidoZ_Amiibo_Tools,moved
sd_card_content/nfc/Amiibo/Amiibo_Files/Amiibo_NFC/Animal_Crossing_Amiibo/Amiibo_Cards/Special_Edition/Isabelle.nfc,nfc,Amiibo,UberGuidoZ_Amiibo_Tools,moved
sd_card_content/nfc/Amiibo/Amiibo_Files/Amiibo_NFC/Animal_Crossing_Amiibo/Amiibo_Cards/Special_Edition/KK_Slider.nfc,nfc,Amiibo,UberGuidoZ_Amiibo_Tools,moved
sd_card_content/nfc/Amiibo/Amiibo_Files/Amiibo_NFC/Animal_Crossing_Amiibo/Amiibo_Cards/Amiibo_Festival/Rosie.nfc,nfc,Amiibo,UberGuidoZ_Amiibo_Tools,moved
sd_card_content/nfc/Amiibo/Amiibo_Files/Amiibo_NFC/Animal_Crossing_Amiibo/Amiibo_Cards/Amiibo_Festival/Stitches.nfc,nfc,Amiibo,UberGuidoZ_Amiibo_Tools,moved
sd_card_content/nfc/Amiibo/Amiibo_Files/Amiibo_NFC/Animal_Crossing_Amiibo/Amiibo_Cards/Amiibo_Festival/Goldie.nfc,nfc,Amiibo,UberGuidoZ_Amiibo_Tools,moved
sd_card_content/nfc/Amiibo/Amiibo_Files/Amiibo_NFC/Animal_Crossing_Amiibo/Amiibo_Cards/Series_1/Luna.nfc,nfc,Amiibo,UberGuidoZ_Amiibo_Tools,moved
sd_card_content/nfc/Amiibo/Amiibo_Files/Amiibo_NFC/Animal_Crossing_Amiibo/Amiibo_Cards/Series_1/Digby.nfc,nfc,Amiibo,UberGuidoZ_Amiibo_Tools,moved
sd_card_content/nfc/Amiibo/Amiibo_Files/Amiibo_NFC/Animal_Crossing_Amiibo/Amiibo_Cards/Series_1/Isabelle.nfc,nfc,Amiibo,UberGuidoZ_Amiibo_Tools,moved
sd_card_content/nfc/Amiibo/Amiibo_Files/Amiibo_NFC/Animal_Crossing_Amiibo/Amiibo_Cards/Series_1/Pancetti.nfc,nfc,Amiibo,UberGuidoZ_Amiibo_Tools,moved
sd_card_content/nfc/Amiibo/Amiibo_Files/Amiibo_NFC/Animal_Crossing_Amiibo/Amiibo_Cards/Series_1/Yuka.nfc,nfc,Amiibo,UberGuidoZ_Amiibo_Tools,moved
sd_card_content/nfc/Amiibo/Amiibo_Files/Amiibo_NFC/Animal_Crossing_Amiibo/Amiibo_Cards/Series_1/Renee.nfc,nfc,Amiibo,UberGuidoZ_Amiibo_Tools,moved
sd_card_content/nfc/Amiibo/Amiibo_Files/Amiibo_NFC/Animal_Crossing_Amiibo/Amiibo_Cards/Series_1/Roald.nfc,nfc,Amiibo,UberGuidoZ_Amiibo_Tools,moved
sd_card_content/nfc/Amiibo/Amiibo_Files/Amiibo_NFC/Animal_Crossing_Amiibo/Amiibo_Cards/Series_1/Clay.nfc,nfc,Amiibo,UberGuidoZ_Amiibo_Tools,moved
sd_card_content/nfc/Amiibo/Amiibo_Files/Amiibo_NFC/Animal_Crossing_Amiibo/Amiibo_Cards/Series_1/Curt.nfc,nfc,Amiibo,UberGuidoZ_Amiibo_Tools,moved
sd_card_content/nfc/Amiibo/Amiibo_Files/Amiibo_NFC/Animal_Crossing_Amiibo/Amiibo_Cards/Series_1/Cherry.nfc,nfc,Amiibo,UberGuidoZ_Amiibo_Tools,moved
sd_card_content/nfc/Amiibo/Amiibo_Files/Amiibo_NFC/Animal_Crossing_Amiibo/Amiibo_Cards/Series_1/Poppy.nfc,nfc,Amiibo,UberGuidoZ_Amiibo_Tools,moved
sd_card_content/nfc/Amiibo/Amiibo_Files/Amiibo_NFC/Animal_Crossing_Amiibo/Amiibo_Cards/Series_1/Midge.nfc,nfc,Amiibo,UberGuidoZ_Amiibo_Tools,moved
sd_card_content/nfc/Amiibo/Amiibo_Files/Amiibo_NFC/Animal_Crossing_Amiibo/Amiibo_Cards/Series_1/Knox.nfc,nfc,Amiibo,UberGuidoZ_Amiibo_Tools,moved
sd_card_content/nfc/Amiibo/Amiibo_Files/Amiibo_NFC/Animal_Crossing_Amiibo/Amiibo_Cards/Series_1/Deena.nfc,nfc,Amiibo,UberGuidoZ_Amiibo_Tools,moved
sd_card_content/nfc/Amiibo/Amiibo_Files/Amiibo_NFC/Animal_Crossing_Amiibo/Amiibo_Cards/Series_1/Rosco.nfc,nfc,Amiibo,UberGuidoZ_Amiibo_Tools,moved
sd_card_content/nfc/Amiibo/Amiibo_Files/Amiibo_NFC/Animal_Crossing_Amiibo/Amiibo_Cards/Series_1/Annalisa.nfc,nfc,Amiibo,UberGuidoZ_Amiibo_Tools,moved
sd_card_content/nfc/Amiibo/Amiibo_Files/Amiibo_NFC/Animal_Crossing_Amiibo/Amiibo_Cards/Series_1/Quillson.nfc,nfc,Amiibo,UberGuidoZ_Amiibo_Tools,moved
sd_card_content/nfc/Amiibo/Amiibo_Files/Amiibo_NFC/Animal_Crossing_Amiibo/Amiibo_Cards/Series_1/Al.nfc,nfc,Amiibo,UberGuidoZ_Amiibo_Tools,moved
sd_card_content/nfc/Amiibo/Amiibo_Files/Amiibo_NFC/Animal_Crossing_Amiibo/Amiibo_Cards/Series_1/Tutu.nfc,nfc,Amiibo,UberGuidoZ_Amiibo_Tools,moved
sd_card_content/nfc/Amiibo/Amiibo_Files/Amiibo_NFC/Animal_Crossing_Amiibo/Amiibo_Cards/Series_1/Joan.nfc,nfc,Amiibo,UberGuidoZ_Amiibo_Tools,moved
sd_card_content/nfc/Amiibo/Amiibo_Files/Amiibo_NFC/Animal_Crossing_Amiibo/Amiibo_Cards/Series_1/Flurry.nfc,nfc,Amiibo,UberGuidoZ_Amiibo_Tools,moved
sd_card_content/nfc/Amiibo/Amiibo_Files/Amiibo_NFC/Animal_Crossing_Amiibo/Amiibo_Cards/Series_1/Benjamin.nfc,nfc,Amiibo,UberGuidoZ_Amiibo_Tools,moved
sd_card_content/nfc/Amiibo/Amiibo_Files/Amiibo_NFC/Animal_Crossing_Amiibo/Amiibo_Cards/Series_1/Lopez.nfc,nfc,Amiibo,UberGuidoZ_Amiibo_Tools,moved
sd_card_content/nfc/Amiibo/Amiibo_Files/Amiibo_NFC/Animal_Crossing_Amiibo/Amiibo_Cards/Series_1/Bill.nfc,nfc,Amiibo,UberGuidoZ_Amiibo_Tools,moved
sd_card_content/nfc/Amiibo/Amiibo_Files/Amiibo_NFC/Animal_Crossing_Amiibo/Amiibo_Cards/Series_1/Henry.nfc,nfc,Amiibo,UberGuidoZ_Amiibo_Tools,moved
sd_card_content/nfc/Amiibo/Amiibo_Files/Amiibo_NFC/Animal_Crossing_Amiibo/Amiibo_Cards/Series_1/Diana.nfc,nfc,Amiibo,UberGuidoZ_Amiibo_Tools,moved
sd_card_content/nfc/Amiibo/Amiibo_Files/Amiibo_NFC/Animal_Crossing_Amiibo/Amiibo_Cards/Series_1/Opal.nfc,nfc,Amiibo,UberGuidoZ_Amiibo_Tools,moved
sd_card_content/nfc/Amiibo/Amiibo_Files/Amiibo_NFC/Animal_Crossing_Amiibo/Amiibo_Cards/Series_1/Lyle.nfc,nfc,Amiibo,UberGuidoZ_Amiibo_Tools,moved
sd_card_content/nfc/Amiibo/Amiibo_Files/Amiibo_NFC/Animal_Crossing_Amiibo/Amiibo_Cards/Series_1/Muffy.nfc,nfc,Amiibo,UberGuidoZ_Amiibo_Tools,moved
sd_card_content/nfc/Amiibo/Amiibo_Files/Amiibo_NFC/Animal_Crossing_Amiibo/Amiibo_Cards/Series_1/Bob.nfc,nfc,Amiibo,UberGuidoZ_Amiibo_Tools,moved
sd_card_content/nfc/Amiibo/Amiibo_Files/Amiibo_NFC/Animal_Crossing_Amiibo/Amiibo_Cards/Series_1/Cobb.nfc,nfc,Amiibo,UberGuidoZ_Amiibo_Tools,moved
sd_card_content/nfc/Amiibo/Amiibo_Files/Amiibo_NFC/Animal_Crossing_Amiibo/Amiibo_Cards/Series_1/Mint.nfc,nfc,Amiibo,UberGuidoZ_Amiibo_Tools,moved
sd_card_content/nfc/Amiibo/Amiibo_Files/Amiibo_NFC/Animal_Crossing_Amiibo/Amiibo_Cards/Series_1/Eunice.nfc,nfc,Amiibo,UberGuidoZ_Amiibo_Tools,moved
sd_card_content/nfc/Amiibo/Amiibo_Files/Amiibo_NFC/Animal_Crossing_Amiibo/Amiibo_Cards/Series_1/Sahara.nfc,nfc,Amiibo,UberGuidoZ_Amiibo_Tools,moved
sd_card_content/nfc/Amiibo/Amiibo_Files/Amiibo_NFC/Animal_Crossing_Amiibo/Amiibo_Cards/Series_1/Nate.nfc,nfc,Amiibo,UberGuidoZ_Amiibo_Tools,moved
sd_card_content/nfc/Amiibo/Amiibo_Files/Amiibo_NFC/Animal_Crossing_Amiibo/Amiibo_Cards/Series_1/Bertha.nfc,nfc,Amiibo,UberGuidoZ_Amiibo_Tools,moved
sd_card_content/nfc/Amiibo/Amiibo_Files/Amiibo_NFC/Animal_Crossing_Amiibo/Amiibo_Cards/Series_1/Cheri.nfc,nfc,Amiibo,UberGuidoZ_Amiibo_Tools,moved
sd_card_content/nfc/Amiibo/Amiibo_Files/Amiibo_NFC/Animal_Crossing_Amiibo/Amiibo_Cards/Series_1/Portia.nfc,nfc,Amiibo,UberGuidoZ_Amiibo_Tools,moved
sd_card_content/nfc/Amiibo/Amiibo_Files/Amiibo_NFC/Animal_Crossing_Amiibo/Amiibo_Cards/Series_1/Amelia.nfc,nfc,Amiibo,UberGuidoZ_Amiibo_Tools,moved
sd_card_content/nfc/Amiibo/Amiibo_Files/Amiibo_NFC/Animal_Crossing_Amiibo/Amiibo_Cards/Series_1/Samson.nfc,nfc,Amiibo,UberGuidoZ_Amiibo_Tools,moved
sd_card_content/nfc/Amiibo/Amiibo_Files/Amiibo_NFC/Animal_Crossing_Amiibo/Amiibo_Cards/Series_1/Peanut.nfc,nfc,Amiibo,UberGuidoZ_Amiibo_Tools,moved
sd_card_content/nfc/Amiibo/Amiibo_Files/Amiibo_NFC/Animal_Crossing_Amiibo/Amiibo_Cards/Series_1/Tiffany.nfc,nfc,Amiibo,UberGuidoZ_Amiibo_Tools,moved
sd_card_content/nfc/Amiibo/Amiibo_Files/Amiibo_NFC/Animal_Crossing_Amiibo/Amiibo_Cards/Series_1/Flo.nfc,nfc,Amiibo,UberGuidoZ_Amiibo_Tools,moved
sd_card_content/nfc/Amiibo/Amiibo_Files/Amiibo_NFC/Animal_Crossing_Amiibo/Amiibo_Cards/Series_1/Axel.nfc,nfc,Amiibo,UberGuidoZ_Amiibo_Tools,moved
sd_card_content/nfc/Amiibo/Amiibo_Files/Amiibo_NFC/Animal_Crossing_Amiibo/Amiibo_Cards/Series_1/Kyle.nfc,nfc,Amiibo,UberGuidoZ_Amiibo_Tools,moved
sd_card_content/nfc/Amiibo/Amiibo_Files/Amiibo_NFC/Animal_Crossing_Amiibo/Amiibo_Cards/Series_1/Cole.nfc,nfc,Amiibo,UberGuidoZ_Amiibo_Tools,moved
sd_card_content/nfc/Amiibo/Amiibo_Files/Amiibo_NFC/Animal_Crossing_Amiibo/Amiibo_Cards/Series_1/Tom_Nook.nfc,nfc,Amiibo,UberGuidoZ_Amiibo_Tools,moved
sd_card_content/nfc/Amiibo/Amiibo_Files/Amiibo_NFC/Animal_Crossing_Amiibo/Amiibo_Cards/Series_1/DJ_KK.nfc,nfc,Amiibo,UberGuidoZ_Amiibo_Tools,moved
sd_card_content/nfc/Amiibo/Amiibo_Files/Amiibo_NFC/Animal_Crossing_Amiibo/Amiibo_Cards/Series_1/Redd.nfc,nfc,Amiibo,UberGuidoZ_Amiibo_Tools,moved
sd_card_content/nfc/Amiibo/Amiibo_Files/Amiibo_NFC/Animal_Crossing_Amiibo/Amiibo_Cards/Series_1/Goose.nfc,nfc,Amiibo,UberGuidoZ_Amiibo_Tools,moved
sd_card_content/nfc/Amiibo/Amiibo_Files/Amiibo_NFC/Animal_Crossing_Amiibo/Amiibo_Cards/Series_1/Tortimer.nfc,nfc,Amiibo,UberGuidoZ_Amiibo_Tools,moved
sd_card_content/nfc/Amiibo/Amiibo_Files/Amiibo_NFC/Animal_Crossing_Amiibo/Amiibo_Cards/Series_1/Deli.nfc,nfc,Amiibo,UberGuidoZ_Amiibo_Tools,moved
sd_card_content/nfc/Amiibo/Amiibo_Files/Amiibo_NFC/Animal_Crossing_Amiibo/Amiibo_Cards/Series_1/Patty.nfc,nfc,Amiibo,UberGuidoZ_Amiibo_Tools,moved
sd_card_content/nfc/Amiibo/Amiibo_Files/Amiibo_NFC/Animal_Crossing_Amiibo/Amiibo_Cards/Series_1/Lottie.nfc,nfc,Amiibo,UberGuidoZ_Amiibo_Tools,moved
sd_card_content/nfc/Amiibo/Amiibo_Files/Amiibo_NFC/Animal_Crossing_Amiibo/Amiibo_Cards/Series_1/Cyrano.nfc,nfc,Amiibo,UberGuidoZ_Amiibo_Tools,moved
sd_card_content/nfc/Amiibo/Amiibo_Files/Amiibo_NFC/Animal_Crossing_Amiibo/Amiibo_Cards/Series_1/Timmy.nfc,nfc,Amiibo,UberGuidoZ_Amiibo_Tools,moved
sd_card_content/nfc/Amiibo/Amiibo_Files/Amiibo_NFC/Animal_Crossing_Amiibo/Amiibo_Cards/Series_1/Kabuki.nfc,nfc,Amiibo,UberGuidoZ_Amiibo_Tools,moved
sd_card_content/nfc/Amiibo/Amiibo_Files/Amiibo_NFC/Animal_Crossing_Amiibo/Amiibo_Cards/Series_1/Phil.nfc,nfc,Amiibo,UberGuidoZ_Amiibo_Tools,moved
sd_card_content/nfc/Amiibo/Amiibo_Files/Amiibo_NFC/Animal_Crossing_Amiibo/Amiibo_Cards/Series_1/Gigi.nfc,nfc,Amiibo,UberGuidoZ_Amiibo_Tools,moved
sd_card_content/nfc/Amiibo/Amiibo_Files/Amiibo_NFC/Animal_Crossing_Amiibo/Amiibo_Cards/Series_1/Bluebear.nfc,nfc,Amiibo,UberGuidoZ_Amiibo_Tools,moved
sd_card_content/nfc/Amiibo/Amiibo_Files/Amiibo_NFC/Animal_Crossing_Amiibo/Amiibo_Cards/Series_1/Bunnie.nfc,nfc,Amiibo,UberGuidoZ_Amiibo_Tools,moved
sd_card_content/nfc/Amiibo/Amiibo_Files/Amiibo_NFC/Animal_Crossing_Amiibo/Amiibo_Cards/Series_1/T-Bone.nfc,nfc,Amiibo,UberGuidoZ_Amiibo_Tools,moved
sd_card_content/nfc/Amiibo/Amiibo_Files/Amiibo_NFC/Animal_Crossing_Amiibo/Amiibo_Cards/Series_1/Sable.nfc,nfc,Amiibo,UberGuidoZ_Amiibo_Tools,moved
sd_card_content/nfc/Amiibo/Amiibo_Files/Amiibo_NFC/Animal_Crossing_Amiibo/Amiibo_Cards/Series_1/Resetti.nfc,nfc,Amiibo,UberGuidoZ_Amiibo_Tools,moved
sd_card_content/nfc/Amiibo/Amiibo_Files/Amiibo_NFC/Animal_Crossing_Amiibo/Amiibo_Cards/Series_1/Snake.nfc,nfc,Amiibo,UberGuidoZ_Amiibo_Tools,moved
sd_card_content/nfc/Amiibo/Amiibo_Files/Amiibo_NFC/Animal_Crossing_Amiibo/Amiibo_Cards/Series_1/Truffles.nfc,nfc,Amiibo,UberGuidoZ_Amiibo_Tools,moved
sd_card_content/nfc/Amiibo/Amiibo_Files/Amiibo_NFC/Animal_Crossing_Amiibo/Amiibo_Cards/Series_1/Puck.nfc,nfc,Amiibo,UberGuidoZ_Amiibo_Tools,moved
sd_card_content/nfc/Amiibo/Amiibo_Files/Amiibo_NFC/Animal_Crossing_Amiibo/Amiibo_Cards/Series_1/Kappn.nfc,nfc,Amiibo,UberGuidoZ_Amiibo_Tools,moved
sd_card_content/nfc/Amiibo/Amiibo_Files/Amiibo_NFC/Animal_Crossing_Amiibo/Amiibo_Cards/Series_1/Sterling.nfc,nfc,Amiibo,UberGuidoZ_Amiibo_Tools,moved
sd_card_content/nfc/Amiibo/Amiibo_Files/Amiibo_NFC/Animal_Crossing_Amiibo/Amiibo_Cards/Series_1/Walker.nfc,nfc,Amiibo,UberGuidoZ_Amiibo_Tools,moved
sd_card_content/nfc/Amiibo/Amiibo_Files/Amiibo_NFC/Animal_Crossing_Amiibo/Amiibo_Cards/Series_1/Bangle.nfc,nfc,Amiibo,UberGuidoZ_Amiibo_Tools,moved
sd_card_content/nfc/Amiibo/Amiibo_Files/Amiibo_NFC/Animal_Crossing_Amiibo/Amiibo_Cards/Series_1/Lionel.nfc,nfc,Amiibo,UberGuidoZ_Amiibo_Tools,moved
sd_card_content/nfc/Amiibo/Amiibo_Files/Amiibo_NFC/Animal_Crossing_Amiibo/Amiibo_Cards/Series_1/Fauna.nfc,nfc,Amiibo,UberGuidoZ_Amiibo_Tools,moved
sd_card_content/nfc/Amiibo/Amiibo_Files/Amiibo_NFC/Animal_Crossing_Amiibo/Amiibo_Cards/Series_1/Alli.nfc,nfc,Amiibo,UberGuidoZ_Amiibo_Tools,moved
sd_card_content/nfc/Amiibo/Amiibo_Files/Amiibo_NFC/Animal_Crossing_Amiibo/Amiibo_Cards/Series_1/Molly.nfc,nfc,Amiibo,UberGuidoZ_Amiibo_Tools,moved
sd_card_content/nfc/Amiibo/Amiibo_Files/Amiibo_NFC/Animal_Crossing_Amiibo/Amiibo_Cards/Series_1/Limberg.nfc,nfc,Amiibo,UberGuidoZ_Amiibo_Tools,moved
sd_card_content/nfc/Amiibo/Amiibo_Files/Amiibo_NFC/Animal_Crossing_Amiibo/Amiibo_Cards/Series_1/Punchy.nfc,nfc,Amiibo,UberGuidoZ_Amiibo_Tools,moved
sd_card_content/nfc/Amiibo/Amiibo_Files/Amiibo_NFC/Animal_Crossing_Amiibo/Amiibo_Cards/Series_1/Eugene.nfc,nfc,Amiibo,UberGuidoZ_Amiibo_Tools,moved
sd_card_content/nfc/Amiibo/Amiibo_Files/Amiibo_NFC/Animal_Crossing_Amiibo/Amiibo_Cards/Series_1/Harriet.nfc,nfc,Amiibo,UberGuidoZ_Amiibo_Tools,moved
sd_card_content/nfc/Amiibo/Amiibo_Files/Amiibo_NFC/Animal_Crossing_Amiibo/Amiibo_Cards/Series_1/Pudge.nfc,nfc,Amiibo,UberGuidoZ_Amiibo_Tools,moved
sd_card_content/nfc/Amiibo/Amiibo_Files/Amiibo_NFC/Animal_Crossing_Amiibo/Amiibo_Cards/Series_1/Marcie.nfc,nfc,Amiibo,UberGuidoZ_Amiibo_Tools,moved
sd_card_content/nfc/Amiibo/Amiibo_Files/Amiibo_NFC/Animal_Crossing_Amiibo/Amiibo_Cards/Series_1/Bonbon.nfc,nfc,Amiibo,UberGuidoZ_Amiibo_Tools,moved
sd_card_content/nfc/Amiibo/Amiibo_Files/Amiibo_NFC/Animal_Crossing_Amiibo/Amiibo_Cards/Series_1/Monique.nfc,nfc,Amiibo,UberGuidoZ_Amiibo_Tools,moved
sd_card_content/nfc/Amiibo/Amiibo_Files/Amiibo_NFC/Animal_Crossing_Amiibo/Amiibo_Cards/Series_1/Octavian.nfc,nfc,Amiibo,UberGuidoZ_Amiibo_Tools,moved
sd_card_content/nfc/Amiibo/Amiibo_Files/Amiibo_NFC/Animal_Crossing_Amiibo/Amiibo_Cards/Series_1/Bella.nfc,nfc,Amiibo,UberGuidoZ_Amiibo_Tools,moved
sd_card_content/nfc/Amiibo/Amiibo_Files/Amiibo_NFC/Animal_Crossing_Amiibo/Amiibo_Cards/Series_1/Gruff.nfc,nfc,Amiibo,UberGuidoZ_Amiibo_Tools,moved
sd_card_content/nfc/Amiibo/Amiibo_Files/Amiibo_NFC/Animal_Crossing_Amiibo/Amiibo_Cards/Series_1/Rasher.nfc,nfc,Amiibo,UberGuidoZ_Amiibo_Tools,moved
sd_card_content/nfc/Amiibo/Amiibo_Files/Amiibo_NFC/Animal_Crossing_Amiibo/Amiibo_Cards/Series_1/Jitters.nfc,nfc,Amiibo,UberGuidoZ_Amiibo_Tools,moved
sd_card_content/nfc/Amiibo/Amiibo_Files/Amiibo_NFC/Animal_Crossing_Amiibo/Amiibo_Cards/Series_1/Biff.nfc,nfc,Amiibo,UberGuidoZ_Amiibo_Tools,moved
sd_card_content/nfc/Amiibo/Amiibo_Files/Amiibo_NFC/Animal_Crossing_Amiibo/Amiibo_Cards/Series_1/Chief.nfc,nfc,Amiibo,UberGuidoZ_Amiibo_Tools,moved
sd_card_content/nfc/Amiibo/Amiibo_Files/Amiibo_NFC/Animal_Crossing_Amiibo/Amiibo_Cards/Series_1/Pascal.nfc,nfc,Amiibo,UberGuidoZ_Amiibo_Tools,moved
sd_card_content/nfc/Amiibo/Amiibo_Files/Amiibo_NFC/Animal_Crossing_Amiibo/Amiibo_Cards/Series_1/Winnie.nfc,nfc,Amiibo,UberGuidoZ_Amiibo_Tools,moved
sd_card_content/nfc/Amiibo/Amiibo_Files/Amiibo_NFC/Animal_Crossing_Amiibo/Amiibo_Cards/Series_1/Jambette.nfc,nfc,Amiibo,UberGuidoZ_Amiibo_Tools,moved
sd_card_content/nfc/Amiibo/Amiibo_Files/Amiibo_NFC/Animal_Crossing_Amiibo/Amiibo_Cards/Series_1/Leonardo.nfc,nfc,Amiibo,UberGuidoZ_Amiibo_Tools,moved
sd_card_content/nfc/Amiibo/Amiibo_Files/Amiibo_NFC/Animal_Crossing_Amiibo/Amiibo_Cards/Series_1/Shari.nfc,nfc,Amiibo,UberGuidoZ_Amiibo_Tools,moved
sd_card_content/nfc/Amiibo/Amiibo_Files/Amiibo_NFC/Animal_Crossing_Amiibo/Amiibo_Cards/Series_1/Willow.nfc,nfc,Amiibo,UberGuidoZ_Amiibo_Tools,moved
sd_card_content/nfc/Amiibo/Amiibo_Files/Amiibo_NFC/Animal_Crossing_Amiibo/Amiibo_Cards/Series_1/Jeremiah.nfc,nfc,Amiibo,UberGuidoZ_Amiibo_Tools,moved
sd_card_content/nfc/Amiibo/Amiibo_Files/Amiibo_NFC/Animal_Crossing_Amiibo/Amiibo_Cards/Series_1/Kiki.nfc,nfc,Amiibo,UberGuidoZ_Amiibo_Tools,moved
sd_card_content/nfc/Amiibo/Amiibo_Files/Amiibo_NFC/Animal_Crossing_Amiibo/Amiibo_Cards/Series_1/Sheldon.nfc,nfc,Amiibo,UberGuidoZ_Amiibo_Tools,moved
sd_card_content/nfc/Amiibo/Amiibo_Files/Amiibo_NFC/Animal_Crossing_Amiibo/Amiibo_Cards/Series_1/Clyde.nfc,nfc,Amiibo,UberGuidoZ_Amiibo_Tools,moved
sd_card_content/nfc/Amiibo/Amiibo_Files/Amiibo_NFC/Animal_Crossing_Amiibo/Amiibo_Cards/Series_5/Wardell.nfc,nfc,Amiibo,UberGuidoZ_Amiibo_Tools,moved
sd_card_content/nfc/Amiibo/Amiibo_Files/Amiibo_NFC/Animal_Crossing_Amiibo/Amiibo_Cards/Series_5/Shino.nfc,nfc,Amiibo,UberGuidoZ_Amiibo_Tools,moved
sd_card_content/nfc/Amiibo/Amiibo_Files/Amiibo_NFC/Animal_Crossing_Amiibo/Amiibo_Cards/Series_5/Isabelle.nfc,nfc,Amiibo,UberGuidoZ_Amiibo_Tools,moved
sd_card_content/nfc/Amiibo/Amiibo_Files/Amiibo_NFC/Animal_Crossing_Amiibo/Amiibo_Cards/Series_5/Mabel.nfc,nfc,Amiibo,UberGuidoZ_Amiibo_Tools,moved
sd_card_content/nfc/Amiibo/Amiibo_Files/Amiibo_NFC/Animal_Crossing_Amiibo/Amiibo_Cards/Series_5/Gulliver.nfc,nfc,Amiibo,UberGuidoZ_Amiibo_Tools,moved
sd_card_content/nfc/Amiibo/Amiibo_Files/Amiibo_NFC/Animal_Crossing_Amiibo/Amiibo_Cards/Series_5/Wilbur.nfc,nfc,Amiibo,UberGuidoZ_Amiibo_Tools,moved
sd_card_content/nfc/Amiibo/Amiibo_Files/Amiibo_NFC/Animal_Crossing_Amiibo/Amiibo_Cards/Series_5/Petri.nfc,nfc,Amiibo,UberGuidoZ_Amiibo_Tools,moved
sd_card_content/nfc/Amiibo/Amiibo_Files/Amiibo_NFC/Animal_Crossing_Amiibo/Amiibo_Cards/Series_5/Rio.nfc,nfc,Amiibo,UberGuidoZ_Amiibo_Tools,moved
sd_card_content/nfc/Amiibo/Amiibo_Files/Amiibo_NFC/Animal_Crossing_Amiibo/Amiibo_Cards/Series_5/Faith.nfc,nfc,Amiibo,UberGuidoZ_Amiibo_Tools,moved
sd_card_content/nfc/Amiibo/Amiibo_Files/Amiibo_NFC/Animal_Crossing_Amiibo/Amiibo_Cards/Series_5/Marlo.nfc,nfc,Amiibo,UberGuidoZ_Amiibo_Tools,moved
sd_card_content/nfc/Amiibo/Amiibo_Files/Amiibo_NFC/Animal_Crossing_Amiibo/Amiibo_Cards/Series_5/Azalea.nfc,nfc,Amiibo,UberGuidoZ_Amiibo_Tools,moved
sd_card_content/nfc/Amiibo/Amiibo_Files/Amiibo_NFC/Animal_Crossing_Amiibo/Amiibo_Cards/Series_5/Reneigh.nfc,nfc,Amiibo,UberGuidoZ_Amiibo_Tools,moved
sd_card_content/nfc/Amiibo/Amiibo_Files/Amiibo_NFC/Animal_Crossing_Amiibo/Amiibo_Cards/Series_5/Audie.nfc,nfc,Amiibo,UberGuidoZ_Amiibo_Tools,moved
sd_card_content/nfc/Amiibo/Amiibo_Files/Amiibo_NFC/Animal_Crossing_Amiibo/Amiibo_Cards/Series_5/KK_Slider.nfc,nfc,Amiibo,UberGuidoZ_Amiibo_Tools,moved
sd_card_content/nfc/Amiibo/Amiibo_Files/Amiibo_NFC/Animal_Crossing_Amiibo/Amiibo_Cards/Series_5/Niko.nfc,nfc,Amiibo,UberGuidoZ_Amiibo_Tools,moved
sd_card_content/nfc/Amiibo/Amiibo_Files/Amiibo_NFC/Animal_Crossing_Amiibo/Amiibo_Cards/Series_5/CJ.nfc,nfc,Amiibo,UberGuidoZ_Amiibo_Tools,moved
sd_card_content/nfc/Amiibo/Amiibo_Files/Amiibo_NFC/Animal_Crossing_Amiibo/Amiibo_Cards/Series_5/Ione.nfc,nfc,Amiibo,UberGuidoZ_Amiibo_Tools,moved
sd_card_content/nfc/Amiibo/Amiibo_Files/Amiibo_NFC/Animal_Crossing_Amiibo/Amiibo_Cards/Series_5/Roswell.nfc,nfc,Amiibo,UberGuidoZ_Amiibo_Tools,moved
sd_card_content/nfc/Amiibo/Amiibo_Files/Amiibo_NFC/Animal_Crossing_Amiibo/Amiibo_Cards/Series_5/Tom_Nook.nfc,nfc,Amiibo,UberGuidoZ_Amiibo_Tools,moved
sd_card_content/nfc/Amiibo/Amiibo_Files/Amiibo_NFC/Animal_Crossing_Amiibo/Amiibo_Cards/Series_5/Raymond.nfc,nfc,Amiibo,UberGuidoZ_Amiibo_Tools,moved
sd_card_content/nfc/Amiibo/Amiibo_Files/Amiibo_NFC/Animal_Crossing_Amiibo/Amiibo_Cards/Series_5/Tiansheng.nfc,nfc,Amiibo,UberGuidoZ_Amiibo_Tools,moved
sd_card_content/nfc/Amiibo/Amiibo_Files/Amiibo_NFC/Animal_Crossing_Amiibo/Amiibo_Cards/Series_5/Harvey.nfc,nfc,Amiibo,UberGuidoZ_Amiibo_Tools,moved
sd_card_content/nfc/Amiibo/Amiibo_Files/Amiibo_NFC/Animal_Crossing_Amiibo/Amiibo_Cards/Series_5/Zoe.nfc,nfc,Amiibo,UberGuidoZ_Amiibo_Tools,moved
sd_card_content/nfc/Amiibo/Amiibo_Files/Amiibo_NFC/Animal_Crossing_Amiibo/Amiibo_Cards/Series_5/Kicks.nfc,nfc,Amiibo,UberGuidoZ_Amiibo_Tools,moved
sd_card_content/nfc/Amiibo/Amiibo_Files/Amiibo_NFC/Animal_Crossing_Amiibo/Amiibo_Cards/Series_5/Tom_Nook_Coat.nfc,nfc,Amiibo,UberGuidoZ_Amiibo_Tools,moved
sd_card_content/nfc/Amiibo/Amiibo_Files/Amiibo_NFC/Animal_Crossing_Amiibo/Amiibo_Cards/Series_5/Sable.nfc,nfc,Amiibo,UberGuidoZ_Amiibo_Tools,moved
sd_card_content/nfc/Amiibo/Amiibo_Files/Amiibo_NFC/Animal_Crossing_Amiibo/Amiibo_Cards/Series_5/Orville.nfc,nfc,Amiibo,UberGuidoZ_Amiibo_Tools,moved
sd_card_content/nfc/Amiibo/Amiibo_Files/Amiibo_NFC/Animal_Crossing_Amiibo/Amiibo_Cards/Series_5/Sasha.nfc,nfc,Amiibo,UberGuidoZ_Amiibo_Tools,moved
sd_card_content/nfc/Amiibo/Amiibo_Files/Amiibo_NFC/Animal_Crossing_Amiibo/Amiibo_Cards/Series_5/Label.nfc,nfc,Amiibo,UberGuidoZ_Amiibo_Tools,moved
sd_card_content/nfc/Amiibo/Amiibo_Files/Amiibo_NFC/Animal_Crossing_Amiibo/Amiibo_Cards/Series_5/Saharah.nfc,nfc,Amiibo,UberGuidoZ_Amiibo_Tools,moved
sd_card_content/nfc/Amiibo/Amiibo_Files/Amiibo_NFC/Animal_Crossing_Amiibo/Amiibo_Cards/Series_5/Megan.nfc,nfc,Amiibo,UberGuidoZ_Amiibo_Tools,moved
sd_card_content/nfc/Amiibo/Amiibo_Files/Amiibo_NFC/Animal_Crossing_Amiibo/Amiibo_Cards/Series_5/Dom.nfc,nfc,Amiibo,UberGuidoZ_Amiibo_Tools,moved
sd_card_content/nfc/Amiibo/Amiibo_Files/Amiibo_NFC/Animal_Crossing_Amiibo/Amiibo_Cards/Series_5/Ace.nfc,nfc,Amiibo,UberGuidoZ_Amiibo_Tools,moved
sd_card_content/nfc/Amiibo/Amiibo_Files/Amiibo_NFC/Animal_Crossing_Amiibo/Amiibo_Cards/Series_5/Chabwick.nfc,nfc,Amiibo,UberGuidoZ_Amiibo_Tools,moved
sd_card_content/nfc/Amiibo/Amiibo_Files/Amiibo_NFC/Animal_Crossing_Amiibo/Amiibo_Cards/Series_5/Isabelle_Sweater.nfc,nfc,Amiibo,UberGuidoZ_Amiibo_Tools,moved
sd_card_content/nfc/Amiibo/Amiibo_Files/Amiibo_NFC/Animal_Crossing_Amiibo/Amiibo_Cards/Series_5/Cyd.nfc,nfc,Amiibo,UberGuidoZ_Amiibo_Tools,moved
sd_card_content/nfc/Amiibo/Amiibo_Files/Amiibo_NFC/Animal_Crossing_Amiibo/Amiibo_Cards/Series_5/Daisy_Mae.nfc,nfc,Amiibo,UberGuidoZ_Amiibo_Tools,moved
sd_card_content/nfc/Amiibo/Amiibo_Files/Amiibo_NFC/Animal_Crossing_Amiibo/Amiibo_Cards/Series_5/Blathers.nfc,nfc,Amiibo,UberGuidoZ_Amiibo_Tools,moved
sd_card_content/nfc/Amiibo/Amiibo_Files/Amiibo_NFC/Animal_Crossing_Amiibo/Amiibo_Cards/Series_5/Cephalobot.nfc,nfc,Amiibo,UberGuidoZ_Amiibo_Tools,moved
sd_card_content/nfc/Amiibo/Amiibo_Files/Amiibo_NFC/Animal_Crossing_Amiibo/Amiibo_Cards/Series_5/Celeste.nfc,nfc,Amiibo,UberGuidoZ_Amiibo_Tools,moved
sd_card_content/nfc/Amiibo/Amiibo_Files/Amiibo_NFC/Animal_Crossing_Amiibo/Amiibo_Cards/Series_5/Sherb.nfc,nfc,Amiibo,UberGuidoZ_Amiibo_Tools,moved
sd_card_content/nfc/Amiibo/Amiibo_Files/Amiibo_NFC/Animal_Crossing_Amiibo/Amiibo_Cards/Series_5/Timmy_and_Tommy.nfc,nfc,Amiibo,UberGuidoZ_Amiibo_Tools,moved
sd_card_content/nfc/Amiibo/Amiibo_Files/Amiibo_NFC/Animal_Crossing_Amiibo/Amiibo_Cards/Series_5/Wisp.nfc,nfc,Amiibo,UberGuidoZ_Amiibo_Tools,moved
sd_card_content/nfc/Amiibo/Amiibo_Files/Amiibo_NFC/Animal_Crossing_Amiibo/Amiibo_Cards/Series_5/Lottie_Island.nfc,nfc,Amiibo,UberGuidoZ_Amiibo_Tools,moved
sd_card_content/nfc/Amiibo/Amiibo_Files/Amiibo_NFC/Animal_Crossing_Amiibo/Amiibo_Cards/Series_5/Frett.nfc,nfc,Amiibo,UberGuidoZ_Amiibo_Tools,moved
sd_card_content/nfc/Amiibo/Amiibo_Files/Amiibo_NFC/Animal_Crossing_Amiibo/Amiibo_Cards/Series_5/Quinn.nfc,nfc,Amiibo,UberGuidoZ_Amiibo_Tools,moved
sd_card_content/nfc/Amiibo/Amiibo_Files/Amiibo_NFC/Animal_Crossing_Amiibo/Amiibo_Cards/Series_5/Judy.nfc,nfc,Amiibo,UberGuidoZ_Amiibo_Tools,moved
sd_card_content/nfc/Amiibo/Amiibo_Files/Amiibo_NFC/Animal_Crossing_Amiibo/Amiibo_Cards/Series_5/Flick.nfc,nfc,Amiibo,UberGuidoZ_Amiibo_Tools,moved
sd_card_content/nfc/Amiibo/Amiibo_Files/Amiibo_NFC/Animal_Crossing_Amiibo/Amiibo_Cards/Series_3/Joey.nfc,nfc,Amiibo,UberGuidoZ_Amiibo_Tools,moved
sd_card_content/nfc/Amiibo/Amiibo_Files/Amiibo_NFC/Animal_Crossing_Amiibo/Amiibo_Cards/Series_3/Digby.nfc,nfc,Amiibo,UberGuidoZ_Amiibo_Tools,moved
sd_card_content/nfc/Amiibo/Amiibo_Files/Amiibo_NFC/Animal_Crossing_Amiibo/Amiibo_Cards/Series_3/Bubbles.nfc,nfc,Amiibo,UberGuidoZ_Amiibo_Tools,moved
sd_card_content/nfc/Amiibo/Amiibo_Files/Amiibo_NFC/Animal_Crossing_Amiibo/Amiibo_Cards/Series_3/Flora.nfc,nfc,Amiibo,UberGuidoZ_Amiibo_Tools,moved
sd_card_content/nfc/Amiibo/Amiibo_Files/Amiibo_NFC/Animal_Crossing_Amiibo/Amiibo_Cards/Series_3/Isabelle.nfc,nfc,Amiibo,UberGuidoZ_Amiibo_Tools,moved
sd_card_content/nfc/Amiibo/Amiibo_Files/Amiibo_NFC/Animal_Crossing_Amiibo/Amiibo_Cards/Series_3/Mabel.nfc,nfc,Amiibo,UberGuidoZ_Amiibo_Tools,moved
sd_card_content/nfc/Amiibo/Amiibo_Files/Amiibo_NFC/Animal_Crossing_Amiibo/Amiibo_Cards/Series_3/Cube.nfc,nfc,Amiibo,UberGuidoZ_Amiibo_Tools,moved
sd_card_content/nfc/Amiibo/Amiibo_Files/Amiibo_NFC/Animal_Crossing_Amiibo/Amiibo_Cards/Series_3/Claudia.nfc,nfc,Amiibo,UberGuidoZ_Amiibo_Tools,moved
sd_card_content/nfc/Amiibo/Amiibo_Files/Amiibo_NFC/Animal_Crossing_Amiibo/Amiibo_Cards/Series_3/Baabara.nfc,nfc,Amiibo,UberGuidoZ_Amiibo_Tools,moved
sd_card_content/nfc/Amiibo/Amiibo_Files/Amiibo_NFC/Animal_Crossing_Amiibo/Amiibo_Cards/Series_3/Deirdre.nfc,nfc,Amiibo,UberGuidoZ_Amiibo_Tools,moved
sd_card_content/nfc/Amiibo/Amiibo_Files/Amiibo_NFC/Animal_Crossing_Amiibo/Amiibo_Cards/Series_3/Rodeo.nfc,nfc,Amiibo,UberGuidoZ_Amiibo_Tools,moved
sd_card_content/nfc/Amiibo/Amiibo_Files/Amiibo_NFC/Animal_Crossing_Amiibo/Amiibo_Cards/Series_3/Moe.nfc,nfc,Amiibo,UberGuidoZ_Amiibo_Tools,moved
sd_card_content/nfc/Amiibo/Amiibo_Files/Amiibo_NFC/Animal_Crossing_Amiibo/Amiibo_Cards/Series_3/Bree.nfc,nfc,Amiibo,UberGuidoZ_Amiibo_Tools,moved
sd_card_content/nfc/Amiibo/Amiibo_Files/Amiibo_NFC/Animal_Crossing_Amiibo/Amiibo_Cards/Series_3/Dora.nfc,nfc,Amiibo,UberGuidoZ_Amiibo_Tools,moved
sd_card_content/nfc/Amiibo/Amiibo_Files/Amiibo_NFC/Animal_Crossing_Amiibo/Amiibo_Cards/Series_3/Merry.nfc,nfc,Amiibo,UberGuidoZ_Amiibo_Tools,moved
sd_card_content/nfc/Amiibo/Amiibo_Files/Amiibo_NFC/Animal_Crossing_Amiibo/Amiibo_Cards/Series_3/Lily.nfc,nfc,Amiibo,UberGuidoZ_Amiibo_Tools,moved
sd_card_content/nfc/Amiibo/Amiibo_Files/Amiibo_NFC/Animal_Crossing_Amiibo/Amiibo_Cards/Series_3/Hazel.nfc,nfc,Amiibo,UberGuidoZ_Amiibo_Tools,moved
sd_card_content/nfc/Amiibo/Amiibo_Files/Amiibo_NFC/Animal_Crossing_Amiibo/Amiibo_Cards/Series_3/Lyman.nfc,nfc,Amiibo,UberGuidoZ_Amiibo_Tools,moved
sd_card_content/nfc/Amiibo/Amiibo_Files/Amiibo_NFC/Animal_Crossing_Amiibo/Amiibo_Cards/Series_3/Phyllis.nfc,nfc,Amiibo,UberGuidoZ_Amiibo_Tools,moved
sd_card_content/nfc/Amiibo/Amiibo_Files/Amiibo_NFC/Animal_Crossing_Amiibo/Amiibo_Cards/Series_3/Chevre.nfc,nfc,Amiibo,UberGuidoZ_Amiibo_Tools,moved
sd_card_content/nfc/Amiibo/Amiibo_Files/Amiibo_NFC/Animal_Crossing_Amiibo/Amiibo_Cards/Series_3/Velma.nfc,nfc,Amiibo,UberGuidoZ_Amiibo_Tools,moved
sd_card_content/nfc/Amiibo/Amiibo_Files/Amiibo_NFC/Animal_Crossing_Amiibo/Amiibo_Cards/Series_3/Curlos.nfc,nfc,Amiibo,UberGuidoZ_Amiibo_Tools,moved
sd_card_content/nfc/Amiibo/Amiibo_Files/Amiibo_NFC/Animal_Crossing_Amiibo/Amiibo_Cards/Series_3/Tabby.nfc,nfc,Amiibo,UberGuidoZ_Amiibo_Tools,moved
sd_card_content/nfc/Amiibo/Amiibo_Files/Amiibo_NFC/Animal_Crossing_Amiibo/Amiibo_Cards/Series_3/Chadder.nfc,nfc,Amiibo,UberGuidoZ_Amiibo_Tools,moved
sd_card_content/nfc/Amiibo/Amiibo_Files/Amiibo_NFC/Animal_Crossing_Amiibo/Amiibo_Cards/Series_3/Pippy.nfc,nfc,Amiibo,UberGuidoZ_Amiibo_Tools,moved
sd_card_content/nfc/Amiibo/Amiibo_Files/Amiibo_NFC/Animal_Crossing_Amiibo/Amiibo_Cards/Series_3/Wendell.nfc,nfc,Amiibo,UberGuidoZ_Amiibo_Tools,moved
sd_card_content/nfc/Amiibo/Amiibo_Files/Amiibo_NFC/Animal_Crossing_Amiibo/Amiibo_Cards/Series_3/Merengue.nfc,nfc,Amiibo,UberGuidoZ_Amiibo_Tools,moved
sd_card_content/nfc/Amiibo/Amiibo_Files/Amiibo_NFC/Animal_Crossing_Amiibo/Amiibo_Cards/Series_3/Skye.nfc,nfc,Amiibo,UberGuidoZ_Amiibo_Tools,moved
sd_card_content/nfc/Amiibo/Amiibo_Files/Amiibo_NFC/Animal_Crossing_Amiibo/Amiibo_Cards/Series_3/Paula.nfc,nfc,Amiibo,UberGuidoZ_Amiibo_Tools,moved
sd_card_content/nfc/Amiibo/Amiibo_Files/Amiibo_NFC/Animal_Crossing_Amiibo/Amiibo_Cards/Series_3/Astrid.nfc,nfc,Amiibo,UberGuidoZ_Amiibo_Tools,moved
sd_card_content/nfc/Amiibo/Amiibo_Files/Amiibo_NFC/Animal_Crossing_Amiibo/Amiibo_Cards/Series_3/Maple.nfc,nfc,Amiibo,UberGuidoZ_Amiibo_Tools,moved
sd_card_content/nfc/Amiibo/Amiibo_Files/Amiibo_NFC/Animal_Crossing_Amiibo/Amiibo_Cards/Series_3/Curly.nfc,nfc,Amiibo,UberGuidoZ_Amiibo_Tools,moved
sd_card_content/nfc/Amiibo/Amiibo_Files/Amiibo_NFC/Animal_Crossing_Amiibo/Amiibo_Cards/Series_3/Tucker.nfc,nfc,Amiibo,UberGuidoZ_Amiibo_Tools,moved
sd_card_content/nfc/Amiibo/Amiibo_Files/Amiibo_NFC/Animal_Crossing_Amiibo/Amiibo_Cards/Series_3/Tom_Nook.nfc,nfc,Amiibo,UberGuidoZ_Amiibo_Tools,moved
sd_card_content/nfc/Amiibo/Amiibo_Files/Amiibo_NFC/Animal_Crossing_Amiibo/Amiibo_Cards/Series_3/Frank.nfc,nfc,Amiibo,UberGuidoZ_Amiibo_Tools,moved
sd_card_content/nfc/Amiibo/Amiibo_Files/Amiibo_NFC/Animal_Crossing_Amiibo/Amiibo_Cards/Series_3/Caroline.nfc,nfc,Amiibo,UberGuidoZ_Amiibo_Tools,moved
sd_card_content/nfc/Amiibo/Amiibo_Files/Amiibo_NFC/Animal_Crossing_Amiibo/Amiibo_Cards/Series_3/Wolfgang.nfc,nfc,Amiibo,UberGuidoZ_Amiibo_Tools,moved
sd_card_content/nfc/Amiibo/Amiibo_Files/Amiibo_NFC/Animal_Crossing_Amiibo/Amiibo_Cards/Series_3/Anchovy.nfc,nfc,Amiibo,UberGuidoZ_Amiibo_Tools,moved
sd_card_content/nfc/Amiibo/Amiibo_Files/Amiibo_NFC/Animal_Crossing_Amiibo/Amiibo_Cards/Series_3/Wart_Jr.nfc,nfc,Amiibo,UberGuidoZ_Amiibo_Tools,moved
sd_card_content/nfc/Amiibo/Amiibo_Files/Amiibo_NFC/Animal_Crossing_Amiibo/Amiibo_Cards/Series_3/Jingle.nfc,nfc,Amiibo,UberGuidoZ_Amiibo_Tools,moved
sd_card_content/nfc/Amiibo/Amiibo_Files/Amiibo_NFC/Animal_Crossing_Amiibo/Amiibo_Cards/Series_3/Mac.nfc,nfc,Amiibo,UberGuidoZ_Amiibo_Tools,moved
sd_card_content/nfc/Amiibo/Amiibo_Files/Amiibo_NFC/Animal_Crossing_Amiibo/Amiibo_Cards/Series_3/Friga.nfc,nfc,Amiibo,UberGuidoZ_Amiibo_Tools,moved
sd_card_content/nfc/Amiibo/Amiibo_Files/Amiibo_NFC/Animal_Crossing_Amiibo/Amiibo_Cards/Series_3/Timmy.nfc,nfc,Amiibo,UberGuidoZ_Amiibo_Tools,moved
sd_card_content/nfc/Amiibo/Amiibo_Files/Amiibo_NFC/Animal_Crossing_Amiibo/Amiibo_Cards/Series_3/Biskit.nfc,nfc,Amiibo,UberGuidoZ_Amiibo_Tools,moved
sd_card_content/nfc/Amiibo/Amiibo_Files/Amiibo_NFC/Animal_Crossing_Amiibo/Amiibo_Cards/Series_3/Mitzi.nfc,nfc,Amiibo,UberGuidoZ_Amiibo_Tools,moved
sd_card_content/nfc/Amiibo/Amiibo_Files/Amiibo_NFC/Animal_Crossing_Amiibo/Amiibo_Cards/Series_3/Blanche.nfc,nfc,Amiibo,UberGuidoZ_Amiibo_Tools,moved
sd_card_content/nfc/Amiibo/Amiibo_Files/Amiibo_NFC/Animal_Crossing_Amiibo/Amiibo_Cards/Series_3/Chrissy.nfc,nfc,Amiibo,UberGuidoZ_Amiibo_Tools,moved
sd_card_content/nfc/Amiibo/Amiibo_Files/Amiibo_NFC/Animal_Crossing_Amiibo/Amiibo_Cards/Series_3/Kody.nfc,nfc,Amiibo,UberGuidoZ_Amiibo_Tools,moved
sd_card_content/nfc/Amiibo/Amiibo_Files/Amiibo_NFC/Animal_Crossing_Amiibo/Amiibo_Cards/Series_3/Chester.nfc,nfc,Amiibo,UberGuidoZ_Amiibo_Tools,moved
sd_card_content/nfc/Amiibo/Amiibo_Files/Amiibo_NFC/Animal_Crossing_Amiibo/Amiibo_Cards/Series_3/Tangy.nfc,nfc,Amiibo,UberGuidoZ_Amiibo_Tools,moved
sd_card_content/nfc/Amiibo/Amiibo_Files/Amiibo_NFC/Animal_Crossing_Amiibo/Amiibo_Cards/Series_3/Francine.nfc,nfc,Amiibo,UberGuidoZ_Amiibo_Tools,moved
sd_card_content/nfc/Amiibo/Amiibo_Files/Amiibo_NFC/Animal_Crossing_Amiibo/Amiibo_Cards/Series_3/Sparro.nfc,nfc,Amiibo,UberGuidoZ_Amiibo_Tools,moved
sd_card_content/nfc/Amiibo/Amiibo_Files/Amiibo_NFC/Animal_Crossing_Amiibo/Amiibo_Cards/Series_3/Drago.nfc,nfc,Amiibo,UberGuidoZ_Amiibo_Tools,moved
sd_card_content/nfc/Amiibo/Amiibo_Files/Amiibo_NFC/Animal_Crossing_Amiibo/Amiibo_Cards/Series_3/Ken.nfc,nfc,Amiibo,UberGuidoZ_Amiibo_Tools,moved
sd_card_content/nfc/Amiibo/Amiibo_Files/Amiibo_NFC/Animal_Crossing_Amiibo/Amiibo_Cards/Series_3/Greta.nfc,nfc,Amiibo,UberGuidoZ_Amiibo_Tools,moved
sd_card_content/nfc/Amiibo/Amiibo_Files/Amiibo_NFC/Animal_Crossing_Amiibo/Amiibo_Cards/Series_3/Don_Resetti.nfc,nfc,Amiibo,UberGuidoZ_Amiibo_Tools,moved
sd_card_content/nfc/Amiibo/Amiibo_Files/Amiibo_NFC/Animal_Crossing_Amiibo/Amiibo_Cards/Series_3/Rolf.nfc,nfc,Amiibo,UberGuidoZ_Amiibo_Tools,moved
sd_card_content/nfc/Amiibo/Amiibo_Files/Amiibo_NFC/Animal_Crossing_Amiibo/Amiibo_Cards/Series_3/Diva.nfc,nfc,Amiibo,UberGuidoZ_Amiibo_Tools,moved
sd_card_content/nfc/Amiibo/Amiibo_Files/Amiibo_NFC/Animal_Crossing_Amiibo/Amiibo_Cards/Series_3/Rooney.nfc,nfc,Amiibo,UberGuidoZ_Amiibo_Tools,moved
sd_card_content/nfc/Amiibo/Amiibo_Files/Amiibo_NFC/Animal_Crossing_Amiibo/Amiibo_Cards/Series_3/Pelly.nfc,nfc,Amiibo,UberGuidoZ_Amiibo_Tools,moved
sd_card_content/nfc/Amiibo/Amiibo_Files/Amiibo_NFC/Animal_Crossing_Amiibo/Amiibo_Cards/Series_3/Daisy.nfc,nfc,Amiibo,UberGuidoZ_Amiibo_Tools,moved
sd_card_content/nfc/Amiibo/Amiibo_Files/Amiibo_NFC/Animal_Crossing_Amiibo/Amiibo_Cards/Series_3/Colton.nfc,nfc,Amiibo,UberGuidoZ_Amiibo_Tools,moved
sd_card_content/nfc/Amiibo/Amiibo_Files/Amiibo_NFC/Animal_Crossing_Amiibo/Amiibo_Cards/Series_3/Beardo.nfc,nfc,Amiibo,UberGuidoZ_Amiibo_Tools,moved
sd_card_content/nfc/Amiibo/Amiibo_Files/Amiibo_NFC/Animal_Crossing_Amiibo/Amiibo_Cards/Series_3/Pete.nfc,nfc,Amiibo,UberGuidoZ_Amiibo_Tools,moved
sd_card_content/nfc/Amiibo/Amiibo_Files/Amiibo_NFC/Animal_Crossing_Amiibo/Amiibo_Cards/Series_3/Marshal.nfc,nfc,Amiibo,UberGuidoZ_Amiibo_Tools,moved
sd_card_content/nfc/Amiibo/Amiibo_Files/Amiibo_NFC/Animal_Crossing_Amiibo/Amiibo_Cards/Series_3/Elvis.nfc,nfc,Amiibo,UberGuidoZ_Amiibo_Tools,moved
sd_card_content/nfc/Amiibo/Amiibo_Files/Amiibo_NFC/Animal_Crossing_Amiibo/Amiibo_Cards/Series_3/Tammi.nfc,nfc,Amiibo,UberGuidoZ_Amiibo_Tools,moved
sd_card_content/nfc/Amiibo/Amiibo_Files/Amiibo_NFC/Animal_Crossing_Amiibo/Amiibo_Cards/Series_3/Hamlet.nfc,nfc,Amiibo,UberGuidoZ_Amiibo_Tools,moved
sd_card_content/nfc/Amiibo/Amiibo_Files/Amiibo_NFC/Animal_Crossing_Amiibo/Amiibo_Cards/Series_3/Freckles.nfc,nfc,Amiibo,UberGuidoZ_Amiibo_Tools,moved
sd_card_content/nfc/Amiibo/Amiibo_Files/Amiibo_NFC/Animal_Crossing_Amiibo/Amiibo_Cards/Series_3/Derwin.nfc,nfc,Amiibo,UberGuidoZ_Amiibo_Tools,moved
sd_card_content/nfc/Amiibo/Amiibo_Files/Amiibo_NFC/Animal_Crossing_Amiibo/Amiibo_Cards/Series_3/Victoria.nfc,nfc,Amiibo,UberGuidoZ_Amiibo_Tools,moved
sd_card_content/nfc/Amiibo/Amiibo_Files/Amiibo_NFC/Animal_Crossing_Amiibo/Amiibo_Cards/Series_3/Blathers.nfc,nfc,Amiibo,UberGuidoZ_Amiibo_Tools,moved
sd_card_content/nfc/Amiibo/Amiibo_Files/Amiibo_NFC/Animal_Crossing_Amiibo/Amiibo_Cards/Series_3/Spork_Crackle.nfc,nfc,Amiibo,UberGuidoZ_Amiibo_Tools,moved
sd_card_content/nfc/Amiibo/Amiibo_Files/Amiibo_NFC/Animal_Crossing_Amiibo/Amiibo_Cards/Series_3/Marina.nfc,nfc,Amiibo,UberGuidoZ_Amiibo_Tools,moved
sd_card_content/nfc/Amiibo/Amiibo_Files/Amiibo_NFC/Animal_Crossing_Amiibo/Amiibo_Cards/Series_3/Buck.nfc,nfc,Amiibo,UberGuidoZ_Amiibo_Tools,moved
sd_card_content/nfc/Amiibo/Amiibo_Files/Amiibo_NFC/Animal_Crossing_Amiibo/Amiibo_Cards/Series_3/Leif.nfc,nfc,Amiibo,UberGuidoZ_Amiibo_Tools,moved
sd_card_content/nfc/Amiibo/Amiibo_Files/Amiibo_NFC/Animal_Crossing_Amiibo/Amiibo_Cards/Series_3/Eloise.nfc,nfc,Amiibo,UberGuidoZ_Amiibo_Tools,moved
sd_card_content/nfc/Amiibo/Amiibo_Files/Amiibo_NFC/Animal_Crossing_Amiibo/Amiibo_Cards/Series_3/Miranda.nfc,nfc,Amiibo,UberGuidoZ_Amiibo_Tools,moved
sd_card_content/nfc/Amiibo/Amiibo_Files/Amiibo_NFC/Animal_Crossing_Amiibo/Amiibo_Cards/Series_3/Gala.nfc,nfc,Amiibo,UberGuidoZ_Amiibo_Tools,moved
sd_card_content/nfc/Amiibo/Amiibo_Files/Amiibo_NFC/Animal_Crossing_Amiibo/Amiibo_Cards/Series_3/Canberra.nfc,nfc,Amiibo,UberGuidoZ_Amiibo_Tools,moved
sd_card_content/nfc/Amiibo/Amiibo_Files/Amiibo_NFC/Animal_Crossing_Amiibo/Amiibo_Cards/Series_3/Monty.nfc,nfc,Amiibo,UberGuidoZ_Amiibo_Tools,moved
sd_card_content/nfc/Amiibo/Amiibo_Files/Amiibo_NFC/Animal_Crossing_Amiibo/Amiibo_Cards/Series_3/Ricky.nfc,nfc,Amiibo,UberGuidoZ_Amiibo_Tools,moved
sd_card_content/nfc/Amiibo/Amiibo_Files/Amiibo_NFC/Animal_Crossing_Amiibo/Amiibo_Cards/Series_3/Rover.nfc,nfc,Amiibo,UberGuidoZ_Amiibo_Tools,moved
sd_card_content/nfc/Amiibo/Amiibo_Files/Amiibo_NFC/Animal_Crossing_Amiibo/Amiibo_Cards/Series_3/Stinky.nfc,nfc,Amiibo,UberGuidoZ_Amiibo_Tools,moved
sd_card_content/nfc/Amiibo/Amiibo_Files/Amiibo_NFC/Animal_Crossing_Amiibo/Amiibo_Cards/Series_3/Hans.nfc,nfc,Amiibo,UberGuidoZ_Amiibo_Tools,moved
sd_card_content/nfc/Amiibo/Amiibo_Files/Amiibo_NFC/Animal_Crossing_Amiibo/Amiibo_Cards/Series_3/Soleil.nfc,nfc,Amiibo,UberGuidoZ_Amiibo_Tools,moved
sd_card_content/nfc/Amiibo/Amiibo_Files/Amiibo_NFC/Animal_Crossing_Amiibo/Amiibo_Cards/Series_3/Antonio.nfc,nfc,Amiibo,UberGuidoZ_Amiibo_Tools,moved
sd_card_content/nfc/Amiibo/Amiibo_Files/Amiibo_NFC/Animal_Crossing_Amiibo/Amiibo_Cards/Series_3/Cousteau.nfc,nfc,Amiibo,UberGuidoZ_Amiibo_Tools,moved
sd_card_content/nfc/Amiibo/Amiibo_Files/Amiibo_NFC/Animal_Crossing_Amiibo/Amiibo_Cards/Series_3/Franklin.nfc,nfc,Amiibo,UberGuidoZ_Amiibo_Tools,moved
sd_card_content/nfc/Amiibo/Amiibo_Files/Amiibo_NFC/Animal_Crossing_Amiibo/Amiibo_Cards/Series_3/Gaston.nfc,nfc,Amiibo,UberGuidoZ_Amiibo_Tools,moved
sd_card_content/nfc/Amiibo/Amiibo_Files/Amiibo_NFC/Animal_Crossing_Amiibo/Amiibo_Cards/Series_3/Klaus.nfc,nfc,Amiibo,UberGuidoZ_Amiibo_Tools,moved
sd_card_content/nfc/Amiibo/Amiibo_Files/Amiibo_NFC/Animal_Crossing_Amiibo/Amiibo_Cards/Series_3/Bam.nfc,nfc,Amiibo,UberGuidoZ_Amiibo_Tools,moved
sd_card_content/nfc/Amiibo/Amiibo_Files/Amiibo_NFC/Animal_Crossing_Amiibo/Amiibo_Cards/Series_3/Ava.nfc,nfc,Amiibo,UberGuidoZ_Amiibo_Tools,moved
sd_card_content/nfc/Amiibo/Amiibo_Files/Amiibo_NFC/Animal_Crossing_Amiibo/Amiibo_Cards/Series_3/Del.nfc,nfc,Amiibo,UberGuidoZ_Amiibo_Tools,moved
sd_card_content/nfc/Amiibo/Amiibo_Files/Amiibo_NFC/Animal_Crossing_Amiibo/Amiibo_Cards/Series_3/Apollo.nfc,nfc,Amiibo,UberGuidoZ_Amiibo_Tools,moved
sd_card_content/nfc/Amiibo/Amiibo_Files/Amiibo_NFC/Animal_Crossing_Amiibo/Amiibo_Cards/Series_3/Genji.nfc,nfc,Amiibo,UberGuidoZ_Amiibo_Tools,moved
sd_card_content/nfc/Amiibo/Amiibo_Files/Amiibo_NFC/Animal_Crossing_Amiibo/Amiibo_Cards/Series_3/Grams.nfc,nfc,Amiibo,UberGuidoZ_Amiibo_Tools,moved
sd_card_content/nfc/Amiibo/Amiibo_Files/Amiibo_NFC/Animal_Crossing_Amiibo/Amiibo_Cards/Series_3/Violet.nfc,nfc,Amiibo,UberGuidoZ_Amiibo_Tools,moved
sd_card_content/nfc/Amiibo/Amiibo_Files/Amiibo_NFC/Animal_Crossing_Amiibo/Amiibo_Cards/Series_3/Boomer.nfc,nfc,Amiibo,UberGuidoZ_Amiibo_Tools,moved
sd_card_content/nfc/Amiibo/Amiibo_Files/Amiibo_NFC/Animal_Crossing_Amiibo/Amiibo_Cards/Series_3/Cyrus.nfc,nfc,Amiibo,UberGuidoZ_Amiibo_Tools,moved
sd_card_content/nfc/Amiibo/Amiibo_Files/Amiibo_NFC/Animal_Crossing_Amiibo/Amiibo_Figures/Digby.nfc,nfc,Amiibo,UberGuidoZ_Amiibo_Tools,moved
sd_card_content/nfc/Amiibo/Amiibo_Files/Amiibo_NFC/Animal_Crossing_Amiibo/Amiibo_Figures/Isabelle.nfc,nfc,Amiibo,UberGuidoZ_Amiibo_Tools,moved
sd_card_content/nfc/Amiibo/Amiibo_Files/Amiibo_NFC/Animal_Crossing_Amiibo/Amiibo_Figures/Mabel.nfc,nfc,Amiibo,UberGuidoZ_Amiibo_Tools,moved
sd_card_content/nfc/Amiibo/Amiibo_Files/Amiibo_NFC/Animal_Crossing_Amiibo/Amiibo_Figures/Isabelle_Summer_Outfit.nfc,nfc,Amiibo,UberGuidoZ_Amiibo_Tools,moved
sd_card_content/nfc/Amiibo/Amiibo_Files/Amiibo_NFC/Animal_Crossing_Amiibo/Amiibo_Figures/KK_Slider.nfc,nfc,Amiibo,UberGuidoZ_Amiibo_Tools,moved
sd_card_content/nfc/Amiibo/Amiibo_Files/Amiibo_NFC/Animal_Crossing_Amiibo/Amiibo_Figures/Tom_Nook.nfc,nfc,Amiibo,UberGuidoZ_Amiibo_Tools,moved
sd_card_content/nfc/Amiibo/Amiibo_Files/Amiibo_NFC/Animal_Crossing_Amiibo/Amiibo_Figures/Lottie.nfc,nfc,Amiibo,UberGuidoZ_Amiibo_Tools,moved
sd_card_content/nfc/Amiibo/Amiibo_Files/Amiibo_NFC/Animal_Crossing_Amiibo/Amiibo_Figures/Reese.nfc,nfc,Amiibo,UberGuidoZ_Amiibo_Tools,moved
sd_card_content/nfc/Amiibo/Amiibo_Files/Amiibo_NFC/Animal_Crossing_Amiibo/Amiibo_Figures/Kicks.nfc,nfc,Amiibo,UberGuidoZ_Amiibo_Tools,moved
sd_card_content/nfc/Amiibo/Amiibo_Files/Amiibo_NFC/Animal_Crossing_Amiibo/Amiibo_Figures/Resetti.nfc,nfc,Amiibo,UberGuidoZ_Amiibo_Tools,moved
sd_card_content/nfc/Amiibo/Amiibo_Files/Amiibo_NFC/Animal_Crossing_Amiibo/Amiibo_Figures/Kappn.nfc,nfc,Amiibo,UberGuidoZ_Amiibo_Tools,moved
sd_card_content/nfc/Amiibo/Amiibo_Files/Amiibo_NFC/Animal_Crossing_Amiibo/Amiibo_Figures/Blathers.nfc,nfc,Amiibo,UberGuidoZ_Amiibo_Tools,moved
sd_card_content/nfc/Amiibo/Amiibo_Files/Amiibo_NFC/Animal_Crossing_Amiibo/Amiibo_Figures/Celeste.nfc,nfc,Amiibo,UberGuidoZ_Amiibo_Tools,moved
sd_card_content/nfc/Amiibo/Amiibo_Files/Amiibo_NFC/Animal_Crossing_Amiibo/Amiibo_Figures/Timmy_and_Tommy.nfc,nfc,Amiibo,UberGuidoZ_Amiibo_Tools,moved
sd_card_content/nfc/Amiibo/Amiibo_Files/Amiibo_NFC/Animal_Crossing_Amiibo/Amiibo_Figures/Rover.nfc,nfc,Amiibo,UberGuidoZ_Amiibo_Tools,moved
sd_card_content/nfc/Amiibo/Amiibo_Files/Amiibo_NFC/Animal_Crossing_Amiibo/Amiibo_Figures/Cyrus.nfc,nfc,Amiibo,UberGuidoZ_Amiibo_Tools,moved
sd_card_content/nfc/Amiibo/Amiibo_Files/Mega_Man/[MM]_01_-_Mega_Man.nfc,nfc,Amiibo,UberGuidoZ_Amiibo_Tools,moved
sd_card_content/nfc/Amiibo/Amiibo_Files/Yoshis_Woolly_World/-YWW-_05_-_Poochy.nfc,nfc,Amiibo,UberGuidoZ_Amiibo_Tools,moved
sd_card_content/nfc/Amiibo/Amiibo_Files/Yoshis_Woolly_World/-YWW-_02_-_Pink_Yarn_Yoshi.nfc,nfc,Amiibo,UberGuidoZ_Amiibo_Tools,moved
sd_card_content/nfc/Amiibo/Amiibo_Files/Yoshis_Woolly_World/-YWW-_01_-_Green_Yarn_Yoshi.nfc,nfc,Amiibo,UberGuidoZ_Amiibo_Tools,moved
sd_card_content/nfc/Amiibo/Amiibo_Files/Yoshis_Woolly_World/-YWW-_03_-_Light-Blue_Yarn_Yoshi.nfc,nfc,Amiibo,UberGuidoZ_Amiibo_Tools,moved
sd_card_content/nfc/Amiibo/Amiibo_Files/Yoshis_Woolly_World/-YWW-_04_-_Mega_Yarn_Yoshi.nfc,nfc,Amiibo,UberGuidoZ_Amiibo_Tools,moved
sd_card_content/nfc/Amiibo/Amiibo_Files/Diablo/[D]_01_-_Loot_Goblin.nfc,nfc,Amiibo,UberGuidoZ_Amiibo_Tools,moved
sd_card_content/nfc/Amiibo/Amiibo_Files/Dark_Souls/[DS]_01_-_Solaire_of_Astora.nfc,nfc,Amiibo,UberGuidoZ_Amiibo_Tools,moved
sd_card_content/nfc/Amiibo/Amiibo_Files/Fire_Emblem/[FE]_02_-_Celica.nfc,nfc,Amiibo,UberGuidoZ_Amiibo_Tools,moved
sd_card_content/nfc/Amiibo/Amiibo_Files/Fire_Emblem/[FE]_03_-_Chrom.nfc,nfc,Amiibo,UberGuidoZ_Amiibo_Tools,moved
sd_card_content/nfc/Amiibo/Amiibo_Files/Fire_Emblem/[FE]_04_-_Tiki.nfc,nfc,Amiibo,UberGuidoZ_Amiibo_Tools,moved
sd_card_content/nfc/Amiibo/Amiibo_Files/Fire_Emblem/[FE]_01_-_Alm.nfc,nfc,Amiibo,UberGuidoZ_Amiibo_Tools,moved
sd_card_content/nfc/Amiibo/Amiibo_Files/Monster_Hunter/Monster_Hunter_Stories/[MHS]_03_-_Nabiru.nfc,nfc,Amiibo,UberGuidoZ_Amiibo_Tools,moved
sd_card_content/nfc/Amiibo/Amiibo_Files/Monster_Hunter/Monster_Hunter_Stories/[MHS]_02_-_One-Eyed_Rathalos_and_Rider_(Male).nfc,nfc,Amiibo,UberGuidoZ_Amiibo_Tools,moved
sd_card_content/nfc/Amiibo/Amiibo_Files/Monster_Hunter/Monster_Hunter_Stories/[MHS]_01_-_One-Eyed_Rathalos_and_Rider_(Female).nfc,nfc,Amiibo,UberGuidoZ_Amiibo_Tools,moved
sd_card_content/nfc/Amiibo/Amiibo_Files/Monster_Hunter/Monster_Hunter_Stories/[MHS]_05_-_Barioth_and_Ayuria.nfc,nfc,Amiibo,UberGuidoZ_Amiibo_Tools,moved
sd_card_content/nfc/Amiibo/Amiibo_Files/Monster_Hunter/Monster_Hunter_Stories/[MHS]_06_-_Qurupeco_and_Dan.nfc,nfc,Amiibo,UberGuidoZ_Amiibo_Tools,moved
sd_card_content/nfc/Amiibo/Amiibo_Files/Monster_Hunter/Monster_Hunter_Stories/[MHS]_04_-_Rathian_and_Cheval.nfc,nfc,Amiibo,UberGuidoZ_Amiibo_Tools,moved
sd_card_content/nfc/Amiibo/Amiibo_Files/Monster_Hunter/Monster_Hunter_Rise/[MHR]_02_-_Magnamalo.nfc,nfc,Amiibo,UberGuidoZ_Amiibo_Tools,moved
sd_card_content/nfc/Amiibo/Amiibo_Files/Monster_Hunter/Monster_Hunter_Rise/[MHR]_03_-_Palico.nfc,nfc,Amiibo,UberGuidoZ_Amiibo_Tools,moved
sd_card_content/nfc/Amiibo/Amiibo_Files/Monster_Hunter/Monster_Hunter_Rise/[MHR]_01_-_Palamute.nfc,nfc,Amiibo,UberGuidoZ_Amiibo_Tools,moved
sd_card_content/nfc/Amiibo/Amiibo_Files/Monster_Hunter/Monster_Hunter_Rise/Sunbreak/[MHR]_02_-_Palamute_Canyne_Malzeno.nfc,nfc,Amiibo,UberGuidoZ_Amiibo_Tools,moved
sd_card_content/nfc/Amiibo/Amiibo_Files/Monster_Hunter/Monster_Hunter_Rise/Sunbreak/[MHR]_01_-_Malzeno.nfc,nfc,Amiibo,UberGuidoZ_Amiibo_Tools,moved
sd_card_content/nfc/Amiibo/Amiibo_Files/Monster_Hunter/Monster_Hunter_Rise/Sunbreak/[MHR]_03_-_Palico_Felyne_Malzeno.nfc,nfc,Amiibo,UberGuidoZ_Amiibo_Tools,moved
sd_card_content/nfc/Amiibo/Amiibo_Files/Monster_Hunter/Monster_Hunter_Stories_2/[MHS]_02_-_Razewing_Ratha.nfc,nfc,Amiibo,UberGuidoZ_Amiibo_Tools,moved
sd_card_content/nfc/Amiibo/Amiibo_Files/Monster_Hunter/Monster_Hunter_Stories_2/[MHS]_03_-_Tsukino.nfc,nfc,Amiibo,UberGuidoZ_Amiibo_Tools,moved
sd_card_content/nfc/Amiibo/Amiibo_Files/Monster_Hunter/Monster_Hunter_Stories_2/[MHS]_01_-_Ena.nfc,nfc,Amiibo,UberGuidoZ_Amiibo_Tools,moved
sd_card_content/nfc/Amiibo/Amiibo_Files/Kirby/[Kirby]_04_-_Waddle_Dee.nfc,nfc,Amiibo,UberGuidoZ_Amiibo_Tools,moved
sd_card_content/nfc/Amiibo/Amiibo_Files/Kirby/[Kirby]_01_-_Kirby.nfc,nfc,Amiibo,UberGuidoZ_Amiibo_Tools,moved
sd_card_content/nfc/Amiibo/Amiibo_Files/Kirby/[Kirby]_02_-_Meta_Knight.nfc,nfc,Amiibo,UberGuidoZ_Amiibo_Tools,moved
sd_card_content/nfc/Amiibo/Amiibo_Files/Kirby/[Kirby]_03_-_King_Dedede.nfc,nfc,Amiibo,UberGuidoZ_Amiibo_Tools,moved
sd_card_content/nfc/Amiibo/Amiibo_Files/Skylanders_SuperChargers/[SS]_03_-_Dark_Hammer_Slam_Bowser.nfc,nfc,Amiibo,UberGuidoZ_Amiibo_Tools,moved
sd_card_content/nfc/Amiibo/Amiibo_Files/Skylanders_SuperChargers/[SS]_04_-_Dark_Turbo_Charge_Donkey_Kong.nfc,nfc,Amiibo,UberGuidoZ_Amiibo_Tools,moved
sd_card_content/nfc/Amiibo/Amiibo_Files/Skylanders_SuperChargers/[SS]_01_-_Hammer_Slam_Bowser.nfc,nfc,Amiibo,UberGuidoZ_Amiibo_Tools,moved
sd_card_content/nfc/Amiibo/Amiibo_Files/Skylanders_SuperChargers/[SS]_02_-_Turbo_Charge_Donkey_Kong.nfc,nfc,Amiibo,UberGuidoZ_Amiibo_Tools,moved
sd_card_content/nfc/Amiibo/Amiibo_Files/Jikkyou_Powerful_Pro_Baseball/[JPPB]_03_-_Yabe.nfc,nfc,Amiibo,UberGuidoZ_Amiibo_Tools,moved
sd_card_content/nfc/Amiibo/Amiibo_Files/Jikkyou_Powerful_Pro_Baseball/[JPPB]_02_-_Ikari.nfc,nfc,Amiibo,UberGuidoZ_Amiibo_Tools,moved
sd_card_content/nfc/Amiibo/Amiibo_Files/Jikkyou_Powerful_Pro_Baseball/[JPPB]_01_-_Pawapuro.nfc,nfc,Amiibo,UberGuidoZ_Amiibo_Tools,moved
sd_card_content/nfc/Amiibo/Amiibo_Files/Jikkyou_Powerful_Pro_Baseball/[JPPB]_06_-_Daijobu.nfc,nfc,Amiibo,UberGuidoZ_Amiibo_Tools,moved
sd_card_content/nfc/Amiibo/Amiibo_Files/Jikkyou_Powerful_Pro_Baseball/[JPPB]_04_-_Hayakawa.nfc,nfc,Amiibo,UberGuidoZ_Amiibo_Tools,moved
sd_card_content/nfc/Amiibo/Amiibo_Files/Jikkyou_Powerful_Pro_Baseball/[JPPB]_05_-_Ganda.nfc,nfc,Amiibo,UberGuidoZ_Amiibo_Tools,moved
sd_card_content/nfc/Amiibo/Amiibo_Files/Shovel_Knight/[SN]_04_-_King_Knight.nfc,nfc,Amiibo,UberGuidoZ_Amiibo_Tools,moved
sd_card_content/nfc/Amiibo/Amiibo_Files/Shovel_Knight/[SN]_02_-_Plague_Knight.nfc,nfc,Amiibo,UberGuidoZ_Amiibo_Tools,moved
sd_card_content/nfc/Amiibo/Amiibo_Files/Shovel_Knight/[SN]_01_-_Shovel_Knight.nfc,nfc,Amiibo,UberGuidoZ_Amiibo_Tools,moved
sd_card_content/nfc/Amiibo/Amiibo_Files/Shovel_Knight/[SN]_03_-_Specter_Knight.nfc,nfc,Amiibo,UberGuidoZ_Amiibo_Tools,moved
sd_card_content/nfc/Amiibo/Amiibo_Files/Shovel_Knight/[SN]_05_-_Shovel_Knight_(Gold_Edition).nfc,nfc,Amiibo,UberGuidoZ_Amiibo_Tools,moved
sd_card_content/nfc/Amiibo/Amiibo_Files/Animal_Crossing/Figures/[AC]_06_-_Tom_Nook.nfc,nfc,Amiibo,UberGuidoZ_Amiibo_Tools,moved
sd_card_content/nfc/Amiibo/Amiibo_Files/Animal_Crossing/Figures/[AC]_16_-_Isabelle_(Summer_Outfit).nfc,nfc,Amiibo,UberGuidoZ_Amiibo_Tools,moved
sd_card_content/nfc/Amiibo/Amiibo_Files/Animal_Crossing/Figures/[AC]_04_-_Reese.nfc,nfc,Amiibo,UberGuidoZ_Amiibo_Tools,moved
sd_card_content/nfc/Amiibo/Amiibo_Files/Animal_Crossing/Figures/[AC]_05_-_Cyrrus.nfc,nfc,Amiibo,UberGuidoZ_Amiibo_Tools,moved
sd_card_content/nfc/Amiibo/Amiibo_Files/Animal_Crossing/Figures/[AC]_09_-_Resetti.nfc,nfc,Amiibo,UberGuidoZ_Amiibo_Tools,moved
sd_card_content/nfc/Amiibo/Amiibo_Files/Animal_Crossing/Figures/[AC]_15_-_Kapp_n.nfc,nfc,Amiibo,UberGuidoZ_Amiibo_Tools,moved
sd_card_content/nfc/Amiibo/Amiibo_Files/Animal_Crossing/Figures/[AC]_12_-_Celeste.nfc,nfc,Amiibo,UberGuidoZ_Amiibo_Tools,moved
sd_card_content/nfc/Amiibo/Amiibo_Files/Animal_Crossing/Figures/[AC]_01_-_Isabelle.nfc,nfc,Amiibo,UberGuidoZ_Amiibo_Tools,moved
sd_card_content/nfc/Amiibo/Amiibo_Files/Animal_Crossing/Figures/[AC]_13_-_Timmy___Tommy.nfc,nfc,Amiibo,UberGuidoZ_Amiibo_Tools,moved
sd_card_content/nfc/Amiibo/Amiibo_Files/Animal_Crossing/Figures/[AC]_03_-_Lottie.nfc,nfc,Amiibo,UberGuidoZ_Amiibo_Tools,moved
sd_card_content/nfc/Amiibo/Amiibo_Files/Animal_Crossing/Figures/[AC]_08_-_Digby.nfc,nfc,Amiibo,UberGuidoZ_Amiibo_Tools,moved
sd_card_content/nfc/Amiibo/Amiibo_Files/Animal_Crossing/Figures/[AC]_11_-_Kicks.nfc,nfc,Amiibo,UberGuidoZ_Amiibo_Tools,moved
sd_card_content/nfc/Amiibo/Amiibo_Files/Animal_Crossing/Figures/[AC]_14_-_Rover.nfc,nfc,Amiibo,UberGuidoZ_Amiibo_Tools,moved
sd_card_content/nfc/Amiibo/Amiibo_Files/Animal_Crossing/Figures/[AC]_10_-_Blathers.nfc,nfc,Amiibo,UberGuidoZ_Amiibo_Tools,moved
sd_card_content/nfc/Amiibo/Amiibo_Files/Animal_Crossing/Figures/[AC]_07_-_Mabel.nfc,nfc,Amiibo,UberGuidoZ_Amiibo_Tools,moved
sd_card_content/nfc/Amiibo/Amiibo_Files/Animal_Crossing/Figures/[AC]_02_-_K.K._Slider.nfc,nfc,Amiibo,UberGuidoZ_Amiibo_Tools,moved
sd_card_content/nfc/Amiibo/Amiibo_Files/Animal_Crossing/Happy_Home_Designer/-HHD-_Items_-_24.nfc,nfc,Amiibo,UberGuidoZ_Amiibo_Tools,moved
sd_card_content/nfc/Amiibo/Amiibo_Files/Animal_Crossing/Happy_Home_Designer/-HHD-_Items_-_61.nfc,nfc,Amiibo,UberGuidoZ_Amiibo_Tools,moved
sd_card_content/nfc/Amiibo/Amiibo_Files/Animal_Crossing/Happy_Home_Designer/-HHD-_Items_-_50.nfc,nfc,Amiibo,UberGuidoZ_Amiibo_Tools,moved
sd_card_content/nfc/Amiibo/Amiibo_Files/Animal_Crossing/Happy_Home_Designer/-HHD-_Items_-_04.nfc,nfc,Amiibo,UberGuidoZ_Amiibo_Tools,moved
sd_card_content/nfc/Amiibo/Amiibo_Files/Animal_Crossing/Happy_Home_Designer/-HHD-_Items_-_20.nfc,nfc,Amiibo,UberGuidoZ_Amiibo_Tools,moved
sd_card_content/nfc/Amiibo/Amiibo_Files/Animal_Crossing/Happy_Home_Designer/-HHD-_Items_-_66.nfc,nfc,Amiibo,UberGuidoZ_Amiibo_Tools,moved
sd_card_content/nfc/Amiibo/Amiibo_Files/Animal_Crossing/Happy_Home_Designer/-HHD-_Items_-_05.nfc,nfc,Amiibo,UberGuidoZ_Amiibo_Tools,moved
sd_card_content/nfc/Amiibo/Amiibo_Files/Animal_Crossing/Happy_Home_Designer/-HHD-_Items_-_53.nfc,nfc,Amiibo,UberGuidoZ_Amiibo_Tools,moved
sd_card_content/nfc/Amiibo/Amiibo_Files/Animal_Crossing/Happy_Home_Designer/-HHD-_Items_-_90.nfc,nfc,Amiibo,UberGuidoZ_Amiibo_Tools,moved
sd_card_content/nfc/Amiibo/Amiibo_Files/Animal_Crossing/Happy_Home_Designer/-HHD-_Items_-_62.nfc,nfc,Amiibo,UberGuidoZ_Amiibo_Tools,moved
sd_card_content/nfc/Amiibo/Amiibo_Files/Animal_Crossing/Happy_Home_Designer/-HHD-_Items_-_07.nfc,nfc,Amiibo,UberGuidoZ_Amiibo_Tools,moved
sd_card_content/nfc/Amiibo/Amiibo_Files/Animal_Crossing/Happy_Home_Designer/-HHD-_Items_-_85.nfc,nfc,Amiibo,UberGuidoZ_Amiibo_Tools,moved
sd_card_content/nfc/Amiibo/Amiibo_Files/Animal_Crossing/Happy_Home_Designer/-HHD-_Items_-_39.nfc,nfc,Amiibo,UberGuidoZ_Amiibo_Tools,moved
sd_card_content/nfc/Amiibo/Amiibo_Files/Animal_Crossing/Happy_Home_Designer/-HHD-_Items_-_84.nfc,nfc,Amiibo,UberGuidoZ_Amiibo_Tools,moved
sd_card_content/nfc/Amiibo/Amiibo_Files/Animal_Crossing/Happy_Home_Designer/-HHD-_Items_-_80.nfc,nfc,Amiibo,UberGuidoZ_Amiibo_Tools,moved
sd_card_content/nfc/Amiibo/Amiibo_Files/Animal_Crossing/Happy_Home_Designer/-HHD-_Items_-_81.nfc,nfc,Amiibo,UberGuidoZ_Amiibo_Tools,moved
sd_card_content/nfc/Amiibo/Amiibo_Files/Animal_Crossing/Happy_Home_Designer/-HHD-_Items_-_09.nfc,nfc,Amiibo,UberGuidoZ_Amiibo_Tools,moved
sd_card_content/nfc/Amiibo/Amiibo_Files/Animal_Crossing/Happy_Home_Designer/-HHD-_Items_-_37.nfc,nfc,Amiibo,UberGuidoZ_Amiibo_Tools,moved
sd_card_content/nfc/Amiibo/Amiibo_Files/Animal_Crossing/Happy_Home_Designer/-HHD-_Items_-_63.nfc,nfc,Amiibo,UberGuidoZ_Amiibo_Tools,moved
sd_card_content/nfc/Amiibo/Amiibo_Files/Animal_Crossing/Happy_Home_Designer/-HHD-_Items_-_02.nfc,nfc,Amiibo,UberGuidoZ_Amiibo_Tools,moved
sd_card_content/nfc/Amiibo/Amiibo_Files/Animal_Crossing/Happy_Home_Designer/-HHD-_Items_-_71.nfc,nfc,Amiibo,UberGuidoZ_Amiibo_Tools,moved
sd_card_content/nfc/Amiibo/Amiibo_Files/Animal_Crossing/Happy_Home_Designer/-HHD-_Items_-_86.nfc,nfc,Amiibo,UberGuidoZ_Amiibo_Tools,moved
sd_card_content/nfc/Amiibo/Amiibo_Files/Animal_Crossing/Happy_Home_Designer/-HHD-_Items_-_70.nfc,nfc,Amiibo,UberGuidoZ_Amiibo_Tools,moved
sd_card_content/nfc/Amiibo/Amiibo_Files/Animal_Crossing/Happy_Home_Designer/-HHD-_Items_-_68.nfc,nfc,Amiibo,UberGuidoZ_Amiibo_Tools,moved
sd_card_content/nfc/Amiibo/Amiibo_Files/Animal_Crossing/Happy_Home_Designer/-HHD-_Items_-_69.nfc,nfc,Amiibo,UberGuidoZ_Amiibo_Tools,moved
sd_card_content/nfc/Amiibo/Amiibo_Files/Animal_Crossing/Happy_Home_Designer/-HHD-_Items_-_91.nfc,nfc,Amiibo,UberGuidoZ_Amiibo_Tools,moved
sd_card_content/nfc/Amiibo/Amiibo_Files/Animal_Crossing/Happy_Home_Designer/-HHD-_Items_-_73.nfc,nfc,Amiibo,UberGuidoZ_Amiibo_Tools,moved
sd_card_content/nfc/Amiibo/Amiibo_Files/Animal_Crossing/Happy_Home_Designer/-HHD-_Items_-_49.nfc,nfc,Amiibo,UberGuidoZ_Amiibo_Tools,moved
sd_card_content/nfc/Amiibo/Amiibo_Files/Animal_Crossing/Happy_Home_Designer/-HHD-_Items_-_56.nfc,nfc,Amiibo,UberGuidoZ_Amiibo_Tools,moved
sd_card_content/nfc/Amiibo/Amiibo_Files/Animal_Crossing/Happy_Home_Designer/-HHD-_Items_-_35.nfc,nfc,Amiibo,UberGuidoZ_Amiibo_Tools,moved
sd_card_content/nfc/Amiibo/Amiibo_Files/Animal_Crossing/Happy_Home_Designer/-HHD-_Items_-_87.nfc,nfc,Amiibo,UberGuidoZ_Amiibo_Tools,moved
sd_card_content/nfc/Amiibo/Amiibo_Files/Animal_Crossing/Happy_Home_Designer/Items_List.pdf,nfc,Amiibo,UberGuidoZ_Amiibo_Tools,moved
sd_card_content/nfc/Amiibo/Amiibo_Files/Animal_Crossing/Happy_Home_Designer/-HHD-_Items_-_48.nfc,nfc,Amiibo,UberGuidoZ_Amiibo_Tools,moved
sd_card_content/nfc/Amiibo/Amiibo_Files/Animal_Crossing/Happy_Home_Designer/-HHD-_Items_-_75.nfc,nfc,Amiibo,UberGuidoZ_Amiibo_Tools,moved
sd_card_content/nfc/Amiibo/Amiibo_Files/Animal_Crossing/Happy_Home_Designer/-HHD-_Items_-_28.nfc,nfc,Amiibo,UberGuidoZ_Amiibo_Tools,moved
sd_card_content/nfc/Amiibo/Amiibo_Files/Animal_Crossing/Happy_Home_Designer/-HHD-_Items_-_33.nfc,nfc,Amiibo,UberGuidoZ_Amiibo_Tools,moved
sd_card_content/nfc/Amiibo/Amiibo_Files/Animal_Crossing/Happy_Home_Designer/-HHD-_Items_-_58.nfc,nfc,Amiibo,UberGuidoZ_Amiibo_Tools,moved
sd_card_content/nfc/Amiibo/Amiibo_Files/Animal_Crossing/Happy_Home_Designer/-HHD-_Items_-_14.nfc,nfc,Amiibo,UberGuidoZ_Amiibo_Tools,moved
sd_card_content/nfc/Amiibo/Amiibo_Files/Animal_Crossing/Happy_Home_Designer/-HHD-_Items_-_74.nfc,nfc,Amiibo,UberGuidoZ_Amiibo_Tools,moved
sd_card_content/nfc/Amiibo/Amiibo_Files/Animal_Crossing/Happy_Home_Designer/-HHD-_Items_-_03.nfc,nfc,Amiibo,UberGuidoZ_Amiibo_Tools,moved
sd_card_content/nfc/Amiibo/Amiibo_Files/Animal_Crossing/Happy_Home_Designer/-HHD-_Items_-_11.nfc,nfc,Amiibo,UberGuidoZ_Amiibo_Tools,moved
sd_card_content/nfc/Amiibo/Amiibo_Files/Animal_Crossing/Happy_Home_Designer/-HHD-_Items_-_36.nfc,nfc,Amiibo,UberGuidoZ_Amiibo_Tools,moved
sd_card_content/nfc/Amiibo/Amiibo_Files/Animal_Crossing/Happy_Home_Designer/-HHD-_Items_-_40.nfc,nfc,Amiibo,UberGuidoZ_Amiibo_Tools,moved
sd_card_content/nfc/Amiibo/Amiibo_Files/Animal_Crossing/Happy_Home_Designer/-HHD-_Items_-_29.nfc,nfc,Amiibo,UberGuidoZ_Amiibo_Tools,moved
sd_card_content/nfc/Amiibo/Amiibo_Files/Animal_Crossing/Happy_Home_Designer/-HHD-_Items_-_10.nfc,nfc,Amiibo,UberGuidoZ_Amiibo_Tools,moved
sd_card_content/nfc/Amiibo/Amiibo_Files/Animal_Crossing/Happy_Home_Designer/-HHD-_Items_-_32.nfc,nfc,Amiibo,UberGuidoZ_Amiibo_Tools,moved
sd_card_content/nfc/Amiibo/Amiibo_Files/Animal_Crossing/Happy_Home_Designer/-HHD-_Items_-_23.nfc,nfc,Amiibo,UberGuidoZ_Amiibo_Tools,moved
sd_card_content/nfc/Amiibo/Amiibo_Files/Animal_Crossing/Happy_Home_Designer/-HHD-_Items_-_78.nfc,nfc,Amiibo,UberGuidoZ_Amiibo_Tools,moved
sd_card_content/nfc/Amiibo/Amiibo_Files/Animal_Crossing/Happy_Home_Designer/-HHD-_Items_-_60.nfc,nfc,Amiibo,UberGuidoZ_Amiibo_Tools,moved
sd_card_content/nfc/Amiibo/Amiibo_Files/Animal_Crossing/Happy_Home_Designer/-HHD-_Items_-_76.nfc,nfc,Amiibo,UberGuidoZ_Amiibo_Tools,moved
sd_card_content/nfc/Amiibo/Amiibo_Files/Animal_Crossing/Happy_Home_Designer/-HHD-_Items_-_88.nfc,nfc,Amiibo,UberGuidoZ_Amiibo_Tools,moved
sd_card_content/nfc/Amiibo/Amiibo_Files/Animal_Crossing/Happy_Home_Designer/-HHD-_Items_-_26.nfc,nfc,Amiibo,UberGuidoZ_Amiibo_Tools,moved
sd_card_content/nfc/Amiibo/Amiibo_Files/Animal_Crossing/Happy_Home_Designer/-HHD-_Items_-_64.nfc,nfc,Amiibo,UberGuidoZ_Amiibo_Tools,moved
sd_card_content/nfc/Amiibo/Amiibo_Files/Animal_Crossing/Happy_Home_Designer/-HHD-_Items_-_22.nfc,nfc,Amiibo,UberGuidoZ_Amiibo_Tools,moved
sd_card_content/nfc/Amiibo/Amiibo_Files/Animal_Crossing/Happy_Home_Designer/-HHD-_Items_-_41.nfc,nfc,Amiibo,UberGuidoZ_Amiibo_Tools,moved
sd_card_content/nfc/Amiibo/Amiibo_Files/Animal_Crossing/Happy_Home_Designer/-HHD-_Items_-_43.nfc,nfc,Amiibo,UberGuidoZ_Amiibo_Tools,moved
sd_card_content/nfc/Amiibo/Amiibo_Files/Animal_Crossing/Happy_Home_Designer/-HHD-_Items_-_89.nfc,nfc,Amiibo,UberGuidoZ_Amiibo_Tools,moved
sd_card_content/nfc/Amiibo/Amiibo_Files/Animal_Crossing/Happy_Home_Designer/-HHD-_Items_-_01.nfc,nfc,Amiibo,UberGuidoZ_Amiibo_Tools,moved
sd_card_content/nfc/Amiibo/Amiibo_Files/Animal_Crossing/Happy_Home_Designer/-HHD-_Items_-_46.nfc,nfc,Amiibo,UberGuidoZ_Amiibo_Tools,moved
sd_card_content/nfc/Amiibo/Amiibo_Files/Animal_Crossing/Happy_Home_Designer/-HHD-_Items_-_44.nfc,nfc,Amiibo,UberGuidoZ_Amiibo_Tools,moved
sd_card_content/nfc/Amiibo/Amiibo_Files/Animal_Crossing/Happy_Home_Designer/-HHD-_Items_-_19.nfc,nfc,Amiibo,UberGuidoZ_Amiibo_Tools,moved
sd_card_content/nfc/Amiibo/Amiibo_Files/Animal_Crossing/Happy_Home_Designer/-HHD-_Items_-_83.nfc,nfc,Amiibo,UberGuidoZ_Amiibo_Tools,moved
sd_card_content/nfc/Amiibo/Amiibo_Files/Animal_Crossing/Happy_Home_Designer/-HHD-_Items_-_34.nfc,nfc,Amiibo,UberGuidoZ_Amiibo_Tools,moved
sd_card_content/nfc/Amiibo/Amiibo_Files/Animal_Crossing/Happy_Home_Designer/-HHD-_Items_-_13.nfc,nfc,Amiibo,UberGuidoZ_Amiibo_Tools,moved
sd_card_content/nfc/Amiibo/Amiibo_Files/Animal_Crossing/Happy_Home_Designer/-HHD-_Items_-_16.nfc,nfc,Amiibo,UberGuidoZ_Amiibo_Tools,moved
sd_card_content/nfc/Amiibo/Amiibo_Files/Animal_Crossing/Happy_Home_Designer/-HHD-_Items_-_08.nfc,nfc,Amiibo,UberGuidoZ_Amiibo_Tools,moved
sd_card_content/nfc/Amiibo/Amiibo_Files/Animal_Crossing/Happy_Home_Designer/-HHD-_Items_-_77.nfc,nfc,Amiibo,UberGuidoZ_Amiibo_Tools,moved
sd_card_content/nfc/Amiibo/Amiibo_Files/Animal_Crossing/Happy_Home_Designer/-HHD-_Items_-_21.nfc,nfc,Amiibo,UberGuidoZ_Amiibo_Tools,moved
sd_card_content/nfc/Amiibo/Amiibo_Files/Animal_Crossing/Happy_Home_Designer/-HHD-_Items_-_12.nfc,nfc,Amiibo,UberGuidoZ_Amiibo_Tools,moved
sd_card_content/nfc/Amiibo/Amiibo_Files/Animal_Crossing/Happy_Home_Designer/-HHD-_Items_-_45.nfc,nfc,Amiibo,UberGuidoZ_Amiibo_Tools,moved
sd_card_content/nfc/Amiibo/Amiibo_Files/Animal_Crossing/Happy_Home_Designer/-HHD-_Items_-_54.nfc,nfc,Amiibo,UberGuidoZ_Amiibo_Tools,moved
sd_card_content/nfc/Amiibo/Amiibo_Files/Animal_Crossing/Happy_Home_Designer/-HHD-_Items_-_25.nfc,nfc,Amiibo,UberGuidoZ_Amiibo_Tools,moved
sd_card_content/nfc/Amiibo/Amiibo_Files/Animal_Crossing/Happy_Home_Designer/-HHD-_Items_-_42.nfc,nfc,Amiibo,UberGuidoZ_Amiibo_Tools,moved
sd_card_content/nfc/Amiibo/Amiibo_Files/Animal_Crossing/Happy_Home_Designer/-HHD-_Items_-_79.nfc,nfc,Amiibo,UberGuidoZ_Amiibo_Tools,moved
sd_card_content/nfc/Amiibo/Amiibo_Files/Animal_Crossing/Happy_Home_Designer/-HHD-_Items_-_15.nfc,nfc,Amiibo,UberGuidoZ_Amiibo_Tools,moved
sd_card_content/nfc/Amiibo/Amiibo_Files/Animal_Crossing/Happy_Home_Designer/-HHD-_Items_-_47.nfc,nfc,Amiibo,UberGuidoZ_Amiibo_Tools,moved
sd_card_content/nfc/Amiibo/Amiibo_Files/Animal_Crossing/Happy_Home_Designer/-HHD-_Items_-_17.nfc,nfc,Amiibo,UberGuidoZ_Amiibo_Tools,moved
sd_card_content/nfc/Amiibo/Amiibo_Files/Animal_Crossing/Happy_Home_Designer/-HHD-_Items_-_06.nfc,nfc,Amiibo,UberGuidoZ_Amiibo_Tools,moved
sd_card_content/nfc/Amiibo/Amiibo_Files/Animal_Crossing/Happy_Home_Designer/-HHD-_Items_-_59.nfc,nfc,Amiibo,UberGuidoZ_Amiibo_Tools,moved
sd_card_content/nfc/Amiibo/Amiibo_Files/Animal_Crossing/Happy_Home_Designer/-HHD-_Items_-_65.nfc,nfc,Amiibo,UberGuidoZ_Amiibo_Tools,moved
sd_card_content/nfc/Amiibo/Amiibo_Files/Animal_Crossing/Happy_Home_Designer/-HHD-_Items_-_52.nfc,nfc,Amiibo,UberGuidoZ_Amiibo_Tools,moved
sd_card_content/nfc/Amiibo/Amiibo_Files/Animal_Crossing/Happy_Home_Designer/-HHD-_Items_-_55.nfc,nfc,Amiibo,UberGuidoZ_Amiibo_Tools,moved
sd_card_content/nfc/Amiibo/Amiibo_Files/Animal_Crossing/Happy_Home_Designer/-HHD-_Items_-_72.nfc,nfc,Amiibo,UberGuidoZ_Amiibo_Tools,moved
sd_card_content/nfc/Amiibo/Amiibo_Files/Animal_Crossing/Happy_Home_Designer/-HHD-_Items_-_67.nfc,nfc,Amiibo,UberGuidoZ_Amiibo_Tools,moved
sd_card_content/nfc/Amiibo/Amiibo_Files/Animal_Crossing/Happy_Home_Designer/-HHD-_Items_-_30.nfc,nfc,Amiibo,UberGuidoZ_Amiibo_Tools,moved
sd_card_content/nfc/Amiibo/Amiibo_Files/Animal_Crossing/Happy_Home_Designer/-HHD-_Items_-_38.nfc,nfc,Amiibo,UberGuidoZ_Amiibo_Tools,moved
sd_card_content/nfc/Amiibo/Amiibo_Files/Animal_Crossing/Happy_Home_Designer/-HHD-_Items_-_57.nfc,nfc,Amiibo,UberGuidoZ_Amiibo_Tools,moved
sd_card_content/nfc/Amiibo/Amiibo_Files/Animal_Crossing/Happy_Home_Designer/READ_BEFORE_USE.txt,nfc,Amiibo,UberGuidoZ_Amiibo_Tools,moved
sd_card_content/nfc/Amiibo/Amiibo_Files/Animal_Crossing/Happy_Home_Designer/-HHD-_Items_-_18.nfc,nfc,Amiibo,UberGuidoZ_Amiibo_Tools,moved
sd_card_content/nfc/Amiibo/Amiibo_Files/Animal_Crossing/Happy_Home_Designer/-HHD-_Items_-_82.nfc,nfc,Amiibo,UberGuidoZ_Amiibo_Tools,moved
sd_card_content/nfc/Amiibo/Amiibo_Files/Animal_Crossing/Happy_Home_Designer/-HHD-_Items_-_31.nfc,nfc,Amiibo,UberGuidoZ_Amiibo_Tools,moved
sd_card_content/nfc/Amiibo/Amiibo_Files/Animal_Crossing/Happy_Home_Designer/-HHD-_Items_-_51.nfc,nfc,Amiibo,UberGuidoZ_Amiibo_Tools,moved
sd_card_content/nfc/Amiibo/Amiibo_Files/Animal_Crossing/Happy_Home_Designer/-HHD-_Items_-_27.nfc,nfc,Amiibo,UberGuidoZ_Amiibo_Tools,moved
sd_card_content/nfc/Amiibo/Amiibo_Files/Animal_Crossing/Cards/Series_4/[AC]_327_-_Penelope.nfc,nfc,Amiibo,UberGuidoZ_Amiibo_Tools,moved
sd_card_content/nfc/Amiibo/Amiibo_Files/Animal_Crossing/Cards/Series_4/[AC]_381_-_Gloria.nfc,nfc,Amiibo,UberGuidoZ_Amiibo_Tools,moved
sd_card_content/nfc/Amiibo/Amiibo_Files/Animal_Crossing/Cards/Series_4/[AC]_363_-_Celia.nfc,nfc,Amiibo,UberGuidoZ_Amiibo_Tools,moved
sd_card_content/nfc/Amiibo/Amiibo_Files/Animal_Crossing/Cards/Series_4/[AC]_382_-_Lobo.nfc,nfc,Amiibo,UberGuidoZ_Amiibo_Tools,moved
sd_card_content/nfc/Amiibo/Amiibo_Files/Animal_Crossing/Cards/Series_4/[AC]_340_-_Tex.nfc,nfc,Amiibo,UberGuidoZ_Amiibo_Tools,moved
sd_card_content/nfc/Amiibo/Amiibo_Files/Animal_Crossing/Cards/Series_4/[AC]_317_-_Goldie.nfc,nfc,Amiibo,UberGuidoZ_Amiibo_Tools,moved
sd_card_content/nfc/Amiibo/Amiibo_Files/Animal_Crossing/Cards/Series_4/[AC]_323_-_Katt.nfc,nfc,Amiibo,UberGuidoZ_Amiibo_Tools,moved
sd_card_content/nfc/Amiibo/Amiibo_Files/Animal_Crossing/Cards/Series_4/[AC]_342_-_Bones.nfc,nfc,Amiibo,UberGuidoZ_Amiibo_Tools,moved
sd_card_content/nfc/Amiibo/Amiibo_Files/Animal_Crossing/Cards/Series_4/[AC]_338_-_Fang.nfc,nfc,Amiibo,UberGuidoZ_Amiibo_Tools,moved
sd_card_content/nfc/Amiibo/Amiibo_Files/Animal_Crossing/Cards/Series_4/[AC]_351_-_Puddles.nfc,nfc,Amiibo,UberGuidoZ_Amiibo_Tools,moved
sd_card_content/nfc/Amiibo/Amiibo_Files/Animal_Crossing/Cards/Series_4/[AC]_395_-_Cally.nfc,nfc,Amiibo,UberGuidoZ_Amiibo_Tools,moved
sd_card_content/nfc/Amiibo/Amiibo_Files/Animal_Crossing/Cards/Series_4/[AC]_389_-_Bruce.nfc,nfc,Amiibo,UberGuidoZ_Amiibo_Tools,moved
sd_card_content/nfc/Amiibo/Amiibo_Files/Animal_Crossing/Cards/Series_4/[AC]_310_-_Timmy.nfc,nfc,Amiibo,UberGuidoZ_Amiibo_Tools,moved
sd_card_content/nfc/Amiibo/Amiibo_Files/Animal_Crossing/Cards/Series_4/[AC]_397_-_Iggly.nfc,nfc,Amiibo,UberGuidoZ_Amiibo_Tools,moved
sd_card_content/nfc/Amiibo/Amiibo_Files/Animal_Crossing/Cards/Series_4/[AC]_348_-_Olaf.nfc,nfc,Amiibo,UberGuidoZ_Amiibo_Tools,moved
sd_card_content/nfc/Amiibo/Amiibo_Files/Animal_Crossing/Cards/Series_4/[AC]_306_-_Tommy.nfc,nfc,Amiibo,UberGuidoZ_Amiibo_Tools,moved
sd_card_content/nfc/Amiibo/Amiibo_Files/Animal_Crossing/Cards/Series_4/[AC]_364_-_Zucker.nfc,nfc,Amiibo,UberGuidoZ_Amiibo_Tools,moved
sd_card_content/nfc/Amiibo/Amiibo_Files/Animal_Crossing/Cards/Series_4/[AC]_331_-_Pashmina.nfc,nfc,Amiibo,UberGuidoZ_Amiibo_Tools,moved
sd_card_content/nfc/Amiibo/Amiibo_Files/Animal_Crossing/Cards/Series_4/[AC]_305_-_Celeste.nfc,nfc,Amiibo,UberGuidoZ_Amiibo_Tools,moved
sd_card_content/nfc/Amiibo/Amiibo_Files/Animal_Crossing/Cards/Series_4/[AC]_376_-_Rizzo.nfc,nfc,Amiibo,UberGuidoZ_Amiibo_Tools,moved
sd_card_content/nfc/Amiibo/Amiibo_Files/Animal_Crossing/Cards/Series_4/[AC]_360_-_Rod.nfc,nfc,Amiibo,UberGuidoZ_Amiibo_Tools,moved
sd_card_content/nfc/Amiibo/Amiibo_Files/Animal_Crossing/Cards/Series_4/[AC]_371_-_Sally.nfc,nfc,Amiibo,UberGuidoZ_Amiibo_Tools,moved
sd_card_content/nfc/Amiibo/Amiibo_Files/Animal_Crossing/Cards/Series_4/[AC]_361_-_Purrl.nfc,nfc,Amiibo,UberGuidoZ_Amiibo_Tools,moved
sd_card_content/nfc/Amiibo/Amiibo_Files/Animal_Crossing/Cards/Series_4/[AC]_325_-_Peaches.nfc,nfc,Amiibo,UberGuidoZ_Amiibo_Tools,moved
sd_card_content/nfc/Amiibo/Amiibo_Files/Animal_Crossing/Cards/Series_4/[AC]_319_-_Pinky.nfc,nfc,Amiibo,UberGuidoZ_Amiibo_Tools,moved
sd_card_content/nfc/Amiibo/Amiibo_Files/Animal_Crossing/Cards/Series_4/[AC]_320_-_Mott.nfc,nfc,Amiibo,UberGuidoZ_Amiibo_Tools,moved
sd_card_content/nfc/Amiibo/Amiibo_Files/Animal_Crossing/Cards/Series_4/[AC]_393_-_Frobert.nfc,nfc,Amiibo,UberGuidoZ_Amiibo_Tools,moved
sd_card_content/nfc/Amiibo/Amiibo_Files/Animal_Crossing/Cards/Series_4/[AC]_390_-_O_Hare.nfc,nfc,Amiibo,UberGuidoZ_Amiibo_Tools,moved
sd_card_content/nfc/Amiibo/Amiibo_Files/Animal_Crossing/Cards/Series_4/[AC]_384_-_Margie.nfc,nfc,Amiibo,UberGuidoZ_Amiibo_Tools,moved
sd_card_content/nfc/Amiibo/Amiibo_Files/Animal_Crossing/Cards/Series_4/[AC]_346_-_Peewee.nfc,nfc,Amiibo,UberGuidoZ_Amiibo_Tools,moved
sd_card_content/nfc/Amiibo/Amiibo_Files/Animal_Crossing/Cards/Series_4/[AC]_362_-_Static.nfc,nfc,Amiibo,UberGuidoZ_Amiibo_Tools,moved
sd_card_content/nfc/Amiibo/Amiibo_Files/Animal_Crossing/Cards/Series_4/[AC]_365_-_Peggy.nfc,nfc,Amiibo,UberGuidoZ_Amiibo_Tools,moved
sd_card_content/nfc/Amiibo/Amiibo_Files/Animal_Crossing/Cards/Series_4/[AC]_332_-_Shep.nfc,nfc,Amiibo,UberGuidoZ_Amiibo_Tools,moved
sd_card_content/nfc/Amiibo/Amiibo_Files/Animal_Crossing/Cards/Series_4/[AC]_312_-_Shrunk.nfc,nfc,Amiibo,UberGuidoZ_Amiibo_Tools,moved
sd_card_content/nfc/Amiibo/Amiibo_Files/Animal_Crossing/Cards/Series_4/[AC]_309_-_Resetti.nfc,nfc,Amiibo,UberGuidoZ_Amiibo_Tools,moved
sd_card_content/nfc/Amiibo/Amiibo_Files/Animal_Crossing/Cards/Series_4/[AC]_375_-_Becky.nfc,nfc,Amiibo,UberGuidoZ_Amiibo_Tools,moved
sd_card_content/nfc/Amiibo/Amiibo_Files/Animal_Crossing/Cards/Series_4/[AC]_357_-_Aurora.nfc,nfc,Amiibo,UberGuidoZ_Amiibo_Tools,moved
sd_card_content/nfc/Amiibo/Amiibo_Files/Animal_Crossing/Cards/Series_4/[AC]_339_-_Fritta.nfc,nfc,Amiibo,UberGuidoZ_Amiibo_Tools,moved
sd_card_content/nfc/Amiibo/Amiibo_Files/Animal_Crossing/Cards/Series_4/[AC]_344_-_Rudy.nfc,nfc,Amiibo,UberGuidoZ_Amiibo_Tools,moved
sd_card_content/nfc/Amiibo/Amiibo_Files/Animal_Crossing/Cards/Series_4/[AC]_321_-_Mallary.nfc,nfc,Amiibo,UberGuidoZ_Amiibo_Tools,moved
sd_card_content/nfc/Amiibo/Amiibo_Files/Animal_Crossing/Cards/Series_4/[AC]_345_-_Naomi.nfc,nfc,Amiibo,UberGuidoZ_Amiibo_Tools,moved
sd_card_content/nfc/Amiibo/Amiibo_Files/Animal_Crossing/Cards/Series_4/[AC]_380_-_Kevin.nfc,nfc,Amiibo,UberGuidoZ_Amiibo_Tools,moved
sd_card_content/nfc/Amiibo/Amiibo_Files/Animal_Crossing/Cards/Series_4/[AC]_370_-_Jacques.nfc,nfc,Amiibo,UberGuidoZ_Amiibo_Tools,moved
sd_card_content/nfc/Amiibo/Amiibo_Files/Animal_Crossing/Cards/Series_4/[AC]_372_-_Doc.nfc,nfc,Amiibo,UberGuidoZ_Amiibo_Tools,moved
sd_card_content/nfc/Amiibo/Amiibo_Files/Animal_Crossing/Cards/Series_4/[AC]_368_-_Chow.nfc,nfc,Amiibo,UberGuidoZ_Amiibo_Tools,moved
sd_card_content/nfc/Amiibo/Amiibo_Files/Animal_Crossing/Cards/Series_4/[AC]_350_-_Elmer.nfc,nfc,Amiibo,UberGuidoZ_Amiibo_Tools,moved
sd_card_content/nfc/Amiibo/Amiibo_Files/Animal_Crossing/Cards/Series_4/[AC]_385_-_Lucky.nfc,nfc,Amiibo,UberGuidoZ_Amiibo_Tools,moved
sd_card_content/nfc/Amiibo/Amiibo_Files/Animal_Crossing/Cards/Series_4/[AC]_314_-_Gulliver.nfc,nfc,Amiibo,UberGuidoZ_Amiibo_Tools,moved
sd_card_content/nfc/Amiibo/Amiibo_Files/Animal_Crossing/Cards/Series_4/[AC]_334_-_Erik.nfc,nfc,Amiibo,UberGuidoZ_Amiibo_Tools,moved
sd_card_content/nfc/Amiibo/Amiibo_Files/Animal_Crossing/Cards/Series_4/[AC]_353_-_Elise.nfc,nfc,Amiibo,UberGuidoZ_Amiibo_Tools,moved
sd_card_content/nfc/Amiibo/Amiibo_Files/Animal_Crossing/Cards/Series_4/[AC]_354_-_Walt.nfc,nfc,Amiibo,UberGuidoZ_Amiibo_Tools,moved
sd_card_content/nfc/Amiibo/Amiibo_Files/Animal_Crossing/Cards/Series_4/[AC]_352_-_Rory.nfc,nfc,Amiibo,UberGuidoZ_Amiibo_Tools,moved
sd_card_content/nfc/Amiibo/Amiibo_Files/Animal_Crossing/Cards/Series_4/[AC]_341_-_Melba.nfc,nfc,Amiibo,UberGuidoZ_Amiibo_Tools,moved
sd_card_content/nfc/Amiibo/Amiibo_Files/Animal_Crossing/Cards/Series_4/[AC]_377_-_Sydney.nfc,nfc,Amiibo,UberGuidoZ_Amiibo_Tools,moved
sd_card_content/nfc/Amiibo/Amiibo_Files/Animal_Crossing/Cards/Series_4/[AC]_396_-_Simon.nfc,nfc,Amiibo,UberGuidoZ_Amiibo_Tools,moved
sd_card_content/nfc/Amiibo/Amiibo_Files/Animal_Crossing/Cards/Series_4/[AC]_313_-_Pave.nfc,nfc,Amiibo,UberGuidoZ_Amiibo_Tools,moved
sd_card_content/nfc/Amiibo/Amiibo_Files/Animal_Crossing/Cards/Series_4/[AC]_303_-_Katrina.nfc,nfc,Amiibo,UberGuidoZ_Amiibo_Tools,moved
sd_card_content/nfc/Amiibo/Amiibo_Files/Animal_Crossing/Cards/Series_4/[AC]_359_-_Apple.nfc,nfc,Amiibo,UberGuidoZ_Amiibo_Tools,moved
sd_card_content/nfc/Amiibo/Amiibo_Files/Animal_Crossing/Cards/Series_4/[AC]_326_-_Dizzy.nfc,nfc,Amiibo,UberGuidoZ_Amiibo_Tools,moved
sd_card_content/nfc/Amiibo/Amiibo_Files/Animal_Crossing/Cards/Series_4/[AC]_355_-_Mira.nfc,nfc,Amiibo,UberGuidoZ_Amiibo_Tools,moved
sd_card_content/nfc/Amiibo/Amiibo_Files/Animal_Crossing/Cards/Series_4/[AC]_383_-_Hippeux.nfc,nfc,Amiibo,UberGuidoZ_Amiibo_Tools,moved
sd_card_content/nfc/Amiibo/Amiibo_Files/Animal_Crossing/Cards/Series_4/[AC]_387_-_Rowan.nfc,nfc,Amiibo,UberGuidoZ_Amiibo_Tools,moved
sd_card_content/nfc/Amiibo/Amiibo_Files/Animal_Crossing/Cards/Series_4/[AC]_311_-_Lottie.nfc,nfc,Amiibo,UberGuidoZ_Amiibo_Tools,moved
sd_card_content/nfc/Amiibo/Amiibo_Files/Animal_Crossing/Cards/Series_4/[AC]_373_-_Pompom.nfc,nfc,Amiibo,UberGuidoZ_Amiibo_Tools,moved
sd_card_content/nfc/Amiibo/Amiibo_Files/Animal_Crossing/Cards/Series_4/[AC]_329_-_Broffina.nfc,nfc,Amiibo,UberGuidoZ_Amiibo_Tools,moved
sd_card_content/nfc/Amiibo/Amiibo_Files/Animal_Crossing/Cards/Series_4/[AC]_337_-_Queenie.nfc,nfc,Amiibo,UberGuidoZ_Amiibo_Tools,moved
sd_card_content/nfc/Amiibo/Amiibo_Files/Animal_Crossing/Cards/Series_4/[AC]_392_-_Cranston.nfc,nfc,Amiibo,UberGuidoZ_Amiibo_Tools,moved
sd_card_content/nfc/Amiibo/Amiibo_Files/Animal_Crossing/Cards/Series_4/[AC]_386_-_Rosie.nfc,nfc,Amiibo,UberGuidoZ_Amiibo_Tools,moved
sd_card_content/nfc/Amiibo/Amiibo_Files/Animal_Crossing/Cards/Series_4/[AC]_307_-_Gracie.nfc,nfc,Amiibo,UberGuidoZ_Amiibo_Tools,moved
sd_card_content/nfc/Amiibo/Amiibo_Files/Animal_Crossing/Cards/Series_4/[AC]_358_-_Papi.nfc,nfc,Amiibo,UberGuidoZ_Amiibo_Tools,moved
sd_card_content/nfc/Amiibo/Amiibo_Files/Animal_Crossing/Cards/Series_4/[AC]_335_-_Dotty.nfc,nfc,Amiibo,UberGuidoZ_Amiibo_Tools,moved
sd_card_content/nfc/Amiibo/Amiibo_Files/Animal_Crossing/Cards/Series_4/[AC]_391_-_Gayle.nfc,nfc,Amiibo,UberGuidoZ_Amiibo_Tools,moved
sd_card_content/nfc/Amiibo/Amiibo_Files/Animal_Crossing/Cards/Series_4/[AC]_324_-_Graham.nfc,nfc,Amiibo,UberGuidoZ_Amiibo_Tools,moved
sd_card_content/nfc/Amiibo/Amiibo_Files/Animal_Crossing/Cards/Series_4/[AC]_333_-_Lolly.nfc,nfc,Amiibo,UberGuidoZ_Amiibo_Tools,moved
sd_card_content/nfc/Amiibo/Amiibo_Files/Animal_Crossing/Cards/Series_4/[AC]_374_-_Tank.nfc,nfc,Amiibo,UberGuidoZ_Amiibo_Tools,moved
sd_card_content/nfc/Amiibo/Amiibo_Files/Animal_Crossing/Cards/Series_4/[AC]_308_-_Leilani.nfc,nfc,Amiibo,UberGuidoZ_Amiibo_Tools,moved
sd_card_content/nfc/Amiibo/Amiibo_Files/Animal_Crossing/Cards/Series_4/[AC]_343_-_Anabelle.nfc,nfc,Amiibo,UberGuidoZ_Amiibo_Tools,moved
sd_card_content/nfc/Amiibo/Amiibo_Files/Animal_Crossing/Cards/Series_4/[AC]_322_-_Rocco.nfc,nfc,Amiibo,UberGuidoZ_Amiibo_Tools,moved
sd_card_content/nfc/Amiibo/Amiibo_Files/Animal_Crossing/Cards/Series_4/[AC]_347_-_Tammy.nfc,nfc,Amiibo,UberGuidoZ_Amiibo_Tools,moved
sd_card_content/nfc/Amiibo/Amiibo_Files/Animal_Crossing/Cards/Series_4/[AC]_318_-_Stitches.nfc,nfc,Amiibo,UberGuidoZ_Amiibo_Tools,moved
sd_card_content/nfc/Amiibo/Amiibo_Files/Animal_Crossing/Cards/Series_4/[AC]_379_-_Nibbles.nfc,nfc,Amiibo,UberGuidoZ_Amiibo_Tools,moved
sd_card_content/nfc/Amiibo/Amiibo_Files/Animal_Crossing/Cards/Series_4/[AC]_304_-_Phineas.nfc,nfc,Amiibo,UberGuidoZ_Amiibo_Tools,moved
sd_card_content/nfc/Amiibo/Amiibo_Files/Animal_Crossing/Cards/Series_4/[AC]_394_-_Grizzly.nfc,nfc,Amiibo,UberGuidoZ_Amiibo_Tools,moved
sd_card_content/nfc/Amiibo/Amiibo_Files/Animal_Crossing/Cards/Series_4/[AC]_378_-_Barold.nfc,nfc,Amiibo,UberGuidoZ_Amiibo_Tools,moved
sd_card_content/nfc/Amiibo/Amiibo_Files/Animal_Crossing/Cards/Series_4/[AC]_315_-_Redd.nfc,nfc,Amiibo,UberGuidoZ_Amiibo_Tools,moved
sd_card_content/nfc/Amiibo/Amiibo_Files/Animal_Crossing/Cards/Series_4/[AC]_302_-_Brewster.nfc,nfc,Amiibo,UberGuidoZ_Amiibo_Tools,moved
sd_card_content/nfc/Amiibo/Amiibo_Files/Animal_Crossing/Cards/Series_4/[AC]_328_-_Boone.nfc,nfc,Amiibo,UberGuidoZ_Amiibo_Tools,moved
sd_card_content/nfc/Amiibo/Amiibo_Files/Animal_Crossing/Cards/Series_4/[AC]_330_-_Croque.nfc,nfc,Amiibo,UberGuidoZ_Amiibo_Tools,moved
sd_card_content/nfc/Amiibo/Amiibo_Files/Animal_Crossing/Cards/Series_4/[AC]_349_-_Lucy.nfc,nfc,Amiibo,UberGuidoZ_Amiibo_Tools,moved
sd_card_content/nfc/Amiibo/Amiibo_Files/Animal_Crossing/Cards/Series_4/[AC]_388_-_Maelle.nfc,nfc,Amiibo,UberGuidoZ_Amiibo_Tools,moved
sd_card_content/nfc/Amiibo/Amiibo_Files/Animal_Crossing/Cards/Series_4/[AC]_400_-_Robin.nfc,nfc,Amiibo,UberGuidoZ_Amiibo_Tools,moved
sd_card_content/nfc/Amiibo/Amiibo_Files/Animal_Crossing/Cards/Series_4/[AC]_336_-_Pierce.nfc,nfc,Amiibo,UberGuidoZ_Amiibo_Tools,moved
sd_card_content/nfc/Amiibo/Amiibo_Files/Animal_Crossing/Cards/Series_4/[AC]_356_-_Pietro.nfc,nfc,Amiibo,UberGuidoZ_Amiibo_Tools,moved
sd_card_content/nfc/Amiibo/Amiibo_Files/Animal_Crossing/Cards/Series_4/[AC]_366_-_Ribbot.nfc,nfc,Amiibo,UberGuidoZ_Amiibo_Tools,moved
sd_card_content/nfc/Amiibo/Amiibo_Files/Animal_Crossing/Cards/Series_4/[AC]_301_-_Isabelle.nfc,nfc,Amiibo,UberGuidoZ_Amiibo_Tools,moved
sd_card_content/nfc/Amiibo/Amiibo_Files/Animal_Crossing/Cards/Series_4/[AC]_367_-_Annalise.nfc,nfc,Amiibo,UberGuidoZ_Amiibo_Tools,moved
sd_card_content/nfc/Amiibo/Amiibo_Files/Animal_Crossing/Cards/Series_4/[AC]_398_-_Angus.nfc,nfc,Amiibo,UberGuidoZ_Amiibo_Tools,moved
sd_card_content/nfc/Amiibo/Amiibo_Files/Animal_Crossing/Cards/Series_4/[AC]_369_-_Sylvia.nfc,nfc,Amiibo,UberGuidoZ_Amiibo_Tools,moved
sd_card_content/nfc/Amiibo/Amiibo_Files/Animal_Crossing/Cards/Series_4/[AC]_316_-_Zipper.nfc,nfc,Amiibo,UberGuidoZ_Amiibo_Tools,moved
sd_card_content/nfc/Amiibo/Amiibo_Files/Animal_Crossing/Cards/Series_4/[AC]_399_-_Twiggy.nfc,nfc,Amiibo,UberGuidoZ_Amiibo_Tools,moved
sd_card_content/nfc/Amiibo/Amiibo_Files/Animal_Crossing/Cards/Animal_Crossing_x_Sanrio_Series/[AC]_XS3_-_Ètoile.nfc,nfc,Amiibo,UberGuidoZ_Amiibo_Tools,moved
sd_card_content/nfc/Amiibo/Amiibo_Files/Animal_Crossing/Cards/Animal_Crossing_x_Sanrio_Series/[AC]_XS4_-_Chai.nfc,nfc,Amiibo,UberGuidoZ_Amiibo_Tools,moved
sd_card_content/nfc/Amiibo/Amiibo_Files/Animal_Crossing/Cards/Animal_Crossing_x_Sanrio_Series/[AC]_XS1_-_Rilla.nfc,nfc,Amiibo,UberGuidoZ_Amiibo_Tools,moved
sd_card_content/nfc/Amiibo/Amiibo_Files/Animal_Crossing/Cards/Animal_Crossing_x_Sanrio_Series/[AC]_XS5_-_Chelsea.nfc,nfc,Amiibo,UberGuidoZ_Amiibo_Tools,moved
sd_card_content/nfc/Amiibo/Amiibo_Files/Animal_Crossing/Cards/Animal_Crossing_x_Sanrio_Series/[AC]_XS6_-_Toby.nfc,nfc,Amiibo,UberGuidoZ_Amiibo_Tools,moved
sd_card_content/nfc/Amiibo/Amiibo_Files/Animal_Crossing/Cards/Animal_Crossing_x_Sanrio_Series/[AC]_XS2_-_Marty.nfc,nfc,Amiibo,UberGuidoZ_Amiibo_Tools,moved
sd_card_content/nfc/Amiibo/Amiibo_Files/Animal_Crossing/Cards/Series_2/[AC]_102_-_Reese.nfc,nfc,Amiibo,UberGuidoZ_Amiibo_Tools,moved
sd_card_content/nfc/Amiibo/Amiibo_Files/Animal_Crossing/Cards/Series_2/[AC]_122_-_Lucha.nfc,nfc,Amiibo,UberGuidoZ_Amiibo_Tools,moved
sd_card_content/nfc/Amiibo/Amiibo_Files/Animal_Crossing/Cards/Series_2/[AC]_129_-_Tipper.nfc,nfc,Amiibo,UberGuidoZ_Amiibo_Tools,moved
sd_card_content/nfc/Amiibo/Amiibo_Files/Animal_Crossing/Cards/Series_2/[AC]_164_-_Bianca.nfc,nfc,Amiibo,UberGuidoZ_Amiibo_Tools,moved
sd_card_content/nfc/Amiibo/Amiibo_Files/Animal_Crossing/Cards/Series_2/[AC]_186_-_Charlise.nfc,nfc,Amiibo,UberGuidoZ_Amiibo_Tools,moved
sd_card_content/nfc/Amiibo/Amiibo_Files/Animal_Crossing/Cards/Series_2/[AC]_195_-_Hamphrey.nfc,nfc,Amiibo,UberGuidoZ_Amiibo_Tools,moved
sd_card_content/nfc/Amiibo/Amiibo_Files/Animal_Crossing/Cards/Series_2/[AC]_138_-_Sly.nfc,nfc,Amiibo,UberGuidoZ_Amiibo_Tools,moved
sd_card_content/nfc/Amiibo/Amiibo_Files/Animal_Crossing/Cards/Series_2/[AC]_176_-_Sprinkle.nfc,nfc,Amiibo,UberGuidoZ_Amiibo_Tools,moved
sd_card_content/nfc/Amiibo/Amiibo_Files/Animal_Crossing/Cards/Series_2/[AC]_114_-_Blanca.nfc,nfc,Amiibo,UberGuidoZ_Amiibo_Tools,moved
sd_card_content/nfc/Amiibo/Amiibo_Files/Animal_Crossing/Cards/Series_2/[AC]_192_-_Pango.nfc,nfc,Amiibo,UberGuidoZ_Amiibo_Tools,moved
sd_card_content/nfc/Amiibo/Amiibo_Files/Animal_Crossing/Cards/Series_2/[AC]_179_-_Hopper.nfc,nfc,Amiibo,UberGuidoZ_Amiibo_Tools,moved
sd_card_content/nfc/Amiibo/Amiibo_Files/Animal_Crossing/Cards/Series_2/[AC]_142_-_Peck.nfc,nfc,Amiibo,UberGuidoZ_Amiibo_Tools,moved
sd_card_content/nfc/Amiibo/Amiibo_Files/Animal_Crossing/Cards/Series_2/[AC]_198_-_Agent_S.nfc,nfc,Amiibo,UberGuidoZ_Amiibo_Tools,moved
sd_card_content/nfc/Amiibo/Amiibo_Files/Animal_Crossing/Cards/Series_2/[AC]_120_-_Ozzie.nfc,nfc,Amiibo,UberGuidoZ_Amiibo_Tools,moved
sd_card_content/nfc/Amiibo/Amiibo_Files/Animal_Crossing/Cards/Series_2/[AC]_134_-_Kidd.nfc,nfc,Amiibo,UberGuidoZ_Amiibo_Tools,moved
sd_card_content/nfc/Amiibo/Amiibo_Files/Animal_Crossing/Cards/Series_2/[AC]_125_-_Gwen.nfc,nfc,Amiibo,UberGuidoZ_Amiibo_Tools,moved
sd_card_content/nfc/Amiibo/Amiibo_Files/Animal_Crossing/Cards/Series_2/[AC]_124_-_Harry.nfc,nfc,Amiibo,UberGuidoZ_Amiibo_Tools,moved
sd_card_content/nfc/Amiibo/Amiibo_Files/Animal_Crossing/Cards/Series_2/[AC]_131_-_Pate.nfc,nfc,Amiibo,UberGuidoZ_Amiibo_Tools,moved
sd_card_content/nfc/Amiibo/Amiibo_Files/Animal_Crossing/Cards/Series_2/[AC]_158_-_Timbra.nfc,nfc,Amiibo,UberGuidoZ_Amiibo_Tools,moved
sd_card_content/nfc/Amiibo/Amiibo_Files/Animal_Crossing/Cards/Series_2/[AC]_165_-_Filbert.nfc,nfc,Amiibo,UberGuidoZ_Amiibo_Tools,moved
sd_card_content/nfc/Amiibo/Amiibo_Files/Animal_Crossing/Cards/Series_2/[AC]_121_-_Tia.nfc,nfc,Amiibo,UberGuidoZ_Amiibo_Tools,moved
sd_card_content/nfc/Amiibo/Amiibo_Files/Animal_Crossing/Cards/Series_2/[AC]_133_-_Savannah.nfc,nfc,Amiibo,UberGuidoZ_Amiibo_Tools,moved
sd_card_content/nfc/Amiibo/Amiibo_Files/Animal_Crossing/Cards/Series_2/[AC]_132_-_Vladimir.nfc,nfc,Amiibo,UberGuidoZ_Amiibo_Tools,moved
sd_card_content/nfc/Amiibo/Amiibo_Files/Animal_Crossing/Cards/Series_2/[AC]_185_-_Chops.nfc,nfc,Amiibo,UberGuidoZ_Amiibo_Tools,moved
sd_card_content/nfc/Amiibo/Amiibo_Files/Animal_Crossing/Cards/Series_2/[AC]_145_-_Carmen.nfc,nfc,Amiibo,UberGuidoZ_Amiibo_Tools,moved
sd_card_content/nfc/Amiibo/Amiibo_Files/Animal_Crossing/Cards/Series_2/[AC]_159_-_Zell.nfc,nfc,Amiibo,UberGuidoZ_Amiibo_Tools,moved
sd_card_content/nfc/Amiibo/Amiibo_Files/Animal_Crossing/Cards/Series_2/[AC]_172_-_Agnes.nfc,nfc,Amiibo,UberGuidoZ_Amiibo_Tools,moved
sd_card_content/nfc/Amiibo/Amiibo_Files/Animal_Crossing/Cards/Series_2/[AC]_144_-_Cesar.nfc,nfc,Amiibo,UberGuidoZ_Amiibo_Tools,moved
sd_card_content/nfc/Amiibo/Amiibo_Files/Animal_Crossing/Cards/Series_2/[AC]_177_-_Flip.nfc,nfc,Amiibo,UberGuidoZ_Amiibo_Tools,moved
sd_card_content/nfc/Amiibo/Amiibo_Files/Animal_Crossing/Cards/Series_2/[AC]_152_-_Wendy.nfc,nfc,Amiibo,UberGuidoZ_Amiibo_Tools,moved
sd_card_content/nfc/Amiibo/Amiibo_Files/Animal_Crossing/Cards/Series_2/[AC]_105_-_Copper.nfc,nfc,Amiibo,UberGuidoZ_Amiibo_Tools,moved
sd_card_content/nfc/Amiibo/Amiibo_Files/Animal_Crossing/Cards/Series_2/[AC]_184_-_Anicotti.nfc,nfc,Amiibo,UberGuidoZ_Amiibo_Tools,moved
sd_card_content/nfc/Amiibo/Amiibo_Files/Animal_Crossing/Cards/Series_2/[AC]_168_-_Nan.nfc,nfc,Amiibo,UberGuidoZ_Amiibo_Tools,moved
sd_card_content/nfc/Amiibo/Amiibo_Files/Animal_Crossing/Cards/Series_2/[AC]_103_-_Kicks.nfc,nfc,Amiibo,UberGuidoZ_Amiibo_Tools,moved
sd_card_content/nfc/Amiibo/Amiibo_Files/Animal_Crossing/Cards/Series_2/[AC]_111_-_Shrunk.nfc,nfc,Amiibo,UberGuidoZ_Amiibo_Tools,moved
sd_card_content/nfc/Amiibo/Amiibo_Files/Animal_Crossing/Cards/Series_2/[AC]_141_-_Nana.nfc,nfc,Amiibo,UberGuidoZ_Amiibo_Tools,moved
sd_card_content/nfc/Amiibo/Amiibo_Files/Animal_Crossing/Cards/Series_2/[AC]_173_-_Julian.nfc,nfc,Amiibo,UberGuidoZ_Amiibo_Tools,moved
sd_card_content/nfc/Amiibo/Amiibo_Files/Animal_Crossing/Cards/Series_2/[AC]_150_-_Coco.nfc,nfc,Amiibo,UberGuidoZ_Amiibo_Tools,moved
sd_card_content/nfc/Amiibo/Amiibo_Files/Animal_Crossing/Cards/Series_2/[AC]_112_-_Don_Resetti.nfc,nfc,Amiibo,UberGuidoZ_Amiibo_Tools,moved
sd_card_content/nfc/Amiibo/Amiibo_Files/Animal_Crossing/Cards/Series_2/[AC]_180_-_Pecan.nfc,nfc,Amiibo,UberGuidoZ_Amiibo_Tools,moved
sd_card_content/nfc/Amiibo/Amiibo_Files/Animal_Crossing/Cards/Series_2/[AC]_156_-_Gabi.nfc,nfc,Amiibo,UberGuidoZ_Amiibo_Tools,moved
sd_card_content/nfc/Amiibo/Amiibo_Files/Animal_Crossing/Cards/Series_2/[AC]_200_-_Rocket.nfc,nfc,Amiibo,UberGuidoZ_Amiibo_Tools,moved
sd_card_content/nfc/Amiibo/Amiibo_Files/Animal_Crossing/Cards/Series_2/[AC]_181_-_Drake.nfc,nfc,Amiibo,UberGuidoZ_Amiibo_Tools,moved
sd_card_content/nfc/Amiibo/Amiibo_Files/Animal_Crossing/Cards/Series_2/[AC]_190_-_Vesta.nfc,nfc,Amiibo,UberGuidoZ_Amiibo_Tools,moved
sd_card_content/nfc/Amiibo/Amiibo_Files/Animal_Crossing/Cards/Series_2/[AC]_153_-_Alfonso.nfc,nfc,Amiibo,UberGuidoZ_Amiibo_Tools,moved
sd_card_content/nfc/Amiibo/Amiibo_Files/Animal_Crossing/Cards/Series_2/[AC]_108_-_Tommy.nfc,nfc,Amiibo,UberGuidoZ_Amiibo_Tools,moved
sd_card_content/nfc/Amiibo/Amiibo_Files/Animal_Crossing/Cards/Series_2/[AC]_148_-_Whitney.nfc,nfc,Amiibo,UberGuidoZ_Amiibo_Tools,moved
sd_card_content/nfc/Amiibo/Amiibo_Files/Animal_Crossing/Cards/Series_2/[AC]_147_-_Scoot.nfc,nfc,Amiibo,UberGuidoZ_Amiibo_Tools,moved
sd_card_content/nfc/Amiibo/Amiibo_Files/Animal_Crossing/Cards/Series_2/[AC]_166_-_Kitty.nfc,nfc,Amiibo,UberGuidoZ_Amiibo_Tools,moved
sd_card_content/nfc/Amiibo/Amiibo_Files/Animal_Crossing/Cards/Series_2/[AC]_110_-_Leila.nfc,nfc,Amiibo,UberGuidoZ_Amiibo_Tools,moved
sd_card_content/nfc/Amiibo/Amiibo_Files/Animal_Crossing/Cards/Series_2/[AC]_117_-_Jack.nfc,nfc,Amiibo,UberGuidoZ_Amiibo_Tools,moved
sd_card_content/nfc/Amiibo/Amiibo_Files/Animal_Crossing/Cards/Series_2/[AC]_146_-_Rodney.nfc,nfc,Amiibo,UberGuidoZ_Amiibo_Tools,moved
sd_card_content/nfc/Amiibo/Amiibo_Files/Animal_Crossing/Cards/Series_2/[AC]_104_-_Labelle.nfc,nfc,Amiibo,UberGuidoZ_Amiibo_Tools,moved
sd_card_content/nfc/Amiibo/Amiibo_Files/Animal_Crossing/Cards/Series_2/[AC]_175_-_Jay.nfc,nfc,Amiibo,UberGuidoZ_Amiibo_Tools,moved
sd_card_content/nfc/Amiibo/Amiibo_Files/Animal_Crossing/Cards/Series_2/[AC]_116_-_Chip.nfc,nfc,Amiibo,UberGuidoZ_Amiibo_Tools,moved
sd_card_content/nfc/Amiibo/Amiibo_Files/Animal_Crossing/Cards/Series_2/[AC]_149_-_Broccolo.nfc,nfc,Amiibo,UberGuidoZ_Amiibo_Tools,moved
sd_card_content/nfc/Amiibo/Amiibo_Files/Animal_Crossing/Cards/Series_2/[AC]_115_-_Nat.nfc,nfc,Amiibo,UberGuidoZ_Amiibo_Tools,moved
sd_card_content/nfc/Amiibo/Amiibo_Files/Animal_Crossing/Cards/Series_2/[AC]_113_-_Isabelle.nfc,nfc,Amiibo,UberGuidoZ_Amiibo_Tools,moved
sd_card_content/nfc/Amiibo/Amiibo_Files/Animal_Crossing/Cards/Series_2/[AC]_171_-_Benedict.nfc,nfc,Amiibo,UberGuidoZ_Amiibo_Tools,moved
sd_card_content/nfc/Amiibo/Amiibo_Files/Animal_Crossing/Cards/Series_2/[AC]_169_-_Bud.nfc,nfc,Amiibo,UberGuidoZ_Amiibo_Tools,moved
sd_card_content/nfc/Amiibo/Amiibo_Files/Animal_Crossing/Cards/Series_2/[AC]_170_-_Ruby.nfc,nfc,Amiibo,UberGuidoZ_Amiibo_Tools,moved
sd_card_content/nfc/Amiibo/Amiibo_Files/Animal_Crossing/Cards/Series_2/[AC]_118_-_Poncho.nfc,nfc,Amiibo,UberGuidoZ_Amiibo_Tools,moved
sd_card_content/nfc/Amiibo/Amiibo_Files/Animal_Crossing/Cards/Series_2/[AC]_143_-_Olivia.nfc,nfc,Amiibo,UberGuidoZ_Amiibo_Tools,moved
sd_card_content/nfc/Amiibo/Amiibo_Files/Animal_Crossing/Cards/Series_2/[AC]_119_-_Felicity.nfc,nfc,Amiibo,UberGuidoZ_Amiibo_Tools,moved
sd_card_content/nfc/Amiibo/Amiibo_Files/Animal_Crossing/Cards/Series_2/[AC]_109_-_Porter.nfc,nfc,Amiibo,UberGuidoZ_Amiibo_Tools,moved
sd_card_content/nfc/Amiibo/Amiibo_Files/Animal_Crossing/Cards/Series_2/[AC]_157_-_Moose.nfc,nfc,Amiibo,UberGuidoZ_Amiibo_Tools,moved
sd_card_content/nfc/Amiibo/Amiibo_Files/Animal_Crossing/Cards/Series_2/[AC]_183_-_Camofrog.nfc,nfc,Amiibo,UberGuidoZ_Amiibo_Tools,moved
sd_card_content/nfc/Amiibo/Amiibo_Files/Animal_Crossing/Cards/Series_2/[AC]_151_-_Groucho.nfc,nfc,Amiibo,UberGuidoZ_Amiibo_Tools,moved
sd_card_content/nfc/Amiibo/Amiibo_Files/Animal_Crossing/Cards/Series_2/[AC]_155_-_Butch.nfc,nfc,Amiibo,UberGuidoZ_Amiibo_Tools,moved
sd_card_content/nfc/Amiibo/Amiibo_Files/Animal_Crossing/Cards/Series_2/[AC]_101_-_K.K._Slider.nfc,nfc,Amiibo,UberGuidoZ_Amiibo_Tools,moved
sd_card_content/nfc/Amiibo/Amiibo_Files/Animal_Crossing/Cards/Series_2/[AC]_167_-_Beau.nfc,nfc,Amiibo,UberGuidoZ_Amiibo_Tools,moved
sd_card_content/nfc/Amiibo/Amiibo_Files/Animal_Crossing/Cards/Series_2/[AC]_140_-_Avery.nfc,nfc,Amiibo,UberGuidoZ_Amiibo_Tools,moved
sd_card_content/nfc/Amiibo/Amiibo_Files/Animal_Crossing/Cards/Series_2/[AC]_187_-_Vic.nfc,nfc,Amiibo,UberGuidoZ_Amiibo_Tools,moved
sd_card_content/nfc/Amiibo/Amiibo_Files/Animal_Crossing/Cards/Series_2/[AC]_194_-_Gladys.nfc,nfc,Amiibo,UberGuidoZ_Amiibo_Tools,moved
sd_card_content/nfc/Amiibo/Amiibo_Files/Animal_Crossing/Cards/Series_2/[AC]_178_-_Hugh.nfc,nfc,Amiibo,UberGuidoZ_Amiibo_Tools,moved
sd_card_content/nfc/Amiibo/Amiibo_Files/Animal_Crossing/Cards/Series_2/[AC]_174_-_Bettina.nfc,nfc,Amiibo,UberGuidoZ_Amiibo_Tools,moved
sd_card_content/nfc/Amiibo/Amiibo_Files/Animal_Crossing/Cards/Series_2/[AC]_191_-_Marcel.nfc,nfc,Amiibo,UberGuidoZ_Amiibo_Tools,moved
sd_card_content/nfc/Amiibo/Amiibo_Files/Animal_Crossing/Cards/Series_2/[AC]_197_-_Kid_Cat.nfc,nfc,Amiibo,UberGuidoZ_Amiibo_Tools,moved
sd_card_content/nfc/Amiibo/Amiibo_Files/Animal_Crossing/Cards/Series_2/[AC]_199_-_Big_Top.nfc,nfc,Amiibo,UberGuidoZ_Amiibo_Tools,moved
sd_card_content/nfc/Amiibo/Amiibo_Files/Animal_Crossing/Cards/Series_2/[AC]_162_-_Mathilda.nfc,nfc,Amiibo,UberGuidoZ_Amiibo_Tools,moved
sd_card_content/nfc/Amiibo/Amiibo_Files/Animal_Crossing/Cards/Series_2/[AC]_193_-_Keaton.nfc,nfc,Amiibo,UberGuidoZ_Amiibo_Tools,moved
sd_card_content/nfc/Amiibo/Amiibo_Files/Animal_Crossing/Cards/Series_2/[AC]_128_-_Tom.nfc,nfc,Amiibo,UberGuidoZ_Amiibo_Tools,moved
sd_card_content/nfc/Amiibo/Amiibo_Files/Animal_Crossing/Cards/Series_2/[AC]_139_-_Blaire.nfc,nfc,Amiibo,UberGuidoZ_Amiibo_Tools,moved
sd_card_content/nfc/Amiibo/Amiibo_Files/Animal_Crossing/Cards/Series_2/[AC]_137_-_Cookie.nfc,nfc,Amiibo,UberGuidoZ_Amiibo_Tools,moved
sd_card_content/nfc/Amiibo/Amiibo_Files/Animal_Crossing/Cards/Series_2/[AC]_136_-_Egbert.nfc,nfc,Amiibo,UberGuidoZ_Amiibo_Tools,moved
sd_card_content/nfc/Amiibo/Amiibo_Files/Animal_Crossing/Cards/Series_2/[AC]_189_-_Drift.nfc,nfc,Amiibo,UberGuidoZ_Amiibo_Tools,moved
sd_card_content/nfc/Amiibo/Amiibo_Files/Animal_Crossing/Cards/Series_2/[AC]_182_-_Alice.nfc,nfc,Amiibo,UberGuidoZ_Amiibo_Tools,moved
sd_card_content/nfc/Amiibo/Amiibo_Files/Animal_Crossing/Cards/Series_2/[AC]_163_-_Ed.nfc,nfc,Amiibo,UberGuidoZ_Amiibo_Tools,moved
sd_card_content/nfc/Amiibo/Amiibo_Files/Animal_Crossing/Cards/Series_2/[AC]_196_-_Freya.nfc,nfc,Amiibo,UberGuidoZ_Amiibo_Tools,moved
sd_card_content/nfc/Amiibo/Amiibo_Files/Animal_Crossing/Cards/Series_2/[AC]_106_-_Booker.nfc,nfc,Amiibo,UberGuidoZ_Amiibo_Tools,moved
sd_card_content/nfc/Amiibo/Amiibo_Files/Animal_Crossing/Cards/Series_2/[AC]_160_-_Pekoe.nfc,nfc,Amiibo,UberGuidoZ_Amiibo_Tools,moved
sd_card_content/nfc/Amiibo/Amiibo_Files/Animal_Crossing/Cards/Series_2/[AC]_130_-_Prince.nfc,nfc,Amiibo,UberGuidoZ_Amiibo_Tools,moved
sd_card_content/nfc/Amiibo/Amiibo_Files/Animal_Crossing/Cards/Series_2/[AC]_123_-_Fuchsia.nfc,nfc,Amiibo,UberGuidoZ_Amiibo_Tools,moved
sd_card_content/nfc/Amiibo/Amiibo_Files/Animal_Crossing/Cards/Series_2/[AC]_127_-_Kitt.nfc,nfc,Amiibo,UberGuidoZ_Amiibo_Tools,moved
sd_card_content/nfc/Amiibo/Amiibo_Files/Animal_Crossing/Cards/Series_2/[AC]_126_-_Coach.nfc,nfc,Amiibo,UberGuidoZ_Amiibo_Tools,moved
sd_card_content/nfc/Amiibo/Amiibo_Files/Animal_Crossing/Cards/Series_2/[AC]_161_-_Teddy.nfc,nfc,Amiibo,UberGuidoZ_Amiibo_Tools,moved
sd_card_content/nfc/Amiibo/Amiibo_Files/Animal_Crossing/Cards/Series_2/[AC]_188_-_Ankha.nfc,nfc,Amiibo,UberGuidoZ_Amiibo_Tools,moved
sd_card_content/nfc/Amiibo/Amiibo_Files/Animal_Crossing/Cards/Series_2/[AC]_135_-_Phoebe.nfc,nfc,Amiibo,UberGuidoZ_Amiibo_Tools,moved
sd_card_content/nfc/Amiibo/Amiibo_Files/Animal_Crossing/Cards/Series_2/[AC]_154_-_Rhonda.nfc,nfc,Amiibo,UberGuidoZ_Amiibo_Tools,moved
sd_card_content/nfc/Amiibo/Amiibo_Files/Animal_Crossing/Cards/Series_2/[AC]_107_-_Katie.nfc,nfc,Amiibo,UberGuidoZ_Amiibo_Tools,moved
sd_card_content/nfc/Amiibo/Amiibo_Files/Animal_Crossing/Cards/Promo/[AC]_AF1_-_Stitches.nfc,nfc,Amiibo,UberGuidoZ_Amiibo_Tools,moved
sd_card_content/nfc/Amiibo/Amiibo_Files/Animal_Crossing/Cards/Promo/[AC]_AF2_-_Rosie.nfc,nfc,Amiibo,UberGuidoZ_Amiibo_Tools,moved
sd_card_content/nfc/Amiibo/Amiibo_Files/Animal_Crossing/Cards/Promo/[AC]_CP1_-_Isabelle.nfc,nfc,Amiibo,UberGuidoZ_Amiibo_Tools,moved
sd_card_content/nfc/Amiibo/Amiibo_Files/Animal_Crossing/Cards/Promo/[AC]_AF3_-_Goldie.nfc,nfc,Amiibo,UberGuidoZ_Amiibo_Tools,moved
sd_card_content/nfc/Amiibo/Amiibo_Files/Animal_Crossing/Cards/Promo/[AC]_CP2_-_K.K_Slider.nfc,nfc,Amiibo,UberGuidoZ_Amiibo_Tools,moved
sd_card_content/nfc/Amiibo/Amiibo_Files/Animal_Crossing/Cards/Series_1/[AC]_076_-_Jeramiah.nfc,nfc,Amiibo,UberGuidoZ_Amiibo_Tools,moved
sd_card_content/nfc/Amiibo/Amiibo_Files/Animal_Crossing/Cards/Series_1/[AC]_059_-_Nate.nfc,nfc,Amiibo,UberGuidoZ_Amiibo_Tools,moved
sd_card_content/nfc/Amiibo/Amiibo_Files/Animal_Crossing/Cards/Series_1/[AC]_073_-_Flo.nfc,nfc,Amiibo,UberGuidoZ_Amiibo_Tools,moved
sd_card_content/nfc/Amiibo/Amiibo_Files/Animal_Crossing/Cards/Series_1/[AC]_082_-_Goose.nfc,nfc,Amiibo,UberGuidoZ_Amiibo_Tools,moved
sd_card_content/nfc/Amiibo/Amiibo_Files/Animal_Crossing/Cards/Series_1/[AC]_085_-_Pancetti.nfc,nfc,Amiibo,UberGuidoZ_Amiibo_Tools,moved
sd_card_content/nfc/Amiibo/Amiibo_Files/Animal_Crossing/Cards/Series_1/[AC]_058_-_Monique.nfc,nfc,Amiibo,UberGuidoZ_Amiibo_Tools,moved
sd_card_content/nfc/Amiibo/Amiibo_Files/Animal_Crossing/Cards/Series_1/[AC]_061_-_Tutu.nfc,nfc,Amiibo,UberGuidoZ_Amiibo_Tools,moved
sd_card_content/nfc/Amiibo/Amiibo_Files/Animal_Crossing/Cards/Series_1/[AC]_045_-_Octavian.nfc,nfc,Amiibo,UberGuidoZ_Amiibo_Tools,moved
sd_card_content/nfc/Amiibo/Amiibo_Files/Animal_Crossing/Cards/Series_1/[AC]_083_-_Annalisa.nfc,nfc,Amiibo,UberGuidoZ_Amiibo_Tools,moved
sd_card_content/nfc/Amiibo/Amiibo_Files/Animal_Crossing/Cards/Series_1/[AC]_011_-_Harriet.nfc,nfc,Amiibo,UberGuidoZ_Amiibo_Tools,moved
sd_card_content/nfc/Amiibo/Amiibo_Files/Animal_Crossing/Cards/Series_1/[AC]_071_-_Yuka.nfc,nfc,Amiibo,UberGuidoZ_Amiibo_Tools,moved
sd_card_content/nfc/Amiibo/Amiibo_Files/Animal_Crossing/Cards/Series_1/[AC]_091_-_Muffy.nfc,nfc,Amiibo,UberGuidoZ_Amiibo_Tools,moved
sd_card_content/nfc/Amiibo/Amiibo_Files/Animal_Crossing/Cards/Series_1/[AC]_032_-_Bluebear.nfc,nfc,Amiibo,UberGuidoZ_Amiibo_Tools,moved
sd_card_content/nfc/Amiibo/Amiibo_Files/Animal_Crossing/Cards/Series_1/[AC]_093_-_Bertha.nfc,nfc,Amiibo,UberGuidoZ_Amiibo_Tools,moved
sd_card_content/nfc/Amiibo/Amiibo_Files/Animal_Crossing/Cards/Series_1/[AC]_005_-_Kappn.nfc,nfc,Amiibo,UberGuidoZ_Amiibo_Tools,moved
sd_card_content/nfc/Amiibo/Amiibo_Files/Animal_Crossing/Cards/Series_1/[AC]_018_-_Bob.nfc,nfc,Amiibo,UberGuidoZ_Amiibo_Tools,moved
sd_card_content/nfc/Amiibo/Amiibo_Files/Animal_Crossing/Cards/Series_1/[AC]_098_-_Roald.nfc,nfc,Amiibo,UberGuidoZ_Amiibo_Tools,moved
sd_card_content/nfc/Amiibo/Amiibo_Files/Animal_Crossing/Cards/Series_1/[AC]_072_-_Lionel.nfc,nfc,Amiibo,UberGuidoZ_Amiibo_Tools,moved
sd_card_content/nfc/Amiibo/Amiibo_Files/Animal_Crossing/Cards/Series_1/[AC]_075_-_Amelia.nfc,nfc,Amiibo,UberGuidoZ_Amiibo_Tools,moved
sd_card_content/nfc/Amiibo/Amiibo_Files/Animal_Crossing/Cards/Series_1/[AC]_077_-_Cherry.nfc,nfc,Amiibo,UberGuidoZ_Amiibo_Tools,moved
sd_card_content/nfc/Amiibo/Amiibo_Files/Animal_Crossing/Cards/Series_1/[AC]_043_-_Puck.nfc,nfc,Amiibo,UberGuidoZ_Amiibo_Tools,moved
sd_card_content/nfc/Amiibo/Amiibo_Files/Animal_Crossing/Cards/Series_1/[AC]_099_-_Molly.nfc,nfc,Amiibo,UberGuidoZ_Amiibo_Tools,moved
sd_card_content/nfc/Amiibo/Amiibo_Files/Animal_Crossing/Cards/Series_1/[AC]_012_-_Redd.nfc,nfc,Amiibo,UberGuidoZ_Amiibo_Tools,moved
sd_card_content/nfc/Amiibo/Amiibo_Files/Animal_Crossing/Cards/Series_1/[AC]_046_-_Winnie.nfc,nfc,Amiibo,UberGuidoZ_Amiibo_Tools,moved
sd_card_content/nfc/Amiibo/Amiibo_Files/Animal_Crossing/Cards/Series_1/[AC]_047_-_Knox.nfc,nfc,Amiibo,UberGuidoZ_Amiibo_Tools,moved
sd_card_content/nfc/Amiibo/Amiibo_Files/Animal_Crossing/Cards/Series_1/[AC]_074_-_Cobb.nfc,nfc,Amiibo,UberGuidoZ_Amiibo_Tools,moved
sd_card_content/nfc/Amiibo/Amiibo_Files/Animal_Crossing/Cards/Series_1/[AC]_034_-_Kiki.nfc,nfc,Amiibo,UberGuidoZ_Amiibo_Tools,moved
sd_card_content/nfc/Amiibo/Amiibo_Files/Animal_Crossing/Cards/Series_1/[AC]_029_-_Rasher.nfc,nfc,Amiibo,UberGuidoZ_Amiibo_Tools,moved
sd_card_content/nfc/Amiibo/Amiibo_Files/Animal_Crossing/Cards/Series_1/[AC]_042_-_Marcie.nfc,nfc,Amiibo,UberGuidoZ_Amiibo_Tools,moved
sd_card_content/nfc/Amiibo/Amiibo_Files/Animal_Crossing/Cards/Series_1/[AC]_015_-_Tortimer.nfc,nfc,Amiibo,UberGuidoZ_Amiibo_Tools,moved
sd_card_content/nfc/Amiibo/Amiibo_Files/Animal_Crossing/Cards/Series_1/[AC]_055_-_Snake.nfc,nfc,Amiibo,UberGuidoZ_Amiibo_Tools,moved
sd_card_content/nfc/Amiibo/Amiibo_Files/Animal_Crossing/Cards/Series_1/[AC]_027_-_Lopez.nfc,nfc,Amiibo,UberGuidoZ_Amiibo_Tools,moved
sd_card_content/nfc/Amiibo/Amiibo_Files/Animal_Crossing/Cards/Series_1/[AC]_044_-_Shari.nfc,nfc,Amiibo,UberGuidoZ_Amiibo_Tools,moved
sd_card_content/nfc/Amiibo/Amiibo_Files/Animal_Crossing/Cards/Series_1/[AC]_094_-_Cyrano.nfc,nfc,Amiibo,UberGuidoZ_Amiibo_Tools,moved
sd_card_content/nfc/Amiibo/Amiibo_Files/Animal_Crossing/Cards/Series_1/[AC]_035_-_Deli.nfc,nfc,Amiibo,UberGuidoZ_Amiibo_Tools,moved
sd_card_content/nfc/Amiibo/Amiibo_Files/Animal_Crossing/Cards/Series_1/[AC]_078_-_Roscoe.nfc,nfc,Amiibo,UberGuidoZ_Amiibo_Tools,moved
sd_card_content/nfc/Amiibo/Amiibo_Files/Animal_Crossing/Cards/Series_1/[AC]_038_-_Patty.nfc,nfc,Amiibo,UberGuidoZ_Amiibo_Tools,moved
sd_card_content/nfc/Amiibo/Amiibo_Files/Animal_Crossing/Cards/Series_1/[AC]_096_-_Cole.nfc,nfc,Amiibo,UberGuidoZ_Amiibo_Tools,moved
sd_card_content/nfc/Amiibo/Amiibo_Files/Animal_Crossing/Cards/Series_1/[AC]_003_-_DJ_KK.nfc,nfc,Amiibo,UberGuidoZ_Amiibo_Tools,moved
sd_card_content/nfc/Amiibo/Amiibo_Files/Animal_Crossing/Cards/Series_1/[AC]_081_-_Eunice.nfc,nfc,Amiibo,UberGuidoZ_Amiibo_Tools,moved
sd_card_content/nfc/Amiibo/Amiibo_Files/Animal_Crossing/Cards/Series_1/[AC]_022_-_Leonardo.nfc,nfc,Amiibo,UberGuidoZ_Amiibo_Tools,moved
sd_card_content/nfc/Amiibo/Amiibo_Files/Animal_Crossing/Cards/Series_1/[AC]_036_-_Alli.nfc,nfc,Amiibo,UberGuidoZ_Amiibo_Tools,moved
sd_card_content/nfc/Amiibo/Amiibo_Files/Animal_Crossing/Cards/Series_1/[AC]_089_-_Diana.nfc,nfc,Amiibo,UberGuidoZ_Amiibo_Tools,moved
sd_card_content/nfc/Amiibo/Amiibo_Files/Animal_Crossing/Cards/Series_1/[AC]_031_-_Sheldon.nfc,nfc,Amiibo,UberGuidoZ_Amiibo_Tools,moved
sd_card_content/nfc/Amiibo/Amiibo_Files/Animal_Crossing/Cards/Series_1/[AC]_079_-_Truffles.nfc,nfc,Amiibo,UberGuidoZ_Amiibo_Tools,moved
sd_card_content/nfc/Amiibo/Amiibo_Files/Animal_Crossing/Cards/Series_1/[AC]_049_-_Bonbon.nfc,nfc,Amiibo,UberGuidoZ_Amiibo_Tools,moved
sd_card_content/nfc/Amiibo/Amiibo_Files/Animal_Crossing/Cards/Series_1/[AC]_014_-_Luna.nfc,nfc,Amiibo,UberGuidoZ_Amiibo_Tools,moved
sd_card_content/nfc/Amiibo/Amiibo_Files/Animal_Crossing/Cards/Series_1/[AC]_041_-_Quillson.nfc,nfc,Amiibo,UberGuidoZ_Amiibo_Tools,moved
sd_card_content/nfc/Amiibo/Amiibo_Files/Animal_Crossing/Cards/Series_1/[AC]_069_-_Bella.nfc,nfc,Amiibo,UberGuidoZ_Amiibo_Tools,moved
sd_card_content/nfc/Amiibo/Amiibo_Files/Animal_Crossing/Cards/Series_1/[AC]_020_-_Curt.nfc,nfc,Amiibo,UberGuidoZ_Amiibo_Tools,moved
sd_card_content/nfc/Amiibo/Amiibo_Files/Animal_Crossing/Cards/Series_1/[AC]_088_-_Clay.nfc,nfc,Amiibo,UberGuidoZ_Amiibo_Tools,moved
sd_card_content/nfc/Amiibo/Amiibo_Files/Animal_Crossing/Cards/Series_1/[AC]_100_-_Walker.nfc,nfc,Amiibo,UberGuidoZ_Amiibo_Tools,moved
sd_card_content/nfc/Amiibo/Amiibo_Files/Animal_Crossing/Cards/Series_1/[AC]_065_-_Midge.nfc,nfc,Amiibo,UberGuidoZ_Amiibo_Tools,moved
sd_card_content/nfc/Amiibo/Amiibo_Files/Animal_Crossing/Cards/Series_1/[AC]_002_-_Tom_Nook.nfc,nfc,Amiibo,UberGuidoZ_Amiibo_Tools,moved
sd_card_content/nfc/Amiibo/Amiibo_Files/Animal_Crossing/Cards/Series_1/[AC]_086_-_Chief.nfc,nfc,Amiibo,UberGuidoZ_Amiibo_Tools,moved
sd_card_content/nfc/Amiibo/Amiibo_Files/Animal_Crossing/Cards/Series_1/[AC]_030_-_Tiffany.nfc,nfc,Amiibo,UberGuidoZ_Amiibo_Tools,moved
sd_card_content/nfc/Amiibo/Amiibo_Files/Animal_Crossing/Cards/Series_1/[AC]_080_-_Eugene.nfc,nfc,Amiibo,UberGuidoZ_Amiibo_Tools,moved
sd_card_content/nfc/Amiibo/Amiibo_Files/Animal_Crossing/Cards/Series_1/[AC]_070_-_Biff.nfc,nfc,Amiibo,UberGuidoZ_Amiibo_Tools,moved
sd_card_content/nfc/Amiibo/Amiibo_Files/Animal_Crossing/Cards/Series_1/[AC]_028_-_Jambette.nfc,nfc,Amiibo,UberGuidoZ_Amiibo_Tools,moved
sd_card_content/nfc/Amiibo/Amiibo_Files/Animal_Crossing/Cards/Series_1/[AC]_063_-_Mint.nfc,nfc,Amiibo,UberGuidoZ_Amiibo_Tools,moved
sd_card_content/nfc/Amiibo/Amiibo_Files/Animal_Crossing/Cards/Series_1/[AC]_084_-_Benjamin.nfc,nfc,Amiibo,UberGuidoZ_Amiibo_Tools,moved
sd_card_content/nfc/Amiibo/Amiibo_Files/Animal_Crossing/Cards/Series_1/[AC]_016_-_Lyle.nfc,nfc,Amiibo,UberGuidoZ_Amiibo_Tools,moved
sd_card_content/nfc/Amiibo/Amiibo_Files/Animal_Crossing/Cards/Series_1/[AC]_023_-_Cheri.nfc,nfc,Amiibo,UberGuidoZ_Amiibo_Tools,moved
sd_card_content/nfc/Amiibo/Amiibo_Files/Animal_Crossing/Cards/Series_1/[AC]_019_-_Fauna.nfc,nfc,Amiibo,UberGuidoZ_Amiibo_Tools,moved
sd_card_content/nfc/Amiibo/Amiibo_Files/Animal_Crossing/Cards/Series_1/[AC]_001_-_Isabelle.nfc,nfc,Amiibo,UberGuidoZ_Amiibo_Tools,moved
sd_card_content/nfc/Amiibo/Amiibo_Files/Animal_Crossing/Cards/Series_1/[AC]_092_-_Henry.nfc,nfc,Amiibo,UberGuidoZ_Amiibo_Tools,moved
sd_card_content/nfc/Amiibo/Amiibo_Files/Animal_Crossing/Cards/Series_1/[AC]_051_-_Opal.nfc,nfc,Amiibo,UberGuidoZ_Amiibo_Tools,moved
sd_card_content/nfc/Amiibo/Amiibo_Files/Animal_Crossing/Cards/Series_1/[AC]_064_-_Pudge.nfc,nfc,Amiibo,UberGuidoZ_Amiibo_Tools,moved
sd_card_content/nfc/Amiibo/Amiibo_Files/Animal_Crossing/Cards/Series_1/[AC]_056_-_Bangle.nfc,nfc,Amiibo,UberGuidoZ_Amiibo_Tools,moved
sd_card_content/nfc/Amiibo/Amiibo_Files/Animal_Crossing/Cards/Series_1/[AC]_054_-_Deena.nfc,nfc,Amiibo,UberGuidoZ_Amiibo_Tools,moved
sd_card_content/nfc/Amiibo/Amiibo_Files/Animal_Crossing/Cards/Series_1/[AC]_026_-_Renee.nfc,nfc,Amiibo,UberGuidoZ_Amiibo_Tools,moved
sd_card_content/nfc/Amiibo/Amiibo_Files/Animal_Crossing/Cards/Series_1/[AC]_066_-_Gruff.nfc,nfc,Amiibo,UberGuidoZ_Amiibo_Tools,moved
sd_card_content/nfc/Amiibo/Amiibo_Files/Animal_Crossing/Cards/Series_1/[AC]_008_-_Timmy.nfc,nfc,Amiibo,UberGuidoZ_Amiibo_Tools,moved
sd_card_content/nfc/Amiibo/Amiibo_Files/Animal_Crossing/Cards/Series_1/[AC]_095_-_Peanut.nfc,nfc,Amiibo,UberGuidoZ_Amiibo_Tools,moved
sd_card_content/nfc/Amiibo/Amiibo_Files/Animal_Crossing/Cards/Series_1/[AC]_017_-_Lottie.nfc,nfc,Amiibo,UberGuidoZ_Amiibo_Tools,moved
sd_card_content/nfc/Amiibo/Amiibo_Files/Animal_Crossing/Cards/Series_1/[AC]_024_-_Kyle.nfc,nfc,Amiibo,UberGuidoZ_Amiibo_Tools,moved
sd_card_content/nfc/Amiibo/Amiibo_Files/Animal_Crossing/Cards/Series_1/[AC]_068_-_Clyde.nfc,nfc,Amiibo,UberGuidoZ_Amiibo_Tools,moved
sd_card_content/nfc/Amiibo/Amiibo_Files/Animal_Crossing/Cards/Series_1/[AC]_097_-_Willow.nfc,nfc,Amiibo,UberGuidoZ_Amiibo_Tools,moved
sd_card_content/nfc/Amiibo/Amiibo_Files/Animal_Crossing/Cards/Series_1/[AC]_057_-_Phil.nfc,nfc,Amiibo,UberGuidoZ_Amiibo_Tools,moved
sd_card_content/nfc/Amiibo/Amiibo_Files/Animal_Crossing/Cards/Series_1/[AC]_060_-_Samson.nfc,nfc,Amiibo,UberGuidoZ_Amiibo_Tools,moved
sd_card_content/nfc/Amiibo/Amiibo_Files/Animal_Crossing/Cards/Series_1/[AC]_087_-_Bunnie.nfc,nfc,Amiibo,UberGuidoZ_Amiibo_Tools,moved
sd_card_content/nfc/Amiibo/Amiibo_Files/Animal_Crossing/Cards/Series_1/[AC]_039_-_Jitters.nfc,nfc,Amiibo,UberGuidoZ_Amiibo_Tools,moved
sd_card_content/nfc/Amiibo/Amiibo_Files/Animal_Crossing/Cards/Series_1/[AC]_025_-_Al.nfc,nfc,Amiibo,UberGuidoZ_Amiibo_Tools,moved
sd_card_content/nfc/Amiibo/Amiibo_Files/Animal_Crossing/Cards/Series_1/[AC]_053_-_Limberg.nfc,nfc,Amiibo,UberGuidoZ_Amiibo_Tools,moved
sd_card_content/nfc/Amiibo/Amiibo_Files/Animal_Crossing/Cards/Series_1/[AC]_067_-_Flurry.nfc,nfc,Amiibo,UberGuidoZ_Amiibo_Tools,moved
sd_card_content/nfc/Amiibo/Amiibo_Files/Animal_Crossing/Cards/Series_1/[AC]_062_-_T-Bone.nfc,nfc,Amiibo,UberGuidoZ_Amiibo_Tools,moved
sd_card_content/nfc/Amiibo/Amiibo_Files/Animal_Crossing/Cards/Series_1/[AC]_006_-_Resetti.nfc,nfc,Amiibo,UberGuidoZ_Amiibo_Tools,moved
sd_card_content/nfc/Amiibo/Amiibo_Files/Animal_Crossing/Cards/Series_1/[AC]_040_-_Gigi.nfc,nfc,Amiibo,UberGuidoZ_Amiibo_Tools,moved
sd_card_content/nfc/Amiibo/Amiibo_Files/Animal_Crossing/Cards/Series_1/[AC]_052_-_Poppy.nfc,nfc,Amiibo,UberGuidoZ_Amiibo_Tools,moved
sd_card_content/nfc/Amiibo/Amiibo_Files/Animal_Crossing/Cards/Series_1/[AC]_004_-_Sable.nfc,nfc,Amiibo,UberGuidoZ_Amiibo_Tools,moved
sd_card_content/nfc/Amiibo/Amiibo_Files/Animal_Crossing/Cards/Series_1/[AC]_010_-_Pascal.nfc,nfc,Amiibo,UberGuidoZ_Amiibo_Tools,moved
sd_card_content/nfc/Amiibo/Amiibo_Files/Animal_Crossing/Cards/Series_1/[AC]_037_-_Kabuki.nfc,nfc,Amiibo,UberGuidoZ_Amiibo_Tools,moved
sd_card_content/nfc/Amiibo/Amiibo_Files/Animal_Crossing/Cards/Series_1/[AC]_033_-_Bill.nfc,nfc,Amiibo,UberGuidoZ_Amiibo_Tools,moved
sd_card_content/nfc/Amiibo/Amiibo_Files/Animal_Crossing/Cards/Series_1/[AC]_013_-_Saharah.nfc,nfc,Amiibo,UberGuidoZ_Amiibo_Tools,moved
sd_card_content/nfc/Amiibo/Amiibo_Files/Animal_Crossing/Cards/Series_1/[AC]_021_-_Portia.nfc,nfc,Amiibo,UberGuidoZ_Amiibo_Tools,moved
sd_card_content/nfc/Amiibo/Amiibo_Files/Animal_Crossing/Cards/Series_1/[AC]_050_-_Punchy.nfc,nfc,Amiibo,UberGuidoZ_Amiibo_Tools,moved
sd_card_content/nfc/Amiibo/Amiibo_Files/Animal_Crossing/Cards/Series_1/[AC]_007_-_Joan.nfc,nfc,Amiibo,UberGuidoZ_Amiibo_Tools,moved
sd_card_content/nfc/Amiibo/Amiibo_Files/Animal_Crossing/Cards/Series_1/[AC]_009_-_Digby.nfc,nfc,Amiibo,UberGuidoZ_Amiibo_Tools,moved
sd_card_content/nfc/Amiibo/Amiibo_Files/Animal_Crossing/Cards/Series_1/[AC]_090_-_Axel.nfc,nfc,Amiibo,UberGuidoZ_Amiibo_Tools,moved
sd_card_content/nfc/Amiibo/Amiibo_Files/Animal_Crossing/Cards/Series_1/[AC]_048_-_Sterling.nfc,nfc,Amiibo,UberGuidoZ_Amiibo_Tools,moved
sd_card_content/nfc/Amiibo/Amiibo_Files/Animal_Crossing/Cards/Series_5/[AC]_438_-_Petri.nfc,nfc,Amiibo,UberGuidoZ_Amiibo_Tools,moved
sd_card_content/nfc/Amiibo/Amiibo_Files/Animal_Crossing/Cards/Series_5/[AC]_443_-_Ace.nfc,nfc,Amiibo,UberGuidoZ_Amiibo_Tools,moved
sd_card_content/nfc/Amiibo/Amiibo_Files/Animal_Crossing/Cards/Series_5/[AC]_433_-_Sasha.nfc,nfc,Amiibo,UberGuidoZ_Amiibo_Tools,moved
sd_card_content/nfc/Amiibo/Amiibo_Files/Animal_Crossing/Cards/Series_5/[AC]_437_-_Marlo.nfc,nfc,Amiibo,UberGuidoZ_Amiibo_Tools,moved
sd_card_content/nfc/Amiibo/Amiibo_Files/Animal_Crossing/Cards/Series_5/[AC]_414_-_Daisy_Mae.nfc,nfc,Amiibo,UberGuidoZ_Amiibo_Tools,moved
sd_card_content/nfc/Amiibo/Amiibo_Files/Animal_Crossing/Cards/Series_5/[AC]_407_-_Celeste.nfc,nfc,Amiibo,UberGuidoZ_Amiibo_Tools,moved
sd_card_content/nfc/Amiibo/Amiibo_Files/Animal_Crossing/Cards/Series_5/[AC]_422_-_Wardell.nfc,nfc,Amiibo,UberGuidoZ_Amiibo_Tools,moved
sd_card_content/nfc/Amiibo/Amiibo_Files/Animal_Crossing/Cards/Series_5/[AC]_430_-_Judy.nfc,nfc,Amiibo,UberGuidoZ_Amiibo_Tools,moved
sd_card_content/nfc/Amiibo/Amiibo_Files/Animal_Crossing/Cards/Series_5/[AC]_436_-_Shino.nfc,nfc,Amiibo,UberGuidoZ_Amiibo_Tools,moved
sd_card_content/nfc/Amiibo/Amiibo_Files/Animal_Crossing/Cards/Series_5/[AC]_403_-_Isabelle.nfc,nfc,Amiibo,UberGuidoZ_Amiibo_Tools,moved
sd_card_content/nfc/Amiibo/Amiibo_Files/Animal_Crossing/Cards/Series_5/[AC]_411_-_K.K..nfc,nfc,Amiibo,UberGuidoZ_Amiibo_Tools,moved
sd_card_content/nfc/Amiibo/Amiibo_Files/Animal_Crossing/Cards/Series_5/[AC]_448_-_Faith.nfc,nfc,Amiibo,UberGuidoZ_Amiibo_Tools,moved
sd_card_content/nfc/Amiibo/Amiibo_Files/Animal_Crossing/Cards/Series_5/[AC]_440_-_Quinn.nfc,nfc,Amiibo,UberGuidoZ_Amiibo_Tools,moved
sd_card_content/nfc/Amiibo/Amiibo_Files/Animal_Crossing/Cards/Series_5/[AC]_415_-_Kicks.nfc,nfc,Amiibo,UberGuidoZ_Amiibo_Tools,moved
sd_card_content/nfc/Amiibo/Amiibo_Files/Animal_Crossing/Cards/Series_5/[AC]_401_-_Tom_Nook.nfc,nfc,Amiibo,UberGuidoZ_Amiibo_Tools,moved
sd_card_content/nfc/Amiibo/Amiibo_Files/Animal_Crossing/Cards/Series_5/[AC]_434_-_Ione.nfc,nfc,Amiibo,UberGuidoZ_Amiibo_Tools,moved
sd_card_content/nfc/Amiibo/Amiibo_Files/Animal_Crossing/Cards/Series_5/[AC]_435_-_Tiansheng.nfc,nfc,Amiibo,UberGuidoZ_Amiibo_Tools,moved
sd_card_content/nfc/Amiibo/Amiibo_Files/Animal_Crossing/Cards/Series_5/[AC]_432_-_Reneigh.nfc,nfc,Amiibo,UberGuidoZ_Amiibo_Tools,moved
sd_card_content/nfc/Amiibo/Amiibo_Files/Animal_Crossing/Cards/Series_5/[AC]_431_-_Raymond.nfc,nfc,Amiibo,UberGuidoZ_Amiibo_Tools,moved
sd_card_content/nfc/Amiibo/Amiibo_Files/Animal_Crossing/Cards/Series_5/[AC]_421_-_Niko.nfc,nfc,Amiibo,UberGuidoZ_Amiibo_Tools,moved
sd_card_content/nfc/Amiibo/Amiibo_Files/Animal_Crossing/Cards/Series_5/[AC]_406_-_Blathers.nfc,nfc,Amiibo,UberGuidoZ_Amiibo_Tools,moved
sd_card_content/nfc/Amiibo/Amiibo_Files/Animal_Crossing/Cards/Series_5/[AC]_446_-_Azalea.nfc,nfc,Amiibo,UberGuidoZ_Amiibo_Tools,moved
sd_card_content/nfc/Amiibo/Amiibo_Files/Animal_Crossing/Cards/Series_5/[AC]_439_-_Cephalobot.nfc,nfc,Amiibo,UberGuidoZ_Amiibo_Tools,moved
sd_card_content/nfc/Amiibo/Amiibo_Files/Animal_Crossing/Cards/Series_5/[AC]_442_-_Zoe.nfc,nfc,Amiibo,UberGuidoZ_Amiibo_Tools,moved
sd_card_content/nfc/Amiibo/Amiibo_Files/Animal_Crossing/Cards/Series_5/[AC]_419_-_Wisp.nfc,nfc,Amiibo,UberGuidoZ_Amiibo_Tools,moved
sd_card_content/nfc/Amiibo/Amiibo_Files/Animal_Crossing/Cards/Series_5/[AC]_416_-_Saharah.nfc,nfc,Amiibo,UberGuidoZ_Amiibo_Tools,moved
sd_card_content/nfc/Amiibo/Amiibo_Files/Animal_Crossing/Cards/Series_5/[AC]_405_-_Wilbur.nfc,nfc,Amiibo,UberGuidoZ_Amiibo_Tools,moved
sd_card_content/nfc/Amiibo/Amiibo_Files/Animal_Crossing/Cards/Series_5/[AC]_417_-_Harvey.nfc,nfc,Amiibo,UberGuidoZ_Amiibo_Tools,moved
sd_card_content/nfc/Amiibo/Amiibo_Files/Animal_Crossing/Cards/Series_5/[AC]_428_-_Audie.nfc,nfc,Amiibo,UberGuidoZ_Amiibo_Tools,moved
sd_card_content/nfc/Amiibo/Amiibo_Files/Animal_Crossing/Cards/Series_5/[AC]_409_-_Sable.nfc,nfc,Amiibo,UberGuidoZ_Amiibo_Tools,moved
sd_card_content/nfc/Amiibo/Amiibo_Files/Animal_Crossing/Cards/Series_5/[AC]_410_-_Label.nfc,nfc,Amiibo,UberGuidoZ_Amiibo_Tools,moved
sd_card_content/nfc/Amiibo/Amiibo_Files/Animal_Crossing/Cards/Series_5/[AC]_426_-_Megan.nfc,nfc,Amiibo,UberGuidoZ_Amiibo_Tools,moved
sd_card_content/nfc/Amiibo/Amiibo_Files/Animal_Crossing/Cards/Series_5/[AC]_444_-_Rio.nfc,nfc,Amiibo,UberGuidoZ_Amiibo_Tools,moved
sd_card_content/nfc/Amiibo/Amiibo_Files/Animal_Crossing/Cards/Series_5/[AC]_404_-_Orville.nfc,nfc,Amiibo,UberGuidoZ_Amiibo_Tools,moved
sd_card_content/nfc/Amiibo/Amiibo_Files/Animal_Crossing/Cards/Series_5/[AC]_429_-_Cyd.nfc,nfc,Amiibo,UberGuidoZ_Amiibo_Tools,moved
sd_card_content/nfc/Amiibo/Amiibo_Files/Animal_Crossing/Cards/Series_5/[AC]_447_-_Roswell.nfc,nfc,Amiibo,UberGuidoZ_Amiibo_Tools,moved
sd_card_content/nfc/Amiibo/Amiibo_Files/Animal_Crossing/Cards/Series_5/[AC]_441_-_Chabwick.nfc,nfc,Amiibo,UberGuidoZ_Amiibo_Tools,moved
sd_card_content/nfc/Amiibo/Amiibo_Files/Animal_Crossing/Cards/Series_5/[AC]_427_-_Dom.nfc,nfc,Amiibo,UberGuidoZ_Amiibo_Tools,moved
sd_card_content/nfc/Amiibo/Amiibo_Files/Animal_Crossing/Cards/Series_5/[AC]_412_-_C.J..nfc,nfc,Amiibo,UberGuidoZ_Amiibo_Tools,moved
sd_card_content/nfc/Amiibo/Amiibo_Files/Animal_Crossing/Cards/Series_5/[AC]_418_-_Gulliver.nfc,nfc,Amiibo,UberGuidoZ_Amiibo_Tools,moved
sd_card_content/nfc/Amiibo/Amiibo_Files/Animal_Crossing/Cards/Series_5/[AC]_424_-_Isabelle_(Sweater).nfc,nfc,Amiibo,UberGuidoZ_Amiibo_Tools,moved
sd_card_content/nfc/Amiibo/Amiibo_Files/Animal_Crossing/Cards/Series_5/[AC]_413_-_Flick.nfc,nfc,Amiibo,UberGuidoZ_Amiibo_Tools,moved
sd_card_content/nfc/Amiibo/Amiibo_Files/Animal_Crossing/Cards/Series_5/[AC]_402_-_Timmy_and_Tommy.nfc,nfc,Amiibo,UberGuidoZ_Amiibo_Tools,moved
sd_card_content/nfc/Amiibo/Amiibo_Files/Animal_Crossing/Cards/Series_5/[AC]_425_-_Sherb.nfc,nfc,Amiibo,UberGuidoZ_Amiibo_Tools,moved
sd_card_content/nfc/Amiibo/Amiibo_Files/Animal_Crossing/Cards/Series_5/[AC]_423_-_Tom_Nook_(Coat).nfc,nfc,Amiibo,UberGuidoZ_Amiibo_Tools,moved
sd_card_content/nfc/Amiibo/Amiibo_Files/Animal_Crossing/Cards/Series_5/[AC]_445_-_Frett.nfc,nfc,Amiibo,UberGuidoZ_Amiibo_Tools,moved
sd_card_content/nfc/Amiibo/Amiibo_Files/Animal_Crossing/Cards/Series_5/[AC]_420_-_Lottie.nfc,nfc,Amiibo,UberGuidoZ_Amiibo_Tools,moved
sd_card_content/nfc/Amiibo/Amiibo_Files/Animal_Crossing/Cards/Series_5/[AC]_408_-_Mabel.nfc,nfc,Amiibo,UberGuidoZ_Amiibo_Tools,moved
sd_card_content/nfc/Amiibo/Amiibo_Files/Animal_Crossing/Cards/Welcome_amiibo_Series/[AC]_W34_-_Boots.nfc,nfc,Amiibo,UberGuidoZ_Amiibo_Tools,moved
sd_card_content/nfc/Amiibo/Amiibo_Files/Animal_Crossing/Cards/Welcome_amiibo_Series/[AC]_W47_-_Buzz.nfc,nfc,Amiibo,UberGuidoZ_Amiibo_Tools,moved
sd_card_content/nfc/Amiibo/Amiibo_Files/Animal_Crossing/Cards/Welcome_amiibo_Series/[AC]_W48_-_Cleo.nfc,nfc,Amiibo,UberGuidoZ_Amiibo_Tools,moved
sd_card_content/nfc/Amiibo/Amiibo_Files/Animal_Crossing/Cards/Welcome_amiibo_Series/[AC]_W25_-_Plucky.nfc,nfc,Amiibo,UberGuidoZ_Amiibo_Tools,moved
sd_card_content/nfc/Amiibo/Amiibo_Files/Animal_Crossing/Cards/Welcome_amiibo_Series/[AC]_W09_-_Huck.nfc,nfc,Amiibo,UberGuidoZ_Amiibo_Tools,moved
sd_card_content/nfc/Amiibo/Amiibo_Files/Animal_Crossing/Cards/Welcome_amiibo_Series/[AC]_W10_-_Sylvana.nfc,nfc,Amiibo,UberGuidoZ_Amiibo_Tools,moved
sd_card_content/nfc/Amiibo/Amiibo_Files/Animal_Crossing/Cards/Welcome_amiibo_Series/[AC]_W12_-_Wade.nfc,nfc,Amiibo,UberGuidoZ_Amiibo_Tools,moved
sd_card_content/nfc/Amiibo/Amiibo_Files/Animal_Crossing/Cards/Welcome_amiibo_Series/[AC]_W46_-_Dobie.nfc,nfc,Amiibo,UberGuidoZ_Amiibo_Tools,moved
sd_card_content/nfc/Amiibo/Amiibo_Files/Animal_Crossing/Cards/Welcome_amiibo_Series/[AC]_W26_-_Sandy.nfc,nfc,Amiibo,UberGuidoZ_Amiibo_Tools,moved
sd_card_content/nfc/Amiibo/Amiibo_Files/Animal_Crossing/Cards/Welcome_amiibo_Series/[AC]_W38_-_Spike.nfc,nfc,Amiibo,UberGuidoZ_Amiibo_Tools,moved
sd_card_content/nfc/Amiibo/Amiibo_Files/Animal_Crossing/Cards/Welcome_amiibo_Series/[AC]_W42_-_Gonzo.nfc,nfc,Amiibo,UberGuidoZ_Amiibo_Tools,moved
sd_card_content/nfc/Amiibo/Amiibo_Files/Animal_Crossing/Cards/Welcome_amiibo_Series/[AC]_W08_-_Tybalt.nfc,nfc,Amiibo,UberGuidoZ_Amiibo_Tools,moved
sd_card_content/nfc/Amiibo/Amiibo_Files/Animal_Crossing/Cards/Welcome_amiibo_Series/[AC]_W06_-_Hornsby.nfc,nfc,Amiibo,UberGuidoZ_Amiibo_Tools,moved
sd_card_content/nfc/Amiibo/Amiibo_Files/Animal_Crossing/Cards/Welcome_amiibo_Series/[AC]_W11_-_Boris.nfc,nfc,Amiibo,UberGuidoZ_Amiibo_Tools,moved
sd_card_content/nfc/Amiibo/Amiibo_Files/Animal_Crossing/Cards/Welcome_amiibo_Series/[AC]_W01_-_Vivian.nfc,nfc,Amiibo,UberGuidoZ_Amiibo_Tools,moved
sd_card_content/nfc/Amiibo/Amiibo_Files/Animal_Crossing/Cards/Welcome_amiibo_Series/[AC]_W18_-_Jacob.nfc,nfc,Amiibo,UberGuidoZ_Amiibo_Tools,moved
sd_card_content/nfc/Amiibo/Amiibo_Files/Animal_Crossing/Cards/Welcome_amiibo_Series/[AC]_W44_-_Snooty.nfc,nfc,Amiibo,UberGuidoZ_Amiibo_Tools,moved
sd_card_content/nfc/Amiibo/Amiibo_Files/Animal_Crossing/Cards/Welcome_amiibo_Series/[AC]_W20_-_Billy.nfc,nfc,Amiibo,UberGuidoZ_Amiibo_Tools,moved
sd_card_content/nfc/Amiibo/Amiibo_Files/Animal_Crossing/Cards/Welcome_amiibo_Series/[AC]_W37_-_Leopold.nfc,nfc,Amiibo,UberGuidoZ_Amiibo_Tools,moved
sd_card_content/nfc/Amiibo/Amiibo_Files/Animal_Crossing/Cards/Welcome_amiibo_Series/[AC]_W49_-_Ike.nfc,nfc,Amiibo,UberGuidoZ_Amiibo_Tools,moved
sd_card_content/nfc/Amiibo/Amiibo_Files/Animal_Crossing/Cards/Welcome_amiibo_Series/[AC]_W45_-_Olive.nfc,nfc,Amiibo,UberGuidoZ_Amiibo_Tools,moved
sd_card_content/nfc/Amiibo/Amiibo_Files/Animal_Crossing/Cards/Welcome_amiibo_Series/[AC]_W27_-_Claude.nfc,nfc,Amiibo,UberGuidoZ_Amiibo_Tools,moved
sd_card_content/nfc/Amiibo/Amiibo_Files/Animal_Crossing/Cards/Welcome_amiibo_Series/[AC]_W33_-_Ellie.nfc,nfc,Amiibo,UberGuidoZ_Amiibo_Tools,moved
sd_card_content/nfc/Amiibo/Amiibo_Files/Animal_Crossing/Cards/Welcome_amiibo_Series/[AC]_W36_-_Candi.nfc,nfc,Amiibo,UberGuidoZ_Amiibo_Tools,moved
sd_card_content/nfc/Amiibo/Amiibo_Files/Animal_Crossing/Cards/Welcome_amiibo_Series/[AC]_W43_-_Sprocket.nfc,nfc,Amiibo,UberGuidoZ_Amiibo_Tools,moved
sd_card_content/nfc/Amiibo/Amiibo_Files/Animal_Crossing/Cards/Welcome_amiibo_Series/[AC]_W29_-_Julia.nfc,nfc,Amiibo,UberGuidoZ_Amiibo_Tools,moved
sd_card_content/nfc/Amiibo/Amiibo_Files/Animal_Crossing/Cards/Welcome_amiibo_Series/[AC]_W22_-_Bitty.nfc,nfc,Amiibo,UberGuidoZ_Amiibo_Tools,moved
sd_card_content/nfc/Amiibo/Amiibo_Files/Animal_Crossing/Cards/Welcome_amiibo_Series/[AC]_W17_-_Ursala.nfc,nfc,Amiibo,UberGuidoZ_Amiibo_Tools,moved
sd_card_content/nfc/Amiibo/Amiibo_Files/Animal_Crossing/Cards/Welcome_amiibo_Series/[AC]_W28_-_Raddle.nfc,nfc,Amiibo,UberGuidoZ_Amiibo_Tools,moved
sd_card_content/nfc/Amiibo/Amiibo_Files/Animal_Crossing/Cards/Welcome_amiibo_Series/[AC]_W14_-_Ketchup.nfc,nfc,Amiibo,UberGuidoZ_Amiibo_Tools,moved
sd_card_content/nfc/Amiibo/Amiibo_Files/Animal_Crossing/Cards/Welcome_amiibo_Series/[AC]_W40_-_Tad.nfc,nfc,Amiibo,UberGuidoZ_Amiibo_Tools,moved
sd_card_content/nfc/Amiibo/Amiibo_Files/Animal_Crossing/Cards/Welcome_amiibo_Series/[AC]_W05_-_Paolo.nfc,nfc,Amiibo,UberGuidoZ_Amiibo_Tools,moved
sd_card_content/nfc/Amiibo/Amiibo_Files/Animal_Crossing/Cards/Welcome_amiibo_Series/[AC]_W50_-_Tasha.nfc,nfc,Amiibo,UberGuidoZ_Amiibo_Tools,moved
sd_card_content/nfc/Amiibo/Amiibo_Files/Animal_Crossing/Cards/Welcome_amiibo_Series/[AC]_W30_-_Louie.nfc,nfc,Amiibo,UberGuidoZ_Amiibo_Tools,moved
sd_card_content/nfc/Amiibo/Amiibo_Files/Animal_Crossing/Cards/Welcome_amiibo_Series/[AC]_W31_-_Bea.nfc,nfc,Amiibo,UberGuidoZ_Amiibo_Tools,moved
sd_card_content/nfc/Amiibo/Amiibo_Files/Animal_Crossing/Cards/Welcome_amiibo_Series/[AC]_W19_-_Maddie.nfc,nfc,Amiibo,UberGuidoZ_Amiibo_Tools,moved
sd_card_content/nfc/Amiibo/Amiibo_Files/Animal_Crossing/Cards/Welcome_amiibo_Series/[AC]_W21_-_Boyd.nfc,nfc,Amiibo,UberGuidoZ_Amiibo_Tools,moved
sd_card_content/nfc/Amiibo/Amiibo_Files/Animal_Crossing/Cards/Welcome_amiibo_Series/[AC]_W39_-_Cashmere.nfc,nfc,Amiibo,UberGuidoZ_Amiibo_Tools,moved
sd_card_content/nfc/Amiibo/Amiibo_Files/Animal_Crossing/Cards/Welcome_amiibo_Series/[AC]_W16_-_Stu.nfc,nfc,Amiibo,UberGuidoZ_Amiibo_Tools,moved
sd_card_content/nfc/Amiibo/Amiibo_Files/Animal_Crossing/Cards/Welcome_amiibo_Series/[AC]_W02_-_Hopkins.nfc,nfc,Amiibo,UberGuidoZ_Amiibo_Tools,moved
sd_card_content/nfc/Amiibo/Amiibo_Files/Animal_Crossing/Cards/Welcome_amiibo_Series/[AC]_W35_-_Weber.nfc,nfc,Amiibo,UberGuidoZ_Amiibo_Tools,moved
sd_card_content/nfc/Amiibo/Amiibo_Files/Animal_Crossing/Cards/Welcome_amiibo_Series/[AC]_W04_-_Piper.nfc,nfc,Amiibo,UberGuidoZ_Amiibo_Tools,moved
sd_card_content/nfc/Amiibo/Amiibo_Files/Animal_Crossing/Cards/Welcome_amiibo_Series/[AC]_W07_-_Stella.nfc,nfc,Amiibo,UberGuidoZ_Amiibo_Tools,moved
sd_card_content/nfc/Amiibo/Amiibo_Files/Animal_Crossing/Cards/Welcome_amiibo_Series/[AC]_W32_-_Admiral.nfc,nfc,Amiibo,UberGuidoZ_Amiibo_Tools,moved
sd_card_content/nfc/Amiibo/Amiibo_Files/Animal_Crossing/Cards/Welcome_amiibo_Series/[AC]_W24_-_Murphy.nfc,nfc,Amiibo,UberGuidoZ_Amiibo_Tools,moved
sd_card_content/nfc/Amiibo/Amiibo_Files/Animal_Crossing/Cards/Welcome_amiibo_Series/[AC]_W41_-_Norma.nfc,nfc,Amiibo,UberGuidoZ_Amiibo_Tools,moved
sd_card_content/nfc/Amiibo/Amiibo_Files/Animal_Crossing/Cards/Welcome_amiibo_Series/[AC]_W03_-_June.nfc,nfc,Amiibo,UberGuidoZ_Amiibo_Tools,moved
sd_card_content/nfc/Amiibo/Amiibo_Files/Animal_Crossing/Cards/Welcome_amiibo_Series/[AC]_W13_-_Carrie.nfc,nfc,Amiibo,UberGuidoZ_Amiibo_Tools,moved
sd_card_content/nfc/Amiibo/Amiibo_Files/Animal_Crossing/Cards/Welcome_amiibo_Series/[AC]_W23_-_Maggie.nfc,nfc,Amiibo,UberGuidoZ_Amiibo_Tools,moved
sd_card_content/nfc/Amiibo/Amiibo_Files/Animal_Crossing/Cards/Welcome_amiibo_Series/[AC]_W15_-_Rex.nfc,nfc,Amiibo,UberGuidoZ_Amiibo_Tools,moved
sd_card_content/nfc/Amiibo/Amiibo_Files/Animal_Crossing/Cards/Series_3/[AC]_216_-_Franklin.nfc,nfc,Amiibo,UberGuidoZ_Amiibo_Tools,moved
sd_card_content/nfc/Amiibo/Amiibo_Files/Animal_Crossing/Cards/Series_3/[AC]_282_-_Violet.nfc,nfc,Amiibo,UberGuidoZ_Amiibo_Tools,moved
sd_card_content/nfc/Amiibo/Amiibo_Files/Animal_Crossing/Cards/Series_3/[AC]_248_-_Hazel.nfc,nfc,Amiibo,UberGuidoZ_Amiibo_Tools,moved
sd_card_content/nfc/Amiibo/Amiibo_Files/Animal_Crossing/Cards/Series_3/[AC]_272_-_Skye.nfc,nfc,Amiibo,UberGuidoZ_Amiibo_Tools,moved
sd_card_content/nfc/Amiibo/Amiibo_Files/Animal_Crossing/Cards/Series_3/[AC]_257_-_Klaus.nfc,nfc,Amiibo,UberGuidoZ_Amiibo_Tools,moved
sd_card_content/nfc/Amiibo/Amiibo_Files/Animal_Crossing/Cards/Series_3/[AC]_255_-_Wolfgang.nfc,nfc,Amiibo,UberGuidoZ_Amiibo_Tools,moved
sd_card_content/nfc/Amiibo/Amiibo_Files/Animal_Crossing/Cards/Series_3/[AC]_246_-_Eloise.nfc,nfc,Amiibo,UberGuidoZ_Amiibo_Tools,moved
sd_card_content/nfc/Amiibo/Amiibo_Files/Animal_Crossing/Cards/Series_3/[AC]_266_-_Joey.nfc,nfc,Amiibo,UberGuidoZ_Amiibo_Tools,moved
sd_card_content/nfc/Amiibo/Amiibo_Files/Animal_Crossing/Cards/Series_3/[AC]_249_-_Beardo.nfc,nfc,Amiibo,UberGuidoZ_Amiibo_Tools,moved
sd_card_content/nfc/Amiibo/Amiibo_Files/Animal_Crossing/Cards/Series_3/[AC]_220_-_Tabby.nfc,nfc,Amiibo,UberGuidoZ_Amiibo_Tools,moved
sd_card_content/nfc/Amiibo/Amiibo_Files/Animal_Crossing/Cards/Series_3/[AC]_263_-_Gaston.nfc,nfc,Amiibo,UberGuidoZ_Amiibo_Tools,moved
sd_card_content/nfc/Amiibo/Amiibo_Files/Animal_Crossing/Cards/Series_3/[AC]_253_-_Genji.nfc,nfc,Amiibo,UberGuidoZ_Amiibo_Tools,moved
sd_card_content/nfc/Amiibo/Amiibo_Files/Animal_Crossing/Cards/Series_3/[AC]_222_-_Miranda.nfc,nfc,Amiibo,UberGuidoZ_Amiibo_Tools,moved
sd_card_content/nfc/Amiibo/Amiibo_Files/Animal_Crossing/Cards/Series_3/[AC]_297_-_Apollo.nfc,nfc,Amiibo,UberGuidoZ_Amiibo_Tools,moved
sd_card_content/nfc/Amiibo/Amiibo_Files/Animal_Crossing/Cards/Series_3/[AC]_264_-_Marshal.nfc,nfc,Amiibo,UberGuidoZ_Amiibo_Tools,moved
sd_card_content/nfc/Amiibo/Amiibo_Files/Animal_Crossing/Cards/Series_3/[AC]_203_-_Tom_Nook.nfc,nfc,Amiibo,UberGuidoZ_Amiibo_Tools,moved
sd_card_content/nfc/Amiibo/Amiibo_Files/Animal_Crossing/Cards/Series_3/[AC]_227_-_Rodeo.nfc,nfc,Amiibo,UberGuidoZ_Amiibo_Tools,moved
sd_card_content/nfc/Amiibo/Amiibo_Files/Animal_Crossing/Cards/Series_3/[AC]_243_-_Drago.nfc,nfc,Amiibo,UberGuidoZ_Amiibo_Tools,moved
sd_card_content/nfc/Amiibo/Amiibo_Files/Animal_Crossing/Cards/Series_3/[AC]_276_-_Astrid.nfc,nfc,Amiibo,UberGuidoZ_Amiibo_Tools,moved
sd_card_content/nfc/Amiibo/Amiibo_Files/Animal_Crossing/Cards/Series_3/[AC]_265_-_Gala.nfc,nfc,Amiibo,UberGuidoZ_Amiibo_Tools,moved
sd_card_content/nfc/Amiibo/Amiibo_Files/Animal_Crossing/Cards/Series_3/[AC]_233_-_Colton.nfc,nfc,Amiibo,UberGuidoZ_Amiibo_Tools,moved
sd_card_content/nfc/Amiibo/Amiibo_Files/Animal_Crossing/Cards/Series_3/[AC]_268_-_Buck.nfc,nfc,Amiibo,UberGuidoZ_Amiibo_Tools,moved
sd_card_content/nfc/Amiibo/Amiibo_Files/Animal_Crossing/Cards/Series_3/[AC]_219_-_Anchovy.nfc,nfc,Amiibo,UberGuidoZ_Amiibo_Tools,moved
sd_card_content/nfc/Amiibo/Amiibo_Files/Animal_Crossing/Cards/Series_3/[AC]_224_-_Paula.nfc,nfc,Amiibo,UberGuidoZ_Amiibo_Tools,moved
sd_card_content/nfc/Amiibo/Amiibo_Files/Animal_Crossing/Cards/Series_3/[AC]_250_-_Ava.nfc,nfc,Amiibo,UberGuidoZ_Amiibo_Tools,moved
sd_card_content/nfc/Amiibo/Amiibo_Files/Animal_Crossing/Cards/Series_3/[AC]_259_-_Stinky.nfc,nfc,Amiibo,UberGuidoZ_Amiibo_Tools,moved
sd_card_content/nfc/Amiibo/Amiibo_Files/Animal_Crossing/Cards/Series_3/[AC]_298_-_Derwin.nfc,nfc,Amiibo,UberGuidoZ_Amiibo_Tools,moved
sd_card_content/nfc/Amiibo/Amiibo_Files/Animal_Crossing/Cards/Series_3/[AC]_289_-_Boomer.nfc,nfc,Amiibo,UberGuidoZ_Amiibo_Tools,moved
sd_card_content/nfc/Amiibo/Amiibo_Files/Animal_Crossing/Cards/Series_3/[AC]_296_-_Soleil.nfc,nfc,Amiibo,UberGuidoZ_Amiibo_Tools,moved
sd_card_content/nfc/Amiibo/Amiibo_Files/Animal_Crossing/Cards/Series_3/[AC]_254_-_Greta.nfc,nfc,Amiibo,UberGuidoZ_Amiibo_Tools,moved
sd_card_content/nfc/Amiibo/Amiibo_Files/Animal_Crossing/Cards/Series_3/[AC]_229_-_Cousteau.nfc,nfc,Amiibo,UberGuidoZ_Amiibo_Tools,moved
sd_card_content/nfc/Amiibo/Amiibo_Files/Animal_Crossing/Cards/Series_3/[AC]_299_-_Francine.nfc,nfc,Amiibo,UberGuidoZ_Amiibo_Tools,moved
sd_card_content/nfc/Amiibo/Amiibo_Files/Animal_Crossing/Cards/Series_3/[AC]_206_-_Pete.nfc,nfc,Amiibo,UberGuidoZ_Amiibo_Tools,moved
sd_card_content/nfc/Amiibo/Amiibo_Files/Animal_Crossing/Cards/Series_3/[AC]_245_-_Mac.nfc,nfc,Amiibo,UberGuidoZ_Amiibo_Tools,moved
sd_card_content/nfc/Amiibo/Amiibo_Files/Animal_Crossing/Cards/Series_3/[AC]_281_-_Lyman.nfc,nfc,Amiibo,UberGuidoZ_Amiibo_Tools,moved
sd_card_content/nfc/Amiibo/Amiibo_Files/Animal_Crossing/Cards/Series_3/[AC]_214_-_Don_Resetti.nfc,nfc,Amiibo,UberGuidoZ_Amiibo_Tools,moved
sd_card_content/nfc/Amiibo/Amiibo_Files/Animal_Crossing/Cards/Series_3/[AC]_228_-_Bubbles.nfc,nfc,Amiibo,UberGuidoZ_Amiibo_Tools,moved
sd_card_content/nfc/Amiibo/Amiibo_Files/Animal_Crossing/Cards/Series_3/[AC]_256_-_Diva.nfc,nfc,Amiibo,UberGuidoZ_Amiibo_Tools,moved
sd_card_content/nfc/Amiibo/Amiibo_Files/Animal_Crossing/Cards/Series_3/[AC]_239_-_Ricky.nfc,nfc,Amiibo,UberGuidoZ_Amiibo_Tools,moved
sd_card_content/nfc/Amiibo/Amiibo_Files/Animal_Crossing/Cards/Series_3/[AC]_275_-_Hamlet.nfc,nfc,Amiibo,UberGuidoZ_Amiibo_Tools,moved
sd_card_content/nfc/Amiibo/Amiibo_Files/Animal_Crossing/Cards/Series_3/[AC]_234_-_Marina.nfc,nfc,Amiibo,UberGuidoZ_Amiibo_Tools,moved
sd_card_content/nfc/Amiibo/Amiibo_Files/Animal_Crossing/Cards/Series_3/[AC]_280_-_Victoria.nfc,nfc,Amiibo,UberGuidoZ_Amiibo_Tools,moved
sd_card_content/nfc/Amiibo/Amiibo_Files/Animal_Crossing/Cards/Series_3/[AC]_300_-_Chrissy.nfc,nfc,Amiibo,UberGuidoZ_Amiibo_Tools,moved
sd_card_content/nfc/Amiibo/Amiibo_Files/Animal_Crossing/Cards/Series_3/[AC]_294_-_Maple.nfc,nfc,Amiibo,UberGuidoZ_Amiibo_Tools,moved
sd_card_content/nfc/Amiibo/Amiibo_Files/Animal_Crossing/Cards/Series_3/[AC]_221_-_Kody.nfc,nfc,Amiibo,UberGuidoZ_Amiibo_Tools,moved
sd_card_content/nfc/Amiibo/Amiibo_Files/Animal_Crossing/Cards/Series_3/[AC]_210_-_Cyrus.nfc,nfc,Amiibo,UberGuidoZ_Amiibo_Tools,moved
sd_card_content/nfc/Amiibo/Amiibo_Files/Animal_Crossing/Cards/Series_3/[AC]_211_-_Grams.nfc,nfc,Amiibo,UberGuidoZ_Amiibo_Tools,moved
sd_card_content/nfc/Amiibo/Amiibo_Files/Animal_Crossing/Cards/Series_3/[AC]_207_-_Mabel.nfc,nfc,Amiibo,UberGuidoZ_Amiibo_Tools,moved
sd_card_content/nfc/Amiibo/Amiibo_Files/Animal_Crossing/Cards/Series_3/[AC]_218_-_Lily.nfc,nfc,Amiibo,UberGuidoZ_Amiibo_Tools,moved
sd_card_content/nfc/Amiibo/Amiibo_Files/Animal_Crossing/Cards/Series_3/[AC]_285_-_Merengue.nfc,nfc,Amiibo,UberGuidoZ_Amiibo_Tools,moved
sd_card_content/nfc/Amiibo/Amiibo_Files/Animal_Crossing/Cards/Series_3/[AC]_274_-_Flora.nfc,nfc,Amiibo,UberGuidoZ_Amiibo_Tools,moved
sd_card_content/nfc/Amiibo/Amiibo_Files/Animal_Crossing/Cards/Series_3/[AC]_208_-_Leif.nfc,nfc,Amiibo,UberGuidoZ_Amiibo_Tools,moved
sd_card_content/nfc/Amiibo/Amiibo_Files/Animal_Crossing/Cards/Series_3/[AC]_247_-_Wart_Jr.nfc,nfc,Amiibo,UberGuidoZ_Amiibo_Tools,moved
sd_card_content/nfc/Amiibo/Amiibo_Files/Animal_Crossing/Cards/Series_3/[AC]_251_-_Chester.nfc,nfc,Amiibo,UberGuidoZ_Amiibo_Tools,moved
sd_card_content/nfc/Amiibo/Amiibo_Files/Animal_Crossing/Cards/Series_3/[AC]_290_-_Caroline.nfc,nfc,Amiibo,UberGuidoZ_Amiibo_Tools,moved
sd_card_content/nfc/Amiibo/Amiibo_Files/Animal_Crossing/Cards/Series_3/[AC]_236_-_Freckles.nfc,nfc,Amiibo,UberGuidoZ_Amiibo_Tools,moved
sd_card_content/nfc/Amiibo/Amiibo_Files/Animal_Crossing/Cards/Series_3/[AC]_270_-_Rooney.nfc,nfc,Amiibo,UberGuidoZ_Amiibo_Tools,moved
sd_card_content/nfc/Amiibo/Amiibo_Files/Animal_Crossing/Cards/Series_3/[AC]_226_-_Mitzi.nfc,nfc,Amiibo,UberGuidoZ_Amiibo_Tools,moved
sd_card_content/nfc/Amiibo/Amiibo_Files/Animal_Crossing/Cards/Series_3/[AC]_215_-_Isabelle.nfc,nfc,Amiibo,UberGuidoZ_Amiibo_Tools,moved
sd_card_content/nfc/Amiibo/Amiibo_Files/Animal_Crossing/Cards/Series_3/[AC]_292_-_Baabara.nfc,nfc,Amiibo,UberGuidoZ_Amiibo_Tools,moved
sd_card_content/nfc/Amiibo/Amiibo_Files/Animal_Crossing/Cards/Series_3/[AC]_291_-_Sparro.nfc,nfc,Amiibo,UberGuidoZ_Amiibo_Tools,moved
sd_card_content/nfc/Amiibo/Amiibo_Files/Animal_Crossing/Cards/Series_3/[AC]_284_-_Chadder.nfc,nfc,Amiibo,UberGuidoZ_Amiibo_Tools,moved
sd_card_content/nfc/Amiibo/Amiibo_Files/Animal_Crossing/Cards/Series_3/[AC]_279_-_Biskit.nfc,nfc,Amiibo,UberGuidoZ_Amiibo_Tools,moved
sd_card_content/nfc/Amiibo/Amiibo_Files/Animal_Crossing/Cards/Series_3/[AC]_287_-_Claudia.nfc,nfc,Amiibo,UberGuidoZ_Amiibo_Tools,moved
sd_card_content/nfc/Amiibo/Amiibo_Files/Animal_Crossing/Cards/Series_3/[AC]_202_-_Blathers.nfc,nfc,Amiibo,UberGuidoZ_Amiibo_Tools,moved
sd_card_content/nfc/Amiibo/Amiibo_Files/Animal_Crossing/Cards/Series_3/[AC]_212_-_Timmy.nfc,nfc,Amiibo,UberGuidoZ_Amiibo_Tools,moved
sd_card_content/nfc/Amiibo/Amiibo_Files/Animal_Crossing/Cards/Series_3/[AC]_230_-_Velma.nfc,nfc,Amiibo,UberGuidoZ_Amiibo_Tools,moved
sd_card_content/nfc/Amiibo/Amiibo_Files/Animal_Crossing/Cards/Series_3/[AC]_260_-_Tammi.nfc,nfc,Amiibo,UberGuidoZ_Amiibo_Tools,moved
sd_card_content/nfc/Amiibo/Amiibo_Files/Animal_Crossing/Cards/Series_3/[AC]_244_-_Tangy.nfc,nfc,Amiibo,UberGuidoZ_Amiibo_Tools,moved
sd_card_content/nfc/Amiibo/Amiibo_Files/Animal_Crossing/Cards/Series_3/[AC]_237_-_Bam.nfc,nfc,Amiibo,UberGuidoZ_Amiibo_Tools,moved
sd_card_content/nfc/Amiibo/Amiibo_Files/Animal_Crossing/Cards/Series_3/[AC]_235_-_Spork-Crackle.nfc,nfc,Amiibo,UberGuidoZ_Amiibo_Tools,moved
sd_card_content/nfc/Amiibo/Amiibo_Files/Animal_Crossing/Cards/Series_3/[AC]_293_-_Rolf.nfc,nfc,Amiibo,UberGuidoZ_Amiibo_Tools,moved
sd_card_content/nfc/Amiibo/Amiibo_Files/Animal_Crossing/Cards/Series_3/[AC]_223_-_Del.nfc,nfc,Amiibo,UberGuidoZ_Amiibo_Tools,moved
sd_card_content/nfc/Amiibo/Amiibo_Files/Animal_Crossing/Cards/Series_3/[AC]_288_-_Curly.nfc,nfc,Amiibo,UberGuidoZ_Amiibo_Tools,moved
sd_card_content/nfc/Amiibo/Amiibo_Files/Animal_Crossing/Cards/Series_3/[AC]_273_-_Moe.nfc,nfc,Amiibo,UberGuidoZ_Amiibo_Tools,moved
sd_card_content/nfc/Amiibo/Amiibo_Files/Animal_Crossing/Cards/Series_3/[AC]_217_-_Jingle.nfc,nfc,Amiibo,UberGuidoZ_Amiibo_Tools,moved
sd_card_content/nfc/Amiibo/Amiibo_Files/Animal_Crossing/Cards/Series_3/[AC]_267_-_Pippy.nfc,nfc,Amiibo,UberGuidoZ_Amiibo_Tools,moved
sd_card_content/nfc/Amiibo/Amiibo_Files/Animal_Crossing/Cards/Series_3/[AC]_262_-_Blanche.nfc,nfc,Amiibo,UberGuidoZ_Amiibo_Tools,moved
sd_card_content/nfc/Amiibo/Amiibo_Files/Animal_Crossing/Cards/Series_3/[AC]_241_-_Hans.nfc,nfc,Amiibo,UberGuidoZ_Amiibo_Tools,moved
sd_card_content/nfc/Amiibo/Amiibo_Files/Animal_Crossing/Cards/Series_3/[AC]_278_-_Dora.nfc,nfc,Amiibo,UberGuidoZ_Amiibo_Tools,moved
sd_card_content/nfc/Amiibo/Amiibo_Files/Animal_Crossing/Cards/Series_3/[AC]_209_-_Wendell.nfc,nfc,Amiibo,UberGuidoZ_Amiibo_Tools,moved
sd_card_content/nfc/Amiibo/Amiibo_Files/Animal_Crossing/Cards/Series_3/[AC]_201_-_Rover.nfc,nfc,Amiibo,UberGuidoZ_Amiibo_Tools,moved
sd_card_content/nfc/Amiibo/Amiibo_Files/Animal_Crossing/Cards/Series_3/[AC]_258_-_Daisy.nfc,nfc,Amiibo,UberGuidoZ_Amiibo_Tools,moved
sd_card_content/nfc/Amiibo/Amiibo_Files/Animal_Crossing/Cards/Series_3/[AC]_283_-_Frank.nfc,nfc,Amiibo,UberGuidoZ_Amiibo_Tools,moved
sd_card_content/nfc/Amiibo/Amiibo_Files/Animal_Crossing/Cards/Series_3/[AC]_261_-_Tucker.nfc,nfc,Amiibo,UberGuidoZ_Amiibo_Tools,moved
sd_card_content/nfc/Amiibo/Amiibo_Files/Animal_Crossing/Cards/Series_3/[AC]_242_-_Chevre.nfc,nfc,Amiibo,UberGuidoZ_Amiibo_Tools,moved
sd_card_content/nfc/Amiibo/Amiibo_Files/Animal_Crossing/Cards/Series_3/[AC]_252_-_Merry.nfc,nfc,Amiibo,UberGuidoZ_Amiibo_Tools,moved
sd_card_content/nfc/Amiibo/Amiibo_Files/Animal_Crossing/Cards/Series_3/[AC]_269_-_Bree.nfc,nfc,Amiibo,UberGuidoZ_Amiibo_Tools,moved
sd_card_content/nfc/Amiibo/Amiibo_Files/Animal_Crossing/Cards/Series_3/[AC]_286_-_Cube.nfc,nfc,Amiibo,UberGuidoZ_Amiibo_Tools,moved
sd_card_content/nfc/Amiibo/Amiibo_Files/Animal_Crossing/Cards/Series_3/[AC]_204_-_Pelly.nfc,nfc,Amiibo,UberGuidoZ_Amiibo_Tools,moved
sd_card_content/nfc/Amiibo/Amiibo_Files/Animal_Crossing/Cards/Series_3/[AC]_277_-_Monty.nfc,nfc,Amiibo,UberGuidoZ_Amiibo_Tools,moved
sd_card_content/nfc/Amiibo/Amiibo_Files/Animal_Crossing/Cards/Series_3/[AC]_271_-_Curlos.nfc,nfc,Amiibo,UberGuidoZ_Amiibo_Tools,moved
sd_card_content/nfc/Amiibo/Amiibo_Files/Animal_Crossing/Cards/Series_3/[AC]_238_-_Friga.nfc,nfc,Amiibo,UberGuidoZ_Amiibo_Tools,moved
sd_card_content/nfc/Amiibo/Amiibo_Files/Animal_Crossing/Cards/Series_3/[AC]_231_-_Elvis.nfc,nfc,Amiibo,UberGuidoZ_Amiibo_Tools,moved
sd_card_content/nfc/Amiibo/Amiibo_Files/Animal_Crossing/Cards/Series_3/[AC]_225_-_Ken.nfc,nfc,Amiibo,UberGuidoZ_Amiibo_Tools,moved
sd_card_content/nfc/Amiibo/Amiibo_Files/Animal_Crossing/Cards/Series_3/[AC]_295_-_Antonio.nfc,nfc,Amiibo,UberGuidoZ_Amiibo_Tools,moved
sd_card_content/nfc/Amiibo/Amiibo_Files/Animal_Crossing/Cards/Series_3/[AC]_240_-_Deirdre.nfc,nfc,Amiibo,UberGuidoZ_Amiibo_Tools,moved
sd_card_content/nfc/Amiibo/Amiibo_Files/Animal_Crossing/Cards/Series_3/[AC]_232_-_Canberra.nfc,nfc,Amiibo,UberGuidoZ_Amiibo_Tools,moved
sd_card_content/nfc/Amiibo/Amiibo_Files/Animal_Crossing/Cards/Series_3/[AC]_213_-_Digby.nfc,nfc,Amiibo,UberGuidoZ_Amiibo_Tools,moved
sd_card_content/nfc/Amiibo/Amiibo_Files/Animal_Crossing/Cards/Series_3/[AC]_205_-_Phyllis.nfc,nfc,Amiibo,UberGuidoZ_Amiibo_Tools,moved
sd_card_content/nfc/Amiibo/Amiibo_Files/Chibi-Robo/[CR]_01_-_Chibi-Robo.nfc,nfc,Amiibo,UberGuidoZ_Amiibo_Tools,moved
sd_card_content/nfc/Amiibo/Amiibo_Files/Metroid/[MET]_02_-_Metroid.nfc,nfc,Amiibo,UberGuidoZ_Amiibo_Tools,moved
sd_card_content/nfc/Amiibo/Amiibo_Files/Metroid/[MET]_01_-_Samus_Aran.nfc,nfc,Amiibo,UberGuidoZ_Amiibo_Tools,moved
sd_card_content/nfc/Amiibo/Amiibo_Files/Super_Smash_Bros/[SSB]_20_-_Bowser.nfc,nfc,Amiibo,UberGuidoZ_Amiibo_Tools,moved
sd_card_content/nfc/Amiibo/Amiibo_Files/Super_Smash_Bros/[SSB]_78_-_Simon.nfc,nfc,Amiibo,UberGuidoZ_Amiibo_Tools,moved
sd_card_content/nfc/Amiibo/Amiibo_Files/Super_Smash_Bros/[SSB]_40_-_Zero_Suit_Samus.nfc,nfc,Amiibo,UberGuidoZ_Amiibo_Tools,moved
sd_card_content/nfc/Amiibo/Amiibo_Files/Super_Smash_Bros/[SSB]_54_-_R.O.B._(Famicom).nfc,nfc,Amiibo,UberGuidoZ_Amiibo_Tools,moved
sd_card_content/nfc/Amiibo/Amiibo_Files/Super_Smash_Bros/[SSB]_21_-_Lucario.nfc,nfc,Amiibo,UberGuidoZ_Amiibo_Tools,moved
sd_card_content/nfc/Amiibo/Amiibo_Files/Super_Smash_Bros/[SSB]_44_-_Olimar.nfc,nfc,Amiibo,UberGuidoZ_Amiibo_Tools,moved
sd_card_content/nfc/Amiibo/Amiibo_Files/Super_Smash_Bros/[SSB]_36_-_Greninja.nfc,nfc,Amiibo,UberGuidoZ_Amiibo_Tools,moved
sd_card_content/nfc/Amiibo/Amiibo_Files/Super_Smash_Bros/[SSB]_43_-_Bowser_Jr.nfc,nfc,Amiibo,UberGuidoZ_Amiibo_Tools,moved
sd_card_content/nfc/Amiibo/Amiibo_Files/Super_Smash_Bros/[SSB]_27S_-_Mega_Man_(Gold_Edition).nfc,nfc,Amiibo,UberGuidoZ_Amiibo_Tools,moved
sd_card_content/nfc/Amiibo/Amiibo_Files/Super_Smash_Bros/[SSB]_41_-_Ganondorf.nfc,nfc,Amiibo,UberGuidoZ_Amiibo_Tools,moved
sd_card_content/nfc/Amiibo/Amiibo_Files/Super_Smash_Bros/[SSB]_25_-_Shulk.nfc,nfc,Amiibo,UberGuidoZ_Amiibo_Tools,moved
sd_card_content/nfc/Amiibo/Amiibo_Files/Super_Smash_Bros/[SSB]_13_-_Zelda.nfc,nfc,Amiibo,UberGuidoZ_Amiibo_Tools,moved
sd_card_content/nfc/Amiibo/Amiibo_Files/Super_Smash_Bros/[SSB]_15_-_Luigi.nfc,nfc,Amiibo,UberGuidoZ_Amiibo_Tools,moved
sd_card_content/nfc/Amiibo/Amiibo_Files/Super_Smash_Bros/[SSB]_89_-_Steve.nfc,nfc,Amiibo,UberGuidoZ_Amiibo_Tools,moved
sd_card_content/nfc/Amiibo/Amiibo_Files/Super_Smash_Bros/[SSB]_47_-_Duck_Hunt.nfc,nfc,Amiibo,UberGuidoZ_Amiibo_Tools,moved
sd_card_content/nfc/Amiibo/Amiibo_Files/Super_Smash_Bros/[SSB]_65_-_Ridley.nfc,nfc,Amiibo,UberGuidoZ_Amiibo_Tools,moved
sd_card_content/nfc/Amiibo/Amiibo_Files/Super_Smash_Bros/[SSB]_73_-_Isabelle.nfc,nfc,Amiibo,UberGuidoZ_Amiibo_Tools,moved
sd_card_content/nfc/Amiibo/Amiibo_Files/Super_Smash_Bros/[SSB]_66_-_Piranha_Plant.nfc,nfc,Amiibo,UberGuidoZ_Amiibo_Tools,moved
sd_card_content/nfc/Amiibo/Amiibo_Files/Super_Smash_Bros/[SSB]_39_-_Dark_Pit.nfc,nfc,Amiibo,UberGuidoZ_Amiibo_Tools,moved
sd_card_content/nfc/Amiibo/Amiibo_Files/Super_Smash_Bros/[SSB]_24_-_Ike.nfc,nfc,Amiibo,UberGuidoZ_Amiibo_Tools,moved
sd_card_content/nfc/Amiibo/Amiibo_Files/Super_Smash_Bros/[SSB]_33_-_Charizard.nfc,nfc,Amiibo,UberGuidoZ_Amiibo_Tools,moved
sd_card_content/nfc/Amiibo/Amiibo_Files/Super_Smash_Bros/[SSB]_38_-_Palutena.nfc,nfc,Amiibo,UberGuidoZ_Amiibo_Tools,moved
sd_card_content/nfc/Amiibo/Amiibo_Files/Super_Smash_Bros/[SSB]_50_-_Mii_Gunner.nfc,nfc,Amiibo,UberGuidoZ_Amiibo_Tools,moved
sd_card_content/nfc/Amiibo/Amiibo_Files/Super_Smash_Bros/[SSB]_48_-_Mii_Brawler.nfc,nfc,Amiibo,UberGuidoZ_Amiibo_Tools,moved
sd_card_content/nfc/Amiibo/Amiibo_Files/Super_Smash_Bros/[SSB]_62_-_Bayonetta_(Player_2).nfc,nfc,Amiibo,UberGuidoZ_Amiibo_Tools,moved
sd_card_content/nfc/Amiibo/Amiibo_Files/Super_Smash_Bros/[SSB]_60_-_Corrin_(Player_2).nfc,nfc,Amiibo,UberGuidoZ_Amiibo_Tools,moved
sd_card_content/nfc/Amiibo/Amiibo_Files/Super_Smash_Bros/[SSB]_03_-_Yoshi.nfc,nfc,Amiibo,UberGuidoZ_Amiibo_Tools,moved
sd_card_content/nfc/Amiibo/Amiibo_Files/Super_Smash_Bros/[SSB]_84_-_Hero.nfc,nfc,Amiibo,UberGuidoZ_Amiibo_Tools,moved
sd_card_content/nfc/Amiibo/Amiibo_Files/Super_Smash_Bros/[SSB]_83_-_Joker.nfc,nfc,Amiibo,UberGuidoZ_Amiibo_Tools,moved
sd_card_content/nfc/Amiibo/Amiibo_Files/Super_Smash_Bros/[SSB]_11_-_Kirby.nfc,nfc,Amiibo,UberGuidoZ_Amiibo_Tools,moved
sd_card_content/nfc/Amiibo/Amiibo_Files/Super_Smash_Bros/[SSB]_09_-_Villager.nfc,nfc,Amiibo,UberGuidoZ_Amiibo_Tools,moved
sd_card_content/nfc/Amiibo/Amiibo_Files/Super_Smash_Bros/[SSB]_82_-_Richter.nfc,nfc,Amiibo,UberGuidoZ_Amiibo_Tools,moved
sd_card_content/nfc/Amiibo/Amiibo_Files/Super_Smash_Bros/[SSB]_57_-_Cloud.nfc,nfc,Amiibo,UberGuidoZ_Amiibo_Tools,moved
sd_card_content/nfc/Amiibo/Amiibo_Files/Super_Smash_Bros/[SSB]_19_-_Rosalina.nfc,nfc,Amiibo,UberGuidoZ_Amiibo_Tools,moved
sd_card_content/nfc/Amiibo/Amiibo_Files/Super_Smash_Bros/[SSB]_45_-_Mr._Game___Watch.nfc,nfc,Amiibo,UberGuidoZ_Amiibo_Tools,moved
sd_card_content/nfc/Amiibo/Amiibo_Files/Super_Smash_Bros/[SSB]_56_-_Ryu.nfc,nfc,Amiibo,UberGuidoZ_Amiibo_Tools,moved
sd_card_content/nfc/Amiibo/Amiibo_Files/Super_Smash_Bros/[SSB]_07_-_Samus.nfc,nfc,Amiibo,UberGuidoZ_Amiibo_Tools,moved
sd_card_content/nfc/Amiibo/Amiibo_Files/Super_Smash_Bros/[SSB]_74_-_Pokémon_Trainer.nfc,nfc,Amiibo,UberGuidoZ_Amiibo_Tools,moved
sd_card_content/nfc/Amiibo/Amiibo_Files/Super_Smash_Bros/[SSB]_02_-_Peach.nfc,nfc,Amiibo,UberGuidoZ_Amiibo_Tools,moved
sd_card_content/nfc/Amiibo/Amiibo_Files/Super_Smash_Bros/[SSB]_10_-_Pikachu.nfc,nfc,Amiibo,UberGuidoZ_Amiibo_Tools,moved
sd_card_content/nfc/Amiibo/Amiibo_Files/Super_Smash_Bros/[SSB]_88_-_Min_Min.nfc,nfc,Amiibo,UberGuidoZ_Amiibo_Tools,moved
sd_card_content/nfc/Amiibo/Amiibo_Files/Super_Smash_Bros/[SSB]_18_-_Captain_Falcon.nfc,nfc,Amiibo,UberGuidoZ_Amiibo_Tools,moved
sd_card_content/nfc/Amiibo/Amiibo_Files/Super_Smash_Bros/[SSB]_34_-_Ness.nfc,nfc,Amiibo,UberGuidoZ_Amiibo_Tools,moved
sd_card_content/nfc/Amiibo/Amiibo_Files/Super_Smash_Bros/[SSB]_53_-_Lucas.nfc,nfc,Amiibo,UberGuidoZ_Amiibo_Tools,moved
sd_card_content/nfc/Amiibo/Amiibo_Files/Super_Smash_Bros/[SSB]_46_-_R.O.B._(NES).nfc,nfc,Amiibo,UberGuidoZ_Amiibo_Tools,moved
sd_card_content/nfc/Amiibo/Amiibo_Files/Super_Smash_Bros/[SSB]_70_-_Young_Link.nfc,nfc,Amiibo,UberGuidoZ_Amiibo_Tools,moved
sd_card_content/nfc/Amiibo/Amiibo_Files/Super_Smash_Bros/[SSB]_69_-_Ken.nfc,nfc,Amiibo,UberGuidoZ_Amiibo_Tools,moved
sd_card_content/nfc/Amiibo/Amiibo_Files/Super_Smash_Bros/[SSB]_27_-_Mega_Man.nfc,nfc,Amiibo,UberGuidoZ_Amiibo_Tools,moved
sd_card_content/nfc/Amiibo/Amiibo_Files/Super_Smash_Bros/[SSB]_52_-_Falco.nfc,nfc,Amiibo,UberGuidoZ_Amiibo_Tools,moved
sd_card_content/nfc/Amiibo/Amiibo_Files/Super_Smash_Bros/[SSB]_80_-_Chrom.nfc,nfc,Amiibo,UberGuidoZ_Amiibo_Tools,moved
sd_card_content/nfc/Amiibo/Amiibo_Files/Super_Smash_Bros/[SSB]_71_-_Daisy.nfc,nfc,Amiibo,UberGuidoZ_Amiibo_Tools,moved
sd_card_content/nfc/Amiibo/Amiibo_Files/Super_Smash_Bros/[SSB]_61_-_Bayonetta.nfc,nfc,Amiibo,UberGuidoZ_Amiibo_Tools,moved
sd_card_content/nfc/Amiibo/Amiibo_Files/Super_Smash_Bros/[SSB]_55_-_Roy.nfc,nfc,Amiibo,UberGuidoZ_Amiibo_Tools,moved
sd_card_content/nfc/Amiibo/Amiibo_Files/Super_Smash_Bros/[SSB]_06_-_Fox.nfc,nfc,Amiibo,UberGuidoZ_Amiibo_Tools,moved
sd_card_content/nfc/Amiibo/Amiibo_Files/Super_Smash_Bros/[SSB]_30_-_Robin.nfc,nfc,Amiibo,UberGuidoZ_Amiibo_Tools,moved
sd_card_content/nfc/Amiibo/Amiibo_Files/Super_Smash_Bros/[SSB]_68_-_Ice_Climbers.nfc,nfc,Amiibo,UberGuidoZ_Amiibo_Tools,moved
sd_card_content/nfc/Amiibo/Amiibo_Files/Super_Smash_Bros/[SSB]_05_-_Link.nfc,nfc,Amiibo,UberGuidoZ_Amiibo_Tools,moved
sd_card_content/nfc/Amiibo/Amiibo_Files/Super_Smash_Bros/[SSB]_22_-_Toon_Link.nfc,nfc,Amiibo,UberGuidoZ_Amiibo_Tools,moved
sd_card_content/nfc/Amiibo/Amiibo_Files/Super_Smash_Bros/[SSB]_17_-_Pit.nfc,nfc,Amiibo,UberGuidoZ_Amiibo_Tools,moved
sd_card_content/nfc/Amiibo/Amiibo_Files/Super_Smash_Bros/[SSB]_31_-_Lucina.nfc,nfc,Amiibo,UberGuidoZ_Amiibo_Tools,moved
sd_card_content/nfc/Amiibo/Amiibo_Files/Super_Smash_Bros/[SSB]_51_-_Mewtwo.nfc,nfc,Amiibo,UberGuidoZ_Amiibo_Tools,moved
sd_card_content/nfc/Amiibo/Amiibo_Files/Super_Smash_Bros/[SSB]_86_-_Terry.nfc,nfc,Amiibo,UberGuidoZ_Amiibo_Tools,moved
sd_card_content/nfc/Amiibo/Amiibo_Files/Super_Smash_Bros/[SSB]_85_-_Banjo___Kazooie.nfc,nfc,Amiibo,UberGuidoZ_Amiibo_Tools,moved
sd_card_content/nfc/Amiibo/Amiibo_Files/Super_Smash_Bros/[SSB]_76_-_Ivysaur.nfc,nfc,Amiibo,UberGuidoZ_Amiibo_Tools,moved
sd_card_content/nfc/Amiibo/Amiibo_Files/Super_Smash_Bros/[SSB]_90_-_Sephiroth.nfc,nfc,Amiibo,UberGuidoZ_Amiibo_Tools,moved
sd_card_content/nfc/Amiibo/Amiibo_Files/Super_Smash_Bros/[SSB]_32_-_Wario.nfc,nfc,Amiibo,UberGuidoZ_Amiibo_Tools,moved
sd_card_content/nfc/Amiibo/Amiibo_Files/Super_Smash_Bros/[SSB]_42_-_Dr._Mario.nfc,nfc,Amiibo,UberGuidoZ_Amiibo_Tools,moved
sd_card_content/nfc/Amiibo/Amiibo_Files/Super_Smash_Bros/[SSB]_63_-_Wolf.nfc,nfc,Amiibo,UberGuidoZ_Amiibo_Tools,moved
sd_card_content/nfc/Amiibo/Amiibo_Files/Super_Smash_Bros/[SSB]_89_-_Alex.nfc,nfc,Amiibo,UberGuidoZ_Amiibo_Tools,moved
sd_card_content/nfc/Amiibo/Amiibo_Files/Super_Smash_Bros/[SSB]_67_-_King_K_Rool.nfc,nfc,Amiibo,UberGuidoZ_Amiibo_Tools,moved
sd_card_content/nfc/Amiibo/Amiibo_Files/Super_Smash_Bros/[SSB]_14_-_Diddy_Kong.nfc,nfc,Amiibo,UberGuidoZ_Amiibo_Tools,moved
sd_card_content/nfc/Amiibo/Amiibo_Files/Super_Smash_Bros/[SSB]_26_-_Sonic.nfc,nfc,Amiibo,UberGuidoZ_Amiibo_Tools,moved
sd_card_content/nfc/Amiibo/Amiibo_Files/Super_Smash_Bros/[SSB]_75_-_Snake.nfc,nfc,Amiibo,UberGuidoZ_Amiibo_Tools,moved
sd_card_content/nfc/Amiibo/Amiibo_Files/Super_Smash_Bros/[SSB]_04_-_Donkey_Kong.nfc,nfc,Amiibo,UberGuidoZ_Amiibo_Tools,moved
sd_card_content/nfc/Amiibo/Amiibo_Files/Super_Smash_Bros/[SSB]_49_-_Mii_Swordfighter.nfc,nfc,Amiibo,UberGuidoZ_Amiibo_Tools,moved
sd_card_content/nfc/Amiibo/Amiibo_Files/Super_Smash_Bros/[SSB]_91_-_Kazuya.nfc,nfc,Amiibo,UberGuidoZ_Amiibo_Tools,moved
sd_card_content/nfc/Amiibo/Amiibo_Files/Super_Smash_Bros/[SSB]_23_-_Sheik.nfc,nfc,Amiibo,UberGuidoZ_Amiibo_Tools,moved
sd_card_content/nfc/Amiibo/Amiibo_Files/Super_Smash_Bros/[SSB]_35_-_Pac-Man.nfc,nfc,Amiibo,UberGuidoZ_Amiibo_Tools,moved
sd_card_content/nfc/Amiibo/Amiibo_Files/Super_Smash_Bros/[SSB]_92_-_Mythra.nfc,nfc,Amiibo,UberGuidoZ_Amiibo_Tools,moved
sd_card_content/nfc/Amiibo/Amiibo_Files/Super_Smash_Bros/[SSB]_28_-_King_Dedede.nfc,nfc,Amiibo,UberGuidoZ_Amiibo_Tools,moved
sd_card_content/nfc/Amiibo/Amiibo_Files/Super_Smash_Bros/[SSB]_16_-_Little_Mac.nfc,nfc,Amiibo,UberGuidoZ_Amiibo_Tools,moved
sd_card_content/nfc/Amiibo/Amiibo_Files/Super_Smash_Bros/[SSB]_59_-_Corrin.nfc,nfc,Amiibo,UberGuidoZ_Amiibo_Tools,moved
sd_card_content/nfc/Amiibo/Amiibo_Files/Super_Smash_Bros/[SSB]_92_-_Pyra.nfc,nfc,Amiibo,UberGuidoZ_Amiibo_Tools,moved
sd_card_content/nfc/Amiibo/Amiibo_Files/Super_Smash_Bros/[SSB]_37_-_Jigglypuff.nfc,nfc,Amiibo,UberGuidoZ_Amiibo_Tools,moved
sd_card_content/nfc/Amiibo/Amiibo_Files/Super_Smash_Bros/[SSB]_79_-_Incineroar.nfc,nfc,Amiibo,UberGuidoZ_Amiibo_Tools,moved
sd_card_content/nfc/Amiibo/Amiibo_Files/Super_Smash_Bros/[SSB]_08_-_Wii_Fit_Trainer.nfc,nfc,Amiibo,UberGuidoZ_Amiibo_Tools,moved
sd_card_content/nfc/Amiibo/Amiibo_Files/Super_Smash_Bros/[SSB]_58_-_Cloud_(Player_2).nfc,nfc,Amiibo,UberGuidoZ_Amiibo_Tools,moved
sd_card_content/nfc/Amiibo/Amiibo_Files/Super_Smash_Bros/[SSB]_01_-_Mario.nfc,nfc,Amiibo,UberGuidoZ_Amiibo_Tools,moved
sd_card_content/nfc/Amiibo/Amiibo_Files/Super_Smash_Bros/[SSB]_12_-_Marth.nfc,nfc,Amiibo,UberGuidoZ_Amiibo_Tools,moved
sd_card_content/nfc/Amiibo/Amiibo_Files/Super_Smash_Bros/[SSB]_72_-_Pichu.nfc,nfc,Amiibo,UberGuidoZ_Amiibo_Tools,moved
sd_card_content/nfc/Amiibo/Amiibo_Files/Super_Smash_Bros/[SSB]_77_-_Squirtle.nfc,nfc,Amiibo,UberGuidoZ_Amiibo_Tools,moved
sd_card_content/nfc/Amiibo/Amiibo_Files/Super_Smash_Bros/[SSB]_81_-_Dark_Samus.nfc,nfc,Amiibo,UberGuidoZ_Amiibo_Tools,moved
sd_card_content/nfc/Amiibo/Amiibo_Files/Super_Smash_Bros/[SSB]_29_-_Meta_Knight.nfc,nfc,Amiibo,UberGuidoZ_Amiibo_Tools,moved
sd_card_content/nfc/Amiibo/Amiibo_Files/Super_Smash_Bros/[SSB]_64_-_Inkling.nfc,nfc,Amiibo,UberGuidoZ_Amiibo_Tools,moved
sd_card_content/nfc/Amiibo/Amiibo_Files/Super_Smash_Bros/[SSB]_87_-_Byleth.nfc,nfc,Amiibo,UberGuidoZ_Amiibo_Tools,moved
sd_card_content/nfc/Amiibo/Amiibo_Files/The_Legend_of_Zelda/Breath_of_the_Wild/[ZBW]_02_-_Guardian.nfc,nfc,Amiibo,UberGuidoZ_Amiibo_Tools,moved
sd_card_content/nfc/Amiibo/Amiibo_Files/The_Legend_of_Zelda/Breath_of_the_Wild/[ZBW]_05_-_Zelda.nfc,nfc,Amiibo,UberGuidoZ_Amiibo_Tools,moved
sd_card_content/nfc/Amiibo/Amiibo_Files/The_Legend_of_Zelda/Breath_of_the_Wild/[ZBW]_08_-_Revali_(Rito_Champion).nfc,nfc,Amiibo,UberGuidoZ_Amiibo_Tools,moved
sd_card_content/nfc/Amiibo/Amiibo_Files/The_Legend_of_Zelda/Breath_of_the_Wild/[ZBW]_01_-_Bokoblin.nfc,nfc,Amiibo,UberGuidoZ_Amiibo_Tools,moved
sd_card_content/nfc/Amiibo/Amiibo_Files/The_Legend_of_Zelda/Breath_of_the_Wild/[ZBW]_06_-_Mipha_(Zora_Champion).nfc,nfc,Amiibo,UberGuidoZ_Amiibo_Tools,moved
sd_card_content/nfc/Amiibo/Amiibo_Files/The_Legend_of_Zelda/Breath_of_the_Wild/[ZBW]_04_-_Link_(Rider).nfc,nfc,Amiibo,UberGuidoZ_Amiibo_Tools,moved
sd_card_content/nfc/Amiibo/Amiibo_Files/The_Legend_of_Zelda/Breath_of_the_Wild/[ZBW]_07_-_Daruk_(Goron_Champion).nfc,nfc,Amiibo,UberGuidoZ_Amiibo_Tools,moved
sd_card_content/nfc/Amiibo/Amiibo_Files/The_Legend_of_Zelda/Breath_of_the_Wild/[ZBW]_03_-_Link_(Archer).nfc,nfc,Amiibo,UberGuidoZ_Amiibo_Tools,moved
sd_card_content/nfc/Amiibo/Amiibo_Files/The_Legend_of_Zelda/Breath_of_the_Wild/[ZBW]_09_-_Urbosa_(Gerudo_Champion).nfc,nfc,Amiibo,UberGuidoZ_Amiibo_Tools,moved
sd_card_content/nfc/Amiibo/Amiibo_Files/The_Legend_of_Zelda/Tears_of_the_Kingdom/[TotK]_03_-_Ganondorf.nfc,nfc,Amiibo,UberGuidoZ_Amiibo_Tools,moved
sd_card_content/nfc/Amiibo/Amiibo_Files/The_Legend_of_Zelda/Tears_of_the_Kingdom/[TotK]_02_-_Zelda.nfc,nfc,Amiibo,UberGuidoZ_Amiibo_Tools,moved
sd_card_content/nfc/Amiibo/Amiibo_Files/The_Legend_of_Zelda/Tears_of_the_Kingdom/[TotK]_01_-_Link.nfc,nfc,Amiibo,UberGuidoZ_Amiibo_Tools,moved
sd_card_content/nfc/Amiibo/Amiibo_Files/The_Legend_of_Zelda/Tears_of_the_Kingdom/unreleased/Zelda_(TOTK).nfc,nfc,Amiibo,UberGuidoZ_Amiibo_Tools,moved
sd_card_content/nfc/Amiibo/Amiibo_Files/The_Legend_of_Zelda/Tears_of_the_Kingdom/unreleased/Ganondorf_(TOTK).nfc,nfc,Amiibo,UberGuidoZ_Amiibo_Tools,moved
sd_card_content/nfc/Amiibo/Amiibo_Files/The_Legend_of_Zelda/Twilight_Princess/[ZTP]_20H_Wolf_Link.nfc,nfc,Amiibo,UberGuidoZ_Amiibo_Tools,moved
sd_card_content/nfc/Amiibo/Amiibo_Files/The_Legend_of_Zelda/Twilight_Princess/important.txt,nfc,Amiibo,UberGuidoZ_Amiibo_Tools,moved
sd_card_content/nfc/Amiibo/Amiibo_Files/The_Legend_of_Zelda/Link_s_Awakening/Link_(Link’s_Awakening).nfc,nfc,Amiibo,UberGuidoZ_Amiibo_Tools,moved
sd_card_content/nfc/Amiibo/Amiibo_Files/The_Legend_of_Zelda/30th_Anniversary/[3AZ]_06_-_Link_(Twilight_Princess).nfc,nfc,Amiibo,UberGuidoZ_Amiibo_Tools,moved
sd_card_content/nfc/Amiibo/Amiibo_Files/The_Legend_of_Zelda/30th_Anniversary/[3AZ]_04_-_Toon_Zelda_(The_Wind_Waker).nfc,nfc,Amiibo,UberGuidoZ_Amiibo_Tools,moved
sd_card_content/nfc/Amiibo/Amiibo_Files/The_Legend_of_Zelda/30th_Anniversary/[3AZ]_02_-_Link_(Ocarina_of_Time).nfc,nfc,Amiibo,UberGuidoZ_Amiibo_Tools,moved
sd_card_content/nfc/Amiibo/Amiibo_Files/The_Legend_of_Zelda/30th_Anniversary/[3AZ]_05_-_Link_(Majora_s_Mask).nfc,nfc,Amiibo,UberGuidoZ_Amiibo_Tools,moved
sd_card_content/nfc/Amiibo/Amiibo_Files/The_Legend_of_Zelda/30th_Anniversary/[3AZ]_07_-_Link_(Skyward_Sword).nfc,nfc,Amiibo,UberGuidoZ_Amiibo_Tools,moved
sd_card_content/nfc/Amiibo/Amiibo_Files/The_Legend_of_Zelda/30th_Anniversary/[3AZ]_03_-_Toon_Link_(The_Wind_Waker).nfc,nfc,Amiibo,UberGuidoZ_Amiibo_Tools,moved
sd_card_content/nfc/Amiibo/Amiibo_Files/The_Legend_of_Zelda/30th_Anniversary/[3AZ]_01_-_8-bit_Link_(The_Legend_of_Zelda).nfc,nfc,Amiibo,UberGuidoZ_Amiibo_Tools,moved
sd_card_content/nfc/Amiibo/Amiibo_Files/The_Legend_of_Zelda/Skyword_Sword_HD/[SS]_01_-_Zelda___Loftwing.nfc,nfc,Amiibo,UberGuidoZ_Amiibo_Tools,moved
sd_card_content/nfc/Amiibo/Amiibo_Files/Metroid_Dread/[METD]_SAMUS.nfc,nfc,Amiibo,UberGuidoZ_Amiibo_Tools,moved
sd_card_content/nfc/Amiibo/Amiibo_Files/Metroid_Dread/[METD]E.M.M.I.nfc,nfc,Amiibo,UberGuidoZ_Amiibo_Tools,moved
sd_card_content/nfc/Amiibo/Amiibo_Files/Yu-Gi-Oh/-YU-GI-OH-_Roa_Kirishima.nfc,nfc,Amiibo,UberGuidoZ_Amiibo_Tools,moved
sd_card_content/nfc/Amiibo/Amiibo_Files/Yu-Gi-Oh/-YU-GI-OH-_Asana_Mutsuba.nfc,nfc,Amiibo,UberGuidoZ_Amiibo_Tools,moved
sd_card_content/nfc/Amiibo/Amiibo_Files/Yu-Gi-Oh/-YU-GI-OH-_Gakuto_Sōgetsu.nfc,nfc,Amiibo,UberGuidoZ_Amiibo_Tools,moved
sd_card_content/nfc/Amiibo/Amiibo_Files/Yu-Gi-Oh/-YU-GI-OH-_Romin_Kirishima.nfc,nfc,Amiibo,UberGuidoZ_Amiibo_Tools,moved
sd_card_content/nfc/Amiibo/Amiibo_Files/Yu-Gi-Oh/-YU-GI-OH-_Yuga_Ohdo.nfc,nfc,Amiibo,UberGuidoZ_Amiibo_Tools,moved
sd_card_content/nfc/Amiibo/Amiibo_Files/Yu-Gi-Oh/-YU-GI-OH-_Nail_Saionji.nfc,nfc,Amiibo,UberGuidoZ_Amiibo_Tools,moved
sd_card_content/nfc/Amiibo/Amiibo_Files/Yu-Gi-Oh/-YU-GI-OH-_Tatsuhisa_“Luke”_Kamijō.nfc,nfc,Amiibo,UberGuidoZ_Amiibo_Tools,moved
sd_card_content/nfc/Amiibo/Amiibo_Files/Detective_Pikachu/[DEP]_01_-_Detective_Pikachu.nfc,nfc,Amiibo,UberGuidoZ_Amiibo_Tools,moved
sd_card_content/nfc/Amiibo/Amiibo_Files/Mario/Super_Mario_Cereal/[SMC]_01_-_Super_Mario_Cereal.nfc,nfc,Amiibo,UberGuidoZ_Amiibo_Tools,moved
sd_card_content/nfc/Amiibo/Amiibo_Files/Mario/Mario_Sports_Superstars/[MSS]_40_-_Donkey_Kong_(Horse_Racing).nfc,nfc,Amiibo,UberGuidoZ_Amiibo_Tools,moved
sd_card_content/nfc/Amiibo/Amiibo_Files/Mario/Mario_Sports_Superstars/[MSS]_81_-_Metal_Mario_(Soccer).nfc,nfc,Amiibo,UberGuidoZ_Amiibo_Tools,moved
sd_card_content/nfc/Amiibo/Amiibo_Files/Mario/Mario_Sports_Superstars/[MSS]_51_-_Bowser_Jr._(Soccer).nfc,nfc,Amiibo,UberGuidoZ_Amiibo_Tools,moved
sd_card_content/nfc/Amiibo/Amiibo_Files/Mario/Mario_Sports_Superstars/[MSS]_34_-_Waluigi_(Golf).nfc,nfc,Amiibo,UberGuidoZ_Amiibo_Tools,moved
sd_card_content/nfc/Amiibo/Amiibo_Files/Mario/Mario_Sports_Superstars/[MSS]_62_-_Baby_Mario_(Baseball).nfc,nfc,Amiibo,UberGuidoZ_Amiibo_Tools,moved
sd_card_content/nfc/Amiibo/Amiibo_Files/Mario/Mario_Sports_Superstars/[MSS]_67_-_Baby_Luigi_(Baseball).nfc,nfc,Amiibo,UberGuidoZ_Amiibo_Tools,moved
sd_card_content/nfc/Amiibo/Amiibo_Files/Mario/Mario_Sports_Superstars/[MSS]_07_-_Luigi_(Baseball).nfc,nfc,Amiibo,UberGuidoZ_Amiibo_Tools,moved
sd_card_content/nfc/Amiibo/Amiibo_Files/Mario/Mario_Sports_Superstars/[MSS]_83_-_Metal_Mario_(Tennis).nfc,nfc,Amiibo,UberGuidoZ_Amiibo_Tools,moved
sd_card_content/nfc/Amiibo/Amiibo_Files/Mario/Mario_Sports_Superstars/[MSS]_46_-_Bowser_(Soccer).nfc,nfc,Amiibo,UberGuidoZ_Amiibo_Tools,moved
sd_card_content/nfc/Amiibo/Amiibo_Files/Mario/Mario_Sports_Superstars/[MSS]_09_-_Luigi_(Golf).nfc,nfc,Amiibo,UberGuidoZ_Amiibo_Tools,moved
sd_card_content/nfc/Amiibo/Amiibo_Files/Mario/Mario_Sports_Superstars/[MSS]_89_-_Pink_Gold_Peach_(Golf).nfc,nfc,Amiibo,UberGuidoZ_Amiibo_Tools,moved
sd_card_content/nfc/Amiibo/Amiibo_Files/Mario/Mario_Sports_Superstars/[MSS]_71_-_Birdo_(Soccer).nfc,nfc,Amiibo,UberGuidoZ_Amiibo_Tools,moved
sd_card_content/nfc/Amiibo/Amiibo_Files/Mario/Mario_Sports_Superstars/[MSS]_29_-_Wario_(Golf).nfc,nfc,Amiibo,UberGuidoZ_Amiibo_Tools,moved
sd_card_content/nfc/Amiibo/Amiibo_Files/Mario/Mario_Sports_Superstars/[MSS]_25_-_Yoshi_(Horse_Racing).nfc,nfc,Amiibo,UberGuidoZ_Amiibo_Tools,moved
sd_card_content/nfc/Amiibo/Amiibo_Files/Mario/Mario_Sports_Superstars/[MSS]_58_-_Boo_(Tennis).nfc,nfc,Amiibo,UberGuidoZ_Amiibo_Tools,moved
sd_card_content/nfc/Amiibo/Amiibo_Files/Mario/Mario_Sports_Superstars/[MSS]_82_-_Metal_Mario_(Baseball).nfc,nfc,Amiibo,UberGuidoZ_Amiibo_Tools,moved
sd_card_content/nfc/Amiibo/Amiibo_Files/Mario/Mario_Sports_Superstars/[MSS]_90_-_Pink_Gold_Peach_(Horse_Racing).nfc,nfc,Amiibo,UberGuidoZ_Amiibo_Tools,moved
sd_card_content/nfc/Amiibo/Amiibo_Files/Mario/Mario_Sports_Superstars/[MSS]_22_-_Yoshi_(Baseball).nfc,nfc,Amiibo,UberGuidoZ_Amiibo_Tools,moved
sd_card_content/nfc/Amiibo/Amiibo_Files/Mario/Mario_Sports_Superstars/[MSS]_18_-_Daisy_(Tennis).nfc,nfc,Amiibo,UberGuidoZ_Amiibo_Tools,moved
sd_card_content/nfc/Amiibo/Amiibo_Files/Mario/Mario_Sports_Superstars/[MSS]_36_-_Donkey_Kong_(Soccer).nfc,nfc,Amiibo,UberGuidoZ_Amiibo_Tools,moved
sd_card_content/nfc/Amiibo/Amiibo_Files/Mario/Mario_Sports_Superstars/[MSS]_26_-_Wario_(Soccer).nfc,nfc,Amiibo,UberGuidoZ_Amiibo_Tools,moved
sd_card_content/nfc/Amiibo/Amiibo_Files/Mario/Mario_Sports_Superstars/[MSS]_10_-_Luigi_(Horse_Racing).nfc,nfc,Amiibo,UberGuidoZ_Amiibo_Tools,moved
sd_card_content/nfc/Amiibo/Amiibo_Files/Mario/Mario_Sports_Superstars/[MSS]_17_-_Daisy_(Baseball).nfc,nfc,Amiibo,UberGuidoZ_Amiibo_Tools,moved
sd_card_content/nfc/Amiibo/Amiibo_Files/Mario/Mario_Sports_Superstars/[MSS]_28_-_Wario_(Tennis).nfc,nfc,Amiibo,UberGuidoZ_Amiibo_Tools,moved
sd_card_content/nfc/Amiibo/Amiibo_Files/Mario/Mario_Sports_Superstars/[MSS]_35_-_Waluigi_(Horse_Racing).nfc,nfc,Amiibo,UberGuidoZ_Amiibo_Tools,moved
sd_card_content/nfc/Amiibo/Amiibo_Files/Mario/Mario_Sports_Superstars/[MSS]_50_-_Bowser_(Horse_Racing).nfc,nfc,Amiibo,UberGuidoZ_Amiibo_Tools,moved
sd_card_content/nfc/Amiibo/Amiibo_Files/Mario/Mario_Sports_Superstars/[MSS]_87_-_Pink_Gold_Peach_(Baseball).nfc,nfc,Amiibo,UberGuidoZ_Amiibo_Tools,moved
sd_card_content/nfc/Amiibo/Amiibo_Files/Mario/Mario_Sports_Superstars/[MSS]_61_-_Baby_Mario_(Soccer).nfc,nfc,Amiibo,UberGuidoZ_Amiibo_Tools,moved
sd_card_content/nfc/Amiibo/Amiibo_Files/Mario/Mario_Sports_Superstars/[MSS]_03_-_Mario_(Tennis).nfc,nfc,Amiibo,UberGuidoZ_Amiibo_Tools,moved
sd_card_content/nfc/Amiibo/Amiibo_Files/Mario/Mario_Sports_Superstars/[MSS]_44_-_Diddy_Kong_(Golf).nfc,nfc,Amiibo,UberGuidoZ_Amiibo_Tools,moved
sd_card_content/nfc/Amiibo/Amiibo_Files/Mario/Mario_Sports_Superstars/[MSS]_02_-_Mario_(Baseball).nfc,nfc,Amiibo,UberGuidoZ_Amiibo_Tools,moved
sd_card_content/nfc/Amiibo/Amiibo_Files/Mario/Mario_Sports_Superstars/[MSS]_52_-_Bowser_Jr._(Baseball).nfc,nfc,Amiibo,UberGuidoZ_Amiibo_Tools,moved
sd_card_content/nfc/Amiibo/Amiibo_Files/Mario/Mario_Sports_Superstars/[MSS]_42_-_Diddy_Kong_(Baseball).nfc,nfc,Amiibo,UberGuidoZ_Amiibo_Tools,moved
sd_card_content/nfc/Amiibo/Amiibo_Files/Mario/Mario_Sports_Superstars/[MSS]_69_-_Baby_Luigi_(Golf).nfc,nfc,Amiibo,UberGuidoZ_Amiibo_Tools,moved
sd_card_content/nfc/Amiibo/Amiibo_Files/Mario/Mario_Sports_Superstars/[MSS]_75_-_Birdo_(Horse_Racing).nfc,nfc,Amiibo,UberGuidoZ_Amiibo_Tools,moved
sd_card_content/nfc/Amiibo/Amiibo_Files/Mario/Mario_Sports_Superstars/[MSS]_68_-_Baby_Luigi_(Tennis).nfc,nfc,Amiibo,UberGuidoZ_Amiibo_Tools,moved
sd_card_content/nfc/Amiibo/Amiibo_Files/Mario/Mario_Sports_Superstars/[MSS]_74_-_Birdo_(Golf).nfc,nfc,Amiibo,UberGuidoZ_Amiibo_Tools,moved
sd_card_content/nfc/Amiibo/Amiibo_Files/Mario/Mario_Sports_Superstars/[MSS]_70_-_Baby_Luigi_(Horse_Racing).nfc,nfc,Amiibo,UberGuidoZ_Amiibo_Tools,moved
sd_card_content/nfc/Amiibo/Amiibo_Files/Mario/Mario_Sports_Superstars/[MSS]_63_-_Baby_Mario_(Tennis).nfc,nfc,Amiibo,UberGuidoZ_Amiibo_Tools,moved
sd_card_content/nfc/Amiibo/Amiibo_Files/Mario/Mario_Sports_Superstars/[MSS]_73_-_Birdo_(Tennis).nfc,nfc,Amiibo,UberGuidoZ_Amiibo_Tools,moved
sd_card_content/nfc/Amiibo/Amiibo_Files/Mario/Mario_Sports_Superstars/[MSS]_14_-_Peach_(Golf).nfc,nfc,Amiibo,UberGuidoZ_Amiibo_Tools,moved
sd_card_content/nfc/Amiibo/Amiibo_Files/Mario/Mario_Sports_Superstars/[MSS]_85_-_Metal_Mario_(Horse_Racing).nfc,nfc,Amiibo,UberGuidoZ_Amiibo_Tools,moved
sd_card_content/nfc/Amiibo/Amiibo_Files/Mario/Mario_Sports_Superstars/[MSS]_78_-_Rosalina_(Tennis).nfc,nfc,Amiibo,UberGuidoZ_Amiibo_Tools,moved
sd_card_content/nfc/Amiibo/Amiibo_Files/Mario/Mario_Sports_Superstars/[MSS]_49_-_Bowser_(Golf).nfc,nfc,Amiibo,UberGuidoZ_Amiibo_Tools,moved
sd_card_content/nfc/Amiibo/Amiibo_Files/Mario/Mario_Sports_Superstars/[MSS]_27_-_Wario_(Baseball).nfc,nfc,Amiibo,UberGuidoZ_Amiibo_Tools,moved
sd_card_content/nfc/Amiibo/Amiibo_Files/Mario/Mario_Sports_Superstars/[MSS]_60_-_Boo_(Horse_Racing).nfc,nfc,Amiibo,UberGuidoZ_Amiibo_Tools,moved
sd_card_content/nfc/Amiibo/Amiibo_Files/Mario/Mario_Sports_Superstars/[MSS]_19_-_Daisy_(Golf).nfc,nfc,Amiibo,UberGuidoZ_Amiibo_Tools,moved
sd_card_content/nfc/Amiibo/Amiibo_Files/Mario/Mario_Sports_Superstars/[MSS]_21_-_Yoshi_(Soccer).nfc,nfc,Amiibo,UberGuidoZ_Amiibo_Tools,moved
sd_card_content/nfc/Amiibo/Amiibo_Files/Mario/Mario_Sports_Superstars/[MSS]_79_-_Rosalina_(Golf).nfc,nfc,Amiibo,UberGuidoZ_Amiibo_Tools,moved
sd_card_content/nfc/Amiibo/Amiibo_Files/Mario/Mario_Sports_Superstars/[MSS]_33_-_Waluigi_(Tennis).nfc,nfc,Amiibo,UberGuidoZ_Amiibo_Tools,moved
sd_card_content/nfc/Amiibo/Amiibo_Files/Mario/Mario_Sports_Superstars/[MSS]_41_-_Diddy_Kong_(Soccer).nfc,nfc,Amiibo,UberGuidoZ_Amiibo_Tools,moved
sd_card_content/nfc/Amiibo/Amiibo_Files/Mario/Mario_Sports_Superstars/[MSS]_64_-_Baby_Mario_(Golf).nfc,nfc,Amiibo,UberGuidoZ_Amiibo_Tools,moved
sd_card_content/nfc/Amiibo/Amiibo_Files/Mario/Mario_Sports_Superstars/[MSS]_57_-_Boo_(Baseball).nfc,nfc,Amiibo,UberGuidoZ_Amiibo_Tools,moved
sd_card_content/nfc/Amiibo/Amiibo_Files/Mario/Mario_Sports_Superstars/[MSS]_39_-_Donkey_Kong_(Golf).nfc,nfc,Amiibo,UberGuidoZ_Amiibo_Tools,moved
sd_card_content/nfc/Amiibo/Amiibo_Files/Mario/Mario_Sports_Superstars/[MSS]_45_-_Diddy_Kong_(Horse_Racing).nfc,nfc,Amiibo,UberGuidoZ_Amiibo_Tools,moved
sd_card_content/nfc/Amiibo/Amiibo_Files/Mario/Mario_Sports_Superstars/[MSS]_08_-_Luigi_(Tennis).nfc,nfc,Amiibo,UberGuidoZ_Amiibo_Tools,moved
sd_card_content/nfc/Amiibo/Amiibo_Files/Mario/Mario_Sports_Superstars/[MSS]_77_-_Rosalina_(Baseball).nfc,nfc,Amiibo,UberGuidoZ_Amiibo_Tools,moved
sd_card_content/nfc/Amiibo/Amiibo_Files/Mario/Mario_Sports_Superstars/[MSS]_37_-_Donkey_Kong_(Baseball).nfc,nfc,Amiibo,UberGuidoZ_Amiibo_Tools,moved
sd_card_content/nfc/Amiibo/Amiibo_Files/Mario/Mario_Sports_Superstars/[MSS]_48_-_Bowser_(Tennis).nfc,nfc,Amiibo,UberGuidoZ_Amiibo_Tools,moved
sd_card_content/nfc/Amiibo/Amiibo_Files/Mario/Mario_Sports_Superstars/[MSS]_12_-_Peach_(Baseball).nfc,nfc,Amiibo,UberGuidoZ_Amiibo_Tools,moved
sd_card_content/nfc/Amiibo/Amiibo_Files/Mario/Mario_Sports_Superstars/[MSS]_47_-_Bowser_(Baseball).nfc,nfc,Amiibo,UberGuidoZ_Amiibo_Tools,moved
sd_card_content/nfc/Amiibo/Amiibo_Files/Mario/Mario_Sports_Superstars/[MSS]_84_-_Metal_Mario_(Golf).nfc,nfc,Amiibo,UberGuidoZ_Amiibo_Tools,moved
sd_card_content/nfc/Amiibo/Amiibo_Files/Mario/Mario_Sports_Superstars/[MSS]_88_-_Pink_Gold_Peach_(Tennis).nfc,nfc,Amiibo,UberGuidoZ_Amiibo_Tools,moved
sd_card_content/nfc/Amiibo/Amiibo_Files/Mario/Mario_Sports_Superstars/[MSS]_11_-_Peach_(Soccer).nfc,nfc,Amiibo,UberGuidoZ_Amiibo_Tools,moved
sd_card_content/nfc/Amiibo/Amiibo_Files/Mario/Mario_Sports_Superstars/[MSS]_55_-_Bowser_Jr._(Horse_Racing).nfc,nfc,Amiibo,UberGuidoZ_Amiibo_Tools,moved
sd_card_content/nfc/Amiibo/Amiibo_Files/Mario/Mario_Sports_Superstars/[MSS]_31_-_Waluigi_(Soccer).nfc,nfc,Amiibo,UberGuidoZ_Amiibo_Tools,moved
sd_card_content/nfc/Amiibo/Amiibo_Files/Mario/Mario_Sports_Superstars/[MSS]_30_-_Wario_(Horse_Racing).nfc,nfc,Amiibo,UberGuidoZ_Amiibo_Tools,moved
sd_card_content/nfc/Amiibo/Amiibo_Files/Mario/Mario_Sports_Superstars/[MSS]_59_-_Boo_(Golf).nfc,nfc,Amiibo,UberGuidoZ_Amiibo_Tools,moved
sd_card_content/nfc/Amiibo/Amiibo_Files/Mario/Mario_Sports_Superstars/[MSS]_56_-_Boo_(Soccer).nfc,nfc,Amiibo,UberGuidoZ_Amiibo_Tools,moved
sd_card_content/nfc/Amiibo/Amiibo_Files/Mario/Mario_Sports_Superstars/[MSS]_01_-_Mario_(Soccer).nfc,nfc,Amiibo,UberGuidoZ_Amiibo_Tools,moved
sd_card_content/nfc/Amiibo/Amiibo_Files/Mario/Mario_Sports_Superstars/[MSS]_23_-_Yoshi_(Tennis).nfc,nfc,Amiibo,UberGuidoZ_Amiibo_Tools,moved
sd_card_content/nfc/Amiibo/Amiibo_Files/Mario/Mario_Sports_Superstars/[MSS]_05_-_Mario_(Horse_Racing).nfc,nfc,Amiibo,UberGuidoZ_Amiibo_Tools,moved
sd_card_content/nfc/Amiibo/Amiibo_Files/Mario/Mario_Sports_Superstars/[MSS]_15_-_Peach_(Horse_Racing).nfc,nfc,Amiibo,UberGuidoZ_Amiibo_Tools,moved
sd_card_content/nfc/Amiibo/Amiibo_Files/Mario/Mario_Sports_Superstars/[MSS]_32_-_Waluigi_(Baseball).nfc,nfc,Amiibo,UberGuidoZ_Amiibo_Tools,moved
sd_card_content/nfc/Amiibo/Amiibo_Files/Mario/Mario_Sports_Superstars/[MSS]_20_-_Daisy_(Horse_Racing).nfc,nfc,Amiibo,UberGuidoZ_Amiibo_Tools,moved
sd_card_content/nfc/Amiibo/Amiibo_Files/Mario/Mario_Sports_Superstars/[MSS]_86_-_Pink_Gold_Peach_(Soccer).nfc,nfc,Amiibo,UberGuidoZ_Amiibo_Tools,moved
sd_card_content/nfc/Amiibo/Amiibo_Files/Mario/Mario_Sports_Superstars/[MSS]_04_-_Mario_(Golf).nfc,nfc,Amiibo,UberGuidoZ_Amiibo_Tools,moved
sd_card_content/nfc/Amiibo/Amiibo_Files/Mario/Mario_Sports_Superstars/[MSS]_06_-_Luigi_(Soccer).nfc,nfc,Amiibo,UberGuidoZ_Amiibo_Tools,moved
sd_card_content/nfc/Amiibo/Amiibo_Files/Mario/Mario_Sports_Superstars/[MSS]_54_-_Bowser_Jr._(Golf).nfc,nfc,Amiibo,UberGuidoZ_Amiibo_Tools,moved
sd_card_content/nfc/Amiibo/Amiibo_Files/Mario/Mario_Sports_Superstars/[MSS]_38_-_Donkey_Kong_(Tennis).nfc,nfc,Amiibo,UberGuidoZ_Amiibo_Tools,moved
sd_card_content/nfc/Amiibo/Amiibo_Files/Mario/Mario_Sports_Superstars/[MSS]_53_-_Bowser_Jr.__(Tennis).nfc,nfc,Amiibo,UberGuidoZ_Amiibo_Tools,moved
sd_card_content/nfc/Amiibo/Amiibo_Files/Mario/Mario_Sports_Superstars/[MSS]_24_-_Yoshi_(Golf).nfc,nfc,Amiibo,UberGuidoZ_Amiibo_Tools,moved
sd_card_content/nfc/Amiibo/Amiibo_Files/Mario/Mario_Sports_Superstars/[MSS]_66_-_Baby_Luigi_(Soccer).nfc,nfc,Amiibo,UberGuidoZ_Amiibo_Tools,moved
sd_card_content/nfc/Amiibo/Amiibo_Files/Mario/Mario_Sports_Superstars/[MSS]_80_-_Rosalina_(Horse_Racing).nfc,nfc,Amiibo,UberGuidoZ_Amiibo_Tools,moved
sd_card_content/nfc/Amiibo/Amiibo_Files/Mario/Mario_Sports_Superstars/[MSS]_16_-_Daisy_(Soccer).nfc,nfc,Amiibo,UberGuidoZ_Amiibo_Tools,moved
sd_card_content/nfc/Amiibo/Amiibo_Files/Mario/Mario_Sports_Superstars/[MSS]_65_-_Baby_Mario_(Horse_Racing).nfc,nfc,Amiibo,UberGuidoZ_Amiibo_Tools,moved
sd_card_content/nfc/Amiibo/Amiibo_Files/Mario/Mario_Sports_Superstars/[MSS]_13_-_Peach_(Tennis).nfc,nfc,Amiibo,UberGuidoZ_Amiibo_Tools,moved
sd_card_content/nfc/Amiibo/Amiibo_Files/Mario/Mario_Sports_Superstars/[MSS]_43_-_Diddy_Kong_(Tennis).nfc,nfc,Amiibo,UberGuidoZ_Amiibo_Tools,moved
sd_card_content/nfc/Amiibo/Amiibo_Files/Mario/Mario_Sports_Superstars/[MSS]_76_-_Rosalina_(Soccer).nfc,nfc,Amiibo,UberGuidoZ_Amiibo_Tools,moved
sd_card_content/nfc/Amiibo/Amiibo_Files/Mario/Mario_Sports_Superstars/[MSS]_72_-_Birdo_(Baseball).nfc,nfc,Amiibo,UberGuidoZ_Amiibo_Tools,moved
sd_card_content/nfc/Amiibo/Amiibo_Files/Mario/Super_Mario_Bros._30th_Anniversary. 30th Anniversary/[3AM]_02_-_Mario_Modern_Colors.nfc,nfc,Amiibo,UberGuidoZ_Amiibo_Tools,moved
sd_card_content/nfc/Amiibo/Amiibo_Files/Mario/Super_Mario_Bros._30th_Anniversary. 30th Anniversary/[3AM]_01_-_Mario_Classic_Colors.nfc,nfc,Amiibo,UberGuidoZ_Amiibo_Tools,moved
sd_card_content/nfc/Amiibo/Amiibo_Files/Mario/Super_Nintendo_World_Power-Up_Bands/[SNW]_04_-_Daisy_Power-Up_Band.nfc,nfc,Amiibo,UberGuidoZ_Amiibo_Tools,moved
sd_card_content/nfc/Amiibo/Amiibo_Files/Mario/Super_Nintendo_World_Power-Up_Bands/[SNW]_02_-_Luigi_Power-Up_Band.nfc,nfc,Amiibo,UberGuidoZ_Amiibo_Tools,moved
sd_card_content/nfc/Amiibo/Amiibo_Files/Mario/Super_Nintendo_World_Power-Up_Bands/[SNW]_06_-_Yoshi_Power-Up_Band.nfc,nfc,Amiibo,UberGuidoZ_Amiibo_Tools,moved
sd_card_content/nfc/Amiibo/Amiibo_Files/Mario/Super_Nintendo_World_Power-Up_Bands/[SNW]_05_-_Toad_Power-Up_Band.nfc,nfc,Amiibo,UberGuidoZ_Amiibo_Tools,moved
sd_card_content/nfc/Amiibo/Amiibo_Files/Mario/Super_Nintendo_World_Power-Up_Bands/[SNW]_03_-_Peach_Power-Up_Band.nfc,nfc,Amiibo,UberGuidoZ_Amiibo_Tools,moved
sd_card_content/nfc/Amiibo/Amiibo_Files/Mario/Super_Nintendo_World_Power-Up_Bands/[SNW]_07_-_Gold_Mario_Power-Up_Band.nfc,nfc,Amiibo,UberGuidoZ_Amiibo_Tools,moved
sd_card_content/nfc/Amiibo/Amiibo_Files/Mario/Super_Nintendo_World_Power-Up_Bands/[SNW]_01_-_Mario_Power-Up_Band.nfc,nfc,Amiibo,UberGuidoZ_Amiibo_Tools,moved
sd_card_content/nfc/Amiibo/Amiibo_Files/Mario/Super_Mario_Figures/[SM]_01_-_Mario.nfc,nfc,Amiibo,UberGuidoZ_Amiibo_Tools,moved
sd_card_content/nfc/Amiibo/Amiibo_Files/Mario/Super_Mario_Figures/[SM]_21_-_Cat_Mario.nfc,nfc,Amiibo,UberGuidoZ_Amiibo_Tools,moved
sd_card_content/nfc/Amiibo/Amiibo_Files/Mario/Super_Mario_Figures/[SM]_07_-_Mario_(Gold_Edition).nfc,nfc,Amiibo,UberGuidoZ_Amiibo_Tools,moved
sd_card_content/nfc/Amiibo/Amiibo_Files/Mario/Super_Mario_Figures/[SM]_11_-_Daisy.nfc,nfc,Amiibo,UberGuidoZ_Amiibo_Tools,moved
sd_card_content/nfc/Amiibo/Amiibo_Files/Mario/Super_Mario_Figures/[SM]_22_-_Cat_Peach.nfc,nfc,Amiibo,UberGuidoZ_Amiibo_Tools,moved
sd_card_content/nfc/Amiibo/Amiibo_Files/Mario/Super_Mario_Figures/[SM]_02_-_Peach.nfc,nfc,Amiibo,UberGuidoZ_Amiibo_Tools,moved
sd_card_content/nfc/Amiibo/Amiibo_Files/Mario/Super_Mario_Figures/[SM]_18_-_Mario_(Wedding).nfc,nfc,Amiibo,UberGuidoZ_Amiibo_Tools,moved
sd_card_content/nfc/Amiibo/Amiibo_Files/Mario/Super_Mario_Figures/[SM]_09_-_Wario.nfc,nfc,Amiibo,UberGuidoZ_Amiibo_Tools,moved
sd_card_content/nfc/Amiibo/Amiibo_Files/Mario/Super_Mario_Figures/[SM]_08_-_Mario_(Silver_Edition).nfc,nfc,Amiibo,UberGuidoZ_Amiibo_Tools,moved
sd_card_content/nfc/Amiibo/Amiibo_Files/Mario/Super_Mario_Figures/[SM]_05_-_Yoshi.nfc,nfc,Amiibo,UberGuidoZ_Amiibo_Tools,moved
sd_card_content/nfc/Amiibo/Amiibo_Files/Mario/Super_Mario_Figures/[SM]_17_-_Koopa_Troopa.nfc,nfc,Amiibo,UberGuidoZ_Amiibo_Tools,moved
sd_card_content/nfc/Amiibo/Amiibo_Files/Mario/Super_Mario_Figures/[SM]_20_-_Bowser_(Wedding).nfc,nfc,Amiibo,UberGuidoZ_Amiibo_Tools,moved
sd_card_content/nfc/Amiibo/Amiibo_Files/Mario/Super_Mario_Figures/[SM]_03_-_Toad.nfc,nfc,Amiibo,UberGuidoZ_Amiibo_Tools,moved
sd_card_content/nfc/Amiibo/Amiibo_Files/Mario/Super_Mario_Figures/[SM]_15_-_Boo.nfc,nfc,Amiibo,UberGuidoZ_Amiibo_Tools,moved
sd_card_content/nfc/Amiibo/Amiibo_Files/Mario/Super_Mario_Figures/[SM]_12_-_Rosalina.nfc,nfc,Amiibo,UberGuidoZ_Amiibo_Tools,moved
sd_card_content/nfc/Amiibo/Amiibo_Files/Mario/Super_Mario_Figures/[SM]_04_-_Luigi.nfc,nfc,Amiibo,UberGuidoZ_Amiibo_Tools,moved
sd_card_content/nfc/Amiibo/Amiibo_Files/Mario/Super_Mario_Figures/[SM]_10_-_Waluigi.nfc,nfc,Amiibo,UberGuidoZ_Amiibo_Tools,moved
sd_card_content/nfc/Amiibo/Amiibo_Files/Mario/Super_Mario_Figures/[SM]_19_-_Peach_(Wedding).nfc,nfc,Amiibo,UberGuidoZ_Amiibo_Tools,moved
sd_card_content/nfc/Amiibo/Amiibo_Files/Mario/Super_Mario_Figures/[SM]_13_-_Donkey_Kong.nfc,nfc,Amiibo,UberGuidoZ_Amiibo_Tools,moved
sd_card_content/nfc/Amiibo/Amiibo_Files/Mario/Super_Mario_Figures/[SM]_14_-_Diddy_Kong.nfc,nfc,Amiibo,UberGuidoZ_Amiibo_Tools,moved
sd_card_content/nfc/Amiibo/Amiibo_Files/Mario/Super_Mario_Figures/[SM]_16_-_Goomba.nfc,nfc,Amiibo,UberGuidoZ_Amiibo_Tools,moved
sd_card_content/nfc/Amiibo/Amiibo_Files/Mario/Super_Mario_Figures/[SM]_06_-_Bowser.nfc,nfc,Amiibo,UberGuidoZ_Amiibo_Tools,moved
sd_card_content/nfc/Amiibo/Amiibo_Files/BoxBoy/Qbby.nfc,nfc,Amiibo,UberGuidoZ_Amiibo_Tools,moved
sd_card_content/nfc/Amiibo/Amiibo_Files/Kellogs_Amiibo/Delicious_Amiibo.nfc,nfc,Amiibo,UberGuidoZ_Amiibo_Tools,moved
sd_card_content/nfc/Amiibo/Amiibo_Files/Pikmin/[PIK]_01_-_Pikmin.nfc,nfc,Amiibo,UberGuidoZ_Amiibo_Tools,moved
sd_card_content/nfc/Amiibo/Amiibo_Files/Pokkén_Tournament/[PT]_01_-_Shadow_Mewtwo.nfc,nfc,Amiibo,UberGuidoZ_Amiibo_Tools,moved
sd_card_content/nfc/Amiibo/Amiibo_Files/Splatoon/[Splatoon]_14_-_Octoling_Girl.nfc,nfc,Amiibo,UberGuidoZ_Amiibo_Tools,moved
sd_card_content/nfc/Amiibo/Amiibo_Files/Splatoon/[Splatoon]_11_-_Squid_(Neon_Purple).nfc,nfc,Amiibo,UberGuidoZ_Amiibo_Tools,moved
sd_card_content/nfc/Amiibo/Amiibo_Files/Splatoon/[Splatoon]_07_-_Inkling_Girl_(Lime_Green).nfc,nfc,Amiibo,UberGuidoZ_Amiibo_Tools,moved
sd_card_content/nfc/Amiibo/Amiibo_Files/Splatoon/[Splatoon]_21_-_Frye.nfc,nfc,Amiibo,UberGuidoZ_Amiibo_Tools,moved
sd_card_content/nfc/Amiibo/Amiibo_Files/Splatoon/[Splatoon]_15_-_Octoling_Boy.nfc,nfc,Amiibo,UberGuidoZ_Amiibo_Tools,moved
sd_card_content/nfc/Amiibo/Amiibo_Files/Splatoon/[Splatoon]_09_-_Inkling_Boy_(Neon_Green).nfc,nfc,Amiibo,UberGuidoZ_Amiibo_Tools,moved
sd_card_content/nfc/Amiibo/Amiibo_Files/Splatoon/[Splatoon]_10_-_Inkling_Girl_(Neon_Pink).nfc,nfc,Amiibo,UberGuidoZ_Amiibo_Tools,moved
sd_card_content/nfc/Amiibo/Amiibo_Files/Splatoon/[Splatoon]_04_-_Callie.nfc,nfc,Amiibo,UberGuidoZ_Amiibo_Tools,moved
sd_card_content/nfc/Amiibo/Amiibo_Files/Splatoon/[Splatoon]_06_-_Inkling_Boy_(Purple).nfc,nfc,Amiibo,UberGuidoZ_Amiibo_Tools,moved
sd_card_content/nfc/Amiibo/Amiibo_Files/Splatoon/[Splatoon]_16_-_Octoling_Octopus.nfc,nfc,Amiibo,UberGuidoZ_Amiibo_Tools,moved
sd_card_content/nfc/Amiibo/Amiibo_Files/Splatoon/[Splatoon]_05_-_Marie.nfc,nfc,Amiibo,UberGuidoZ_Amiibo_Tools,moved
sd_card_content/nfc/Amiibo/Amiibo_Files/Splatoon/[Splatoon]_19_-_Smallfry.nfc,nfc,Amiibo,UberGuidoZ_Amiibo_Tools,moved
sd_card_content/nfc/Amiibo/Amiibo_Files/Splatoon/[Splatoon]_13_-_Marina.nfc,nfc,Amiibo,UberGuidoZ_Amiibo_Tools,moved
sd_card_content/nfc/Amiibo/Amiibo_Files/Splatoon/[Splatoon]_20_-_Shiver.nfc,nfc,Amiibo,UberGuidoZ_Amiibo_Tools,moved
sd_card_content/nfc/Amiibo/Amiibo_Files/Splatoon/[Splatoon]_01_-_Inkling_Boy.nfc,nfc,Amiibo,UberGuidoZ_Amiibo_Tools,moved
sd_card_content/nfc/Amiibo/Amiibo_Files/Splatoon/[Splatoon]_12_-_Pearl.nfc,nfc,Amiibo,UberGuidoZ_Amiibo_Tools,moved
sd_card_content/nfc/Amiibo/Amiibo_Files/Splatoon/[Splatoon]_17_-_Octoling_Blue.nfc,nfc,Amiibo,UberGuidoZ_Amiibo_Tools,moved
sd_card_content/nfc/Amiibo/Amiibo_Files/Splatoon/[Splatoon]_18_-_Inkling_Yellow.nfc,nfc,Amiibo,UberGuidoZ_Amiibo_Tools,moved
sd_card_content/nfc/Amiibo/Amiibo_Files/Splatoon/[Splatoon]_03_-_Inkling_Squid.nfc,nfc,Amiibo,UberGuidoZ_Amiibo_Tools,moved
sd_card_content/nfc/Amiibo/Amiibo_Files/Splatoon/[Splatoon]_22_-_Big_Man.nfc,nfc,Amiibo,UberGuidoZ_Amiibo_Tools,moved
sd_card_content/nfc/Amiibo/Amiibo_Files/Splatoon/[Splatoon]_02_-_Inkling_Girl.nfc,nfc,Amiibo,UberGuidoZ_Amiibo_Tools,moved
sd_card_content/nfc/Amiibo/Amiibo_Files/Splatoon/[Splatoon]_08_-_Inkling_Squid_(Orange).nfc,nfc,Amiibo,UberGuidoZ_Amiibo_Tools,moved
sd_card_content/nfc/Amiibo/Amiibo_Flipper_Converter/amiiboconvert.py,nfc,Amiibo,UberGuidoZ_Amiibo_Tools,moved
sd_card_content/nfc/Amiibo/Amiibo_Flipper_Converter/FlipMiibo.py,nfc,Amiibo,UberGuidoZ_Amiibo_Tools,moved
sd_card_content/nfc/Amiibo/Amiibo_Flipper_Converter/README.md,nfc,Amiibo,UberGuidoZ_Amiibo_Tools,moved
sd_card_content/nfc/Tonies/.gitignore,nfc,Tonies,Tonies_NFC,moved
sd_card_content/nfc/Tonies/README.md,nfc,Tonies,Tonies_NFC,moved
sd_card_content/nfc/Tonies/scripts/build_directories.sh,nfc,Tonies,Tonies_NFC,moved
sd_card_content/nfc/Tonies/scripts/figures_name_tool.pyw,nfc,Tonies,Tonies_NFC,moved
sd_card_content/nfc/Tonies/scripts/validate_files.sh,nfc,Tonies,Tonies_NFC,moved
sd_card_content/nfc/Tonies/scripts/requirements.txt,nfc,Tonies,Tonies_NFC,moved
sd_card_content/nfc/Tonies/English/README.md,nfc,Tonies,Tonies_NFC,moved
sd_card_content/nfc/Tonies/English/Tonies Originals/Favorite Childrens Songs - Animal Songs (Dog).nfc,nfc,Tonies,Tonies_NFC,moved
sd_card_content/nfc/Tonies/English/Tonies Originals/Favorite Childrens Songs - Celebration Songs.nfc,nfc,Tonies,Tonies_NFC,moved
sd_card_content/nfc/Tonies/English/Other/Hot Wheels.nfc,nfc,Tonies,Tonies_NFC,moved
sd_card_content/nfc/Tonies/English/Other/The King of Kindergarten.nfc,nfc,Tonies,Tonies_NFC,moved
sd_card_content/nfc/Tonies/English/Other/Spot - Fun with Friends.nfc,nfc,Tonies,Tonies_NFC,moved
sd_card_content/nfc/Tonies/English/Other/Ms Rachel.nfc,nfc,Tonies,Tonies_NFC,moved
sd_card_content/nfc/Tonies/English/Other/The Pout-Pout Fish.nfc,nfc,Tonies,Tonies_NFC,moved
sd_card_content/nfc/Tonies/English/Other/The Laurie Berkner Band.nfc,nfc,Tonies,Tonies_NFC,moved
sd_card_content/nfc/Tonies/English/Other/Corduroy.nfc,nfc,Tonies,Tonies_NFC,moved
sd_card_content/nfc/Tonies/English/Other/Story Pirates.nfc,nfc,Tonies,Tonies_NFC,moved
sd_card_content/nfc/Tonies/English/Other/Chicka Chicka Boom Boom.nfc,nfc,Tonies,Tonies_NFC,moved
sd_card_content/nfc/Tonies/English/Other/Duck and Goose.nfc,nfc,Tonies,Tonies_NFC,moved
sd_card_content/nfc/Tonies/English/Other/KidNation.nfc,nfc,Tonies,Tonies_NFC,moved
sd_card_content/nfc/Tonies/English/Other/Piney - The Lonesome Pine.nfc,nfc,Tonies,Tonies_NFC,moved
sd_card_content/nfc/Tonies/English/Other/Qai Qai - Invisible Universe.nfc,nfc,Tonies,Tonies_NFC,moved
sd_card_content/nfc/Tonies/English/Other/Target Bullseye.nfc,nfc,Tonies,Tonies_NFC,moved
sd_card_content/nfc/Tonies/English/Other/The Little Engine That Could.nfc,nfc,Tonies,Tonies_NFC,moved
sd_card_content/nfc/Tonies/English/Pokemon/Bulbasaur.nfc,nfc,Tonies,Tonies_NFC,moved
sd_card_content/nfc/Tonies/English/Pokemon/Charmander.nfc,nfc,Tonies,Tonies_NFC,moved
sd_card_content/nfc/Tonies/English/Pokemon/Pikachu.nfc,nfc,Tonies,Tonies_NFC,moved
sd_card_content/nfc/Tonies/English/Pokemon/Squirtle.nfc,nfc,Tonies,Tonies_NFC,moved
sd_card_content/nfc/Tonies/English/Wild Kratts/Chris Kratt.nfc,nfc,Tonies,Tonies_NFC,moved
sd_card_content/nfc/Tonies/English/Dr Seuss/The Lorax.nfc,nfc,Tonies,Tonies_NFC,moved
sd_card_content/nfc/Tonies/English/Disney/Aladdin - Princess Jasmine.nfc,nfc,Tonies,Tonies_NFC,moved
sd_card_content/nfc/Tonies/English/Disney/SuperKitties - Ginny.nfc,nfc,Tonies,Tonies_NFC,moved
sd_card_content/nfc/Tonies/English/Disney/Baby Lullabies.nfc,nfc,Tonies,Tonies_NFC,moved
sd_card_content/nfc/Tonies/English/Disney/The Nightmare Before Christmas - Jack Skellington.nfc,nfc,Tonies,Tonies_NFC,moved
sd_card_content/nfc/Tonies/English/Disney and Pixar/Toy Story - Bullseye.nfc,nfc,Tonies,Tonies_NFC,moved
sd_card_content/nfc/Tonies/English/Disney and Pixar/Finding Dory.nfc,nfc,Tonies,Tonies_NFC,moved
sd_card_content/nfc/Tonies/English/Disney and Pixar/Toy Story 2 - Buzz Lightyear.nfc,nfc,Tonies,Tonies_NFC,moved
sd_card_content/nfc/Tonies/English/Disney and Pixar/Ratatouille.nfc,nfc,Tonies,Tonies_NFC,moved
sd_card_content/nfc/Tonies/English/My First Tonies/Farm/Cow.nfc,nfc,Tonies,Tonies_NFC,moved
sd_card_content/nfc/Tonies/English/My First Tonies/Farm/Pig.nfc,nfc,Tonies,Tonies_NFC,moved
sd_card_content/nfc/Tonies/English/My First Tonies/Farm/Horse.nfc,nfc,Tonies,Tonies_NFC,moved
sd_card_content/nfc/Tonies/English/PAW Patrol Jungle Pups/Skye.nfc,nfc,Tonies,Tonies_NFC,moved
sd_card_content/nfc/Tonies/English/PAW Patrol Jungle Pups/Marshall.nfc,nfc,Tonies,Tonies_NFC,moved
sd_card_content/nfc/Tonies/English/National Geographic Kids/Dinosaur.nfc,nfc,Tonies,Tonies_NFC,moved
sd_card_content/nfc/Tonies/.github/workflows/validate_files.yaml,nfc,Tonies,Tonies_NFC,moved
sd_card_content/nfc/Tonies/.github/workflows/build_directories.yaml,nfc,Tonies,Tonies_NFC,moved
sd_card_content/nfc/Tonies/German/README.md,nfc,Tonies,Tonies_NFC,moved
sd_card_content/nfc/Tonies/German/SpongeBob Schwammkopf/SpongeBob Schwammkopf - Der ferngesteuerte Fahrschueler und weitere Abenteuer.nfc,nfc,Tonies,Tonies_NFC,moved
sd_card_content/nfc/Tonies/German/Barbie/Prinzessinen Abenteuer.nfc,nfc,Tonies,Tonies_NFC,moved
sd_card_content/nfc/Tonies/German/Der kleine Prinz/Der kleine Prinz (Neuauflage 2025).nfc,nfc,Tonies,Tonies_NFC,moved
sd_card_content/nfc/Tonies/German/Der kleine Prinz/Der Kleine Prinz.nfc,nfc,Tonies,Tonies_NFC,moved
sd_card_content/nfc/Tonies/German/Miraculous/Miraculous - Aller Anfang ist schwer.nfc,nfc,Tonies,Tonies_NFC,moved
sd_card_content/nfc/Tonies/German/Miraculous/Der Betrueger  - Der Valentinstag.nfc,nfc,Tonies,Tonies_NFC,moved
sd_card_content/nfc/Tonies/German/Mama Muh/Mama Muh und die Kraehe.nfc,nfc,Tonies,Tonies_NFC,moved
sd_card_content/nfc/Tonies/German/DIKKA - Boom Schakkalakka/DIKKA - Boom Schakkalakka.nfc,nfc,Tonies,Tonies_NFC,moved
sd_card_content/nfc/Tonies/German/Mia and me/Ankunft in Centopia & Eine neue Hoffnung.nfc,nfc,Tonies,Tonies_NFC,moved
sd_card_content/nfc/Tonies/German/Mia and me/Das goldene Einhorn & Onchao und das Paradies.nfc,nfc,Tonies,Tonies_NFC,moved
sd_card_content/nfc/Tonies/German/Mia and me/Mia und die Elfen.nfc,nfc,Tonies,Tonies_NFC,moved
sd_card_content/nfc/Tonies/German/Steiff Soft Cuddly Friends/Joshi T-Rex.nfc,nfc,Tonies,Tonies_NFC,moved
sd_card_content/nfc/Tonies/German/Steiff Soft Cuddly Friends/Hoppie Hase.nfc,nfc,Tonies,Tonies_NFC,moved
sd_card_content/nfc/Tonies/German/Steiff Soft Cuddly Friends/Jimmy Baer.nfc,nfc,Tonies,Tonies_NFC,moved
sd_card_content/nfc/Tonies/German/Steiff Soft Cuddly Friends/Dinkie Esel.nfc,nfc,Tonies,Tonies_NFC,moved
sd_card_content/nfc/Tonies/German/Steiff Soft Cuddly Friends/Bodo Schimpanse.nfc,nfc,Tonies,Tonies_NFC,moved
sd_card_content/nfc/Tonies/German/Steiff Soft Cuddly Friends/Lita Lamm.nfc,nfc,Tonies,Tonies_NFC,moved
"sd_card_content/nfc/Tonies/German/Weisst du eigentlich, wie lieb ich dich hab/Weisst du eigentlich, wie lieb ich dich hab.nfc",nfc,Tonies,Tonies_NFC,moved
sd_card_content/nfc/Tonies/German/SuperKitties/Ginny.nfc,nfc,Tonies,Tonies_NFC,moved
sd_card_content/nfc/Tonies/German/Sendung mit der Maus zum hoeren/Frag doch mal die Maus - Wissen fuer Kinder.nfc,nfc,Tonies,Tonies_NFC,moved
sd_card_content/nfc/Tonies/German/Story Mania/Mello.nfc,nfc,Tonies,Tonies_NFC,moved
sd_card_content/nfc/Tonies/German/Story Mania/Malva.nfc,nfc,Tonies,Tonies_NFC,moved
sd_card_content/nfc/Tonies/German/Loewenzahn/Loewenzahn - Ein Dino im Garten.nfc,nfc,Tonies,Tonies_NFC,moved
sd_card_content/nfc/Tonies/German/Loewenzahn/Loewenzahn - Der doppelte Bankraeuber.nfc,nfc,Tonies,Tonies_NFC,moved
sd_card_content/nfc/Tonies/German/Loewenzahn/Loewenzahn - Ein Gas unter Druck.nfc,nfc,Tonies,Tonies_NFC,moved
sd_card_content/nfc/Tonies/German/Loewenzahn/Loewenzahn - Abenteuer im Feuerland.nfc,nfc,Tonies,Tonies_NFC,moved
"sd_card_content/nfc/Tonies/German/Kleiner Eisbaer/Lars, lass mich nicht allein! - Lars und der Angsthase.nfc",nfc,Tonies,Tonies_NFC,moved
"sd_card_content/nfc/Tonies/German/Kleiner Eisbaer/Lars, hilf mir fliegen! - Lars rettet die Rentiere.nfc",nfc,Tonies,Tonies_NFC,moved
sd_card_content/nfc/Tonies/German/Der kleine Hui Buh/Wie Hui Buh seine Rasselkette bekam & Die Halloween-Party.nfc,nfc,Tonies,Tonies_NFC,moved
sd_card_content/nfc/Tonies/German/Der kleine Hui Buh/Der blubbernde Brotteig & Alarm in der Geheimzentrale.nfc,nfc,Tonies,Tonies_NFC,moved
sd_card_content/nfc/Tonies/German/Das NEINhorn/Das NEINhorn und die SchLANGEWEILE.nfc,nfc,Tonies,Tonies_NFC,moved
sd_card_content/nfc/Tonies/German/Lieblings-Meisterstuecke/Haensel und Gretel.nfc,nfc,Tonies,Tonies_NFC,moved
sd_card_content/nfc/Tonies/German/Lieblings-Meisterstuecke/Der Nussknacker.nfc,nfc,Tonies,Tonies_NFC,moved
sd_card_content/nfc/Tonies/German/Lieblings-Meisterstuecke/Schwanensee.nfc,nfc,Tonies,Tonies_NFC,moved
sd_card_content/nfc/Tonies/German/Lieblings-Meisterstuecke/Die Zauberfloete.nfc,nfc,Tonies,Tonies_NFC,moved
"sd_card_content/nfc/Tonies/German/Weihnachtsmann und Co.KG/Die magische Perle, Rudolph ist verschwunden.nfc",nfc,Tonies,Tonies_NFC,moved
sd_card_content/nfc/Tonies/German/Pummel & Friends/Das Pummeleinhorn - Der Herr der Donuts & Alles versalzen.nfc,nfc,Tonies,Tonies_NFC,moved
sd_card_content/nfc/Tonies/German/Peter Wohlleben/Hoerst du wie die Baeume sprechen.nfc,nfc,Tonies,Tonies_NFC,moved
sd_card_content/nfc/Tonies/German/Positives Denken mit Elefant Greta/Geschichten fuer mehr Selbstsicherheit und Achtsamkeit.nfc,nfc,Tonies,Tonies_NFC,moved
sd_card_content/nfc/Tonies/German/Winnie Puuh/Ferkels grosses Abenteuer.nfc,nfc,Tonies,Tonies_NFC,moved
sd_card_content/nfc/Tonies/German/Winnie Puuh/I-Aah.nfc,nfc,Tonies,Tonies_NFC,moved
sd_card_content/nfc/Tonies/German/Prinzessin Lillifee/Prinzessin Lillifee.nfc,nfc,Tonies,Tonies_NFC,moved
sd_card_content/nfc/Tonies/German/Prinzessin Lillifee/Gute-Nacht-Geschichten - Die verzauberten Seerosen+Die goldene Perle.nfc,nfc,Tonies,Tonies_NFC,moved
"sd_card_content/nfc/Tonies/German/Rico und Oskar/Rico, Oskar und die Tieferschatten.nfc",nfc,Tonies,Tonies_NFC,moved
sd_card_content/nfc/Tonies/German/Hanni und Nanni/Hanni und Nanni voll im Trend.nfc,nfc,Tonies,Tonies_NFC,moved
sd_card_content/nfc/Tonies/German/Hanni und Nanni/Hanni und Nanni im Hochzeitsrausch.nfc,nfc,Tonies,Tonies_NFC,moved
sd_card_content/nfc/Tonies/German/Pokemon/Glumanda.nfc,nfc,Tonies,Tonies_NFC,moved
sd_card_content/nfc/Tonies/German/Pokemon/Pikachu.nfc,nfc,Tonies,Tonies_NFC,moved
sd_card_content/nfc/Tonies/German/Pokemon/Bisasam.nfc,nfc,Tonies,Tonies_NFC,moved
sd_card_content/nfc/Tonies/German/Pokemon/Schiggy.nfc,nfc,Tonies,Tonies_NFC,moved
"sd_card_content/nfc/Tonies/German/Gute Nacht, Gorilla/Gute Nacht, Gorilla und weitere Einschlafhoerspiele.nfc",nfc,Tonies,Tonies_NFC,moved
sd_card_content/nfc/Tonies/German/Ritter Rost/Die Zauberinsel.nfc,nfc,Tonies,Tonies_NFC,moved
sd_card_content/nfc/Tonies/German/Der kleine Wassermann/Der kleine Wassermann (Neuauflage 2022).nfc,nfc,Tonies,Tonies_NFC,moved
sd_card_content/nfc/Tonies/German/Heidi/Die Reise zum Grossvater.nfc,nfc,Tonies,Tonies_NFC,moved
sd_card_content/nfc/Tonies/German/Heidi/Freunde fuer immer.nfc,nfc,Tonies,Tonies_NFC,moved
sd_card_content/nfc/Tonies/German/Heidi/Ein Wolf im Doerfli.nfc,nfc,Tonies,Tonies_NFC,moved
sd_card_content/nfc/Tonies/German/Der kleine Rabe Socke/Alles vermurkst.nfc,nfc,Tonies,Tonies_NFC,moved
sd_card_content/nfc/Tonies/German/Der kleine Rabe Socke/Alles erlaubt.nfc,nfc,Tonies,Tonies_NFC,moved
sd_card_content/nfc/Tonies/German/Der kleine Rabe Socke/Alles Schule.nfc,nfc,Tonies,Tonies_NFC,moved
sd_card_content/nfc/Tonies/German/Gigantosaurus/Mazus Mutprobe.nfc,nfc,Tonies,Tonies_NFC,moved
sd_card_content/nfc/Tonies/German/Pettersson und Findus/Wie Findus zu Pettersson kam.nfc,nfc,Tonies,Tonies_NFC,moved
sd_card_content/nfc/Tonies/German/Pettersson und Findus/Findus zieht um.nfc,nfc,Tonies,Tonies_NFC,moved
sd_card_content/nfc/Tonies/German/Pettersson und Findus/Mein Gartenjahr - Herbst & Winter.nfc,nfc,Tonies,Tonies_NFC,moved
sd_card_content/nfc/Tonies/German/Pettersson und Findus/Findus und der Hahn im Korb.nfc,nfc,Tonies,Tonies_NFC,moved
sd_card_content/nfc/Tonies/German/Pettersson und Findus/Mein Gartenjahr - Fruehling & Sommer.nfc,nfc,Tonies,Tonies_NFC,moved
sd_card_content/nfc/Tonies/German/Ella/Ella in der Schule.nfc,nfc,Tonies,Tonies_NFC,moved
sd_card_content/nfc/Tonies/German/Benjamin Bluemchen/Benjamin als Weihnachtsmann.nfc,nfc,Tonies,Tonies_NFC,moved
sd_card_content/nfc/Tonies/German/Benjamin Bluemchen/Das Original-Hoerspiel zum Kinofilm und Songs.nfc,nfc,Tonies,Tonies_NFC,moved
sd_card_content/nfc/Tonies/German/Benjamin Bluemchen/Ein Toeroeoeoe fuer alle Faelle.nfc,nfc,Tonies,Tonies_NFC,moved
sd_card_content/nfc/Tonies/German/Benjamin Bluemchen/Benjamin als Baggerfahrer.nfc,nfc,Tonies,Tonies_NFC,moved
sd_card_content/nfc/Tonies/German/Benjamin Bluemchen/Gute-Nacht-Geschichten - Pluesch.nfc,nfc,Tonies,Tonies_NFC,moved
sd_card_content/nfc/Tonies/German/Benjamin Bluemchen/Die Maerchennacht im Zoo.nfc,nfc,Tonies,Tonies_NFC,moved
sd_card_content/nfc/Tonies/German/Benjamin Bluemchen/Der Zoo Kindergarten.nfc,nfc,Tonies,Tonies_NFC,moved
sd_card_content/nfc/Tonies/German/Benjamin Bluemchen/Benjamin Bluemchen als Ritter.nfc,nfc,Tonies,Tonies_NFC,moved
sd_card_content/nfc/Tonies/German/Der Grueffelo/Der Grueffelo & Das Grueffelokind (Relaunch 2026).nfc,nfc,Tonies,Tonies_NFC,moved
sd_card_content/nfc/Tonies/German/Der Grueffelo/Das Grueffelokind.nfc,nfc,Tonies,Tonies_NFC,moved
sd_card_content/nfc/Tonies/German/Der Grueffelo/Der Grueffelo.nfc,nfc,Tonies,Tonies_NFC,moved
sd_card_content/nfc/Tonies/German/Gus/Die Legende von Gus und DREI weitere Geschichten.nfc,nfc,Tonies,Tonies_NFC,moved
sd_card_content/nfc/Tonies/German/Thomas & seine Freunde/Grosse Welt! Grosse Abenteuer!.nfc,nfc,Tonies,Tonies_NFC,moved
sd_card_content/nfc/Tonies/German/Robin Hood - Schlitzohr von Sherwood Forest/Die Schatzkiste und 3 weitere Geschichten.nfc,nfc,Tonies,Tonies_NFC,moved
sd_card_content/nfc/Tonies/German/Der Regenbogenfisch/Der Regenbogenfisch.nfc,nfc,Tonies,Tonies_NFC,moved
sd_card_content/nfc/Tonies/German/Bibi & Tina/Das Waisenfohlen.nfc,nfc,Tonies,Tonies_NFC,moved
sd_card_content/nfc/Tonies/German/Bibi & Tina/Die verlorene Freundschaft (Neuauflage 2025).nfc,nfc,Tonies,Tonies_NFC,moved
sd_card_content/nfc/Tonies/German/Bibi & Tina/Der verschwundene Pokal.nfc,nfc,Tonies,Tonies_NFC,moved
sd_card_content/nfc/Tonies/German/Bibi & Tina/Die Waschbaeren sind los.nfc,nfc,Tonies,Tonies_NFC,moved
sd_card_content/nfc/Tonies/German/Bibi & Tina/Die Heukrise (Neuauflage 2025).nfc,nfc,Tonies,Tonies_NFC,moved
sd_card_content/nfc/Tonies/German/Bibi & Tina/Die Wildpferde - Teil 2.nfc,nfc,Tonies,Tonies_NFC,moved
sd_card_content/nfc/Tonies/German/Bibi & Tina/Die Wildpferde - Teil 1.nfc,nfc,Tonies,Tonies_NFC,moved
sd_card_content/nfc/Tonies/German/Eule findet den Beat/Eule findet den Beat Set - Auf Europatour.nfc,nfc,Tonies,Tonies_NFC,moved
sd_card_content/nfc/Tonies/German/Eule findet den Beat/Auf Europatour.nfc,nfc,Tonies,Tonies_NFC,moved
sd_card_content/nfc/Tonies/German/Eule findet den Beat/Eule findet den Beat Set - Mit Gefuehl.nfc,nfc,Tonies,Tonies_NFC,moved
sd_card_content/nfc/Tonies/German/Eule findet den Beat/Eule findet den Beat Set - Ein Entdeckerflug durch die Musikwelt.nfc,nfc,Tonies,Tonies_NFC,moved
sd_card_content/nfc/Tonies/German/Eule findet den Beat/Ein Entdeckerflug durch die Musikwelt.nfc,nfc,Tonies,Tonies_NFC,moved
sd_card_content/nfc/Tonies/German/Eule findet den Beat/Eule findet den Beat Set - Mit Instrumenten.nfc,nfc,Tonies,Tonies_NFC,moved
sd_card_content/nfc/Tonies/German/Unter meinem Bett/Unter meinem Bett 4.nfc,nfc,Tonies,Tonies_NFC,moved
sd_card_content/nfc/Tonies/German/Unter meinem Bett/Unter meinem Bett 3.nfc,nfc,Tonies,Tonies_NFC,moved
sd_card_content/nfc/Tonies/German/Unter meinem Bett/Unter meinem Bett 1.nfc,nfc,Tonies,Tonies_NFC,moved
sd_card_content/nfc/Tonies/German/Unter meinem Bett/Unter meinem Bett 6.nfc,nfc,Tonies,Tonies_NFC,moved
sd_card_content/nfc/Tonies/German/Unter meinem Bett/Unter meinem Bett 5.nfc,nfc,Tonies,Tonies_NFC,moved
sd_card_content/nfc/Tonies/German/Unter meinem Bett/Unter meinem Bett 2.nfc,nfc,Tonies,Tonies_NFC,moved
sd_card_content/nfc/Tonies/German/Der kleine Drache Kokosnuss/Der kleine Drache Kokosnuss feiert Weihnachten. Englisch lernen.nfc,nfc,Tonies,Tonies_NFC,moved
sd_card_content/nfc/Tonies/German/Der kleine Drache Kokosnuss/Hoerspiel zur TV-Serie 02.nfc,nfc,Tonies,Tonies_NFC,moved
sd_card_content/nfc/Tonies/German/Der kleine Drache Kokosnuss/Hoerspiel zur TV-Serie 01.nfc,nfc,Tonies,Tonies_NFC,moved
sd_card_content/nfc/Tonies/German/Der kleine Drache Kokosnuss/Hoerspiel zur TV-Serie 03.nfc,nfc,Tonies,Tonies_NFC,moved
sd_card_content/nfc/Tonies/German/Der kleine Drache Kokosnuss/Hoerspiel zur TV-Serie 04.nfc,nfc,Tonies,Tonies_NFC,moved
sd_card_content/nfc/Tonies/German/Mein Lotta-Leben/Alles voller Kaninchen.nfc,nfc,Tonies,Tonies_NFC,moved
sd_card_content/nfc/Tonies/German/Volker Rosin/Das singende Kaenguru.nfc,nfc,Tonies,Tonies_NFC,moved
sd_card_content/nfc/Tonies/German/Volker Rosin/Der Gorilla mit der Sonnenbrille.nfc,nfc,Tonies,Tonies_NFC,moved
"sd_card_content/nfc/Tonies/German/Doc McStuffins, Spielzeugaerztin/Buh machst du! & 3 weitere Geschichten.nfc",nfc,Tonies,Tonies_NFC,moved
sd_card_content/nfc/Tonies/German/Bullerbue/Immer lustig in Bullerbue.nfc,nfc,Tonies,Tonies_NFC,moved
sd_card_content/nfc/Tonies/German/Kueken Pitti/Oster- und Fruehlingsgeschichten.nfc,nfc,Tonies,Tonies_NFC,moved
"sd_card_content/nfc/Tonies/German/Rotz 'n' Roll Radio/Jubel, Trubel, Heiserkeit.nfc",nfc,Tonies,Tonies_NFC,moved
sd_card_content/nfc/Tonies/German/Die Playmos/Grossbrand in der Feuerwache.nfc,nfc,Tonies,Tonies_NFC,moved
sd_card_content/nfc/Tonies/German/Die Playmos/Der Schatz der Teufelsinsel.nfc,nfc,Tonies,Tonies_NFC,moved
sd_card_content/nfc/Tonies/German/Die Playmos/Der Ball im Prinzessinnen-Schloss.nfc,nfc,Tonies,Tonies_NFC,moved
sd_card_content/nfc/Tonies/German/WAS IST WAS/Dinosaurier - Ausgestorbene Tiere.nfc,nfc,Tonies,Tonies_NFC,moved
sd_card_content/nfc/Tonies/German/WAS IST WAS/Roboter & Androiden - Supercomputer.nfc,nfc,Tonies,Tonies_NFC,moved
"sd_card_content/nfc/Tonies/German/WAS IST WAS/Fussball - 1, 2, 3, ... Tor!.nfc",nfc,Tonies,Tonies_NFC,moved
sd_card_content/nfc/Tonies/German/WAS IST WAS/Unser Koerper - Das Gehirn.nfc,nfc,Tonies,Tonies_NFC,moved
sd_card_content/nfc/Tonies/German/WAS IST WAS/Wale und Delfine - Geheimnis Tiefsee.nfc,nfc,Tonies,Tonies_NFC,moved
sd_card_content/nfc/Tonies/German/WAS IST WAS/Pinguine - Tiere im Zoo.nfc,nfc,Tonies,Tonies_NFC,moved
sd_card_content/nfc/Tonies/German/WAS IST WAS/Staedte der Zukunft - Wolkenkratzer.nfc,nfc,Tonies,Tonies_NFC,moved
sd_card_content/nfc/Tonies/German/WAS IST WAS/Wunderbare Pferde - Reitervolk Mongolen.nfc,nfc,Tonies,Tonies_NFC,moved
sd_card_content/nfc/Tonies/German/WAS IST WAS/Erfindungen - Bionik.nfc,nfc,Tonies,Tonies_NFC,moved
sd_card_content/nfc/Tonies/German/WAS IST WAS/Raumfahrt - Der Mond.nfc,nfc,Tonies,Tonies_NFC,moved
sd_card_content/nfc/Tonies/German/Die Geggis/Das kleine Ich bin ich - Die Geggis.nfc,nfc,Tonies,Tonies_NFC,moved
sd_card_content/nfc/Tonies/German/Leo und die Abenteuermaschine/Leo und die Mondlandung.nfc,nfc,Tonies,Tonies_NFC,moved
sd_card_content/nfc/Tonies/German/Willy Astor/Willy Astor - Kindischer Ozean.nfc,nfc,Tonies,Tonies_NFC,moved
sd_card_content/nfc/Tonies/German/Hot Wheels/Hot Wheels.nfc,nfc,Tonies,Tonies_NFC,moved
sd_card_content/nfc/Tonies/German/Schlummerbande/Schlummertukan - Naturklaenge aus dem Schlummerdschungel.nfc,nfc,Tonies,Tonies_NFC,moved
sd_card_content/nfc/Tonies/German/Schlummerbande/Schlummerkrokodil - Eine Gutenachtgeschichte aus dem Schlummerdschungel.nfc,nfc,Tonies,Tonies_NFC,moved
"sd_card_content/nfc/Tonies/German/Schlummerbande/Gutenachtgeschichten - Schlaf schoen, kleiner Schlummerbaer.nfc",nfc,Tonies,Tonies_NFC,moved
sd_card_content/nfc/Tonies/German/Schlummerbande/Schlummeroktopus - Eine Gutenachtgeschichte aus dem Ozean.nfc,nfc,Tonies,Tonies_NFC,moved
sd_card_content/nfc/Tonies/German/Schlummerbande/Nachtlicht Tonie - Schlummerkrokodil.nfc,nfc,Tonies,Tonies_NFC,moved
sd_card_content/nfc/Tonies/German/Schlummerbande/Schlummerpinguin - Weisses Rauschen aus dem Ozean.nfc,nfc,Tonies,Tonies_NFC,moved
"sd_card_content/nfc/Tonies/German/Schlummerbande/Klassik zum Einschlafen - Traeum schoen, kleiner Schlummerhase.nfc",nfc,Tonies,Tonies_NFC,moved
sd_card_content/nfc/Tonies/German/Schlummerbande/Nachtlicht Tonie - Schlummerpinguin.nfc,nfc,Tonies,Tonies_NFC,moved
sd_card_content/nfc/Tonies/German/Schlummerbande/Nachtlicht Tonie - Schlummerhase.nfc,nfc,Tonies,Tonies_NFC,moved
sd_card_content/nfc/Tonies/German/Schlummerbande/Schlummerschaf - Einschlafmelodien aus dem Zauberwald.nfc,nfc,Tonies,Tonies_NFC,moved
sd_card_content/nfc/Tonies/German/Schlummerbande/Schlummerjaguar - Einschlafmelodien aus dem Schlummerdschungel.nfc,nfc,Tonies,Tonies_NFC,moved
sd_card_content/nfc/Tonies/German/Schlummerbande/Schlummerente - Eine Klangreise durch den Schlummerwald (Limited Edition).nfc,nfc,Tonies,Tonies_NFC,moved
sd_card_content/nfc/Tonies/German/Schlummerbande/Schlummerschaf - Einschlafmelodien von der Weide.nfc,nfc,Tonies,Tonies_NFC,moved
sd_card_content/nfc/Tonies/German/Schlummerbande/Schlummerwal - Einschlafmelodien aus dem Ozean.nfc,nfc,Tonies,Tonies_NFC,moved
sd_card_content/nfc/Tonies/German/Schlummerbande/Nachtlicht Tonie - Schlummerbaer.nfc,nfc,Tonies,Tonies_NFC,moved
sd_card_content/nfc/Tonies/German/Schlummerbande/Nachtlicht Tonie - Schlummerschaf.nfc,nfc,Tonies,Tonies_NFC,moved
sd_card_content/nfc/Tonies/German/Bitte nicht oeffnen/Bissig!.nfc,nfc,Tonies,Tonies_NFC,moved
sd_card_content/nfc/Tonies/German/Die kleine Hexe/Die kleine Hexe.nfc,nfc,Tonies,Tonies_NFC,moved
sd_card_content/nfc/Tonies/German/Die kleine Hexe/Die neugierige kleine Hexe & Die kleine Hexe hat Geburtstag.nfc,nfc,Tonies,Tonies_NFC,moved
"sd_card_content/nfc/Tonies/German/Furzipups, der Knatterdrache/Furzipups - 3 Geschichten und 6 Songs.nfc",nfc,Tonies,Tonies_NFC,moved
sd_card_content/nfc/Tonies/German/Das kleine Gespenst/Das kleine Gespenst.nfc,nfc,Tonies,Tonies_NFC,moved
sd_card_content/nfc/Tonies/German/Sesamstrasse/Ernies Mitmachmaerchen.nfc,nfc,Tonies,Tonies_NFC,moved
sd_card_content/nfc/Tonies/German/Sesamstrasse/Kruemelmonsters Mitmampfspass.nfc,nfc,Tonies,Tonies_NFC,moved
sd_card_content/nfc/Tonies/German/Sesamstrasse/Elmos Mitmachmusik.nfc,nfc,Tonies,Tonies_NFC,moved
sd_card_content/nfc/Tonies/German/Leo Lausemaus/Das Original-Hoerspiel zu den Buechern 2.nfc,nfc,Tonies,Tonies_NFC,moved
sd_card_content/nfc/Tonies/German/Leo Lausemaus/Das Original-Hoerspiel zu den Buechern 1.nfc,nfc,Tonies,Tonies_NFC,moved
sd_card_content/nfc/Tonies/German/Jurassic World/Jurassic World - Neue Abenteuer.nfc,nfc,Tonies,Tonies_NFC,moved
sd_card_content/nfc/Tonies/German/Mascha und der Baer/Ein neuer Freund fuer Mascha.nfc,nfc,Tonies,Tonies_NFC,moved
sd_card_content/nfc/Tonies/German/Mascha und der Baer/Winterschlaf fuer alle + 5 weitere quirlige und lustige Geschichten.nfc,nfc,Tonies,Tonies_NFC,moved
sd_card_content/nfc/Tonies/German/Die Schule der magischen Tiere/Die Schule der magischen Tiere.nfc,nfc,Tonies,Tonies_NFC,moved
sd_card_content/nfc/Tonies/German/Der kleine Nick/Der kleine Nick ist der Beste.nfc,nfc,Tonies,Tonies_NFC,moved
sd_card_content/nfc/Tonies/German/Ostwind/Pferde verstehen mit Ostwind.nfc,nfc,Tonies,Tonies_NFC,moved
sd_card_content/nfc/Tonies/German/Ostwind/Zusammen sind wir frei.nfc,nfc,Tonies,Tonies_NFC,moved
sd_card_content/nfc/Tonies/German/Wieso Weshalb Warum/Profiwissen - Die Erde.nfc,nfc,Tonies,Tonies_NFC,moved
"sd_card_content/nfc/Tonies/German/Wieso Weshalb Warum/Profiwissen - Haie, Wale und Delfine.nfc",nfc,Tonies,Tonies_NFC,moved
sd_card_content/nfc/Tonies/German/Wieso Weshalb Warum/Profiwissen - Retter im Einsatz.nfc,nfc,Tonies,Tonies_NFC,moved
sd_card_content/nfc/Tonies/German/Wieso Weshalb Warum/Profiwissen - Erfindungen.nfc,nfc,Tonies,Tonies_NFC,moved
sd_card_content/nfc/Tonies/German/Wieso Weshalb Warum/Die Polizei.nfc,nfc,Tonies,Tonies_NFC,moved
sd_card_content/nfc/Tonies/German/Rund um die Welt mit Fuchs und Schaf/Osaka & Serengeti.nfc,nfc,Tonies,Tonies_NFC,moved
sd_card_content/nfc/Tonies/German/BiBiBiber hat da mal ne Frage/Sind Dinos wirklich alle tot.nfc,nfc,Tonies,Tonies_NFC,moved
sd_card_content/nfc/Tonies/German/BiBiBiber hat da mal ne Frage/Warum leuchten Sterne.nfc,nfc,Tonies,Tonies_NFC,moved
sd_card_content/nfc/Tonies/German/Die unendliche Geschichte/Die unendliche Geschichte Teil 1.nfc,nfc,Tonies,Tonies_NFC,moved
sd_card_content/nfc/Tonies/German/My Little Pony/Das Original-Hoerspiel zum Film.nfc,nfc,Tonies,Tonies_NFC,moved
sd_card_content/nfc/Tonies/German/Petzi/Petzi - Drei Landratten bauen ein Schiff.nfc,nfc,Tonies,Tonies_NFC,moved
sd_card_content/nfc/Tonies/German/LEA/LEAs Welt.nfc,nfc,Tonies,Tonies_NFC,moved
sd_card_content/nfc/Tonies/German/DIKKA - Oh Yeah!/DIKKA - Oh Yeah!.nfc,nfc,Tonies,Tonies_NFC,moved
sd_card_content/nfc/Tonies/German/Schaun das Schaf/Badetag und drei weitere schafsinnige Geschichten.nfc,nfc,Tonies,Tonies_NFC,moved
"sd_card_content/nfc/Tonies/German/Der kleine Elefant/Der kleine Elefant, der so gerne einschlafen moechte.nfc",nfc,Tonies,Tonies_NFC,moved
sd_card_content/nfc/Tonies/German/Coole Jobs/1 Tierfotografie - Wunderbare Wildnis.nfc,nfc,Tonies,Tonies_NFC,moved
sd_card_content/nfc/Tonies/German/Coole Jobs/3 Medizin - Gesundheit auf der Spur.nfc,nfc,Tonies,Tonies_NFC,moved
sd_card_content/nfc/Tonies/German/Coole Jobs/4 Raketenwissenschaft - Gegen die Schwerkraft.nfc,nfc,Tonies,Tonies_NFC,moved
sd_card_content/nfc/Tonies/German/Coole Jobs/2 Pizzabacken - Grammgenaue Wissenschaft.nfc,nfc,Tonies,Tonies_NFC,moved
sd_card_content/nfc/Tonies/German/Pumuckl/Spuk in der Werkstatt & Das verkaufte Bett.nfc,nfc,Tonies,Tonies_NFC,moved
sd_card_content/nfc/Tonies/German/Heule Eule/Heule Eule und andere Geschichten.nfc,nfc,Tonies,Tonies_NFC,moved
"sd_card_content/nfc/Tonies/German/Sing Kinderlieder/Milo, das Muellauto-Kind + seine Freunde - Abenteuer in der grossen Stadt.nfc",nfc,Tonies,Tonies_NFC,moved
sd_card_content/nfc/Tonies/German/Sing Kinderlieder/Timmy Traktor & seine Freunde Ferien auf dem Bauernhof.nfc,nfc,Tonies,Tonies_NFC,moved
sd_card_content/nfc/Tonies/German/Sing Kinderlieder/Bagger Mats + seine Freunde - Die schoensten Fahrzeuglieder.nfc,nfc,Tonies,Tonies_NFC,moved
sd_card_content/nfc/Tonies/German/Grimm und Moehrchen/Grimm und Moehrchen - Ein Zesel zieht ein.nfc,nfc,Tonies,Tonies_NFC,moved
sd_card_content/nfc/Tonies/German/Kaeptn Blaubaer/Seemannsgarn.nfc,nfc,Tonies,Tonies_NFC,moved
"sd_card_content/nfc/Tonies/German/Rachel Bright Series/Trau dich, Koalabaer.nfc",nfc,Tonies,Tonies_NFC,moved
sd_card_content/nfc/Tonies/German/Peppa Pig/Peppa und das neue Baby.nfc,nfc,Tonies,Tonies_NFC,moved
sd_card_content/nfc/Tonies/German/Peppa Pig/Das Schulfest & 7 weitere Geschichten.nfc,nfc,Tonies,Tonies_NFC,moved
sd_card_content/nfc/Tonies/German/Peppa Pig/Die schoensten Geschichten von Schorsch.nfc,nfc,Tonies,Tonies_NFC,moved
sd_card_content/nfc/Tonies/German/Peppa Pig/Meine Geburtstagsparty.nfc,nfc,Tonies,Tonies_NFC,moved
sd_card_content/nfc/Tonies/German/Peppa Pig/Gute-Nacht Geschichten mit Peppa.nfc,nfc,Tonies,Tonies_NFC,moved
sd_card_content/nfc/Tonies/German/Peppa Pig/Die Ritterburg und 7 weitere Geschichten.nfc,nfc,Tonies,Tonies_NFC,moved
sd_card_content/nfc/Tonies/German/Peter Hase und seine Freunde/Ein Geschichten-Schatz.nfc,nfc,Tonies,Tonies_NFC,moved
sd_card_content/nfc/Tonies/German/Jim Knopf/Teil 1 Von Lummerland bis China.nfc,nfc,Tonies,Tonies_NFC,moved
"sd_card_content/nfc/Tonies/German/Der kleine Siebenschlaefer/Die Geschichte vom kleinen Siebenschlaefer, der nicht einschlafen konnte.nfc",nfc,Tonies,Tonies_NFC,moved
sd_card_content/nfc/Tonies/German/TKKG Junior/Der rote Retter.nfc,nfc,Tonies,Tonies_NFC,moved
sd_card_content/nfc/Tonies/German/TKKG Junior/Auf frischer tat ertappt.nfc,nfc,Tonies,Tonies_NFC,moved
sd_card_content/nfc/Tonies/German/TKKG Junior/Giftige Schokolade.nfc,nfc,Tonies,Tonies_NFC,moved
sd_card_content/nfc/Tonies/German/TKKG Junior/Vorsicht bissig!.nfc,nfc,Tonies,Tonies_NFC,moved
sd_card_content/nfc/Tonies/German/Schuettel den Apfelbaum/Schuettel den Apfelbaum & Schaukel das Schaf.nfc,nfc,Tonies,Tonies_NFC,moved
sd_card_content/nfc/Tonies/German/Petronella Apfelmus/Verhext und festgeklebt.nfc,nfc,Tonies,Tonies_NFC,moved
"sd_card_content/nfc/Tonies/German/Maulwurf/Vom kleinen Maulwurf, der wissen wollte, wer ihm auf den Kopf gemacht hat - Die Rache des Hans-Heinerich.nfc",nfc,Tonies,Tonies_NFC,moved
sd_card_content/nfc/Tonies/German/Tierische Sportsfreunde/Das grosse Fussballturnier.nfc,nfc,Tonies,Tonies_NFC,moved
sd_card_content/nfc/Tonies/German/Lichterkinder/Lernen mit LIKI und LUMI - Wir bleiben gesund.nfc,nfc,Tonies,Tonies_NFC,moved
sd_card_content/nfc/Tonies/German/Lichterkinder/Die besten Weihnachts- und Winterlieder.nfc,nfc,Tonies,Tonies_NFC,moved
sd_card_content/nfc/Tonies/German/Lichterkinder/Lichterkinder - Das kleine 1x1.nfc,nfc,Tonies,Tonies_NFC,moved
sd_card_content/nfc/Tonies/German/Lichterkinder/Lichterkinder Schlaflieder.nfc,nfc,Tonies,Tonies_NFC,moved
sd_card_content/nfc/Tonies/German/Lichterkinder/Laternen- und Herbstlieder.nfc,nfc,Tonies,Tonies_NFC,moved
sd_card_content/nfc/Tonies/German/Lichterkinder/Die besten Spiel- und Bewegungslieder.nfc,nfc,Tonies,Tonies_NFC,moved
sd_card_content/nfc/Tonies/German/Lichterkinder/Lernen mit LIKI und LUMI - Rechnen von 0 bis 10.nfc,nfc,Tonies,Tonies_NFC,moved
sd_card_content/nfc/Tonies/German/Urmel/Urmel aus dem Eis.nfc,nfc,Tonies,Tonies_NFC,moved
sd_card_content/nfc/Tonies/German/Hurra Kinderlieder/Hurra Kinderlieder - Best of.nfc,nfc,Tonies,Tonies_NFC,moved
sd_card_content/nfc/Tonies/German/Die Sendung mit der Maus & dem Elefanten/Mit der Maus die Welt entdecken.nfc,nfc,Tonies,Tonies_NFC,moved
sd_card_content/nfc/Tonies/German/Die Sendung mit der Maus & dem Elefanten/Die Sendung mit dem Elefanten.nfc,nfc,Tonies,Tonies_NFC,moved
sd_card_content/nfc/Tonies/German/Die Sendung mit der Maus & dem Elefanten/Schlaf schoen (Maus).nfc,nfc,Tonies,Tonies_NFC,moved
sd_card_content/nfc/Tonies/German/Die Sendung mit der Maus & dem Elefanten/(M)auserlesene Lieder.nfc,nfc,Tonies,Tonies_NFC,moved
sd_card_content/nfc/Tonies/German/Die Sendung mit der Maus & dem Elefanten/Schlaf schoen (Elefant).nfc,nfc,Tonies,Tonies_NFC,moved
sd_card_content/nfc/Tonies/German/Die Gaeng/D!e Gaeng.nfc,nfc,Tonies,Tonies_NFC,moved
sd_card_content/nfc/Tonies/German/Wieso Weshalb Warum Junior/Der Wald.nfc,nfc,Tonies,Tonies_NFC,moved
sd_card_content/nfc/Tonies/German/Wieso Weshalb Warum Junior/Die Feuerwehr - Die Rettungsfahrzeuge.nfc,nfc,Tonies,Tonies_NFC,moved
sd_card_content/nfc/Tonies/German/Das kleine boese Buch/Das kleine boese Buch.nfc,nfc,Tonies,Tonies_NFC,moved
sd_card_content/nfc/Tonies/German/Kaptn Sharky/Kaeptn Sharky und das Geheimnis der Schatzinsel.nfc,nfc,Tonies,Tonies_NFC,moved
sd_card_content/nfc/Tonies/German/Kaptn Sharky/Kaeptn Sharky und das Seeungeheuer.nfc,nfc,Tonies,Tonies_NFC,moved
sd_card_content/nfc/Tonies/German/Kinderliederzug/Bitte alle einsteigen!.nfc,nfc,Tonies,Tonies_NFC,moved
sd_card_content/nfc/Tonies/German/Lindbergh/Die abenteuerliche Geschichte einer fliegenden Maus.nfc,nfc,Tonies,Tonies_NFC,moved
sd_card_content/nfc/Tonies/German/Frederick/Frederick und seine Maeusefreunde.nfc,nfc,Tonies,Tonies_NFC,moved
sd_card_content/nfc/Tonies/German/Die drei Fragezeichen Kids/Panik im Paradies.nfc,nfc,Tonies,Tonies_NFC,moved
sd_card_content/nfc/Tonies/German/Die drei Fragezeichen Kids/Invasion der Fliegen.nfc,nfc,Tonies,Tonies_NFC,moved
sd_card_content/nfc/Tonies/German/Die drei Fragezeichen Kids/Radio Rocky Beach.nfc,nfc,Tonies,Tonies_NFC,moved
sd_card_content/nfc/Tonies/German/Die drei Fragezeichen Kids/Soccer Mania (Englische Version).nfc,nfc,Tonies,Tonies_NFC,moved
sd_card_content/nfc/Tonies/German/Gorilla Club/1-2-3-4!.nfc,nfc,Tonies,Tonies_NFC,moved
sd_card_content/nfc/Tonies/German/Lalalinos/Lalalinos - Es groovt in Bumbaloo (Scout).nfc,nfc,Tonies,Tonies_NFC,moved
sd_card_content/nfc/Tonies/German/Lalalinos/Lalalinos - Die beste Band in Bumbaloo (Akio).nfc,nfc,Tonies,Tonies_NFC,moved
sd_card_content/nfc/Tonies/German/Lalalinos/Lalalinos - Bumbaloo Beats (Cosmo).nfc,nfc,Tonies,Tonies_NFC,moved
sd_card_content/nfc/Tonies/German/Conni/Conni kommt in den Kindergarten & Conni geht aufs Toepfchen.nfc,nfc,Tonies,Tonies_NFC,moved
sd_card_content/nfc/Tonies/German/Conni/Conni kommt in den Kindergarten & Conni macht das Seepferdchen.nfc,nfc,Tonies,Tonies_NFC,moved
sd_card_content/nfc/Tonies/German/Conni/Conni auf dem Bauernhof - Conni und das neue Baby.nfc,nfc,Tonies,Tonies_NFC,moved
sd_card_content/nfc/Tonies/German/Conni/Conni backt Pizza - Conni lernt Rad fahren.nfc,nfc,Tonies,Tonies_NFC,moved
sd_card_content/nfc/Tonies/German/Der Weihnachtosaurus/Der Weihnachtosaurus.nfc,nfc,Tonies,Tonies_NFC,moved
sd_card_content/nfc/Tonies/German/Zogg/Zogg - Tommi Tatze.nfc,nfc,Tonies,Tonies_NFC,moved
sd_card_content/nfc/Tonies/German/Die Gluecksfuechse/Zwei Wunscherfueller auf leisen Pfoten.nfc,nfc,Tonies,Tonies_NFC,moved
"sd_card_content/nfc/Tonies/German/Anne Kaffeekanne/12 Lieder zum Singen, Spielen und Tanzen.nfc",nfc,Tonies,Tonies_NFC,moved
sd_card_content/nfc/Tonies/German/Unser Sandmaennchen/Abends im Walde.nfc,nfc,Tonies,Tonies_NFC,moved
"sd_card_content/nfc/Tonies/German/Unser Sandmaennchen/Nachts, wenn alles schlaeft.nfc",nfc,Tonies,Tonies_NFC,moved
sd_card_content/nfc/Tonies/German/Buehne frei fuer/Das Skelett.nfc,nfc,Tonies,Tonies_NFC,moved
sd_card_content/nfc/Tonies/German/Buehne frei fuer/Das Nervensystem.nfc,nfc,Tonies,Tonies_NFC,moved
sd_card_content/nfc/Tonies/German/Buehne frei fuer/Der Verdauungstrakt.nfc,nfc,Tonies,Tonies_NFC,moved
sd_card_content/nfc/Tonies/German/Buehne frei fuer/Das Immunsystem.nfc,nfc,Tonies,Tonies_NFC,moved
"sd_card_content/nfc/Tonies/German/Green Team/Mission Rettung in den Bergen mit Uli, dem Leoparden.nfc",nfc,Tonies,Tonies_NFC,moved
"sd_card_content/nfc/Tonies/German/Green Team/Mission Rettung in der Luft mit John, der Schnee-Eule.nfc",nfc,Tonies,Tonies_NFC,moved
sd_card_content/nfc/Tonies/German/Green Team/Mission Rettung an Land mit Nina dem roten Panda.nfc,nfc,Tonies,Tonies_NFC,moved
"sd_card_content/nfc/Tonies/German/Green Team/Mission Rettung im Wasser mit Bobby, der Meeresschildkroete.nfc",nfc,Tonies,Tonies_NFC,moved
sd_card_content/nfc/Tonies/German/Toto und der Mann im Mond/Toto und der Mann im Mond.nfc,nfc,Tonies,Tonies_NFC,moved
sd_card_content/nfc/Tonies/German/Spirit/SPIRIT - Frei und Ungezaehmt.nfc,nfc,Tonies,Tonies_NFC,moved
sd_card_content/nfc/Tonies/German/Bakabu/Beste Freunde.nfc,nfc,Tonies,Tonies_NFC,moved
sd_card_content/nfc/Tonies/German/Dino Ranch/Maechtig Aerger fuer Jon & 3 weitere Abenteuer.nfc,nfc,Tonies,Tonies_NFC,moved
sd_card_content/nfc/Tonies/German/Yoga Geschichten/Mit leichten Uebungen zum Entspannen.nfc,nfc,Tonies,Tonies_NFC,moved
sd_card_content/nfc/Tonies/German/Snoefrid aus dem Wiesental/Das wahrlich grosse Geheimnis von Appelgarden.nfc,nfc,Tonies,Tonies_NFC,moved
sd_card_content/nfc/Tonies/German/Dora/Dora.nfc,nfc,Tonies,Tonies_NFC,moved
sd_card_content/nfc/Tonies/German/Stockmann/Stockmann.nfc,nfc,Tonies,Tonies_NFC,moved
sd_card_content/nfc/Tonies/German/Kosmo und Klax/Freundschaftsgeschichten.nfc,nfc,Tonies,Tonies_NFC,moved
sd_card_content/nfc/Tonies/German/Emma die Ente/Emma die Ente - Das Beste von herrH.nfc,nfc,Tonies,Tonies_NFC,moved
sd_card_content/nfc/Tonies/German/Als Ela das All eroberte/Als Ela das All eroberte.nfc,nfc,Tonies,Tonies_NFC,moved
sd_card_content/nfc/Tonies/German/Die Glubschis/Miss Crayon auf heisser Spur.nfc,nfc,Tonies,Tonies_NFC,moved
sd_card_content/nfc/Tonies/German/FC Bayern Muenchen/Die Welt des FC Bayern.nfc,nfc,Tonies,Tonies_NFC,moved
sd_card_content/nfc/Tonies/German/Bob der Baumeister/Bob der Kuechenmeister.nfc,nfc,Tonies,Tonies_NFC,moved
sd_card_content/nfc/Tonies/German/MIRA und das fliegende Haus/MIRA und das fliegende Haus - Der Familienzauber.nfc,nfc,Tonies,Tonies_NFC,moved
sd_card_content/nfc/Tonies/German/MIRA und das fliegende Haus/MIRA und das fliegende Haus - Meine Gefuehle sind okay!.nfc,nfc,Tonies,Tonies_NFC,moved
sd_card_content/nfc/Tonies/German/MIRA und das fliegende Haus/MIRA und das fliegende Haus - Ich bin cool!.nfc,nfc,Tonies,Tonies_NFC,moved
sd_card_content/nfc/Tonies/German/MIRA und das fliegende Haus/MIRA und das fliegende Haus - Ich liebe mich!.nfc,nfc,Tonies,Tonies_NFC,moved
sd_card_content/nfc/Tonies/German/MIRA und das fliegende Haus/MIRA und das fliegende Haus - Ich bin schoen!.nfc,nfc,Tonies,Tonies_NFC,moved
sd_card_content/nfc/Tonies/German/Felix/Briefe von Felix.nfc,nfc,Tonies,Tonies_NFC,moved
sd_card_content/nfc/Tonies/German/Felix/Weltbeste Briefe von Felix.nfc,nfc,Tonies,Tonies_NFC,moved
sd_card_content/nfc/Tonies/German/Die drei Fragezeichen/Der Super-Papagei.nfc,nfc,Tonies,Tonies_NFC,moved
sd_card_content/nfc/Tonies/German/Fuer Hund und Katz ist auch noch Platz/Fuer Hund und Katz ist auch noch Platz.nfc,nfc,Tonies,Tonies_NFC,moved
sd_card_content/nfc/Tonies/German/Die Olchi-Detektive/Das Erbe der Piraten.nfc,nfc,Tonies,Tonies_NFC,moved
sd_card_content/nfc/Tonies/German/Die Olchi-Detektive/Ritter der Popelrunde.nfc,nfc,Tonies,Tonies_NFC,moved
sd_card_content/nfc/Tonies/German/Europa-Park/Ed & Edda - Grand Prix of Europe.nfc,nfc,Tonies,Tonies_NFC,moved
sd_card_content/nfc/Tonies/German/Fantasiereisen mit Faultier Mo/8 besondere Orte zum Entspannen.nfc,nfc,Tonies,Tonies_NFC,moved
sd_card_content/nfc/Tonies/German/Ein Freund wie kein anderer/Ein Freund wie kein anderer.nfc,nfc,Tonies,Tonies_NFC,moved
sd_card_content/nfc/Tonies/German/Paddington/Geschichten von Paddington.nfc,nfc,Tonies,Tonies_NFC,moved
sd_card_content/nfc/Tonies/German/Paddington/Die schoensten Geschichten von Paddington.nfc,nfc,Tonies,Tonies_NFC,moved
"sd_card_content/nfc/Tonies/German/Clever Tonies/Little People, Big Dreams - Frida Kahlo, Rosa Parks, Marie Curie, Amelia Earhart.nfc",nfc,Tonies,Tonies_NFC,moved
sd_card_content/nfc/Tonies/German/Clever Tonies/Wundervolle Welt der Dinosaurier und der Urzeit.nfc,nfc,Tonies,Tonies_NFC,moved
sd_card_content/nfc/Tonies/German/Clever Tonies/GEOlino/Alles ueber Vulkane.nfc,nfc,Tonies,Tonies_NFC,moved
sd_card_content/nfc/Tonies/German/Clever Tonies/GEOlino/Alles ueber Sterne + Planeten.nfc,nfc,Tonies,Tonies_NFC,moved
sd_card_content/nfc/Tonies/German/Clever Tonies/GEOlino/Alles ueber die Arktis + Antarktis.nfc,nfc,Tonies,Tonies_NFC,moved
"sd_card_content/nfc/Tonies/German/Clever Tonies/GEOlino/GEOlino Mini - Alles ueber Polizei, Feuerwehr und Rettung.nfc",nfc,Tonies,Tonies_NFC,moved
sd_card_content/nfc/Tonies/German/Clever Tonies/GEOlino/Alles ueber Meere + Ozeane.nfc,nfc,Tonies,Tonies_NFC,moved
sd_card_content/nfc/Tonies/German/Clever Tonies/ADAC/ADAC - Meine erste Verkehrsschule.nfc,nfc,Tonies,Tonies_NFC,moved
sd_card_content/nfc/Tonies/German/Die Olchis/Die Olchis auf Geburtstagsreise.nfc,nfc,Tonies,Tonies_NFC,moved
sd_card_content/nfc/Tonies/German/Die Olchis/Die Olchis und der schwarze Pirat.nfc,nfc,Tonies,Tonies_NFC,moved
sd_card_content/nfc/Tonies/German/Die Olchis/Die Olchis werden Fussballmeister.nfc,nfc,Tonies,Tonies_NFC,moved
sd_card_content/nfc/Tonies/German/Dr. Brumm/Dr. Brumm steckt fest.nfc,nfc,Tonies,Tonies_NFC,moved
sd_card_content/nfc/Tonies/German/Die drei Ausrufezeichen/Mission Pferdeshow.nfc,nfc,Tonies,Tonies_NFC,moved
sd_card_content/nfc/Tonies/German/Die drei Ausrufezeichen/Das Geheimnis der alten Villa.nfc,nfc,Tonies,Tonies_NFC,moved
sd_card_content/nfc/Tonies/German/Die drei Ausrufezeichen/Das rote Phantom.nfc,nfc,Tonies,Tonies_NFC,moved
sd_card_content/nfc/Tonies/German/Yakari/Best of Yakari.nfc,nfc,Tonies,Tonies_NFC,moved
sd_card_content/nfc/Tonies/German/Yakari/Best of Kleiner Donner.nfc,nfc,Tonies,Tonies_NFC,moved
sd_card_content/nfc/Tonies/German/Yakari/Best of Regenbogen.nfc,nfc,Tonies,Tonies_NFC,moved
sd_card_content/nfc/Tonies/German/Alea Aquarius/Die Magie der Nixen.nfc,nfc,Tonies,Tonies_NFC,moved
sd_card_content/nfc/Tonies/German/Die Biene Maja/Majas Geburt (Maja).nfc,nfc,Tonies,Tonies_NFC,moved
sd_card_content/nfc/Tonies/German/Die Biene Maja/Der Bienentanz (Grashuepfer Flip).nfc,nfc,Tonies,Tonies_NFC,moved
sd_card_content/nfc/Tonies/German/Die Biene Maja/Der Schmetterlingsball (Willi).nfc,nfc,Tonies,Tonies_NFC,moved
sd_card_content/nfc/Tonies/German/Peter und der Wolf/Peter und der Wolf.nfc,nfc,Tonies,Tonies_NFC,moved
sd_card_content/nfc/Tonies/German/Adventskalender/Adventskalender 2025 - Floeckchen und die verschwundenen Weihnachtslichter.nfc,nfc,Tonies,Tonies_NFC,moved
sd_card_content/nfc/Tonies/German/Adventskalender/Adventskalender 2023 - Wuensch dir was kleines Rentier.nfc,nfc,Tonies,Tonies_NFC,moved
sd_card_content/nfc/Tonies/German/Adventskalender/Adventskalender 2024 - Ein Fest fuer die Waldfreunde.nfc,nfc,Tonies,Tonies_NFC,moved
sd_card_content/nfc/Tonies/German/Disney/Hercules.nfc,nfc,Tonies,Tonies_NFC,moved
sd_card_content/nfc/Tonies/German/Disney/Merida - Legende der Highlands.nfc,nfc,Tonies,Tonies_NFC,moved
sd_card_content/nfc/Tonies/German/Disney/Cuddle Tonie Stitch.nfc,nfc,Tonies,Tonies_NFC,moved
sd_card_content/nfc/Tonies/German/Disney/Der Koenig der Loewen.nfc,nfc,Tonies,Tonies_NFC,moved
sd_card_content/nfc/Tonies/German/Disney/Tiggers grosses Abenteuer.nfc,nfc,Tonies,Tonies_NFC,moved
sd_card_content/nfc/Tonies/German/Disney/Die Unglaublichen.nfc,nfc,Tonies,Tonies_NFC,moved
sd_card_content/nfc/Tonies/German/Disney/Die Eiskoenigin 2.nfc,nfc,Tonies,Tonies_NFC,moved
sd_card_content/nfc/Tonies/German/Disney/Schneewittchen und die sieben Zwerge.nfc,nfc,Tonies,Tonies_NFC,moved
sd_card_content/nfc/Tonies/German/Disney/Die Schoene und das Biest.nfc,nfc,Tonies,Tonies_NFC,moved
sd_card_content/nfc/Tonies/German/Disney/Die Eiskoenigin.nfc,nfc,Tonies,Tonies_NFC,moved
sd_card_content/nfc/Tonies/German/Disney/Dumbo.nfc,nfc,Tonies,Tonies_NFC,moved
sd_card_content/nfc/Tonies/German/Disney/Dornroeschen.nfc,nfc,Tonies,Tonies_NFC,moved
sd_card_content/nfc/Tonies/German/Disney/Cinderella.nfc,nfc,Tonies,Tonies_NFC,moved
sd_card_content/nfc/Tonies/German/Disney/Mulan.nfc,nfc,Tonies,Tonies_NFC,moved
sd_card_content/nfc/Tonies/German/Disney/Toy Story 3.nfc,nfc,Tonies,Tonies_NFC,moved
sd_card_content/nfc/Tonies/German/Disney/Cap und Capper.nfc,nfc,Tonies,Tonies_NFC,moved
sd_card_content/nfc/Tonies/German/Disney/Cuddle Tonie Simba.nfc,nfc,Tonies,Tonies_NFC,moved
sd_card_content/nfc/Tonies/German/Disney/Bambi.nfc,nfc,Tonies,Tonies_NFC,moved
sd_card_content/nfc/Tonies/German/Disney/Die Eiskoenigin - Olaf taut auf.nfc,nfc,Tonies,Tonies_NFC,moved
sd_card_content/nfc/Tonies/German/Disney/Pocahontas.nfc,nfc,Tonies,Tonies_NFC,moved
sd_card_content/nfc/Tonies/German/Disney/Vaiana 2.nfc,nfc,Tonies,Tonies_NFC,moved
sd_card_content/nfc/Tonies/German/Disney/Fantasia.nfc,nfc,Tonies,Tonies_NFC,moved
sd_card_content/nfc/Tonies/German/Disney/Toy Story.nfc,nfc,Tonies,Tonies_NFC,moved
sd_card_content/nfc/Tonies/German/Disney/Alles steht Kopf.nfc,nfc,Tonies,Tonies_NFC,moved
sd_card_content/nfc/Tonies/German/Disney/Mickys grosses Weihnachtsfest.nfc,nfc,Tonies,Tonies_NFC,moved
sd_card_content/nfc/Tonies/German/Disney/Vampirina - Das ist ja zum Flattern & drei weitere Geschichten.nfc,nfc,Tonies,Tonies_NFC,moved
sd_card_content/nfc/Tonies/German/Disney/Raya und der letzte Drache.nfc,nfc,Tonies,Tonies_NFC,moved
sd_card_content/nfc/Tonies/German/Disney/Die Monster AG.nfc,nfc,Tonies,Tonies_NFC,moved
sd_card_content/nfc/Tonies/German/Disney/Kuess den Frosch.nfc,nfc,Tonies,Tonies_NFC,moved
sd_card_content/nfc/Tonies/German/Disney/Cuddle Tonie Olaf.nfc,nfc,Tonies,Tonies_NFC,moved
sd_card_content/nfc/Tonies/German/Disney/Arielle die Meerjungfrau.nfc,nfc,Tonies,Tonies_NFC,moved
sd_card_content/nfc/Tonies/German/Disney/Aladdin.nfc,nfc,Tonies,Tonies_NFC,moved
sd_card_content/nfc/Tonies/German/Disney/Lilo & Stitch.nfc,nfc,Tonies,Tonies_NFC,moved
sd_card_content/nfc/Tonies/German/Disney/Cars 2.nfc,nfc,Tonies,Tonies_NFC,moved
sd_card_content/nfc/Tonies/German/Disney/Findet Dorie.nfc,nfc,Tonies,Tonies_NFC,moved
sd_card_content/nfc/Tonies/German/Disney/Wicked.nfc,nfc,Tonies,Tonies_NFC,moved
sd_card_content/nfc/Tonies/German/Disney/Vaiana.nfc,nfc,Tonies,Tonies_NFC,moved
sd_card_content/nfc/Tonies/German/Disney/Tinkerbell.nfc,nfc,Tonies,Tonies_NFC,moved
sd_card_content/nfc/Tonies/German/Disney/Susi und Strolch.nfc,nfc,Tonies,Tonies_NFC,moved
sd_card_content/nfc/Tonies/German/Disney/Helfen macht Spass.nfc,nfc,Tonies,Tonies_NFC,moved
sd_card_content/nfc/Tonies/German/Disney/Winnie Puuh auf grosser Reise.nfc,nfc,Tonies,Tonies_NFC,moved
sd_card_content/nfc/Tonies/German/Disney/Oben.nfc,nfc,Tonies,Tonies_NFC,moved
sd_card_content/nfc/Tonies/German/Disney/101 Dalmatiner.nfc,nfc,Tonies,Tonies_NFC,moved
sd_card_content/nfc/Tonies/German/Disney/Das Dschungelbuch.nfc,nfc,Tonies,Tonies_NFC,moved
sd_card_content/nfc/Tonies/German/Disney/Soul.nfc,nfc,Tonies,Tonies_NFC,moved
sd_card_content/nfc/Tonies/German/Disney/Cars.nfc,nfc,Tonies,Tonies_NFC,moved
sd_card_content/nfc/Tonies/German/Disney/Toy Story 2.nfc,nfc,Tonies,Tonies_NFC,moved
sd_card_content/nfc/Tonies/German/Disney/Wish.nfc,nfc,Tonies,Tonies_NFC,moved
sd_card_content/nfc/Tonies/German/Disney/Ducktales - Woohoo! & Die Suche nach Atlantis.nfc,nfc,Tonies,Tonies_NFC,moved
sd_card_content/nfc/Tonies/German/Disney/Rapunzel - Neu verfoehnt.nfc,nfc,Tonies,Tonies_NFC,moved
sd_card_content/nfc/Tonies/German/Disney/Disney Pixar - Toy Story 5.nfc,nfc,Tonies,Tonies_NFC,moved
sd_card_content/nfc/Tonies/German/Disney/Jasmin.nfc,nfc,Tonies,Tonies_NFC,moved
sd_card_content/nfc/Tonies/German/Disney/Findet Nemo.nfc,nfc,Tonies,Tonies_NFC,moved
sd_card_content/nfc/Tonies/German/Disney/Aristocats.nfc,nfc,Tonies,Tonies_NFC,moved
sd_card_content/nfc/Tonies/German/Disney/Mickys total verruecktes Fussballspiel.nfc,nfc,Tonies,Tonies_NFC,moved
sd_card_content/nfc/Tonies/German/Disney/Die Monster Uni.nfc,nfc,Tonies,Tonies_NFC,moved
sd_card_content/nfc/Tonies/German/Disney/Zoomania 1 & 2.nfc,nfc,Tonies,Tonies_NFC,moved
sd_card_content/nfc/Tonies/German/Disney/Encanto.nfc,nfc,Tonies,Tonies_NFC,moved
sd_card_content/nfc/Tonies/German/Disney/Ratatouille.nfc,nfc,Tonies,Tonies_NFC,moved
sd_card_content/nfc/Tonies/German/Disney/Coco.nfc,nfc,Tonies,Tonies_NFC,moved
sd_card_content/nfc/Tonies/German/Nasreddin Hodscha/Seine ersten Abenteuer.nfc,nfc,Tonies,Tonies_NFC,moved
sd_card_content/nfc/Tonies/German/Der kleine Koenig/Der kleine Koenig sagt Gute Nacht.nfc,nfc,Tonies,Tonies_NFC,moved
sd_card_content/nfc/Tonies/German/Die Haferhorde/Immer den Nuestern nach.nfc,nfc,Tonies,Tonies_NFC,moved
sd_card_content/nfc/Tonies/German/Die Haferhorde/Volle Maehne!.nfc,nfc,Tonies,Tonies_NFC,moved
"sd_card_content/nfc/Tonies/German/Kleiner Otter, grosses Herz/Lieder und Geschichten zum Liebhaben.nfc",nfc,Tonies,Tonies_NFC,moved
"sd_card_content/nfc/Tonies/German/Michel aus Loenneberga/Der Tag, an dem Michel besonders nett sein wollte.nfc",nfc,Tonies,Tonies_NFC,moved
sd_card_content/nfc/Tonies/German/Michel aus Loenneberga/Als Michel den Kopf in die Suppenschuessel steckte.nfc,nfc,Tonies,Tonies_NFC,moved
sd_card_content/nfc/Tonies/German/Ronja Raeubertochter/Ronja Raeubertochter.nfc,nfc,Tonies,Tonies_NFC,moved
sd_card_content/nfc/Tonies/German/Griechische Sagen/Griechische Sagen.nfc,nfc,Tonies,Tonies_NFC,moved
sd_card_content/nfc/Tonies/German/Sommerby/Ein Sommer in Sommerby.nfc,nfc,Tonies,Tonies_NFC,moved
sd_card_content/nfc/Tonies/German/Woozle Goozle/Luft & Elektrizitaet.nfc,nfc,Tonies,Tonies_NFC,moved
sd_card_content/nfc/Tonies/German/Woozle Goozle/Woozle Goozle Set - Insekten & Bienen.nfc,nfc,Tonies,Tonies_NFC,moved
sd_card_content/nfc/Tonies/German/Woozle Goozle/Woozle Goozle Set - Vulkane & Wuesten.nfc,nfc,Tonies,Tonies_NFC,moved
sd_card_content/nfc/Tonies/German/Woozle Goozle/Woozle Goozle Set - Schlaf & Mond.nfc,nfc,Tonies,Tonies_NFC,moved
sd_card_content/nfc/Tonies/German/Woozle Goozle/Woozle Goozle Set - Elektrizitaet & Sehen.nfc,nfc,Tonies,Tonies_NFC,moved
sd_card_content/nfc/Tonies/German/Wundervolle Welt der Tiere/Wundervolle Welt der Tiere.nfc,nfc,Tonies,Tonies_NFC,moved
sd_card_content/nfc/Tonies/German/Die Punkies/Buehne frei fuer die Punkies.nfc,nfc,Tonies,Tonies_NFC,moved
sd_card_content/nfc/Tonies/German/Rolf Zuckowski/Rolfs neue Schulweg-Hitparade.nfc,nfc,Tonies,Tonies_NFC,moved
sd_card_content/nfc/Tonies/German/Rolf Zuckowski/Rolfs neue Vogelhochzeit.nfc,nfc,Tonies,Tonies_NFC,moved
sd_card_content/nfc/Tonies/German/Rolf Zuckowski/In der Weihnachtsbaeckerei.nfc,nfc,Tonies,Tonies_NFC,moved
sd_card_content/nfc/Tonies/German/Rolf Zuckowski/Rolfs Hasengeschichte.nfc,nfc,Tonies,Tonies_NFC,moved
sd_card_content/nfc/Tonies/German/My First Tonies/Reise Set - Flugzeug.nfc,nfc,Tonies,Tonies_NFC,moved
sd_card_content/nfc/Tonies/German/My First Tonies/Bauernhof Set - Pferd.nfc,nfc,Tonies,Tonies_NFC,moved
sd_card_content/nfc/Tonies/German/My First Tonies/Dschungel Set - Papagei.nfc,nfc,Tonies,Tonies_NFC,moved
sd_card_content/nfc/Tonies/German/My First Tonies/Bauernhof Set - Schwein.nfc,nfc,Tonies,Tonies_NFC,moved
sd_card_content/nfc/Tonies/German/My First Tonies/Reise Set - Zug.nfc,nfc,Tonies,Tonies_NFC,moved
sd_card_content/nfc/Tonies/German/My First Tonies/Bauernhof Set - Kuh.nfc,nfc,Tonies,Tonies_NFC,moved
sd_card_content/nfc/Tonies/German/My First Tonies/Dschungel Set - Tiger.nfc,nfc,Tonies,Tonies_NFC,moved
sd_card_content/nfc/Tonies/German/My First Tonies/Dschungel Set - Affe.nfc,nfc,Tonies,Tonies_NFC,moved
sd_card_content/nfc/Tonies/German/My First Tonies/Reise Set - Schiff.nfc,nfc,Tonies,Tonies_NFC,moved
sd_card_content/nfc/Tonies/German/Marvel/Marvel - Iron Man.nfc,nfc,Tonies,Tonies_NFC,moved
sd_card_content/nfc/Tonies/German/Marvel/Marvel - Captain America.nfc,nfc,Tonies,Tonies_NFC,moved
sd_card_content/nfc/Tonies/German/Marvel/Marvel - Spider-Man.nfc,nfc,Tonies,Tonies_NFC,moved
sd_card_content/nfc/Tonies/German/Dreamworks/Madagascar.nfc,nfc,Tonies,Tonies_NFC,moved
sd_card_content/nfc/Tonies/German/Dreamworks/Kung Fu Panda.nfc,nfc,Tonies,Tonies_NFC,moved
sd_card_content/nfc/Tonies/German/Dreamworks/Drachenzaehmen leicht gemacht 2.nfc,nfc,Tonies,Tonies_NFC,moved
sd_card_content/nfc/Tonies/German/Dreamworks/Shrek - Der tollkuehne Held.nfc,nfc,Tonies,Tonies_NFC,moved
sd_card_content/nfc/Tonies/German/Dreamworks/Trolls - Finde dein Glueck.nfc,nfc,Tonies,Tonies_NFC,moved
sd_card_content/nfc/Tonies/German/Dreamworks/Drachenzaehmen leicht gemacht.nfc,nfc,Tonies,Tonies_NFC,moved
sd_card_content/nfc/Tonies/German/Dreamworks/Trolls - Gemeinsam Stark.nfc,nfc,Tonies,Tonies_NFC,moved
sd_card_content/nfc/Tonies/German/Zoes Zauberschrank/Eule.nfc,nfc,Tonies,Tonies_NFC,moved
sd_card_content/nfc/Tonies/German/Sternenschweif/Geheimnisvolle Verwandlung.nfc,nfc,Tonies,Tonies_NFC,moved
"sd_card_content/nfc/Tonies/German/Billie, der Regenbogentiger/Billie, der Regenbogentiger.nfc",nfc,Tonies,Tonies_NFC,moved
sd_card_content/nfc/Tonies/German/Micky Maus Wunderhaus/Micky Maus Wunderhaus - Minnie.nfc,nfc,Tonies,Tonies_NFC,moved
sd_card_content/nfc/Tonies/German/Micky Maus Wunderhaus/Micky Maus Wunderhaus - Mickey.nfc,nfc,Tonies,Tonies_NFC,moved
sd_card_content/nfc/Tonies/German/Die kleine Schnecke Monika Haeuschen/Warum stolpern Tausendfuessler nicht.nfc,nfc,Tonies,Tonies_NFC,moved
sd_card_content/nfc/Tonies/German/Cocomelon/Raus in die Welt mit JJ.nfc,nfc,Tonies,Tonies_NFC,moved
sd_card_content/nfc/Tonies/German/Cocomelon/Mit JJ durch den Tag.nfc,nfc,Tonies,Tonies_NFC,moved
sd_card_content/nfc/Tonies/German/Cocomelon/Spiel und Spass mit JJ.nfc,nfc,Tonies,Tonies_NFC,moved
sd_card_content/nfc/Tonies/German/Asterix/Asterix der Gallier.nfc,nfc,Tonies,Tonies_NFC,moved
sd_card_content/nfc/Tonies/German/Asterix/Die goldene Sichel.nfc,nfc,Tonies,Tonies_NFC,moved
sd_card_content/nfc/Tonies/German/Asterix/Die Odyssee.nfc,nfc,Tonies,Tonies_NFC,moved
sd_card_content/nfc/Tonies/German/Fredrik Vahle/Zugabe.nfc,nfc,Tonies,Tonies_NFC,moved
sd_card_content/nfc/Tonies/German/Englische Kinderlieder/Englische Kinderlieder - Lieblings-Kinderlieder.nfc,nfc,Tonies,Tonies_NFC,moved
sd_card_content/nfc/Tonies/German/GROSSE EXPERTEN/Das Mittelalter.nfc,nfc,Tonies,Tonies_NFC,moved
sd_card_content/nfc/Tonies/German/GROSSE EXPERTEN/Das alte Aegypten.nfc,nfc,Tonies,Tonies_NFC,moved
sd_card_content/nfc/Tonies/German/Affenzahn/Die Abenteuer von Affenzahn.nfc,nfc,Tonies,Tonies_NFC,moved
sd_card_content/nfc/Tonies/German/Das magische Baumhaus/Im Tal der Dinosaurier.nfc,nfc,Tonies,Tonies_NFC,moved
sd_card_content/nfc/Tonies/German/Teenage Mutant Ninja Turtles/Die Abenteuer der Teenage Mutant Ninja Turtles - Leonardo.nfc,nfc,Tonies,Tonies_NFC,moved
sd_card_content/nfc/Tonies/German/Der Sternenmann/Lieder und Hoerspiel zur guten Nacht.nfc,nfc,Tonies,Tonies_NFC,moved
sd_card_content/nfc/Tonies/German/Lieblings-Maerchen/Der gestiefelte Kater und vier weitere Maerchen.nfc,nfc,Tonies,Tonies_NFC,moved
sd_card_content/nfc/Tonies/German/Lieblings-Maerchen/Rapunzel und 4 weitere Maerchen.nfc,nfc,Tonies,Tonies_NFC,moved
sd_card_content/nfc/Tonies/German/Lieblings-Maerchen/Rapunzel (Neuauflage 2023).nfc,nfc,Tonies,Tonies_NFC,moved
sd_card_content/nfc/Tonies/German/Lieblings-Maerchen/Der gestiefelte Kater (Neuauflage 2023).nfc,nfc,Tonies,Tonies_NFC,moved
sd_card_content/nfc/Tonies/German/Lieblings-Maerchen/Sterntaler und 4 weitere Maerchen.nfc,nfc,Tonies,Tonies_NFC,moved
sd_card_content/nfc/Tonies/German/Lieblings-Maerchen/Rotkaeppchen und 4 weitere Maerchen.nfc,nfc,Tonies,Tonies_NFC,moved
sd_card_content/nfc/Tonies/German/Der Grolltroll/Der Grolltroll.nfc,nfc,Tonies,Tonies_NFC,moved
sd_card_content/nfc/Tonies/German/Marvel Spidey und seine Super-Freunde/Spidey und seine Super-Freunde - Das Spidey Team & 3 weitere spannende Abenteuer.nfc,nfc,Tonies,Tonies_NFC,moved
sd_card_content/nfc/Tonies/German/Marvel Spidey und seine Super-Freunde/Spidey und seine Super-Freunde - Doc Ocks Superoktopus & 3 weitere spannende Abenteuer.nfc,nfc,Tonies,Tonies_NFC,moved
sd_card_content/nfc/Tonies/German/Marvel Spidey und seine Super-Freunde/Spidey und seine Super-Freunde - Kobzilla & 3 weitere spannende Abenteuer.nfc,nfc,Tonies,Tonies_NFC,moved
sd_card_content/nfc/Tonies/German/Marvel Spidey und seine Super-Freunde/Spidey und seine Super-Freunde - Raketen-Rhino & 3 weitere spannende Abenteuer.nfc,nfc,Tonies,Tonies_NFC,moved
sd_card_content/nfc/Tonies/German/Jan Tenner/Jan Tenner - Planet der 1000 Wunder.nfc,nfc,Tonies,Tonies_NFC,moved
sd_card_content/nfc/Tonies/German/100% Wolf/100% Wolf.nfc,nfc,Tonies,Tonies_NFC,moved
sd_card_content/nfc/Tonies/German/Ralph Ruthe/Ralph Ruthe Das Klo.nfc,nfc,Tonies,Tonies_NFC,moved
sd_card_content/nfc/Tonies/German/Safiras/Nanami und das traumhafte Tuch & Ninazu und das gruene Zauberbonbon.nfc,nfc,Tonies,Tonies_NFC,moved
sd_card_content/nfc/Tonies/German/WAS IST WAS Junior/Bauernhof.nfc,nfc,Tonies,Tonies_NFC,moved
sd_card_content/nfc/Tonies/German/Kasperli/Kasperli - Es haet en Dieb im Zoo - Die Insel vom Pirat Ohnibart.nfc,nfc,Tonies,Tonies_NFC,moved
sd_card_content/nfc/Tonies/German/Kai Lueftners Kuerbiskopp/Ein musikalisches Roadmovie.nfc,nfc,Tonies,Tonies_NFC,moved
sd_card_content/nfc/Tonies/German/Beethoven fuer Kids/Beethoven fuer Kids - Gelesen von Daniel Hope.nfc,nfc,Tonies,Tonies_NFC,moved
sd_card_content/nfc/Tonies/German/Giraffenaffen/Die Giraffenaffen Lieblingslieder.nfc,nfc,Tonies,Tonies_NFC,moved
sd_card_content/nfc/Tonies/German/Giraffenaffen/Die Giraffenaffen Partyhits.nfc,nfc,Tonies,Tonies_NFC,moved
sd_card_content/nfc/Tonies/German/Heavysaurus/Pommesgabel - Best of Dino Metal (Neuauflage 2025).nfc,nfc,Tonies,Tonies_NFC,moved
sd_card_content/nfc/Tonies/German/Heavysaurus/Rock n Rarrr Music.nfc,nfc,Tonies,Tonies_NFC,moved
sd_card_content/nfc/Tonies/German/Die drei Raeuber/Die drei Raeuber.nfc,nfc,Tonies,Tonies_NFC,moved
sd_card_content/nfc/Tonies/German/KLE!NE EXPERTEN/KLE!NE EXPERTEN schweben mit Astronauten.nfc,nfc,Tonies,Tonies_NFC,moved
sd_card_content/nfc/Tonies/German/KLE!NE EXPERTEN/KLE!NE EXPERTEN ... galoppieren mit Pferden.nfc,nfc,Tonies,Tonies_NFC,moved
sd_card_content/nfc/Tonies/German/KLE!NE EXPERTEN/KLE!NE EXPERTEN muhen mit Kuehen.nfc,nfc,Tonies,Tonies_NFC,moved
sd_card_content/nfc/Tonies/German/KLE!NE EXPERTEN/KLE!NE EXPERTEN ... loeschen mit der Feuerwehr.nfc,nfc,Tonies,Tonies_NFC,moved
sd_card_content/nfc/Tonies/German/KLE!NE EXPERTEN/KLE!NE EXPERTEN ... begleiten Elefanten.nfc,nfc,Tonies,Tonies_NFC,moved
sd_card_content/nfc/Tonies/German/KLE!NE EXPERTEN/KLE!NE EXPERTEN tauchen mit Walen.nfc,nfc,Tonies,Tonies_NFC,moved
sd_card_content/nfc/Tonies/German/KLE!NE EXPERTEN/KLE!NE EXPERTEN treffen auf Dinosaurier.nfc,nfc,Tonies,Tonies_NFC,moved
sd_card_content/nfc/Tonies/German/Lauras Stern/Die allererste Bilderbuch Geschichte.nfc,nfc,Tonies,Tonies_NFC,moved
sd_card_content/nfc/Tonies/German/Fuenf Freunde/Fuenf Freunde auf der Suche nach Timmy.nfc,nfc,Tonies,Tonies_NFC,moved
sd_card_content/nfc/Tonies/German/Fuenf Freunde/Fuenf Freunde und der Grossalarm in Kirrin.nfc,nfc,Tonies,Tonies_NFC,moved
sd_card_content/nfc/Tonies/German/Fuenf Freunde/Fuenf Freunde und die verlassene Jagdhuette.nfc,nfc,Tonies,Tonies_NFC,moved
sd_card_content/nfc/Tonies/German/Fuenf Freunde/Fuenf Freunde und die doppelte Erfindung.nfc,nfc,Tonies,Tonies_NFC,moved
sd_card_content/nfc/Tonies/German/Wickie/Die Koenigin der Winde.nfc,nfc,Tonies,Tonies_NFC,moved
sd_card_content/nfc/Tonies/German/Wickie/Tanz mit dem Wolf und sechs weitere Episoden.nfc,nfc,Tonies,Tonies_NFC,moved
sd_card_content/nfc/Tonies/German/Wickie/Wasser auf die Muehlen.nfc,nfc,Tonies,Tonies_NFC,moved
sd_card_content/nfc/Tonies/German/Planet Omar/Planet Omar.nfc,nfc,Tonies,Tonies_NFC,moved
sd_card_content/nfc/Tonies/German/Astrid Lindgren/Kalle Blomquist - Meisterdetektiv.nfc,nfc,Tonies,Tonies_NFC,moved
"sd_card_content/nfc/Tonies/German/Astrid Lindgren/Weihnachten mit Astrid Lindgren - Die schoensten Geschichten von Pippi Langstrumpf, Michel, Madita, den Kindern aus Bullerbue u. a.nfc",nfc,Tonies,Tonies_NFC,moved
sd_card_content/nfc/Tonies/German/Kikaninchen/Mein Geschichtenkissen.nfc,nfc,Tonies,Tonies_NFC,moved
sd_card_content/nfc/Tonies/German/Kikaninchen/Die Mischung machts!.nfc,nfc,Tonies,Tonies_NFC,moved
sd_card_content/nfc/Tonies/German/Die Eule mit der Beule/Die Eule mit der Beule.nfc,nfc,Tonies,Tonies_NFC,moved
sd_card_content/nfc/Tonies/German/Die Eule mit der Beule/Die kleine Eule feiert Weihnachten.nfc,nfc,Tonies,Tonies_NFC,moved
"sd_card_content/nfc/Tonies/German/Die Eule mit der Beule/Gute Nacht, kleine Eule.nfc",nfc,Tonies,Tonies_NFC,moved
sd_card_content/nfc/Tonies/German/Die Eule mit der Beule/Die kleine Eule singt und tanzt - Das 2. Liederalbum.nfc,nfc,Tonies,Tonies_NFC,moved
sd_card_content/nfc/Tonies/German/Die Eule mit der Beule/Liederalbum.nfc,nfc,Tonies,Tonies_NFC,moved
sd_card_content/nfc/Tonies/German/Gabbys Dollhouse/Eroeffnungsfeier im Puppenhaus + Kitty Fees Uebernachtungsparty.nfc,nfc,Tonies,Tonies_NFC,moved
"sd_card_content/nfc/Tonies/German/Gabbys Dollhouse/Gabby, ich habe die Kaetzchen geschrumpft! + Der Eisbaer Pete.nfc",nfc,Tonies,Tonies_NFC,moved
sd_card_content/nfc/Tonies/German/Gabbys Dollhouse/Das Raumschiff + Gabby hat einen Schluckauf.nfc,nfc,Tonies,Tonies_NFC,moved
sd_card_content/nfc/Tonies/German/Gabbys Dollhouse/Der Cupcake-Baum + Die Puppenhausdetektive.nfc,nfc,Tonies,Tonies_NFC,moved
sd_card_content/nfc/Tonies/German/Der Raeuber Hotzenplotz/Der Raeuber Hotzenplotz.nfc,nfc,Tonies,Tonies_NFC,moved
sd_card_content/nfc/Tonies/German/Der Raeuber Hotzenplotz/Hotzenplotz 3.nfc,nfc,Tonies,Tonies_NFC,moved
sd_card_content/nfc/Tonies/German/Der Raeuber Hotzenplotz/Und die Mondrakete.nfc,nfc,Tonies,Tonies_NFC,moved
sd_card_content/nfc/Tonies/German/Der Raeuber Hotzenplotz/Neues vom Raeuber Hotzenplotz.nfc,nfc,Tonies,Tonies_NFC,moved
sd_card_content/nfc/Tonies/German/Raeuber Ratte/Raeuber Ratte & Superwurm.nfc,nfc,Tonies,Tonies_NFC,moved
sd_card_content/nfc/Tonies/German/PJ Masks/Los gehts Pyjamahelden.nfc,nfc,Tonies,Tonies_NFC,moved
sd_card_content/nfc/Tonies/German/PJ Masks/Zeit ein Held zu sein.nfc,nfc,Tonies,Tonies_NFC,moved
sd_card_content/nfc/Tonies/German/PJ Masks/Ein maechtiges Mondproblem.nfc,nfc,Tonies,Tonies_NFC,moved
sd_card_content/nfc/Tonies/German/Hasenkind/Nur noch kurz die Ohren kraulen.nfc,nfc,Tonies,Tonies_NFC,moved
sd_card_content/nfc/Tonies/German/Wie kleine Tiere schlafen gehen/Wie kleine Tiere schlafen gehen - Wie kleine Kinder schlafen gehen.nfc,nfc,Tonies,Tonies_NFC,moved
sd_card_content/nfc/Tonies/German/Lieblings-Literatur/Peter Pan.nfc,nfc,Tonies,Tonies_NFC,moved
sd_card_content/nfc/Tonies/German/Lieblings-Literatur/Eine Weihnachtsgeschichte.nfc,nfc,Tonies,Tonies_NFC,moved
sd_card_content/nfc/Tonies/German/Lieblings-Literatur/Der geheime Garten.nfc,nfc,Tonies,Tonies_NFC,moved
sd_card_content/nfc/Tonies/German/Karmas Welt/Karmas Welt.nfc,nfc,Tonies,Tonies_NFC,moved
sd_card_content/nfc/Tonies/German/Lassie/Lassie - Freunde fuers Leben.nfc,nfc,Tonies,Tonies_NFC,moved
sd_card_content/nfc/Tonies/German/Tilda Apfelkern/Das drinnen Picknick.nfc,nfc,Tonies,Tonies_NFC,moved
sd_card_content/nfc/Tonies/German/Tilda Apfelkern/Das geheime Kuchenrezept.nfc,nfc,Tonies,Tonies_NFC,moved
"sd_card_content/nfc/Tonies/German/Vom Fuchs, der ein Reh sein wollte/Vom Fuchs, der ein Reh sein wollte.nfc",nfc,Tonies,Tonies_NFC,moved
"sd_card_content/nfc/Tonies/German/Lotta/Na klar, Lotta kann Rad fahren und zwei weitere Geschichten.nfc",nfc,Tonies,Tonies_NFC,moved
sd_card_content/nfc/Tonies/German/Elmar/Kunterbunte Geschichten.nfc,nfc,Tonies,Tonies_NFC,moved
sd_card_content/nfc/Tonies/German/Super Wings/Feuer Im Wald.nfc,nfc,Tonies,Tonies_NFC,moved
sd_card_content/nfc/Tonies/German/Super Wings/Schwimmende Schweinchen.nfc,nfc,Tonies,Tonies_NFC,moved
sd_card_content/nfc/Tonies/German/Bibi Blocksberg/Hexen gibt es doch.nfc,nfc,Tonies,Tonies_NFC,moved
sd_card_content/nfc/Tonies/German/Bibi Blocksberg/Der Affe ist los.nfc,nfc,Tonies,Tonies_NFC,moved
sd_card_content/nfc/Tonies/German/Bibi Blocksberg/Die Prinzessinnen von Thunderstorm.nfc,nfc,Tonies,Tonies_NFC,moved
sd_card_content/nfc/Tonies/German/Bibi Blocksberg/Hexenbesengeschichten - Pluesch.nfc,nfc,Tonies,Tonies_NFC,moved
sd_card_content/nfc/Tonies/German/Bibi Blocksberg/Die grosse Hexenparty.nfc,nfc,Tonies,Tonies_NFC,moved
sd_card_content/nfc/Tonies/German/Bibi Blocksberg/Bibi Blocksberg - Englisch lernen - Der Schatz von Blackford Castle.nfc,nfc,Tonies,Tonies_NFC,moved
sd_card_content/nfc/Tonies/German/Bibi Blocksberg/Ausgehext!.nfc,nfc,Tonies,Tonies_NFC,moved
sd_card_content/nfc/Tonies/German/Bibi Blocksberg/Die Junghexenbande.nfc,nfc,Tonies,Tonies_NFC,moved
sd_card_content/nfc/Tonies/German/Bibi Blocksberg/Mami spielt verrueckt.nfc,nfc,Tonies,Tonies_NFC,moved
sd_card_content/nfc/Tonies/German/Freddy und Flo/Gruseln sich vor gar nix!.nfc,nfc,Tonies,Tonies_NFC,moved
sd_card_content/nfc/Tonies/German/Janosch/Als Tiger und Baer beinahe das Beste verpassten.nfc,nfc,Tonies,Tonies_NFC,moved
sd_card_content/nfc/Tonies/German/Janosch/Emil Gruenbaer und die Bande - Abenteuer im Wald.nfc,nfc,Tonies,Tonies_NFC,moved
sd_card_content/nfc/Tonies/German/Janosch/Post fuer den Tiger.nfc,nfc,Tonies,Tonies_NFC,moved
"sd_card_content/nfc/Tonies/German/Janosch/Ich mach dich gesund, sagte der Baer.nfc",nfc,Tonies,Tonies_NFC,moved
"sd_card_content/nfc/Tonies/German/Janosch/Oh, wie schoen ist Panama.nfc",nfc,Tonies,Tonies_NFC,moved
sd_card_content/nfc/Tonies/German/Jan & Henry/Jan & Henry - 8 Raetsel und 2 Lieder.nfc,nfc,Tonies,Tonies_NFC,moved
sd_card_content/nfc/Tonies/German/Tierisch!/Tierisch! Rekordverdaechtig - Huebsche Helden und verrueckte Verwandler.nfc,nfc,Tonies,Tonies_NFC,moved
sd_card_content/nfc/Tonies/German/Tierisch!/Tierisch! Rekordverdaechtig - Kraftprotze und Superhirne.nfc,nfc,Tonies,Tonies_NFC,moved
sd_card_content/nfc/Tonies/German/Lieselotte/Ein Geburtstagsfest fuer Lieselotte und andere Geschichten.nfc,nfc,Tonies,Tonies_NFC,moved
sd_card_content/nfc/Tonies/German/Pippi Langstrumpf/Pippi Langstrumpf 2 - Pippi Langstrumpf geht an Bord.nfc,nfc,Tonies,Tonies_NFC,moved
sd_card_content/nfc/Tonies/German/Pippi Langstrumpf/Pippi Langstrumpf.nfc,nfc,Tonies,Tonies_NFC,moved
sd_card_content/nfc/Tonies/German/Pippi Langstrumpf/Pippi Langstrumpf - Das Hoerspiel (Neuauflage 2025).nfc,nfc,Tonies,Tonies_NFC,moved
sd_card_content/nfc/Tonies/German/Der Traumzauberbaum/Geschichtenlieder.nfc,nfc,Tonies,Tonies_NFC,moved
sd_card_content/nfc/Tonies/German/Scooby-Doo/Scooby-Doo.nfc,nfc,Tonies,Tonies_NFC,moved
sd_card_content/nfc/Tonies/German/Der Loewe in dir/Der Loewe in dir und andere Geschichten.nfc,nfc,Tonies,Tonies_NFC,moved
sd_card_content/nfc/Tonies/German/Das Sams/Eine Woche voller Samstage.nfc,nfc,Tonies,Tonies_NFC,moved
sd_card_content/nfc/Tonies/German/JoNaLu/Lu kann nicht schlafen & eine weitere Geschichte.nfc,nfc,Tonies,Tonies_NFC,moved
sd_card_content/nfc/Tonies/German/Bummelkasten/Irgendwas Bestimmtes.nfc,nfc,Tonies,Tonies_NFC,moved
sd_card_content/nfc/Tonies/German/Lieblings-Kinderlieder/Karnevalslieder.nfc,nfc,Tonies,Tonies_NFC,moved
sd_card_content/nfc/Tonies/German/Lieblings-Kinderlieder/Weihnachtslieder.nfc,nfc,Tonies,Tonies_NFC,moved
sd_card_content/nfc/Tonies/German/Lieblings-Kinderlieder/Geburtstagslieder.nfc,nfc,Tonies,Tonies_NFC,moved
sd_card_content/nfc/Tonies/German/Lieblings-Kinderlieder/Reiselieder.nfc,nfc,Tonies,Tonies_NFC,moved
sd_card_content/nfc/Tonies/German/Lieblings-Kinderlieder/Geburtstagslieder (Neuauflage 2021).nfc,nfc,Tonies,Tonies_NFC,moved
sd_card_content/nfc/Tonies/German/Lieblings-Kinderlieder/Englische Lieder.nfc,nfc,Tonies,Tonies_NFC,moved
sd_card_content/nfc/Tonies/German/Lieblings-Kinderlieder/Spiel- und Bewegungslieder 2 (Neuauflage 2023).nfc,nfc,Tonies,Tonies_NFC,moved
sd_card_content/nfc/Tonies/German/Lieblings-Kinderlieder/Fruehlingslieder.nfc,nfc,Tonies,Tonies_NFC,moved
sd_card_content/nfc/Tonies/German/Lieblings-Kinderlieder/Schlaflieder 2 (Neuauflage 2021).nfc,nfc,Tonies,Tonies_NFC,moved
sd_card_content/nfc/Tonies/German/Lieblings-Kinderlieder/Spiel- und Bewegungslieder.nfc,nfc,Tonies,Tonies_NFC,moved
sd_card_content/nfc/Tonies/German/Lieblings-Kinderlieder/Tierlieder.nfc,nfc,Tonies,Tonies_NFC,moved
sd_card_content/nfc/Tonies/German/Lieblings-Kinderlieder/Weihnachtslieder 2 (Neuauflage 2022).nfc,nfc,Tonies,Tonies_NFC,moved
sd_card_content/nfc/Tonies/German/Lieblings-Kinderlieder/Weihnachtslieder 2.nfc,nfc,Tonies,Tonies_NFC,moved
sd_card_content/nfc/Tonies/German/Lieblings-Kinderlieder/Zaehllieder.nfc,nfc,Tonies,Tonies_NFC,moved
sd_card_content/nfc/Tonies/German/Lieblings-Kinderlieder/Halloween & Spuk.nfc,nfc,Tonies,Tonies_NFC,moved
"sd_card_content/nfc/Tonies/German/Lieblings-Kinderlieder/Unsere besten Kniereiter, Fingerspiellieder und Reime.nfc",nfc,Tonies,Tonies_NFC,moved
sd_card_content/nfc/Tonies/German/Lieblings-Kinderlieder/Zaehllieder (Neuauflage 2023).nfc,nfc,Tonies,Tonies_NFC,moved
sd_card_content/nfc/Tonies/German/Lieblings-Kinderlieder/Jahreszeitenlieder.nfc,nfc,Tonies,Tonies_NFC,moved
sd_card_content/nfc/Tonies/German/Lieblings-Kinderlieder/Schlaflieder.nfc,nfc,Tonies,Tonies_NFC,moved
sd_card_content/nfc/Tonies/German/Lieblings-Kinderlieder/Spiel- und Bewegungslieder 2.nfc,nfc,Tonies,Tonies_NFC,moved
sd_card_content/nfc/Tonies/German/Lieblings-Kinderlieder/Europaeische Kinderlieder.nfc,nfc,Tonies,Tonies_NFC,moved
sd_card_content/nfc/Tonies/German/Lieblings-Kinderlieder/Kindergartenlieder.nfc,nfc,Tonies,Tonies_NFC,moved
sd_card_content/nfc/Tonies/German/Lieblings-Kinderlieder/Reiselieder (Neuauflage 2023).nfc,nfc,Tonies,Tonies_NFC,moved
sd_card_content/nfc/Tonies/German/Lieblings-Kinderlieder/Herbst- und Laternenlieder.nfc,nfc,Tonies,Tonies_NFC,moved
sd_card_content/nfc/Tonies/German/Lieblings-Kinderlieder/Schlaflieder 2.nfc,nfc,Tonies,Tonies_NFC,moved
sd_card_content/nfc/Tonies/German/Lieblings-Kinderlieder/Kindergartenlieder (Neuauflage 2026).nfc,nfc,Tonies,Tonies_NFC,moved
sd_card_content/nfc/Tonies/German/Das kleine Hoerbuch vom grossen Glueck/Das kleine Hoerbuch vom grossen Glueck - Die Gluecksfee.nfc,nfc,Tonies,Tonies_NFC,moved
"sd_card_content/nfc/Tonies/German/Geschichten vom Loewen/Die Geschichte vom Loewen, der nicht schreiben konnte.nfc",nfc,Tonies,Tonies_NFC,moved
"sd_card_content/nfc/Tonies/German/Mog, der vergessliche Kater/Die schoensten Geschichten.nfc",nfc,Tonies,Tonies_NFC,moved
sd_card_content/nfc/Tonies/German/Liliane Susewind/Ein Meerschwein ist nicht gern allein.nfc,nfc,Tonies,Tonies_NFC,moved
sd_card_content/nfc/Tonies/German/Gloria Gluehwuermchen/Bezaubernde Gutenachtgeschichten.nfc,nfc,Tonies,Tonies_NFC,moved
sd_card_content/nfc/Tonies/German/Tabaluga/Das grosse Ereignis.nfc,nfc,Tonies,Tonies_NFC,moved
sd_card_content/nfc/Tonies/German/Tabaluga/Drachen weinen nicht & Mondsuechtig.nfc,nfc,Tonies,Tonies_NFC,moved
sd_card_content/nfc/Tonies/German/Feuerwehrmann Sam/Wettlauf gegen die Zeit.nfc,nfc,Tonies,Tonies_NFC,moved
sd_card_content/nfc/Tonies/German/Feuerwehrmann Sam/Eine Insel voller Abenteuer (Penny).nfc,nfc,Tonies,Tonies_NFC,moved
sd_card_content/nfc/Tonies/German/Feuerwehrmann Sam/In Pontypandy ist was los (Sam).nfc,nfc,Tonies,Tonies_NFC,moved
sd_card_content/nfc/Tonies/German/Greg's Tagebuch/Von Idioten umzingelt.nfc,nfc,Tonies,Tonies_NFC,moved
sd_card_content/nfc/Tonies/German/Das kleine WIR/Das kleine WIR.nfc,nfc,Tonies,Tonies_NFC,moved
"sd_card_content/nfc/Tonies/German/Wir sind nachher wieder da, wir muessen kurz nach Afrika/Wir sind nachher wieder da, wir muessen kurz nach Afrika.nfc",nfc,Tonies,Tonies_NFC,moved
sd_card_content/nfc/Tonies/German/Ohrenbaer/Mulles Zaubersteinchen.nfc,nfc,Tonies,Tonies_NFC,moved
sd_card_content/nfc/Tonies/German/Lieblings-Klassiker/Pinocchio und 4 weitere Klassiker.nfc,nfc,Tonies,Tonies_NFC,moved
sd_card_content/nfc/Tonies/German/Lieblings-Klassiker/Pinocchio (Neuauflage 2024).nfc,nfc,Tonies,Tonies_NFC,moved
sd_card_content/nfc/Tonies/German/Lieblings-Klassiker/Peter Pan und 4 weitere Klassiker.nfc,nfc,Tonies,Tonies_NFC,moved
sd_card_content/nfc/Tonies/German/Lieblings-Klassiker/Robinson Crusoe und vier weitere Klassiker.nfc,nfc,Tonies,Tonies_NFC,moved
sd_card_content/nfc/Tonies/German/Lieblings-Klassiker/Der Zauberer von OZ und zwei weitere Klassiker.nfc,nfc,Tonies,Tonies_NFC,moved
sd_card_content/nfc/Tonies/German/Lieblings-Klassiker/Alice im Wunderland und zwei weitere Klassiker.nfc,nfc,Tonies,Tonies_NFC,moved
sd_card_content/nfc/Tonies/German/Minimusiker/Lieder fuer dich.nfc,nfc,Tonies,Tonies_NFC,moved
sd_card_content/nfc/Tonies/German/Minimusiker/Lieder fuer dich 2.nfc,nfc,Tonies,Tonies_NFC,moved
sd_card_content/nfc/Tonies/German/Sunspeed Explorers/Muellfrei in Japan.nfc,nfc,Tonies,Tonies_NFC,moved
sd_card_content/nfc/Tonies/German/Sunspeed Explorers/Gruenes Kopenhagen.nfc,nfc,Tonies,Tonies_NFC,moved
sd_card_content/nfc/Tonies/German/Sunspeed Explorers/Kenia recycelt.nfc,nfc,Tonies,Tonies_NFC,moved
sd_card_content/nfc/Tonies/German/Sunspeed Explorers/Meeresschutz in Australien.nfc,nfc,Tonies,Tonies_NFC,moved
sd_card_content/nfc/Tonies/German/St. Pauli Rabauken/Entscheidung am Millerntor.nfc,nfc,Tonies,Tonies_NFC,moved
sd_card_content/nfc/Tonies/German/Miffy/Miffy.nfc,nfc,Tonies,Tonies_NFC,moved
sd_card_content/nfc/Tonies/German/Bewegungsgeschichten mit Affe Marty/Bewegungsgeschichten mit Affe Marty - Mit lustigen Uebungen zum Mitspielen.nfc,nfc,Tonies,Tonies_NFC,moved
sd_card_content/nfc/Tonies/German/Sven van Thom/Tanz den Spatz.nfc,nfc,Tonies,Tonies_NFC,moved
sd_card_content/nfc/Tonies/German/Die Kackwurstfabrik/Die Kackwurstfabrik.nfc,nfc,Tonies,Tonies_NFC,moved
sd_card_content/nfc/Tonies/German/Ich - einfach unverbesserlich/Ich - einfach unverbesserlich 1.nfc,nfc,Tonies,Tonies_NFC,moved
sd_card_content/nfc/Tonies/German/Ich - einfach unverbesserlich/Ich - Einfach unverbesserlich 4.nfc,nfc,Tonies,Tonies_NFC,moved
sd_card_content/nfc/Tonies/German/Erdbeerinchen Erdbeerfee/Zauberhafte Geschichten aus dem Erdbeergarten.nfc,nfc,Tonies,Tonies_NFC,moved
"sd_card_content/nfc/Tonies/German/Checker Tobi/Der grosse Demokratie-Check Wahlen, Parlamente, Kinderrechte - Das check ich fuer euch!.nfc",nfc,Tonies,Tonies_NFC,moved
sd_card_content/nfc/Tonies/German/Checker Tobi/Checker Tobi 3 Das Extra zum Kinofilm.nfc,nfc,Tonies,Tonies_NFC,moved
"sd_card_content/nfc/Tonies/German/Checker Tobi/Der grosse Gefuehle-Check Freude, Wut, Traurigkeit - Das check ich fuer euch!.nfc",nfc,Tonies,Tonies_NFC,moved
"sd_card_content/nfc/Tonies/German/Checker Tobi/Der grosse Gesundheits-Check Viren, Fitness, Vitamine - Das check ich fuer euch!.nfc",nfc,Tonies,Tonies_NFC,moved
sd_card_content/nfc/Tonies/German/Book Tonies/Emmi & Einschwein/Einhorn kann jeder!.nfc,nfc,Tonies,Tonies_NFC,moved
"sd_card_content/nfc/Tonies/German/Book Tonies/Zippel, das wirklich wahre Schlossgespenst/Zippel, das wirklich wahre Schlossgespenst.nfc",nfc,Tonies,Tonies_NFC,moved
sd_card_content/nfc/Tonies/German/Book Tonies/KoboldKroniken/Sie sind unter uns!.nfc,nfc,Tonies,Tonies_NFC,moved
sd_card_content/nfc/Tonies/German/Book Tonies/Die (un)langweiligste Schule der Welt/Auf Klassenfahrt.nfc,nfc,Tonies,Tonies_NFC,moved
sd_card_content/nfc/Tonies/German/Book Tonies/Conni/Conni & Co 1.nfc,nfc,Tonies,Tonies_NFC,moved
sd_card_content/nfc/Tonies/German/Book Tonies/Kannawoniwasein/Kannawoniwasein.nfc,nfc,Tonies,Tonies_NFC,moved
sd_card_content/nfc/Tonies/German/Book Tonies/Ein Maedchen namens Willow/Ein Maedchen namens Willow.nfc,nfc,Tonies,Tonies_NFC,moved
sd_card_content/nfc/Tonies/German/Book Tonies/Wie man 13 wird/Wie man 13 wird und ueberlebt.nfc,nfc,Tonies,Tonies_NFC,moved
sd_card_content/nfc/Tonies/German/Book Tonies/Frau Honig/Und ploetzlich war Frau Honig da.nfc,nfc,Tonies,Tonies_NFC,moved
"sd_card_content/nfc/Tonies/German/Book Tonies/Kurt, Einhorn wider Willen/Wer moechte schon ein Einhorn sein.nfc",nfc,Tonies,Tonies_NFC,moved
sd_card_content/nfc/Tonies/German/Book Tonies/Lieblings-Literatur/In 80 Tagen um die Welt.nfc,nfc,Tonies,Tonies_NFC,moved
sd_card_content/nfc/Tonies/German/Book Tonies/School of Talents/Erste Stunde tierisch laut.nfc,nfc,Tonies,Tonies_NFC,moved
sd_card_content/nfc/Tonies/German/Book Tonies/Moby Dick/Moby Dick.nfc,nfc,Tonies,Tonies_NFC,moved
sd_card_content/nfc/Tonies/German/Book Tonies/Der zauberhafte Wunschbuchladen/Der zauberhafte Wunschbuchladen.nfc,nfc,Tonies,Tonies_NFC,moved
sd_card_content/nfc/Tonies/German/Der magische Blumenladen/Ein Geheimnis kommt selten allein.nfc,nfc,Tonies,Tonies_NFC,moved
sd_card_content/nfc/Tonies/German/Pittiplatsch/Neue Abenteuer mit Pittiplatsch.nfc,nfc,Tonies,Tonies_NFC,moved
sd_card_content/nfc/Tonies/German/Die Schluempfe/Hefty Schlumpf - Wer ist heftiger & 3 weitere schlumpfige Abenteuer.nfc,nfc,Tonies,Tonies_NFC,moved
sd_card_content/nfc/Tonies/German/Die Schluempfe/Ein tollpatschiger Held & 3 weitere schlumpfige Abenteuer.nfc,nfc,Tonies,Tonies_NFC,moved
sd_card_content/nfc/Tonies/German/Die Schluempfe/Der doppelte Papa Schlumpf & 3 weitere schlumpfige Abenteuer.nfc,nfc,Tonies,Tonies_NFC,moved
sd_card_content/nfc/Tonies/German/Die Schluempfe/Ein unwiderschlumpfliches Laecheln & 3 weitere schlumpfige Abenteuer.nfc,nfc,Tonies,Tonies_NFC,moved
sd_card_content/nfc/Tonies/German/DC/Batwheels.nfc,nfc,Tonies,Tonies_NFC,moved
sd_card_content/nfc/Tonies/German/DC/Batman.nfc,nfc,Tonies,Tonies_NFC,moved
sd_card_content/nfc/Tonies/German/Bobo Siebenschlaefer/Bobo beim Kinderarzt.nfc,nfc,Tonies,Tonies_NFC,moved
sd_card_content/nfc/Tonies/German/Bobo Siebenschlaefer/Bobo auf grosser Reise und weitere Folgen.nfc,nfc,Tonies,Tonies_NFC,moved
sd_card_content/nfc/Tonies/German/Bobo Siebenschlaefer/Bobos Ausflug zum Spielplatz.nfc,nfc,Tonies,Tonies_NFC,moved
sd_card_content/nfc/Tonies/German/Bobo Siebenschlaefer/Bobo baggert und weitere Folgen.nfc,nfc,Tonies,Tonies_NFC,moved
sd_card_content/nfc/Tonies/German/Bobo Siebenschlaefer/Bobo feiert Kindergeburtstag.nfc,nfc,Tonies,Tonies_NFC,moved
sd_card_content/nfc/Tonies/German/Leos Tag/Es ist so weit - Badezeit!.nfc,nfc,Tonies,Tonies_NFC,moved
"sd_card_content/nfc/Tonies/German/Leos Tag/Hoppala, wer schnieft denn da.nfc",nfc,Tonies,Tonies_NFC,moved
"sd_card_content/nfc/Tonies/German/Leos Tag/Windel, Toepfchen, Klo - das geht so!.nfc",nfc,Tonies,Tonies_NFC,moved
"sd_card_content/nfc/Tonies/German/Leos Tag/1, 2, 3, sei beim Aufraeumen dabei!.nfc",nfc,Tonies,Tonies_NFC,moved
"sd_card_content/nfc/Tonies/German/Leos Tag/Achtung, fertig, Zaehneputzen!.nfc",nfc,Tonies,Tonies_NFC,moved
sd_card_content/nfc/Tonies/German/Die kleine Raupe Nimmersatt/Schlaf gut! Die kleine Raupe Nimmersatt und weitere Geschichten.nfc,nfc,Tonies,Tonies_NFC,moved
"sd_card_content/nfc/Tonies/German/Secret Science Club/Abwehrstark - Rund um Viren, Abwehrkraefte und Immunhelfer! mit Oezlem & Ugur.nfc",nfc,Tonies,Tonies_NFC,moved
sd_card_content/nfc/Tonies/German/Die Fuchsbande/Der Skandal im Hof & Die Spur des Riesen.nfc,nfc,Tonies,Tonies_NFC,moved
sd_card_content/nfc/Tonies/German/Die Haeschenschule/Die neue Haeschenschule.nfc,nfc,Tonies,Tonies_NFC,moved
sd_card_content/nfc/Tonies/German/Caillou/Caillou - Sternschnuppen.nfc,nfc,Tonies,Tonies_NFC,moved
sd_card_content/nfc/Tonies/German/Pixi Wissen/Planeten und Sterne.nfc,nfc,Tonies,Tonies_NFC,moved
sd_card_content/nfc/Tonies/German/Die kleine Hummel Bommel/Die kleine Hummel Bommel sucht das Glueck.nfc,nfc,Tonies,Tonies_NFC,moved
sd_card_content/nfc/Tonies/German/PAW Patrol/Jungle Pups - Chase.nfc,nfc,Tonies,Tonies_NFC,moved
sd_card_content/nfc/Tonies/German/PAW Patrol/Der Delfin-Freund (Sky).nfc,nfc,Tonies,Tonies_NFC,moved
sd_card_content/nfc/Tonies/German/PAW Patrol/Hier kommt Tracker.nfc,nfc,Tonies,Tonies_NFC,moved
sd_card_content/nfc/Tonies/German/PAW Patrol/Ein neuer Fellfreund.nfc,nfc,Tonies,Tonies_NFC,moved
sd_card_content/nfc/Tonies/German/PAW Patrol/Jungle Pups - Skye.nfc,nfc,Tonies,Tonies_NFC,moved
sd_card_content/nfc/Tonies/German/PAW Patrol/Rettung fuer T-Rex.nfc,nfc,Tonies,Tonies_NFC,moved
sd_card_content/nfc/Tonies/German/PAW Patrol/Die Hundeschau.nfc,nfc,Tonies,Tonies_NFC,moved
sd_card_content/nfc/Tonies/German/PAW Patrol/Schneller als die Feuerwehr.nfc,nfc,Tonies,Tonies_NFC,moved
sd_card_content/nfc/Tonies/German/PAW Patrol/Jungle Pups - Marshall.nfc,nfc,Tonies,Tonies_NFC,moved
sd_card_content/nfc/Tonies/German/PAW Patrol/Zuma.nfc,nfc,Tonies,Tonies_NFC,moved
sd_card_content/nfc/Tonies/German/PAW Patrol/Liberty findet einen neuen Freund.nfc,nfc,Tonies,Tonies_NFC,moved
sd_card_content/nfc/Tonies/German/PAW Patrol/Die Rettung der Meeresschildkroeten.nfc,nfc,Tonies,Tonies_NFC,moved
sd_card_content/nfc/Tonies/German/PAW Patrol/Ryder.nfc,nfc,Tonies,Tonies_NFC,moved
sd_card_content/nfc/Tonies/German/PAW Patrol/Der Piratenschatz  (Rubble).nfc,nfc,Tonies,Tonies_NFC,moved
sd_card_content/nfc/Tonies/German/PAW Patrol/Der erste Einsatz der Moto Patrol (Folge 225-227).nfc,nfc,Tonies,Tonies_NFC,moved
sd_card_content/nfc/Tonies/French/README.md,nfc,Tonies,Tonies_NFC,moved
sd_card_content/nfc/Tonies/French/Other/Mes Classiques Preferes - Le Roman De Renart.nfc,nfc,Tonies,Tonies_NFC,moved
sd_card_content/nfc/Tonies/French/Other/Simon - SuperLapin.nfc,nfc,Tonies,Tonies_NFC,moved
sd_card_content/nfc/Tonies/French/Other/Selena Sans Chichis Ni Tralala - Le Tour Du Monde En 80 Jours (Ou Presque).nfc,nfc,Tonies,Tonies_NFC,moved
sd_card_content/nfc/Tonies/French/Other/Mes Classiques Preferes - Pinnochio Et 2 Autres Classiques.nfc,nfc,Tonies,Tonies_NFC,moved
sd_card_content/nfc/Tonies/French/Other/Mes Mythes Preferes - La Mythologie Grecque.nfc,nfc,Tonies,Tonies_NFC,moved
sd_card_content/nfc/Tonies/French/Other/Gus Le Chevalier Minus.nfc,nfc,Tonies,Tonies_NFC,moved
sd_card_content/nfc/Tonies/French/Other/Mes Classiques Preferes - Les Malheurs De Sophie.nfc,nfc,Tonies,Tonies_NFC,moved
sd_card_content/nfc/Tonies/French/Other/Les Fables De La Fontaine.nfc,nfc,Tonies,Tonies_NFC,moved
sd_card_content/nfc/Tonies/French/Disney/Mulan.nfc,nfc,Tonies,Tonies_NFC,moved
sd_card_content/nfc/Tonies/French/Disney/Le Livre de la Jungle.nfc,nfc,Tonies,Tonies_NFC,moved
sd_card_content/nfc/Tonies/French/Disney/Vaiana.nfc,nfc,Tonies,Tonies_NFC,moved
sd_card_content/nfc/Tonies/French/Asterix/Le Tour De Gaule D Asterix.nfc,nfc,Tonies,Tonies_NFC,moved
sd_card_content/nfc/Tonies/Tonies Originals/Favorite Childrens Songs - Bedtime Songs.nfc,nfc,Tonies,Bruce-Scripts-Heaven_RFID/Toniebox,moved
sd_card_content/nfc/Tonies/Tonies Originals/Potty Training.nfc,nfc,Tonies,Bruce-Scripts-Heaven_RFID/Toniebox,moved
sd_card_content/nfc/Tonies/Tonies Originals/Nap Time - Nature Sounds.nfc,nfc,Tonies,Bruce-Scripts-Heaven_RFID/Toniebox,moved
sd_card_content/nfc/Tonies/Other/The Wonderful Wizard of Oz.nfc,nfc,Tonies,Bruce-Scripts-Heaven_RFID/Toniebox,moved
sd_card_content/nfc/Tonies/Other/The Elf on the Shelf.nfc,nfc,Tonies,Bruce-Scripts-Heaven_RFID/Toniebox,moved
sd_card_content/nfc/Tonies/Other/Dino Ranch.nfc,nfc,Tonies,Bruce-Scripts-Heaven_RFID/Toniebox,moved
sd_card_content/nfc/Tonies/Other/Mama Llama.nfc,nfc,Tonies,Bruce-Scripts-Heaven_RFID/Toniebox,moved
sd_card_content/nfc/Tonies/Other/Blues Clues and You.nfc,nfc,Tonies,Bruce-Scripts-Heaven_RFID/Toniebox,moved
sd_card_content/nfc/Tonies/Other/Brown Bear and Friends.nfc,nfc,Tonies,Bruce-Scripts-Heaven_RFID/Toniebox,moved
sd_card_content/nfc/Tonies/Other/The Velveteen Rabbit.nfc,nfc,Tonies,Bruce-Scripts-Heaven_RFID/Toniebox,moved
sd_card_content/nfc/Tonies/Other/Blippi.nfc,nfc,Tonies,Bruce-Scripts-Heaven_RFID/Toniebox,moved
sd_card_content/nfc/Tonies/Other/Paddington Bear.nfc,nfc,Tonies,Bruce-Scripts-Heaven_RFID/Toniebox,moved
sd_card_content/nfc/Tonies/Other/Carmen Sandiego.nfc,nfc,Tonies,Bruce-Scripts-Heaven_RFID/Toniebox,moved
sd_card_content/nfc/Tonies/Other/Curious George.nfc,nfc,Tonies,Bruce-Scripts-Heaven_RFID/Toniebox,moved
sd_card_content/nfc/Tonies/Other/Pinocchio and other classic stories.nfc,nfc,Tonies,Bruce-Scripts-Heaven_RFID/Toniebox,moved
sd_card_content/nfc/Tonies/Other/Doggyland.nfc,nfc,Tonies,Bruce-Scripts-Heaven_RFID/Toniebox,moved
sd_card_content/nfc/Tonies/Other/SpongeBob SquarePants.nfc,nfc,Tonies,Bruce-Scripts-Heaven_RFID/Toniebox,moved
sd_card_content/nfc/Tonies/Other/The Lion Inside.nfc,nfc,Tonies,Bruce-Scripts-Heaven_RFID/Toniebox,moved
sd_card_content/nfc/Tonies/Other/The Very Hungry Caterpillar and Friends.nfc,nfc,Tonies,Bruce-Scripts-Heaven_RFID/Toniebox,moved
sd_card_content/nfc/Tonies/Other/Tiny Chef.nfc,nfc,Tonies,Bruce-Scripts-Heaven_RFID/Toniebox,moved
sd_card_content/nfc/Tonies/Other/The Gruffalo.nfc,nfc,Tonies,Bruce-Scripts-Heaven_RFID/Toniebox,moved
sd_card_content/nfc/Tonies/Other/Mo Willems The Pigeon.nfc,nfc,Tonies,Bruce-Scripts-Heaven_RFID/Toniebox,moved
sd_card_content/nfc/Tonies/Sleepy Time/Sleepy Sheep - Lullabies From the Sleepy Meadow.nfc,nfc,Tonies,Bruce-Scripts-Heaven_RFID/Toniebox,moved
sd_card_content/nfc/Tonies/Pete the Cat/Pete the Cat.nfc,nfc,Tonies,Bruce-Scripts-Heaven_RFID/Toniebox,moved
sd_card_content/nfc/Tonies/Pete the Cat/Pete the Cat - Rock On.nfc,nfc,Tonies,Bruce-Scripts-Heaven_RFID/Toniebox,moved
sd_card_content/nfc/Tonies/Paw Patrol/Tracker.nfc,nfc,Tonies,Bruce-Scripts-Heaven_RFID/Toniebox,moved
sd_card_content/nfc/Tonies/Paw Patrol/Liberty.nfc,nfc,Tonies,Bruce-Scripts-Heaven_RFID/Toniebox,moved
sd_card_content/nfc/Tonies/Paw Patrol/Rubble.nfc,nfc,Tonies,Bruce-Scripts-Heaven_RFID/Toniebox,moved
sd_card_content/nfc/Tonies/Paw Patrol/Skye.nfc,nfc,Tonies,Bruce-Scripts-Heaven_RFID/Toniebox,moved
sd_card_content/nfc/Tonies/Paw Patrol/Rex.nfc,nfc,Tonies,Bruce-Scripts-Heaven_RFID/Toniebox,moved
sd_card_content/nfc/Tonies/Paw Patrol/Zuma.nfc,nfc,Tonies,Bruce-Scripts-Heaven_RFID/Toniebox,moved
sd_card_content/nfc/Tonies/Paw Patrol/Chase.nfc,nfc,Tonies,Bruce-Scripts-Heaven_RFID/Toniebox,moved
sd_card_content/nfc/Tonies/Paw Patrol/Jungle Pups Chase.nfc,nfc,Tonies,Bruce-Scripts-Heaven_RFID/Toniebox,moved
sd_card_content/nfc/Tonies/Paw Patrol/Everest.nfc,nfc,Tonies,Bruce-Scripts-Heaven_RFID/Toniebox,moved
sd_card_content/nfc/Tonies/Paw Patrol/Marshall.nfc,nfc,Tonies,Bruce-Scripts-Heaven_RFID/Toniebox,moved
sd_card_content/nfc/Tonies/Peppa Pig/Peppas Bedtime Stories.nfc,nfc,Tonies,Bruce-Scripts-Heaven_RFID/Toniebox,moved
sd_card_content/nfc/Tonies/Peppa Pig/Peppa Pig.nfc,nfc,Tonies,Bruce-Scripts-Heaven_RFID/Toniebox,moved
sd_card_content/nfc/Tonies/Ask the Storybots/Bo.nfc,nfc,Tonies,Bruce-Scripts-Heaven_RFID/Toniebox,moved
sd_card_content/nfc/Tonies/Ask the Storybots/Beep.nfc,nfc,Tonies,Bruce-Scripts-Heaven_RFID/Toniebox,moved
sd_card_content/nfc/Tonies/Octonauts/Peso.nfc,nfc,Tonies,Bruce-Scripts-Heaven_RFID/Toniebox,moved
sd_card_content/nfc/Tonies/Octonauts/Kwazii.nfc,nfc,Tonies,Bruce-Scripts-Heaven_RFID/Toniebox,moved
sd_card_content/nfc/Tonies/Dr Seuss/The Cat in the Hat.nfc,nfc,Tonies,Bruce-Scripts-Heaven_RFID/Toniebox,moved
sd_card_content/nfc/Tonies/Dr Seuss/Green Eggs & Ham.nfc,nfc,Tonies,Bruce-Scripts-Heaven_RFID/Toniebox,moved
sd_card_content/nfc/Tonies/Dr Seuss/How The Grinch Stole Christmas.nfc,nfc,Tonies,Bruce-Scripts-Heaven_RFID/Toniebox,moved
sd_card_content/nfc/Tonies/Mindfulness/Yoga with Sara the Llama.nfc,nfc,Tonies,Bruce-Scripts-Heaven_RFID/Toniebox,moved
sd_card_content/nfc/Tonies/Sesame Street/Cookie Monster.nfc,nfc,Tonies,Bruce-Scripts-Heaven_RFID/Toniebox,moved
sd_card_content/nfc/Tonies/Sesame Street/Elmo.nfc,nfc,Tonies,Bruce-Scripts-Heaven_RFID/Toniebox,moved
sd_card_content/nfc/Tonies/Lalalinos/Scout - Move and Groove.nfc,nfc,Tonies,Bruce-Scripts-Heaven_RFID/Toniebox,moved
sd_card_content/nfc/Tonies/CoComelon/CoComelon.nfc,nfc,Tonies,Bruce-Scripts-Heaven_RFID/Toniebox,moved
sd_card_content/nfc/Tonies/CoComelon/Getting Ready with JJ.nfc,nfc,Tonies,Bruce-Scripts-Heaven_RFID/Toniebox,moved
sd_card_content/nfc/Tonies/Disney/Hercules.nfc,nfc,Tonies,Bruce-Scripts-Heaven_RFID/Toniebox,moved
sd_card_content/nfc/Tonies/Disney/Tigger.nfc,nfc,Tonies,Bruce-Scripts-Heaven_RFID/Toniebox,moved
sd_card_content/nfc/Tonies/Disney/The Lion King.nfc,nfc,Tonies,Bruce-Scripts-Heaven_RFID/Toniebox,moved
sd_card_content/nfc/Tonies/Disney/Tangled.nfc,nfc,Tonies,Bruce-Scripts-Heaven_RFID/Toniebox,moved
sd_card_content/nfc/Tonies/Disney/Pocahontas.nfc,nfc,Tonies,Bruce-Scripts-Heaven_RFID/Toniebox,moved
sd_card_content/nfc/Tonies/Disney/The Princess and The Frog.nfc,nfc,Tonies,Bruce-Scripts-Heaven_RFID/Toniebox,moved
sd_card_content/nfc/Tonies/Disney/Lilo and Stitch.nfc,nfc,Tonies,Bruce-Scripts-Heaven_RFID/Toniebox,moved
sd_card_content/nfc/Tonies/Disney/The Jungle Book.nfc,nfc,Tonies,Bruce-Scripts-Heaven_RFID/Toniebox,moved
sd_card_content/nfc/Tonies/Disney/Winnie the Pooh.nfc,nfc,Tonies,Bruce-Scripts-Heaven_RFID/Toniebox,moved
sd_card_content/nfc/Tonies/Disney/Doc McStuffins.nfc,nfc,Tonies,Bruce-Scripts-Heaven_RFID/Toniebox,moved
sd_card_content/nfc/Tonies/Disney/Aladdin.nfc,nfc,Tonies,Bruce-Scripts-Heaven_RFID/Toniebox,moved
sd_card_content/nfc/Tonies/Disney/Lady and the Tramp.nfc,nfc,Tonies,Bruce-Scripts-Heaven_RFID/Toniebox,moved
sd_card_content/nfc/Tonies/Disney/Wish.nfc,nfc,Tonies,Bruce-Scripts-Heaven_RFID/Toniebox,moved
sd_card_content/nfc/Tonies/Disney/Mickey Mouse.nfc,nfc,Tonies,Bruce-Scripts-Heaven_RFID/Toniebox,moved
sd_card_content/nfc/Tonies/Disney/Tinker Bell.nfc,nfc,Tonies,Bruce-Scripts-Heaven_RFID/Toniebox,moved
sd_card_content/nfc/Tonies/Disney/Minnie Mouse.nfc,nfc,Tonies,Bruce-Scripts-Heaven_RFID/Toniebox,moved
sd_card_content/nfc/Tonies/Disney/Moana.nfc,nfc,Tonies,Bruce-Scripts-Heaven_RFID/Toniebox,moved
sd_card_content/nfc/Tonies/Disney/Encanto.nfc,nfc,Tonies,Bruce-Scripts-Heaven_RFID/Toniebox,moved
sd_card_content/nfc/Tonies/Disney/Frozen/Elsa.nfc,nfc,Tonies,Bruce-Scripts-Heaven_RFID/Toniebox,moved
sd_card_content/nfc/Tonies/Disney/Frozen/Anna.nfc,nfc,Tonies,Bruce-Scripts-Heaven_RFID/Toniebox,moved
sd_card_content/nfc/Tonies/Disney/Frozen/Olaf.nfc,nfc,Tonies,Bruce-Scripts-Heaven_RFID/Toniebox,moved
sd_card_content/nfc/Tonies/Disney and Pixar/Mater.nfc,nfc,Tonies,Bruce-Scripts-Heaven_RFID/Toniebox,moved
sd_card_content/nfc/Tonies/Disney and Pixar/Inside Out.nfc,nfc,Tonies,Bruce-Scripts-Heaven_RFID/Toniebox,moved
sd_card_content/nfc/Tonies/Disney and Pixar/Brave.nfc,nfc,Tonies,Bruce-Scripts-Heaven_RFID/Toniebox,moved
sd_card_content/nfc/Tonies/Disney and Pixar/Lightning McQueen.nfc,nfc,Tonies,Bruce-Scripts-Heaven_RFID/Toniebox,moved
sd_card_content/nfc/Tonies/Disney and Pixar/Monsters Inc.nfc,nfc,Tonies,Bruce-Scripts-Heaven_RFID/Toniebox,moved
sd_card_content/nfc/Tonies/Disney and Pixar/Finding Nemo.nfc,nfc,Tonies,Bruce-Scripts-Heaven_RFID/Toniebox,moved
sd_card_content/nfc/Tonies/Disney and Pixar/Soul.nfc,nfc,Tonies,Bruce-Scripts-Heaven_RFID/Toniebox,moved
sd_card_content/nfc/Tonies/Disney and Pixar/Toy Story - Woody.nfc,nfc,Tonies,Bruce-Scripts-Heaven_RFID/Toniebox,moved
sd_card_content/nfc/Tonies/Disney and Pixar/The Incredibles.nfc,nfc,Tonies,Bruce-Scripts-Heaven_RFID/Toniebox,moved
sd_card_content/nfc/Tonies/Disney and Pixar/Coco.nfc,nfc,Tonies,Bruce-Scripts-Heaven_RFID/Toniebox,moved
sd_card_content/nfc/Tonies/Clever Tonies Set/Musicians/Trailblazers.nfc,nfc,Tonies,Bruce-Scripts-Heaven_RFID/Toniebox,moved
sd_card_content/nfc/Tonies/Clever Tonies Set/Musicians/Punk Rockers.nfc,nfc,Tonies,Bruce-Scripts-Heaven_RFID/Toniebox,moved
sd_card_content/nfc/Tonies/Clever Tonies Set/Inventions/The Internet.nfc,nfc,Tonies,Bruce-Scripts-Heaven_RFID/Toniebox,moved
sd_card_content/nfc/Tonies/Clever Tonies Set/Inventions/Flight.nfc,nfc,Tonies,Bruce-Scripts-Heaven_RFID/Toniebox,moved
sd_card_content/nfc/Tonies/Clever Tonies Set/Kids Comedy/Riddles.nfc,nfc,Tonies,Bruce-Scripts-Heaven_RFID/Toniebox,moved
sd_card_content/nfc/Tonies/Clever Tonies Set/Kids Comedy/Joke Telling.nfc,nfc,Tonies,Bruce-Scripts-Heaven_RFID/Toniebox,moved
sd_card_content/nfc/Tonies/Clever Tonies Set/Animal World/Record Breakers/Beasts and Brainiacs.nfc,nfc,Tonies,Bruce-Scripts-Heaven_RFID/Toniebox,moved
sd_card_content/nfc/Tonies/Clever Tonies Set/Animal World/Record Breakers/Slowpokes and Speedsters.nfc,nfc,Tonies,Bruce-Scripts-Heaven_RFID/Toniebox,moved
sd_card_content/nfc/Tonies/DreamWorks/Kung Fu Panda.nfc,nfc,Tonies,Bruce-Scripts-Heaven_RFID/Toniebox,moved
sd_card_content/nfc/Tonies/DreamWorks/Gabbys Dollhouse.nfc,nfc,Tonies,Bruce-Scripts-Heaven_RFID/Toniebox,moved
sd_card_content/nfc/Tonies/DreamWorks/How to Train Your Dragon.nfc,nfc,Tonies,Bruce-Scripts-Heaven_RFID/Toniebox,moved
sd_card_content/nfc/Tonies/DreamWorks/Trolls/Poppy.nfc,nfc,Tonies,Bruce-Scripts-Heaven_RFID/Toniebox,moved
sd_card_content/nfc/Tonies/DreamWorks/Trolls/Viva.nfc,nfc,Tonies,Bruce-Scripts-Heaven_RFID/Toniebox,moved
sd_card_content/nfc/Tonies/National Geographic Kids/Penguin.nfc,nfc,Tonies,Bruce-Scripts-Heaven_RFID/Toniebox,moved
sd_card_content/nfc/Tonies/National Geographic Kids/Octopus.nfc,nfc,Tonies,Bruce-Scripts-Heaven_RFID/Toniebox,moved
sd_card_content/nfc/Tonies/National Geographic Kids/Astronaut.nfc,nfc,Tonies,Bruce-Scripts-Heaven_RFID/Toniebox,moved
sd_card_content/nfc/Tonies/Marvels Spidey and His Amazing Friends/Ghost-Spider.nfc,nfc,Tonies,Bruce-Scripts-Heaven_RFID/Toniebox,moved
sd_card_content/nfc/Tonies/Marvels Spidey and His Amazing Friends/Black Panther.nfc,nfc,Tonies,Bruce-Scripts-Heaven_RFID/Toniebox,moved
sd_card_content/nfc/Tonies/Marvels Spidey and His Amazing Friends/Spidey.nfc,nfc,Tonies,Bruce-Scripts-Heaven_RFID/Toniebox,moved
sd_card_content/nfc/Tonies/Marvels Spidey and His Amazing Friends/Spin.nfc,nfc,Tonies,Bruce-Scripts-Heaven_RFID/Toniebox,moved
sd_card_content/nfc/Tonies/Story Time/All Engines Go/Thomas the Train.nfc,nfc,Tonies,Bruce-Scripts-Heaven_RFID/Toniebox,moved
sd_card_content/nfc/Tonies/Story Time/All Engines Go/Percy.nfc,nfc,Tonies,Bruce-Scripts-Heaven_RFID/Toniebox,moved
sd_card_content/nfc/Tonies/Disney the Muppets/Kermit the Frog.nfc,nfc,Tonies,Bruce-Scripts-Heaven_RFID/Toniebox,moved
sd_card_content/nfc/Tonies/Care Bears/Cheer Bear.nfc,nfc,Tonies,Bruce-Scripts-Heaven_RFID/Toniebox,moved
sd_card_content/nfc/Tonies/Care Bears/Funshine Bear.nfc,nfc,Tonies,Bruce-Scripts-Heaven_RFID/Toniebox,moved
sd_card_content/nfc/Tonies/DC/Batman.nfc,nfc,Tonies,Bruce-Scripts-Heaven_RFID/Toniebox,moved
sd_card_content/nfc/Tonies/DC/Wonder Woman.nfc,nfc,Tonies,Bruce-Scripts-Heaven_RFID/Toniebox,moved
sd_card_content/nfc/Access_Control_and_Dictionaries/ReadMe.md,nfc,Access_Control_and_Dictionaries,UberGuidoZ_H10301_RFID_Bruteforce,hash-merged-conflict-suffixed
sd_card_content/nfc/Access_Control_and_Dictionaries/ReadMe_alt.md,nfc,Access_Control_and_Dictionaries,UberGuidoZ_Mifare_Classic_Dict,hash-merged-conflict-suffixed
sd_card_content/nfc/Access_Control_and_Dictionaries/Non-RRG_Keys_Only.nfc,nfc,Access_Control_and_Dictionaries,UberGuidoZ_Mifare_Classic_Dict,moved
sd_card_content/nfc/Access_Control_and_Dictionaries/mf_classic_dict.nfc,nfc,Access_Control_and_Dictionaries,Bruce-Scripts-Heaven_RFID/mf_classic_dict,moved
sd_card_content/nfc/Access_Control_and_Dictionaries/mf_classic_dict_user.nfc,nfc,Access_Control_and_Dictionaries,Bruce-Scripts-Heaven_RFID/mf_classic_dict,moved
sd_card_content/nfc/Community_Misc/Call_112.nfc,nfc,Community_Misc,Bruce-Scripts-Heaven_RFID/Calling,moved
sd_card_content/nfc/Community_Misc/Call_911.nfc,nfc,Community_Misc,Bruce-Scripts-Heaven_RFID/Calling,moved
sd_card_content/nfc/Community_Misc/CodinGame.nfc,nfc,Community_Misc,Bruce-Scripts-Heaven_RFID/NFC_Files,moved
sd_card_content/nfc/Community_Misc/GER_postillon.nfc,nfc,Community_Misc,Bruce-Scripts-Heaven_RFID/NFC_Files,moved
sd_card_content/nfc/Community_Misc/101_Useful_Sites.nfc,nfc,Community_Misc,Bruce-Scripts-Heaven_RFID/NFC_Files,moved
sd_card_content/nfc/Community_Misc/Win93_Trolls_213.nfc,nfc,Community_Misc,Bruce-Scripts-Heaven_RFID/NFC_Files,moved
sd_card_content/nfc/Community_Misc/99Things_213.nfc,nfc,Community_Misc,Bruce-Scripts-Heaven_RFID/NFC_Files,moved
sd_card_content/nfc/Community_Misc/ASCII_ARCHIVE.nfc,nfc,Community_Misc,Bruce-Scripts-Heaven_RFID/NFC_Files,moved
sd_card_content/nfc/Community_Misc/GeoGuesser.nfc,nfc,Community_Misc,Bruce-Scripts-Heaven_RFID/NFC_Files,moved
sd_card_content/nfc/Community_Misc/Google_Gravity.nfc,nfc,Community_Misc,Bruce-Scripts-Heaven_RFID/NFC_Files,moved
sd_card_content/nfc/Community_Misc/RevShells_213.nfc,nfc,Community_Misc,Bruce-Scripts-Heaven_RFID/NFC_Files,moved
sd_card_content/nfc/Community_Misc/WayBackMachine.nfc,nfc,Community_Misc,Bruce-Scripts-Heaven_RFID/NFC_Files,moved
sd_card_content/nfc/Community_Misc/MobileUpdate_213.nfc,nfc,Community_Misc,Bruce-Scripts-Heaven_RFID/NFC_Files,moved
sd_card_content/nfc/Community_Misc/ShitInABox.nfc,nfc,Community_Misc,Bruce-Scripts-Heaven_RFID/NFC_Files,moved
sd_card_content/nfc/Community_Misc/FlipperZeroCLI.nfc,nfc,Community_Misc,Bruce-Scripts-Heaven_RFID/NFC_Files,moved
sd_card_content/nfc/Community_Misc/OneSquareMinesweeper.nfc,nfc,Community_Misc,Bruce-Scripts-Heaven_RFID/NFC_Files,moved
sd_card_content/nfc/Community_Misc/Pointer_Troll_213.nfc,nfc,Community_Misc,Bruce-Scripts-Heaven_RFID/NFC_Files,moved
sd_card_content/nfc/Community_Misc/Google1980_213.nfc,nfc,Community_Misc,Bruce-Scripts-Heaven_RFID/NFC_Files,moved
sd_card_content/nfc/Community_Misc/Akinator_DE_213.nfc,nfc,Community_Misc,Bruce-Scripts-Heaven_RFID/NFC_Files,moved
sd_card_content/nfc/Community_Misc/CheckBoxOlympics.nfc,nfc,Community_Misc,Bruce-Scripts-Heaven_RFID/NFC_Files,moved
sd_card_content/nfc/Community_Misc/HackTyper_213.nfc,nfc,Community_Misc,Bruce-Scripts-Heaven_RFID/NFC_Files,moved
sd_card_content/nfc/Community_Misc/z0r_213.nfc,nfc,Community_Misc,Bruce-Scripts-Heaven_RFID/NFC_Files,moved
sd_card_content/nfc/Community_Misc/Red_Button_213.nfc,nfc,Community_Misc,Bruce-Scripts-Heaven_RFID/NFC_Files,moved
sd_card_content/nfc/Community_Misc/WaterGoogle_213.nfc,nfc,Community_Misc,Bruce-Scripts-Heaven_RFID/NFC_Files,moved
sd_card_content/nfc/Community_Misc/GTAV-Geoguesser.nfc,nfc,Community_Misc,Bruce-Scripts-Heaven_RFID/NFC_Files,moved
sd_card_content/nfc/Community_Misc/Google_Eastereggs_213.nfc,nfc,Community_Misc,Bruce-Scripts-Heaven_RFID/NFC_Files,moved
sd_card_content/nfc/Community_Misc/InternetMap.nfc,nfc,Community_Misc,Bruce-Scripts-Heaven_RFID/NFC_Files,moved
sd_card_content/nfc/Community_Misc/MonkeyType.nfc,nfc,Community_Misc,Bruce-Scripts-Heaven_RFID/NFC_Files,moved
sd_card_content/nfc/Community_Misc/BlankWindows_213.nfc,nfc,Community_Misc,Bruce-Scripts-Heaven_RFID/NFC_Files,moved
sd_card_content/nfc/Community_Misc/PrankOwl.nfc,nfc,Community_Misc,Bruce-Scripts-Heaven_RFID/NFC_Files,moved
sd_card_content/nfc/Community_Misc/PC_FakeUpdate.nfc,nfc,Community_Misc,Bruce-Scripts-Heaven_RFID/NFC_Files,moved
sd_card_content/nfc/Community_Misc/OneMillionLOL_213.nfc,nfc,Community_Misc,Bruce-Scripts-Heaven_RFID/NFC_Files,moved
sd_card_content/nfc/Community_Misc/RandomUselessSite_213.nfc,nfc,Community_Misc,Bruce-Scripts-Heaven_RFID/NFC_Files,moved
sd_card_content/nfc/Community_Misc/10FastFingers.nfc,nfc,Community_Misc,Bruce-Scripts-Heaven_RFID/NFC_Files,moved
sd_card_content/nfc/Community_Misc/FloatingQR.nfc,nfc,Community_Misc,Bruce-Scripts-Heaven_RFID/NFC_Files,moved
sd_card_content/nfc/Community_Misc/MD5_Generator.nfc,nfc,Community_Misc,Bruce-Scripts-Heaven_RFID/NFC_Files,moved
sd_card_content/nfc/Community_Misc/Ascii_213.nfc,nfc,Community_Misc,Bruce-Scripts-Heaven_RFID/NFC_Files,moved
sd_card_content/nfc/Community_Misc/UnfairMario.nfc,nfc,Community_Misc,Bruce-Scripts-Heaven_RFID/NFC_Files,moved
sd_card_content/nfc/Community_Misc/Random_Person_213.nfc,nfc,Community_Misc,Bruce-Scripts-Heaven_RFID/NFC_Files,moved
sd_card_content/nfc/Community_Misc/Akinator_EN_213.nfc,nfc,Community_Misc,Bruce-Scripts-Heaven_RFID/NFC_Files,moved
sd_card_content/nfc/Community_Misc/Emkei_Email_213.nfc,nfc,Community_Misc,Bruce-Scripts-Heaven_RFID/NFC_Files,moved
sd_card_content/nfc/Community_Misc/NyanCat_10h.nfc,nfc,Community_Misc,Bruce-Scripts-Heaven_RFID/NFC_YouTube,moved
sd_card_content/nfc/Community_Misc/EN_ASDFmovie_FULL.nfc,nfc,Community_Misc,Bruce-Scripts-Heaven_RFID/NFC_YouTube,moved
sd_card_content/nfc/Community_Misc/HubPtroll_213.nfc,nfc,Community_Misc,Bruce-Scripts-Heaven_RFID/NFC_YouTube,moved
sd_card_content/nfc/Community_Misc/Deja_Vue.nfc,nfc,Community_Misc,Bruce-Scripts-Heaven_RFID/NFC_YouTube,moved
sd_card_content/nfc/Community_Misc/Spoon_Killer.nfc,nfc,Community_Misc,Bruce-Scripts-Heaven_RFID/NFC_YouTube,moved
sd_card_content/nfc/Community_Misc/EN_RedandBlue_P1.nfc,nfc,Community_Misc,Bruce-Scripts-Heaven_RFID/NFC_YouTube,moved
sd_card_content/nfc/Community_Misc/Bambi_213.nfc,nfc,Community_Misc,Bruce-Scripts-Heaven_RFID/NFC_YouTube,moved
sd_card_content/nfc/Community_Misc/Use_Condoms.nfc,nfc,Community_Misc,Bruce-Scripts-Heaven_RFID/NFC_YouTube,moved
sd_card_content/nfc/Community_Misc/CatinaBand.nfc,nfc,Community_Misc,Bruce-Scripts-Heaven_RFID/NFC_YouTube,moved
sd_card_content/nfc/Community_Misc/Turtle_Moan.nfc,nfc,Community_Misc,Bruce-Scripts-Heaven_RFID/NFC_YouTube,moved
sd_card_content/nfc/Community_Misc/Remi_Gaillard_BestOf.nfc,nfc,Community_Misc,Bruce-Scripts-Heaven_RFID/NFC_YouTube,moved
sd_card_content/nfc/Community_Misc/Letsgameitout.nfc,nfc,Community_Misc,Bruce-Scripts-Heaven_RFID/NFC_YouTube,moved
sd_card_content/nfc/Community_Misc/Jack_Rhysider.nfc,nfc,Community_Misc,Bruce-Scripts-Heaven_RFID/NFC_YouTube,moved
sd_card_content/nfc/Community_Misc/Angry_Panda.nfc,nfc,Community_Misc,Bruce-Scripts-Heaven_RFID/NFC_YouTube,moved
sd_card_content/nfc/Community_Misc/YallGotACig_remix.nfc,nfc,Community_Misc,Bruce-Scripts-Heaven_RFID/NFC_YouTube,moved
sd_card_content/nfc/Community_Misc/GER_RedandBlue_P1.nfc,nfc,Community_Misc,Bruce-Scripts-Heaven_RFID/NFC_YouTube,moved
sd_card_content/nfc/Community_Misc/GER_ASDFmovie_FULL.nfc,nfc,Community_Misc,Bruce-Scripts-Heaven_RFID/NFC_YouTube,moved
sd_card_content/nfc/Community_Misc/LoiLiangYang.nfc,nfc,Community_Misc,Bruce-Scripts-Heaven_RFID/NFC_YouTube,moved
sd_card_content/nfc/Community_Misc/MonkeyOnTheCar_FOff.nfc,nfc,Community_Misc,Bruce-Scripts-Heaven_RFID/NFC_YouTube,moved
sd_card_content/nfc/Community_Misc/Delet_My_Pc.nfc,nfc,Community_Misc,Bruce-Scripts-Heaven_RFID/NFC_YouTube,moved
sd_card_content/nfc/Community_Misc/EldenRing_Cartoon.nfc,nfc,Community_Misc,Bruce-Scripts-Heaven_RFID/NFC_YouTube,moved
sd_card_content/nfc/Community_Misc/Network_Chuck.nfc,nfc,Community_Misc,Bruce-Scripts-Heaven_RFID/NFC_YouTube,moved
sd_card_content/nfc/Community_Misc/David_Bombal.nfc,nfc,Community_Misc,Bruce-Scripts-Heaven_RFID/NFC_YouTube,moved
sd_card_content/nfc/Community_Misc/spb_Sever_cyfral.rfid,nfc,Community_Misc,Bruce-Scripts-Heaven_RFID/random,moved
sd_card_content/nfc/Community_Misc/spb_B3vis.rfid,nfc,Community_Misc,Bruce-Scripts-Heaven_RFID/random,moved
sd_card_content/nfc/Community_Misc/spb_B1vis-kgn_EM4100-msk.rfid,nfc,Community_Misc,Bruce-Scripts-Heaven_RFID/random,moved
sd_card_content/nfc/Community_Misc/spb_B6_cyfral.rfid,nfc,Community_Misc,Bruce-Scripts-Heaven_RFID/random,moved
sd_card_content/nfc/Community_Misc/kgn_EM4100_1.rfid,nfc,Community_Misc,Bruce-Scripts-Heaven_RFID/random,moved
sd_card_content/nfc/Community_Misc/star_EMetakom.rfid,nfc,Community_Misc,Bruce-Scripts-Heaven_RFID/random,moved
sd_card_content/nfc/Community_Misc/spb_Frunzenskii_cyfral.rfid,nfc,Community_Misc,Bruce-Scripts-Heaven_RFID/random,moved
sd_card_content/nfc/Community_Misc/spb_B2vis.rfid,nfc,Community_Misc,Bruce-Scripts-Heaven_RFID/random,moved
sd_card_content/nfc/Community_Misc/spb_B4vis.rfid,nfc,Community_Misc,Bruce-Scripts-Heaven_RFID/random,moved
sd_card_content/nfc/Community_Misc/msk_M3.rfid,nfc,Community_Misc,Bruce-Scripts-Heaven_RFID/random,moved
sd_card_content/nfc/Community_Misc/star_ECyfral.rfid,nfc,Community_Misc,Bruce-Scripts-Heaven_RFID/random,moved
sd_card_content/nfc/Community_Misc/spb_Nevskii_cyfral.rfid,nfc,Community_Misc,Bruce-Scripts-Heaven_RFID/random,moved
sd_card_content/nfc/Community_Misc/spb_Center_cyfral.rfid,nfc,Community_Misc,Bruce-Scripts-Heaven_RFID/random,moved
sd_card_content/nfc/Community_Misc/Empty.rfid,nfc,Community_Misc,Bruce-Scripts-Heaven_RFID/StarRFID,moved
sd_card_content/nfc/Community_Misc/VIZ_3XX.rfid,nfc,Community_Misc,Bruce-Scripts-Heaven_RFID/StarRFID,moved
sd_card_content/nfc/Community_Misc/EMetakom.rfid,nfc,Community_Misc,Bruce-Scripts-Heaven_RFID/StarRFID,moved
sd_card_content/nfc/Community_Misc/CCD20.rfid,nfc,Community_Misc,Bruce-Scripts-Heaven_RFID/StarRFID,moved
sd_card_content/nfc/Community_Misc/ECyfral.rfid,nfc,Community_Misc,Bruce-Scripts-Heaven_RFID/StarRFID,moved
sd_card_content/nfc/Community_Misc/VIZ.rfid,nfc,Community_Misc,Bruce-Scripts-Heaven_RFID/StarRFID,moved
sd_card_content/nfc/Community_Misc/Dave_and_busters.nfc,nfc,Community_Misc,Bruce-Scripts-Heaven_RFID/Trolling,moved
sd_card_content/nfc/Community_Misc/Poway_hotel.nfc,nfc,Community_Misc,Bruce-Scripts-Heaven_RFID/Trolling,moved
sd_card_content/nfc/Community_Misc/Hotel_poway.nfc,nfc,Community_Misc,Bruce-Scripts-Heaven_RFID/Trolling,moved
sd_card_content/nfc/Community_Misc/Rickroll_noad.nfc,nfc,Community_Misc,Bruce-Scripts-Heaven_RFID/Trolling,moved
sd_card_content/nfc/Community_Misc/Rickroll No ADS.nfc,nfc,Community_Misc,Bruce-Scripts-Heaven_RFID/Trolling,moved
sd_card_content/nfc/Community_Misc/UMC.nfc,nfc,Community_Misc,Bruce-Scripts-Heaven_RFID/Trolling,moved
sd_card_content/nfc/Community_Misc/Talking_sasquach.nfc,nfc,Community_Misc,Bruce-Scripts-Heaven_RFID/Trolling,moved
sd_card_content/nfc/Community_Misc/Mvha_all_access.nfc,nfc,Community_Misc,Bruce-Scripts-Heaven_RFID/Trolling,moved
sd_card_content/nfc/Community_Misc/Empty_NTAG203.nfc,nfc,Community_Misc,Bruce-Scripts-Heaven_RFID/Trolling,moved
sd_card_content/nfc/Community_Misc/Xempty_213.nfc,nfc,Community_Misc,Bruce-Scripts-Heaven_RFID/Trolling,moved
sd_card_content/nfc/Community_Misc/S202206171104.nfc,nfc,Community_Misc,Bruce-Scripts-Heaven_RFID/Trolling,moved
sd_card_content/nfc/Community_Misc/Ucla_sm_hospital.nfc,nfc,Community_Misc,Bruce-Scripts-Heaven_RFID/Trolling,moved
sd_card_content/nfc/Community_Misc/Empty_NTAG213.nfc,nfc,Community_Misc,Bruce-Scripts-Heaven_RFID/Trolling,moved
sd_card_content/nfc/Community_Misc/Empty_NTAG216.nfc,nfc,Community_Misc,Bruce-Scripts-Heaven_RFID/Trolling,moved
sd_card_content/nfc/Community_Misc/ITC_Roll.nfc,nfc,Community_Misc,Bruce-Scripts-Heaven_RFID/Trolling,hash-merged-conflict-suffixed
sd_card_content/nfc/Community_Misc/ITC_Roll_alt.nfc,nfc,Community_Misc,UberGuidoZ_Fun_Files,hash-merged-conflict-suffixed
sd_card_content/nfc/Community_Misc/How_to_compile_DFU.nfc,nfc,Community_Misc,Bruce-Scripts-Heaven_RFID/Trolling,moved
sd_card_content/nfc/Community_Misc/Open_Android_flipper.nfc,nfc,Community_Misc,Bruce-Scripts-Heaven_RFID/Trolling,moved
sd_card_content/nfc/Community_Misc/NFC_Jelly.nfc,nfc,Community_Misc,Bruce-Scripts-Heaven_RFID/Trolling,moved
sd_card_content/nfc/Community_Misc/Unknown_thing.nfc,nfc,Community_Misc,Bruce-Scripts-Heaven_RFID/Trolling,moved
sd_card_content/nfc/Community_Misc/country_code.nfc,nfc,Community_Misc,Bruce-Scripts-Heaven_RFID/assets,moved
sd_card_content/nfc/Community_Misc/GuidoZ.nfc,nfc,Community_Misc,Bruce-Scripts-Heaven_RFID/assets,hash-merged-conflict-suffixed
sd_card_content/nfc/Community_Misc/GuidoZ_alt.nfc,nfc,Community_Misc,UberGuidoZ_Fun_Files,hash-merged-conflict-suffixed
sd_card_content/nfc/Community_Misc/RickRoll.nfc,nfc,Community_Misc,Bruce-Scripts-Heaven_RFID/assets,hash-merged-conflict-suffixed
sd_card_content/nfc/Community_Misc/RickRoll_alt.nfc,nfc,Community_Misc,UberGuidoZ_Fun_Files,hash-merged-conflict-suffixed
sd_card_content/nfc/Community_Misc/aid.nfc,nfc,Community_Misc,Bruce-Scripts-Heaven_RFID/assets,moved
sd_card_content/nfc/Community_Misc/Non-Prox_Keys_Only.nfc,nfc,Community_Misc,Bruce-Scripts-Heaven_RFID/assets,moved
sd_card_content/nfc/Community_Misc/mf_classic_dict.nfc,nfc,Community_Misc,Bruce-Scripts-Heaven_RFID/assets,moved
sd_card_content/nfc/Community_Misc/Google.nfc,nfc,Community_Misc,Bruce-Scripts-Heaven_RFID/assets,hash-merged-conflict-suffixed
sd_card_content/nfc/Community_Misc/Google_alt.nfc,nfc,Community_Misc,UberGuidoZ_Fun_Files,hash-merged-conflict-suffixed
sd_card_content/nfc/Community_Misc/currency_code.nfc,nfc,Community_Misc,Bruce-Scripts-Heaven_RFID/assets,moved
sd_card_content/nfc/Community_Misc/mf_classic_dict_user.nfc,nfc,Community_Misc,Bruce-Scripts-Heaven_RFID/assets,moved
sd_card_content/nfc/Community_Misc/Non-RRG_Keys_Only.nfc,nfc,Community_Misc,Bruce-Scripts-Heaven_RFID/assets,moved
sd_card_content/nfc/Community_Misc/VizOff.rfid,nfc,Community_Misc,Bruce-Scripts-Heaven_RFID/VizOff.rfid,moved
sd_card_content/nfc/Community_Misc/Flipper_wifi_connect.nfc,nfc,Community_Misc,UberGuidoZ_Fun_Files,moved
sd_card_content/nfc/Community_Misc/ReadMe.md,nfc,Community_Misc,UberGuidoZ_Fun_Files,moved
sd_card_content/nfc/Community_Misc/Go2_Flipper.nfc,nfc,Community_Misc,UberGuidoZ_Fun_Files,moved
