new_path,function,bucket,original_vendor_folder,merge_type
sd_card_content/badusb_extra_payloads/BadUsb-Library/README.md,badusb,_root,BadUsb-Library,reparented
sd_card_content/badusb_extra_payloads/command_control/Unix-like/macOS/directly_ready/BadUsb-Library/Backdoor-Shell.txt,badusb,command_control,BadUsb-Library,reparented
sd_card_content/badusb_extra_payloads/command_control/Unix-like/macOS/directly_ready/BadUsb-Library/Reverse-Shell.txt,badusb,command_control,BadUsb-Library,reparented
sd_card_content/badusb_extra_payloads/command_control/Unix-like/macOS/directly_ready/BadUsb-Library/Reverse-Shell-Netcat.txt,badusb,command_control,BadUsb-Library,reparented
sd_card_content/badusb_extra_payloads/command_control/Unix-like/macOS/configuration_needed/BadUsb-Library/Telegram-C2-Client.txt,badusb,command_control,BadUsb-Library,reparented
sd_card_content/badusb_extra_payloads/command_control/Unix-like/macOS/configuration_needed/BadUsb-Library/Telegram-Bot.txt,badusb,command_control,BadUsb-Library,reparented
sd_card_content/badusb_extra_payloads/command_control/Unix-like/Linux/directly_ready/BadUsb-Library/Netcat-Listener.txt,badusb,command_control,BadUsb-Library,reparented
sd_card_content/badusb_extra_payloads/command_control/Unix-like/Linux/directly_ready/BadUsb-Library/Reverse-Shell.txt,badusb,command_control,BadUsb-Library,reparented
sd_card_content/badusb_extra_payloads/command_control/Unix-like/Linux/configuration_needed/BadUsb-Library/Telegram-Bot.txt,badusb,command_control,BadUsb-Library,reparented
sd_card_content/badusb_extra_payloads/command_control/Win/directly_ready/BadUsb-Library/payloadonline.txt,badusb,command_control,BadUsb-Library,reparented
sd_card_content/badusb_extra_payloads/command_control/Win/directly_ready/BadUsb-Library/Disable_Windows_Defender22H2.txt,badusb,command_control,BadUsb-Library,reparented
sd_card_content/badusb_extra_payloads/command_control/Win/directly_ready/BadUsb-Library/BadUSB_adminAccountCreator.txt,badusb,command_control,BadUsb-Library,reparented
sd_card_content/badusb_extra_payloads/command_control/Win/directly_ready/BadUsb-Library/payload.txt,badusb,command_control,BadUsb-Library,reparented
sd_card_content/badusb_extra_payloads/command_control/Win/directly_ready/BadUsb-Library/ADD_ADMIN.txt,badusb,command_control,BadUsb-Library,reparented
sd_card_content/badusb_extra_payloads/command_control/Win/directly_ready/BadUsb-Library/DuckyHelper.txt,badusb,command_control,BadUsb-Library,reparented
sd_card_content/badusb_extra_payloads/command_control/Win/configuration_needed/BadUsb-Library/Telegram Reverse Shell.txt,badusb,command_control,BadUsb-Library,reparented
sd_card_content/badusb_extra_payloads/command_control/Win/configuration_needed/BadUsb-Library/Discord-Reverse-Shell.txt,badusb,command_control,BadUsb-Library,reparented
sd_card_content/badusb_extra_payloads/command_control/Win/configuration_needed/BadUsb-Library/Discord C2 Client.txt,badusb,command_control,BadUsb-Library,reparented
sd_card_content/badusb_extra_payloads/command_control/Win/configuration_needed/BadUsb-Library/Desktop Screenshare over Netcat.txt,badusb,command_control,BadUsb-Library,reparented
sd_card_content/badusb_extra_payloads/command_control/Win/configuration_needed/BadUsb-Library/Uvnc-Remote-Desktop.txt,badusb,command_control,BadUsb-Library,reparented
sd_card_content/badusb_extra_payloads/command_control/Win/configuration_needed/BadUsb-Library/Simple-Netcat-Client.txt,badusb,command_control,BadUsb-Library,reparented
sd_card_content/badusb_extra_payloads/command_control/Android/directly_ready/BadUsb-Library/ADB-Backdoor.txt,badusb,command_control,BadUsb-Library,reparented
sd_card_content/badusb_extra_payloads/data_exfiltration/Unix-like/macOS/directly_ready/BadUsb-Library/Documents-Stealer.txt,badusb,data_exfiltration,BadUsb-Library,reparented
sd_card_content/badusb_extra_payloads/data_exfiltration/Unix-like/macOS/directly_ready/BadUsb-Library/USB-Data-Copier.txt,badusb,data_exfiltration,BadUsb-Library,reparented
sd_card_content/badusb_extra_payloads/data_exfiltration/Unix-like/macOS/directly_ready/BadUsb-Library/Desktop-Copier.txt,badusb,data_exfiltration,BadUsb-Library,reparented
sd_card_content/badusb_extra_payloads/data_exfiltration/Unix-like/macOS/configuration_needed/BadUsb-Library/File-Exfiltrator-Telegram.txt,badusb,data_exfiltration,BadUsb-Library,reparented
sd_card_content/badusb_extra_payloads/data_exfiltration/Unix-like/macOS/configuration_needed/BadUsb-Library/File-Uploader-Telegram.txt,badusb,data_exfiltration,BadUsb-Library,reparented
sd_card_content/badusb_extra_payloads/data_exfiltration/Unix-like/Linux/directly_ready/BadUsb-Library/Desktop-Copier.txt,badusb,data_exfiltration,BadUsb-Library,reparented
sd_card_content/badusb_extra_payloads/data_exfiltration/Unix-like/Linux/directly_ready/BadUsb-Library/Config-Files-Stealer.txt,badusb,data_exfiltration,BadUsb-Library,reparented
sd_card_content/badusb_extra_payloads/data_exfiltration/Unix-like/Linux/configuration_needed/BadUsb-Library/File-Uploader-Telegram.txt,badusb,data_exfiltration,BadUsb-Library,reparented
sd_card_content/badusb_extra_payloads/data_exfiltration/Win/directly_ready/BadUsb-Library/Exfiltrate-to-USB.txt,badusb,data_exfiltration,BadUsb-Library,reparented
sd_card_content/badusb_extra_payloads/data_exfiltration/Win/directly_ready/BadUsb-Library/passStealer.txt,badusb,data_exfiltration,BadUsb-Library,reparented
sd_card_content/badusb_extra_payloads/data_exfiltration/Win/directly_ready/BadUsb-Library/duckyscript.txt,badusb,data_exfiltration,BadUsb-Library,reparented
sd_card_content/badusb_extra_payloads/data_exfiltration/Win/configuration_needed/BadUsb-Library/Webcam-to-Discord.txt,badusb,data_exfiltration,BadUsb-Library,reparented
sd_card_content/badusb_extra_payloads/data_exfiltration/Win/configuration_needed/BadUsb-Library/Exfiltrate-to-Telegram.txt,badusb,data_exfiltration,BadUsb-Library,reparented
sd_card_content/badusb_extra_payloads/data_exfiltration/Win/configuration_needed/BadUsb-Library/Screenshot-to-Telegram.txt,badusb,data_exfiltration,BadUsb-Library,reparented
sd_card_content/badusb_extra_payloads/data_exfiltration/Win/configuration_needed/BadUsb-Library/Exfiltrate-to-Discord.txt,badusb,data_exfiltration,BadUsb-Library,reparented
sd_card_content/badusb_extra_payloads/data_exfiltration/Win/configuration_needed/BadUsb-Library/Screenshot-to-Discord.txt,badusb,data_exfiltration,BadUsb-Library,reparented
sd_card_content/badusb_extra_payloads/data_exfiltration/Win/configuration_needed/BadUsb-Library/Record-Mic-to-Discord.txt,badusb,data_exfiltration,BadUsb-Library,reparented
sd_card_content/badusb_extra_payloads/data_exfiltration/Win/configuration_needed/BadUsb-Library/Exfiltrate-to-Dropbox.txt,badusb,data_exfiltration,BadUsb-Library,reparented
sd_card_content/badusb_extra_payloads/data_exfiltration/Win/configuration_needed/BadUsb-Library/Record-Screen-to-Discord.txt,badusb,data_exfiltration,BadUsb-Library,reparented
sd_card_content/badusb_extra_payloads/data_exfiltration/Win/configuration_needed/BadUsb-Library/duckyscript.txt,badusb,data_exfiltration,BadUsb-Library,reparented
sd_card_content/badusb_extra_payloads/data_exfiltration/Win/configuration_needed/BadUsb-Library/Browser-History-to-Discord.txt,badusb,data_exfiltration,BadUsb-Library,reparented
sd_card_content/badusb_extra_payloads/data_exfiltration/Android/directly_ready/BadUsb-Library/File-Explorer-Stealer.txt,badusb,data_exfiltration,BadUsb-Library,reparented
sd_card_content/badusb_extra_payloads/utilities/Unix-like/macOS/directly_ready/BadUsb-Library/System-Cleaner.txt,badusb,utilities,BadUsb-Library,reparented
sd_card_content/badusb_extra_payloads/utilities/Unix-like/macOS/directly_ready/BadUsb-Library/System-Monitor.txt,badusb,utilities,BadUsb-Library,reparented
sd_card_content/badusb_extra_payloads/utilities/Unix-like/macOS/directly_ready/BadUsb-Library/System-Info.txt,badusb,utilities,BadUsb-Library,reparented
sd_card_content/badusb_extra_payloads/utilities/Unix-like/macOS/configuration_needed/BadUsb-Library/Remote-Info-Telegram.txt,badusb,utilities,BadUsb-Library,reparented
sd_card_content/badusb_extra_payloads/utilities/Unix-like/Linux/directly_ready/BadUsb-Library/System-Optimizer.txt,badusb,utilities,BadUsb-Library,reparented
sd_card_content/badusb_extra_payloads/utilities/Unix-like/Linux/directly_ready/BadUsb-Library/System-Monitor.txt,badusb,utilities,BadUsb-Library,reparented
sd_card_content/badusb_extra_payloads/utilities/Win/directly_ready/BadUsb-Library/Download-Execute from Run Prompt.txt,badusb,utilities,BadUsb-Library,reparented
sd_card_content/badusb_extra_payloads/utilities/Win/directly_ready/BadUsb-Library/Disable RT-Protection through GUI.txt,badusb,utilities,BadUsb-Library,reparented
sd_card_content/badusb_extra_payloads/utilities/Win/directly_ready/BadUsb-Library/super_mario_notes.txt,badusb,utilities,BadUsb-Library,reparented
sd_card_content/badusb_extra_payloads/utilities/Win/directly_ready/BadUsb-Library/Add Exclusion C-drive.txt,badusb,utilities,BadUsb-Library,reparented
sd_card_content/badusb_extra_payloads/utilities/Win/directly_ready/BadUsb-Library/Subscribe.txt,badusb,utilities,BadUsb-Library,reparented
sd_card_content/badusb_extra_payloads/utilities/Win/directly_ready/BadUsb-Library/Downgrade-PS-Win11.txt,badusb,utilities,BadUsb-Library,reparented
sd_card_content/badusb_extra_payloads/utilities/Win/directly_ready/BadUsb-Library/game_of_thrones_notes.txt,badusb,utilities,BadUsb-Library,reparented
sd_card_content/badusb_extra_payloads/utilities/Win/directly_ready/BadUsb-Library/Update Windows in Powershell.txt,badusb,utilities,BadUsb-Library,reparented
sd_card_content/badusb_extra_payloads/utilities/Win/directly_ready/BadUsb-Library/Local-FileServer-for-Exfiltration.txt,badusb,utilities,BadUsb-Library,reparented
sd_card_content/badusb_extra_payloads/utilities/Win/directly_ready/BadUsb-Library/Hotfixes-List-Warning.txt,badusb,utilities,BadUsb-Library,reparented
sd_card_content/badusb_extra_payloads/utilities/Win/directly_ready/BadUsb-Library/Set US Keyboard & System Language.txt,badusb,utilities,BadUsb-Library,reparented
sd_card_content/badusb_extra_payloads/utilities/Win/directly_ready/BadUsb-Library/Base64 Decode & Execute.txt,badusb,utilities,BadUsb-Library,reparented
sd_card_content/badusb_extra_payloads/utilities/Win/directly_ready/BadUsb-Library/Webhook-Test-Tool.txt,badusb,utilities,BadUsb-Library,reparented
sd_card_content/badusb_extra_payloads/utilities/Win/directly_ready/BadUsb-Library/Filetype-Organizer.txt,badusb,utilities,BadUsb-Library,reparented
sd_card_content/badusb_extra_payloads/utilities/Win/directly_ready/BadUsb-Library/US-Keyboard.txt,badusb,utilities,BadUsb-Library,reparented
sd_card_content/badusb_extra_payloads/utilities/Win/directly_ready/BadUsb-Library/Clean-History.txt,badusb,utilities,BadUsb-Library,reparented
sd_card_content/badusb_extra_payloads/utilities/Win/directly_ready/BadUsb-Library/MonaLisa.txt,badusb,utilities,BadUsb-Library,reparented
sd_card_content/badusb_extra_payloads/utilities/Win/configuration_needed/BadUsb-Library/Beigeworms-Tool-Suite.txt,badusb,utilities,BadUsb-Library,reparented
sd_card_content/badusb_extra_payloads/collection/Unix-like/macOS/directly_ready/BadUsb-Library/Camera-Capture.txt,badusb,collection,BadUsb-Library,reparented
sd_card_content/badusb_extra_payloads/collection/Unix-like/macOS/directly_ready/BadUsb-Library/Screenshot-Taker.txt,badusb,collection,BadUsb-Library,reparented
sd_card_content/badusb_extra_payloads/collection/Unix-like/macOS/directly_ready/BadUsb-Library/Screen-Recorder.txt,badusb,collection,BadUsb-Library,reparented
sd_card_content/badusb_extra_payloads/collection/Unix-like/macOS/configuration_needed/BadUsb-Library/System-Info-Telegram.txt,badusb,collection,BadUsb-Library,reparented
sd_card_content/badusb_extra_payloads/collection/Unix-like/macOS/configuration_needed/BadUsb-Library/Browser-History-Telegram.txt,badusb,collection,BadUsb-Library,reparented
sd_card_content/badusb_extra_payloads/collection/Unix-like/Linux/directly_ready/BadUsb-Library/Screenshot-Taker.txt,badusb,collection,BadUsb-Library,reparented
sd_card_content/badusb_extra_payloads/collection/Unix-like/Linux/directly_ready/BadUsb-Library/Webcam-Capture.txt,badusb,collection,BadUsb-Library,reparented
sd_card_content/badusb_extra_payloads/collection/Unix-like/Linux/configuration_needed/BadUsb-Library/System-Info-Telegram.txt,badusb,collection,BadUsb-Library,reparented
sd_card_content/badusb_extra_payloads/collection/Win/directly_ready/BadUsb-Library/VM-Detection-Report.txt,badusb,collection,BadUsb-Library,reparented
sd_card_content/badusb_extra_payloads/collection/Win/configuration_needed/BadUsb-Library/File-Changes-to-Discord.txt,badusb,collection,BadUsb-Library,reparented
sd_card_content/badusb_extra_payloads/collection/Win/configuration_needed/BadUsb-Library/Mouse-Activity-to-Discord.txt,badusb,collection,BadUsb-Library,reparented
sd_card_content/badusb_extra_payloads/collection/Android/directly_ready/BadUsb-Library/Screenshot-Taker.txt,badusb,collection,BadUsb-Library,reparented
sd_card_content/badusb_extra_payloads/collection/Android/directly_ready/BadUsb-Library/Contact-Stealer.txt,badusb,collection,BadUsb-Library,reparented
sd_card_content/badusb_extra_payloads/collection/Android/configuration_needed/BadUsb-Library/Device-Info-Telegram.txt,badusb,collection,BadUsb-Library,reparented
sd_card_content/badusb_extra_payloads/collection/Android/configuration_needed/BadUsb-Library/Media-Stealer-Telegram.txt,badusb,collection,BadUsb-Library,reparented
sd_card_content/badusb_extra_payloads/collection/iOS/directly_ready/BadUsb-Library/Screenshot-Taker.txt,badusb,collection,BadUsb-Library,reparented
sd_card_content/badusb_extra_payloads/collection/iOS/directly_ready/BadUsb-Library/Photo-Stealer.txt,badusb,collection,BadUsb-Library,reparented
sd_card_content/badusb_extra_payloads/collection/iOS/configuration_needed/BadUsb-Library/Device-Info-Telegram.txt,badusb,collection,BadUsb-Library,reparented
sd_card_content/badusb_extra_payloads/social_engineering/Unix-like/macOS/directly_ready/BadUsb-Library/Fake-Security-Alert.txt,badusb,social_engineering,BadUsb-Library,reparented
sd_card_content/badusb_extra_payloads/social_engineering/Unix-like/macOS/directly_ready/BadUsb-Library/Fake-Update.txt,badusb,social_engineering,BadUsb-Library,reparented
sd_card_content/badusb_extra_payloads/social_engineering/Unix-like/macOS/configuration_needed/BadUsb-Library/Phishing-Site-Opener.txt,badusb,social_engineering,BadUsb-Library,reparented
sd_card_content/badusb_extra_payloads/social_engineering/Unix-like/Linux/directly_ready/BadUsb-Library/Fake-Update-Notification.txt,badusb,social_engineering,BadUsb-Library,reparented
sd_card_content/badusb_extra_payloads/social_engineering/Unix-like/Linux/configuration_needed/BadUsb-Library/Phishing-Site-Opener.txt,badusb,social_engineering,BadUsb-Library,reparented
sd_card_content/badusb_extra_payloads/social_engineering/Win/configuration_needed/BadUsb-Library/Google-Phish-to-Discord.txt,badusb,social_engineering,BadUsb-Library,reparented
sd_card_content/badusb_extra_payloads/social_engineering/Win/configuration_needed/BadUsb-Library/Webhook-Spammer-GUI.txt,badusb,social_engineering,BadUsb-Library,reparented
sd_card_content/badusb_extra_payloads/social_engineering/Win/configuration_needed/BadUsb-Library/Google Login Phish to Discord.txt,badusb,social_engineering,BadUsb-Library,reparented
sd_card_content/badusb_extra_payloads/discovery/Unix-like/macOS/directly_ready/BadUsb-Library/Network-Info.txt,badusb,discovery,BadUsb-Library,reparented
sd_card_content/badusb_extra_payloads/discovery/Unix-like/macOS/directly_ready/BadUsb-Library/Network-Scanner.txt,badusb,discovery,BadUsb-Library,reparented
sd_card_content/badusb_extra_payloads/discovery/Unix-like/macOS/directly_ready/BadUsb-Library/System-Profiler.txt,badusb,discovery,BadUsb-Library,reparented
sd_card_content/badusb_extra_payloads/discovery/Unix-like/macOS/configuration_needed/BadUsb-Library/System-Reconnaissance-Telegram.txt,badusb,discovery,BadUsb-Library,reparented
sd_card_content/badusb_extra_payloads/discovery/Unix-like/macOS/configuration_needed/BadUsb-Library/System-Info-Telegram.txt,badusb,discovery,BadUsb-Library,reparented
sd_card_content/badusb_extra_payloads/discovery/Unix-like/Linux/directly_ready/BadUsb-Library/System-Info-Gatherer.txt,badusb,discovery,BadUsb-Library,reparented
sd_card_content/badusb_extra_payloads/discovery/Win/directly_ready/BadUsb-Library/Network-Enumeration-GUI.txt,badusb,discovery,BadUsb-Library,reparented
sd_card_content/badusb_extra_payloads/reconnaissance/Unix-like/macOS/directly_ready/BadUsb-Library/Network-Scanner.txt,badusb,reconnaissance,BadUsb-Library,reparented
sd_card_content/badusb_extra_payloads/reconnaissance/Unix-like/macOS/directly_ready/BadUsb-Library/Network-Mapper.txt,badusb,reconnaissance,BadUsb-Library,reparented
sd_card_content/badusb_extra_payloads/reconnaissance/Unix-like/Linux/directly_ready/BadUsb-Library/Network-Scanner.txt,badusb,reconnaissance,BadUsb-Library,reparented
sd_card_content/badusb_extra_payloads/reconnaissance/Unix-like/Linux/directly_ready/BadUsb-Library/Network-Scanner-Advanced.txt,badusb,reconnaissance,BadUsb-Library,reparented
sd_card_content/badusb_extra_payloads/reconnaissance/Win/directly_ready/BadUsb-Library/quackwget.txt,badusb,reconnaissance,BadUsb-Library,reparented
sd_card_content/badusb_extra_payloads/reconnaissance/Win/directly_ready/BadUsb-Library/payload.txt,badusb,reconnaissance,BadUsb-Library,reparented
sd_card_content/badusb_extra_payloads/reconnaissance/Win/directly_ready/BadUsb-Library/quackgitexfil.txt,badusb,reconnaissance,BadUsb-Library,reparented
sd_card_content/badusb_extra_payloads/reconnaissance/Win/directly_ready/BadUsb-Library/quackncexfil.txt,badusb,reconnaissance,BadUsb-Library,reparented
sd_card_content/badusb_extra_payloads/reconnaissance/Win/directly_ready/BadUsb-Library/quackpostexfil.txt,badusb,reconnaissance,BadUsb-Library,reparented
sd_card_content/badusb_extra_payloads/reconnaissance/Win/configuration_needed/BadUsb-Library/Desktop Screenshare over LAN.txt,badusb,reconnaissance,BadUsb-Library,reparented
sd_card_content/badusb_extra_payloads/reconnaissance/Win/configuration_needed/BadUsb-Library/Record-Screen-to-Discord.txt.txt,badusb,reconnaissance,BadUsb-Library,reparented
sd_card_content/badusb_extra_payloads/reconnaissance/Win/configuration_needed/BadUsb-Library/Exfiltrate Files to USB Drive.txt,badusb,reconnaissance,BadUsb-Library,reparented
sd_card_content/badusb_extra_payloads/reconnaissance/Win/configuration_needed/BadUsb-Library/Exfiltrate files to DropBox.txt,badusb,reconnaissance,BadUsb-Library,reparented
sd_card_content/badusb_extra_payloads/reconnaissance/Win/configuration_needed/BadUsb-Library/Record-Mic-to-Discord.txt.txt,badusb,reconnaissance,BadUsb-Library,reparented
sd_card_content/badusb_extra_payloads/reconnaissance/Win/configuration_needed/BadUsb-Library/Discord WiFi Grabber 2.txt,badusb,reconnaissance,BadUsb-Library,reparented
sd_card_content/badusb_extra_payloads/reconnaissance/Win/configuration_needed/BadUsb-Library/Discord WiFi Grabber.txt,badusb,reconnaissance,BadUsb-Library,reparented
sd_card_content/badusb_extra_payloads/reconnaissance/Win/configuration_needed/BadUsb-Library/Payload.txt,badusb,reconnaissance,BadUsb-Library,reparented
sd_card_content/badusb_extra_payloads/reconnaissance/Win/configuration_needed/BadUsb-Library/Email System & User Information.txt,badusb,reconnaissance,BadUsb-Library,reparented
sd_card_content/badusb_extra_payloads/reconnaissance/Win/configuration_needed/BadUsb-Library/Desktop Screenshare over Netcat.txt,badusb,reconnaissance,BadUsb-Library,reparented
sd_card_content/badusb_extra_payloads/reconnaissance/Win/configuration_needed/BadUsb-Library/Installed Programs and Eventlogs to File.txt,badusb,reconnaissance,BadUsb-Library,reparented
sd_card_content/badusb_extra_payloads/reconnaissance/Win/configuration_needed/BadUsb-Library/Exfiltrate files to Discord.txt,badusb,reconnaissance,BadUsb-Library,reparented
sd_card_content/badusb_extra_payloads/reconnaissance/Win/configuration_needed/BadUsb-Library/Exfiltrate files to Telegram.txt,badusb,reconnaissance,BadUsb-Library,reparented
sd_card_content/badusb_extra_payloads/reconnaissance/Win/configuration_needed/BadUsb-Library/Speech-to-Discord.txt.txt,badusb,reconnaissance,BadUsb-Library,reparented
sd_card_content/badusb_extra_payloads/reconnaissance/Win/configuration_needed/BadUsb-Library/Email System Info with Screenshot.txt,badusb,reconnaissance,BadUsb-Library,reparented
sd_card_content/badusb_extra_payloads/reconnaissance/Win/configuration_needed/BadUsb-Library/Screenshot to Telegram.txt,badusb,reconnaissance,BadUsb-Library,reparented
sd_card_content/badusb_extra_payloads/defense_evasion/Unix-like/macOS/directly_ready/BadUsb-Library/History-Cleaner.txt,badusb,defense_evasion,BadUsb-Library,reparented
sd_card_content/badusb_extra_payloads/defense_evasion/Unix-like/macOS/directly_ready/BadUsb-Library/Log-Cleaner.txt,badusb,defense_evasion,BadUsb-Library,reparented
sd_card_content/badusb_extra_payloads/defense_evasion/Unix-like/macOS/directly_ready/BadUsb-Library/Process-Hider.txt,badusb,defense_evasion,BadUsb-Library,reparented
sd_card_content/badusb_extra_payloads/defense_evasion/Unix-like/macOS/configuration_needed/BadUsb-Library/Log-Cleaner-Telegram.txt,badusb,defense_evasion,BadUsb-Library,reparented
sd_card_content/badusb_extra_payloads/defense_evasion/Unix-like/macOS/configuration_needed/BadUsb-Library/Process-Hider-Telegram.txt,badusb,defense_evasion,BadUsb-Library,reparented
sd_card_content/badusb_extra_payloads/defense_evasion/Unix-like/Linux/directly_ready/BadUsb-Library/History-Cleaner.txt,badusb,defense_evasion,BadUsb-Library,reparented
sd_card_content/badusb_extra_payloads/defense_evasion/Unix-like/Linux/directly_ready/BadUsb-Library/Log-Wiper.txt,badusb,defense_evasion,BadUsb-Library,reparented
sd_card_content/badusb_extra_payloads/defense_evasion/Win/directly_ready/BadUsb-Library/BadUSB-Detect-and-Protect.txt,badusb,defense_evasion,BadUsb-Library,reparented
sd_card_content/badusb_extra_payloads/destruction/Unix-like/macOS/directly_ready/BadUsb-Library/System-Corruption.txt,badusb,destruction,BadUsb-Library,reparented
sd_card_content/badusb_extra_payloads/destruction/Unix-like/macOS/directly_ready/BadUsb-Library/File-Bomber.txt,badusb,destruction,BadUsb-Library,reparented
sd_card_content/badusb_extra_payloads/destruction/Unix-like/macOS/directly_ready/BadUsb-Library/duckyreaperMAC.txt,badusb,destruction,BadUsb-Library,reparented
sd_card_content/badusb_extra_payloads/destruction/Unix-like/macOS/directly_ready/BadUsb-Library/Trash-Empty.txt,badusb,destruction,BadUsb-Library,reparented
sd_card_content/badusb_extra_payloads/destruction/Unix-like/macOS/directly_ready/BadUsb-Library/Desktop-Cleaner.txt,badusb,destruction,BadUsb-Library,reparented
sd_card_content/badusb_extra_payloads/destruction/Unix-like/macOS/configuration_needed/BadUsb-Library/File-Deleter-Telegram.txt,badusb,destruction,BadUsb-Library,reparented
sd_card_content/badusb_extra_payloads/destruction/Unix-like/Linux/directly_ready/BadUsb-Library/quackTUXbash.txt,badusb,destruction,BadUsb-Library,reparented
sd_card_content/badusb_extra_payloads/destruction/Unix-like/Linux/directly_ready/BadUsb-Library/quackbase64.txt,badusb,destruction,BadUsb-Library,reparented
sd_card_content/badusb_extra_payloads/destruction/Unix-like/Linux/directly_ready/BadUsb-Library/File-Deleter.txt,badusb,destruction,BadUsb-Library,reparented
sd_card_content/badusb_extra_payloads/destruction/Unix-like/Linux/directly_ready/BadUsb-Library/quackTUXpy.txt,badusb,destruction,BadUsb-Library,reparented
sd_card_content/badusb_extra_payloads/destruction/Unix-like/Linux/directly_ready/BadUsb-Library/quackmean.txt,badusb,destruction,BadUsb-Library,reparented
sd_card_content/badusb_extra_payloads/destruction/Unix-like/Linux/directly_ready/BadUsb-Library/quackWLmean.txt,badusb,destruction,BadUsb-Library,reparented
sd_card_content/badusb_extra_payloads/destruction/Unix-like/Linux/directly_ready/BadUsb-Library/quackpersist.txt,badusb,destruction,BadUsb-Library,reparented
sd_card_content/badusb_extra_payloads/destruction/Unix-like/Linux/directly_ready/BadUsb-Library/quackmeanloop.txt,badusb,destruction,BadUsb-Library,reparented
sd_card_content/badusb_extra_payloads/destruction/Unix-like/Linux/directly_ready/BadUsb-Library/quackbash.txt,badusb,destruction,BadUsb-Library,reparented
sd_card_content/badusb_extra_payloads/destruction/Unix-like/Linux/directly_ready/BadUsb-Library/quackWL.txt,badusb,destruction,BadUsb-Library,reparented
sd_card_content/badusb_extra_payloads/destruction/Unix-like/Linux/directly_ready/BadUsb-Library/ForkBombTux.txt,badusb,destruction,BadUsb-Library,reparented
sd_card_content/badusb_extra_payloads/destruction/Unix-like/Linux/directly_ready/BadUsb-Library/File-System-Corruption.txt,badusb,destruction,BadUsb-Library,reparented
sd_card_content/badusb_extra_payloads/destruction/Unix-like/Linux/directly_ready/BadUsb-Library/polly_wanna_cracker.txt,badusb,destruction,BadUsb-Library,reparented
sd_card_content/badusb_extra_payloads/destruction/Unix-like/Linux/directly_ready/BadUsb-Library/quackWLevil.txt,badusb,destruction,BadUsb-Library,reparented
sd_card_content/badusb_extra_payloads/destruction/Win/directly_ready/BadUsb-Library/duckyreaperTUX.txt,badusb,destruction,BadUsb-Library,reparented
sd_card_content/badusb_extra_payloads/destruction/Win/directly_ready/BadUsb-Library/quickfix.txt,badusb,destruction,BadUsb-Library,reparented
sd_card_content/badusb_extra_payloads/destruction/Win/directly_ready/BadUsb-Library/payload11.txt,badusb,destruction,BadUsb-Library,reparented
sd_card_content/badusb_extra_payloads/destruction/Win/directly_ready/BadUsb-Library/MEMZ-In-Powershell.txt,badusb,destruction,BadUsb-Library,reparented
sd_card_content/badusb_extra_payloads/destruction/Win/directly_ready/BadUsb-Library/payload7.txt,badusb,destruction,BadUsb-Library,reparented
sd_card_content/badusb_extra_payloads/destruction/Win/directly_ready/BadUsb-Library/payloadWIN.txt,badusb,destruction,BadUsb-Library,reparented
sd_card_content/badusb_extra_payloads/destruction/Win/directly_ready/BadUsb-Library/ForkBomb-Win.txt,badusb,destruction,BadUsb-Library,reparented
sd_card_content/badusb_extra_payloads/destruction/Win/directly_ready/BadUsb-Library/BQODV2.txt,badusb,destruction,BadUsb-Library,reparented
sd_card_content/badusb_extra_payloads/destruction/Win/directly_ready/BadUsb-Library/quackparaloop11.txt,badusb,destruction,BadUsb-Library,reparented
sd_card_content/badusb_extra_payloads/destruction/Win/directly_ready/BadUsb-Library/payloadWIN10+11.txt,badusb,destruction,BadUsb-Library,reparented
sd_card_content/badusb_extra_payloads/destruction/Win/directly_ready/BadUsb-Library/BQODV1.txt,badusb,destruction,BadUsb-Library,reparented
sd_card_content/badusb_extra_payloads/destruction/Win/directly_ready/BadUsb-Library/quackloop.txt,badusb,destruction,BadUsb-Library,reparented
sd_card_content/badusb_extra_payloads/destruction/Win/directly_ready/BadUsb-Library/linux_no_more_hardrive.txt,badusb,destruction,BadUsb-Library,reparented
sd_card_content/badusb_extra_payloads/destruction/Win/directly_ready/BadUsb-Library/payload.txt,badusb,destruction,BadUsb-Library,reparented
sd_card_content/badusb_extra_payloads/destruction/Win/directly_ready/BadUsb-Library/quackparaloop10.txt,badusb,destruction,BadUsb-Library,reparented
sd_card_content/badusb_extra_payloads/destruction/Win/directly_ready/BadUsb-Library/32_wants_the_D.txt,badusb,destruction,BadUsb-Library,reparented
sd_card_content/badusb_extra_payloads/destruction/Win/directly_ready/BadUsb-Library/quack10-11.txt,badusb,destruction,BadUsb-Library,reparented
sd_card_content/badusb_extra_payloads/destruction/Win/directly_ready/BadUsb-Library/quack.txt,badusb,destruction,BadUsb-Library,reparented
sd_card_content/badusb_extra_payloads/destruction/Win/directly_ready/BadUsb-Library/quackWIN.txt,badusb,destruction,BadUsb-Library,reparented
sd_card_content/badusb_extra_payloads/destruction/Android/directly_ready/BadUsb-Library/Factory-Reset.txt,badusb,destruction,BadUsb-Library,reparented
sd_card_content/badusb_extra_payloads/authentication/Unix-like/macOS/directly_ready/BadUsb-Library/Sudo-Password-Harvester.txt,badusb,authentication,BadUsb-Library,reparented
sd_card_content/badusb_extra_payloads/authentication/Unix-like/macOS/directly_ready/BadUsb-Library/Clipboard-Monitor.txt,badusb,authentication,BadUsb-Library,reparented
sd_card_content/badusb_extra_payloads/authentication/Unix-like/macOS/directly_ready/BadUsb-Library/Password-Phisher.txt,badusb,authentication,BadUsb-Library,reparented
sd_card_content/badusb_extra_payloads/authentication/Unix-like/macOS/configuration_needed/BadUsb-Library/Keychain-Stealer-Telegram.txt,badusb,authentication,BadUsb-Library,reparented
sd_card_content/badusb_extra_payloads/authentication/Unix-like/macOS/configuration_needed/BadUsb-Library/Keylogger-Telegram.txt,badusb,authentication,BadUsb-Library,reparented
sd_card_content/badusb_extra_payloads/authentication/Unix-like/macOS/configuration_needed/BadUsb-Library/WiFi-Password-Stealer-Telegram.txt,badusb,authentication,BadUsb-Library,reparented
sd_card_content/badusb_extra_payloads/authentication/Unix-like/Linux/directly_ready/BadUsb-Library/SSH-Key-Stealer.txt,badusb,authentication,BadUsb-Library,reparented
sd_card_content/badusb_extra_payloads/authentication/Unix-like/Linux/directly_ready/BadUsb-Library/Password-Phisher.txt,badusb,authentication,BadUsb-Library,reparented
sd_card_content/badusb_extra_payloads/authentication/Unix-like/Linux/configuration_needed/BadUsb-Library/Keylogger-Telegram.txt,badusb,authentication,BadUsb-Library,reparented
sd_card_content/badusb_extra_payloads/authentication/Unix-like/Linux/configuration_needed/BadUsb-Library/Password-Harvester-Telegram.txt,badusb,authentication,BadUsb-Library,reparented
sd_card_content/badusb_extra_payloads/authentication/Win/directly_ready/BadUsb-Library/datacopier.txt,badusb,authentication,BadUsb-Library,reparented
sd_card_content/badusb_extra_payloads/authentication/Win/directly_ready/BadUsb-Library/sudograbber.txt,badusb,authentication,BadUsb-Library,reparented
sd_card_content/badusb_extra_payloads/authentication/Win/directly_ready/BadUsb-Library/BadUSB_windowsPassDisabler.txt,badusb,authentication,BadUsb-Library,reparented
sd_card_content/badusb_extra_payloads/authentication/Win/directly_ready/BadUsb-Library/README.txt,badusb,authentication,BadUsb-Library,reparented
sd_card_content/badusb_extra_payloads/authentication/Win/directly_ready/BadUsb-Library/BadUSB_keyloggerInjector.txt,badusb,authentication,BadUsb-Library,reparented
sd_card_content/badusb_extra_payloads/authentication/Win/directly_ready/BadUsb-Library/quack.txt,badusb,authentication,BadUsb-Library,reparented
sd_card_content/badusb_extra_payloads/authentication/Win/configuration_needed/BadUsb-Library/WindowsLicenseKeyExfiltration.txt,badusb,authentication,BadUsb-Library,reparented
sd_card_content/badusb_extra_payloads/authentication/Win/configuration_needed/BadUsb-Library/Fake-Windows-10-Logon.txt,badusb,authentication,BadUsb-Library,reparented
sd_card_content/badusb_extra_payloads/authentication/Win/configuration_needed/BadUsb-Library/Chrome-Extension-Keylogger.txt,badusb,authentication,BadUsb-Library,reparented
sd_card_content/badusb_extra_payloads/authentication/Win/configuration_needed/BadUsb-Library/Fake-Windows-11-Logon.txt,badusb,authentication,BadUsb-Library,reparented
sd_card_content/badusb_extra_payloads/authentication/Win/configuration_needed/BadUsb-Library/Chrome-DB-to-Discord.txt,badusb,authentication,BadUsb-Library,reparented
sd_card_content/badusb_extra_payloads/authentication/Win/configuration_needed/BadUsb-Library/Keylogger-to-Telegram.txt,badusb,authentication,BadUsb-Library,reparented
sd_card_content/badusb_extra_payloads/authentication/Android/directly_ready/BadUsb-Library/Password-Phisher.txt,badusb,authentication,BadUsb-Library,reparented
sd_card_content/badusb_extra_payloads/authentication/Android/directly_ready/BadUsb-Library/Biometric-Bypass.txt,badusb,authentication,BadUsb-Library,reparented
sd_card_content/badusb_extra_payloads/authentication/Android/configuration_needed/BadUsb-Library/Keylogger-Telegram.txt,badusb,authentication,BadUsb-Library,reparented
sd_card_content/badusb_extra_payloads/authentication/Android/configuration_needed/BadUsb-Library/App-Data-Stealer-Telegram.txt,badusb,authentication,BadUsb-Library,reparented
sd_card_content/badusb_extra_payloads/authentication/iOS/directly_ready/BadUsb-Library/Touch-ID-Bypass.txt,badusb,authentication,BadUsb-Library,reparented
sd_card_content/badusb_extra_payloads/authentication/iOS/directly_ready/BadUsb-Library/Passcode-Bypass.txt,badusb,authentication,BadUsb-Library,reparented
sd_card_content/badusb_extra_payloads/authentication/iOS/configuration_needed/BadUsb-Library/Keychain-Access-Telegram.txt,badusb,authentication,BadUsb-Library,reparented
sd_card_content/badusb_extra_payloads/remote_access/Unix-like/macOS/directly_ready/BadUsb-Library/SSH-Backdoor.txt,badusb,remote_access,BadUsb-Library,reparented
sd_card_content/badusb_extra_payloads/remote_access/Unix-like/macOS/directly_ready/BadUsb-Library/VNC-Server.txt,badusb,remote_access,BadUsb-Library,reparented
sd_card_content/badusb_extra_payloads/remote_access/Unix-like/Linux/directly_ready/BadUsb-Library/SSH-Backdoor.txt,badusb,remote_access,BadUsb-Library,reparented
sd_card_content/badusb_extra_payloads/remote_access/Unix-like/Linux/directly_ready/BadUsb-Library/SSH-Server-Enabler.txt,badusb,remote_access,BadUsb-Library,reparented
sd_card_content/badusb_extra_payloads/remote_access/Win/directly_ready/BadUsb-Library/WINSHELL.txt,badusb,remote_access,BadUsb-Library,reparented
sd_card_content/badusb_extra_payloads/remote_access/Win/directly_ready/BadUsb-Library/mimikatzV2.txt,badusb,remote_access,BadUsb-Library,reparented
sd_card_content/badusb_extra_payloads/remote_access/Win/directly_ready/BadUsb-Library/passlessSSH.txt,badusb,remote_access,BadUsb-Library,reparented
sd_card_content/badusb_extra_payloads/remote_access/Win/directly_ready/BadUsb-Library/Basic_shell.txt,badusb,remote_access,BadUsb-Library,reparented
sd_card_content/badusb_extra_payloads/remote_access/Win/directly_ready/BadUsb-Library/mimikatz.txt,badusb,remote_access,BadUsb-Library,reparented
sd_card_content/badusb_extra_payloads/remote_access/Win/directly_ready/BadUsb-Library/V3.txt,badusb,remote_access,BadUsb-Library,reparented
sd_card_content/badusb_extra_payloads/remote_access/Win/directly_ready/BadUsb-Library/BadUSB_reverseShellInjector.txt,badusb,remote_access,BadUsb-Library,reparented
sd_card_content/badusb_extra_payloads/remote_access/Win/directly_ready/BadUsb-Library/LAN-Tools.txt,badusb,remote_access,BadUsb-Library,reparented
sd_card_content/badusb_extra_payloads/remote_access/Win/configuration_needed/BadUsb-Library/duckycode.txt,badusb,remote_access,BadUsb-Library,reparented
sd_card_content/badusb_extra_payloads/remote_access/Win/configuration_needed/BadUsb-Library/Screenshare-Over-LAN.txt,badusb,remote_access,BadUsb-Library,reparented
sd_card_content/badusb_extra_payloads/remote_access/Win/configuration_needed/BadUsb-Library/bella-ducky.txt,badusb,remote_access,BadUsb-Library,reparented
sd_card_content/badusb_extra_payloads/remote_access/Win/configuration_needed/BadUsb-Library/ReverseDucky.txt,badusb,remote_access,BadUsb-Library,reparented
sd_card_content/badusb_extra_payloads/remote_access/Win/configuration_needed/BadUsb-Library/gnomed.txt,badusb,remote_access,BadUsb-Library,reparented
sd_card_content/badusb_extra_payloads/prank/Unix-like/macOS/directly_ready/BadUsb-Library/remap.ass.txt,badusb,prank,BadUsb-Library,reparented
sd_card_content/badusb_extra_payloads/prank/Unix-like/macOS/directly_ready/BadUsb-Library/Mouse-Jiggler.txt,badusb,prank,BadUsb-Library,reparented
sd_card_content/badusb_extra_payloads/prank/Unix-like/macOS/directly_ready/BadUsb-Library/Desktop-Wallpaper.txt,badusb,prank,BadUsb-Library,reparented
sd_card_content/badusb_extra_payloads/prank/Unix-like/macOS/directly_ready/BadUsb-Library/Desktop-Icons-Scrambler.txt,badusb,prank,BadUsb-Library,reparented
sd_card_content/badusb_extra_payloads/prank/Unix-like/macOS/directly_ready/BadUsb-Library/remap.dvorak.txt,badusb,prank,BadUsb-Library,reparented
sd_card_content/badusb_extra_payloads/prank/Unix-like/macOS/directly_ready/BadUsb-Library/remap.dvorak-revert.txt,badusb,prank,BadUsb-Library,reparented
sd_card_content/badusb_extra_payloads/prank/Unix-like/macOS/directly_ready/BadUsb-Library/Volume-Max.txt,badusb,prank,BadUsb-Library,reparented
sd_card_content/badusb_extra_payloads/prank/Unix-like/macOS/directly_ready/BadUsb-Library/remap.txt,badusb,prank,BadUsb-Library,reparented
sd_card_content/badusb_extra_payloads/prank/Unix-like/macOS/directly_ready/BadUsb-Library/MacOS-Deactivate.txt,badusb,prank,BadUsb-Library,reparented
sd_card_content/badusb_extra_payloads/prank/Unix-like/macOS/directly_ready/BadUsb-Library/RickRollMac.txt,badusb,prank,BadUsb-Library,reparented
sd_card_content/badusb_extra_payloads/prank/Unix-like/macOS/configuration_needed/BadUsb-Library/Message-Spammer-Telegram.txt,badusb,prank,BadUsb-Library,reparented
sd_card_content/badusb_extra_payloads/prank/Unix-like/Linux/directly_ready/BadUsb-Library/quackmeanaudio.txt,badusb,prank,BadUsb-Library,reparented
sd_card_content/badusb_extra_payloads/prank/Unix-like/Linux/directly_ready/BadUsb-Library/QuackTUX.txt,badusb,prank,BadUsb-Library,reparented
sd_card_content/badusb_extra_payloads/prank/Unix-like/Linux/directly_ready/BadUsb-Library/Mouse-Jiggler.txt,badusb,prank,BadUsb-Library,reparented
sd_card_content/badusb_extra_payloads/prank/Unix-like/Linux/directly_ready/BadUsb-Library/Desktop-Wallpaper.txt,badusb,prank,BadUsb-Library,reparented
sd_card_content/badusb_extra_payloads/prank/Unix-like/Linux/directly_ready/BadUsb-Library/quackmeanVLC.txt,badusb,prank,BadUsb-Library,reparented
sd_card_content/badusb_extra_payloads/prank/Unix-like/Linux/directly_ready/BadUsb-Library/QuackTUXmeanalt.txt,badusb,prank,BadUsb-Library,reparented
sd_card_content/badusb_extra_payloads/prank/Unix-like/Linux/directly_ready/BadUsb-Library/quackvlc.txt,badusb,prank,BadUsb-Library,reparented
sd_card_content/badusb_extra_payloads/prank/Unix-like/Linux/directly_ready/BadUsb-Library/quackYT.txt,badusb,prank,BadUsb-Library,reparented
sd_card_content/badusb_extra_payloads/prank/Unix-like/Linux/directly_ready/BadUsb-Library/Taste-The-PAINBOW.txt,badusb,prank,BadUsb-Library,reparented
sd_card_content/badusb_extra_payloads/prank/Unix-like/Linux/directly_ready/BadUsb-Library/quack_mean.txt,badusb,prank,BadUsb-Library,reparented
sd_card_content/badusb_extra_payloads/prank/Unix-like/Linux/directly_ready/BadUsb-Library/Desktop-Wallpaper-Changer.txt,badusb,prank,BadUsb-Library,reparented
sd_card_content/badusb_extra_payloads/prank/Unix-like/Linux/directly_ready/BadUsb-Library/QuackTUXalt.txt,badusb,prank,BadUsb-Library,reparented
sd_card_content/badusb_extra_payloads/prank/Unix-like/Linux/directly_ready/BadUsb-Library/QuackTUXmean.txt,badusb,prank,BadUsb-Library,reparented
sd_card_content/badusb_extra_payloads/prank/Unix-like/Linux/directly_ready/BadUsb-Library/RickRollLinuxVLC.txt,badusb,prank,BadUsb-Library,reparented
sd_card_content/badusb_extra_payloads/prank/Unix-like/Linux/directly_ready/BadUsb-Library/quackstock.txt,badusb,prank,BadUsb-Library,reparented
sd_card_content/badusb_extra_payloads/prank/Unix-like/Linux/directly_ready/BadUsb-Library/quackpic.txt,badusb,prank,BadUsb-Library,reparented
sd_card_content/badusb_extra_payloads/prank/Unix-like/Linux/directly_ready/BadUsb-Library/RickRollLinuxYT.txt,badusb,prank,BadUsb-Library,reparented
sd_card_content/badusb_extra_payloads/prank/Win/directly_ready/BadUsb-Library/Fake Update.txt,badusb,prank,BadUsb-Library,reparented
sd_card_content/badusb_extra_payloads/prank/Win/directly_ready/BadUsb-Library/shutdown.txt,badusb,prank,BadUsb-Library,reparented
sd_card_content/badusb_extra_payloads/prank/Win/directly_ready/BadUsb-Library/FR_EarthquakeDemo.txt,badusb,prank,BadUsb-Library,reparented
sd_card_content/badusb_extra_payloads/prank/Win/directly_ready/BadUsb-Library/Rickroll with Max Volume spam.txt,badusb,prank,BadUsb-Library,reparented
sd_card_content/badusb_extra_payloads/prank/Win/directly_ready/BadUsb-Library/ScreenParty.txt,badusb,prank,BadUsb-Library,reparented
sd_card_content/badusb_extra_payloads/prank/Win/directly_ready/BadUsb-Library/Sound-Change-Duck.txt,badusb,prank,BadUsb-Library,reparented
sd_card_content/badusb_extra_payloads/prank/Win/directly_ready/BadUsb-Library/Disable-Keyboard-Mouse-120s.txt,badusb,prank,BadUsb-Library,reparented
sd_card_content/badusb_extra_payloads/prank/Win/directly_ready/BadUsb-Library/Fuck_your_tabs.txt,badusb,prank,BadUsb-Library,reparented
sd_card_content/badusb_extra_payloads/prank/Win/directly_ready/BadUsb-Library/Quackmean.txt,badusb,prank,BadUsb-Library,reparented
sd_card_content/badusb_extra_payloads/prank/Win/directly_ready/BadUsb-Library/quack2.txt,badusb,prank,BadUsb-Library,reparented
sd_card_content/badusb_extra_payloads/prank/Win/directly_ready/BadUsb-Library/JumpScare2.0.txt,badusb,prank,BadUsb-Library,reparented
sd_card_content/badusb_extra_payloads/prank/Win/directly_ready/BadUsb-Library/Fuck_your_tabs+startup.txt,badusb,prank,BadUsb-Library,reparented
sd_card_content/badusb_extra_payloads/prank/Win/directly_ready/BadUsb-Library/Efftabsbasic.txt,badusb,prank,BadUsb-Library,reparented
sd_card_content/badusb_extra_payloads/prank/Win/directly_ready/BadUsb-Library/FoundYou.txt,badusb,prank,BadUsb-Library,reparented
sd_card_content/badusb_extra_payloads/prank/Win/directly_ready/BadUsb-Library/Win10.txt,badusb,prank,BadUsb-Library,reparented
sd_card_content/badusb_extra_payloads/prank/Win/directly_ready/BadUsb-Library/Blank Image to Discord Spammer.txt,badusb,prank,BadUsb-Library,reparented
sd_card_content/badusb_extra_payloads/prank/Win/directly_ready/BadUsb-Library/Dsktop Shortcut Spammer.txt,badusb,prank,BadUsb-Library,reparented
sd_card_content/badusb_extra_payloads/prank/Win/directly_ready/BadUsb-Library/Change-System-Sounds.txt,badusb,prank,BadUsb-Library,reparented
sd_card_content/badusb_extra_payloads/prank/Win/directly_ready/BadUsb-Library/5 second Screen Kill.txt,badusb,prank,BadUsb-Library,reparented
sd_card_content/badusb_extra_payloads/prank/Win/directly_ready/BadUsb-Library/Logout.txt,badusb,prank,BadUsb-Library,reparented
sd_card_content/badusb_extra_payloads/prank/Win/directly_ready/BadUsb-Library/Make_it_rain.txt,badusb,prank,BadUsb-Library,reparented
sd_card_content/badusb_extra_payloads/prank/Win/directly_ready/BadUsb-Library/NOEscape.txt,badusb,prank,BadUsb-Library,reparented
sd_card_content/badusb_extra_payloads/prank/Win/directly_ready/BadUsb-Library/ChromeOS_forkbomb.txt,badusb,prank,BadUsb-Library,reparented
sd_card_content/badusb_extra_payloads/prank/Win/directly_ready/BadUsb-Library/Windows-Idiot-Prank.txt,badusb,prank,BadUsb-Library,reparented
sd_card_content/badusb_extra_payloads/prank/Win/directly_ready/BadUsb-Library/Persisant-Goose.txt,badusb,prank,BadUsb-Library,reparented
sd_card_content/badusb_extra_payloads/prank/Win/directly_ready/BadUsb-Library/Mute-Button-Spam.txt,badusb,prank,BadUsb-Library,reparented
sd_card_content/badusb_extra_payloads/prank/Win/directly_ready/BadUsb-Library/Kill I-O Devices.txt,badusb,prank,BadUsb-Library,reparented
sd_card_content/badusb_extra_payloads/prank/Win/directly_ready/BadUsb-Library/Fuck_your_tabs+ALTF4.txt,badusb,prank,BadUsb-Library,reparented
sd_card_content/badusb_extra_payloads/prank/Win/directly_ready/BadUsb-Library/Invoke BSOD.txt,badusb,prank,BadUsb-Library,reparented
sd_card_content/badusb_extra_payloads/prank/Win/directly_ready/BadUsb-Library/CartmanSpam.txt,badusb,prank,BadUsb-Library,reparented
sd_card_content/badusb_extra_payloads/prank/Win/directly_ready/BadUsb-Library/USB-SoundSwap.txt,badusb,prank,BadUsb-Library,reparented
sd_card_content/badusb_extra_payloads/prank/Win/directly_ready/BadUsb-Library/You-are-an-idiot-web.txt,badusb,prank,BadUsb-Library,reparented
sd_card_content/badusb_extra_payloads/prank/Win/directly_ready/BadUsb-Library/English_Please.txt,badusb,prank,BadUsb-Library,reparented
sd_card_content/badusb_extra_payloads/prank/Win/directly_ready/BadUsb-Library/Invoke Fake Update (.vbs).txt,badusb,prank,BadUsb-Library,reparented
sd_card_content/badusb_extra_payloads/prank/Win/directly_ready/BadUsb-Library/EarthquakeDemo.txt,badusb,prank,BadUsb-Library,reparented
sd_card_content/badusb_extra_payloads/prank/Win/directly_ready/BadUsb-Library/Hydra-in-Powershell.txt,badusb,prank,BadUsb-Library,reparented
sd_card_content/badusb_extra_payloads/prank/Win/directly_ready/BadUsb-Library/System Message.txt,badusb,prank,BadUsb-Library,reparented
sd_card_content/badusb_extra_payloads/prank/Win/directly_ready/BadUsb-Library/ADV-RickRoll.txt,badusb,prank,BadUsb-Library,reparented
sd_card_content/badusb_extra_payloads/prank/Win/directly_ready/BadUsb-Library/Change Wallpaper.txt,badusb,prank,BadUsb-Library,reparented
sd_card_content/badusb_extra_payloads/prank/Win/directly_ready/BadUsb-Library/Voice-Activated-DarkMode.txt,badusb,prank,BadUsb-Library,reparented
sd_card_content/badusb_extra_payloads/prank/Win/directly_ready/BadUsb-Library/Learn_Arabic_the_hard_way.txt,badusb,prank,BadUsb-Library,reparented
sd_card_content/badusb_extra_payloads/prank/Win/directly_ready/BadUsb-Library/Desktop-Shortcut-Spam.txt,badusb,prank,BadUsb-Library,reparented
sd_card_content/badusb_extra_payloads/prank/Win/directly_ready/BadUsb-Library/android_rickroll.txt,badusb,prank,BadUsb-Library,reparented
sd_card_content/badusb_extra_payloads/prank/Win/directly_ready/BadUsb-Library/Shutdown 1min.txt,badusb,prank,BadUsb-Library,reparented
sd_card_content/badusb_extra_payloads/prank/Win/directly_ready/BadUsb-Library/Wallpaper-Jumpscare.txt,badusb,prank,BadUsb-Library,reparented
sd_card_content/badusb_extra_payloads/prank/Win/directly_ready/BadUsb-Library/bootloop.txt,badusb,prank,BadUsb-Library,reparented
sd_card_content/badusb_extra_payloads/prank/Win/directly_ready/BadUsb-Library/Start Windows-93 (parody edition).txt,badusb,prank,BadUsb-Library,reparented
sd_card_content/badusb_extra_payloads/prank/Win/directly_ready/BadUsb-Library/Win7.txt,badusb,prank,BadUsb-Library,reparented
sd_card_content/badusb_extra_payloads/prank/Win/directly_ready/BadUsb-Library/Fuck_your_tabs+ALTF4+Startup.txt,badusb,prank,BadUsb-Library,reparented
sd_card_content/badusb_extra_payloads/prank/Win/directly_ready/BadUsb-Library/payloadTUX.txt,badusb,prank,BadUsb-Library,reparented
sd_card_content/badusb_extra_payloads/prank/Win/directly_ready/BadUsb-Library/cacaw.txt,badusb,prank,BadUsb-Library,reparented
sd_card_content/badusb_extra_payloads/prank/Win/directly_ready/BadUsb-Library/Apple.txt,badusb,prank,BadUsb-Library,reparented
sd_card_content/badusb_extra_payloads/prank/Win/directly_ready/BadUsb-Library/ADV-Rickware.txt,badusb,prank,BadUsb-Library,reparented
sd_card_content/badusb_extra_payloads/prank/Win/directly_ready/BadUsb-Library/reboot.txt,badusb,prank,BadUsb-Library,reparented
sd_card_content/badusb_extra_payloads/prank/Win/directly_ready/BadUsb-Library/quack.txt,badusb,prank,BadUsb-Library,reparented
sd_card_content/badusb_extra_payloads/prank/Win/directly_ready/BadUsb-Library/ChromeCrash.txt,badusb,prank,BadUsb-Library,reparented
sd_card_content/badusb_extra_payloads/prank/Win/directly_ready/BadUsb-Library/Mario-BSOD.txt,badusb,prank,BadUsb-Library,reparented
sd_card_content/badusb_extra_payloads/prank/Win/directly_ready/BadUsb-Library/Computer-ACID-Prank.txt,badusb,prank,BadUsb-Library,reparented
sd_card_content/badusb_extra_payloads/prank/Android/directly_ready/BadUsb-Library/Brightness-Max.txt,badusb,prank,BadUsb-Library,reparented
sd_card_content/badusb_extra_payloads/prank/Android/directly_ready/BadUsb-Library/Wallpaper-Changer.txt,badusb,prank,BadUsb-Library,reparented
sd_card_content/badusb_extra_payloads/prank/Android/directly_ready/BadUsb-Library/Volume-Max.txt,badusb,prank,BadUsb-Library,reparented
sd_card_content/badusb_extra_payloads/prank/Android/directly_ready/BadUsb-Library/Notification-Spammer.txt,badusb,prank,BadUsb-Library,reparented
sd_card_content/badusb_extra_payloads/prank/iOS/directly_ready/BadUsb-Library/Brightness-Max.txt,badusb,prank,BadUsb-Library,reparented
sd_card_content/badusb_extra_payloads/prank/iOS/directly_ready/BadUsb-Library/Wallpaper-Changer.txt,badusb,prank,BadUsb-Library,reparented
sd_card_content/badusb_extra_payloads/prank/iOS/directly_ready/BadUsb-Library/Volume-Max.txt,badusb,prank,BadUsb-Library,reparented
sd_card_content/badusb_extra_payloads/prank/iOS/directly_ready/BadUsb-Library/Notification-Spammer.txt,badusb,prank,BadUsb-Library,reparented
sd_card_content/badusb_extra_payloads/prank/Win/directly_ready/Bruce-Scripts-Heaven_BAD/RickRoll_CMD_Win.txt,badusb,prank,Bruce-Scripts-Heaven_BAD,classified
sd_card_content/badusb_extra_payloads/prank/Win/directly_ready/Bruce-Scripts-Heaven_BAD/RickRoll Max Vol (Basic).txt,badusb,prank,Bruce-Scripts-Heaven_BAD,classified
sd_card_content/badusb_extra_payloads/prank/Win/directly_ready/Bruce-Scripts-Heaven_BAD/CYE_Was_Here.txt,badusb,prank,Bruce-Scripts-Heaven_BAD,classified
sd_card_content/badusb_extra_payloads/data_exfiltration/Win/directly_ready/Bruce-Scripts-Heaven_BAD/Grabber-Discord_Webhook.txt,badusb,data_exfiltration,Bruce-Scripts-Heaven_BAD,classified
sd_card_content/badusb_extra_payloads/prank/Win/directly_ready/Bruce-Scripts-Heaven_BAD/RickRoll_YT_Win.txt,badusb,prank,Bruce-Scripts-Heaven_BAD,classified
sd_card_content/badusb_extra_payloads/collection/Win/directly_ready/Bruce-Scripts-Heaven_BAD/Wifi_and_Show_Passwords_for_Flipper.txt,badusb,collection,Bruce-Scripts-Heaven_BAD,classified
sd_card_content/badusb_extra_payloads/prank/Win/directly_ready/Bruce-Scripts-Heaven_BAD/Hacker_Typer.txt,badusb,prank,Bruce-Scripts-Heaven_BAD,classified
sd_card_content/badusb_extra_payloads/destruction/Win/directly_ready/Bruce-Scripts-Heaven_BAD/ForkBomb-Win2.txt,badusb,destruction,Bruce-Scripts-Heaven_BAD,classified
sd_card_content/badusb_extra_payloads/discovery/Win/directly_ready/Bruce-Scripts-Heaven_BAD/Get-Connected-USBs.txt,badusb,discovery,Bruce-Scripts-Heaven_BAD,classified
sd_card_content/badusb_extra_payloads/collection/Win/directly_ready/Bruce-Scripts-Heaven_BAD/Wifi-Stealer-Discord-Improved.txt,badusb,collection,Bruce-Scripts-Heaven_BAD,classified
sd_card_content/badusb_extra_payloads/prank/Win/directly_ready/Bruce-Scripts-Heaven_BAD/Honk.txt,badusb,prank,Bruce-Scripts-Heaven_BAD,classified
sd_card_content/badusb_extra_payloads/destruction/Win/directly_ready/Bruce-Scripts-Heaven_BAD/ForkBomb-Win.txt,badusb,destruction,Bruce-Scripts-Heaven_BAD,classified
sd_card_content/badusb_extra_payloads/collection/Win/directly_ready/Bruce-Scripts-Heaven_BAD/Cookie-Stealer.txt,badusb,collection,Bruce-Scripts-Heaven_BAD,classified
sd_card_content/badusb_extra_payloads/_unclassified/Bruce-Scripts-Heaven_BAD/RR_ASCII_Win.txt,badusb,_unclassified,Bruce-Scripts-Heaven_BAD,classified-unmatched
sd_card_content/badusb_extra_payloads/data_exfiltration/Win/directly_ready/Bruce-Scripts-Heaven_BAD/Wifi_for_Flipper.txt,badusb,data_exfiltration,Bruce-Scripts-Heaven_BAD,classified
sd_card_content/badusb_extra_payloads/prank/Unix-like/macOS/directly_ready/Bruce-Scripts-Heaven_BAD/Party_Parrot_OSX.txt,badusb,prank,Bruce-Scripts-Heaven_BAD,classified
sd_card_content/badusb_extra_payloads/collection/Win/directly_ready/Bruce-Scripts-Heaven_BAD/Wifi-Stealer_ORG.txt,badusb,collection,Bruce-Scripts-Heaven_BAD,classified
sd_card_content/badusb_extra_payloads/collection/Win/directly_ready/Bruce-Scripts-Heaven_BAD/Show_WiFi_Passwords.txt,badusb,collection,Bruce-Scripts-Heaven_BAD,classified
sd_card_content/badusb_extra_payloads/collection/Win/directly_ready/Bruce-Scripts-Heaven_BAD/Wifi-Stealer_Discord.txt,badusb,collection,Bruce-Scripts-Heaven_BAD,classified
sd_card_content/badusb_extra_payloads/prank/Unix-like/macOS/directly_ready/Bruce-Scripts-Heaven_BAD/OSX_Rickroll.txt,badusb,prank,Bruce-Scripts-Heaven_BAD,classified
sd_card_content/badusb_extra_payloads/utilities/Win/directly_ready/Bruce-Scripts-Heaven_BAD/demo_windows.txt,badusb,utilities,Bruce-Scripts-Heaven_BAD,classified
sd_card_content/badusb_extra_payloads/prank/Win/directly_ready/Bruce-Scripts-Heaven_BAD/Power-Imperial.txt,badusb,prank,Bruce-Scripts-Heaven_BAD,classified
sd_card_content/badusb_extra_payloads/prank/Win/directly_ready/Bruce-Scripts-Heaven_BAD/Earrape_Troll.txt,badusb,prank,Bruce-Scripts-Heaven_BAD,classified
sd_card_content/badusb_extra_payloads/prank/Win/directly_ready/Bruce-Scripts-Heaven_BAD/PingMe.txt,badusb,prank,Bruce-Scripts-Heaven_BAD,classified
sd_card_content/badusb_extra_payloads/prank/Win/directly_ready/Bruce-Scripts-Heaven_BAD/RickRoll_Term_Win.txt,badusb,prank,Bruce-Scripts-Heaven_BAD,classified
sd_card_content/badusb_extra_payloads/utilities/Win/directly_ready/Bruce-Scripts-Heaven_BAD/GoodUSB.txt,badusb,utilities,Bruce-Scripts-Heaven_BAD,classified
sd_card_content/badusb_extra_payloads/prank/Android/directly_ready/Bruce-Scripts-Heaven_BAD/rickroll-android.txt,badusb,prank,Bruce-Scripts-Heaven_BAD,classified
sd_card_content/badusb_extra_payloads/prank/Win/directly_ready/Bruce-Scripts-Heaven_BAD/UBGZ_Was_Here.txt,badusb,prank,Bruce-Scripts-Heaven_BAD,classified
sd_card_content/badusb_extra_payloads/collection/Win/directly_ready/Bruce-Scripts-Heaven_BAD/Wifi-Stealer_Zoom.txt,badusb,collection,Bruce-Scripts-Heaven_BAD,classified
sd_card_content/badusb_extra_payloads/prank/Win/directly_ready/Bruce-Scripts-Heaven_BAD/The_Matrix_Wake_Up.txt,badusb,prank,Bruce-Scripts-Heaven_BAD,classified
sd_card_content/badusb_extra_payloads/prank/Win/directly_ready/Bruce-Scripts-Heaven_BAD/Party_Parrot_Win.txt,badusb,prank,Bruce-Scripts-Heaven_BAD,classified
sd_card_content/badusb_extra_payloads/prank/Win/directly_ready/Bruce-Scripts-Heaven_BAD/RickRoll (Basic).txt,badusb,prank,Bruce-Scripts-Heaven_BAD,classified
sd_card_content/badusb_extra_payloads/destruction/Unix-like/Linux/directly_ready/Bruce-Scripts-Heaven_BAD/ForkBomb-Linux.txt,badusb,destruction,Bruce-Scripts-Heaven_BAD,classified
sd_card_content/badusb_extra_payloads/collection/Win/directly_ready/Bruce-Scripts-Heaven_BAD/Show_Saved_Passwords.txt,badusb,collection,Bruce-Scripts-Heaven_BAD,classified
sd_card_content/badusb_extra_payloads/data_exfiltration/Win/directly_ready/Bruce-Scripts-Heaven_BAD/PoC_Discord_Webhook.txt,badusb,data_exfiltration,Bruce-Scripts-Heaven_BAD,classified
sd_card_content/badusb_extra_payloads/utilities/Win/directly_ready/Bruce-Scripts-Heaven_BAD/Char_Test_ALTSTRING.txt,badusb,utilities,Bruce-Scripts-Heaven_BAD,classified
sd_card_content/badusb_extra_payloads/prank/Win/directly_ready/Bruce-Scripts-Heaven_BAD/Hey_Everybody.txt,badusb,prank,Bruce-Scripts-Heaven_BAD,classified
sd_card_content/badusb_extra_payloads/collection/Win/directly_ready/Bruce-Scripts-Heaven_BAD/Wifi-Stealer_Hook.txt,badusb,collection,Bruce-Scripts-Heaven_BAD,classified
sd_card_content/badusb_extra_payloads/prank/Unix-like/macOS/directly_ready/Bruce-Scripts-Heaven_BAD/RickRoll_YT_OSX.txt,badusb,prank,Bruce-Scripts-Heaven_BAD,classified
sd_card_content/badusb_extra_payloads/_unclassified/Bruce-Scripts-Heaven_BAD/Kuronons_FZ_Win.txt,badusb,_unclassified,Bruce-Scripts-Heaven_BAD,classified-unmatched
sd_card_content/badusb_extra_payloads/_unclassified/Bruce-Scripts-Heaven_BAD/demo_macos.txt,badusb,_unclassified,Bruce-Scripts-Heaven_BAD,classified-unmatched
sd_card_content/badusb_extra_payloads/defense_evasion/Win/directly_ready/Bruce-Scripts-Heaven_BAD/Kiosk-Evasion-Bruteforce.txt,badusb,defense_evasion,Bruce-Scripts-Heaven_BAD,classified
sd_card_content/badusb_extra_payloads/prank/Unix-like/macOS/directly_ready/Bruce-Scripts-Heaven_BAD/RickRoll_Term_OSX.txt,badusb,prank,Bruce-Scripts-Heaven_BAD,classified
sd_card_content/badusb_extra_payloads/utilities/Win/directly_ready/Bruce-Scripts-Heaven_BAD/Char_Test.txt,badusb,utilities,Bruce-Scripts-Heaven_BAD,classified
sd_card_content/badusb_extra_payloads/prank/Win/directly_ready/Bruce-Scripts-Heaven_BAD/-RD-JumpScare/payload.txt,badusb,prank,Bruce-Scripts-Heaven_BAD,classified
sd_card_content/badusb_extra_payloads/_unclassified/Bruce-Scripts-Heaven_BAD/Console-QRcode/Console-QRcode.txt,badusb,_unclassified,Bruce-Scripts-Heaven_BAD,classified-unmatched
sd_card_content/badusb_extra_payloads/destruction/Win/directly_ready/Bruce-Scripts-Heaven_BAD/ProcessTerminator/payload.txt,badusb,destruction,Bruce-Scripts-Heaven_BAD,classified
sd_card_content/badusb_extra_payloads/defense_evasion/Unix-like/macOS/directly_ready/Bruce-Scripts-Heaven_BAD/MacOS-narstybits/Obscurity/Shadowsocks Tor Proxy Reverse.txt,badusb,defense_evasion,Bruce-Scripts-Heaven_BAD,classified
sd_card_content/badusb_extra_payloads/defense_evasion/Unix-like/macOS/directly_ready/Bruce-Scripts-Heaven_BAD/MacOS-narstybits/Obscurity/Shadowsocks Proxy Ninja.txt,badusb,defense_evasion,Bruce-Scripts-Heaven_BAD,classified
sd_card_content/badusb_extra_payloads/defense_evasion/Unix-like/macOS/directly_ready/Bruce-Scripts-Heaven_BAD/MacOS-narstybits/Obscurity/DarkNet Angel.txt,badusb,defense_evasion,Bruce-Scripts-Heaven_BAD,classified
sd_card_content/badusb_extra_payloads/defense_evasion/Unix-like/macOS/directly_ready/Bruce-Scripts-Heaven_BAD/MacOS-narstybits/Obscurity/MacNetGhost.txt,badusb,defense_evasion,Bruce-Scripts-Heaven_BAD,classified
sd_card_content/badusb_extra_payloads/defense_evasion/Unix-like/macOS/directly_ready/Bruce-Scripts-Heaven_BAD/MacOS-narstybits/Obscurity/MacCloak.txt,badusb,defense_evasion,Bruce-Scripts-Heaven_BAD,classified
sd_card_content/badusb_extra_payloads/defense_evasion/Unix-like/macOS/directly_ready/Bruce-Scripts-Heaven_BAD/MacOS-narstybits/Obscurity/Network Padding Fury.txt,badusb,defense_evasion,Bruce-Scripts-Heaven_BAD,classified
sd_card_content/badusb_extra_payloads/defense_evasion/Unix-like/macOS/directly_ready/Bruce-Scripts-Heaven_BAD/MacOS-narstybits/Obscurity/Silent Server Creator.txt,badusb,defense_evasion,Bruce-Scripts-Heaven_BAD,classified
sd_card_content/badusb_extra_payloads/defense_evasion/Unix-like/macOS/directly_ready/Bruce-Scripts-Heaven_BAD/MacOS-narstybits/Obscurity/DarkNet Angel Restore.txt,badusb,defense_evasion,Bruce-Scripts-Heaven_BAD,classified
sd_card_content/badusb_extra_payloads/defense_evasion/Unix-like/macOS/directly_ready/Bruce-Scripts-Heaven_BAD/MacOS-narstybits/Obscurity/File Encryption.txt,badusb,defense_evasion,Bruce-Scripts-Heaven_BAD,classified
sd_card_content/badusb_extra_payloads/defense_evasion/Unix-like/macOS/directly_ready/Bruce-Scripts-Heaven_BAD/MacOS-narstybits/Obscurity/Shadowsocks Tor Proxy.txt,badusb,defense_evasion,Bruce-Scripts-Heaven_BAD,classified
sd_card_content/badusb_extra_payloads/defense_evasion/Unix-like/macOS/directly_ready/Bruce-Scripts-Heaven_BAD/MacOS-narstybits/Obscurity/TCP Randomizer.txt,badusb,defense_evasion,Bruce-Scripts-Heaven_BAD,classified
sd_card_content/badusb_extra_payloads/defense_evasion/Unix-like/macOS/directly_ready/Bruce-Scripts-Heaven_BAD/MacOS-narstybits/Obscurity/Fragmentation Traffic Generator.txt,badusb,defense_evasion,Bruce-Scripts-Heaven_BAD,classified
sd_card_content/badusb_extra_payloads/defense_evasion/Unix-like/macOS/directly_ready/Bruce-Scripts-Heaven_BAD/MacOS-narstybits/Obscurity/MacNetGhostRestore.txt,badusb,defense_evasion,Bruce-Scripts-Heaven_BAD,classified
sd_card_content/badusb_extra_payloads/defense_evasion/Unix-like/macOS/directly_ready/Bruce-Scripts-Heaven_BAD/MacOS-narstybits/Obscurity/MacCloak Reverse.txt,badusb,defense_evasion,Bruce-Scripts-Heaven_BAD,classified
sd_card_content/badusb_extra_payloads/defense_evasion/Unix-like/macOS/directly_ready/Bruce-Scripts-Heaven_BAD/MacOS-narstybits/Obscurity/Shadowsocks Proxy Ninja Reverse.txt,badusb,defense_evasion,Bruce-Scripts-Heaven_BAD,classified
sd_card_content/badusb_extra_payloads/data_exfiltration/Unix-like/macOS/directly_ready/Bruce-Scripts-Heaven_BAD/MacOS-narstybits/RECON/Network Recon to Dropbox.txt,badusb,data_exfiltration,Bruce-Scripts-Heaven_BAD,classified
sd_card_content/badusb_extra_payloads/remote_access/Unix-like/macOS/directly_ready/Bruce-Scripts-Heaven_BAD/MacOS-narstybits/RECON/Infinite Reverse Shell.txt,badusb,remote_access,Bruce-Scripts-Heaven_BAD,classified
sd_card_content/badusb_extra_payloads/reconnaissance/iOS/directly_ready/Bruce-Scripts-Heaven_BAD/MacOS-narstybits/RECON/Nmap Scan to Iphone.txt,badusb,reconnaissance,Bruce-Scripts-Heaven_BAD,classified
sd_card_content/badusb_extra_payloads/data_exfiltration/Unix-like/macOS/directly_ready/Bruce-Scripts-Heaven_BAD/MacOS-narstybits/RECON/Public I.P. Finder to Dropbox.txt,badusb,data_exfiltration,Bruce-Scripts-Heaven_BAD,classified
sd_card_content/badusb_extra_payloads/reconnaissance/iOS/directly_ready/Bruce-Scripts-Heaven_BAD/MacOS-narstybits/RECON/Info Infiltrator to Iphone.txt,badusb,reconnaissance,Bruce-Scripts-Heaven_BAD,classified
sd_card_content/badusb_extra_payloads/reconnaissance/Unix-like/macOS/directly_ready/Bruce-Scripts-Heaven_BAD/MacOS-narstybits/RECON/SentinelStrike.txt,badusb,reconnaissance,Bruce-Scripts-Heaven_BAD,classified
sd_card_content/badusb_extra_payloads/reconnaissance/Unix-like/macOS/directly_ready/Bruce-Scripts-Heaven_BAD/MacOS-narstybits/RECON/Network Recon Plus.txt,badusb,reconnaissance,Bruce-Scripts-Heaven_BAD,classified
sd_card_content/badusb_extra_payloads/reconnaissance/Unix-like/macOS/directly_ready/Bruce-Scripts-Heaven_BAD/MacOS-narstybits/RECON/Public I.P. Finder.txt,badusb,reconnaissance,Bruce-Scripts-Heaven_BAD,classified
sd_card_content/badusb_extra_payloads/reconnaissance/iOS/directly_ready/Bruce-Scripts-Heaven_BAD/MacOS-narstybits/RECON/Arp table to Iphone.txt,badusb,reconnaissance,Bruce-Scripts-Heaven_BAD,classified
sd_card_content/badusb_extra_payloads/data_exfiltration/Unix-like/macOS/directly_ready/Bruce-Scripts-Heaven_BAD/MacOS-narstybits/RECON/Desktop Data to Dropbox.txt,badusb,data_exfiltration,Bruce-Scripts-Heaven_BAD,classified
sd_card_content/badusb_extra_payloads/reconnaissance/Unix-like/macOS/directly_ready/Bruce-Scripts-Heaven_BAD/MacOS-narstybits/RECON/GuardianForge.txt,badusb,reconnaissance,Bruce-Scripts-Heaven_BAD,classified
sd_card_content/badusb_extra_payloads/reconnaissance/Unix-like/macOS/directly_ready/Bruce-Scripts-Heaven_BAD/MacOS-narstybits/RECON/StealthSeeker.txt,badusb,reconnaissance,Bruce-Scripts-Heaven_BAD,classified
sd_card_content/badusb_extra_payloads/reconnaissance/Unix-like/macOS/directly_ready/Bruce-Scripts-Heaven_BAD/MacOS-narstybits/RECON/SocatShell.txt,badusb,reconnaissance,Bruce-Scripts-Heaven_BAD,classified
sd_card_content/badusb_extra_payloads/reconnaissance/iOS/directly_ready/Bruce-Scripts-Heaven_BAD/MacOS-narstybits/RECON/Desktop file list to iPhone.txt,badusb,reconnaissance,Bruce-Scripts-Heaven_BAD,classified
sd_card_content/badusb_extra_payloads/reconnaissance/iOS/directly_ready/Bruce-Scripts-Heaven_BAD/MacOS-narstybits/RECON/Public I.P. to Iphone.txt,badusb,reconnaissance,Bruce-Scripts-Heaven_BAD,classified
sd_card_content/badusb_extra_payloads/reconnaissance/iOS/directly_ready/Bruce-Scripts-Heaven_BAD/MacOS-narstybits/RECON/Documents file list to iPhone.txt,badusb,reconnaissance,Bruce-Scripts-Heaven_BAD,classified
sd_card_content/badusb_extra_payloads/reconnaissance/Unix-like/macOS/directly_ready/Bruce-Scripts-Heaven_BAD/MacOS-narstybits/RECON/Web Scraper.txt,badusb,reconnaissance,Bruce-Scripts-Heaven_BAD,classified
sd_card_content/badusb_extra_payloads/data_exfiltration/Unix-like/macOS/directly_ready/Bruce-Scripts-Heaven_BAD/MacOS-narstybits/RECON/Document to Dropbox API.txt,badusb,data_exfiltration,Bruce-Scripts-Heaven_BAD,classified
sd_card_content/badusb_extra_payloads/reconnaissance/Unix-like/macOS/directly_ready/Bruce-Scripts-Heaven_BAD/MacOS-narstybits/RECON/Copy All JPEG Images.txt,badusb,reconnaissance,Bruce-Scripts-Heaven_BAD,classified
sd_card_content/badusb_extra_payloads/reconnaissance/Unix-like/macOS/directly_ready/Bruce-Scripts-Heaven_BAD/MacOS-narstybits/RECON/Voice Logger.txt,badusb,reconnaissance,Bruce-Scripts-Heaven_BAD,classified
sd_card_content/badusb_extra_payloads/reconnaissance/iOS/directly_ready/Bruce-Scripts-Heaven_BAD/MacOS-narstybits/RECON/macOS System Log to iPhone.txt,badusb,reconnaissance,Bruce-Scripts-Heaven_BAD,classified
sd_card_content/badusb_extra_payloads/data_exfiltration/Unix-like/macOS/directly_ready/Bruce-Scripts-Heaven_BAD/MacOS-narstybits/RECON/Dropbox File Downloader.txt,badusb,data_exfiltration,Bruce-Scripts-Heaven_BAD,classified
sd_card_content/badusb_extra_payloads/reconnaissance/Unix-like/macOS/directly_ready/Bruce-Scripts-Heaven_BAD/MacOS-narstybits/RECON/SysNet Info.txt,badusb,reconnaissance,Bruce-Scripts-Heaven_BAD,classified
sd_card_content/badusb_extra_payloads/reconnaissance/Unix-like/macOS/directly_ready/Bruce-Scripts-Heaven_BAD/MacOS-narstybits/RECON/Network Reconnaissance.txt,badusb,reconnaissance,Bruce-Scripts-Heaven_BAD,classified
sd_card_content/badusb_extra_payloads/remote_access/Unix-like/macOS/directly_ready/Bruce-Scripts-Heaven_BAD/MacOS-narstybits/RECON/Reverse Shell.txt,badusb,remote_access,Bruce-Scripts-Heaven_BAD,classified
sd_card_content/badusb_extra_payloads/prank/Unix-like/macOS/directly_ready/Bruce-Scripts-Heaven_BAD/MacOS-narstybits/Pranks/Thomas The Train.txt,badusb,prank,Bruce-Scripts-Heaven_BAD,classified
sd_card_content/badusb_extra_payloads/social_engineering/Unix-like/macOS/directly_ready/Bruce-Scripts-Heaven_BAD/MacOS-narstybits/Pranks/Fake Update.txt,badusb,social_engineering,Bruce-Scripts-Heaven_BAD,classified
sd_card_content/badusb_extra_payloads/prank/Unix-like/macOS/directly_ready/Bruce-Scripts-Heaven_BAD/MacOS-narstybits/Pranks/Hacker Typer Minecraft.txt,badusb,prank,Bruce-Scripts-Heaven_BAD,classified
sd_card_content/badusb_extra_payloads/prank/Unix-like/macOS/directly_ready/Bruce-Scripts-Heaven_BAD/MacOS-narstybits/Pranks/MacWildRideV2.txt,badusb,prank,Bruce-Scripts-Heaven_BAD,classified
sd_card_content/badusb_extra_payloads/prank/Unix-like/macOS/directly_ready/Bruce-Scripts-Heaven_BAD/MacOS-narstybits/Pranks/Hacker Typer F Society.txt,badusb,prank,Bruce-Scripts-Heaven_BAD,classified
sd_card_content/badusb_extra_payloads/prank/Unix-like/macOS/directly_ready/Bruce-Scripts-Heaven_BAD/MacOS-narstybits/Pranks/Hacker Typer Blue.txt,badusb,prank,Bruce-Scripts-Heaven_BAD,classified
sd_card_content/badusb_extra_payloads/prank/Unix-like/macOS/directly_ready/Bruce-Scripts-Heaven_BAD/MacOS-narstybits/Pranks/RIckRoll.txt,badusb,prank,Bruce-Scripts-Heaven_BAD,classified
sd_card_content/badusb_extra_payloads/prank/Unix-like/macOS/directly_ready/Bruce-Scripts-Heaven_BAD/MacOS-narstybits/Pranks/Hacker Typer NASA.txt,badusb,prank,Bruce-Scripts-Heaven_BAD,classified
sd_card_content/badusb_extra_payloads/prank/Unix-like/macOS/directly_ready/Bruce-Scripts-Heaven_BAD/MacOS-narstybits/Pranks/pipeseroni.txt,badusb,prank,Bruce-Scripts-Heaven_BAD,classified
sd_card_content/badusb_extra_payloads/prank/Unix-like/macOS/directly_ready/Bruce-Scripts-Heaven_BAD/MacOS-narstybits/Pranks/Cat Flickering Terminal.txt,badusb,prank,Bruce-Scripts-Heaven_BAD,classified
sd_card_content/badusb_extra_payloads/prank/Unix-like/macOS/directly_ready/Bruce-Scripts-Heaven_BAD/MacOS-narstybits/Pranks/Hacker Typer Tegnio.txt,badusb,prank,Bruce-Scripts-Heaven_BAD,classified
sd_card_content/badusb_extra_payloads/prank/Unix-like/macOS/directly_ready/Bruce-Scripts-Heaven_BAD/MacOS-narstybits/Pranks/Random Noises.txt,badusb,prank,Bruce-Scripts-Heaven_BAD,classified
sd_card_content/badusb_extra_payloads/prank/Unix-like/macOS/directly_ready/Bruce-Scripts-Heaven_BAD/MacOS-narstybits/Pranks/JasonBourneMessage Hack.txt,badusb,prank,Bruce-Scripts-Heaven_BAD,classified
sd_card_content/badusb_extra_payloads/prank/Unix-like/macOS/directly_ready/Bruce-Scripts-Heaven_BAD/MacOS-narstybits/Pranks/Hacke3 Typer.txt,badusb,prank,Bruce-Scripts-Heaven_BAD,classified
sd_card_content/badusb_extra_payloads/prank/Unix-like/macOS/directly_ready/Bruce-Scripts-Heaven_BAD/MacOS-narstybits/Pranks/colorful Date and time display.txt,badusb,prank,Bruce-Scripts-Heaven_BAD,classified
sd_card_content/badusb_extra_payloads/prank/Unix-like/macOS/directly_ready/Bruce-Scripts-Heaven_BAD/MacOS-narstybits/Pranks/ASCII Aquarium.txt,badusb,prank,Bruce-Scripts-Heaven_BAD,classified
sd_card_content/badusb_extra_payloads/social_engineering/iOS/directly_ready/Bruce-Scripts-Heaven_BAD/MacOS-narstybits/Pranks/IPHONE Fake Update.txt,badusb,social_engineering,Bruce-Scripts-Heaven_BAD,classified
sd_card_content/badusb_extra_payloads/prank/Unix-like/macOS/directly_ready/Bruce-Scripts-Heaven_BAD/MacOS-narstybits/Pranks/Rainbow Matrix.txt,badusb,prank,Bruce-Scripts-Heaven_BAD,classified
sd_card_content/badusb_extra_payloads/prank/Unix-like/macOS/directly_ready/Bruce-Scripts-Heaven_BAD/MacOS-narstybits/Pranks/Terminal Tetris.txt,badusb,prank,Bruce-Scripts-Heaven_BAD,classified
sd_card_content/badusb_extra_payloads/prank/Unix-like/macOS/directly_ready/Bruce-Scripts-Heaven_BAD/MacOS-narstybits/Pranks/Hacker Typer Umbrella.txt,badusb,prank,Bruce-Scripts-Heaven_BAD,classified
sd_card_content/badusb_extra_payloads/utilities/Unix-like/macOS/directly_ready/Bruce-Scripts-Heaven_BAD/MacOS-narstybits/Goodusb/All Applications at once.txt,badusb,utilities,Bruce-Scripts-Heaven_BAD,classified
sd_card_content/badusb_extra_payloads/utilities/Unix-like/macOS/directly_ready/Bruce-Scripts-Heaven_BAD/MacOS-narstybits/Goodusb/AudioInfo.ducky.txt,badusb,utilities,Bruce-Scripts-Heaven_BAD,classified
sd_card_content/badusb_extra_payloads/utilities/Unix-like/macOS/directly_ready/Bruce-Scripts-Heaven_BAD/MacOS-narstybits/Goodusb/Gmail Address Generator.txt,badusb,utilities,Bruce-Scripts-Heaven_BAD,classified
sd_card_content/badusb_extra_payloads/utilities/Unix-like/macOS/directly_ready/Bruce-Scripts-Heaven_BAD/MacOS-narstybits/Goodusb/Git Repository Updater.txt,badusb,utilities,Bruce-Scripts-Heaven_BAD,classified
sd_card_content/badusb_extra_payloads/utilities/Unix-like/macOS/directly_ready/Bruce-Scripts-Heaven_BAD/MacOS-narstybits/Goodusb/Htop Digital Dashboard.txt,badusb,utilities,Bruce-Scripts-Heaven_BAD,classified
sd_card_content/badusb_extra_payloads/utilities/Unix-like/macOS/directly_ready/Bruce-Scripts-Heaven_BAD/MacOS-narstybits/Goodusb/MacUpdaterBot+.txt,badusb,utilities,Bruce-Scripts-Heaven_BAD,classified
sd_card_content/badusb_extra_payloads/utilities/Unix-like/macOS/configuration_needed/Bruce-Scripts-Heaven_BAD/MacOS-narstybits/Goodusb/Desktop Organizer Plus.txt,badusb,utilities,Bruce-Scripts-Heaven_BAD,classified
sd_card_content/badusb_extra_payloads/utilities/Unix-like/macOS/directly_ready/Bruce-Scripts-Heaven_BAD/MacOS-narstybits/Goodusb/Toggle Wifi.txt,badusb,utilities,Bruce-Scripts-Heaven_BAD,classified
sd_card_content/badusb_extra_payloads/utilities/Unix-like/macOS/directly_ready/Bruce-Scripts-Heaven_BAD/MacOS-narstybits/Goodusb/Vtop Enhanced Dashboard.txt,badusb,utilities,Bruce-Scripts-Heaven_BAD,classified
sd_card_content/badusb_extra_payloads/utilities/Unix-like/macOS/directly_ready/Bruce-Scripts-Heaven_BAD/MacOS-narstybits/Goodusb/Quick Lock Screen.txt,badusb,utilities,Bruce-Scripts-Heaven_BAD,classified
sd_card_content/badusb_extra_payloads/utilities/Unix-like/macOS/directly_ready/Bruce-Scripts-Heaven_BAD/MacOS-narstybits/Goodusb/GTOP Monitoring Dashboard.txt,badusb,utilities,Bruce-Scripts-Heaven_BAD,classified
sd_card_content/badusb_extra_payloads/utilities/Unix-like/macOS/directly_ready/Bruce-Scripts-Heaven_BAD/MacOS-narstybits/Goodusb/ClearNotCLose.txt,badusb,utilities,Bruce-Scripts-Heaven_BAD,classified
sd_card_content/badusb_extra_payloads/utilities/Unix-like/macOS/directly_ready/Bruce-Scripts-Heaven_BAD/MacOS-narstybits/Goodusb/Weather Check.txt,badusb,utilities,Bruce-Scripts-Heaven_BAD,classified
sd_card_content/badusb_extra_payloads/utilities/Unix-like/macOS/directly_ready/Bruce-Scripts-Heaven_BAD/MacOS-narstybits/Goodusb/Homebrew Manager - Streamline Your macOS Package Updates.txt,badusb,utilities,Bruce-Scripts-Heaven_BAD,classified
sd_card_content/badusb_extra_payloads/utilities/Unix-like/macOS/directly_ready/Bruce-Scripts-Heaven_BAD/MacOS-narstybits/Goodusb/Dark Mode Toggler.txt,badusb,utilities,Bruce-Scripts-Heaven_BAD,classified
sd_card_content/badusb_extra_payloads/utilities/Unix-like/macOS/directly_ready/Bruce-Scripts-Heaven_BAD/MacOS-narstybits/Goodusb/Desktop Organizer.txt,badusb,utilities,Bruce-Scripts-Heaven_BAD,classified
sd_card_content/badusb_extra_payloads/collection/Unix-like/macOS/directly_ready/Bruce-Scripts-Heaven_BAD/MacOS-narstybits/Goodusb/MacOS ScreenShot.txt,badusb,collection,Bruce-Scripts-Heaven_BAD,classified
sd_card_content/badusb_extra_payloads/utilities/Unix-like/macOS/directly_ready/Bruce-Scripts-Heaven_BAD/MacOS-narstybits/Goodusb/Password Generator.txt,badusb,utilities,Bruce-Scripts-Heaven_BAD,classified
sd_card_content/badusb_extra_payloads/utilities/Unix-like/macOS/directly_ready/Bruce-Scripts-Heaven_BAD/MacOS-narstybits/Goodusb/Live Chart and price ticker.txt,badusb,utilities,Bruce-Scripts-Heaven_BAD,classified
sd_card_content/badusb_extra_payloads/utilities/Unix-like/macOS/directly_ready/Bruce-Scripts-Heaven_BAD/MacOS-narstybits/Goodusb/WIndow Organizer.txt,badusb,utilities,Bruce-Scripts-Heaven_BAD,classified
sd_card_content/badusb_extra_payloads/utilities/Unix-like/macOS/directly_ready/Bruce-Scripts-Heaven_BAD/MacOS-narstybits/Goodusb/MacUpdaterBot.txt,badusb,utilities,Bruce-Scripts-Heaven_BAD,classified
sd_card_content/badusb_extra_payloads/destruction/Unix-like/macOS/directly_ready/Bruce-Scripts-Heaven_BAD/MacOS-narstybits/Executions/Desktop Deletion.txt,badusb,destruction,Bruce-Scripts-Heaven_BAD,classified
sd_card_content/badusb_extra_payloads/_unclassified/Bruce-Scripts-Heaven_BAD/MacOS-narstybits/Executions/Screen Recorder MacOs.txt,badusb,_unclassified,Bruce-Scripts-Heaven_BAD,classified-unmatched
sd_card_content/badusb_extra_payloads/data_exfiltration/Unix-like/macOS/directly_ready/Bruce-Scripts-Heaven_BAD/MacOS-narstybits/Executions/Screen Recorder MacOs to Dropbox.txt,badusb,data_exfiltration,Bruce-Scripts-Heaven_BAD,classified
sd_card_content/badusb_extra_payloads/_unclassified/Bruce-Scripts-Heaven_BAD/MacOS-narstybits/Executions/File load Tester.txt,badusb,_unclassified,Bruce-Scripts-Heaven_BAD,classified-unmatched
sd_card_content/badusb_extra_payloads/_unclassified/Bruce-Scripts-Heaven_BAD/MacOS-narstybits/Executions/Eject DiskUtility.txt,badusb,_unclassified,Bruce-Scripts-Heaven_BAD,classified-unmatched
sd_card_content/badusb_extra_payloads/destruction/Unix-like/macOS/directly_ready/Bruce-Scripts-Heaven_BAD/MacOS-narstybits/Executions/System File Deletion.txt,badusb,destruction,Bruce-Scripts-Heaven_BAD,classified
sd_card_content/badusb_extra_payloads/_unclassified/Bruce-Scripts-Heaven_BAD/MacOS-narstybits/Executions/Copy Pasta.txt,badusb,_unclassified,Bruce-Scripts-Heaven_BAD,classified-unmatched
sd_card_content/badusb_extra_payloads/data_exfiltration/Unix-like/macOS/directly_ready/Bruce-Scripts-Heaven_BAD/MacOS-narstybits/Executions/Cookies to Dropbox.txt,badusb,data_exfiltration,Bruce-Scripts-Heaven_BAD,classified
sd_card_content/badusb_extra_payloads/_unclassified/Bruce-Scripts-Heaven_BAD/MacOS-narstybits/Executions/Infinite Dropdown list.txt,badusb,_unclassified,Bruce-Scripts-Heaven_BAD,classified-unmatched
sd_card_content/badusb_extra_payloads/data_exfiltration/Unix-like/macOS/directly_ready/Bruce-Scripts-Heaven_BAD/MacOS-narstybits/Executions/EAPOL Handshake to Dropbox.txt,badusb,data_exfiltration,Bruce-Scripts-Heaven_BAD,classified
sd_card_content/badusb_extra_payloads/_unclassified/Bruce-Scripts-Heaven_BAD/MacOS-narstybits/Executions/Folder Fun Load tester.txt,badusb,_unclassified,Bruce-Scripts-Heaven_BAD,classified-unmatched
sd_card_content/badusb_extra_payloads/destruction/Unix-like/macOS/directly_ready/Bruce-Scripts-Heaven_BAD/MacOS-narstybits/Executions/Desktop Deletion V2.txt,badusb,destruction,Bruce-Scripts-Heaven_BAD,classified
sd_card_content/badusb_extra_payloads/_unclassified/Bruce-Scripts-Heaven_BAD/MacOS-narstybits/Executions/MacOs Website redirect.txt,badusb,_unclassified,Bruce-Scripts-Heaven_BAD,classified-unmatched
sd_card_content/badusb_extra_payloads/data_exfiltration/Unix-like/macOS/directly_ready/Bruce-Scripts-Heaven_BAD/MacOS-narstybits/Executions/Imessage Attachments to Dropbox.txt,badusb,data_exfiltration,Bruce-Scripts-Heaven_BAD,classified
sd_card_content/badusb_extra_payloads/remote_access/Unix-like/macOS/directly_ready/Bruce-Scripts-Heaven_BAD/MacOS-narstybits/Executions/Remote Shell.txt,badusb,remote_access,Bruce-Scripts-Heaven_BAD,classified
sd_card_content/badusb_extra_payloads/_unclassified/Bruce-Scripts-Heaven_BAD/MacOS-narstybits/Executions/System Disruption Loop.txt,badusb,_unclassified,Bruce-Scripts-Heaven_BAD,classified-unmatched
sd_card_content/badusb_extra_payloads/destruction/Unix-like/macOS/directly_ready/Bruce-Scripts-Heaven_BAD/MacOS-narstybits/Executions/Delete Copy Pasta.txt,badusb,destruction,Bruce-Scripts-Heaven_BAD,classified
sd_card_content/badusb_extra_payloads/data_exfiltration/Unix-like/macOS/directly_ready/Bruce-Scripts-Heaven_BAD/MacOS-narstybits/Executions/iCloud Photos to Dropbox.txt,badusb,data_exfiltration,Bruce-Scripts-Heaven_BAD,classified
sd_card_content/badusb_extra_payloads/data_exfiltration/Unix-like/macOS/directly_ready/Bruce-Scripts-Heaven_BAD/MacOS-narstybits/Executions/Icloud Documents to Dropbox .txt,badusb,data_exfiltration,Bruce-Scripts-Heaven_BAD,classified
sd_card_content/badusb_extra_payloads/remote_access/Unix-like/macOS/directly_ready/Bruce-Scripts-Heaven_BAD/MacOS-narstybits/Executions/Virtual Network Remote Access.txt,badusb,remote_access,Bruce-Scripts-Heaven_BAD,classified
sd_card_content/badusb_extra_payloads/destruction/Unix-like/macOS/directly_ready/Bruce-Scripts-Heaven_BAD/MacOS-narstybits/Executions/Dropbox to Desktop Bomb.txt,badusb,destruction,Bruce-Scripts-Heaven_BAD,classified
sd_card_content/badusb_extra_payloads/utilities/Unix-like/macOS/directly_ready/Bruce-Scripts-Heaven_BAD/MacOS-narstybits/Executions/DarkStorm bruteforce I.P.txt,badusb,utilities,Bruce-Scripts-Heaven_BAD,classified
sd_card_content/badusb_extra_payloads/_unclassified/Bruce-Scripts-Heaven_BAD/MacOS-narstybits/Executions/Infinite Dialog Box.txt,badusb,_unclassified,Bruce-Scripts-Heaven_BAD,classified-unmatched
sd_card_content/badusb_extra_payloads/data_exfiltration/Unix-like/macOS/directly_ready/Bruce-Scripts-Heaven_BAD/MacOS-narstybits/Executions/Docs and Desktop to Dropbox API.txt,badusb,data_exfiltration,Bruce-Scripts-Heaven_BAD,classified
sd_card_content/badusb_extra_payloads/_unclassified/Bruce-Scripts-Heaven_BAD/MacOS-narstybits/Executions/Bluetooth On.txt,badusb,_unclassified,Bruce-Scripts-Heaven_BAD,classified-unmatched
sd_card_content/badusb_extra_payloads/_unclassified/Bruce-Scripts-Heaven_BAD/MacOS-narstybits/Executions/NEVER SLEEP.txt,badusb,_unclassified,Bruce-Scripts-Heaven_BAD,classified-unmatched
sd_card_content/badusb_extra_payloads/data_exfiltration/Win/directly_ready/Bruce-Scripts-Heaven_BAD/Chrome2Discord/chrome2Discord.txt,badusb,data_exfiltration,Bruce-Scripts-Heaven_BAD,classified
sd_card_content/badusb_extra_payloads/_unclassified/Bruce-Scripts-Heaven_BAD/BadUSB-FalsePhilosopher/OMG/Library/execution/DNS-TXT-Run/payload.txt,badusb,_unclassified,Bruce-Scripts-Heaven_BAD,classified-unmatched
sd_card_content/badusb_extra_payloads/defense_evasion/Win/directly_ready/Bruce-Scripts-Heaven_BAD/BadUSB-FalsePhilosopher/OMG/Library/execution/FodCable2 - UAC Bypass/payload.txt,badusb,defense_evasion,Bruce-Scripts-Heaven_BAD,classified
sd_card_content/badusb_extra_payloads/_unclassified/Bruce-Scripts-Heaven_BAD/BadUSB-FalsePhilosopher/OMG/Library/execution/FodCable - UAC Bypass/payload.txt,badusb,_unclassified,Bruce-Scripts-Heaven_BAD,classified-unmatched
sd_card_content/badusb_extra_payloads/command_control/Android/directly_ready/Bruce-Scripts-Heaven_BAD/BadUSB-FalsePhilosopher/OMG/Library/mobile/android/Gmail_Forwarding_Persistence/gmail_forward_script.txt,badusb,command_control,Bruce-Scripts-Heaven_BAD,classified
sd_card_content/badusb_extra_payloads/remote_access/Android/directly_ready/Bruce-Scripts-Heaven_BAD/BadUSB-FalsePhilosopher/OMG/Library/mobile/android/meterpreter/payload-alt-MG-Android10.txt,badusb,remote_access,Bruce-Scripts-Heaven_BAD,classified
sd_card_content/badusb_extra_payloads/remote_access/Android/directly_ready/Bruce-Scripts-Heaven_BAD/BadUSB-FalsePhilosopher/OMG/Library/mobile/android/meterpreter/payload.txt,badusb,remote_access,Bruce-Scripts-Heaven_BAD,classified
sd_card_content/badusb_extra_payloads/remote_access/Android/directly_ready/Bruce-Scripts-Heaven_BAD/BadUSB-FalsePhilosopher/OMG/Library/mobile/android/meterpreter/payload-alt-MG-Android11.txt,badusb,remote_access,Bruce-Scripts-Heaven_BAD,classified
sd_card_content/badusb_extra_payloads/collection/Win/directly_ready/Bruce-Scripts-Heaven_BAD/BadUSB-FalsePhilosopher/OMG/Library/credentials/wifigrabber/payload.txt,badusb,collection,Bruce-Scripts-Heaven_BAD,classified
sd_card_content/badusb_extra_payloads/collection/Win/directly_ready/Bruce-Scripts-Heaven_BAD/BadUSB-FalsePhilosopher/OMG/Library/credentials/OMGLogger/payload.txt,badusb,collection,Bruce-Scripts-Heaven_BAD,classified
sd_card_content/badusb_extra_payloads/collection/Win/directly_ready/Bruce-Scripts-Heaven_BAD/BadUSB-FalsePhilosopher/OMG/Library/credentials/SudoSnatch/payload.txt,badusb,collection,Bruce-Scripts-Heaven_BAD,classified
sd_card_content/badusb_extra_payloads/collection/Win/directly_ready/Bruce-Scripts-Heaven_BAD/BadUSB-FalsePhilosopher/OMG/Library/credentials/Harvester_OF_SORROW/payload.txt,badusb,collection,Bruce-Scripts-Heaven_BAD,classified
sd_card_content/badusb_extra_payloads/data_exfiltration/Unix-like/Linux/directly_ready/Bruce-Scripts-Heaven_BAD/BadUSB-FalsePhilosopher/OMG/Library/exfiltration/WiFi2DNS/WiFi2DNS.txt,badusb,data_exfiltration,Bruce-Scripts-Heaven_BAD,classified
sd_card_content/badusb_extra_payloads/data_exfiltration/Win/directly_ready/Bruce-Scripts-Heaven_BAD/BadUSB-FalsePhilosopher/OMG/Library/exfiltration/WiFi2DNS_AES256/payload.txt,badusb,data_exfiltration,Bruce-Scripts-Heaven_BAD,classified
sd_card_content/badusb_extra_payloads/data_exfiltration/Unix-like/Linux/directly_ready/Bruce-Scripts-Heaven_BAD/BadUSB-FalsePhilosopher/OMG/Library/exfiltration/WiFi2DNS_AES256/README.txt,badusb,data_exfiltration,Bruce-Scripts-Heaven_BAD,classified
sd_card_content/badusb_extra_payloads/_unclassified/Bruce-Scripts-Heaven_BAD/BadUSB-FalsePhilosopher/OMG/Library/incident_response/-OMG-ET-Phone-Home/ET-Phone-Home-Execute.txt,badusb,_unclassified,Bruce-Scripts-Heaven_BAD,classified-unmatched
sd_card_content/badusb_extra_payloads/destruction/Win/directly_ready/Bruce-Scripts-Heaven_BAD/BadUSB-FalsePhilosopher/OMG/Library/general/-OMG-PineApple/PineApple-KeyInjection.txt,badusb,destruction,Bruce-Scripts-Heaven_BAD,classified
sd_card_content/badusb_extra_payloads/remote_access/Win/directly_ready/Bruce-Scripts-Heaven_BAD/BadUSB-FalsePhilosopher/OMG/Library/remote_access/win_smb-backdoor/payload.txt,badusb,remote_access,Bruce-Scripts-Heaven_BAD,classified
sd_card_content/badusb_extra_payloads/remote_access/Win/directly_ready/Bruce-Scripts-Heaven_BAD/BadUSB-FalsePhilosopher/OMG/Library/remote_access/revshell_windows/payload.txt,badusb,remote_access,Bruce-Scripts-Heaven_BAD,classified
sd_card_content/badusb_extra_payloads/remote_access/Unix-like/Linux/directly_ready/Bruce-Scripts-Heaven_BAD/BadUSB-FalsePhilosopher/OMG/Library/remote_access/ReverseCable II/payload.txt,badusb,remote_access,Bruce-Scripts-Heaven_BAD,classified
sd_card_content/badusb_extra_payloads/remote_access/Win/directly_ready/Bruce-Scripts-Heaven_BAD/BadUSB-FalsePhilosopher/OMG/Library/remote_access/RemoteDeskCable/payload.txt,badusb,remote_access,Bruce-Scripts-Heaven_BAD,classified
sd_card_content/badusb_extra_payloads/remote_access/Unix-like/Linux/directly_ready/Bruce-Scripts-Heaven_BAD/BadUSB-FalsePhilosopher/OMG/Library/remote_access/ReverseCable/payload.txt,badusb,remote_access,Bruce-Scripts-Heaven_BAD,classified
sd_card_content/badusb_extra_payloads/remote_access/Win/directly_ready/Bruce-Scripts-Heaven_BAD/BadUSB-FalsePhilosopher/OMG/Library/remote_access/persistentReverseOMG/payload.txt,badusb,remote_access,Bruce-Scripts-Heaven_BAD,classified
sd_card_content/badusb_extra_payloads/remote_access/Win/directly_ready/Bruce-Scripts-Heaven_BAD/BadUSB-FalsePhilosopher/OMG/Library/remote_access/ReverseCableSSL/payload.txt,badusb,remote_access,Bruce-Scripts-Heaven_BAD,classified
sd_card_content/badusb_extra_payloads/prank/Win/directly_ready/Bruce-Scripts-Heaven_BAD/BadUSB-FalsePhilosopher/OMG/Library/prank/BartLock.txt,badusb,prank,Bruce-Scripts-Heaven_BAD,classified
sd_card_content/badusb_extra_payloads/prank/Win/directly_ready/Bruce-Scripts-Heaven_BAD/BadUSB-FalsePhilosopher/OMG/Library/prank/OMG-TTS-Windows.txt,badusb,prank,Bruce-Scripts-Heaven_BAD,classified
sd_card_content/badusb_extra_payloads/prank/Unix-like/macOS/directly_ready/Bruce-Scripts-Heaven_BAD/BadUSB-FalsePhilosopher/OMG/Library/prank/OMG-TTS-MacOS.txt,badusb,prank,Bruce-Scripts-Heaven_BAD,classified
sd_card_content/badusb_extra_payloads/prank/Win/directly_ready/Bruce-Scripts-Heaven_BAD/BadUSB-FalsePhilosopher/OMG/Library/prank/Webcam_Fun/payload.txt,badusb,prank,Bruce-Scripts-Heaven_BAD,classified
sd_card_content/badusb_extra_payloads/prank/Win/directly_ready/Bruce-Scripts-Heaven_BAD/BadUSB-FalsePhilosopher/OMG/Library/prank/Rick_Rolling_Forever/payload.txt,badusb,prank,Bruce-Scripts-Heaven_BAD,classified
sd_card_content/badusb_extra_payloads/prank/Win/directly_ready/Bruce-Scripts-Heaven_BAD/BadUSB-FalsePhilosopher/OMG/Library/prank/Hacker_Typer/payload.txt,badusb,prank,Bruce-Scripts-Heaven_BAD,classified
sd_card_content/badusb_extra_payloads/prank/Win/directly_ready/Bruce-Scripts-Heaven_BAD/BadUSB-FalsePhilosopher/OMG/Library/prank/-OMG-Rage-PopUps/Rage-PopUps-Execute.txt,badusb,prank,Bruce-Scripts-Heaven_BAD,classified
sd_card_content/badusb_extra_payloads/prank/Win/directly_ready/Bruce-Scripts-Heaven_BAD/BadUSB-FalsePhilosopher/OMG/Library/prank/BlueScreenOfDeath/payload.txt,badusb,prank,Bruce-Scripts-Heaven_BAD,classified
sd_card_content/badusb_extra_payloads/prank/Win/directly_ready/Bruce-Scripts-Heaven_BAD/BadUSB-FalsePhilosopher/OMG/Library/prank/-OMG-JumpScare/JumpScare-Execute.txt,badusb,prank,Bruce-Scripts-Heaven_BAD,classified
sd_card_content/badusb_extra_payloads/prank/Win/directly_ready/Bruce-Scripts-Heaven_BAD/BadUSB-FalsePhilosopher/OMG/Library/prank/Win_Hid_HideIcons/payload.txt,badusb,prank,Bruce-Scripts-Heaven_BAD,classified
sd_card_content/badusb_extra_payloads/_unclassified/Bruce-Scripts-Heaven_BAD/BadUSB-FalsePhilosopher/WHID/Library/Unix like/linux/LinuxIfconfig.txt,badusb,_unclassified,Bruce-Scripts-Heaven_BAD,classified-unmatched
sd_card_content/badusb_extra_payloads/prank/Unix-like/macOS/directly_ready/Bruce-Scripts-Heaven_BAD/BadUSB-FalsePhilosopher/WHID/Library/Unix like/osx/rickrollosx-rickroll-ducky-payload.txt,badusb,prank,Bruce-Scripts-Heaven_BAD,classified
sd_card_content/badusb_extra_payloads/remote_access/Unix-like/macOS/directly_ready/Bruce-Scripts-Heaven_BAD/BadUSB-FalsePhilosopher/WHID/Library/Unix like/osx/bash-reverseshell/payload.txt,badusb,remote_access,Bruce-Scripts-Heaven_BAD,classified
sd_card_content/badusb_extra_payloads/remote_access/Unix-like/macOS/directly_ready/Bruce-Scripts-Heaven_BAD/BadUSB-FalsePhilosopher/WHID/Library/Unix like/osx/bash-reverseshell-alt/payload.txt,badusb,remote_access,Bruce-Scripts-Heaven_BAD,classified
sd_card_content/badusb_extra_payloads/data_exfiltration/Unix-like/macOS/directly_ready/Bruce-Scripts-Heaven_BAD/BadUSB-FalsePhilosopher/WHID/Library/Unix like/osx/wget-cmd-exfil/payload.txt,badusb,data_exfiltration,Bruce-Scripts-Heaven_BAD,classified
sd_card_content/badusb_extra_payloads/_unclassified/Bruce-Scripts-Heaven_BAD/BadUSB-FalsePhilosopher/WHID/Library/Base/winhiddenpayload.txt,badusb,_unclassified,Bruce-Scripts-Heaven_BAD,classified-unmatched
sd_card_content/badusb_extra_payloads/_unclassified/Bruce-Scripts-Heaven_BAD/BadUSB-FalsePhilosopher/WHID/Library/Base/winkiOSKhack.txt,badusb,_unclassified,Bruce-Scripts-Heaven_BAD,classified-unmatched
sd_card_content/badusb_extra_payloads/data_exfiltration/Unix-like/Linux/directly_ready/Bruce-Scripts-Heaven_BAD/BadUSB-FalsePhilosopher/WHID/Library/Base/LinSerialEXFIL.txt,badusb,data_exfiltration,Bruce-Scripts-Heaven_BAD,classified
sd_card_content/badusb_extra_payloads/discovery/Win/directly_ready/Bruce-Scripts-Heaven_BAD/BadUSB-FalsePhilosopher/WHID/Library/Base/WinPSFTPExfil.txt,badusb,discovery,Bruce-Scripts-Heaven_BAD,classified
sd_card_content/badusb_extra_payloads/data_exfiltration/Win/directly_ready/Bruce-Scripts-Heaven_BAD/BadUSB-FalsePhilosopher/WHID/Library/Base/WinSerialEXFIL.txt,badusb,data_exfiltration,Bruce-Scripts-Heaven_BAD,classified
sd_card_content/badusb_extra_payloads/discovery/Unix-like/Linux/directly_ready/Bruce-Scripts-Heaven_BAD/BadUSB-FalsePhilosopher/WHID/Library/Base/LinHTTPExfiltrate.txt,badusb,discovery,Bruce-Scripts-Heaven_BAD,classified
sd_card_content/badusb_extra_payloads/_unclassified/Bruce-Scripts-Heaven_BAD/BadUSB-FalsePhilosopher/WHID/Library/Base/mousetest.txt,badusb,_unclassified,Bruce-Scripts-Heaven_BAD,classified-unmatched
sd_card_content/badusb_extra_payloads/_unclassified/Bruce-Scripts-Heaven_BAD/BadUSB-FalsePhilosopher/WHID/Library/Base/kali2hiddenpayld.txt,badusb,_unclassified,Bruce-Scripts-Heaven_BAD,classified-unmatched
sd_card_content/badusb_extra_payloads/utilities/Win/directly_ready/Bruce-Scripts-Heaven_BAD/BadUSB-FalsePhilosopher/WHID/Library/Base/macidentifykb.txt,badusb,utilities,Bruce-Scripts-Heaven_BAD,classified
sd_card_content/badusb_extra_payloads/_unclassified/Bruce-Scripts-Heaven_BAD/BadUSB-FalsePhilosopher/WHID/Library/Base/blink.txt,badusb,_unclassified,Bruce-Scripts-Heaven_BAD,classified-unmatched
sd_card_content/badusb_extra_payloads/discovery/Unix-like/Linux/directly_ready/Bruce-Scripts-Heaven_BAD/BadUSB-FalsePhilosopher/WHID/Library/Base/LinFTPExfiltrate.txt,badusb,discovery,Bruce-Scripts-Heaven_BAD,classified
sd_card_content/badusb_extra_payloads/prank/Win/directly_ready/Bruce-Scripts-Heaven_BAD/BadUSB-FalsePhilosopher/WHID/Library/Base/winpropopups.txt,badusb,prank,Bruce-Scripts-Heaven_BAD,classified
sd_card_content/badusb_extra_payloads/data_exfiltration/Unix-like/Linux/directly_ready/Bruce-Scripts-Heaven_BAD/BadUSB-FalsePhilosopher/WHID/Library/Base/LinExfilWiFiCreds.txt,badusb,data_exfiltration,Bruce-Scripts-Heaven_BAD,classified
sd_card_content/badusb_extra_payloads/discovery/Win/directly_ready/Bruce-Scripts-Heaven_BAD/BadUSB-FalsePhilosopher/WHID/Library/Base/WinHTTPExfiltrate.txt,badusb,discovery,Bruce-Scripts-Heaven_BAD,classified
sd_card_content/badusb_extra_payloads/collection/Win/directly_ready/Bruce-Scripts-Heaven_BAD/BadUSB-FalsePhilosopher/WHID/Library/windows/Mimikatz.txt,badusb,collection,Bruce-Scripts-Heaven_BAD,classified
sd_card_content/badusb_extra_payloads/social_engineering/iOS/directly_ready/Bruce-Scripts-Heaven_BAD/BadUSB-FalsePhilosopher/WHID/Library/windows/Win_AD_Creds_Phishing_SerialExfil_AirGap_Bypass.txt,badusb,social_engineering,Bruce-Scripts-Heaven_BAD,classified
sd_card_content/badusb_extra_payloads/data_exfiltration/Win/directly_ready/Bruce-Scripts-Heaven_BAD/BadUSB-FalsePhilosopher/WHID/Library/windows/WinFFCredsExfil.txt,badusb,data_exfiltration,Bruce-Scripts-Heaven_BAD,classified
sd_card_content/badusb_extra_payloads/collection/Win/directly_ready/Bruce-Scripts-Heaven_BAD/BadUSB-FalsePhilosopher/WHID/Library/windows/MimikatzScr.txt,badusb,collection,Bruce-Scripts-Heaven_BAD,classified
sd_card_content/badusb_extra_payloads/_unclassified/Bruce-Scripts-Heaven_BAD/BadUSB-FalsePhilosopher/WHID/Library/windows/EmpireAgent.txt,badusb,_unclassified,Bruce-Scripts-Heaven_BAD,classified-unmatched
sd_card_content/badusb_extra_payloads/data_exfiltration/Win/directly_ready/Bruce-Scripts-Heaven_BAD/BadUSB-FalsePhilosopher/WHID/Library/windows/WiFiPassSerialExfil.txt,badusb,data_exfiltration,Bruce-Scripts-Heaven_BAD,classified
sd_card_content/badusb_extra_payloads/_unclassified/Bruce-Scripts-Heaven_BAD/BadUSB-FalsePhilosopher/WHID/Library/windows/WinCalc.txt,badusb,_unclassified,Bruce-Scripts-Heaven_BAD,classified-unmatched
sd_card_content/badusb_extra_payloads/prank/Win/directly_ready/Bruce-Scripts-Heaven_BAD/BadUSB-FalsePhilosopher/WHID/Library/windows/TravisPooley/Windows/Change Desktop Background/Payload.txt,badusb,prank,Bruce-Scripts-Heaven_BAD,classified
sd_card_content/badusb_extra_payloads/prank/Unix-like/macOS/directly_ready/Bruce-Scripts-Heaven_BAD/BadUSB-FalsePhilosopher/Malduino/Library/MACos_Malduino/Library/windowsJoke.txt,badusb,prank,Bruce-Scripts-Heaven_BAD,classified
sd_card_content/badusb_extra_payloads/social_engineering/Unix-like/macOS/directly_ready/Bruce-Scripts-Heaven_BAD/BadUSB-FalsePhilosopher/Malduino/Library/MACos_Malduino/Library/1101.txt,badusb,social_engineering,Bruce-Scripts-Heaven_BAD,classified
sd_card_content/badusb_extra_payloads/remote_access/Unix-like/macOS/directly_ready/Bruce-Scripts-Heaven_BAD/BadUSB-FalsePhilosopher/Malduino/Library/MACos_Malduino/Library/1011.txt,badusb,remote_access,Bruce-Scripts-Heaven_BAD,classified
sd_card_content/badusb_extra_payloads/_unclassified/Bruce-Scripts-Heaven_BAD/BadUSB-FalsePhilosopher/Malduino/Library/MACos_Malduino/Library/0000.txt,badusb,_unclassified,Bruce-Scripts-Heaven_BAD,classified-unmatched
sd_card_content/badusb_extra_payloads/_unclassified/Bruce-Scripts-Heaven_BAD/BadUSB-FalsePhilosopher/Malduino/Library/MACos_Malduino/Library/1100.txt,badusb,_unclassified,Bruce-Scripts-Heaven_BAD,classified-unmatched
sd_card_content/badusb_extra_payloads/_unclassified/Bruce-Scripts-Heaven_BAD/BadUSB-FalsePhilosopher/Malduino/Library/MACos_Malduino/Library/0001.txt,badusb,_unclassified,Bruce-Scripts-Heaven_BAD,classified-unmatched
sd_card_content/badusb_extra_payloads/collection/Unix-like/macOS/directly_ready/Bruce-Scripts-Heaven_BAD/BadUSB-FalsePhilosopher/Malduino/Library/MACos_Malduino/Library/0101.txt,badusb,collection,Bruce-Scripts-Heaven_BAD,classified
sd_card_content/badusb_extra_payloads/collection/Unix-like/macOS/directly_ready/Bruce-Scripts-Heaven_BAD/BadUSB-FalsePhilosopher/Malduino/Library/MACos_Malduino/Library/0100.txt,badusb,collection,Bruce-Scripts-Heaven_BAD,classified
sd_card_content/badusb_extra_payloads/utilities/Unix-like/macOS/directly_ready/Bruce-Scripts-Heaven_BAD/BadUSB-FalsePhilosopher/Malduino/Library/MACos_Malduino/Library/0010.txt,badusb,utilities,Bruce-Scripts-Heaven_BAD,classified
sd_card_content/badusb_extra_payloads/_unclassified/Bruce-Scripts-Heaven_BAD/BadUSB-FalsePhilosopher/Malduino/Library/MACos_Malduino/Library/1010.txt,badusb,_unclassified,Bruce-Scripts-Heaven_BAD,classified-unmatched
sd_card_content/badusb_extra_payloads/_unclassified/Bruce-Scripts-Heaven_BAD/BadUSB-FalsePhilosopher/Malduino/Library/MACos_Malduino/Library/0011.txt,badusb,_unclassified,Bruce-Scripts-Heaven_BAD,classified-unmatched
sd_card_content/badusb_extra_payloads/_unclassified/Bruce-Scripts-Heaven_BAD/BadUSB-FalsePhilosopher/Malduino/Library/MACos_Malduino/Library/1001.txt,badusb,_unclassified,Bruce-Scripts-Heaven_BAD,classified-unmatched
sd_card_content/badusb_extra_payloads/_unclassified/Bruce-Scripts-Heaven_BAD/BadUSB-FalsePhilosopher/Malduino/Library/MACos_Malduino/Library/1110.txt,badusb,_unclassified,Bruce-Scripts-Heaven_BAD,classified-unmatched
sd_card_content/badusb_extra_payloads/_unclassified/Bruce-Scripts-Heaven_BAD/BadUSB-FalsePhilosopher/Malduino/Library/MACos_Malduino/Library/1111.txt,badusb,_unclassified,Bruce-Scripts-Heaven_BAD,classified-unmatched
sd_card_content/badusb_extra_payloads/prank/Unix-like/macOS/directly_ready/Bruce-Scripts-Heaven_BAD/BadUSB-FalsePhilosopher/Malduino/Library/MACos_Malduino/Library/1000.txt,badusb,prank,Bruce-Scripts-Heaven_BAD,classified
sd_card_content/badusb_extra_payloads/_unclassified/Bruce-Scripts-Heaven_BAD/BadUSB-FalsePhilosopher/Malduino/Library/MACos_Malduino/Library/0111.txt,badusb,_unclassified,Bruce-Scripts-Heaven_BAD,classified-unmatched
sd_card_content/badusb_extra_payloads/_unclassified/Bruce-Scripts-Heaven_BAD/BadUSB-FalsePhilosopher/Malduino/Library/MACos_Malduino/Library/0110.txt,badusb,_unclassified,Bruce-Scripts-Heaven_BAD,classified-unmatched
sd_card_content/badusb_extra_payloads/_unclassified/Bruce-Scripts-Heaven_BAD/BadUSB-FalsePhilosopher/Malduino/Library/DuckyDuino/Windows/ModicarHosts/ModicarHosts.ino,badusb,_unclassified,Bruce-Scripts-Heaven_BAD,classified-unmatched
sd_card_content/badusb_extra_payloads/_unclassified/Bruce-Scripts-Heaven_BAD/BadUSB-FalsePhilosopher/Malduino/Library/DuckyDuino/Windows/AgregarUsuarioWindows/AgregarUsuarioWindows.ino,badusb,_unclassified,Bruce-Scripts-Heaven_BAD,classified-unmatched
sd_card_content/badusb_extra_payloads/prank/Unix-like/macOS/directly_ready/Bruce-Scripts-Heaven_BAD/BadUSB-FalsePhilosopher/Malduino/Library/DuckyDuino/OSX/Youtube Prank OSX/YoutubePrank.ino,badusb,prank,Bruce-Scripts-Heaven_BAD,classified
sd_card_content/badusb_extra_payloads/_unclassified/Bruce-Scripts-Heaven_BAD/BadUSB-FalsePhilosopher/Malduino/Library/Win/Winlazagne.txt,badusb,_unclassified,Bruce-Scripts-Heaven_BAD,classified-unmatched
sd_card_content/badusb_extra_payloads/remote_access/Win/directly_ready/Bruce-Scripts-Heaven_BAD/BadUSB-FalsePhilosopher/Malduino/Library/Win/Winmeterpreter.txt,badusb,remote_access,Bruce-Scripts-Heaven_BAD,classified
sd_card_content/badusb_extra_payloads/_unclassified/Bruce-Scripts-Heaven_BAD/BadUSB-FalsePhilosopher/Malduino/Library/Win/baronet/passviewer.py,badusb,_unclassified,Bruce-Scripts-Heaven_BAD,classified-unmatched
sd_card_content/badusb_extra_payloads/_unclassified/Bruce-Scripts-Heaven_BAD/BadUSB-FalsePhilosopher/Malduino/Library/Win/baronet/Baronet.ino,badusb,_unclassified,Bruce-Scripts-Heaven_BAD,classified-unmatched
sd_card_content/badusb_extra_payloads/destruction/Win/directly_ready/Bruce-Scripts-Heaven_BAD/BadUSB-FalsePhilosopher/Malduino/Library/Win/DuckDuinoScripts/DiscordDelete.ino,badusb,destruction,Bruce-Scripts-Heaven_BAD,classified
sd_card_content/badusb_extra_payloads/prank/Win/directly_ready/Bruce-Scripts-Heaven_BAD/BadUSB-FalsePhilosopher/Malduino/Library/Win/DuckDuinoScripts/WallpaperChangerWin10.ino,badusb,prank,Bruce-Scripts-Heaven_BAD,classified
sd_card_content/badusb_extra_payloads/collection/Win/directly_ready/Bruce-Scripts-Heaven_BAD/BadUSB-FalsePhilosopher/Malduino/Library/Win/DuckDuinoScripts/WiFiGrabberNoEmail.ino,badusb,collection,Bruce-Scripts-Heaven_BAD,classified
sd_card_content/badusb_extra_payloads/collection/Win/directly_ready/Bruce-Scripts-Heaven_BAD/BadUSB-FalsePhilosopher/Malduino/Library/Win/DuckDuinoScripts/WiFiGrabberEmail.ino,badusb,collection,Bruce-Scripts-Heaven_BAD,classified
sd_card_content/badusb_extra_payloads/_unclassified/Bruce-Scripts-Heaven_BAD/BadUSB-FalsePhilosopher/Ducky/Ducky-Framework/prompt.py,badusb,_unclassified,Bruce-Scripts-Heaven_BAD,classified-unmatched
sd_card_content/badusb_extra_payloads/_unclassified/Bruce-Scripts-Heaven_BAD/BadUSB-FalsePhilosopher/Ducky/Ducky-Framework/setup.py,badusb,_unclassified,Bruce-Scripts-Heaven_BAD,classified-unmatched
sd_card_content/badusb_extra_payloads/_unclassified/Bruce-Scripts-Heaven_BAD/BadUSB-FalsePhilosopher/Ducky/Ducky-Framework/payloads/win/powershWgetWin7/powershWgetWin7.txt,badusb,_unclassified,Bruce-Scripts-Heaven_BAD,classified-unmatched
sd_card_content/badusb_extra_payloads/collection/Win/directly_ready/Bruce-Scripts-Heaven_BAD/BadUSB-FalsePhilosopher/Ducky/Ducky-Framework/payloads/win/downloadAndExecMimikatz/downloadAndExecMimikatz.txt,badusb,collection,Bruce-Scripts-Heaven_BAD,classified
sd_card_content/badusb_extra_payloads/_unclassified/Bruce-Scripts-Heaven_BAD/BadUSB-FalsePhilosopher/Ducky/Ducky-Framework/payloads/win/FTPDownloaderWin7/FTPDownloaderWin7.txt,badusb,_unclassified,Bruce-Scripts-Heaven_BAD,classified-unmatched
sd_card_content/badusb_extra_payloads/destruction/Win/directly_ready/Bruce-Scripts-Heaven_BAD/BadUSB-FalsePhilosopher/Ducky/Ducky-Framework/payloads/win/driveEraserWin7/driveEraserWin7.txt,badusb,destruction,Bruce-Scripts-Heaven_BAD,classified
sd_card_content/badusb_extra_payloads/collection/Win/directly_ready/Bruce-Scripts-Heaven_BAD/BadUSB-FalsePhilosopher/Ducky/Ducky-Framework/payloads/win/mimikatzPay/mimikatzPay.txt,badusb,collection,Bruce-Scripts-Heaven_BAD,classified
sd_card_content/badusb_extra_payloads/destruction/Win/directly_ready/Bruce-Scripts-Heaven_BAD/BadUSB-FalsePhilosopher/Ducky/Ducky-Framework/payloads/win/wiFunWin7/wiFunWin7.txt,badusb,destruction,Bruce-Scripts-Heaven_BAD,classified
sd_card_content/badusb_extra_payloads/defense_evasion/Win/directly_ready/Bruce-Scripts-Heaven_BAD/BadUSB-FalsePhilosopher/Ducky/Ducky-Framework/payloads/win/disableDefenderWithPowersh/disableDefenderWithPowersh.txt,badusb,defense_evasion,Bruce-Scripts-Heaven_BAD,classified
sd_card_content/badusb_extra_payloads/defense_evasion/Win/directly_ready/Bruce-Scripts-Heaven_BAD/BadUSB-FalsePhilosopher/Ducky/Ducky-Framework/payloads/win/chromeStealPassWin7/chromeStealPassWin7.txt,badusb,defense_evasion,Bruce-Scripts-Heaven_BAD,classified
sd_card_content/badusb_extra_payloads/collection/Win/directly_ready/Bruce-Scripts-Heaven_BAD/BadUSB-FalsePhilosopher/Ducky/Ducky-Framework/payloads/win/chromeStealer/chromeStealer.txt,badusb,collection,Bruce-Scripts-Heaven_BAD,classified
sd_card_content/badusb_extra_payloads/prank/Win/directly_ready/Bruce-Scripts-Heaven_BAD/BadUSB-FalsePhilosopher/Ducky/Ducky-Framework/payloads/win/restartPrankWin7/restartPrankWin7.txt,badusb,prank,Bruce-Scripts-Heaven_BAD,classified
sd_card_content/badusb_extra_payloads/destruction/Win/directly_ready/Bruce-Scripts-Heaven_BAD/BadUSB-FalsePhilosopher/Ducky/Ducky-Framework/payloads/win/SAMandSYSTEMretriverTWINfirmware/SAMandSYSTEMretriverTWINfirmware.txt,badusb,destruction,Bruce-Scripts-Heaven_BAD,classified
sd_card_content/badusb_extra_payloads/remote_access/Win/directly_ready/Bruce-Scripts-Heaven_BAD/BadUSB-FalsePhilosopher/Ducky/Ducky-Framework/payloads/win/fastMeterpreter/fastMeterpreter.txt,badusb,remote_access,Bruce-Scripts-Heaven_BAD,classified
sd_card_content/badusb_extra_payloads/_unclassified/Bruce-Scripts-Heaven_BAD/BadUSB-FalsePhilosopher/Ducky/Ducky-Framework/payloads/win/downLoadAndExecPowersh/downLoadAndExecPowersh.txt,badusb,_unclassified,Bruce-Scripts-Heaven_BAD,classified-unmatched
sd_card_content/badusb_extra_payloads/defense_evasion/Win/directly_ready/Bruce-Scripts-Heaven_BAD/BadUSB-FalsePhilosopher/Ducky/Ducky-Framework/payloads/win/disableDefender/disableDefender.txt,badusb,defense_evasion,Bruce-Scripts-Heaven_BAD,classified
sd_card_content/badusb_extra_payloads/defense_evasion/Win/directly_ready/Bruce-Scripts-Heaven_BAD/BadUSB-FalsePhilosopher/Ducky/Ducky-Framework/payloads/win/wifigrab/wifigrab.txt,badusb,defense_evasion,Bruce-Scripts-Heaven_BAD,classified
sd_card_content/badusb_extra_payloads/social_engineering/Win/directly_ready/Bruce-Scripts-Heaven_BAD/BadUSB-FalsePhilosopher/Ducky/Ducky-Framework/payloads/win/fakeUpdate/fakeUpdate.txt,badusb,social_engineering,Bruce-Scripts-Heaven_BAD,classified
sd_card_content/badusb_extra_payloads/remote_access/Win/directly_ready/Bruce-Scripts-Heaven_BAD/BadUSB-FalsePhilosopher/Ducky/Ducky-Framework/payloads/win/remotelyPossibleWin7/remotelyPossibleWin7.txt,badusb,remote_access,Bruce-Scripts-Heaven_BAD,classified
sd_card_content/badusb_extra_payloads/destruction/Win/directly_ready/Bruce-Scripts-Heaven_BAD/BadUSB-FalsePhilosopher/Ducky/Ducky-Framework/payloads/win/ncReverseSh/ncReverseSh.txt,badusb,destruction,Bruce-Scripts-Heaven_BAD,classified
sd_card_content/badusb_extra_payloads/data_exfiltration/Win/directly_ready/Bruce-Scripts-Heaven_BAD/BadUSB-FalsePhilosopher/Ducky/Ducky-Framework/payloads/win/websiteLockWin7/websiteLockWin7.txt,badusb,data_exfiltration,Bruce-Scripts-Heaven_BAD,classified
sd_card_content/badusb_extra_payloads/destruction/Win/directly_ready/Bruce-Scripts-Heaven_BAD/BadUSB-FalsePhilosopher/Ducky/Ducky-Framework/payloads/win/fileDownloaderWin7/fileDownloaderWin7.txt,badusb,destruction,Bruce-Scripts-Heaven_BAD,classified
sd_card_content/badusb_extra_payloads/destruction/Win/directly_ready/Bruce-Scripts-Heaven_BAD/BadUSB-FalsePhilosopher/Ducky/Ducky-Framework/payloads/win/runExeFromSD/runExeFromSD.txt,badusb,destruction,Bruce-Scripts-Heaven_BAD,classified
sd_card_content/badusb_extra_payloads/destruction/Win/directly_ready/Bruce-Scripts-Heaven_BAD/BadUSB-FalsePhilosopher/Ducky/Ducky-Framework/payloads/win/SAMandSYSTEMretriver/SAMandSYSTEMretriver.txt,badusb,destruction,Bruce-Scripts-Heaven_BAD,classified
sd_card_content/badusb_extra_payloads/destruction/Win/directly_ready/Bruce-Scripts-Heaven_BAD/BadUSB-FalsePhilosopher/Ducky/Ducky-Framework/payloads/win/genericBatch/genericBatch.txt,badusb,destruction,Bruce-Scripts-Heaven_BAD,classified
sd_card_content/badusb_extra_payloads/_unclassified/Bruce-Scripts-Heaven_BAD/BadUSB-FalsePhilosopher/Ducky/Ducky-Framework/payloads/win/missDiscretion/missDiscretion.txt,badusb,_unclassified,Bruce-Scripts-Heaven_BAD,classified-unmatched
sd_card_content/badusb_extra_payloads/collection/Win/directly_ready/Bruce-Scripts-Heaven_BAD/BadUSB-FalsePhilosopher/Ducky/Ducky-Framework/payloads/win/winPassGrabber/winPassGrabber.txt,badusb,collection,Bruce-Scripts-Heaven_BAD,classified
sd_card_content/badusb_extra_payloads/social_engineering/Win/directly_ready/Bruce-Scripts-Heaven_BAD/BadUSB-FalsePhilosopher/Ducky/Ducky-Framework/payloads/win/duckyPhisherWin7/duckyPhisherWin7.txt,badusb,social_engineering,Bruce-Scripts-Heaven_BAD,classified
sd_card_content/badusb_extra_payloads/_unclassified/Bruce-Scripts-Heaven_BAD/BadUSB-FalsePhilosopher/Ducky/Ducky-Framework/payloads/win/screenRoteWin7/screenRoteWin7.txt,badusb,_unclassified,Bruce-Scripts-Heaven_BAD,classified-unmatched
sd_card_content/badusb_extra_payloads/remote_access/Win/directly_ready/Bruce-Scripts-Heaven_BAD/BadUSB-FalsePhilosopher/Ducky/Ducky-Framework/payloads/win/ncShell/ncShell.txt,badusb,remote_access,Bruce-Scripts-Heaven_BAD,classified
sd_card_content/badusb_extra_payloads/remote_access/Win/directly_ready/Bruce-Scripts-Heaven_BAD/BadUSB-FalsePhilosopher/Ducky/Ducky-Framework/payloads/win/daraExfiltrationBackdoor/daraExfiltrationBackdoor.txt,badusb,remote_access,Bruce-Scripts-Heaven_BAD,classified
sd_card_content/badusb_extra_payloads/_unclassified/Bruce-Scripts-Heaven_BAD/BadUSB-FalsePhilosopher/Ducky/Ducky-Framework/payloads/win/sillyMouseWin7/sillyMouseWin7.txt,badusb,_unclassified,Bruce-Scripts-Heaven_BAD,classified-unmatched
sd_card_content/badusb_extra_payloads/destruction/Win/directly_ready/Bruce-Scripts-Heaven_BAD/BadUSB-FalsePhilosopher/Ducky/Ducky-Framework/payloads/win/runJavaFromSD/runJavaFromSD.txt,badusb,destruction,Bruce-Scripts-Heaven_BAD,classified
sd_card_content/badusb_extra_payloads/_unclassified/Bruce-Scripts-Heaven_BAD/BadUSB-FalsePhilosopher/Ducky/Ducky-Framework/payloads/win/dumpWifiAndChrome/dumpWifiAndChrome.txt,badusb,_unclassified,Bruce-Scripts-Heaven_BAD,classified-unmatched
sd_card_content/badusb_extra_payloads/destruction/Win/directly_ready/Bruce-Scripts-Heaven_BAD/BadUSB-FalsePhilosopher/Ducky/Ducky-Framework/payloads/win/denyNetAccess/denyNetAccess.txt,badusb,destruction,Bruce-Scripts-Heaven_BAD,classified
sd_card_content/badusb_extra_payloads/defense_evasion/Win/directly_ready/Bruce-Scripts-Heaven_BAD/BadUSB-FalsePhilosopher/Ducky/Ducky-Framework/payloads/win/disableDefender2/disableDefender2.txt,badusb,defense_evasion,Bruce-Scripts-Heaven_BAD,classified
sd_card_content/badusb_extra_payloads/_unclassified/Bruce-Scripts-Heaven_BAD/BadUSB-FalsePhilosopher/Ducky/Ducky-Framework/payloads/win/localDnsPoison/localDnsPoison.txt,badusb,_unclassified,Bruce-Scripts-Heaven_BAD,classified-unmatched
sd_card_content/badusb_extra_payloads/_unclassified/Bruce-Scripts-Heaven_BAD/BadUSB-FalsePhilosopher/Ducky/Ducky-Framework/payloads/lin/sshKeyAccss/sshKeyAccss.txt,badusb,_unclassified,Bruce-Scripts-Heaven_BAD,classified-unmatched
sd_card_content/badusb_extra_payloads/remote_access/Win/directly_ready/Bruce-Scripts-Heaven_BAD/BadUSB-FalsePhilosopher/Ducky/Ducky-Framework/payloads/lin/sudoAllNopass/sudoAllNopass.txt,badusb,remote_access,Bruce-Scripts-Heaven_BAD,classified
sd_card_content/badusb_extra_payloads/_unclassified/Bruce-Scripts-Heaven_BAD/BadUSB-FalsePhilosopher/Ducky/Ducky-Framework/payloads/lin/ubuntuBasedDefacer/ubuntuBasedDefacer.txt,badusb,_unclassified,Bruce-Scripts-Heaven_BAD,classified-unmatched
sd_card_content/badusb_extra_payloads/collection/Unix-like/macOS/directly_ready/Bruce-Scripts-Heaven_BAD/BadUSB-FalsePhilosopher/Ducky/Ducky-Framework/payloads/lin/sudoPassGrabber/sudoPassGrabber.txt,badusb,collection,Bruce-Scripts-Heaven_BAD,classified
sd_card_content/badusb_extra_payloads/destruction/Unix-like/macOS/directly_ready/Bruce-Scripts-Heaven_BAD/BadUSB-FalsePhilosopher/Ducky/Ducky-Framework/payloads/osx/openWebPage/openWebPage.txt,badusb,destruction,Bruce-Scripts-Heaven_BAD,classified
sd_card_content/badusb_extra_payloads/_unclassified/Bruce-Scripts-Heaven_BAD/BadUSB-FalsePhilosopher/Ducky/Ducky-Framework/payloads/osx/sshKeyAccss/sshKeyAccss.txt,badusb,_unclassified,Bruce-Scripts-Heaven_BAD,classified-unmatched
sd_card_content/badusb_extra_payloads/remote_access/Unix-like/macOS/directly_ready/Bruce-Scripts-Heaven_BAD/BadUSB-FalsePhilosopher/Ducky/Ducky-Framework/payloads/osx/userBackdoor/userBackdoor.txt,badusb,remote_access,Bruce-Scripts-Heaven_BAD,classified
sd_card_content/badusb_extra_payloads/remote_access/Unix-like/macOS/directly_ready/Bruce-Scripts-Heaven_BAD/BadUSB-FalsePhilosopher/Ducky/Ducky-Framework/payloads/osx/rootBackdoor/rootBackdoor.txt,badusb,remote_access,Bruce-Scripts-Heaven_BAD,classified
sd_card_content/badusb_extra_payloads/destruction/Unix-like/macOS/directly_ready/Bruce-Scripts-Heaven_BAD/BadUSB-FalsePhilosopher/Ducky/Ducky-Framework/payloads/osx/wgetExec/wgetExec.txt,badusb,destruction,Bruce-Scripts-Heaven_BAD,classified
sd_card_content/badusb_extra_payloads/remote_access/Unix-like/macOS/directly_ready/Bruce-Scripts-Heaven_BAD/BadUSB-FalsePhilosopher/Ducky/Ducky-Framework/payloads/osx/sudoAllNopass/sudoAllNopass.txt,badusb,remote_access,Bruce-Scripts-Heaven_BAD,classified
sd_card_content/badusb_extra_payloads/_unclassified/Bruce-Scripts-Heaven_BAD/BadUSB-FalsePhilosopher/Ducky/Ducky-Framework/payloads/osx/IPslurp/IPslurp.txt,badusb,_unclassified,Bruce-Scripts-Heaven_BAD,classified-unmatched
sd_card_content/badusb_extra_payloads/_unclassified/Bruce-Scripts-Heaven_BAD/BadUSB-FalsePhilosopher/Ducky/Ducky-Framework/payloads/osx/ImessageCapture/ImessageCapture.txt,badusb,_unclassified,Bruce-Scripts-Heaven_BAD,classified-unmatched
sd_card_content/badusb_extra_payloads/_unclassified/Bruce-Scripts-Heaven_BAD/BadUSB-FalsePhilosopher/Ducky/Ducky-Framework/payloads/osx/youLookUgly/youLookUgly.txt,badusb,_unclassified,Bruce-Scripts-Heaven_BAD,classified-unmatched
sd_card_content/badusb_extra_payloads/collection/Unix-like/macOS/directly_ready/Bruce-Scripts-Heaven_BAD/BadUSB-FalsePhilosopher/Ducky/Ducky-Framework/payloads/osx/sudoPassGrabber/sudoPassGrabber.txt,badusb,collection,Bruce-Scripts-Heaven_BAD,classified
sd_card_content/badusb_extra_payloads/_unclassified/Bruce-Scripts-Heaven_BAD/BadUSB-FalsePhilosopher/Ducky/Ducky-Framework/payloads/osx/localDnsPoison/localDnsPoison.txt,badusb,_unclassified,Bruce-Scripts-Heaven_BAD,classified-unmatched
sd_card_content/badusb_extra_payloads/_unclassified/Bruce-Scripts-Heaven_BAD/BadUSB-FalsePhilosopher/Ducky/USBRubberducky/execution/Win/AnyExec/quack.txt,badusb,_unclassified,Bruce-Scripts-Heaven_BAD,classified-unmatched
sd_card_content/badusb_extra_payloads/_unclassified/Bruce-Scripts-Heaven_BAD/BadUSB-FalsePhilosopher/Ducky/USBRubberducky/execution/Win/Elevate_CMD/info.txt,badusb,_unclassified,Bruce-Scripts-Heaven_BAD,classified-unmatched
sd_card_content/badusb_extra_payloads/_unclassified/Bruce-Scripts-Heaven_BAD/BadUSB-FalsePhilosopher/Ducky/USBRubberducky/execution/Win/Elevate_CMD/quack.txt,badusb,_unclassified,Bruce-Scripts-Heaven_BAD,classified-unmatched
sd_card_content/badusb_extra_payloads/collection/Win/configuration_needed/Bruce-Scripts-Heaven_BAD/BadUSB-FalsePhilosopher/Ducky/USBRubberducky/credentials/Win/SamDumpDucky/payload.txt,badusb,collection,Bruce-Scripts-Heaven_BAD,classified
sd_card_content/badusb_extra_payloads/collection/Win/directly_ready/Bruce-Scripts-Heaven_BAD/BadUSB-FalsePhilosopher/Ducky/USBRubberducky/credentials/Win/Rubber_Ducky_Password_Stealer/payloads/payload_[slow][dutch].txt,badusb,collection,Bruce-Scripts-Heaven_BAD,classified
sd_card_content/badusb_extra_payloads/collection/Win/directly_ready/Bruce-Scripts-Heaven_BAD/BadUSB-FalsePhilosopher/Ducky/USBRubberducky/credentials/Win/Rubber_Ducky_Password_Stealer/payloads/payload_[slow][english].txt,badusb,collection,Bruce-Scripts-Heaven_BAD,classified
sd_card_content/badusb_extra_payloads/destruction/Unix-like/Linux/directly_ready/Bruce-Scripts-Heaven_BAD/BadUSB-FalsePhilosopher/Ducky/USBRubberducky/ransom/Unix-like/Linux/Crybaby/crybaby.py,badusb,destruction,Bruce-Scripts-Heaven_BAD,classified
sd_card_content/badusb_extra_payloads/data_exfiltration/Win/directly_ready/Bruce-Scripts-Heaven_BAD/BadUSB-FalsePhilosopher/Ducky/USBRubberducky/exfiltration/Win/Nivistealer/duck.txt,badusb,data_exfiltration,Bruce-Scripts-Heaven_BAD,classified
sd_card_content/badusb_extra_payloads/data_exfiltration/Win/directly_ready/Bruce-Scripts-Heaven_BAD/BadUSB-FalsePhilosopher/Ducky/USBRubberducky/exfiltration/Win/Nivistealer/python_flask/nivistealer.py,badusb,data_exfiltration,Bruce-Scripts-Heaven_BAD,classified
sd_card_content/badusb_extra_payloads/destruction/Unix-like/Linux/directly_ready/Bruce-Scripts-Heaven_BAD/BadUSB-FalsePhilosopher/Ducky/USBRubberducky/destructive/Unix-like/Linux/Bombs/Folder_Bomb/PLTUX.py,badusb,destruction,Bruce-Scripts-Heaven_BAD,classified
sd_card_content/badusb_extra_payloads/destruction/Unix-like/Linux/directly_ready/Bruce-Scripts-Heaven_BAD/BadUSB-FalsePhilosopher/Ducky/USBRubberducky/destructive/Unix-like/Linux/Bombs/Folder_Bomb/quackWLevil.txt,badusb,destruction,Bruce-Scripts-Heaven_BAD,classified
sd_card_content/badusb_extra_payloads/destruction/Unix-like/Linux/directly_ready/Bruce-Scripts-Heaven_BAD/BadUSB-FalsePhilosopher/Ducky/USBRubberducky/destructive/Unix-like/Linux/Bombs/zip_bomb/quackmean.txt,badusb,destruction,Bruce-Scripts-Heaven_BAD,classified
sd_card_content/badusb_extra_payloads/destruction/Unix-like/Linux/directly_ready/Bruce-Scripts-Heaven_BAD/BadUSB-FalsePhilosopher/Ducky/USBRubberducky/destructive/Unix-like/Linux/Bombs/File_bomb/PLTUX.py,badusb,destruction,Bruce-Scripts-Heaven_BAD,classified
sd_card_content/badusb_extra_payloads/destruction/Unix-like/macOS/directly_ready/Bruce-Scripts-Heaven_BAD/BadUSB-FalsePhilosopher/Ducky/USBRubberducky/destructive/Unix-like/OSX/OSX_no_more_hardrive_nyan_oldOSx.txt,badusb,destruction,Bruce-Scripts-Heaven_BAD,classified
sd_card_content/badusb_extra_payloads/destruction/Win/directly_ready/Bruce-Scripts-Heaven_BAD/BadUSB-FalsePhilosopher/Ducky/USBRubberducky/destructive/Win/GooseCrasher.txt,badusb,destruction,Bruce-Scripts-Heaven_BAD,classified
sd_card_content/badusb_extra_payloads/destruction/Win/directly_ready/Bruce-Scripts-Heaven_BAD/BadUSB-FalsePhilosopher/Ducky/USBRubberducky/destructive/Win/Bombs/Folder_Bomb/PLWIN.py,badusb,destruction,Bruce-Scripts-Heaven_BAD,classified
sd_card_content/badusb_extra_payloads/destruction/Win/directly_ready/Bruce-Scripts-Heaven_BAD/BadUSB-FalsePhilosopher/Ducky/USBRubberducky/destructive/Win/Bombs/Folder_Bomb/quackWL.txt,badusb,destruction,Bruce-Scripts-Heaven_BAD,classified
sd_card_content/badusb_extra_payloads/destruction/Win/directly_ready/Bruce-Scripts-Heaven_BAD/BadUSB-FalsePhilosopher/Ducky/USBRubberducky/destructive/Win/Bombs/Sys_Forker/ADVRickbombWIP1.txt,badusb,destruction,Bruce-Scripts-Heaven_BAD,classified
sd_card_content/badusb_extra_payloads/destruction/Win/directly_ready/Bruce-Scripts-Heaven_BAD/BadUSB-FalsePhilosopher/Ducky/USBRubberducky/destructive/Win/Bombs/Sys_Forker/ADVRickbombOL.txt,badusb,destruction,Bruce-Scripts-Heaven_BAD,classified
sd_card_content/badusb_extra_payloads/destruction/Win/directly_ready/Bruce-Scripts-Heaven_BAD/BadUSB-FalsePhilosopher/Ducky/USBRubberducky/destructive/Win/Bombs/Sys_Forker/ADVRickBomb.txt,badusb,destruction,Bruce-Scripts-Heaven_BAD,classified
sd_card_content/badusb_extra_payloads/destruction/Win/directly_ready/Bruce-Scripts-Heaven_BAD/BadUSB-FalsePhilosopher/Ducky/USBRubberducky/destructive/Win/Bombs/tab_bomb/quack10.txt,badusb,destruction,Bruce-Scripts-Heaven_BAD,classified
sd_card_content/badusb_extra_payloads/destruction/Win/directly_ready/Bruce-Scripts-Heaven_BAD/BadUSB-FalsePhilosopher/Ducky/USBRubberducky/destructive/Win/BSOD/bsod/quackfreeze.txt,badusb,destruction,Bruce-Scripts-Heaven_BAD,classified
sd_card_content/badusb_extra_payloads/destruction/Win/directly_ready/Bruce-Scripts-Heaven_BAD/BadUSB-FalsePhilosopher/Ducky/USBRubberducky/destructive/Win/BSOD/bsod/quackgithub.txt,badusb,destruction,Bruce-Scripts-Heaven_BAD,classified
sd_card_content/badusb_extra_payloads/destruction/Win/directly_ready/Bruce-Scripts-Heaven_BAD/BadUSB-FalsePhilosopher/Ducky/USBRubberducky/destructive/Win/BSOD/bsod/quackms.txt,badusb,destruction,Bruce-Scripts-Heaven_BAD,classified
sd_card_content/badusb_extra_payloads/reconnaissance/Unix-like/Linux/directly_ready/Bruce-Scripts-Heaven_BAD/BadUSB-FalsePhilosopher/Ducky/USBRubberducky/recon/Unix-Like/Linux/LinEnum/quackwget.txt,badusb,reconnaissance,Bruce-Scripts-Heaven_BAD,classified
sd_card_content/badusb_extra_payloads/reconnaissance/Unix-like/Linux/directly_ready/Bruce-Scripts-Heaven_BAD/BadUSB-FalsePhilosopher/Ducky/USBRubberducky/recon/Unix-Like/Linux/LinEnum/quackpost.txt,badusb,reconnaissance,Bruce-Scripts-Heaven_BAD,classified
sd_card_content/badusb_extra_payloads/reconnaissance/Unix-like/Linux/directly_ready/Bruce-Scripts-Heaven_BAD/BadUSB-FalsePhilosopher/Ducky/USBRubberducky/recon/Unix-Like/Linux/LinEnum/quacknc.txt,badusb,reconnaissance,Bruce-Scripts-Heaven_BAD,classified
sd_card_content/badusb_extra_payloads/reconnaissance/Unix-like/macOS/directly_ready/Bruce-Scripts-Heaven_BAD/BadUSB-FalsePhilosopher/Ducky/USBRubberducky/recon/Unix-Like/OSX/Macpeas/quackexfil.txt,badusb,reconnaissance,Bruce-Scripts-Heaven_BAD,classified
sd_card_content/badusb_extra_payloads/reconnaissance/Unix-like/macOS/directly_ready/Bruce-Scripts-Heaven_BAD/BadUSB-FalsePhilosopher/Ducky/USBRubberducky/recon/Unix-Like/OSX/Macpeas/quack.txt,badusb,reconnaissance,Bruce-Scripts-Heaven_BAD,classified
sd_card_content/badusb_extra_payloads/reconnaissance/Win/directly_ready/Bruce-Scripts-Heaven_BAD/BadUSB-FalsePhilosopher/Ducky/USBRubberducky/recon/Win/Winpeas/quacklocal.txt,badusb,reconnaissance,Bruce-Scripts-Heaven_BAD,classified
sd_card_content/badusb_extra_payloads/reconnaissance/Win/directly_ready/Bruce-Scripts-Heaven_BAD/BadUSB-FalsePhilosopher/Ducky/USBRubberducky/recon/Win/Winpeas/quackDBExfil.txt,badusb,reconnaissance,Bruce-Scripts-Heaven_BAD,classified
sd_card_content/badusb_extra_payloads/prank/Unix-like/macOS/directly_ready/Bruce-Scripts-Heaven_BAD/BadUSB-FalsePhilosopher/Ducky/USBRubberducky/library/prank/Unix-like/Osx/zipbomb/quack.txt,badusb,prank,Bruce-Scripts-Heaven_BAD,classified
sd_card_content/badusb_extra_payloads/prank/Win/directly_ready/Bruce-Scripts-Heaven_BAD/BadUSB-FalsePhilosopher/Ducky/USBRubberducky/library/prank/Win/Desktop_Goose/GooseCrasherpara.txt,badusb,prank,Bruce-Scripts-Heaven_BAD,classified
sd_card_content/badusb_extra_payloads/prank/Win/directly_ready/Bruce-Scripts-Heaven_BAD/BadUSB-FalsePhilosopher/Ducky/USBRubberducky/library/prank/Win/Desktop_Goose/Honkannoying.txt,badusb,prank,Bruce-Scripts-Heaven_BAD,classified
sd_card_content/badusb_extra_payloads/remote_access/Unix-like/Linux/directly_ready/Bruce-Scripts-Heaven_BAD/BadUSB-FalsePhilosopher/Ducky/USBRubberducky/remote_access/Unix-like/Linux/Genesis/Update.py,badusb,remote_access,Bruce-Scripts-Heaven_BAD,classified
sd_card_content/badusb_extra_payloads/remote_access/Unix-like/macOS/directly_ready/Bruce-Scripts-Heaven_BAD/BadUSB-FalsePhilosopher/Ducky/USBRubberducky/remote_access/Unix-like/Linux/Genesis/Main.py,badusb,remote_access,Bruce-Scripts-Heaven_BAD,classified
sd_card_content/badusb_extra_payloads/remote_access/Unix-like/Linux/directly_ready/Bruce-Scripts-Heaven_BAD/BadUSB-FalsePhilosopher/Ducky/USBRubberducky/remote_access/Unix-like/Linux/Genesis/Plugins/bunnysploit.py,badusb,remote_access,Bruce-Scripts-Heaven_BAD,classified
sd_card_content/badusb_extra_payloads/remote_access/Unix-like/Linux/directly_ready/Bruce-Scripts-Heaven_BAD/BadUSB-FalsePhilosopher/Ducky/USBRubberducky/remote_access/Unix-like/Linux/Genesis/Plugins/weevely.py,badusb,remote_access,Bruce-Scripts-Heaven_BAD,classified
sd_card_content/badusb_extra_payloads/remote_access/Unix-like/Linux/directly_ready/Bruce-Scripts-Heaven_BAD/BadUSB-FalsePhilosopher/Ducky/USBRubberducky/remote_access/Unix-like/Linux/Genesis/Plugins/tresspass.py,badusb,remote_access,Bruce-Scripts-Heaven_BAD,classified
sd_card_content/badusb_extra_payloads/remote_access/Unix-like/Linux/directly_ready/Bruce-Scripts-Heaven_BAD/BadUSB-FalsePhilosopher/Ducky/USBRubberducky/remote_access/Unix-like/Linux/Genesis/Plugins/enum.py,badusb,remote_access,Bruce-Scripts-Heaven_BAD,classified
sd_card_content/badusb_extra_payloads/remote_access/Unix-like/macOS/directly_ready/Bruce-Scripts-Heaven_BAD/BadUSB-FalsePhilosopher/Ducky/USBRubberducky/remote_access/Unix-like/OSX/Python-backdoor/1/quack.txt,badusb,remote_access,Bruce-Scripts-Heaven_BAD,classified
sd_card_content/badusb_extra_payloads/remote_access/Unix-like/macOS/directly_ready/Bruce-Scripts-Heaven_BAD/BadUSB-FalsePhilosopher/Ducky/USBRubberducky/remote_access/Unix-like/OSX/OSRipper/main.py,badusb,remote_access,Bruce-Scripts-Heaven_BAD,classified
sd_card_content/badusb_extra_payloads/remote_access/Unix-like/macOS/directly_ready/Bruce-Scripts-Heaven_BAD/BadUSB-FalsePhilosopher/Ducky/USBRubberducky/remote_access/Unix-like/OSX/OSRipper/obfuscator.py,badusb,remote_access,Bruce-Scripts-Heaven_BAD,classified
sd_card_content/badusb_extra_payloads/remote_access/Unix-like/macOS/directly_ready/Bruce-Scripts-Heaven_BAD/BadUSB-FalsePhilosopher/Ducky/USBRubberducky/remote_access/Unix-like/OSX/OSRipper/requirements.txt,badusb,remote_access,Bruce-Scripts-Heaven_BAD,classified
sd_card_content/badusb_extra_payloads/remote_access/Android/directly_ready/Bruce-Scripts-Heaven_BAD/BadUSB-FalsePhilosopher/Ducky/USBRubberducky/remote_access/Unix-like/Android/AndroRAT/quack.txt,badusb,remote_access,Bruce-Scripts-Heaven_BAD,classified
sd_card_content/badusb_extra_payloads/remote_access/Win/directly_ready/Bruce-Scripts-Heaven_BAD/BadUSB-FalsePhilosopher/Ducky/USBRubberducky/remote_access/Win/test.txt,badusb,remote_access,Bruce-Scripts-Heaven_BAD,classified
sd_card_content/badusb_extra_payloads/remote_access/Win/directly_ready/Bruce-Scripts-Heaven_BAD/BadUSB-FalsePhilosopher/Ducky/USBRubberducky/remote_access/Win/lockpick.txt,badusb,remote_access,Bruce-Scripts-Heaven_BAD,classified
sd_card_content/badusb_extra_payloads/remote_access/Win/directly_ready/Bruce-Scripts-Heaven_BAD/BadUSB-FalsePhilosopher/Ducky/USBRubberducky/remote_access/Win/BadUSB_reverseShellInjector/BadUSB_reverseShellInjector.ino,badusb,remote_access,Bruce-Scripts-Heaven_BAD,classified
sd_card_content/badusb_extra_payloads/remote_access/Win/directly_ready/Bruce-Scripts-Heaven_BAD/BadUSB-FalsePhilosopher/Ducky/USBRubberducky/remote_access/Win/Python-backdoor/2/victim.py,badusb,remote_access,Bruce-Scripts-Heaven_BAD,classified
sd_card_content/badusb_extra_payloads/remote_access/Win/directly_ready/Bruce-Scripts-Heaven_BAD/BadUSB-FalsePhilosopher/Ducky/USBRubberducky/remote_access/Win/Python-backdoor/2/attacker.py,badusb,remote_access,Bruce-Scripts-Heaven_BAD,classified
sd_card_content/badusb_extra_payloads/remote_access/Unix-like/Linux/directly_ready/Bruce-Scripts-Heaven_BAD/BadUSB-FalsePhilosopher/Ducky/USBRubberducky/remote_access/Win/Python-backdoor/1/requirements.txt,badusb,remote_access,Bruce-Scripts-Heaven_BAD,classified
sd_card_content/badusb_extra_payloads/remote_access/Win/directly_ready/Bruce-Scripts-Heaven_BAD/BadUSB-FalsePhilosopher/Ducky/USBRubberducky/remote_access/Win/Python-backdoor/1/src/encryption.py,badusb,remote_access,Bruce-Scripts-Heaven_BAD,classified
sd_card_content/badusb_extra_payloads/remote_access/Win/directly_ready/Bruce-Scripts-Heaven_BAD/BadUSB-FalsePhilosopher/Ducky/USBRubberducky/remote_access/Win/Python-backdoor/1/src/encrypted_socket.py,badusb,remote_access,Bruce-Scripts-Heaven_BAD,classified
sd_card_content/badusb_extra_payloads/remote_access/Win/directly_ready/Bruce-Scripts-Heaven_BAD/BadUSB-FalsePhilosopher/Ducky/USBRubberducky/remote_access/Win/Python-backdoor/1/src/args.py,badusb,remote_access,Bruce-Scripts-Heaven_BAD,classified
sd_card_content/badusb_extra_payloads/remote_access/Unix-like/Linux/directly_ready/Bruce-Scripts-Heaven_BAD/BadUSB-FalsePhilosopher/Ducky/USBRubberducky/remote_access/Win/Python-backdoor/1/src/main_client.py,badusb,remote_access,Bruce-Scripts-Heaven_BAD,classified
sd_card_content/badusb_extra_payloads/remote_access/Win/directly_ready/Bruce-Scripts-Heaven_BAD/BadUSB-FalsePhilosopher/Ducky/USBRubberducky/remote_access/Win/Python-backdoor/1/src/main_server.py,badusb,remote_access,Bruce-Scripts-Heaven_BAD,classified
sd_card_content/badusb_extra_payloads/remote_access/Win/directly_ready/Bruce-Scripts-Heaven_BAD/BadUSB-FalsePhilosopher/Ducky/USBRubberducky/remote_access/Win/Python-backdoor/1/src/helper.py,badusb,remote_access,Bruce-Scripts-Heaven_BAD,classified
sd_card_content/badusb_extra_payloads/remote_access/Win/directly_ready/Bruce-Scripts-Heaven_BAD/BadUSB-FalsePhilosopher/Ducky/USBRubberducky/remote_access/Win/Python-backdoor/1/src/errors.py,badusb,remote_access,Bruce-Scripts-Heaven_BAD,classified
sd_card_content/badusb_extra_payloads/remote_access/Unix-like/Linux/directly_ready/Bruce-Scripts-Heaven_BAD/BadUSB-FalsePhilosopher/Ducky/USBRubberducky/remote_access/Win/Python-backdoor/1/src/setup.py,badusb,remote_access,Bruce-Scripts-Heaven_BAD,classified
sd_card_content/badusb_extra_payloads/remote_access/Win/directly_ready/Bruce-Scripts-Heaven_BAD/BadUSB-FalsePhilosopher/Ducky/USBRubberducky/remote_access/Win/Python-backdoor/1/src/logger.py,badusb,remote_access,Bruce-Scripts-Heaven_BAD,classified
sd_card_content/badusb_extra_payloads/remote_access/Unix-like/Linux/directly_ready/Bruce-Scripts-Heaven_BAD/BadUSB-FalsePhilosopher/Ducky/USBRubberducky/remote_access/Win/Python-backdoor/1/src/server/view.py,badusb,remote_access,Bruce-Scripts-Heaven_BAD,classified
sd_card_content/badusb_extra_payloads/remote_access/Win/directly_ready/Bruce-Scripts-Heaven_BAD/BadUSB-FalsePhilosopher/Ducky/USBRubberducky/remote_access/Win/Python-backdoor/1/src/server/control.py,badusb,remote_access,Bruce-Scripts-Heaven_BAD,classified
sd_card_content/badusb_extra_payloads/remote_access/Win/directly_ready/Bruce-Scripts-Heaven_BAD/BadUSB-FalsePhilosopher/Ducky/USBRubberducky/remote_access/Win/Python-backdoor/1/src/server/server.py,badusb,remote_access,Bruce-Scripts-Heaven_BAD,classified
sd_card_content/badusb_extra_payloads/remote_access/Win/directly_ready/Bruce-Scripts-Heaven_BAD/BadUSB-FalsePhilosopher/Ducky/USBRubberducky/remote_access/Win/Python-backdoor/1/src/server/__init__.py,badusb,remote_access,Bruce-Scripts-Heaven_BAD,classified
sd_card_content/badusb_extra_payloads/remote_access/Unix-like/Linux/directly_ready/Bruce-Scripts-Heaven_BAD/BadUSB-FalsePhilosopher/Ducky/USBRubberducky/remote_access/Win/Python-backdoor/1/src/definitions/platforms.py,badusb,remote_access,Bruce-Scripts-Heaven_BAD,classified
sd_card_content/badusb_extra_payloads/remote_access/Win/directly_ready/Bruce-Scripts-Heaven_BAD/BadUSB-FalsePhilosopher/Ducky/USBRubberducky/remote_access/Win/Python-backdoor/1/src/definitions/commands.py,badusb,remote_access,Bruce-Scripts-Heaven_BAD,classified
sd_card_content/badusb_extra_payloads/remote_access/Win/directly_ready/Bruce-Scripts-Heaven_BAD/BadUSB-FalsePhilosopher/Ducky/USBRubberducky/remote_access/Win/Python-backdoor/1/src/client/command_handler.py,badusb,remote_access,Bruce-Scripts-Heaven_BAD,classified
sd_card_content/badusb_extra_payloads/remote_access/Win/directly_ready/Bruce-Scripts-Heaven_BAD/BadUSB-FalsePhilosopher/Ducky/USBRubberducky/remote_access/Win/Python-backdoor/1/src/client/keylogger.py,badusb,remote_access,Bruce-Scripts-Heaven_BAD,classified
sd_card_content/badusb_extra_payloads/remote_access/Unix-like/Linux/directly_ready/Bruce-Scripts-Heaven_BAD/BadUSB-FalsePhilosopher/Ducky/USBRubberducky/remote_access/Win/Python-backdoor/1/src/client/client.py,badusb,remote_access,Bruce-Scripts-Heaven_BAD,classified
sd_card_content/badusb_extra_payloads/remote_access/Win/directly_ready/Bruce-Scripts-Heaven_BAD/BadUSB-FalsePhilosopher/Ducky/USBRubberducky/remote_access/Win/Python-backdoor/1/src/client/control/unix.py,badusb,remote_access,Bruce-Scripts-Heaven_BAD,classified
sd_card_content/badusb_extra_payloads/remote_access/Unix-like/macOS/directly_ready/Bruce-Scripts-Heaven_BAD/BadUSB-FalsePhilosopher/Ducky/USBRubberducky/remote_access/Win/Python-backdoor/1/src/client/control/control.py,badusb,remote_access,Bruce-Scripts-Heaven_BAD,classified
sd_card_content/badusb_extra_payloads/remote_access/Win/directly_ready/Bruce-Scripts-Heaven_BAD/BadUSB-FalsePhilosopher/Ducky/USBRubberducky/remote_access/Win/Python-backdoor/1/src/client/persistence/unix.py,badusb,remote_access,Bruce-Scripts-Heaven_BAD,classified
sd_card_content/badusb_extra_payloads/remote_access/Win/directly_ready/Bruce-Scripts-Heaven_BAD/BadUSB-FalsePhilosopher/Ducky/USBRubberducky/remote_access/Win/Python-backdoor/1/src/client/persistence/windows.py,badusb,remote_access,Bruce-Scripts-Heaven_BAD,classified
sd_card_content/badusb_extra_payloads/remote_access/Win/directly_ready/Bruce-Scripts-Heaven_BAD/BadUSB-FalsePhilosopher/Ducky/USBRubberducky/remote_access/Win/Python-backdoor/1/src/client/persistence/persistence.py,badusb,remote_access,Bruce-Scripts-Heaven_BAD,classified
sd_card_content/badusb_extra_payloads/remote_access/Win/directly_ready/Bruce-Scripts-Heaven_BAD/BadUSB-FalsePhilosopher/Ducky/USBRubberducky/remote_access/Win/Python-backdoor/1/src/submodule/wesng/wes.py,badusb,remote_access,Bruce-Scripts-Heaven_BAD,classified
sd_card_content/badusb_extra_payloads/remote_access/Win/directly_ready/Bruce-Scripts-Heaven_BAD/BadUSB-FalsePhilosopher/Ducky/USBRubberducky/remote_access/Win/Python-backdoor/1/src/submodule/wesng/requirements.txt,badusb,remote_access,Bruce-Scripts-Heaven_BAD,classified
sd_card_content/badusb_extra_payloads/remote_access/Win/directly_ready/Bruce-Scripts-Heaven_BAD/BadUSB-FalsePhilosopher/Ducky/USBRubberducky/remote_access/Win/Badusb_botnet/badusb_botnet.ino,badusb,remote_access,Bruce-Scripts-Heaven_BAD,classified
sd_card_content/badusb_extra_payloads/remote_access/Win/directly_ready/Bruce-Scripts-Heaven_BAD/BadUSB-FalsePhilosopher/Ducky/USBRubberducky/remote_access/Win/Quick-Reverse-Powershell-Rubber-Ducky/duckycode.txt,badusb,remote_access,Bruce-Scripts-Heaven_BAD,classified
sd_card_content/badusb_extra_payloads/remote_access/Win/directly_ready/Bruce-Scripts-Heaven_BAD/BadUSB-FalsePhilosopher/Ducky/USBRubberducky/remote_access/Win/Lucifer/quack.txt,badusb,remote_access,Bruce-Scripts-Heaven_BAD,classified
sd_card_content/badusb_extra_payloads/remote_access/Unix-like/Linux/directly_ready/Bruce-Scripts-Heaven_BAD/BadUSB-FalsePhilosopher/Ducky/USBRubberducky/remote_access/Win/Deadshot/Deadshot.py,badusb,remote_access,Bruce-Scripts-Heaven_BAD,classified
sd_card_content/badusb_extra_payloads/remote_access/Android/directly_ready/Bruce-Scripts-Heaven_BAD/BadUSB-FalsePhilosopher/Ducky/USBRubberducky/remote_access/Win/Deadshot/Deadshotserver.py,badusb,remote_access,Bruce-Scripts-Heaven_BAD,classified
sd_card_content/badusb_extra_payloads/remote_access/Win/directly_ready/Bruce-Scripts-Heaven_BAD/BadUSB-FalsePhilosopher/Ducky/USBRubberducky/remote_access/Win/Deadshot/quack.txt,badusb,remote_access,Bruce-Scripts-Heaven_BAD,classified
sd_card_content/badusb_extra_payloads/collection/Unix-like/Linux/directly_ready/Bruce-Scripts-Heaven_BAD/BadUSB-FalsePhilosopher/Ducky/USBRubberducky/prank/Unix-like/Linux/ETH_Stealer/eth.py,badusb,collection,Bruce-Scripts-Heaven_BAD,classified
sd_card_content/badusb_extra_payloads/collection/Unix-like/Linux/directly_ready/Bruce-Scripts-Heaven_BAD/BadUSB-FalsePhilosopher/Ducky/USBRubberducky/prank/Unix-like/Linux/ETH_Stealer/quack.txt,badusb,collection,Bruce-Scripts-Heaven_BAD,classified
sd_card_content/badusb_extra_payloads/prank/Unix-like/Linux/directly_ready/Bruce-Scripts-Heaven_BAD/BadUSB-FalsePhilosopher/Ducky/USBRubberducky/prank/Unix-like/Linux/Quack_Rain/quackRickRoll.txt,badusb,prank,Bruce-Scripts-Heaven_BAD,classified
sd_card_content/badusb_extra_payloads/prank/Unix-like/Linux/directly_ready/Bruce-Scripts-Heaven_BAD/BadUSB-FalsePhilosopher/Ducky/USBRubberducky/prank/Unix-like/Linux/Quack_Rain/quackRickRoll_persist.txt,badusb,prank,Bruce-Scripts-Heaven_BAD,classified
sd_card_content/badusb_extra_payloads/prank/Unix-like/Linux/directly_ready/Bruce-Scripts-Heaven_BAD/BadUSB-FalsePhilosopher/Ducky/USBRubberducky/prank/Unix-like/Linux/Quack_Rain/quack.txt,badusb,prank,Bruce-Scripts-Heaven_BAD,classified
sd_card_content/badusb_extra_payloads/prank/Unix-like/Linux/directly_ready/Bruce-Scripts-Heaven_BAD/BadUSB-FalsePhilosopher/Ducky/USBRubberducky/prank/Unix-like/Linux/Hacker_Typer/payloadTUX.txt,badusb,prank,Bruce-Scripts-Heaven_BAD,classified
sd_card_content/badusb_extra_payloads/prank/Unix-like/macOS/directly_ready/Bruce-Scripts-Heaven_BAD/BadUSB-FalsePhilosopher/Ducky/USBRubberducky/prank/Unix-like/Linux/RickRoll/TerminalRickRoll/QuackTUX.txt,badusb,prank,Bruce-Scripts-Heaven_BAD,classified
sd_card_content/badusb_extra_payloads/prank/Unix-like/Linux/directly_ready/Bruce-Scripts-Heaven_BAD/BadUSB-FalsePhilosopher/Ducky/USBRubberducky/prank/Unix-like/Linux/RickRoll/TerminalRickRoll/QuackTUXcron.txt,badusb,prank,Bruce-Scripts-Heaven_BAD,classified
sd_card_content/badusb_extra_payloads/prank/Unix-like/Linux/directly_ready/Bruce-Scripts-Heaven_BAD/BadUSB-FalsePhilosopher/Ducky/USBRubberducky/prank/Unix-like/Linux/Inverted_desktop_troll/Rick/quackvlc.txt,badusb,prank,Bruce-Scripts-Heaven_BAD,classified
sd_card_content/badusb_extra_payloads/prank/Unix-like/Linux/directly_ready/Bruce-Scripts-Heaven_BAD/BadUSB-FalsePhilosopher/Ducky/USBRubberducky/prank/Unix-like/Linux/xeyes/quackYT.txt,badusb,prank,Bruce-Scripts-Heaven_BAD,classified
sd_card_content/badusb_extra_payloads/prank/Unix-like/Linux/directly_ready/Bruce-Scripts-Heaven_BAD/BadUSB-FalsePhilosopher/Ducky/USBRubberducky/prank/Unix-like/Linux/xeyes/quackVLC.txt,badusb,prank,Bruce-Scripts-Heaven_BAD,classified
sd_card_content/badusb_extra_payloads/social_engineering/Win/directly_ready/Bruce-Scripts-Heaven_BAD/BadUSB-FalsePhilosopher/Ducky/USBRubberducky/prank/Unix-like/Steamdeck/Fake_Update/Vapor.txt,badusb,social_engineering,Bruce-Scripts-Heaven_BAD,classified
sd_card_content/badusb_extra_payloads/prank/Unix-like/macOS/directly_ready/Bruce-Scripts-Heaven_BAD/BadUSB-FalsePhilosopher/Ducky/USBRubberducky/prank/Unix-like/Osx/SayPoop/crontab.py,badusb,prank,Bruce-Scripts-Heaven_BAD,classified
sd_card_content/badusb_extra_payloads/prank/Unix-like/macOS/directly_ready/Bruce-Scripts-Heaven_BAD/BadUSB-FalsePhilosopher/Ducky/USBRubberducky/prank/Unix-like/Osx/SayPoop/install_cron.py,badusb,prank,Bruce-Scripts-Heaven_BAD,classified
sd_card_content/badusb_extra_payloads/prank/Unix-like/macOS/directly_ready/Bruce-Scripts-Heaven_BAD/BadUSB-FalsePhilosopher/Ducky/USBRubberducky/prank/Unix-like/Osx/Activate_mac/quack.txt,badusb,prank,Bruce-Scripts-Heaven_BAD,classified
sd_card_content/badusb_extra_payloads/prank/Android/directly_ready/Bruce-Scripts-Heaven_BAD/BadUSB-FalsePhilosopher/Ducky/USBRubberducky/prank/Unix-like/Android/Prankers/quack.txt,badusb,prank,Bruce-Scripts-Heaven_BAD,classified
sd_card_content/badusb_extra_payloads/prank/Win/directly_ready/Bruce-Scripts-Heaven_BAD/BadUSB-FalsePhilosopher/Ducky/USBRubberducky/prank/Win/Windows Down/quackmean.txt,badusb,prank,Bruce-Scripts-Heaven_BAD,classified
sd_card_content/badusb_extra_payloads/prank/Win/directly_ready/Bruce-Scripts-Heaven_BAD/BadUSB-FalsePhilosopher/Ducky/USBRubberducky/prank/Win/Windows Down/quackmeaner.txt,badusb,prank,Bruce-Scripts-Heaven_BAD,classified
sd_card_content/badusb_extra_payloads/prank/Win/directly_ready/Bruce-Scripts-Heaven_BAD/BadUSB-FalsePhilosopher/Ducky/USBRubberducky/prank/Win/Windows Down/quack.txt,badusb,prank,Bruce-Scripts-Heaven_BAD,classified
sd_card_content/badusb_extra_payloads/prank/Win/directly_ready/Bruce-Scripts-Heaven_BAD/BadUSB-FalsePhilosopher/Ducky/USBRubberducky/prank/Win/Work-Bitch/quack.txt,badusb,prank,Bruce-Scripts-Heaven_BAD,classified
sd_card_content/badusb_extra_payloads/prank/Win/directly_ready/Bruce-Scripts-Heaven_BAD/BadUSB-FalsePhilosopher/Ducky/USBRubberducky/prank/Win/Musical_monitors/quackmean.txt,badusb,prank,Bruce-Scripts-Heaven_BAD,classified
sd_card_content/badusb_extra_payloads/prank/Win/directly_ready/Bruce-Scripts-Heaven_BAD/BadUSB-FalsePhilosopher/Ducky/USBRubberducky/prank/Win/Musical_monitors/quackmeaner.txt,badusb,prank,Bruce-Scripts-Heaven_BAD,classified
sd_card_content/badusb_extra_payloads/prank/Win/directly_ready/Bruce-Scripts-Heaven_BAD/BadUSB-FalsePhilosopher/Ducky/USBRubberducky/prank/Win/Musical_monitors/quack.txt,badusb,prank,Bruce-Scripts-Heaven_BAD,classified
sd_card_content/badusb_extra_payloads/prank/Win/directly_ready/Bruce-Scripts-Heaven_BAD/BadUSB-FalsePhilosopher/Ducky/USBRubberducky/prank/Win/Mouse_Goes_Up/quackmean.txt,badusb,prank,Bruce-Scripts-Heaven_BAD,classified
sd_card_content/badusb_extra_payloads/prank/Win/directly_ready/Bruce-Scripts-Heaven_BAD/BadUSB-FalsePhilosopher/Ducky/USBRubberducky/prank/Win/Mouse_Goes_Up/quackmeaner.txt,badusb,prank,Bruce-Scripts-Heaven_BAD,classified
sd_card_content/badusb_extra_payloads/prank/Win/directly_ready/Bruce-Scripts-Heaven_BAD/BadUSB-FalsePhilosopher/Ducky/USBRubberducky/prank/Win/Mouse_Goes_Up/quack.txt,badusb,prank,Bruce-Scripts-Heaven_BAD,classified
sd_card_content/badusb_extra_payloads/prank/Win/directly_ready/Bruce-Scripts-Heaven_BAD/BadUSB-FalsePhilosopher/Ducky/USBRubberducky/prank/Win/RickRoll/Rickroll+BSOD/payload.txt,badusb,prank,Bruce-Scripts-Heaven_BAD,classified
sd_card_content/badusb_extra_payloads/prank/Win/directly_ready/Bruce-Scripts-Heaven_BAD/BadUSB-FalsePhilosopher/Ducky/USBRubberducky/prank/Win/RickRoll/Rickrollupdate/payload.txt,badusb,prank,Bruce-Scripts-Heaven_BAD,classified
sd_card_content/badusb_extra_payloads/prank/Win/directly_ready/Bruce-Scripts-Heaven_BAD/BadUSB-FalsePhilosopher/Ducky/USBRubberducky/prank/Win/Eyespy/quack.txt,badusb,prank,Bruce-Scripts-Heaven_BAD,classified
sd_card_content/badusb_extra_payloads/prank/Win/directly_ready/Bruce-Scripts-Heaven_BAD/BadUSB-FalsePhilosopher/Ducky/USBRubberducky/prank/Win/High_Contrast/quack.txt,badusb,prank,Bruce-Scripts-Heaven_BAD,classified
sd_card_content/badusb_extra_payloads/prank/Win/directly_ready/Bruce-Scripts-Heaven_BAD/BadUSB-FalsePhilosopher/Ducky/USBRubberducky/prank/Win/Starup_Sound_Troll/Wake_up_an_quack-long.txt,badusb,prank,Bruce-Scripts-Heaven_BAD,classified
sd_card_content/badusb_extra_payloads/prank/Win/directly_ready/Bruce-Scripts-Heaven_BAD/BadUSB-FalsePhilosopher/Ducky/USBRubberducky/prank/Win/Starup_Sound_Troll/Wake_up_an_quackOL.txt,badusb,prank,Bruce-Scripts-Heaven_BAD,classified
sd_card_content/badusb_extra_payloads/prank/Win/directly_ready/Bruce-Scripts-Heaven_BAD/BadUSB-FalsePhilosopher/Ducky/USBRubberducky/prank/Win/Popup_Hell/quack.txt,badusb,prank,Bruce-Scripts-Heaven_BAD,classified
sd_card_content/badusb_extra_payloads/prank/Win/directly_ready/Bruce-Scripts-Heaven_BAD/BadUSB-FalsePhilosopher/Ducky/USBRubberducky/prank/Win/Inverted_Desktop_Troll/V1/quack.txt,badusb,prank,Bruce-Scripts-Heaven_BAD,classified
sd_card_content/badusb_extra_payloads/prank/Win/directly_ready/Bruce-Scripts-Heaven_BAD/BadUSB-FalsePhilosopher/Ducky/USBRubberducky/prank/Win/Inverted_Desktop_Troll/V2/Inverted_Desktop_Troll.ino,badusb,prank,Bruce-Scripts-Heaven_BAD,classified
sd_card_content/badusb_extra_payloads/prank/Win/directly_ready/Bruce-Scripts-Heaven_BAD/BadUSB-FalsePhilosopher/Ducky/USBRubberducky/prank/Win/Inverted_Desktop_Troll/V2/quack.txt,badusb,prank,Bruce-Scripts-Heaven_BAD,classified
sd_card_content/badusb_extra_payloads/_unclassified/Bruce-Scripts-Heaven_BAD/BadUSB-FalsePhilosopher/BashBunny/config.txt,badusb,_unclassified,Bruce-Scripts-Heaven_BAD,classified-unmatched
sd_card_content/badusb_extra_payloads/_unclassified/Bruce-Scripts-Heaven_BAD/BadUSB-FalsePhilosopher/BashBunny/payloads/library/Incident_Response/Link_File_analysis/payload.txt,badusb,_unclassified,Bruce-Scripts-Heaven_BAD,classified-unmatched
sd_card_content/badusb_extra_payloads/_unclassified/Bruce-Scripts-Heaven_BAD/BadUSB-FalsePhilosopher/BashBunny/payloads/library/Incident_Response/Hidden_Images/payload.txt,badusb,_unclassified,Bruce-Scripts-Heaven_BAD,classified-unmatched
sd_card_content/badusb_extra_payloads/_unclassified/Bruce-Scripts-Heaven_BAD/BadUSB-FalsePhilosopher/BashBunny/payloads/library/Incident_Response/-BB-ET-Phone-Home/payload.txt,badusb,_unclassified,Bruce-Scripts-Heaven_BAD,classified-unmatched
sd_card_content/badusb_extra_payloads/_unclassified/Bruce-Scripts-Heaven_BAD/BadUSB-FalsePhilosopher/BashBunny/payloads/library/execution/psh_DownloadExec/payload.txt,badusb,_unclassified,Bruce-Scripts-Heaven_BAD,classified-unmatched
sd_card_content/badusb_extra_payloads/_unclassified/Bruce-Scripts-Heaven_BAD/BadUSB-FalsePhilosopher/BashBunny/payloads/library/execution/psh_DownloadExec/p.txt,badusb,_unclassified,Bruce-Scripts-Heaven_BAD,classified-unmatched
sd_card_content/badusb_extra_payloads/_unclassified/Bruce-Scripts-Heaven_BAD/BadUSB-FalsePhilosopher/BashBunny/payloads/library/execution/DirtyPipe/payload.txt,badusb,_unclassified,Bruce-Scripts-Heaven_BAD,classified-unmatched
sd_card_content/badusb_extra_payloads/_unclassified/Bruce-Scripts-Heaven_BAD/BadUSB-FalsePhilosopher/BashBunny/payloads/library/execution/ScreenGrab/switch2/payload.txt,badusb,_unclassified,Bruce-Scripts-Heaven_BAD,classified-unmatched
sd_card_content/badusb_extra_payloads/_unclassified/Bruce-Scripts-Heaven_BAD/BadUSB-FalsePhilosopher/BashBunny/payloads/library/execution/ScreenGrab/switch1/payload.txt,badusb,_unclassified,Bruce-Scripts-Heaven_BAD,classified-unmatched
sd_card_content/badusb_extra_payloads/_unclassified/Bruce-Scripts-Heaven_BAD/BadUSB-FalsePhilosopher/BashBunny/payloads/library/execution/FileRipper/payload.txt,badusb,_unclassified,Bruce-Scripts-Heaven_BAD,classified-unmatched
sd_card_content/badusb_extra_payloads/_unclassified/Bruce-Scripts-Heaven_BAD/BadUSB-FalsePhilosopher/BashBunny/payloads/library/execution/PwnKit_LPE/payload.txt,badusb,_unclassified,Bruce-Scripts-Heaven_BAD,classified-unmatched
sd_card_content/badusb_extra_payloads/_unclassified/Bruce-Scripts-Heaven_BAD/BadUSB-FalsePhilosopher/BashBunny/payloads/library/execution/Get-System/payload.txt,badusb,_unclassified,Bruce-Scripts-Heaven_BAD,classified-unmatched
sd_card_content/badusb_extra_payloads/_unclassified/Bruce-Scripts-Heaven_BAD/BadUSB-FalsePhilosopher/BashBunny/payloads/library/execution/Win_PoSH_SSHServer/payload.txt,badusb,_unclassified,Bruce-Scripts-Heaven_BAD,classified-unmatched
sd_card_content/badusb_extra_payloads/_unclassified/Bruce-Scripts-Heaven_BAD/BadUSB-FalsePhilosopher/BashBunny/payloads/library/execution/-BB-Play-WAV/payload.txt,badusb,_unclassified,Bruce-Scripts-Heaven_BAD,classified-unmatched
sd_card_content/badusb_extra_payloads/_unclassified/Bruce-Scripts-Heaven_BAD/BadUSB-FalsePhilosopher/BashBunny/payloads/library/execution/StickyBunny/payload.txt,badusb,_unclassified,Bruce-Scripts-Heaven_BAD,classified-unmatched
sd_card_content/badusb_extra_payloads/_unclassified/Bruce-Scripts-Heaven_BAD/BadUSB-FalsePhilosopher/BashBunny/payloads/library/execution/-BB-SafeHaven/SafeHaven.txt,badusb,_unclassified,Bruce-Scripts-Heaven_BAD,classified-unmatched
sd_card_content/badusb_extra_payloads/_unclassified/Bruce-Scripts-Heaven_BAD/BadUSB-FalsePhilosopher/BashBunny/payloads/library/execution/-BB-SafeHaven/payload.txt,badusb,_unclassified,Bruce-Scripts-Heaven_BAD,classified-unmatched
sd_card_content/badusb_extra_payloads/_unclassified/Bruce-Scripts-Heaven_BAD/BadUSB-FalsePhilosopher/BashBunny/payloads/library/execution/exe_UACBypassD&E/payload.txt,badusb,_unclassified,Bruce-Scripts-Heaven_BAD,classified-unmatched
sd_card_content/badusb_extra_payloads/_unclassified/Bruce-Scripts-Heaven_BAD/BadUSB-FalsePhilosopher/BashBunny/payloads/library/execution/bunnyDOS/payload.txt,badusb,_unclassified,Bruce-Scripts-Heaven_BAD,classified-unmatched
sd_card_content/badusb_extra_payloads/_unclassified/Bruce-Scripts-Heaven_BAD/BadUSB-FalsePhilosopher/BashBunny/payloads/library/execution/PwnKit_LPE_Compiled/payload.txt,badusb,_unclassified,Bruce-Scripts-Heaven_BAD,classified-unmatched
sd_card_content/badusb_extra_payloads/data_exfiltration/Win/directly_ready/Bruce-Scripts-Heaven_BAD/BadUSB-FalsePhilosopher/BashBunny/payloads/library/execution/psh_DownloadExecSMB/payload.txt,badusb,data_exfiltration,Bruce-Scripts-Heaven_BAD,classified
sd_card_content/badusb_extra_payloads/_unclassified/Bruce-Scripts-Heaven_BAD/BadUSB-FalsePhilosopher/BashBunny/payloads/library/execution/psh_DownloadExecSMB/p.txt,badusb,_unclassified,Bruce-Scripts-Heaven_BAD,classified-unmatched
sd_card_content/badusb_extra_payloads/_unclassified/Bruce-Scripts-Heaven_BAD/BadUSB-FalsePhilosopher/BashBunny/payloads/library/execution/RAZ_VBScript/listener_port.txt,badusb,_unclassified,Bruce-Scripts-Heaven_BAD,classified-unmatched
sd_card_content/badusb_extra_payloads/_unclassified/Bruce-Scripts-Heaven_BAD/BadUSB-FalsePhilosopher/BashBunny/payloads/library/execution/RAZ_VBScript/payload.txt,badusb,_unclassified,Bruce-Scripts-Heaven_BAD,classified-unmatched
sd_card_content/badusb_extra_payloads/_unclassified/Bruce-Scripts-Heaven_BAD/BadUSB-FalsePhilosopher/BashBunny/payloads/library/execution/RAZ_VBScript/listener_ip.txt,badusb,_unclassified,Bruce-Scripts-Heaven_BAD,classified-unmatched
sd_card_content/badusb_extra_payloads/_unclassified/Bruce-Scripts-Heaven_BAD/BadUSB-FalsePhilosopher/BashBunny/payloads/library/execution/mine4me/payload.txt,badusb,_unclassified,Bruce-Scripts-Heaven_BAD,classified-unmatched
sd_card_content/badusb_extra_payloads/prank/Win/directly_ready/Bruce-Scripts-Heaven_BAD/BadUSB-FalsePhilosopher/BashBunny/payloads/library/execution/FollinaBunny/payload.txt,badusb,prank,Bruce-Scripts-Heaven_BAD,classified
sd_card_content/badusb_extra_payloads/remote_access/Win/directly_ready/Bruce-Scripts-Heaven_BAD/BadUSB-FalsePhilosopher/BashBunny/payloads/library/execution/Metasploit-Autopwn/payload.txt,badusb,remote_access,Bruce-Scripts-Heaven_BAD,classified
sd_card_content/badusb_extra_payloads/collection/Win/directly_ready/Bruce-Scripts-Heaven_BAD/BadUSB-FalsePhilosopher/BashBunny/payloads/library/execution/PrintNightmare/payload.txt,badusb,collection,Bruce-Scripts-Heaven_BAD,classified
sd_card_content/badusb_extra_payloads/_unclassified/Bruce-Scripts-Heaven_BAD/BadUSB-FalsePhilosopher/BashBunny/payloads/library/execution/ATNT/payload.txt,badusb,_unclassified,Bruce-Scripts-Heaven_BAD,classified-unmatched
sd_card_content/badusb_extra_payloads/_unclassified/Bruce-Scripts-Heaven_BAD/BadUSB-FalsePhilosopher/BashBunny/payloads/library/execution/camPeek/switch2/payload.txt,badusb,_unclassified,Bruce-Scripts-Heaven_BAD,classified-unmatched
sd_card_content/badusb_extra_payloads/_unclassified/Bruce-Scripts-Heaven_BAD/BadUSB-FalsePhilosopher/BashBunny/payloads/library/execution/camPeek/switch1/payload.txt,badusb,_unclassified,Bruce-Scripts-Heaven_BAD,classified-unmatched
sd_card_content/badusb_extra_payloads/discovery/Win/directly_ready/Bruce-Scripts-Heaven_BAD/BadUSB-FalsePhilosopher/BashBunny/payloads/library/execution/RazerSystemShell/payload.txt,badusb,discovery,Bruce-Scripts-Heaven_BAD,classified
sd_card_content/badusb_extra_payloads/_unclassified/Bruce-Scripts-Heaven_BAD/BadUSB-FalsePhilosopher/BashBunny/payloads/library/execution/-BB-UrAttaControl/payload.txt,badusb,_unclassified,Bruce-Scripts-Heaven_BAD,classified-unmatched
sd_card_content/badusb_extra_payloads/_unclassified/Bruce-Scripts-Heaven_BAD/BadUSB-FalsePhilosopher/BashBunny/payloads/library/execution/ShellExec/hook.js,badusb,_unclassified,Bruce-Scripts-Heaven_BAD,classified-unmatched
sd_card_content/badusb_extra_payloads/_unclassified/Bruce-Scripts-Heaven_BAD/BadUSB-FalsePhilosopher/BashBunny/payloads/library/execution/ShellExec/payload.txt,badusb,_unclassified,Bruce-Scripts-Heaven_BAD,classified-unmatched
sd_card_content/badusb_extra_payloads/remote_access/Android/directly_ready/Bruce-Scripts-Heaven_BAD/BadUSB-FalsePhilosopher/BashBunny/payloads/library/mobile/android/fireytv/payload.txt,badusb,remote_access,Bruce-Scripts-Heaven_BAD,classified
sd_card_content/badusb_extra_payloads/_unclassified/Bruce-Scripts-Heaven_BAD/BadUSB-FalsePhilosopher/BashBunny/payloads/library/mobile/android/open_url/payload.txt,badusb,_unclassified,Bruce-Scripts-Heaven_BAD,classified-unmatched
sd_card_content/badusb_extra_payloads/collection/Unix-like/macOS/directly_ready/Bruce-Scripts-Heaven_BAD/BadUSB-FalsePhilosopher/BashBunny/payloads/library/credentials/MacPass/requirements.txt,badusb,collection,Bruce-Scripts-Heaven_BAD,classified
sd_card_content/badusb_extra_payloads/collection/Unix-like/macOS/directly_ready/Bruce-Scripts-Heaven_BAD/BadUSB-FalsePhilosopher/BashBunny/payloads/library/credentials/MacPass/payload.txt,badusb,collection,Bruce-Scripts-Heaven_BAD,classified
sd_card_content/badusb_extra_payloads/collection/Android/directly_ready/Bruce-Scripts-Heaven_BAD/BadUSB-FalsePhilosopher/BashBunny/payloads/library/credentials/MacPass/get-pip.py,badusb,collection,Bruce-Scripts-Heaven_BAD,classified
sd_card_content/badusb_extra_payloads/collection/Win/directly_ready/Bruce-Scripts-Heaven_BAD/BadUSB-FalsePhilosopher/BashBunny/payloads/library/credentials/HashDumpBunny/payload.txt,badusb,collection,Bruce-Scripts-Heaven_BAD,classified
sd_card_content/badusb_extra_payloads/collection/Win/directly_ready/Bruce-Scripts-Heaven_BAD/BadUSB-FalsePhilosopher/BashBunny/payloads/library/credentials/LaZassword/payload.txt,badusb,collection,Bruce-Scripts-Heaven_BAD,classified
sd_card_content/badusb_extra_payloads/collection/Win/directly_ready/Bruce-Scripts-Heaven_BAD/BadUSB-FalsePhilosopher/BashBunny/payloads/library/credentials/PasswordGrabber/payload.txt,badusb,collection,Bruce-Scripts-Heaven_BAD,classified
sd_card_content/badusb_extra_payloads/social_engineering/Win/directly_ready/Bruce-Scripts-Heaven_BAD/BadUSB-FalsePhilosopher/BashBunny/payloads/library/credentials/Win_PoSH_FakeLogin/payload.txt,badusb,social_engineering,Bruce-Scripts-Heaven_BAD,classified
sd_card_content/badusb_extra_payloads/collection/Win/directly_ready/Bruce-Scripts-Heaven_BAD/BadUSB-FalsePhilosopher/BashBunny/payloads/library/credentials/Quickdraw/payload.txt,badusb,collection,Bruce-Scripts-Heaven_BAD,classified
sd_card_content/badusb_extra_payloads/collection/Win/directly_ready/Bruce-Scripts-Heaven_BAD/BadUSB-FalsePhilosopher/BashBunny/payloads/library/credentials/WindowsCookies/payload.txt,badusb,collection,Bruce-Scripts-Heaven_BAD,classified
sd_card_content/badusb_extra_payloads/collection/Win/directly_ready/Bruce-Scripts-Heaven_BAD/BadUSB-FalsePhilosopher/BashBunny/payloads/library/credentials/WindowsCookies/server.py,badusb,collection,Bruce-Scripts-Heaven_BAD,classified
sd_card_content/badusb_extra_payloads/collection/Win/directly_ready/Bruce-Scripts-Heaven_BAD/BadUSB-FalsePhilosopher/BashBunny/payloads/library/credentials/SMBruteBunny/payload.txt,badusb,collection,Bruce-Scripts-Heaven_BAD,classified
sd_card_content/badusb_extra_payloads/collection/Win/directly_ready/Bruce-Scripts-Heaven_BAD/BadUSB-FalsePhilosopher/BashBunny/payloads/library/credentials/SMBruteBunny/userlist.txt,badusb,collection,Bruce-Scripts-Heaven_BAD,classified
sd_card_content/badusb_extra_payloads/collection/Win/directly_ready/Bruce-Scripts-Heaven_BAD/BadUSB-FalsePhilosopher/BashBunny/payloads/library/credentials/SMBruteBunny/passlist.txt,badusb,collection,Bruce-Scripts-Heaven_BAD,classified
sd_card_content/badusb_extra_payloads/collection/Win/directly_ready/Bruce-Scripts-Heaven_BAD/BadUSB-FalsePhilosopher/BashBunny/payloads/library/credentials/SMBruteBunny/mmcbrute/mmcbrute.py,badusb,collection,Bruce-Scripts-Heaven_BAD,classified
sd_card_content/badusb_extra_payloads/collection/Win/directly_ready/Bruce-Scripts-Heaven_BAD/BadUSB-FalsePhilosopher/BashBunny/payloads/library/credentials/win_problemstepsrecorder/payload.txt,badusb,collection,Bruce-Scripts-Heaven_BAD,classified
sd_card_content/badusb_extra_payloads/collection/Win/directly_ready/Bruce-Scripts-Heaven_BAD/BadUSB-FalsePhilosopher/BashBunny/payloads/library/credentials/sudoSnatch/payload.txt,badusb,collection,Bruce-Scripts-Heaven_BAD,classified
sd_card_content/badusb_extra_payloads/collection/Unix-like/macOS/directly_ready/Bruce-Scripts-Heaven_BAD/BadUSB-FalsePhilosopher/BashBunny/payloads/library/credentials/macinfograbber/payload.txt,badusb,collection,Bruce-Scripts-Heaven_BAD,classified
sd_card_content/badusb_extra_payloads/collection/Win/directly_ready/Bruce-Scripts-Heaven_BAD/BadUSB-FalsePhilosopher/BashBunny/payloads/library/credentials/-BB-Credz-Plz/payload.txt,badusb,collection,Bruce-Scripts-Heaven_BAD,classified
sd_card_content/badusb_extra_payloads/collection/Unix-like/Linux/directly_ready/Bruce-Scripts-Heaven_BAD/BadUSB-FalsePhilosopher/BashBunny/payloads/library/credentials/sshDump/payload.txt,badusb,collection,Bruce-Scripts-Heaven_BAD,classified
sd_card_content/badusb_extra_payloads/remote_access/Unix-like/macOS/directly_ready/Bruce-Scripts-Heaven_BAD/BadUSB-FalsePhilosopher/BashBunny/payloads/library/credentials/SudoBackdoor/injector/payload.txt,badusb,remote_access,Bruce-Scripts-Heaven_BAD,classified
sd_card_content/badusb_extra_payloads/remote_access/Unix-like/macOS/directly_ready/Bruce-Scripts-Heaven_BAD/BadUSB-FalsePhilosopher/BashBunny/payloads/library/credentials/SudoBackdoor/cleaner/payload.txt,badusb,remote_access,Bruce-Scripts-Heaven_BAD,classified
sd_card_content/badusb_extra_payloads/collection/Win/directly_ready/Bruce-Scripts-Heaven_BAD/BadUSB-FalsePhilosopher/BashBunny/payloads/library/credentials/win_sslkeylog/payload.txt,badusb,collection,Bruce-Scripts-Heaven_BAD,classified
sd_card_content/badusb_extra_payloads/collection/Win/directly_ready/Bruce-Scripts-Heaven_BAD/BadUSB-FalsePhilosopher/BashBunny/payloads/library/credentials/SamDumpBunny/payload.txt,badusb,collection,Bruce-Scripts-Heaven_BAD,classified
sd_card_content/badusb_extra_payloads/collection/Win/directly_ready/Bruce-Scripts-Heaven_BAD/BadUSB-FalsePhilosopher/BashBunny/payloads/library/credentials/BunnyTap/bunnytap.js,badusb,collection,Bruce-Scripts-Heaven_BAD,classified
sd_card_content/badusb_extra_payloads/collection/Unix-like/macOS/directly_ready/Bruce-Scripts-Heaven_BAD/BadUSB-FalsePhilosopher/BashBunny/payloads/library/credentials/BunnyTap/payload.txt,badusb,collection,Bruce-Scripts-Heaven_BAD,classified
sd_card_content/badusb_extra_payloads/collection/Win/directly_ready/Bruce-Scripts-Heaven_BAD/BadUSB-FalsePhilosopher/BashBunny/payloads/library/credentials/BunnyTap/backend_server.js,badusb,collection,Bruce-Scripts-Heaven_BAD,classified
sd_card_content/badusb_extra_payloads/remote_access/Win/directly_ready/Bruce-Scripts-Heaven_BAD/BadUSB-FalsePhilosopher/BashBunny/payloads/library/credentials/BunnyTap/target_backdoor.js,badusb,remote_access,Bruce-Scripts-Heaven_BAD,classified
sd_card_content/badusb_extra_payloads/collection/Unix-like/macOS/directly_ready/Bruce-Scripts-Heaven_BAD/BadUSB-FalsePhilosopher/BashBunny/payloads/library/credentials/BunnyTap/js/ajax.googleapis.com__ajax__libs__dojo__1.6.1__dojo__dojo.js,badusb,collection,Bruce-Scripts-Heaven_BAD,classified
sd_card_content/badusb_extra_payloads/collection/Win/directly_ready/Bruce-Scripts-Heaven_BAD/BadUSB-FalsePhilosopher/BashBunny/payloads/library/credentials/BunnyTap/js/ajax.googleapis.com__ajax__libs__jquery__1.7.1__jquery.min.js,badusb,collection,Bruce-Scripts-Heaven_BAD,classified
sd_card_content/badusb_extra_payloads/collection/Win/directly_ready/Bruce-Scripts-Heaven_BAD/BadUSB-FalsePhilosopher/BashBunny/payloads/library/credentials/BunnyTap/js/ajax.googleapis.com__ajax__libs__jqueryui__1.8.21__jquery-ui.min.js,badusb,collection,Bruce-Scripts-Heaven_BAD,classified
sd_card_content/badusb_extra_payloads/collection/Android/directly_ready/Bruce-Scripts-Heaven_BAD/BadUSB-FalsePhilosopher/BashBunny/payloads/library/credentials/BunnyTap/js/ajax.googleapis.com__ajax__libs__webfont__1.5.0__webfont.js,badusb,collection,Bruce-Scripts-Heaven_BAD,classified
sd_card_content/badusb_extra_payloads/collection/Win/directly_ready/Bruce-Scripts-Heaven_BAD/BadUSB-FalsePhilosopher/BashBunny/payloads/library/credentials/BunnyTap/js/ajax.googleapis.com__ajax__libs__jquery__1.8.1__jquery.min.js,badusb,collection,Bruce-Scripts-Heaven_BAD,classified
sd_card_content/badusb_extra_payloads/collection/Android/directly_ready/Bruce-Scripts-Heaven_BAD/BadUSB-FalsePhilosopher/BashBunny/payloads/library/credentials/BunnyTap/js/ajax.googleapis.com__ajax__libs__dojo__1.8.9__dojo__dojo.js,badusb,collection,Bruce-Scripts-Heaven_BAD,classified
sd_card_content/badusb_extra_payloads/collection/Android/directly_ready/Bruce-Scripts-Heaven_BAD/BadUSB-FalsePhilosopher/BashBunny/payloads/library/credentials/BunnyTap/js/ajax.googleapis.com__ajax__libs__angularjs__1.3.0-beta.14__angular.min.js,badusb,collection,Bruce-Scripts-Heaven_BAD,classified
sd_card_content/badusb_extra_payloads/collection/Android/directly_ready/Bruce-Scripts-Heaven_BAD/BadUSB-FalsePhilosopher/BashBunny/payloads/library/credentials/BunnyTap/js/ajax.googleapis.com__ajax__libs__angularjs__1.2.3__angular.min.js,badusb,collection,Bruce-Scripts-Heaven_BAD,classified
sd_card_content/badusb_extra_payloads/collection/Android/directly_ready/Bruce-Scripts-Heaven_BAD/BadUSB-FalsePhilosopher/BashBunny/payloads/library/credentials/BunnyTap/js/ajax.googleapis.com__ajax__libs__angularjs__1.5.0-beta.0__angular.min.js,badusb,collection,Bruce-Scripts-Heaven_BAD,classified
sd_card_content/badusb_extra_payloads/collection/Win/directly_ready/Bruce-Scripts-Heaven_BAD/BadUSB-FalsePhilosopher/BashBunny/payloads/library/credentials/BunnyTap/js/ajax.googleapis.com__ajax__libs__jqueryui__1.11.3__jquery-ui.min.js,badusb,collection,Bruce-Scripts-Heaven_BAD,classified
sd_card_content/badusb_extra_payloads/collection/Android/directly_ready/Bruce-Scripts-Heaven_BAD/BadUSB-FalsePhilosopher/BashBunny/payloads/library/credentials/BunnyTap/js/ajax.googleapis.com__ajax__libs__angularjs__1.3.13__angular.min.js,badusb,collection,Bruce-Scripts-Heaven_BAD,classified
sd_card_content/badusb_extra_payloads/collection/Android/directly_ready/Bruce-Scripts-Heaven_BAD/BadUSB-FalsePhilosopher/BashBunny/payloads/library/credentials/BunnyTap/js/ajax.googleapis.com__ajax__libs__dojo__1.7.4__dojo__dojo.js,badusb,collection,Bruce-Scripts-Heaven_BAD,classified
sd_card_content/badusb_extra_payloads/collection/Win/directly_ready/Bruce-Scripts-Heaven_BAD/BadUSB-FalsePhilosopher/BashBunny/payloads/library/credentials/BunnyTap/js/ajax.googleapis.com__ajax__libs__jquery__1.2.3__jquery.min.js,badusb,collection,Bruce-Scripts-Heaven_BAD,classified
sd_card_content/badusb_extra_payloads/collection/Android/directly_ready/Bruce-Scripts-Heaven_BAD/BadUSB-FalsePhilosopher/BashBunny/payloads/library/credentials/BunnyTap/js/ajax.googleapis.com__ajax__libs__angularjs__1.4.0-rc.1__angular.min.js,badusb,collection,Bruce-Scripts-Heaven_BAD,classified
sd_card_content/badusb_extra_payloads/collection/Win/directly_ready/Bruce-Scripts-Heaven_BAD/BadUSB-FalsePhilosopher/BashBunny/payloads/library/credentials/BunnyTap/js/ajax.googleapis.com__ajax__libs__jquery__2.0.1__jquery.min.js,badusb,collection,Bruce-Scripts-Heaven_BAD,classified
sd_card_content/badusb_extra_payloads/collection/Win/directly_ready/Bruce-Scripts-Heaven_BAD/BadUSB-FalsePhilosopher/BashBunny/payloads/library/credentials/BunnyTap/js/ajax.googleapis.com__ajax__libs__jquery__1.10.1__jquery.min.js,badusb,collection,Bruce-Scripts-Heaven_BAD,classified
sd_card_content/badusb_extra_payloads/collection/Android/directly_ready/Bruce-Scripts-Heaven_BAD/BadUSB-FalsePhilosopher/BashBunny/payloads/library/credentials/BunnyTap/js/ajax.googleapis.com__ajax__libs__angular_material__0.7.1__angular-material.min.js,badusb,collection,Bruce-Scripts-Heaven_BAD,classified
sd_card_content/badusb_extra_payloads/collection/Win/directly_ready/Bruce-Scripts-Heaven_BAD/BadUSB-FalsePhilosopher/BashBunny/payloads/library/credentials/BunnyTap/js/ajax.googleapis.com__ajax__libs__dojo__1.3.2__dojo__dojo.js,badusb,collection,Bruce-Scripts-Heaven_BAD,classified
sd_card_content/badusb_extra_payloads/collection/Android/directly_ready/Bruce-Scripts-Heaven_BAD/BadUSB-FalsePhilosopher/BashBunny/payloads/library/credentials/BunnyTap/js/ajax.googleapis.com__ajax__libs__angularjs__1.2.1__angular.min.js,badusb,collection,Bruce-Scripts-Heaven_BAD,classified
sd_card_content/badusb_extra_payloads/collection/Android/directly_ready/Bruce-Scripts-Heaven_BAD/BadUSB-FalsePhilosopher/BashBunny/payloads/library/credentials/BunnyTap/js/ajax.googleapis.com__ajax__libs__angularjs__1.3.17__angular.min.js,badusb,collection,Bruce-Scripts-Heaven_BAD,classified
sd_card_content/badusb_extra_payloads/collection/Android/directly_ready/Bruce-Scripts-Heaven_BAD/BadUSB-FalsePhilosopher/BashBunny/payloads/library/credentials/BunnyTap/js/ajax.googleapis.com__ajax__libs__angularjs__1.3.5__angular.min.js,badusb,collection,Bruce-Scripts-Heaven_BAD,classified
sd_card_content/badusb_extra_payloads/collection/Android/directly_ready/Bruce-Scripts-Heaven_BAD/BadUSB-FalsePhilosopher/BashBunny/payloads/library/credentials/BunnyTap/js/ajax.googleapis.com__ajax__libs__dojo__1.9.6__dojo__dojo.js,badusb,collection,Bruce-Scripts-Heaven_BAD,classified
sd_card_content/badusb_extra_payloads/collection/Android/directly_ready/Bruce-Scripts-Heaven_BAD/BadUSB-FalsePhilosopher/BashBunny/payloads/library/credentials/BunnyTap/js/ajax.googleapis.com__ajax__libs__dojo__1.7.0__dojo__dojo.js,badusb,collection,Bruce-Scripts-Heaven_BAD,classified
sd_card_content/badusb_extra_payloads/collection/Win/directly_ready/Bruce-Scripts-Heaven_BAD/BadUSB-FalsePhilosopher/BashBunny/payloads/library/credentials/BunnyTap/js/ajax.googleapis.com__ajax__libs__spf__2.1.0__spf.js,badusb,collection,Bruce-Scripts-Heaven_BAD,classified
sd_card_content/badusb_extra_payloads/collection/Win/directly_ready/Bruce-Scripts-Heaven_BAD/BadUSB-FalsePhilosopher/BashBunny/payloads/library/credentials/BunnyTap/js/ajax.googleapis.com__ajax__libs__jquery__1.8.3__jquery.min.js,badusb,collection,Bruce-Scripts-Heaven_BAD,classified
sd_card_content/badusb_extra_payloads/collection/Android/directly_ready/Bruce-Scripts-Heaven_BAD/BadUSB-FalsePhilosopher/BashBunny/payloads/library/credentials/BunnyTap/js/ajax.googleapis.com__ajax__libs__dojo__1.8.7__dojo__dojo.js,badusb,collection,Bruce-Scripts-Heaven_BAD,classified
sd_card_content/badusb_extra_payloads/collection/Android/directly_ready/Bruce-Scripts-Heaven_BAD/BadUSB-FalsePhilosopher/BashBunny/payloads/library/credentials/BunnyTap/js/ajax.googleapis.com__ajax__libs__angularjs__1.3.2__angular.min.js,badusb,collection,Bruce-Scripts-Heaven_BAD,classified
sd_card_content/badusb_extra_payloads/collection/Android/directly_ready/Bruce-Scripts-Heaven_BAD/BadUSB-FalsePhilosopher/BashBunny/payloads/library/credentials/BunnyTap/js/ajax.googleapis.com__ajax__libs__angularjs__1.4.0-beta.1__angular.min.js,badusb,collection,Bruce-Scripts-Heaven_BAD,classified
sd_card_content/badusb_extra_payloads/collection/Android/directly_ready/Bruce-Scripts-Heaven_BAD/BadUSB-FalsePhilosopher/BashBunny/payloads/library/credentials/BunnyTap/js/ajax.googleapis.com__ajax__libs__angularjs__1.3.0-beta.2__angular.min.js,badusb,collection,Bruce-Scripts-Heaven_BAD,classified
sd_card_content/badusb_extra_payloads/collection/Win/directly_ready/Bruce-Scripts-Heaven_BAD/BadUSB-FalsePhilosopher/BashBunny/payloads/library/credentials/BunnyTap/js/ajax.googleapis.com__ajax__libs__jquery__2.2.0__jquery.min.js,badusb,collection,Bruce-Scripts-Heaven_BAD,classified
sd_card_content/badusb_extra_payloads/collection/Win/directly_ready/Bruce-Scripts-Heaven_BAD/BadUSB-FalsePhilosopher/BashBunny/payloads/library/credentials/BunnyTap/js/ajax.googleapis.com__ajax__libs__threejs__r67__three.min.js,badusb,collection,Bruce-Scripts-Heaven_BAD,classified
sd_card_content/badusb_extra_payloads/collection/Android/directly_ready/Bruce-Scripts-Heaven_BAD/BadUSB-FalsePhilosopher/BashBunny/payloads/library/credentials/BunnyTap/js/ajax.googleapis.com__ajax__libs__angularjs__1.5.0-rc.0__angular.min.js,badusb,collection,Bruce-Scripts-Heaven_BAD,classified
sd_card_content/badusb_extra_payloads/collection/Android/directly_ready/Bruce-Scripts-Heaven_BAD/BadUSB-FalsePhilosopher/BashBunny/payloads/library/credentials/BunnyTap/js/ajax.googleapis.com__ajax__libs__angularjs__1.3.15__angular.min.js,badusb,collection,Bruce-Scripts-Heaven_BAD,classified
sd_card_content/badusb_extra_payloads/collection/Android/directly_ready/Bruce-Scripts-Heaven_BAD/BadUSB-FalsePhilosopher/BashBunny/payloads/library/credentials/BunnyTap/js/ajax.googleapis.com__ajax__libs__angularjs__1.2.13__angular.min.js,badusb,collection,Bruce-Scripts-Heaven_BAD,classified
sd_card_content/badusb_extra_payloads/collection/Win/directly_ready/Bruce-Scripts-Heaven_BAD/BadUSB-FalsePhilosopher/BashBunny/payloads/library/credentials/BunnyTap/js/ajax.googleapis.com__ajax__libs__jqueryui__1.7.2__jquery-ui.min.js,badusb,collection,Bruce-Scripts-Heaven_BAD,classified
sd_card_content/badusb_extra_payloads/collection/Win/directly_ready/Bruce-Scripts-Heaven_BAD/BadUSB-FalsePhilosopher/BashBunny/payloads/library/credentials/BunnyTap/js/ajax.googleapis.com__ajax__libs__jquery__1.7.0__jquery.min.js,badusb,collection,Bruce-Scripts-Heaven_BAD,classified
sd_card_content/badusb_extra_payloads/collection/Win/directly_ready/Bruce-Scripts-Heaven_BAD/BadUSB-FalsePhilosopher/BashBunny/payloads/library/credentials/BunnyTap/js/ajax.googleapis.com__ajax__libs__jqueryui__1.11.1__jquery-ui.min.js,badusb,collection,Bruce-Scripts-Heaven_BAD,classified
sd_card_content/badusb_extra_payloads/collection/Android/directly_ready/Bruce-Scripts-Heaven_BAD/BadUSB-FalsePhilosopher/BashBunny/payloads/library/credentials/BunnyTap/js/ajax.googleapis.com__ajax__libs__webfont__1.5.3__webfont.js,badusb,collection,Bruce-Scripts-Heaven_BAD,classified
sd_card_content/badusb_extra_payloads/collection/Android/directly_ready/Bruce-Scripts-Heaven_BAD/BadUSB-FalsePhilosopher/BashBunny/payloads/library/credentials/BunnyTap/js/ajax.googleapis.com__ajax__libs__angularjs__1.0.8__angular.min.js,badusb,collection,Bruce-Scripts-Heaven_BAD,classified
sd_card_content/badusb_extra_payloads/collection/Android/directly_ready/Bruce-Scripts-Heaven_BAD/BadUSB-FalsePhilosopher/BashBunny/payloads/library/credentials/BunnyTap/js/ajax.googleapis.com__ajax__libs__angularjs__1.0.1__angular.min.js,badusb,collection,Bruce-Scripts-Heaven_BAD,classified
sd_card_content/badusb_extra_payloads/collection/Win/directly_ready/Bruce-Scripts-Heaven_BAD/BadUSB-FalsePhilosopher/BashBunny/payloads/library/credentials/BunnyTap/js/ajax.googleapis.com__ajax__libs__jquery__1.10.2__jquery.min.js,badusb,collection,Bruce-Scripts-Heaven_BAD,classified
sd_card_content/badusb_extra_payloads/collection/Win/directly_ready/Bruce-Scripts-Heaven_BAD/BadUSB-FalsePhilosopher/BashBunny/payloads/library/credentials/BunnyTap/js/ajax.googleapis.com__ajax__libs__jqueryui__1.5.2__jquery-ui.min.js,badusb,collection,Bruce-Scripts-Heaven_BAD,classified
sd_card_content/badusb_extra_payloads/collection/Android/directly_ready/Bruce-Scripts-Heaven_BAD/BadUSB-FalsePhilosopher/BashBunny/payloads/library/credentials/BunnyTap/js/ajax.googleapis.com__ajax__libs__angularjs__1.2.17__angular.min.js,badusb,collection,Bruce-Scripts-Heaven_BAD,classified
sd_card_content/badusb_extra_payloads/collection/Android/directly_ready/Bruce-Scripts-Heaven_BAD/BadUSB-FalsePhilosopher/BashBunny/payloads/library/credentials/BunnyTap/js/ajax.googleapis.com__ajax__libs__angularjs__1.3.0-rc.3__angular.min.js,badusb,collection,Bruce-Scripts-Heaven_BAD,classified
sd_card_content/badusb_extra_payloads/collection/Win/directly_ready/Bruce-Scripts-Heaven_BAD/BadUSB-FalsePhilosopher/BashBunny/payloads/library/credentials/BunnyTap/js/ajax.googleapis.com__ajax__libs__jqueryui__1.5.3__jquery-ui.min.js,badusb,collection,Bruce-Scripts-Heaven_BAD,classified
sd_card_content/badusb_extra_payloads/collection/Android/directly_ready/Bruce-Scripts-Heaven_BAD/BadUSB-FalsePhilosopher/BashBunny/payloads/library/credentials/BunnyTap/js/ajax.googleapis.com__ajax__libs__webfont__1.5.18__webfont.js,badusb,collection,Bruce-Scripts-Heaven_BAD,classified
sd_card_content/badusb_extra_payloads/collection/Android/directly_ready/Bruce-Scripts-Heaven_BAD/BadUSB-FalsePhilosopher/BashBunny/payloads/library/credentials/BunnyTap/js/ajax.googleapis.com__ajax__libs__angularjs__1.2.5__angular.min.js,badusb,collection,Bruce-Scripts-Heaven_BAD,classified
sd_card_content/badusb_extra_payloads/collection/Android/directly_ready/Bruce-Scripts-Heaven_BAD/BadUSB-FalsePhilosopher/BashBunny/payloads/library/credentials/BunnyTap/js/ajax.googleapis.com__ajax__libs__angularjs__1.3.12__angular.min.js,badusb,collection,Bruce-Scripts-Heaven_BAD,classified
sd_card_content/badusb_extra_payloads/collection/Unix-like/macOS/directly_ready/Bruce-Scripts-Heaven_BAD/BadUSB-FalsePhilosopher/BashBunny/payloads/library/credentials/BunnyTap/js/ajax.googleapis.com__ajax__libs__dojo__1.4.0__dojo__dojo.js,badusb,collection,Bruce-Scripts-Heaven_BAD,classified
sd_card_content/badusb_extra_payloads/collection/Android/directly_ready/Bruce-Scripts-Heaven_BAD/BadUSB-FalsePhilosopher/BashBunny/payloads/library/credentials/BunnyTap/js/ajax.googleapis.com__ajax__libs__angular_material__0.8.3__angular-material.min.js,badusb,collection,Bruce-Scripts-Heaven_BAD,classified
sd_card_content/badusb_extra_payloads/collection/Android/directly_ready/Bruce-Scripts-Heaven_BAD/BadUSB-FalsePhilosopher/BashBunny/payloads/library/credentials/BunnyTap/js/ajax.googleapis.com__ajax__libs__angularjs__1.2.6__angular.min.js,badusb,collection,Bruce-Scripts-Heaven_BAD,classified
sd_card_content/badusb_extra_payloads/collection/Android/directly_ready/Bruce-Scripts-Heaven_BAD/BadUSB-FalsePhilosopher/BashBunny/payloads/library/credentials/BunnyTap/js/ajax.googleapis.com__ajax__libs__angularjs__1.2.0__angular.min.js,badusb,collection,Bruce-Scripts-Heaven_BAD,classified
sd_card_content/badusb_extra_payloads/collection/Win/directly_ready/Bruce-Scripts-Heaven_BAD/BadUSB-FalsePhilosopher/BashBunny/payloads/library/credentials/BunnyTap/js/ajax.googleapis.com__ajax__libs__jquery__2.1.4__jquery.min.js,badusb,collection,Bruce-Scripts-Heaven_BAD,classified
sd_card_content/badusb_extra_payloads/collection/Unix-like/macOS/directly_ready/Bruce-Scripts-Heaven_BAD/BadUSB-FalsePhilosopher/BashBunny/payloads/library/credentials/BunnyTap/js/ajax.googleapis.com__ajax__libs__dojo__1.5.1__dojo__dojo.js,badusb,collection,Bruce-Scripts-Heaven_BAD,classified
sd_card_content/badusb_extra_payloads/collection/Android/directly_ready/Bruce-Scripts-Heaven_BAD/BadUSB-FalsePhilosopher/BashBunny/payloads/library/credentials/BunnyTap/js/ajax.googleapis.com__ajax__libs__dojo__1.7.5__dojo__dojo.js,badusb,collection,Bruce-Scripts-Heaven_BAD,classified
sd_card_content/badusb_extra_payloads/collection/Android/directly_ready/Bruce-Scripts-Heaven_BAD/BadUSB-FalsePhilosopher/BashBunny/payloads/library/credentials/BunnyTap/js/ajax.googleapis.com__ajax__libs__angular_material__1.0.3__angular-material.min.js,badusb,collection,Bruce-Scripts-Heaven_BAD,classified
sd_card_content/badusb_extra_payloads/collection/Android/directly_ready/Bruce-Scripts-Heaven_BAD/BadUSB-FalsePhilosopher/BashBunny/payloads/library/credentials/BunnyTap/js/ajax.googleapis.com__ajax__libs__angular_material__0.8.2__angular-material.min.js,badusb,collection,Bruce-Scripts-Heaven_BAD,classified
sd_card_content/badusb_extra_payloads/collection/Android/directly_ready/Bruce-Scripts-Heaven_BAD/BadUSB-FalsePhilosopher/BashBunny/payloads/library/credentials/BunnyTap/js/ajax.googleapis.com__ajax__libs__dojo__1.7.8__dojo__dojo.js,badusb,collection,Bruce-Scripts-Heaven_BAD,classified
sd_card_content/badusb_extra_payloads/collection/Android/directly_ready/Bruce-Scripts-Heaven_BAD/BadUSB-FalsePhilosopher/BashBunny/payloads/library/credentials/BunnyTap/js/ajax.googleapis.com__ajax__libs__angularjs__1.0.4__angular.min.js,badusb,collection,Bruce-Scripts-Heaven_BAD,classified
sd_card_content/badusb_extra_payloads/collection/Android/directly_ready/Bruce-Scripts-Heaven_BAD/BadUSB-FalsePhilosopher/BashBunny/payloads/library/credentials/BunnyTap/js/ajax.googleapis.com__ajax__libs__angular_material__1.0.0__angular-material.min.js,badusb,collection,Bruce-Scripts-Heaven_BAD,classified
sd_card_content/badusb_extra_payloads/collection/Win/directly_ready/Bruce-Scripts-Heaven_BAD/BadUSB-FalsePhilosopher/BashBunny/payloads/library/credentials/BunnyTap/js/ajax.googleapis.com__ajax__libs__jqueryui__1.8.2__jquery-ui.min.js,badusb,collection,Bruce-Scripts-Heaven_BAD,classified
sd_card_content/badusb_extra_payloads/collection/Unix-like/macOS/directly_ready/Bruce-Scripts-Heaven_BAD/BadUSB-FalsePhilosopher/BashBunny/payloads/library/credentials/BunnyTap/js/ajax.googleapis.com__ajax__libs__dojo__1.5.3__dojo__dojo.js,badusb,collection,Bruce-Scripts-Heaven_BAD,classified
sd_card_content/badusb_extra_payloads/collection/Win/directly_ready/Bruce-Scripts-Heaven_BAD/BadUSB-FalsePhilosopher/BashBunny/payloads/library/credentials/BunnyTap/js/ajax.googleapis.com__ajax__libs__spf__2.3.0__spf.js,badusb,collection,Bruce-Scripts-Heaven_BAD,classified
sd_card_content/badusb_extra_payloads/collection/Android/directly_ready/Bruce-Scripts-Heaven_BAD/BadUSB-FalsePhilosopher/BashBunny/payloads/library/credentials/BunnyTap/js/ajax.googleapis.com__ajax__libs__angularjs__1.3.0-rc.1__angular.min.js,badusb,collection,Bruce-Scripts-Heaven_BAD,classified
sd_card_content/badusb_extra_payloads/collection/Win/directly_ready/Bruce-Scripts-Heaven_BAD/BadUSB-FalsePhilosopher/BashBunny/payloads/library/credentials/BunnyTap/js/ajax.googleapis.com__ajax__libs__jquery__1.5.1__jquery.min.js,badusb,collection,Bruce-Scripts-Heaven_BAD,classified
sd_card_content/badusb_extra_payloads/collection/Android/directly_ready/Bruce-Scripts-Heaven_BAD/BadUSB-FalsePhilosopher/BashBunny/payloads/library/credentials/BunnyTap/js/ajax.googleapis.com__ajax__libs__mootools__1.6.0__mootools.min.js,badusb,collection,Bruce-Scripts-Heaven_BAD,classified
sd_card_content/badusb_extra_payloads/collection/Android/directly_ready/Bruce-Scripts-Heaven_BAD/BadUSB-FalsePhilosopher/BashBunny/payloads/library/credentials/BunnyTap/js/ajax.googleapis.com__ajax__libs__dojo__1.8.4__dojo__dojo.js,badusb,collection,Bruce-Scripts-Heaven_BAD,classified
sd_card_content/badusb_extra_payloads/collection/Android/directly_ready/Bruce-Scripts-Heaven_BAD/BadUSB-FalsePhilosopher/BashBunny/payloads/library/credentials/BunnyTap/js/ajax.googleapis.com__ajax__libs__angular_material__0.9.4__angular-material.min.js,badusb,collection,Bruce-Scripts-Heaven_BAD,classified
sd_card_content/badusb_extra_payloads/collection/Android/directly_ready/Bruce-Scripts-Heaven_BAD/BadUSB-FalsePhilosopher/BashBunny/payloads/library/credentials/BunnyTap/js/ajax.googleapis.com__ajax__libs__angularjs__1.3.8__angular.min.js,badusb,collection,Bruce-Scripts-Heaven_BAD,classified
sd_card_content/badusb_extra_payloads/collection/Win/directly_ready/Bruce-Scripts-Heaven_BAD/BadUSB-FalsePhilosopher/BashBunny/payloads/library/credentials/BunnyTap/js/ajax.googleapis.com__ajax__libs__jqueryui__1.8.14__jquery-ui.min.js,badusb,collection,Bruce-Scripts-Heaven_BAD,classified
sd_card_content/badusb_extra_payloads/collection/Win/directly_ready/Bruce-Scripts-Heaven_BAD/BadUSB-FalsePhilosopher/BashBunny/payloads/library/credentials/BunnyTap/js/ajax.googleapis.com__ajax__libs__spf__2.0.0__spf.js,badusb,collection,Bruce-Scripts-Heaven_BAD,classified
sd_card_content/badusb_extra_payloads/collection/Android/directly_ready/Bruce-Scripts-Heaven_BAD/BadUSB-FalsePhilosopher/BashBunny/payloads/library/credentials/BunnyTap/js/ajax.googleapis.com__ajax__libs__angularjs__1.5.0-rc.2__angular.min.js,badusb,collection,Bruce-Scripts-Heaven_BAD,classified
sd_card_content/badusb_extra_payloads/collection/Win/directly_ready/Bruce-Scripts-Heaven_BAD/BadUSB-FalsePhilosopher/BashBunny/payloads/library/credentials/BunnyTap/js/ajax.googleapis.com__ajax__libs__jqueryui__1.10.2__jquery-ui.min.js,badusb,collection,Bruce-Scripts-Heaven_BAD,classified
sd_card_content/badusb_extra_payloads/collection/Android/directly_ready/Bruce-Scripts-Heaven_BAD/BadUSB-FalsePhilosopher/BashBunny/payloads/library/credentials/BunnyTap/js/ajax.googleapis.com__ajax__libs__angularjs__1.3.1__angular.min.js,badusb,collection,Bruce-Scripts-Heaven_BAD,classified
sd_card_content/badusb_extra_payloads/collection/Android/directly_ready/Bruce-Scripts-Heaven_BAD/BadUSB-FalsePhilosopher/BashBunny/payloads/library/credentials/BunnyTap/js/ajax.googleapis.com__ajax__libs__angularjs__1.4.4__angular.min.js,badusb,collection,Bruce-Scripts-Heaven_BAD,classified
sd_card_content/badusb_extra_payloads/collection/Unix-like/macOS/directly_ready/Bruce-Scripts-Heaven_BAD/BadUSB-FalsePhilosopher/BashBunny/payloads/library/credentials/BunnyTap/js/ajax.googleapis.com__ajax__libs__dojo__1.5.4__dojo__dojo.js,badusb,collection,Bruce-Scripts-Heaven_BAD,classified
sd_card_content/badusb_extra_payloads/collection/Android/directly_ready/Bruce-Scripts-Heaven_BAD/BadUSB-FalsePhilosopher/BashBunny/payloads/library/credentials/BunnyTap/js/ajax.googleapis.com__ajax__libs__angularjs__1.2.7__angular.min.js,badusb,collection,Bruce-Scripts-Heaven_BAD,classified
sd_card_content/badusb_extra_payloads/collection/Win/directly_ready/Bruce-Scripts-Heaven_BAD/BadUSB-FalsePhilosopher/BashBunny/payloads/library/credentials/BunnyTap/js/ajax.googleapis.com__ajax__libs__jquery__1.2.6__jquery.min.js,badusb,collection,Bruce-Scripts-Heaven_BAD,classified
sd_card_content/badusb_extra_payloads/collection/Android/directly_ready/Bruce-Scripts-Heaven_BAD/BadUSB-FalsePhilosopher/BashBunny/payloads/library/credentials/BunnyTap/js/ajax.googleapis.com__ajax__libs__angularjs__1.3.0-beta.6__angular.min.js,badusb,collection,Bruce-Scripts-Heaven_BAD,classified
sd_card_content/badusb_extra_payloads/collection/Win/directly_ready/Bruce-Scripts-Heaven_BAD/BadUSB-FalsePhilosopher/BashBunny/payloads/library/credentials/BunnyTap/js/ajax.googleapis.com__ajax__libs__jquery__1.11.0__jquery.min.js,badusb,collection,Bruce-Scripts-Heaven_BAD,classified
sd_card_content/badusb_extra_payloads/collection/Android/directly_ready/Bruce-Scripts-Heaven_BAD/BadUSB-FalsePhilosopher/BashBunny/payloads/library/credentials/BunnyTap/js/ajax.googleapis.com__ajax__libs__angular_material__0.11.4__angular-material.min.js,badusb,collection,Bruce-Scripts-Heaven_BAD,classified
sd_card_content/badusb_extra_payloads/collection/Android/directly_ready/Bruce-Scripts-Heaven_BAD/BadUSB-FalsePhilosopher/BashBunny/payloads/library/credentials/BunnyTap/js/ajax.googleapis.com__ajax__libs__dojo__1.10.4__dojo__dojo.js,badusb,collection,Bruce-Scripts-Heaven_BAD,classified
sd_card_content/badusb_extra_payloads/collection/Win/directly_ready/Bruce-Scripts-Heaven_BAD/BadUSB-FalsePhilosopher/BashBunny/payloads/library/credentials/BunnyTap/js/ajax.googleapis.com__ajax__libs__jqueryui__1.8.5__jquery-ui.min.js,badusb,collection,Bruce-Scripts-Heaven_BAD,classified
sd_card_content/badusb_extra_payloads/collection/Android/directly_ready/Bruce-Scripts-Heaven_BAD/BadUSB-FalsePhilosopher/BashBunny/payloads/library/credentials/BunnyTap/js/ajax.googleapis.com__ajax__libs__jquerymobile__1.4.2__jquery.mobile.min.js,badusb,collection,Bruce-Scripts-Heaven_BAD,classified
sd_card_content/badusb_extra_payloads/collection/Win/directly_ready/Bruce-Scripts-Heaven_BAD/BadUSB-FalsePhilosopher/BashBunny/payloads/library/credentials/BunnyTap/js/ajax.googleapis.com__ajax__libs__jquery__1.4.1__jquery.min.js,badusb,collection,Bruce-Scripts-Heaven_BAD,classified
sd_card_content/badusb_extra_payloads/collection/Android/directly_ready/Bruce-Scripts-Heaven_BAD/BadUSB-FalsePhilosopher/BashBunny/payloads/library/credentials/BunnyTap/js/ajax.googleapis.com__ajax__libs__angularjs__1.5.0-beta.1__angular.min.js,badusb,collection,Bruce-Scripts-Heaven_BAD,classified
sd_card_content/badusb_extra_payloads/collection/Android/directly_ready/Bruce-Scripts-Heaven_BAD/BadUSB-FalsePhilosopher/BashBunny/payloads/library/credentials/BunnyTap/js/ajax.googleapis.com__ajax__libs__dojo__1.7.1__dojo__dojo.js,badusb,collection,Bruce-Scripts-Heaven_BAD,classified
sd_card_content/badusb_extra_payloads/collection/Win/directly_ready/Bruce-Scripts-Heaven_BAD/BadUSB-FalsePhilosopher/BashBunny/payloads/library/credentials/BunnyTap/js/ajax.googleapis.com__ajax__libs__webfont__1.6.16__webfont.js,badusb,collection,Bruce-Scripts-Heaven_BAD,classified
sd_card_content/badusb_extra_payloads/collection/Win/directly_ready/Bruce-Scripts-Heaven_BAD/BadUSB-FalsePhilosopher/BashBunny/payloads/library/credentials/BunnyTap/js/ajax.googleapis.com__ajax__libs__dojo__1.2.0__dojo__dojo.js,badusb,collection,Bruce-Scripts-Heaven_BAD,classified
sd_card_content/badusb_extra_payloads/collection/Android/directly_ready/Bruce-Scripts-Heaven_BAD/BadUSB-FalsePhilosopher/BashBunny/payloads/library/credentials/BunnyTap/js/ajax.googleapis.com__ajax__libs__dojo__1.9.2__dojo__dojo.js,badusb,collection,Bruce-Scripts-Heaven_BAD,classified
sd_card_content/badusb_extra_payloads/collection/Win/directly_ready/Bruce-Scripts-Heaven_BAD/BadUSB-FalsePhilosopher/BashBunny/payloads/library/credentials/BunnyTap/js/ajax.googleapis.com__ajax__libs__jquery__2.0.3__jquery.min.js,badusb,collection,Bruce-Scripts-Heaven_BAD,classified
sd_card_content/badusb_extra_payloads/collection/Android/directly_ready/Bruce-Scripts-Heaven_BAD/BadUSB-FalsePhilosopher/BashBunny/payloads/library/credentials/BunnyTap/js/ajax.googleapis.com__ajax__libs__angularjs__1.2.25__angular.min.js,badusb,collection,Bruce-Scripts-Heaven_BAD,classified
sd_card_content/badusb_extra_payloads/collection/Win/directly_ready/Bruce-Scripts-Heaven_BAD/BadUSB-FalsePhilosopher/BashBunny/payloads/library/credentials/BunnyTap/js/ajax.googleapis.com__ajax__libs__jqueryui__1.8.9__jquery-ui.min.js,badusb,collection,Bruce-Scripts-Heaven_BAD,classified
sd_card_content/badusb_extra_payloads/collection/Android/directly_ready/Bruce-Scripts-Heaven_BAD/BadUSB-FalsePhilosopher/BashBunny/payloads/library/credentials/BunnyTap/js/ajax.googleapis.com__ajax__libs__angularjs__1.3.9__angular.min.js,badusb,collection,Bruce-Scripts-Heaven_BAD,classified
sd_card_content/badusb_extra_payloads/collection/Android/directly_ready/Bruce-Scripts-Heaven_BAD/BadUSB-FalsePhilosopher/BashBunny/payloads/library/credentials/BunnyTap/js/ajax.googleapis.com__ajax__libs__angularjs__1.2.9__angular.min.js,badusb,collection,Bruce-Scripts-Heaven_BAD,classified
sd_card_content/badusb_extra_payloads/collection/Win/directly_ready/Bruce-Scripts-Heaven_BAD/BadUSB-FalsePhilosopher/BashBunny/payloads/library/credentials/BunnyTap/js/ajax.googleapis.com__ajax__libs__jquery__1.6.4__jquery.min.js,badusb,collection,Bruce-Scripts-Heaven_BAD,classified
sd_card_content/badusb_extra_payloads/collection/Win/directly_ready/Bruce-Scripts-Heaven_BAD/BadUSB-FalsePhilosopher/BashBunny/payloads/library/credentials/BunnyTap/js/ajax.googleapis.com__ajax__libs__spf__2.0.1__spf.js,badusb,collection,Bruce-Scripts-Heaven_BAD,classified
sd_card_content/badusb_extra_payloads/collection/Android/directly_ready/Bruce-Scripts-Heaven_BAD/BadUSB-FalsePhilosopher/BashBunny/payloads/library/credentials/BunnyTap/js/ajax.googleapis.com__ajax__libs__angularjs__1.2.27__angular.min.js,badusb,collection,Bruce-Scripts-Heaven_BAD,classified
sd_card_content/badusb_extra_payloads/collection/Win/directly_ready/Bruce-Scripts-Heaven_BAD/BadUSB-FalsePhilosopher/BashBunny/payloads/library/credentials/BunnyTap/js/ajax.googleapis.com__ajax__libs__jqueryui__1.11.2__jquery-ui.min.js,badusb,collection,Bruce-Scripts-Heaven_BAD,classified
sd_card_content/badusb_extra_payloads/collection/Android/directly_ready/Bruce-Scripts-Heaven_BAD/BadUSB-FalsePhilosopher/BashBunny/payloads/library/credentials/BunnyTap/js/ajax.googleapis.com__ajax__libs__dojo__1.7.3__dojo__dojo.js,badusb,collection,Bruce-Scripts-Heaven_BAD,classified
sd_card_content/badusb_extra_payloads/collection/Win/directly_ready/Bruce-Scripts-Heaven_BAD/BadUSB-FalsePhilosopher/BashBunny/payloads/library/credentials/BunnyTap/js/ajax.googleapis.com__ajax__libs__jquery__1.6.3__jquery.min.js,badusb,collection,Bruce-Scripts-Heaven_BAD,classified
sd_card_content/badusb_extra_payloads/collection/Android/directly_ready/Bruce-Scripts-Heaven_BAD/BadUSB-FalsePhilosopher/BashBunny/payloads/library/credentials/BunnyTap/js/ajax.googleapis.com__ajax__libs__angularjs__1.2.19__angular.min.js,badusb,collection,Bruce-Scripts-Heaven_BAD,classified
sd_card_content/badusb_extra_payloads/collection/Win/directly_ready/Bruce-Scripts-Heaven_BAD/BadUSB-FalsePhilosopher/BashBunny/payloads/library/credentials/BunnyTap/js/ajax.googleapis.com__ajax__libs__jquery__1.7.2__jquery.min.js,badusb,collection,Bruce-Scripts-Heaven_BAD,classified
sd_card_content/badusb_extra_payloads/collection/Win/directly_ready/Bruce-Scripts-Heaven_BAD/BadUSB-FalsePhilosopher/BashBunny/payloads/library/credentials/BunnyTap/js/ajax.googleapis.com__ajax__libs__jquery__2.1.1__jquery.min.js,badusb,collection,Bruce-Scripts-Heaven_BAD,classified
sd_card_content/badusb_extra_payloads/collection/Android/directly_ready/Bruce-Scripts-Heaven_BAD/BadUSB-FalsePhilosopher/BashBunny/payloads/library/credentials/BunnyTap/js/ajax.googleapis.com__ajax__libs__angularjs__1.0.5__angular.min.js,badusb,collection,Bruce-Scripts-Heaven_BAD,classified
sd_card_content/badusb_extra_payloads/collection/Android/directly_ready/Bruce-Scripts-Heaven_BAD/BadUSB-FalsePhilosopher/BashBunny/payloads/library/credentials/BunnyTap/js/ajax.googleapis.com__ajax__libs__angular_material__0.11.2__angular-material.min.js,badusb,collection,Bruce-Scripts-Heaven_BAD,classified
sd_card_content/badusb_extra_payloads/collection/Android/directly_ready/Bruce-Scripts-Heaven_BAD/BadUSB-FalsePhilosopher/BashBunny/payloads/library/credentials/BunnyTap/js/ajax.googleapis.com__ajax__libs__angular_material__0.8.0__angular-material.min.js,badusb,collection,Bruce-Scripts-Heaven_BAD,classified
sd_card_content/badusb_extra_payloads/collection/Android/directly_ready/Bruce-Scripts-Heaven_BAD/BadUSB-FalsePhilosopher/BashBunny/payloads/library/credentials/BunnyTap/js/ajax.googleapis.com__ajax__libs__angularjs__1.4.9__angular.min.js,badusb,collection,Bruce-Scripts-Heaven_BAD,classified
sd_card_content/badusb_extra_payloads/collection/Android/directly_ready/Bruce-Scripts-Heaven_BAD/BadUSB-FalsePhilosopher/BashBunny/payloads/library/credentials/BunnyTap/js/ajax.googleapis.com__ajax__libs__angularjs__1.4.0-beta.4__angular.min.js,badusb,collection,Bruce-Scripts-Heaven_BAD,classified
sd_card_content/badusb_extra_payloads/collection/Win/directly_ready/Bruce-Scripts-Heaven_BAD/BadUSB-FalsePhilosopher/BashBunny/payloads/library/credentials/BunnyTap/js/ajax.googleapis.com__ajax__libs__jquery__1.3.0__jquery.min.js,badusb,collection,Bruce-Scripts-Heaven_BAD,classified
sd_card_content/badusb_extra_payloads/collection/Android/directly_ready/Bruce-Scripts-Heaven_BAD/BadUSB-FalsePhilosopher/BashBunny/payloads/library/credentials/BunnyTap/js/ajax.googleapis.com__ajax__libs__jquerymobile__1.4.1__jquery.mobile.min.js,badusb,collection,Bruce-Scripts-Heaven_BAD,classified
sd_card_content/badusb_extra_payloads/collection/Win/directly_ready/Bruce-Scripts-Heaven_BAD/BadUSB-FalsePhilosopher/BashBunny/payloads/library/credentials/BunnyTap/js/ajax.googleapis.com__ajax__libs__jqueryui__1.10.0__jquery-ui.min.js,badusb,collection,Bruce-Scripts-Heaven_BAD,classified
sd_card_content/badusb_extra_payloads/collection/Win/directly_ready/Bruce-Scripts-Heaven_BAD/BadUSB-FalsePhilosopher/BashBunny/payloads/library/credentials/BunnyTap/js/ajax.googleapis.com__ajax__libs__jquery__1.11.3__jquery.min.js,badusb,collection,Bruce-Scripts-Heaven_BAD,classified
sd_card_content/badusb_extra_payloads/collection/Android/directly_ready/Bruce-Scripts-Heaven_BAD/BadUSB-FalsePhilosopher/BashBunny/payloads/library/credentials/BunnyTap/js/ajax.googleapis.com__ajax__libs__angularjs__1.4.5__angular.min.js,badusb,collection,Bruce-Scripts-Heaven_BAD,classified
sd_card_content/badusb_extra_payloads/collection/Win/directly_ready/Bruce-Scripts-Heaven_BAD/BadUSB-FalsePhilosopher/BashBunny/payloads/library/credentials/BunnyTap/js/ajax.googleapis.com__ajax__libs__jqueryui__1.8.13__jquery-ui.min.js,badusb,collection,Bruce-Scripts-Heaven_BAD,classified
sd_card_content/badusb_extra_payloads/collection/Unix-like/macOS/directly_ready/Bruce-Scripts-Heaven_BAD/BadUSB-FalsePhilosopher/BashBunny/payloads/library/credentials/BunnyTap/js/ajax.googleapis.com__ajax__libs__ext-core__3.1.0__ext-core.js,badusb,collection,Bruce-Scripts-Heaven_BAD,classified
sd_card_content/badusb_extra_payloads/collection/Android/directly_ready/Bruce-Scripts-Heaven_BAD/BadUSB-FalsePhilosopher/BashBunny/payloads/library/credentials/BunnyTap/js/ajax.googleapis.com__ajax__libs__dojo__1.9.1__dojo__dojo.js,badusb,collection,Bruce-Scripts-Heaven_BAD,classified
sd_card_content/badusb_extra_payloads/collection/Win/directly_ready/Bruce-Scripts-Heaven_BAD/BadUSB-FalsePhilosopher/BashBunny/payloads/library/credentials/BunnyTap/js/ajax.googleapis.com__ajax__libs__jquery__2.1.3__jquery.min.js,badusb,collection,Bruce-Scripts-Heaven_BAD,classified
sd_card_content/badusb_extra_payloads/collection/Android/directly_ready/Bruce-Scripts-Heaven_BAD/BadUSB-FalsePhilosopher/BashBunny/payloads/library/credentials/BunnyTap/js/ajax.googleapis.com__ajax__libs__dojo__1.9.3__dojo__dojo.js,badusb,collection,Bruce-Scripts-Heaven_BAD,classified
sd_card_content/badusb_extra_payloads/collection/Android/directly_ready/Bruce-Scripts-Heaven_BAD/BadUSB-FalsePhilosopher/BashBunny/payloads/library/credentials/BunnyTap/js/ajax.googleapis.com__ajax__libs__angular_material__1.0.1__angular-material.min.js,badusb,collection,Bruce-Scripts-Heaven_BAD,classified
sd_card_content/badusb_extra_payloads/collection/Win/directly_ready/Bruce-Scripts-Heaven_BAD/BadUSB-FalsePhilosopher/BashBunny/payloads/library/credentials/BunnyTap/js/ajax.googleapis.com__ajax__libs__scriptaculous__1.9.0__scriptaculous.js,badusb,collection,Bruce-Scripts-Heaven_BAD,classified
sd_card_content/badusb_extra_payloads/collection/Win/directly_ready/Bruce-Scripts-Heaven_BAD/BadUSB-FalsePhilosopher/BashBunny/payloads/library/credentials/BunnyTap/js/ajax.googleapis.com__ajax__libs__threejs__r68__three.min.js,badusb,collection,Bruce-Scripts-Heaven_BAD,classified
sd_card_content/badusb_extra_payloads/collection/Win/directly_ready/Bruce-Scripts-Heaven_BAD/BadUSB-FalsePhilosopher/BashBunny/payloads/library/credentials/BunnyTap/js/ajax.googleapis.com__ajax__libs__jquery__1.5.2__jquery.min.js,badusb,collection,Bruce-Scripts-Heaven_BAD,classified
sd_card_content/badusb_extra_payloads/collection/Win/directly_ready/Bruce-Scripts-Heaven_BAD/BadUSB-FalsePhilosopher/BashBunny/payloads/library/credentials/BunnyTap/js/ajax.googleapis.com__ajax__libs__jqueryui__1.8.11__jquery-ui.min.js,badusb,collection,Bruce-Scripts-Heaven_BAD,classified
sd_card_content/badusb_extra_payloads/collection/Win/directly_ready/Bruce-Scripts-Heaven_BAD/BadUSB-FalsePhilosopher/BashBunny/payloads/library/credentials/BunnyTap/js/ajax.googleapis.com__ajax__libs__jqueryui__1.11.4__jquery-ui.min.js,badusb,collection,Bruce-Scripts-Heaven_BAD,classified
sd_card_content/badusb_extra_payloads/collection/Android/directly_ready/Bruce-Scripts-Heaven_BAD/BadUSB-FalsePhilosopher/BashBunny/payloads/library/credentials/BunnyTap/js/ajax.googleapis.com__ajax__libs__angular_material__1.0.2__angular-material.min.js,badusb,collection,Bruce-Scripts-Heaven_BAD,classified
sd_card_content/badusb_extra_payloads/collection/Win/directly_ready/Bruce-Scripts-Heaven_BAD/BadUSB-FalsePhilosopher/BashBunny/payloads/library/credentials/BunnyTap/js/ajax.googleapis.com__ajax__libs__scriptaculous__1.8.1__scriptaculous.js,badusb,collection,Bruce-Scripts-Heaven_BAD,classified
sd_card_content/badusb_extra_payloads/collection/Win/directly_ready/Bruce-Scripts-Heaven_BAD/BadUSB-FalsePhilosopher/BashBunny/payloads/library/credentials/BunnyTap/js/ajax.googleapis.com__ajax__libs__dojo__1.3.0__dojo__dojo.js,badusb,collection,Bruce-Scripts-Heaven_BAD,classified
sd_card_content/badusb_extra_payloads/collection/Android/directly_ready/Bruce-Scripts-Heaven_BAD/BadUSB-FalsePhilosopher/BashBunny/payloads/library/credentials/BunnyTap/js/ajax.googleapis.com__ajax__libs__angularjs__1.4.0-beta.2__angular.min.js,badusb,collection,Bruce-Scripts-Heaven_BAD,classified
sd_card_content/badusb_extra_payloads/collection/Android/directly_ready/Bruce-Scripts-Heaven_BAD/BadUSB-FalsePhilosopher/BashBunny/payloads/library/credentials/BunnyTap/js/ajax.googleapis.com__ajax__libs__angularjs__1.3.0-beta.8__angular.min.js,badusb,collection,Bruce-Scripts-Heaven_BAD,classified
sd_card_content/badusb_extra_payloads/collection/Win/directly_ready/Bruce-Scripts-Heaven_BAD/BadUSB-FalsePhilosopher/BashBunny/payloads/library/credentials/BunnyTap/js/ajax.googleapis.com__ajax__libs__jquery__1.3.1__jquery.min.js,badusb,collection,Bruce-Scripts-Heaven_BAD,classified
sd_card_content/badusb_extra_payloads/collection/Android/directly_ready/Bruce-Scripts-Heaven_BAD/BadUSB-FalsePhilosopher/BashBunny/payloads/library/credentials/BunnyTap/js/ajax.googleapis.com__ajax__libs__angularjs__1.3.0-beta.19__angular.min.js,badusb,collection,Bruce-Scripts-Heaven_BAD,classified
sd_card_content/badusb_extra_payloads/collection/Win/directly_ready/Bruce-Scripts-Heaven_BAD/BadUSB-FalsePhilosopher/BashBunny/payloads/library/credentials/BunnyTap/js/ajax.googleapis.com__ajax__libs__jqueryui__1.8.16__jquery-ui.min.js,badusb,collection,Bruce-Scripts-Heaven_BAD,classified
sd_card_content/badusb_extra_payloads/collection/Win/directly_ready/Bruce-Scripts-Heaven_BAD/BadUSB-FalsePhilosopher/BashBunny/payloads/library/credentials/BunnyTap/js/ajax.googleapis.com__ajax__libs__jquery__2.2.1__jquery.min.js,badusb,collection,Bruce-Scripts-Heaven_BAD,classified
sd_card_content/badusb_extra_payloads/collection/Win/directly_ready/Bruce-Scripts-Heaven_BAD/BadUSB-FalsePhilosopher/BashBunny/payloads/library/credentials/BunnyTap/js/ajax.googleapis.com__ajax__libs__jqueryui__1.8.15__jquery-ui.min.js,badusb,collection,Bruce-Scripts-Heaven_BAD,classified
sd_card_content/badusb_extra_payloads/collection/Android/directly_ready/Bruce-Scripts-Heaven_BAD/BadUSB-FalsePhilosopher/BashBunny/payloads/library/credentials/BunnyTap/js/ajax.googleapis.com__ajax__libs__dojo__1.9.4__dojo__dojo.js,badusb,collection,Bruce-Scripts-Heaven_BAD,classified
sd_card_content/badusb_extra_payloads/collection/Win/directly_ready/Bruce-Scripts-Heaven_BAD/BadUSB-FalsePhilosopher/BashBunny/payloads/library/credentials/BunnyTap/js/ajax.googleapis.com__ajax__libs__spf__2.3.2__spf.js,badusb,collection,Bruce-Scripts-Heaven_BAD,classified
sd_card_content/badusb_extra_payloads/collection/Android/directly_ready/Bruce-Scripts-Heaven_BAD/BadUSB-FalsePhilosopher/BashBunny/payloads/library/credentials/BunnyTap/js/ajax.googleapis.com__ajax__libs__angularjs__1.4.3__angular.min.js,badusb,collection,Bruce-Scripts-Heaven_BAD,classified
sd_card_content/badusb_extra_payloads/collection/Android/directly_ready/Bruce-Scripts-Heaven_BAD/BadUSB-FalsePhilosopher/BashBunny/payloads/library/credentials/BunnyTap/js/ajax.googleapis.com__ajax__libs__angularjs__1.3.7__angular.min.js,badusb,collection,Bruce-Scripts-Heaven_BAD,classified
sd_card_content/badusb_extra_payloads/collection/Android/directly_ready/Bruce-Scripts-Heaven_BAD/BadUSB-FalsePhilosopher/BashBunny/payloads/library/credentials/BunnyTap/js/ajax.googleapis.com__ajax__libs__angularjs__1.3.0-beta.12__angular.min.js,badusb,collection,Bruce-Scripts-Heaven_BAD,classified
sd_card_content/badusb_extra_payloads/collection/Android/directly_ready/Bruce-Scripts-Heaven_BAD/BadUSB-FalsePhilosopher/BashBunny/payloads/library/credentials/BunnyTap/js/ajax.googleapis.com__ajax__libs__dojo__1.8.3__dojo__dojo.js,badusb,collection,Bruce-Scripts-Heaven_BAD,classified
sd_card_content/badusb_extra_payloads/collection/Android/directly_ready/Bruce-Scripts-Heaven_BAD/BadUSB-FalsePhilosopher/BashBunny/payloads/library/credentials/BunnyTap/js/ajax.googleapis.com__ajax__libs__dojo__1.8.6__dojo__dojo.js,badusb,collection,Bruce-Scripts-Heaven_BAD,classified
sd_card_content/badusb_extra_payloads/collection/Win/directly_ready/Bruce-Scripts-Heaven_BAD/BadUSB-FalsePhilosopher/BashBunny/payloads/library/credentials/BunnyTap/js/ajax.googleapis.com__ajax__libs__spf__2.1.2__spf.js,badusb,collection,Bruce-Scripts-Heaven_BAD,classified
sd_card_content/badusb_extra_payloads/collection/Android/directly_ready/Bruce-Scripts-Heaven_BAD/BadUSB-FalsePhilosopher/BashBunny/payloads/library/credentials/BunnyTap/js/ajax.googleapis.com__ajax__libs__angular_material__0.11.1__angular-material.min.js,badusb,collection,Bruce-Scripts-Heaven_BAD,classified
sd_card_content/badusb_extra_payloads/collection/Win/directly_ready/Bruce-Scripts-Heaven_BAD/BadUSB-FalsePhilosopher/BashBunny/payloads/library/credentials/BunnyTap/js/ajax.googleapis.com__ajax__libs__prototype__1.7.2.0__prototype.js,badusb,collection,Bruce-Scripts-Heaven_BAD,classified
sd_card_content/badusb_extra_payloads/collection/Win/directly_ready/Bruce-Scripts-Heaven_BAD/BadUSB-FalsePhilosopher/BashBunny/payloads/library/credentials/BunnyTap/js/ajax.googleapis.com__ajax__libs__prototype__1.7.1.0__prototype.js,badusb,collection,Bruce-Scripts-Heaven_BAD,classified
sd_card_content/badusb_extra_payloads/collection/Win/directly_ready/Bruce-Scripts-Heaven_BAD/BadUSB-FalsePhilosopher/BashBunny/payloads/library/credentials/BunnyTap/js/ajax.googleapis.com__ajax__libs__jquery__2.0.2__jquery.min.js,badusb,collection,Bruce-Scripts-Heaven_BAD,classified
sd_card_content/badusb_extra_payloads/collection/Win/directly_ready/Bruce-Scripts-Heaven_BAD/BadUSB-FalsePhilosopher/BashBunny/payloads/library/credentials/BunnyTap/js/ajax.googleapis.com__ajax__libs__jqueryui__1.8.4__jquery-ui.min.js,badusb,collection,Bruce-Scripts-Heaven_BAD,classified
sd_card_content/badusb_extra_payloads/collection/Android/directly_ready/Bruce-Scripts-Heaven_BAD/BadUSB-FalsePhilosopher/BashBunny/payloads/library/credentials/BunnyTap/js/ajax.googleapis.com__ajax__libs__angularjs__1.3.0-beta.11__angular.min.js,badusb,collection,Bruce-Scripts-Heaven_BAD,classified
sd_card_content/badusb_extra_payloads/collection/Android/directly_ready/Bruce-Scripts-Heaven_BAD/BadUSB-FalsePhilosopher/BashBunny/payloads/library/credentials/BunnyTap/js/ajax.googleapis.com__ajax__libs__angularjs__1.3.0-beta.17__angular.min.js,badusb,collection,Bruce-Scripts-Heaven_BAD,classified
sd_card_content/badusb_extra_payloads/collection/Unix-like/macOS/directly_ready/Bruce-Scripts-Heaven_BAD/BadUSB-FalsePhilosopher/BashBunny/payloads/library/credentials/BunnyTap/js/ajax.googleapis.com__ajax__libs__ext-core__3.0.0__ext-core.js,badusb,collection,Bruce-Scripts-Heaven_BAD,classified
sd_card_content/badusb_extra_payloads/collection/Win/directly_ready/Bruce-Scripts-Heaven_BAD/BadUSB-FalsePhilosopher/BashBunny/payloads/library/credentials/BunnyTap/js/ajax.googleapis.com__ajax__libs__jqueryui__1.6.0__jquery-ui.min.js,badusb,collection,Bruce-Scripts-Heaven_BAD,classified
sd_card_content/badusb_extra_payloads/collection/Win/directly_ready/Bruce-Scripts-Heaven_BAD/BadUSB-FalsePhilosopher/BashBunny/payloads/library/credentials/BunnyTap/js/ajax.googleapis.com__ajax__libs__angular_material__0.6__angular-material.min.js,badusb,collection,Bruce-Scripts-Heaven_BAD,classified
sd_card_content/badusb_extra_payloads/collection/Android/directly_ready/Bruce-Scripts-Heaven_BAD/BadUSB-FalsePhilosopher/BashBunny/payloads/library/credentials/BunnyTap/js/ajax.googleapis.com__ajax__libs__angularjs__1.3.0-rc.4__angular.min.js,badusb,collection,Bruce-Scripts-Heaven_BAD,classified
sd_card_content/badusb_extra_payloads/collection/Android/directly_ready/Bruce-Scripts-Heaven_BAD/BadUSB-FalsePhilosopher/BashBunny/payloads/library/credentials/BunnyTap/js/ajax.googleapis.com__ajax__libs__dojo__1.8.0__dojo__dojo.js,badusb,collection,Bruce-Scripts-Heaven_BAD,classified
sd_card_content/badusb_extra_payloads/collection/Win/directly_ready/Bruce-Scripts-Heaven_BAD/BadUSB-FalsePhilosopher/BashBunny/payloads/library/credentials/BunnyTap/js/ajax.googleapis.com__ajax__libs__jquery__1.11.1__jquery.min.js,badusb,collection,Bruce-Scripts-Heaven_BAD,classified
sd_card_content/badusb_extra_payloads/collection/Android/directly_ready/Bruce-Scripts-Heaven_BAD/BadUSB-FalsePhilosopher/BashBunny/payloads/library/credentials/BunnyTap/js/ajax.googleapis.com__ajax__libs__angularjs__1.2.20__angular.min.js,badusb,collection,Bruce-Scripts-Heaven_BAD,classified
sd_card_content/badusb_extra_payloads/collection/Android/directly_ready/Bruce-Scripts-Heaven_BAD/BadUSB-FalsePhilosopher/BashBunny/payloads/library/credentials/BunnyTap/js/ajax.googleapis.com__ajax__libs__dojo__1.8.2__dojo__dojo.js,badusb,collection,Bruce-Scripts-Heaven_BAD,classified
sd_card_content/badusb_extra_payloads/collection/Android/directly_ready/Bruce-Scripts-Heaven_BAD/BadUSB-FalsePhilosopher/BashBunny/payloads/library/credentials/BunnyTap/js/ajax.googleapis.com__ajax__libs__angularjs__1.3.0-beta.4__angular.min.js,badusb,collection,Bruce-Scripts-Heaven_BAD,classified
sd_card_content/badusb_extra_payloads/collection/Win/directly_ready/Bruce-Scripts-Heaven_BAD/BadUSB-FalsePhilosopher/BashBunny/payloads/library/credentials/BunnyTap/js/ajax.googleapis.com__ajax__libs__spf__2.2.0__spf.js,badusb,collection,Bruce-Scripts-Heaven_BAD,classified
sd_card_content/badusb_extra_payloads/collection/Android/directly_ready/Bruce-Scripts-Heaven_BAD/BadUSB-FalsePhilosopher/BashBunny/payloads/library/credentials/BunnyTap/js/ajax.googleapis.com__ajax__libs__angularjs__1.2.8__angular.min.js,badusb,collection,Bruce-Scripts-Heaven_BAD,classified
sd_card_content/badusb_extra_payloads/collection/Android/directly_ready/Bruce-Scripts-Heaven_BAD/BadUSB-FalsePhilosopher/BashBunny/payloads/library/credentials/BunnyTap/js/ajax.googleapis.com__ajax__libs__angularjs__1.4.0-beta.5__angular.min.js,badusb,collection,Bruce-Scripts-Heaven_BAD,classified
sd_card_content/badusb_extra_payloads/collection/Android/directly_ready/Bruce-Scripts-Heaven_BAD/BadUSB-FalsePhilosopher/BashBunny/payloads/library/credentials/BunnyTap/js/ajax.googleapis.com__ajax__libs__angularjs__1.3.11__angular.min.js,badusb,collection,Bruce-Scripts-Heaven_BAD,classified
sd_card_content/badusb_extra_payloads/collection/Win/directly_ready/Bruce-Scripts-Heaven_BAD/BadUSB-FalsePhilosopher/BashBunny/payloads/library/credentials/BunnyTap/js/ajax.googleapis.com__ajax__libs__spf__2.3.1__spf.js,badusb,collection,Bruce-Scripts-Heaven_BAD,classified
sd_card_content/badusb_extra_payloads/collection/Win/directly_ready/Bruce-Scripts-Heaven_BAD/BadUSB-FalsePhilosopher/BashBunny/payloads/library/credentials/BunnyTap/js/ajax.googleapis.com__ajax__libs__jquery__1.12.1__jquery.min.js,badusb,collection,Bruce-Scripts-Heaven_BAD,classified
sd_card_content/badusb_extra_payloads/collection/Android/directly_ready/Bruce-Scripts-Heaven_BAD/BadUSB-FalsePhilosopher/BashBunny/payloads/library/credentials/BunnyTap/js/ajax.googleapis.com__ajax__libs__angularjs__1.3.0-beta.1__angular.min.js,badusb,collection,Bruce-Scripts-Heaven_BAD,classified
sd_card_content/badusb_extra_payloads/collection/Unix-like/macOS/directly_ready/Bruce-Scripts-Heaven_BAD/BadUSB-FalsePhilosopher/BashBunny/payloads/library/credentials/BunnyTap/js/ajax.googleapis.com__ajax__libs__dojo__1.4.1__dojo__dojo.js,badusb,collection,Bruce-Scripts-Heaven_BAD,classified
sd_card_content/badusb_extra_payloads/collection/Android/directly_ready/Bruce-Scripts-Heaven_BAD/BadUSB-FalsePhilosopher/BashBunny/payloads/library/credentials/BunnyTap/js/ajax.googleapis.com__ajax__libs__angularjs__1.3.3__angular.min.js,badusb,collection,Bruce-Scripts-Heaven_BAD,classified
sd_card_content/badusb_extra_payloads/collection/Android/directly_ready/Bruce-Scripts-Heaven_BAD/BadUSB-FalsePhilosopher/BashBunny/payloads/library/credentials/BunnyTap/js/ajax.googleapis.com__ajax__libs__dojo__1.10.2__dojo__dojo.js,badusb,collection,Bruce-Scripts-Heaven_BAD,classified
sd_card_content/badusb_extra_payloads/collection/Win/directly_ready/Bruce-Scripts-Heaven_BAD/BadUSB-FalsePhilosopher/BashBunny/payloads/library/credentials/BunnyTap/js/ajax.googleapis.com__ajax__libs__jqueryui__1.8.17__jquery-ui.min.js,badusb,collection,Bruce-Scripts-Heaven_BAD,classified
sd_card_content/badusb_extra_payloads/collection/Android/directly_ready/Bruce-Scripts-Heaven_BAD/BadUSB-FalsePhilosopher/BashBunny/payloads/library/credentials/BunnyTap/js/ajax.googleapis.com__ajax__libs__angular_material__0.8.1__angular-material.min.js,badusb,collection,Bruce-Scripts-Heaven_BAD,classified
sd_card_content/badusb_extra_payloads/collection/Win/directly_ready/Bruce-Scripts-Heaven_BAD/BadUSB-FalsePhilosopher/BashBunny/payloads/library/credentials/BunnyTap/js/ajax.googleapis.com__ajax__libs__dojo__1.1.1__dojo__dojo.js,badusb,collection,Bruce-Scripts-Heaven_BAD,classified
sd_card_content/badusb_extra_payloads/collection/Android/directly_ready/Bruce-Scripts-Heaven_BAD/BadUSB-FalsePhilosopher/BashBunny/payloads/library/credentials/BunnyTap/js/ajax.googleapis.com__ajax__libs__angularjs__1.3.0-beta.3__angular.min.js,badusb,collection,Bruce-Scripts-Heaven_BAD,classified
sd_card_content/badusb_extra_payloads/collection/Android/directly_ready/Bruce-Scripts-Heaven_BAD/BadUSB-FalsePhilosopher/BashBunny/payloads/library/credentials/BunnyTap/js/ajax.googleapis.com__ajax__libs__angularjs__1.3.0-beta.18__angular.min.js,badusb,collection,Bruce-Scripts-Heaven_BAD,classified
sd_card_content/badusb_extra_payloads/collection/Win/directly_ready/Bruce-Scripts-Heaven_BAD/BadUSB-FalsePhilosopher/BashBunny/payloads/library/credentials/BunnyTap/js/ajax.googleapis.com__ajax__libs__jqueryui__1.8.10__jquery-ui.min.js,badusb,collection,Bruce-Scripts-Heaven_BAD,classified
sd_card_content/badusb_extra_payloads/collection/Win/directly_ready/Bruce-Scripts-Heaven_BAD/BadUSB-FalsePhilosopher/BashBunny/payloads/library/credentials/BunnyTap/js/ajax.googleapis.com__ajax__libs__jqueryui__1.8.20__jquery-ui.min.js,badusb,collection,Bruce-Scripts-Heaven_BAD,classified
sd_card_content/badusb_extra_payloads/collection/Win/directly_ready/Bruce-Scripts-Heaven_BAD/BadUSB-FalsePhilosopher/BashBunny/payloads/library/credentials/BunnyTap/js/ajax.googleapis.com__ajax__libs__prototype__1.6.0.2__prototype.js,badusb,collection,Bruce-Scripts-Heaven_BAD,classified
sd_card_content/badusb_extra_payloads/collection/Android/directly_ready/Bruce-Scripts-Heaven_BAD/BadUSB-FalsePhilosopher/BashBunny/payloads/library/credentials/BunnyTap/js/ajax.googleapis.com__ajax__libs__dojo__1.8.1__dojo__dojo.js,badusb,collection,Bruce-Scripts-Heaven_BAD,classified
sd_card_content/badusb_extra_payloads/collection/Android/directly_ready/Bruce-Scripts-Heaven_BAD/BadUSB-FalsePhilosopher/BashBunny/payloads/library/credentials/BunnyTap/js/ajax.googleapis.com__ajax__libs__angularjs__1.4.7__angular.min.js,badusb,collection,Bruce-Scripts-Heaven_BAD,classified
sd_card_content/badusb_extra_payloads/collection/Win/directly_ready/Bruce-Scripts-Heaven_BAD/BadUSB-FalsePhilosopher/BashBunny/payloads/library/credentials/BunnyTap/js/ajax.googleapis.com__ajax__libs__jqueryui__1.10.1__jquery-ui.min.js,badusb,collection,Bruce-Scripts-Heaven_BAD,classified
sd_card_content/badusb_extra_payloads/collection/Android/directly_ready/Bruce-Scripts-Heaven_BAD/BadUSB-FalsePhilosopher/BashBunny/payloads/library/credentials/BunnyTap/js/ajax.googleapis.com__ajax__libs__angularjs__1.2.10__angular.min.js,badusb,collection,Bruce-Scripts-Heaven_BAD,classified
sd_card_content/badusb_extra_payloads/collection/Android/directly_ready/Bruce-Scripts-Heaven_BAD/BadUSB-FalsePhilosopher/BashBunny/payloads/library/credentials/BunnyTap/js/ajax.googleapis.com__ajax__libs__angularjs__1.3.4__angular.min.js,badusb,collection,Bruce-Scripts-Heaven_BAD,classified
sd_card_content/badusb_extra_payloads/collection/Android/directly_ready/Bruce-Scripts-Heaven_BAD/BadUSB-FalsePhilosopher/BashBunny/payloads/library/credentials/BunnyTap/js/ajax.googleapis.com__ajax__libs__mootools__1.5.2__mootools.min.js,badusb,collection,Bruce-Scripts-Heaven_BAD,classified
sd_card_content/badusb_extra_payloads/collection/Win/directly_ready/Bruce-Scripts-Heaven_BAD/BadUSB-FalsePhilosopher/BashBunny/payloads/library/credentials/BunnyTap/js/ajax.googleapis.com__ajax__libs__jqueryui__1.8.0__jquery-ui.min.js,badusb,collection,Bruce-Scripts-Heaven_BAD,classified
sd_card_content/badusb_extra_payloads/collection/Android/directly_ready/Bruce-Scripts-Heaven_BAD/BadUSB-FalsePhilosopher/BashBunny/payloads/library/credentials/BunnyTap/js/ajax.googleapis.com__ajax__libs__angularjs__1.3.16__angular.min.js,badusb,collection,Bruce-Scripts-Heaven_BAD,classified
sd_card_content/badusb_extra_payloads/collection/Unix-like/macOS/directly_ready/Bruce-Scripts-Heaven_BAD/BadUSB-FalsePhilosopher/BashBunny/payloads/library/credentials/BunnyTap/js/ajax.googleapis.com__ajax__libs__swfobject__2.1__swfobject.js,badusb,collection,Bruce-Scripts-Heaven_BAD,classified
sd_card_content/badusb_extra_payloads/collection/Win/directly_ready/Bruce-Scripts-Heaven_BAD/BadUSB-FalsePhilosopher/BashBunny/payloads/library/credentials/BunnyTap/js/ajax.googleapis.com__ajax__libs__jquery__1.3.2__jquery.min.js,badusb,collection,Bruce-Scripts-Heaven_BAD,classified
sd_card_content/badusb_extra_payloads/collection/Android/directly_ready/Bruce-Scripts-Heaven_BAD/BadUSB-FalsePhilosopher/BashBunny/payloads/library/credentials/BunnyTap/js/ajax.googleapis.com__ajax__libs__angularjs__1.3.0-beta.15__angular.min.js,badusb,collection,Bruce-Scripts-Heaven_BAD,classified
sd_card_content/badusb_extra_payloads/collection/Win/directly_ready/Bruce-Scripts-Heaven_BAD/BadUSB-FalsePhilosopher/BashBunny/payloads/library/credentials/BunnyTap/js/ajax.googleapis.com__ajax__libs__scriptaculous__1.8.2__scriptaculous.js,badusb,collection,Bruce-Scripts-Heaven_BAD,classified
sd_card_content/badusb_extra_payloads/collection/Android/directly_ready/Bruce-Scripts-Heaven_BAD/BadUSB-FalsePhilosopher/BashBunny/payloads/library/credentials/BunnyTap/js/ajax.googleapis.com__ajax__libs__angularjs__1.4.1__angular.min.js,badusb,collection,Bruce-Scripts-Heaven_BAD,classified
sd_card_content/badusb_extra_payloads/collection/Win/directly_ready/Bruce-Scripts-Heaven_BAD/BadUSB-FalsePhilosopher/BashBunny/payloads/library/credentials/BunnyTap/js/ajax.googleapis.com__ajax__libs__jqueryui__1.9.2__jquery-ui.min.js,badusb,collection,Bruce-Scripts-Heaven_BAD,classified
sd_card_content/badusb_extra_payloads/collection/Win/directly_ready/Bruce-Scripts-Heaven_BAD/BadUSB-FalsePhilosopher/BashBunny/payloads/library/credentials/BunnyTap/js/ajax.googleapis.com__ajax__libs__jquery__2.0.0__jquery.min.js,badusb,collection,Bruce-Scripts-Heaven_BAD,classified
sd_card_content/badusb_extra_payloads/collection/Android/directly_ready/Bruce-Scripts-Heaven_BAD/BadUSB-FalsePhilosopher/BashBunny/payloads/library/credentials/BunnyTap/js/ajax.googleapis.com__ajax__libs__angularjs__1.4.6__angular.min.js,badusb,collection,Bruce-Scripts-Heaven_BAD,classified
sd_card_content/badusb_extra_payloads/collection/Android/directly_ready/Bruce-Scripts-Heaven_BAD/BadUSB-FalsePhilosopher/BashBunny/payloads/library/credentials/BunnyTap/js/ajax.googleapis.com__ajax__libs__angular_material__0.9.0__angular-material.min.js,badusb,collection,Bruce-Scripts-Heaven_BAD,classified
sd_card_content/badusb_extra_payloads/collection/Win/directly_ready/Bruce-Scripts-Heaven_BAD/BadUSB-FalsePhilosopher/BashBunny/payloads/library/credentials/BunnyTap/js/ajax.googleapis.com__ajax__libs__jqueryui__1.10.4__jquery-ui.min.js,badusb,collection,Bruce-Scripts-Heaven_BAD,classified
sd_card_content/badusb_extra_payloads/collection/Android/directly_ready/Bruce-Scripts-Heaven_BAD/BadUSB-FalsePhilosopher/BashBunny/payloads/library/credentials/BunnyTap/js/ajax.googleapis.com__ajax__libs__angularjs__1.3.0-rc.5__angular.min.js,badusb,collection,Bruce-Scripts-Heaven_BAD,classified
sd_card_content/badusb_extra_payloads/collection/Android/directly_ready/Bruce-Scripts-Heaven_BAD/BadUSB-FalsePhilosopher/BashBunny/payloads/library/credentials/BunnyTap/js/ajax.googleapis.com__ajax__libs__angularjs__1.3.0-beta.10__angular.min.js,badusb,collection,Bruce-Scripts-Heaven_BAD,classified
sd_card_content/badusb_extra_payloads/collection/Android/directly_ready/Bruce-Scripts-Heaven_BAD/BadUSB-FalsePhilosopher/BashBunny/payloads/library/credentials/BunnyTap/js/ajax.googleapis.com__ajax__libs__angularjs__1.2.22__angular.min.js,badusb,collection,Bruce-Scripts-Heaven_BAD,classified
sd_card_content/badusb_extra_payloads/collection/Android/directly_ready/Bruce-Scripts-Heaven_BAD/BadUSB-FalsePhilosopher/BashBunny/payloads/library/credentials/BunnyTap/js/ajax.googleapis.com__ajax__libs__angularjs__1.2.23__angular.min.js,badusb,collection,Bruce-Scripts-Heaven_BAD,classified
sd_card_content/badusb_extra_payloads/collection/Win/directly_ready/Bruce-Scripts-Heaven_BAD/BadUSB-FalsePhilosopher/BashBunny/payloads/library/credentials/BunnyTap/js/ajax.googleapis.com__ajax__libs__jquery__1.4.3__jquery.min.js,badusb,collection,Bruce-Scripts-Heaven_BAD,classified
sd_card_content/badusb_extra_payloads/collection/Android/directly_ready/Bruce-Scripts-Heaven_BAD/BadUSB-FalsePhilosopher/BashBunny/payloads/library/credentials/BunnyTap/js/ajax.googleapis.com__ajax__libs__jquerymobile__1.4.5__jquery.mobile.min.js,badusb,collection,Bruce-Scripts-Heaven_BAD,classified
sd_card_content/badusb_extra_payloads/collection/Unix-like/macOS/directly_ready/Bruce-Scripts-Heaven_BAD/BadUSB-FalsePhilosopher/BashBunny/payloads/library/credentials/BunnyTap/js/ajax.googleapis.com__ajax__libs__swfobject__2.2__swfobject.js,badusb,collection,Bruce-Scripts-Heaven_BAD,classified
sd_card_content/badusb_extra_payloads/collection/Win/directly_ready/Bruce-Scripts-Heaven_BAD/BadUSB-FalsePhilosopher/BashBunny/payloads/library/credentials/BunnyTap/js/ajax.googleapis.com__ajax__libs__jqueryui__1.9.1__jquery-ui.min.js,badusb,collection,Bruce-Scripts-Heaven_BAD,classified
sd_card_content/badusb_extra_payloads/collection/Android/directly_ready/Bruce-Scripts-Heaven_BAD/BadUSB-FalsePhilosopher/BashBunny/payloads/library/credentials/BunnyTap/js/ajax.googleapis.com__ajax__libs__angularjs__1.2.4__angular.min.js,badusb,collection,Bruce-Scripts-Heaven_BAD,classified
sd_card_content/badusb_extra_payloads/collection/Win/directly_ready/Bruce-Scripts-Heaven_BAD/BadUSB-FalsePhilosopher/BashBunny/payloads/library/credentials/BunnyTap/js/ajax.googleapis.com__ajax__libs__jquery__1.6.1__jquery.min.js,badusb,collection,Bruce-Scripts-Heaven_BAD,classified
sd_card_content/badusb_extra_payloads/collection/Android/directly_ready/Bruce-Scripts-Heaven_BAD/BadUSB-FalsePhilosopher/BashBunny/payloads/library/credentials/BunnyTap/js/ajax.googleapis.com__ajax__libs__angularjs__1.0.6__angular.min.js,badusb,collection,Bruce-Scripts-Heaven_BAD,classified
sd_card_content/badusb_extra_payloads/collection/Win/directly_ready/Bruce-Scripts-Heaven_BAD/BadUSB-FalsePhilosopher/BashBunny/payloads/library/credentials/BunnyTap/js/ajax.googleapis.com__ajax__libs__jqueryui__1.7.1__jquery-ui.min.js,badusb,collection,Bruce-Scripts-Heaven_BAD,classified
sd_card_content/badusb_extra_payloads/collection/Android/directly_ready/Bruce-Scripts-Heaven_BAD/BadUSB-FalsePhilosopher/BashBunny/payloads/library/credentials/BunnyTap/js/ajax.googleapis.com__ajax__libs__jquerymobile__1.4.3__jquery.mobile.min.js,badusb,collection,Bruce-Scripts-Heaven_BAD,classified
sd_card_content/badusb_extra_payloads/collection/Android/directly_ready/Bruce-Scripts-Heaven_BAD/BadUSB-FalsePhilosopher/BashBunny/payloads/library/credentials/BunnyTap/js/ajax.googleapis.com__ajax__libs__angularjs__1.5.0-rc.1__angular.min.js,badusb,collection,Bruce-Scripts-Heaven_BAD,classified
sd_card_content/badusb_extra_payloads/collection/Android/directly_ready/Bruce-Scripts-Heaven_BAD/BadUSB-FalsePhilosopher/BashBunny/payloads/library/credentials/BunnyTap/js/ajax.googleapis.com__ajax__libs__angularjs__1.5.0-beta.2__angular.min.js,badusb,collection,Bruce-Scripts-Heaven_BAD,classified
sd_card_content/badusb_extra_payloads/collection/Win/directly_ready/Bruce-Scripts-Heaven_BAD/BadUSB-FalsePhilosopher/BashBunny/payloads/library/credentials/BunnyTap/js/ajax.googleapis.com__ajax__libs__dojo__1.3.1__dojo__dojo.js,badusb,collection,Bruce-Scripts-Heaven_BAD,classified
sd_card_content/badusb_extra_payloads/collection/Win/directly_ready/Bruce-Scripts-Heaven_BAD/BadUSB-FalsePhilosopher/BashBunny/payloads/library/credentials/BunnyTap/js/ajax.googleapis.com__ajax__libs__prototype__1.7.0.0__prototype.js,badusb,collection,Bruce-Scripts-Heaven_BAD,classified
sd_card_content/badusb_extra_payloads/collection/Android/directly_ready/Bruce-Scripts-Heaven_BAD/BadUSB-FalsePhilosopher/BashBunny/payloads/library/credentials/BunnyTap/js/ajax.googleapis.com__ajax__libs__angular_material__0.11.0__angular-material.min.js,badusb,collection,Bruce-Scripts-Heaven_BAD,classified
sd_card_content/badusb_extra_payloads/collection/Android/directly_ready/Bruce-Scripts-Heaven_BAD/BadUSB-FalsePhilosopher/BashBunny/payloads/library/credentials/BunnyTap/js/ajax.googleapis.com__ajax__libs__dojo__1.8.10__dojo__dojo.js,badusb,collection,Bruce-Scripts-Heaven_BAD,classified
sd_card_content/badusb_extra_payloads/collection/Win/directly_ready/Bruce-Scripts-Heaven_BAD/BadUSB-FalsePhilosopher/BashBunny/payloads/library/credentials/BunnyTap/js/ajax.googleapis.com__ajax__libs__jqueryui__1.8.24__jquery-ui.min.js,badusb,collection,Bruce-Scripts-Heaven_BAD,classified
sd_card_content/badusb_extra_payloads/collection/Android/directly_ready/Bruce-Scripts-Heaven_BAD/BadUSB-FalsePhilosopher/BashBunny/payloads/library/credentials/BunnyTap/js/ajax.googleapis.com__ajax__libs__angular_material__0.10.1__angular-material.min.js,badusb,collection,Bruce-Scripts-Heaven_BAD,classified
sd_card_content/badusb_extra_payloads/collection/Android/directly_ready/Bruce-Scripts-Heaven_BAD/BadUSB-FalsePhilosopher/BashBunny/payloads/library/credentials/BunnyTap/js/ajax.googleapis.com__ajax__libs__angular_material__1.0.4__angular-material.min.js,badusb,collection,Bruce-Scripts-Heaven_BAD,classified
sd_card_content/badusb_extra_payloads/collection/Android/directly_ready/Bruce-Scripts-Heaven_BAD/BadUSB-FalsePhilosopher/BashBunny/payloads/library/credentials/BunnyTap/js/ajax.googleapis.com__ajax__libs__angularjs__1.2.26__angular.min.js,badusb,collection,Bruce-Scripts-Heaven_BAD,classified
sd_card_content/badusb_extra_payloads/collection/Android/directly_ready/Bruce-Scripts-Heaven_BAD/BadUSB-FalsePhilosopher/BashBunny/payloads/library/credentials/BunnyTap/js/ajax.googleapis.com__ajax__libs__angularjs__1.2.21__angular.min.js,badusb,collection,Bruce-Scripts-Heaven_BAD,classified
sd_card_content/badusb_extra_payloads/collection/Android/directly_ready/Bruce-Scripts-Heaven_BAD/BadUSB-FalsePhilosopher/BashBunny/payloads/library/credentials/BunnyTap/js/ajax.googleapis.com__ajax__libs__webfont__1.5.2__webfont.js,badusb,collection,Bruce-Scripts-Heaven_BAD,classified
sd_card_content/badusb_extra_payloads/collection/Android/directly_ready/Bruce-Scripts-Heaven_BAD/BadUSB-FalsePhilosopher/BashBunny/payloads/library/credentials/BunnyTap/js/ajax.googleapis.com__ajax__libs__angularjs__1.3.0-beta.7__angular.min.js,badusb,collection,Bruce-Scripts-Heaven_BAD,classified
sd_card_content/badusb_extra_payloads/collection/Win/directly_ready/Bruce-Scripts-Heaven_BAD/BadUSB-FalsePhilosopher/BashBunny/payloads/library/credentials/BunnyTap/js/ajax.googleapis.com__ajax__libs__jqueryui__1.8.18__jquery-ui.min.js,badusb,collection,Bruce-Scripts-Heaven_BAD,classified
sd_card_content/badusb_extra_payloads/collection/Win/directly_ready/Bruce-Scripts-Heaven_BAD/BadUSB-FalsePhilosopher/BashBunny/payloads/library/credentials/BunnyTap/js/ajax.googleapis.com__ajax__libs__jqueryui__1.8.7__jquery-ui.min.js,badusb,collection,Bruce-Scripts-Heaven_BAD,classified
sd_card_content/badusb_extra_payloads/collection/Win/directly_ready/Bruce-Scripts-Heaven_BAD/BadUSB-FalsePhilosopher/BashBunny/payloads/library/credentials/BunnyTap/js/ajax.googleapis.com__ajax__libs__jqueryui__1.9.0__jquery-ui.min.js,badusb,collection,Bruce-Scripts-Heaven_BAD,classified
sd_card_content/badusb_extra_payloads/collection/Win/directly_ready/Bruce-Scripts-Heaven_BAD/BadUSB-FalsePhilosopher/BashBunny/payloads/library/credentials/BunnyTap/js/ajax.googleapis.com__ajax__libs__jquery__1.6.2__jquery.min.js,badusb,collection,Bruce-Scripts-Heaven_BAD,classified
sd_card_content/badusb_extra_payloads/collection/Win/directly_ready/Bruce-Scripts-Heaven_BAD/BadUSB-FalsePhilosopher/BashBunny/payloads/library/credentials/BunnyTap/js/ajax.googleapis.com__ajax__libs__jquery__1.5.0__jquery.min.js,badusb,collection,Bruce-Scripts-Heaven_BAD,classified
sd_card_content/badusb_extra_payloads/collection/Android/directly_ready/Bruce-Scripts-Heaven_BAD/BadUSB-FalsePhilosopher/BashBunny/payloads/library/credentials/BunnyTap/js/ajax.googleapis.com__ajax__libs__angularjs__1.4.0-rc.0__angular.min.js,badusb,collection,Bruce-Scripts-Heaven_BAD,classified
sd_card_content/badusb_extra_payloads/collection/Win/directly_ready/Bruce-Scripts-Heaven_BAD/BadUSB-FalsePhilosopher/BashBunny/payloads/library/credentials/BunnyTap/js/ajax.googleapis.com__ajax__libs__jquery__2.2.2__jquery.min.js,badusb,collection,Bruce-Scripts-Heaven_BAD,classified
sd_card_content/badusb_extra_payloads/collection/Android/directly_ready/Bruce-Scripts-Heaven_BAD/BadUSB-FalsePhilosopher/BashBunny/payloads/library/credentials/BunnyTap/js/ajax.googleapis.com__ajax__libs__angularjs__1.2.24__angular.min.js,badusb,collection,Bruce-Scripts-Heaven_BAD,classified
sd_card_content/badusb_extra_payloads/collection/Win/directly_ready/Bruce-Scripts-Heaven_BAD/BadUSB-FalsePhilosopher/BashBunny/payloads/library/credentials/BunnyTap/js/ajax.googleapis.com__ajax__libs__dojo__1.2.3__dojo__dojo.js,badusb,collection,Bruce-Scripts-Heaven_BAD,classified
sd_card_content/badusb_extra_payloads/collection/Unix-like/macOS/directly_ready/Bruce-Scripts-Heaven_BAD/BadUSB-FalsePhilosopher/BashBunny/payloads/library/credentials/BunnyTap/js/ajax.googleapis.com__ajax__libs__dojo__1.4.3__dojo__dojo.js,badusb,collection,Bruce-Scripts-Heaven_BAD,classified
sd_card_content/badusb_extra_payloads/collection/Android/directly_ready/Bruce-Scripts-Heaven_BAD/BadUSB-FalsePhilosopher/BashBunny/payloads/library/credentials/BunnyTap/js/ajax.googleapis.com__ajax__libs__dojo__1.8.5__dojo__dojo.js,badusb,collection,Bruce-Scripts-Heaven_BAD,classified
sd_card_content/badusb_extra_payloads/collection/Android/directly_ready/Bruce-Scripts-Heaven_BAD/BadUSB-FalsePhilosopher/BashBunny/payloads/library/credentials/BunnyTap/js/ajax.googleapis.com__ajax__libs__dojo__1.10.1__dojo__dojo.js,badusb,collection,Bruce-Scripts-Heaven_BAD,classified
sd_card_content/badusb_extra_payloads/collection/Android/directly_ready/Bruce-Scripts-Heaven_BAD/BadUSB-FalsePhilosopher/BashBunny/payloads/library/credentials/BunnyTap/js/ajax.googleapis.com__ajax__libs__angularjs__1.0.7__angular.min.js,badusb,collection,Bruce-Scripts-Heaven_BAD,classified
sd_card_content/badusb_extra_payloads/collection/Android/directly_ready/Bruce-Scripts-Heaven_BAD/BadUSB-FalsePhilosopher/BashBunny/payloads/library/credentials/BunnyTap/js/ajax.googleapis.com__ajax__libs__angularjs__1.3.0-rc.0__angular.min.js,badusb,collection,Bruce-Scripts-Heaven_BAD,classified
sd_card_content/badusb_extra_payloads/collection/Win/directly_ready/Bruce-Scripts-Heaven_BAD/BadUSB-FalsePhilosopher/BashBunny/payloads/library/credentials/BunnyTap/js/ajax.googleapis.com__ajax__libs__jquery__1.8.0__jquery.min.js,badusb,collection,Bruce-Scripts-Heaven_BAD,classified
sd_card_content/badusb_extra_payloads/collection/Unix-like/macOS/directly_ready/Bruce-Scripts-Heaven_BAD/BadUSB-FalsePhilosopher/BashBunny/payloads/library/credentials/BunnyTap/js/ajax.googleapis.com__ajax__libs__dojo__1.5.0__dojo__dojo.js,badusb,collection,Bruce-Scripts-Heaven_BAD,classified
sd_card_content/badusb_extra_payloads/collection/Android/directly_ready/Bruce-Scripts-Heaven_BAD/BadUSB-FalsePhilosopher/BashBunny/payloads/library/credentials/BunnyTap/js/ajax.googleapis.com__ajax__libs__angularjs__1.4.2__angular.min.js,badusb,collection,Bruce-Scripts-Heaven_BAD,classified
sd_card_content/badusb_extra_payloads/collection/Android/directly_ready/Bruce-Scripts-Heaven_BAD/BadUSB-FalsePhilosopher/BashBunny/payloads/library/credentials/BunnyTap/js/ajax.googleapis.com__ajax__libs__angularjs__1.0.2__angular.min.js,badusb,collection,Bruce-Scripts-Heaven_BAD,classified
sd_card_content/badusb_extra_payloads/collection/Win/directly_ready/Bruce-Scripts-Heaven_BAD/BadUSB-FalsePhilosopher/BashBunny/payloads/library/credentials/BunnyTap/js/ajax.googleapis.com__ajax__libs__spf__2.1.1__spf.js,badusb,collection,Bruce-Scripts-Heaven_BAD,classified
sd_card_content/badusb_extra_payloads/collection/Android/directly_ready/Bruce-Scripts-Heaven_BAD/BadUSB-FalsePhilosopher/BashBunny/payloads/library/credentials/BunnyTap/js/ajax.googleapis.com__ajax__libs__angularjs__1.2.11__angular.min.js,badusb,collection,Bruce-Scripts-Heaven_BAD,classified
sd_card_content/badusb_extra_payloads/collection/Win/directly_ready/Bruce-Scripts-Heaven_BAD/BadUSB-FalsePhilosopher/BashBunny/payloads/library/credentials/BunnyTap/js/ajax.googleapis.com__ajax__libs__jquery__1.6.0__jquery.min.js,badusb,collection,Bruce-Scripts-Heaven_BAD,classified
sd_card_content/badusb_extra_payloads/collection/Android/directly_ready/Bruce-Scripts-Heaven_BAD/BadUSB-FalsePhilosopher/BashBunny/payloads/library/credentials/BunnyTap/js/ajax.googleapis.com__ajax__libs__angularjs__1.4.0-beta.3__angular.min.js,badusb,collection,Bruce-Scripts-Heaven_BAD,classified
sd_card_content/badusb_extra_payloads/collection/Unix-like/macOS/directly_ready/Bruce-Scripts-Heaven_BAD/BadUSB-FalsePhilosopher/BashBunny/payloads/library/credentials/BunnyTap/js/ajax.googleapis.com__ajax__libs__dojo__1.6.0__dojo__dojo.js,badusb,collection,Bruce-Scripts-Heaven_BAD,classified
sd_card_content/badusb_extra_payloads/collection/Win/directly_ready/Bruce-Scripts-Heaven_BAD/BadUSB-FalsePhilosopher/BashBunny/payloads/library/credentials/BunnyTap/js/ajax.googleapis.com__ajax__libs__scriptaculous__1.8.3__scriptaculous.js,badusb,collection,Bruce-Scripts-Heaven_BAD,classified
sd_card_content/badusb_extra_payloads/collection/Android/directly_ready/Bruce-Scripts-Heaven_BAD/BadUSB-FalsePhilosopher/BashBunny/payloads/library/credentials/BunnyTap/js/ajax.googleapis.com__ajax__libs__angular_material__0.10.0__angular-material.min.js,badusb,collection,Bruce-Scripts-Heaven_BAD,classified
sd_card_content/badusb_extra_payloads/collection/Win/directly_ready/Bruce-Scripts-Heaven_BAD/BadUSB-FalsePhilosopher/BashBunny/payloads/library/credentials/BunnyTap/js/ajax.googleapis.com__ajax__libs__jqueryui__1.8.23__jquery-ui.min.js,badusb,collection,Bruce-Scripts-Heaven_BAD,classified
sd_card_content/badusb_extra_payloads/collection/Win/directly_ready/Bruce-Scripts-Heaven_BAD/BadUSB-FalsePhilosopher/BashBunny/payloads/library/credentials/BunnyTap/js/ajax.googleapis.com__ajax__libs__jquery__1.4.2__jquery.min.js,badusb,collection,Bruce-Scripts-Heaven_BAD,classified
sd_card_content/badusb_extra_payloads/collection/Win/directly_ready/Bruce-Scripts-Heaven_BAD/BadUSB-FalsePhilosopher/BashBunny/payloads/library/credentials/BunnyTap/js/ajax.googleapis.com__ajax__libs__jqueryui__1.8.12__jquery-ui.min.js,badusb,collection,Bruce-Scripts-Heaven_BAD,classified
sd_card_content/badusb_extra_payloads/collection/Android/directly_ready/Bruce-Scripts-Heaven_BAD/BadUSB-FalsePhilosopher/BashBunny/payloads/library/credentials/BunnyTap/js/ajax.googleapis.com__ajax__libs__dojo__1.10.3__dojo__dojo.js,badusb,collection,Bruce-Scripts-Heaven_BAD,classified
sd_card_content/badusb_extra_payloads/collection/Unix-like/macOS/directly_ready/Bruce-Scripts-Heaven_BAD/BadUSB-FalsePhilosopher/BashBunny/payloads/library/credentials/BunnyTap/js/ajax.googleapis.com__ajax__libs__dojo__1.4.4__dojo__dojo.js,badusb,collection,Bruce-Scripts-Heaven_BAD,classified
sd_card_content/badusb_extra_payloads/collection/Android/directly_ready/Bruce-Scripts-Heaven_BAD/BadUSB-FalsePhilosopher/BashBunny/payloads/library/credentials/BunnyTap/js/ajax.googleapis.com__ajax__libs__angularjs__1.3.0-beta.5__angular.min.js,badusb,collection,Bruce-Scripts-Heaven_BAD,classified
sd_card_content/badusb_extra_payloads/collection/Win/directly_ready/Bruce-Scripts-Heaven_BAD/BadUSB-FalsePhilosopher/BashBunny/payloads/library/credentials/BunnyTap/js/ajax.googleapis.com__ajax__libs__jqueryui__1.8.19__jquery-ui.min.js,badusb,collection,Bruce-Scripts-Heaven_BAD,classified
sd_card_content/badusb_extra_payloads/collection/Win/directly_ready/Bruce-Scripts-Heaven_BAD/BadUSB-FalsePhilosopher/BashBunny/payloads/library/credentials/BunnyTap/js/ajax.googleapis.com__ajax__libs__jquery__1.8.2__jquery.min.js,badusb,collection,Bruce-Scripts-Heaven_BAD,classified
sd_card_content/badusb_extra_payloads/collection/Win/directly_ready/Bruce-Scripts-Heaven_BAD/BadUSB-FalsePhilosopher/BashBunny/payloads/library/credentials/BunnyTap/js/ajax.googleapis.com__ajax__libs__jqueryui__1.10.3__jquery-ui.min.js,badusb,collection,Bruce-Scripts-Heaven_BAD,classified
sd_card_content/badusb_extra_payloads/collection/Win/directly_ready/Bruce-Scripts-Heaven_BAD/BadUSB-FalsePhilosopher/BashBunny/payloads/library/credentials/BunnyTap/js/ajax.googleapis.com__ajax__libs__jqueryui__1.8.1__jquery-ui.min.js,badusb,collection,Bruce-Scripts-Heaven_BAD,classified
sd_card_content/badusb_extra_payloads/collection/Win/directly_ready/Bruce-Scripts-Heaven_BAD/BadUSB-FalsePhilosopher/BashBunny/payloads/library/credentials/BunnyTap/js/ajax.googleapis.com__ajax__libs__angular_material__0.6.1__angular-material.min.js,badusb,collection,Bruce-Scripts-Heaven_BAD,classified
sd_card_content/badusb_extra_payloads/collection/Android/directly_ready/Bruce-Scripts-Heaven_BAD/BadUSB-FalsePhilosopher/BashBunny/payloads/library/credentials/BunnyTap/js/ajax.googleapis.com__ajax__libs__angularjs__1.3.0__angular.min.js,badusb,collection,Bruce-Scripts-Heaven_BAD,classified
sd_card_content/badusb_extra_payloads/collection/Android/directly_ready/Bruce-Scripts-Heaven_BAD/BadUSB-FalsePhilosopher/BashBunny/payloads/library/credentials/BunnyTap/js/ajax.googleapis.com__ajax__libs__jquerymobile__1.4.4__jquery.mobile.min.js,badusb,collection,Bruce-Scripts-Heaven_BAD,classified
sd_card_content/badusb_extra_payloads/collection/Android/directly_ready/Bruce-Scripts-Heaven_BAD/BadUSB-FalsePhilosopher/BashBunny/payloads/library/credentials/BunnyTap/js/ajax.googleapis.com__ajax__libs__angularjs__1.4.0-beta.0__angular.min.js,badusb,collection,Bruce-Scripts-Heaven_BAD,classified
sd_card_content/badusb_extra_payloads/collection/Android/directly_ready/Bruce-Scripts-Heaven_BAD/BadUSB-FalsePhilosopher/BashBunny/payloads/library/credentials/BunnyTap/js/ajax.googleapis.com__ajax__libs__jquerymobile__1.4.0__jquery.mobile.min.js,badusb,collection,Bruce-Scripts-Heaven_BAD,classified
sd_card_content/badusb_extra_payloads/collection/Android/directly_ready/Bruce-Scripts-Heaven_BAD/BadUSB-FalsePhilosopher/BashBunny/payloads/library/credentials/BunnyTap/js/ajax.googleapis.com__ajax__libs__angularjs__1.2.18__angular.min.js,badusb,collection,Bruce-Scripts-Heaven_BAD,classified
sd_card_content/badusb_extra_payloads/collection/Android/directly_ready/Bruce-Scripts-Heaven_BAD/BadUSB-FalsePhilosopher/BashBunny/payloads/library/credentials/BunnyTap/js/ajax.googleapis.com__ajax__libs__angularjs__1.4.0__angular.min.js,badusb,collection,Bruce-Scripts-Heaven_BAD,classified
sd_card_content/badusb_extra_payloads/collection/Android/directly_ready/Bruce-Scripts-Heaven_BAD/BadUSB-FalsePhilosopher/BashBunny/payloads/library/credentials/BunnyTap/js/ajax.googleapis.com__ajax__libs__dojo__1.7.6__dojo__dojo.js,badusb,collection,Bruce-Scripts-Heaven_BAD,classified
sd_card_content/badusb_extra_payloads/collection/Win/directly_ready/Bruce-Scripts-Heaven_BAD/BadUSB-FalsePhilosopher/BashBunny/payloads/library/credentials/BunnyTap/js/ajax.googleapis.com__ajax__libs__jqueryui__1.7.3__jquery-ui.min.js,badusb,collection,Bruce-Scripts-Heaven_BAD,classified
sd_card_content/badusb_extra_payloads/collection/Win/directly_ready/Bruce-Scripts-Heaven_BAD/BadUSB-FalsePhilosopher/BashBunny/payloads/library/credentials/BunnyTap/js/ajax.googleapis.com__ajax__libs__prototype__1.6.0.3__prototype.js,badusb,collection,Bruce-Scripts-Heaven_BAD,classified
sd_card_content/badusb_extra_payloads/collection/Android/directly_ready/Bruce-Scripts-Heaven_BAD/BadUSB-FalsePhilosopher/BashBunny/payloads/library/credentials/BunnyTap/js/ajax.googleapis.com__ajax__libs__angularjs__1.2.12__angular.min.js,badusb,collection,Bruce-Scripts-Heaven_BAD,classified
sd_card_content/badusb_extra_payloads/collection/Win/directly_ready/Bruce-Scripts-Heaven_BAD/BadUSB-FalsePhilosopher/BashBunny/payloads/library/credentials/BunnyTap/js/ajax.googleapis.com__ajax__libs__jquery__1.12.0__jquery.min.js,badusb,collection,Bruce-Scripts-Heaven_BAD,classified
sd_card_content/badusb_extra_payloads/collection/Android/directly_ready/Bruce-Scripts-Heaven_BAD/BadUSB-FalsePhilosopher/BashBunny/payloads/library/credentials/BunnyTap/js/ajax.googleapis.com__ajax__libs__dojo__1.7.2__dojo__dojo.js,badusb,collection,Bruce-Scripts-Heaven_BAD,classified
sd_card_content/badusb_extra_payloads/collection/Android/directly_ready/Bruce-Scripts-Heaven_BAD/BadUSB-FalsePhilosopher/BashBunny/payloads/library/credentials/BunnyTap/js/ajax.googleapis.com__ajax__libs__angularjs__1.2.2__angular.min.js,badusb,collection,Bruce-Scripts-Heaven_BAD,classified
sd_card_content/badusb_extra_payloads/collection/Win/directly_ready/Bruce-Scripts-Heaven_BAD/BadUSB-FalsePhilosopher/BashBunny/payloads/library/credentials/BunnyTap/js/ajax.googleapis.com__ajax__libs__jqueryui__1.8.8__jquery-ui.min.js,badusb,collection,Bruce-Scripts-Heaven_BAD,classified
sd_card_content/badusb_extra_payloads/collection/Android/directly_ready/Bruce-Scripts-Heaven_BAD/BadUSB-FalsePhilosopher/BashBunny/payloads/library/credentials/BunnyTap/js/ajax.googleapis.com__ajax__libs__angularjs__1.3.6__angular.min.js,badusb,collection,Bruce-Scripts-Heaven_BAD,classified
sd_card_content/badusb_extra_payloads/collection/Win/directly_ready/Bruce-Scripts-Heaven_BAD/BadUSB-FalsePhilosopher/BashBunny/payloads/library/credentials/BunnyTap/js/ajax.googleapis.com__ajax__libs__jquery__1.9.1__jquery.min.js,badusb,collection,Bruce-Scripts-Heaven_BAD,classified
sd_card_content/badusb_extra_payloads/collection/Android/directly_ready/Bruce-Scripts-Heaven_BAD/BadUSB-FalsePhilosopher/BashBunny/payloads/library/credentials/BunnyTap/js/ajax.googleapis.com__ajax__libs__dojo__1.9.5__dojo__dojo.js,badusb,collection,Bruce-Scripts-Heaven_BAD,classified
sd_card_content/badusb_extra_payloads/collection/Unix-like/macOS/directly_ready/Bruce-Scripts-Heaven_BAD/BadUSB-FalsePhilosopher/BashBunny/payloads/library/credentials/BunnyTap/js/ajax.googleapis.com__ajax__libs__dojo__1.5.2__dojo__dojo.js,badusb,collection,Bruce-Scripts-Heaven_BAD,classified
sd_card_content/badusb_extra_payloads/collection/Android/directly_ready/Bruce-Scripts-Heaven_BAD/BadUSB-FalsePhilosopher/BashBunny/payloads/library/credentials/BunnyTap/js/ajax.googleapis.com__ajax__libs__dojo__1.7.7__dojo__dojo.js,badusb,collection,Bruce-Scripts-Heaven_BAD,classified
sd_card_content/badusb_extra_payloads/collection/Android/directly_ready/Bruce-Scripts-Heaven_BAD/BadUSB-FalsePhilosopher/BashBunny/payloads/library/credentials/BunnyTap/js/ajax.googleapis.com__ajax__libs__webfont__1.5.6__webfont.js,badusb,collection,Bruce-Scripts-Heaven_BAD,classified
sd_card_content/badusb_extra_payloads/collection/Android/directly_ready/Bruce-Scripts-Heaven_BAD/BadUSB-FalsePhilosopher/BashBunny/payloads/library/credentials/BunnyTap/js/ajax.googleapis.com__ajax__libs__angularjs__1.2.16__angular.min.js,badusb,collection,Bruce-Scripts-Heaven_BAD,classified
sd_card_content/badusb_extra_payloads/collection/Android/directly_ready/Bruce-Scripts-Heaven_BAD/BadUSB-FalsePhilosopher/BashBunny/payloads/library/credentials/BunnyTap/js/ajax.googleapis.com__ajax__libs__dojo__1.8.8__dojo__dojo.js,badusb,collection,Bruce-Scripts-Heaven_BAD,classified
sd_card_content/badusb_extra_payloads/collection/Win/directly_ready/Bruce-Scripts-Heaven_BAD/BadUSB-FalsePhilosopher/BashBunny/payloads/library/credentials/BunnyTap/js/ajax.googleapis.com__ajax__libs__jquery__1.4.4__jquery.min.js,badusb,collection,Bruce-Scripts-Heaven_BAD,classified
sd_card_content/badusb_extra_payloads/collection/Unix-like/macOS/directly_ready/Bruce-Scripts-Heaven_BAD/BadUSB-FalsePhilosopher/BashBunny/payloads/library/credentials/BunnyTap/js/ajax.googleapis.com__ajax__libs__dojo__1.4.6__dojo__dojo.js,badusb,collection,Bruce-Scripts-Heaven_BAD,classified
sd_card_content/badusb_extra_payloads/collection/Win/directly_ready/Bruce-Scripts-Heaven_BAD/BadUSB-FalsePhilosopher/BashBunny/payloads/library/credentials/BunnyTap/js/ajax.googleapis.com__ajax__libs__jquery__1.11.2__jquery.min.js,badusb,collection,Bruce-Scripts-Heaven_BAD,classified
sd_card_content/badusb_extra_payloads/collection/Android/directly_ready/Bruce-Scripts-Heaven_BAD/BadUSB-FalsePhilosopher/BashBunny/payloads/library/credentials/BunnyTap/js/ajax.googleapis.com__ajax__libs__dojo__1.9.7__dojo__dojo.js,badusb,collection,Bruce-Scripts-Heaven_BAD,classified
sd_card_content/badusb_extra_payloads/collection/Win/directly_ready/Bruce-Scripts-Heaven_BAD/BadUSB-FalsePhilosopher/BashBunny/payloads/library/credentials/BunnyTap/js/ajax.googleapis.com__ajax__libs__jquery__1.12.2__jquery.min.js,badusb,collection,Bruce-Scripts-Heaven_BAD,classified
sd_card_content/badusb_extra_payloads/collection/Android/directly_ready/Bruce-Scripts-Heaven_BAD/BadUSB-FalsePhilosopher/BashBunny/payloads/library/credentials/BunnyTap/js/ajax.googleapis.com__ajax__libs__dojo__1.9.0__dojo__dojo.js,badusb,collection,Bruce-Scripts-Heaven_BAD,classified
sd_card_content/badusb_extra_payloads/collection/Unix-like/macOS/directly_ready/Bruce-Scripts-Heaven_BAD/BadUSB-FalsePhilosopher/BashBunny/payloads/library/credentials/BunnyTap/js/ajax.googleapis.com__ajax__libs__dojo__1.6.3__dojo__dojo.js,badusb,collection,Bruce-Scripts-Heaven_BAD,classified
sd_card_content/badusb_extra_payloads/collection/Android/directly_ready/Bruce-Scripts-Heaven_BAD/BadUSB-FalsePhilosopher/BashBunny/payloads/library/credentials/BunnyTap/js/ajax.googleapis.com__ajax__libs__angularjs__1.3.0-rc.2__angular.min.js,badusb,collection,Bruce-Scripts-Heaven_BAD,classified
sd_card_content/badusb_extra_payloads/collection/Unix-like/macOS/directly_ready/Bruce-Scripts-Heaven_BAD/BadUSB-FalsePhilosopher/BashBunny/payloads/library/credentials/BunnyTap/js/ajax.googleapis.com__ajax__libs__dojo__1.4.5__dojo__dojo.js,badusb,collection,Bruce-Scripts-Heaven_BAD,classified
sd_card_content/badusb_extra_payloads/collection/Android/directly_ready/Bruce-Scripts-Heaven_BAD/BadUSB-FalsePhilosopher/BashBunny/payloads/library/credentials/BunnyTap/js/ajax.googleapis.com__ajax__libs__angularjs__1.3.14__angular.min.js,badusb,collection,Bruce-Scripts-Heaven_BAD,classified
sd_card_content/badusb_extra_payloads/collection/Android/directly_ready/Bruce-Scripts-Heaven_BAD/BadUSB-FalsePhilosopher/BashBunny/payloads/library/credentials/BunnyTap/js/ajax.googleapis.com__ajax__libs__angularjs__1.3.10__angular.min.js,badusb,collection,Bruce-Scripts-Heaven_BAD,classified
sd_card_content/badusb_extra_payloads/collection/Android/directly_ready/Bruce-Scripts-Heaven_BAD/BadUSB-FalsePhilosopher/BashBunny/payloads/library/credentials/BunnyTap/js/ajax.googleapis.com__ajax__libs__angularjs__1.4.0-rc.2__angular.min.js,badusb,collection,Bruce-Scripts-Heaven_BAD,classified
sd_card_content/badusb_extra_payloads/collection/Win/directly_ready/Bruce-Scripts-Heaven_BAD/BadUSB-FalsePhilosopher/BashBunny/payloads/library/credentials/BunnyTap/js/ajax.googleapis.com__ajax__libs__jqueryui__1.11.0__jquery-ui.min.js,badusb,collection,Bruce-Scripts-Heaven_BAD,classified
sd_card_content/badusb_extra_payloads/collection/Win/directly_ready/Bruce-Scripts-Heaven_BAD/BadUSB-FalsePhilosopher/BashBunny/payloads/library/credentials/BunnyTap/js/ajax.googleapis.com__ajax__libs__prototype__1.6.1.0__prototype.js,badusb,collection,Bruce-Scripts-Heaven_BAD,classified
sd_card_content/badusb_extra_payloads/collection/Android/directly_ready/Bruce-Scripts-Heaven_BAD/BadUSB-FalsePhilosopher/BashBunny/payloads/library/credentials/BunnyTap/js/ajax.googleapis.com__ajax__libs__angularjs__1.0.3__angular.min.js,badusb,collection,Bruce-Scripts-Heaven_BAD,classified
sd_card_content/badusb_extra_payloads/collection/Win/directly_ready/Bruce-Scripts-Heaven_BAD/BadUSB-FalsePhilosopher/BashBunny/payloads/library/credentials/BunnyTap/js/ajax.googleapis.com__ajax__libs__jquery__1.4.0__jquery.min.js,badusb,collection,Bruce-Scripts-Heaven_BAD,classified
sd_card_content/badusb_extra_payloads/collection/Android/directly_ready/Bruce-Scripts-Heaven_BAD/BadUSB-FalsePhilosopher/BashBunny/payloads/library/credentials/BunnyTap/js/ajax.googleapis.com__ajax__libs__webfont__1.5.10__webfont.js,badusb,collection,Bruce-Scripts-Heaven_BAD,classified
sd_card_content/badusb_extra_payloads/collection/Win/directly_ready/Bruce-Scripts-Heaven_BAD/BadUSB-FalsePhilosopher/BashBunny/payloads/library/credentials/BunnyTap/js/ajax.googleapis.com__ajax__libs__jqueryui__1.8.22__jquery-ui.min.js,badusb,collection,Bruce-Scripts-Heaven_BAD,classified
sd_card_content/badusb_extra_payloads/collection/Win/directly_ready/Bruce-Scripts-Heaven_BAD/BadUSB-FalsePhilosopher/BashBunny/payloads/library/credentials/BunnyTap/js/ajax.googleapis.com__ajax__libs__jqueryui__1.7.0__jquery-ui.min.js,badusb,collection,Bruce-Scripts-Heaven_BAD,classified
sd_card_content/badusb_extra_payloads/collection/Win/directly_ready/Bruce-Scripts-Heaven_BAD/BadUSB-FalsePhilosopher/BashBunny/payloads/library/credentials/BunnyTap/js/ajax.googleapis.com__ajax__libs__angular_material__0.7.0__angular-material.min.js,badusb,collection,Bruce-Scripts-Heaven_BAD,classified
sd_card_content/badusb_extra_payloads/collection/Android/directly_ready/Bruce-Scripts-Heaven_BAD/BadUSB-FalsePhilosopher/BashBunny/payloads/library/credentials/BunnyTap/js/ajax.googleapis.com__ajax__libs__angularjs__1.3.0-beta.13__angular.min.js,badusb,collection,Bruce-Scripts-Heaven_BAD,classified
sd_card_content/badusb_extra_payloads/collection/Win/directly_ready/Bruce-Scripts-Heaven_BAD/BadUSB-FalsePhilosopher/BashBunny/payloads/library/credentials/BunnyTap/js/ajax.googleapis.com__ajax__libs__jquery__2.1.0__jquery.min.js,badusb,collection,Bruce-Scripts-Heaven_BAD,classified
sd_card_content/badusb_extra_payloads/collection/Android/directly_ready/Bruce-Scripts-Heaven_BAD/BadUSB-FalsePhilosopher/BashBunny/payloads/library/credentials/BunnyTap/js/ajax.googleapis.com__ajax__libs__angularjs__1.4.8__angular.min.js,badusb,collection,Bruce-Scripts-Heaven_BAD,classified
sd_card_content/badusb_extra_payloads/collection/Unix-like/macOS/directly_ready/Bruce-Scripts-Heaven_BAD/BadUSB-FalsePhilosopher/BashBunny/payloads/library/credentials/BunnyTap/js/ajax.googleapis.com__ajax__libs__dojo__1.6.2__dojo__dojo.js,badusb,collection,Bruce-Scripts-Heaven_BAD,classified
sd_card_content/badusb_extra_payloads/collection/Win/directly_ready/Bruce-Scripts-Heaven_BAD/BadUSB-FalsePhilosopher/BashBunny/payloads/library/credentials/BunnyTap/js/ajax.googleapis.com__ajax__libs__prototype__1.7.3.0__prototype.js,badusb,collection,Bruce-Scripts-Heaven_BAD,classified
sd_card_content/badusb_extra_payloads/collection/Android/directly_ready/Bruce-Scripts-Heaven_BAD/BadUSB-FalsePhilosopher/BashBunny/payloads/library/credentials/BunnyTap/js/ajax.googleapis.com__ajax__libs__angularjs__1.3.0-beta.9__angular.min.js,badusb,collection,Bruce-Scripts-Heaven_BAD,classified
sd_card_content/badusb_extra_payloads/collection/Android/directly_ready/Bruce-Scripts-Heaven_BAD/BadUSB-FalsePhilosopher/BashBunny/payloads/library/credentials/BunnyTap/js/ajax.googleapis.com__ajax__libs__dojo__1.10.0__dojo__dojo.js,badusb,collection,Bruce-Scripts-Heaven_BAD,classified
sd_card_content/badusb_extra_payloads/collection/Win/directly_ready/Bruce-Scripts-Heaven_BAD/BadUSB-FalsePhilosopher/BashBunny/payloads/library/credentials/BunnyTap/js/ajax.googleapis.com__ajax__libs__jqueryui__1.8.6__jquery-ui.min.js,badusb,collection,Bruce-Scripts-Heaven_BAD,classified
sd_card_content/badusb_extra_payloads/collection/Win/directly_ready/Bruce-Scripts-Heaven_BAD/BadUSB-FalsePhilosopher/BashBunny/payloads/library/credentials/BunnyTap/js/ajax.googleapis.com__ajax__libs__jquery__1.10.0__jquery.min.js,badusb,collection,Bruce-Scripts-Heaven_BAD,classified
sd_card_content/badusb_extra_payloads/collection/Android/directly_ready/Bruce-Scripts-Heaven_BAD/BadUSB-FalsePhilosopher/BashBunny/payloads/library/credentials/BunnyTap/js/ajax.googleapis.com__ajax__libs__angular_material__1.0.5__angular-material.min.js,badusb,collection,Bruce-Scripts-Heaven_BAD,classified
sd_card_content/badusb_extra_payloads/collection/Win/directly_ready/Bruce-Scripts-Heaven_BAD/BadUSB-FalsePhilosopher/BashBunny/payloads/library/credentials/BunnyTap/js/ajax.googleapis.com__ajax__libs__jquery__1.9.0__jquery.min.js,badusb,collection,Bruce-Scripts-Heaven_BAD,classified
sd_card_content/badusb_extra_payloads/collection/Android/directly_ready/Bruce-Scripts-Heaven_BAD/BadUSB-FalsePhilosopher/BashBunny/payloads/library/credentials/BunnyTap/js/ajax.googleapis.com__ajax__libs__angularjs__1.2.14__angular.min.js,badusb,collection,Bruce-Scripts-Heaven_BAD,classified
sd_card_content/badusb_extra_payloads/collection/Android/directly_ready/Bruce-Scripts-Heaven_BAD/BadUSB-FalsePhilosopher/BashBunny/payloads/library/credentials/BunnyTap/js/ajax.googleapis.com__ajax__libs__angularjs__1.2.15__angular.min.js,badusb,collection,Bruce-Scripts-Heaven_BAD,classified
sd_card_content/badusb_extra_payloads/collection/Win/directly_ready/Bruce-Scripts-Heaven_BAD/BadUSB-FalsePhilosopher/BashBunny/payloads/library/credentials/BunnyTap/js/ajax.googleapis.com__ajax__libs__threejs__r69__three.min.js,badusb,collection,Bruce-Scripts-Heaven_BAD,classified
sd_card_content/badusb_extra_payloads/collection/Android/directly_ready/Bruce-Scripts-Heaven_BAD/BadUSB-FalsePhilosopher/BashBunny/payloads/library/credentials/BunnyTap/js/ajax.googleapis.com__ajax__libs__angularjs__1.3.0-beta.16__angular.min.js,badusb,collection,Bruce-Scripts-Heaven_BAD,classified
sd_card_content/badusb_extra_payloads/collection/Win/directly_ready/Bruce-Scripts-Heaven_BAD/BadUSB-FalsePhilosopher/BashBunny/payloads/library/credentials/Bunnyhound/payload.txt,badusb,collection,Bruce-Scripts-Heaven_BAD,classified
sd_card_content/badusb_extra_payloads/collection/Win/directly_ready/Bruce-Scripts-Heaven_BAD/BadUSB-FalsePhilosopher/BashBunny/payloads/library/credentials/DumpCreds/payload.txt,badusb,collection,Bruce-Scripts-Heaven_BAD,classified
sd_card_content/badusb_extra_payloads/collection/Win/directly_ready/Bruce-Scripts-Heaven_BAD/BadUSB-FalsePhilosopher/BashBunny/payloads/library/credentials/WiPassDump/payload.txt,badusb,collection,Bruce-Scripts-Heaven_BAD,classified
sd_card_content/badusb_extra_payloads/collection/Win/directly_ready/Bruce-Scripts-Heaven_BAD/BadUSB-FalsePhilosopher/BashBunny/payloads/library/credentials/Jackalope/payload.txt,badusb,collection,Bruce-Scripts-Heaven_BAD,classified
sd_card_content/badusb_extra_payloads/collection/Win/directly_ready/Bruce-Scripts-Heaven_BAD/BadUSB-FalsePhilosopher/BashBunny/payloads/library/credentials/Jackalope/userlist.txt,badusb,collection,Bruce-Scripts-Heaven_BAD,classified
sd_card_content/badusb_extra_payloads/collection/Win/directly_ready/Bruce-Scripts-Heaven_BAD/BadUSB-FalsePhilosopher/BashBunny/payloads/library/credentials/Jackalope/wordlist.txt,badusb,collection,Bruce-Scripts-Heaven_BAD,classified
sd_card_content/badusb_extra_payloads/collection/Android/directly_ready/Bruce-Scripts-Heaven_BAD/BadUSB-FalsePhilosopher/BashBunny/payloads/library/credentials/ducked/procdump.txt,badusb,collection,Bruce-Scripts-Heaven_BAD,classified
sd_card_content/badusb_extra_payloads/collection/Win/directly_ready/Bruce-Scripts-Heaven_BAD/BadUSB-FalsePhilosopher/BashBunny/payloads/library/credentials/ducked/duck_code.txt,badusb,collection,Bruce-Scripts-Heaven_BAD,classified
sd_card_content/badusb_extra_payloads/collection/Win/directly_ready/Bruce-Scripts-Heaven_BAD/BadUSB-FalsePhilosopher/BashBunny/payloads/library/credentials/ducked/payload.txt,badusb,collection,Bruce-Scripts-Heaven_BAD,classified
sd_card_content/badusb_extra_payloads/collection/Win/directly_ready/Bruce-Scripts-Heaven_BAD/BadUSB-FalsePhilosopher/BashBunny/payloads/library/credentials/BunnyLogger/payload.txt,badusb,collection,Bruce-Scripts-Heaven_BAD,classified
sd_card_content/badusb_extra_payloads/collection/Win/directly_ready/Bruce-Scripts-Heaven_BAD/BadUSB-FalsePhilosopher/BashBunny/payloads/library/credentials/WifiPass/payload.txt,badusb,collection,Bruce-Scripts-Heaven_BAD,classified
sd_card_content/badusb_extra_payloads/collection/Unix-like/macOS/directly_ready/Bruce-Scripts-Heaven_BAD/BadUSB-FalsePhilosopher/BashBunny/payloads/library/credentials/QuickCreds/payload.txt,badusb,collection,Bruce-Scripts-Heaven_BAD,classified
sd_card_content/badusb_extra_payloads/collection/Win/directly_ready/Bruce-Scripts-Heaven_BAD/BadUSB-FalsePhilosopher/BashBunny/payloads/library/credentials/BruteBunny/passwords.txt,badusb,collection,Bruce-Scripts-Heaven_BAD,classified
sd_card_content/badusb_extra_payloads/collection/Win/directly_ready/Bruce-Scripts-Heaven_BAD/BadUSB-FalsePhilosopher/BashBunny/payloads/library/credentials/BruteBunny/payload.txt,badusb,collection,Bruce-Scripts-Heaven_BAD,classified
sd_card_content/badusb_extra_payloads/collection/Win/directly_ready/Bruce-Scripts-Heaven_BAD/BadUSB-FalsePhilosopher/BashBunny/payloads/library/credentials/bushingsBlueTurtle/shell.py,badusb,collection,Bruce-Scripts-Heaven_BAD,classified
sd_card_content/badusb_extra_payloads/collection/Win/directly_ready/Bruce-Scripts-Heaven_BAD/BadUSB-FalsePhilosopher/BashBunny/payloads/library/credentials/bushingsBlueTurtle/blueTurtle.py,badusb,collection,Bruce-Scripts-Heaven_BAD,classified
sd_card_content/badusb_extra_payloads/collection/Unix-like/macOS/directly_ready/Bruce-Scripts-Heaven_BAD/BadUSB-FalsePhilosopher/BashBunny/payloads/library/credentials/bushingsBlueTurtle/payload.txt,badusb,collection,Bruce-Scripts-Heaven_BAD,classified
sd_card_content/badusb_extra_payloads/collection/Win/directly_ready/Bruce-Scripts-Heaven_BAD/BadUSB-FalsePhilosopher/BashBunny/payloads/library/credentials/bushingsBlueTurtle/shellSmuggler.py,badusb,collection,Bruce-Scripts-Heaven_BAD,classified
sd_card_content/badusb_extra_payloads/collection/Win/directly_ready/Bruce-Scripts-Heaven_BAD/BadUSB-FalsePhilosopher/BashBunny/payloads/library/credentials/WifiGrabber/ducky_script.txt,badusb,collection,Bruce-Scripts-Heaven_BAD,classified
sd_card_content/badusb_extra_payloads/collection/Win/directly_ready/Bruce-Scripts-Heaven_BAD/BadUSB-FalsePhilosopher/BashBunny/payloads/library/credentials/WifiGrabber/payload.txt,badusb,collection,Bruce-Scripts-Heaven_BAD,classified
sd_card_content/badusb_extra_payloads/collection/Win/directly_ready/Bruce-Scripts-Heaven_BAD/BadUSB-FalsePhilosopher/BashBunny/payloads/library/credentials/MiniDumpBunny/payload.txt,badusb,collection,Bruce-Scripts-Heaven_BAD,classified
sd_card_content/badusb_extra_payloads/collection/Win/directly_ready/Bruce-Scripts-Heaven_BAD/BadUSB-FalsePhilosopher/BashBunny/payloads/library/credentials/FireSnatcher/payload.txt,badusb,collection,Bruce-Scripts-Heaven_BAD,classified
sd_card_content/badusb_extra_payloads/collection/Win/directly_ready/Bruce-Scripts-Heaven_BAD/BadUSB-FalsePhilosopher/BashBunny/payloads/library/credentials/ProcDumpBunny/payload.txt,badusb,collection,Bruce-Scripts-Heaven_BAD,classified
sd_card_content/badusb_extra_payloads/collection/Win/directly_ready/Bruce-Scripts-Heaven_BAD/BadUSB-FalsePhilosopher/BashBunny/payloads/library/credentials/SessionBunny/payload.txt,badusb,collection,Bruce-Scripts-Heaven_BAD,classified
sd_card_content/badusb_extra_payloads/data_exfiltration/Win/directly_ready/Bruce-Scripts-Heaven_BAD/BadUSB-FalsePhilosopher/BashBunny/payloads/library/exfiltration/Win_PoSH_ReadItOut/payload.txt,badusb,data_exfiltration,Bruce-Scripts-Heaven_BAD,classified
sd_card_content/badusb_extra_payloads/data_exfiltration/Win/directly_ready/Bruce-Scripts-Heaven_BAD/BadUSB-FalsePhilosopher/BashBunny/payloads/library/exfiltration/WIN_PoSH_HKU_RegBackUp/payload.txt,badusb,data_exfiltration,Bruce-Scripts-Heaven_BAD,classified
sd_card_content/badusb_extra_payloads/data_exfiltration/Win/directly_ready/Bruce-Scripts-Heaven_BAD/BadUSB-FalsePhilosopher/BashBunny/payloads/library/exfiltration/keecopy/payload.txt,badusb,data_exfiltration,Bruce-Scripts-Heaven_BAD,classified
sd_card_content/badusb_extra_payloads/data_exfiltration/Win/directly_ready/Bruce-Scripts-Heaven_BAD/BadUSB-FalsePhilosopher/BashBunny/payloads/library/exfiltration/imagesOfYore/payload.txt,badusb,data_exfiltration,Bruce-Scripts-Heaven_BAD,classified
sd_card_content/badusb_extra_payloads/data_exfiltration/Win/directly_ready/Bruce-Scripts-Heaven_BAD/BadUSB-FalsePhilosopher/BashBunny/payloads/library/exfiltration/WifiSnatch/payload.txt,badusb,data_exfiltration,Bruce-Scripts-Heaven_BAD,classified
sd_card_content/badusb_extra_payloads/data_exfiltration/Win/directly_ready/Bruce-Scripts-Heaven_BAD/BadUSB-FalsePhilosopher/BashBunny/payloads/library/exfiltration/WifiSnatch/exfil.txt,badusb,data_exfiltration,Bruce-Scripts-Heaven_BAD,classified
sd_card_content/badusb_extra_payloads/data_exfiltration/Win/directly_ready/Bruce-Scripts-Heaven_BAD/BadUSB-FalsePhilosopher/BashBunny/payloads/library/exfiltration/optical-exfiltration/payload.txt,badusb,data_exfiltration,Bruce-Scripts-Heaven_BAD,classified
sd_card_content/badusb_extra_payloads/social_engineering/Win/directly_ready/Bruce-Scripts-Heaven_BAD/BadUSB-FalsePhilosopher/BashBunny/payloads/library/exfiltration/USB_Exfil_with_Fake_Update _and_force-reboot/payload.txt,badusb,social_engineering,Bruce-Scripts-Heaven_BAD,classified
sd_card_content/badusb_extra_payloads/data_exfiltration/Win/directly_ready/Bruce-Scripts-Heaven_BAD/BadUSB-FalsePhilosopher/BashBunny/payloads/library/exfiltration/BlackBackup/payload.txt,badusb,data_exfiltration,Bruce-Scripts-Heaven_BAD,classified
sd_card_content/badusb_extra_payloads/data_exfiltration/Win/directly_ready/Bruce-Scripts-Heaven_BAD/BadUSB-FalsePhilosopher/BashBunny/payloads/library/exfiltration/Powershell_TCP_Extractor/payload.txt,badusb,data_exfiltration,Bruce-Scripts-Heaven_BAD,classified
sd_card_content/badusb_extra_payloads/data_exfiltration/Win/configuration_needed/Bruce-Scripts-Heaven_BAD/BadUSB-FalsePhilosopher/BashBunny/payloads/library/exfiltration/SanDisk-Wireless-Stick_Exfiltration/payload.txt,badusb,data_exfiltration,Bruce-Scripts-Heaven_BAD,classified
sd_card_content/badusb_extra_payloads/data_exfiltration/Win/directly_ready/Bruce-Scripts-Heaven_BAD/BadUSB-FalsePhilosopher/BashBunny/payloads/library/exfiltration/BLE_EXFIL_DEMO/payload.txt,badusb,data_exfiltration,Bruce-Scripts-Heaven_BAD,classified
sd_card_content/badusb_extra_payloads/data_exfiltration/Win/directly_ready/Bruce-Scripts-Heaven_BAD/BadUSB-FalsePhilosopher/BashBunny/payloads/library/exfiltration/simple-usb-extractor/payload.txt,badusb,data_exfiltration,Bruce-Scripts-Heaven_BAD,classified
sd_card_content/badusb_extra_payloads/data_exfiltration/Win/directly_ready/Bruce-Scripts-Heaven_BAD/BadUSB-FalsePhilosopher/BashBunny/payloads/library/exfiltration/HiveNightmare/payload.txt,badusb,data_exfiltration,Bruce-Scripts-Heaven_BAD,classified
sd_card_content/badusb_extra_payloads/data_exfiltration/Win/directly_ready/Bruce-Scripts-Heaven_BAD/BadUSB-FalsePhilosopher/BashBunny/payloads/library/exfiltration/ftp_exfiltrator/payload.txt,badusb,data_exfiltration,Bruce-Scripts-Heaven_BAD,classified
sd_card_content/badusb_extra_payloads/data_exfiltration/Win/directly_ready/Bruce-Scripts-Heaven_BAD/BadUSB-FalsePhilosopher/BashBunny/payloads/library/exfiltration/SmartDataThief_Exfiltrator/payload.txt,badusb,data_exfiltration,Bruce-Scripts-Heaven_BAD,classified
sd_card_content/badusb_extra_payloads/data_exfiltration/Win/directly_ready/Bruce-Scripts-Heaven_BAD/BadUSB-FalsePhilosopher/BashBunny/payloads/library/exfiltration/SmartFileExtract_Exfiltrator/setup.txt,badusb,data_exfiltration,Bruce-Scripts-Heaven_BAD,classified
sd_card_content/badusb_extra_payloads/data_exfiltration/Win/directly_ready/Bruce-Scripts-Heaven_BAD/BadUSB-FalsePhilosopher/BashBunny/payloads/library/exfiltration/SmartFileExtract_Exfiltrator/payload.txt,badusb,data_exfiltration,Bruce-Scripts-Heaven_BAD,classified
sd_card_content/badusb_extra_payloads/data_exfiltration/Unix-like/Linux/directly_ready/Bruce-Scripts-Heaven_BAD/BadUSB-FalsePhilosopher/BashBunny/payloads/library/exfiltration/intel/payload.txt,badusb,data_exfiltration,Bruce-Scripts-Heaven_BAD,classified
sd_card_content/badusb_extra_payloads/data_exfiltration/Win/directly_ready/Bruce-Scripts-Heaven_BAD/BadUSB-FalsePhilosopher/BashBunny/payloads/library/exfiltration/usb_exfiltrator/payload.txt,badusb,data_exfiltration,Bruce-Scripts-Heaven_BAD,classified
sd_card_content/badusb_extra_payloads/data_exfiltration/Win/directly_ready/Bruce-Scripts-Heaven_BAD/BadUSB-FalsePhilosopher/BashBunny/payloads/library/exfiltration/dropbox-exfiltrator/payload.txt,badusb,data_exfiltration,Bruce-Scripts-Heaven_BAD,classified
sd_card_content/badusb_extra_payloads/data_exfiltration/Win/directly_ready/Bruce-Scripts-Heaven_BAD/BadUSB-FalsePhilosopher/BashBunny/payloads/library/exfiltration/smb_exfiltrator/payload.txt,badusb,data_exfiltration,Bruce-Scripts-Heaven_BAD,classified
sd_card_content/badusb_extra_payloads/data_exfiltration/Unix-like/macOS/directly_ready/Bruce-Scripts-Heaven_BAD/BadUSB-FalsePhilosopher/BashBunny/payloads/library/exfiltration/MacPDFExfil/payload.txt,badusb,data_exfiltration,Bruce-Scripts-Heaven_BAD,classified
sd_card_content/badusb_extra_payloads/data_exfiltration/Win/directly_ready/Bruce-Scripts-Heaven_BAD/BadUSB-FalsePhilosopher/BashBunny/payloads/library/exfiltration/FileInfoExfil/ducky_script.txt,badusb,data_exfiltration,Bruce-Scripts-Heaven_BAD,classified
sd_card_content/badusb_extra_payloads/data_exfiltration/Win/directly_ready/Bruce-Scripts-Heaven_BAD/BadUSB-FalsePhilosopher/BashBunny/payloads/library/exfiltration/FileInfoExfil/payload.txt,badusb,data_exfiltration,Bruce-Scripts-Heaven_BAD,classified
sd_card_content/badusb_extra_payloads/data_exfiltration/Win/directly_ready/Bruce-Scripts-Heaven_BAD/BadUSB-FalsePhilosopher/BashBunny/payloads/library/exfiltration/WIN_PoSH_SaveSecurityHive/payload.txt,badusb,data_exfiltration,Bruce-Scripts-Heaven_BAD,classified
sd_card_content/badusb_extra_payloads/data_exfiltration/Win/directly_ready/Bruce-Scripts-Heaven_BAD/BadUSB-FalsePhilosopher/BashBunny/payloads/library/exfiltration/Win_HID_BackupKeyManager/payload.txt,badusb,data_exfiltration,Bruce-Scripts-Heaven_BAD,classified
sd_card_content/badusb_extra_payloads/data_exfiltration/Win/directly_ready/Bruce-Scripts-Heaven_BAD/BadUSB-FalsePhilosopher/BashBunny/payloads/library/exfiltration/browserData/payload.txt,badusb,data_exfiltration,Bruce-Scripts-Heaven_BAD,classified
sd_card_content/badusb_extra_payloads/data_exfiltration/Unix-like/macOS/directly_ready/Bruce-Scripts-Heaven_BAD/BadUSB-FalsePhilosopher/BashBunny/payloads/library/exfiltration/TwoStageMac/payload.txt,badusb,data_exfiltration,Bruce-Scripts-Heaven_BAD,classified
sd_card_content/badusb_extra_payloads/data_exfiltration/Unix-like/macOS/directly_ready/Bruce-Scripts-Heaven_BAD/BadUSB-FalsePhilosopher/BashBunny/payloads/library/exfiltration/SmacAndGrab/payload.txt,badusb,data_exfiltration,Bruce-Scripts-Heaven_BAD,classified
sd_card_content/badusb_extra_payloads/reconnaissance/Win/directly_ready/Bruce-Scripts-Heaven_BAD/BadUSB-FalsePhilosopher/BashBunny/payloads/library/recon/-BB-ADV-Recon/payload.txt,badusb,reconnaissance,Bruce-Scripts-Heaven_BAD,classified
sd_card_content/badusb_extra_payloads/collection/Unix-like/Linux/directly_ready/Bruce-Scripts-Heaven_BAD/BadUSB-FalsePhilosopher/BashBunny/payloads/library/recon/LinuxInfoGrabber/payload.txt,badusb,collection,Bruce-Scripts-Heaven_BAD,classified
sd_card_content/badusb_extra_payloads/reconnaissance/Unix-like/macOS/directly_ready/Bruce-Scripts-Heaven_BAD/BadUSB-FalsePhilosopher/BashBunny/payloads/library/recon/nmapper/payload.txt,badusb,reconnaissance,Bruce-Scripts-Heaven_BAD,classified
sd_card_content/badusb_extra_payloads/reconnaissance/Win/directly_ready/Bruce-Scripts-Heaven_BAD/BadUSB-FalsePhilosopher/BashBunny/payloads/library/recon/Link_File_analysis/payload.txt,badusb,reconnaissance,Bruce-Scripts-Heaven_BAD,classified
sd_card_content/badusb_extra_payloads/reconnaissance/Win/directly_ready/Bruce-Scripts-Heaven_BAD/BadUSB-FalsePhilosopher/BashBunny/payloads/library/recon/Win_PoSH_WordReport/payload.txt,badusb,reconnaissance,Bruce-Scripts-Heaven_BAD,classified
sd_card_content/badusb_extra_payloads/reconnaissance/Unix-like/macOS/directly_ready/Bruce-Scripts-Heaven_BAD/BadUSB-FalsePhilosopher/BashBunny/payloads/library/recon/MacProfiler/payload.txt,badusb,reconnaissance,Bruce-Scripts-Heaven_BAD,classified
sd_card_content/badusb_extra_payloads/collection/Win/directly_ready/Bruce-Scripts-Heaven_BAD/BadUSB-FalsePhilosopher/BashBunny/payloads/library/recon/InfoGrabber/payload.txt,badusb,collection,Bruce-Scripts-Heaven_BAD,classified
sd_card_content/badusb_extra_payloads/reconnaissance/Unix-like/macOS/directly_ready/Bruce-Scripts-Heaven_BAD/BadUSB-FalsePhilosopher/BashBunny/payloads/library/recon/MacGetUsers/payload.txt,badusb,reconnaissance,Bruce-Scripts-Heaven_BAD,classified
sd_card_content/badusb_extra_payloads/collection/Win/directly_ready/Bruce-Scripts-Heaven_BAD/BadUSB-FalsePhilosopher/BashBunny/payloads/library/recon/sFTP_Directory_Grabber/payload.txt,badusb,collection,Bruce-Scripts-Heaven_BAD,classified
sd_card_content/badusb_extra_payloads/reconnaissance/Win/directly_ready/Bruce-Scripts-Heaven_BAD/BadUSB-FalsePhilosopher/BashBunny/payloads/library/recon/rdp_checker/payload.txt,badusb,reconnaissance,Bruce-Scripts-Heaven_BAD,classified
sd_card_content/badusb_extra_payloads/reconnaissance/Win/directly_ready/Bruce-Scripts-Heaven_BAD/BadUSB-FalsePhilosopher/BashBunny/payloads/library/recon/ProcessInfo/payload.txt,badusb,reconnaissance,Bruce-Scripts-Heaven_BAD,classified
sd_card_content/badusb_extra_payloads/reconnaissance/Win/directly_ready/Bruce-Scripts-Heaven_BAD/BadUSB-FalsePhilosopher/BashBunny/payloads/library/recon/GetServicePerm/payload.txt,badusb,reconnaissance,Bruce-Scripts-Heaven_BAD,classified
sd_card_content/badusb_extra_payloads/social_engineering/Win/directly_ready/Bruce-Scripts-Heaven_BAD/BadUSB-FalsePhilosopher/BashBunny/payloads/library/phishing/Powershell_Local_DNS_Poisoning/payload.txt,badusb,social_engineering,Bruce-Scripts-Heaven_BAD,classified
sd_card_content/badusb_extra_payloads/social_engineering/Unix-like/macOS/directly_ready/Bruce-Scripts-Heaven_BAD/BadUSB-FalsePhilosopher/BashBunny/payloads/library/phishing/MacPhish/payload.txt,badusb,social_engineering,Bruce-Scripts-Heaven_BAD,classified
sd_card_content/badusb_extra_payloads/social_engineering/Unix-like/Linux/directly_ready/Bruce-Scripts-Heaven_BAD/BadUSB-FalsePhilosopher/BashBunny/payloads/library/phishing/fake-sudo/payload.txt,badusb,social_engineering,Bruce-Scripts-Heaven_BAD,classified
sd_card_content/badusb_extra_payloads/social_engineering/Win/directly_ready/Bruce-Scripts-Heaven_BAD/BadUSB-FalsePhilosopher/BashBunny/payloads/library/phishing/windows10_fakelogonscreen/payload.txt,badusb,social_engineering,Bruce-Scripts-Heaven_BAD,classified
sd_card_content/badusb_extra_payloads/social_engineering/Win/directly_ready/Bruce-Scripts-Heaven_BAD/BadUSB-FalsePhilosopher/BashBunny/payloads/library/phishing/windows10_fakelogonscreen/phishing_files/assets/js/dispatch.js,badusb,social_engineering,Bruce-Scripts-Heaven_BAD,classified
sd_card_content/badusb_extra_payloads/social_engineering/Win/directly_ready/Bruce-Scripts-Heaven_BAD/BadUSB-FalsePhilosopher/BashBunny/payloads/library/phishing/windows10_fakelogonscreen/phishing_files/assets/js/fullscreen.js,badusb,social_engineering,Bruce-Scripts-Heaven_BAD,classified
sd_card_content/badusb_extra_payloads/social_engineering/Win/directly_ready/Bruce-Scripts-Heaven_BAD/BadUSB-FalsePhilosopher/BashBunny/payloads/library/phishing/windows10_fakelogonscreen/phishing_files/assets/js/randomwall.js,badusb,social_engineering,Bruce-Scripts-Heaven_BAD,classified
sd_card_content/badusb_extra_payloads/social_engineering/Win/directly_ready/Bruce-Scripts-Heaven_BAD/BadUSB-FalsePhilosopher/BashBunny/payloads/library/phishing/windows10_fakelogonscreen/phishing_files/assets/js/rightclick.js,badusb,social_engineering,Bruce-Scripts-Heaven_BAD,classified
sd_card_content/badusb_extra_payloads/social_engineering/Win/directly_ready/Bruce-Scripts-Heaven_BAD/BadUSB-FalsePhilosopher/BashBunny/payloads/library/phishing/Local_DNS_Poisoning/payload.txt,badusb,social_engineering,Bruce-Scripts-Heaven_BAD,classified
sd_card_content/badusb_extra_payloads/social_engineering/Unix-like/macOS/directly_ready/Bruce-Scripts-Heaven_BAD/BadUSB-FalsePhilosopher/BashBunny/payloads/library/phishing/dns_poisoning_mac/payload.txt,badusb,social_engineering,Bruce-Scripts-Heaven_BAD,classified
sd_card_content/badusb_extra_payloads/social_engineering/Win/directly_ready/Bruce-Scripts-Heaven_BAD/BadUSB-FalsePhilosopher/BashBunny/payloads/library/phishing/windows_browser-in-the-browser/payload.txt,badusb,social_engineering,Bruce-Scripts-Heaven_BAD,classified
sd_card_content/badusb_extra_payloads/social_engineering/Win/directly_ready/Bruce-Scripts-Heaven_BAD/BadUSB-FalsePhilosopher/BashBunny/payloads/library/phishing/windows_browser-in-the-browser/phishing_files/assets/js/dispatch.js,badusb,social_engineering,Bruce-Scripts-Heaven_BAD,classified
sd_card_content/badusb_extra_payloads/social_engineering/Win/directly_ready/Bruce-Scripts-Heaven_BAD/BadUSB-FalsePhilosopher/BashBunny/payloads/library/phishing/windows_browser-in-the-browser/phishing_files/assets/js/actions.js,badusb,social_engineering,Bruce-Scripts-Heaven_BAD,classified
sd_card_content/badusb_extra_payloads/social_engineering/Win/directly_ready/Bruce-Scripts-Heaven_BAD/BadUSB-FalsePhilosopher/BashBunny/payloads/library/phishing/windows_browser-in-the-browser/phishing_files/assets/libraries/jquery-ui.min.js,badusb,social_engineering,Bruce-Scripts-Heaven_BAD,classified
sd_card_content/badusb_extra_payloads/social_engineering/Win/directly_ready/Bruce-Scripts-Heaven_BAD/BadUSB-FalsePhilosopher/BashBunny/payloads/library/phishing/windows_browser-in-the-browser/phishing_files/assets/libraries/jquery-3.6.0.min.js,badusb,social_engineering,Bruce-Scripts-Heaven_BAD,classified
sd_card_content/badusb_extra_payloads/social_engineering/Unix-like/macOS/directly_ready/Bruce-Scripts-Heaven_BAD/BadUSB-FalsePhilosopher/BashBunny/payloads/library/phishing/Captiveportal/payload.txt,badusb,social_engineering,Bruce-Scripts-Heaven_BAD,classified
sd_card_content/badusb_extra_payloads/_unclassified/Bruce-Scripts-Heaven_BAD/BadUSB-FalsePhilosopher/BashBunny/payloads/library/poc/MacOS_EICAR/payload.txt,badusb,_unclassified,Bruce-Scripts-Heaven_BAD,classified-unmatched
sd_card_content/badusb_extra_payloads/_unclassified/Bruce-Scripts-Heaven_BAD/BadUSB-FalsePhilosopher/BashBunny/payloads/library/general/FICBunny/UIBEX.py,badusb,_unclassified,Bruce-Scripts-Heaven_BAD,classified-unmatched
sd_card_content/badusb_extra_payloads/_unclassified/Bruce-Scripts-Heaven_BAD/BadUSB-FalsePhilosopher/BashBunny/payloads/library/general/FICBunny/payload.txt,badusb,_unclassified,Bruce-Scripts-Heaven_BAD,classified-unmatched
sd_card_content/badusb_extra_payloads/destruction/Win/directly_ready/Bruce-Scripts-Heaven_BAD/BadUSB-FalsePhilosopher/BashBunny/payloads/library/general/-BB-PineApple/PineApple.txt,badusb,destruction,Bruce-Scripts-Heaven_BAD,classified
sd_card_content/badusb_extra_payloads/_unclassified/Bruce-Scripts-Heaven_BAD/BadUSB-FalsePhilosopher/BashBunny/payloads/library/general/-BB-PineApple/payload.txt,badusb,_unclassified,Bruce-Scripts-Heaven_BAD,classified-unmatched
sd_card_content/badusb_extra_payloads/_unclassified/Bruce-Scripts-Heaven_BAD/BadUSB-FalsePhilosopher/BashBunny/payloads/library/general/ALTCODE-TRANSCODER/img.txt,badusb,_unclassified,Bruce-Scripts-Heaven_BAD,classified-unmatched
sd_card_content/badusb_extra_payloads/_unclassified/Bruce-Scripts-Heaven_BAD/BadUSB-FalsePhilosopher/BashBunny/payloads/library/general/ALTCODE-TRANSCODER/payload.txt,badusb,_unclassified,Bruce-Scripts-Heaven_BAD,classified-unmatched
sd_card_content/badusb_extra_payloads/_unclassified/Bruce-Scripts-Heaven_BAD/BadUSB-FalsePhilosopher/BashBunny/payloads/library/general/ALTCODE-TRANSCODER/ansiDict.txt,badusb,_unclassified,Bruce-Scripts-Heaven_BAD,classified-unmatched
sd_card_content/badusb_extra_payloads/_unclassified/Bruce-Scripts-Heaven_BAD/BadUSB-FalsePhilosopher/BashBunny/payloads/library/general/ALTCODE-TRANSCODER/art2bunny.py,badusb,_unclassified,Bruce-Scripts-Heaven_BAD,classified-unmatched
sd_card_content/badusb_extra_payloads/_unclassified/Bruce-Scripts-Heaven_BAD/BadUSB-FalsePhilosopher/BashBunny/payloads/library/general/DuckyTemplate/ducky_script.txt,badusb,_unclassified,Bruce-Scripts-Heaven_BAD,classified-unmatched
sd_card_content/badusb_extra_payloads/_unclassified/Bruce-Scripts-Heaven_BAD/BadUSB-FalsePhilosopher/BashBunny/payloads/library/general/DuckyTemplate/payload.txt,badusb,_unclassified,Bruce-Scripts-Heaven_BAD,classified-unmatched
sd_card_content/badusb_extra_payloads/_unclassified/Bruce-Scripts-Heaven_BAD/BadUSB-FalsePhilosopher/BashBunny/payloads/library/general/key-code-spammer/payload.txt,badusb,_unclassified,Bruce-Scripts-Heaven_BAD,classified-unmatched
sd_card_content/badusb_extra_payloads/utilities/Win/directly_ready/Bruce-Scripts-Heaven_BAD/BadUSB-FalsePhilosopher/BashBunny/payloads/library/general/Bluetooth2/payload.txt,badusb,utilities,Bruce-Scripts-Heaven_BAD,classified
sd_card_content/badusb_extra_payloads/_unclassified/Bruce-Scripts-Heaven_BAD/BadUSB-FalsePhilosopher/BashBunny/payloads/library/general/ExecutableInstaller/payload.txt,badusb,_unclassified,Bruce-Scripts-Heaven_BAD,classified-unmatched
sd_card_content/badusb_extra_payloads/_unclassified/Bruce-Scripts-Heaven_BAD/BadUSB-FalsePhilosopher/BashBunny/payloads/library/general/InfiniteControl/payload.txt,badusb,_unclassified,Bruce-Scripts-Heaven_BAD,classified-unmatched
sd_card_content/badusb_extra_payloads/_unclassified/Bruce-Scripts-Heaven_BAD/BadUSB-FalsePhilosopher/BashBunny/payloads/library/general/-BB-Subscribe/payload.txt,badusb,_unclassified,Bruce-Scripts-Heaven_BAD,classified-unmatched
sd_card_content/badusb_extra_payloads/destruction/Win/directly_ready/Bruce-Scripts-Heaven_BAD/BadUSB-FalsePhilosopher/BashBunny/payloads/library/general/Pineapple-Connect-Windows/payload.txt,badusb,destruction,Bruce-Scripts-Heaven_BAD,classified
sd_card_content/badusb_extra_payloads/destruction/Win/directly_ready/Bruce-Scripts-Heaven_BAD/BadUSB-FalsePhilosopher/BashBunny/payloads/library/general/dryClean/payload.txt,badusb,destruction,Bruce-Scripts-Heaven_BAD,classified
sd_card_content/badusb_extra_payloads/_unclassified/Bruce-Scripts-Heaven_BAD/BadUSB-FalsePhilosopher/BashBunny/payloads/library/general/Single-Character-Quacker/payload.txt,badusb,_unclassified,Bruce-Scripts-Heaven_BAD,classified-unmatched
sd_card_content/badusb_extra_payloads/_unclassified/Bruce-Scripts-Heaven_BAD/BadUSB-FalsePhilosopher/BashBunny/payloads/library/general/Windows_NIC_Sharing/server.py,badusb,_unclassified,Bruce-Scripts-Heaven_BAD,classified-unmatched
sd_card_content/badusb_extra_payloads/_unclassified/Bruce-Scripts-Heaven_BAD/BadUSB-FalsePhilosopher/BashBunny/payloads/library/general/Proxy_Interceptor/payload.txt,badusb,_unclassified,Bruce-Scripts-Heaven_BAD,classified-unmatched
sd_card_content/badusb_extra_payloads/_unclassified/Bruce-Scripts-Heaven_BAD/BadUSB-FalsePhilosopher/BashBunny/payloads/library/general/bluetooth-geofence-profiler/payload.txt,badusb,_unclassified,Bruce-Scripts-Heaven_BAD,classified-unmatched
sd_card_content/badusb_extra_payloads/_unclassified/Bruce-Scripts-Heaven_BAD/BadUSB-FalsePhilosopher/BashBunny/payloads/library/general/GitBunnyGit/payload.txt,badusb,_unclassified,Bruce-Scripts-Heaven_BAD,classified-unmatched
sd_card_content/badusb_extra_payloads/destruction/Unix-like/Linux/directly_ready/Bruce-Scripts-Heaven_BAD/BadUSB-FalsePhilosopher/BashBunny/payloads/library/general/poc/LINUX_HID/payload.txt,badusb,destruction,Bruce-Scripts-Heaven_BAD,classified
sd_card_content/badusb_extra_payloads/data_exfiltration/Win/directly_ready/Bruce-Scripts-Heaven_BAD/BadUSB-FalsePhilosopher/BashBunny/payloads/library/general/poc/WIN_PoSH_MorseCode/payload.txt,badusb,data_exfiltration,Bruce-Scripts-Heaven_BAD,classified
sd_card_content/badusb_extra_payloads/_unclassified/Bruce-Scripts-Heaven_BAD/BadUSB-FalsePhilosopher/BashBunny/payloads/library/general/BashBunny_Manager/payload.txt,badusb,_unclassified,Bruce-Scripts-Heaven_BAD,classified-unmatched
sd_card_content/badusb_extra_payloads/collection/Win/directly_ready/Bruce-Scripts-Heaven_BAD/BadUSB-FalsePhilosopher/BashBunny/payloads/library/general/BashBunny_Manager/panel/main.py,badusb,collection,Bruce-Scripts-Heaven_BAD,classified
sd_card_content/badusb_extra_payloads/destruction/Win/directly_ready/Bruce-Scripts-Heaven_BAD/BadUSB-FalsePhilosopher/BashBunny/payloads/library/general/BashBunny_Manager/panel/assets/js/jquery.dataTables.min.js,badusb,destruction,Bruce-Scripts-Heaven_BAD,classified
sd_card_content/badusb_extra_payloads/destruction/Win/directly_ready/Bruce-Scripts-Heaven_BAD/BadUSB-FalsePhilosopher/BashBunny/payloads/library/general/BashBunny_Manager/panel/assets/js/jquery-slim.min.js,badusb,destruction,Bruce-Scripts-Heaven_BAD,classified
sd_card_content/badusb_extra_payloads/destruction/Win/directly_ready/Bruce-Scripts-Heaven_BAD/BadUSB-FalsePhilosopher/BashBunny/payloads/library/general/BashBunny_Manager/panel/assets/js/feather.min.js,badusb,destruction,Bruce-Scripts-Heaven_BAD,classified
sd_card_content/badusb_extra_payloads/destruction/Win/directly_ready/Bruce-Scripts-Heaven_BAD/BadUSB-FalsePhilosopher/BashBunny/payloads/library/general/BashBunny_Manager/panel/assets/js/bootstrap.min.js,badusb,destruction,Bruce-Scripts-Heaven_BAD,classified
sd_card_content/badusb_extra_payloads/destruction/Win/directly_ready/Bruce-Scripts-Heaven_BAD/BadUSB-FalsePhilosopher/BashBunny/payloads/library/general/BashBunny_Manager/panel/assets/js/popper.min.js,badusb,destruction,Bruce-Scripts-Heaven_BAD,classified
sd_card_content/badusb_extra_payloads/_unclassified/Bruce-Scripts-Heaven_BAD/BadUSB-FalsePhilosopher/BashBunny/payloads/library/general/BashBunny_Manager/panel/sites/languages.py,badusb,_unclassified,Bruce-Scripts-Heaven_BAD,classified-unmatched
sd_card_content/badusb_extra_payloads/collection/Win/directly_ready/Bruce-Scripts-Heaven_BAD/BadUSB-FalsePhilosopher/BashBunny/payloads/library/general/BashBunny_Manager/panel/sites/users.py,badusb,collection,Bruce-Scripts-Heaven_BAD,classified
sd_card_content/badusb_extra_payloads/utilities/Win/directly_ready/Bruce-Scripts-Heaven_BAD/BadUSB-FalsePhilosopher/BashBunny/payloads/library/general/BashBunny_Manager/panel/sites/index.py,badusb,utilities,Bruce-Scripts-Heaven_BAD,classified
sd_card_content/badusb_extra_payloads/_unclassified/Bruce-Scripts-Heaven_BAD/BadUSB-FalsePhilosopher/BashBunny/payloads/library/general/BashBunny_Manager/panel/sites/shutdown.py,badusb,_unclassified,Bruce-Scripts-Heaven_BAD,classified-unmatched
sd_card_content/badusb_extra_payloads/_unclassified/Bruce-Scripts-Heaven_BAD/BadUSB-FalsePhilosopher/BashBunny/payloads/library/general/ALTCODE-DEMO/payload.txt,badusb,_unclassified,Bruce-Scripts-Heaven_BAD,classified-unmatched
sd_card_content/badusb_extra_payloads/_unclassified/Bruce-Scripts-Heaven_BAD/BadUSB-FalsePhilosopher/BashBunny/payloads/library/general/BlueTeamPCAudit/payload.txt,badusb,_unclassified,Bruce-Scripts-Heaven_BAD,classified-unmatched
sd_card_content/badusb_extra_payloads/_unclassified/Bruce-Scripts-Heaven_BAD/BadUSB-FalsePhilosopher/BashBunny/payloads/library/general/ChromeOSDeployment/payload.txt,badusb,_unclassified,Bruce-Scripts-Heaven_BAD,classified-unmatched
sd_card_content/badusb_extra_payloads/_unclassified/Bruce-Scripts-Heaven_BAD/BadUSB-FalsePhilosopher/BashBunny/payloads/library/general/Win_PoSH_RandomVid/payload.txt,badusb,_unclassified,Bruce-Scripts-Heaven_BAD,classified-unmatched
sd_card_content/badusb_extra_payloads/destruction/Unix-like/macOS/directly_ready/Bruce-Scripts-Heaven_BAD/BadUSB-FalsePhilosopher/BashBunny/payloads/library/general/Revolver_BLE-Controlled-Attacks/payload.txt,badusb,destruction,Bruce-Scripts-Heaven_BAD,classified
sd_card_content/badusb_extra_payloads/remote_access/Unix-like/Linux/directly_ready/Bruce-Scripts-Heaven_BAD/BadUSB-FalsePhilosopher/BashBunny/payloads/library/remote_access/LinuxReverseShell/payload.txt,badusb,remote_access,Bruce-Scripts-Heaven_BAD,classified
sd_card_content/badusb_extra_payloads/remote_access/Win/directly_ready/Bruce-Scripts-Heaven_BAD/BadUSB-FalsePhilosopher/BashBunny/payloads/library/remote_access/RDP-Enable/payload.txt,badusb,remote_access,Bruce-Scripts-Heaven_BAD,classified
sd_card_content/badusb_extra_payloads/remote_access/Unix-like/macOS/directly_ready/Bruce-Scripts-Heaven_BAD/BadUSB-FalsePhilosopher/BashBunny/payloads/library/remote_access/Hershell_MacLinuxWindows_ReverseShell/payload.txt,badusb,remote_access,Bruce-Scripts-Heaven_BAD,classified
sd_card_content/badusb_extra_payloads/remote_access/Win/directly_ready/Bruce-Scripts-Heaven_BAD/BadUSB-FalsePhilosopher/BashBunny/payloads/library/remote_access/win_smb-backdoor/payload.txt,badusb,remote_access,Bruce-Scripts-Heaven_BAD,classified
sd_card_content/badusb_extra_payloads/remote_access/Win/directly_ready/Bruce-Scripts-Heaven_BAD/BadUSB-FalsePhilosopher/BashBunny/payloads/library/remote_access/ReverseBunny/payload.txt,badusb,remote_access,Bruce-Scripts-Heaven_BAD,classified
sd_card_content/badusb_extra_payloads/remote_access/Unix-like/macOS/directly_ready/Bruce-Scripts-Heaven_BAD/BadUSB-FalsePhilosopher/BashBunny/payloads/library/remote_access/MacReverseShell/payload.txt,badusb,remote_access,Bruce-Scripts-Heaven_BAD,classified
sd_card_content/badusb_extra_payloads/remote_access/Win/directly_ready/Bruce-Scripts-Heaven_BAD/BadUSB-FalsePhilosopher/BashBunny/payloads/library/remote_access/PingZhellBunny/payload.txt,badusb,remote_access,Bruce-Scripts-Heaven_BAD,classified
sd_card_content/badusb_extra_payloads/remote_access/Win/directly_ready/Bruce-Scripts-Heaven_BAD/BadUSB-FalsePhilosopher/BashBunny/payloads/library/remote_access/RAZ_ReverseShell/payload.txt,badusb,remote_access,Bruce-Scripts-Heaven_BAD,classified
sd_card_content/badusb_extra_payloads/remote_access/Win/directly_ready/Bruce-Scripts-Heaven_BAD/BadUSB-FalsePhilosopher/BashBunny/payloads/library/remote_access/Unicorn_PowerShell_Injection/payload.txt,badusb,remote_access,Bruce-Scripts-Heaven_BAD,classified
sd_card_content/badusb_extra_payloads/remote_access/Win/directly_ready/Bruce-Scripts-Heaven_BAD/BadUSB-FalsePhilosopher/BashBunny/payloads/library/remote_access/ReverseBunnySSL/payload.txt,badusb,remote_access,Bruce-Scripts-Heaven_BAD,classified
sd_card_content/badusb_extra_payloads/remote_access/Win/directly_ready/Bruce-Scripts-Heaven_BAD/BadUSB-FalsePhilosopher/BashBunny/payloads/library/remote_access/NothingLess/payload.txt,badusb,remote_access,Bruce-Scripts-Heaven_BAD,classified
sd_card_content/badusb_extra_payloads/remote_access/Win/directly_ready/Bruce-Scripts-Heaven_BAD/BadUSB-FalsePhilosopher/BashBunny/payloads/library/remote_access/WindowsMeterpreterStaged/windows-staged-meterpreter.txt,badusb,remote_access,Bruce-Scripts-Heaven_BAD,classified
sd_card_content/badusb_extra_payloads/remote_access/Win/directly_ready/Bruce-Scripts-Heaven_BAD/BadUSB-FalsePhilosopher/BashBunny/payloads/library/remote_access/WindowsMeterpreterStaged/sc.txt,badusb,remote_access,Bruce-Scripts-Heaven_BAD,classified
sd_card_content/badusb_extra_payloads/remote_access/Win/directly_ready/Bruce-Scripts-Heaven_BAD/BadUSB-FalsePhilosopher/BashBunny/payloads/library/remote_access/WindowsMeterpreterStaged/payload.txt,badusb,remote_access,Bruce-Scripts-Heaven_BAD,classified
sd_card_content/badusb_extra_payloads/remote_access/Unix-like/macOS/directly_ready/Bruce-Scripts-Heaven_BAD/BadUSB-FalsePhilosopher/BashBunny/payloads/library/remote_access/RAZ_MacReverseShell/payload.txt,badusb,remote_access,Bruce-Scripts-Heaven_BAD,classified
sd_card_content/badusb_extra_payloads/remote_access/Win/directly_ready/Bruce-Scripts-Heaven_BAD/BadUSB-FalsePhilosopher/BashBunny/payloads/library/remote_access/win_winrm-backdoor/payload.txt,badusb,remote_access,Bruce-Scripts-Heaven_BAD,classified
sd_card_content/badusb_extra_payloads/remote_access/Win/directly_ready/Bruce-Scripts-Heaven_BAD/BadUSB-FalsePhilosopher/BashBunny/payloads/library/remote_access/UndercoverBunny/payload.txt,badusb,remote_access,Bruce-Scripts-Heaven_BAD,classified
sd_card_content/badusb_extra_payloads/remote_access/Win/directly_ready/Bruce-Scripts-Heaven_BAD/BadUSB-FalsePhilosopher/BashBunny/payloads/library/remote_access/persistentReverseBunny/payload.txt,badusb,remote_access,Bruce-Scripts-Heaven_BAD,classified
sd_card_content/badusb_extra_payloads/remote_access/Win/directly_ready/Bruce-Scripts-Heaven_BAD/BadUSB-FalsePhilosopher/BashBunny/payloads/library/remote_access/WindowsPersistentReverseShell/payload.txt,badusb,remote_access,Bruce-Scripts-Heaven_BAD,classified
sd_card_content/badusb_extra_payloads/remote_access/Win/directly_ready/Bruce-Scripts-Heaven_BAD/BadUSB-FalsePhilosopher/BashBunny/payloads/library/remote_access/SingleSecondShell/ducky_script.txt,badusb,remote_access,Bruce-Scripts-Heaven_BAD,classified
sd_card_content/badusb_extra_payloads/remote_access/Win/directly_ready/Bruce-Scripts-Heaven_BAD/BadUSB-FalsePhilosopher/BashBunny/payloads/library/remote_access/SingleSecondShell/payload.txt,badusb,remote_access,Bruce-Scripts-Heaven_BAD,classified
sd_card_content/badusb_extra_payloads/remote_access/Unix-like/macOS/directly_ready/Bruce-Scripts-Heaven_BAD/BadUSB-FalsePhilosopher/BashBunny/payloads/library/remote_access/MacPersistentReverseShell/payload.txt,badusb,remote_access,Bruce-Scripts-Heaven_BAD,classified
sd_card_content/badusb_extra_payloads/remote_access/Unix-like/Linux/directly_ready/Bruce-Scripts-Heaven_BAD/BadUSB-FalsePhilosopher/BashBunny/payloads/library/remote_access/LinuxPreter/payload.txt,badusb,remote_access,Bruce-Scripts-Heaven_BAD,classified
sd_card_content/badusb_extra_payloads/remote_access/Win/directly_ready/Bruce-Scripts-Heaven_BAD/BadUSB-FalsePhilosopher/BashBunny/payloads/library/remote_access/USB_Intruder/payload.txt,badusb,remote_access,Bruce-Scripts-Heaven_BAD,classified
sd_card_content/badusb_extra_payloads/prank/Win/directly_ready/Bruce-Scripts-Heaven_BAD/BadUSB-FalsePhilosopher/BashBunny/payloads/library/prank/90sMode/payload.txt,badusb,prank,Bruce-Scripts-Heaven_BAD,classified
sd_card_content/badusb_extra_payloads/prank/Win/directly_ready/Bruce-Scripts-Heaven_BAD/BadUSB-FalsePhilosopher/BashBunny/payloads/library/prank/UnifiedRickRollWindows/payload.txt,badusb,prank,Bruce-Scripts-Heaven_BAD,classified
sd_card_content/badusb_extra_payloads/prank/Unix-like/macOS/directly_ready/Bruce-Scripts-Heaven_BAD/BadUSB-FalsePhilosopher/BashBunny/payloads/library/prank/macDesktop/payload.txt,badusb,prank,Bruce-Scripts-Heaven_BAD,classified
sd_card_content/badusb_extra_payloads/prank/Win/directly_ready/Bruce-Scripts-Heaven_BAD/BadUSB-FalsePhilosopher/BashBunny/payloads/library/prank/UnifiedRickRoll/payload.txt,badusb,prank,Bruce-Scripts-Heaven_BAD,classified
sd_card_content/badusb_extra_payloads/prank/Unix-like/macOS/directly_ready/Bruce-Scripts-Heaven_BAD/BadUSB-FalsePhilosopher/BashBunny/payloads/library/prank/ncage/osx.txt,badusb,prank,Bruce-Scripts-Heaven_BAD,classified
sd_card_content/badusb_extra_payloads/prank/Win/directly_ready/Bruce-Scripts-Heaven_BAD/BadUSB-FalsePhilosopher/BashBunny/payloads/library/prank/ncage/win.txt,badusb,prank,Bruce-Scripts-Heaven_BAD,classified
sd_card_content/badusb_extra_payloads/prank/Unix-like/macOS/directly_ready/Bruce-Scripts-Heaven_BAD/BadUSB-FalsePhilosopher/BashBunny/payloads/library/prank/ncage/payload.txt,badusb,prank,Bruce-Scripts-Heaven_BAD,classified
sd_card_content/badusb_extra_payloads/prank/Win/directly_ready/Bruce-Scripts-Heaven_BAD/BadUSB-FalsePhilosopher/BashBunny/payloads/library/prank/Photo-Booth-Ugly-Prank/payload.txt,badusb,prank,Bruce-Scripts-Heaven_BAD,classified
sd_card_content/badusb_extra_payloads/prank/Win/directly_ready/Bruce-Scripts-Heaven_BAD/BadUSB-FalsePhilosopher/BashBunny/payloads/library/prank/wallpaper-changer-of-doom/payload.txt,badusb,prank,Bruce-Scripts-Heaven_BAD,classified
sd_card_content/badusb_extra_payloads/prank/Unix-like/macOS/directly_ready/Bruce-Scripts-Heaven_BAD/BadUSB-FalsePhilosopher/BashBunny/payloads/library/prank/win93/payload.txt,badusb,prank,Bruce-Scripts-Heaven_BAD,classified
sd_card_content/badusb_extra_payloads/prank/Win/directly_ready/Bruce-Scripts-Heaven_BAD/BadUSB-FalsePhilosopher/BashBunny/payloads/library/prank/WallpaperChanger/payload.txt,badusb,prank,Bruce-Scripts-Heaven_BAD,classified
sd_card_content/badusb_extra_payloads/prank/Win/directly_ready/Bruce-Scripts-Heaven_BAD/BadUSB-FalsePhilosopher/BashBunny/payloads/library/prank/Bunny-Flip/payload.txt,badusb,prank,Bruce-Scripts-Heaven_BAD,classified
sd_card_content/badusb_extra_payloads/prank/Win/directly_ready/Bruce-Scripts-Heaven_BAD/BadUSB-FalsePhilosopher/BashBunny/payloads/library/prank/-BB-Wallpaper-Troll/payload.txt,badusb,prank,Bruce-Scripts-Heaven_BAD,classified
sd_card_content/badusb_extra_payloads/prank/Win/directly_ready/Bruce-Scripts-Heaven_BAD/BadUSB-FalsePhilosopher/BashBunny/payloads/library/prank/Win_PoSH_AnsiSebsCow/payload.txt,badusb,prank,Bruce-Scripts-Heaven_BAD,classified
sd_card_content/badusb_extra_payloads/prank/Win/directly_ready/Bruce-Scripts-Heaven_BAD/BadUSB-FalsePhilosopher/BashBunny/payloads/library/prank/Startup-Message/payload.txt,badusb,prank,Bruce-Scripts-Heaven_BAD,classified
sd_card_content/badusb_extra_payloads/prank/Win/directly_ready/Bruce-Scripts-Heaven_BAD/BadUSB-FalsePhilosopher/BashBunny/payloads/library/prank/RAZ_ThemeChanger/payload.txt,badusb,prank,Bruce-Scripts-Heaven_BAD,classified
sd_card_content/badusb_extra_payloads/prank/Win/directly_ready/Bruce-Scripts-Heaven_BAD/BadUSB-FalsePhilosopher/BashBunny/payloads/library/prank/DesktopFlood/payload.txt,badusb,prank,Bruce-Scripts-Heaven_BAD,classified
sd_card_content/badusb_extra_payloads/prank/Win/directly_ready/Bruce-Scripts-Heaven_BAD/BadUSB-FalsePhilosopher/BashBunny/payloads/library/prank/Win_PoSH_MyPictures2AsciiArt/payload.txt,badusb,prank,Bruce-Scripts-Heaven_BAD,classified
sd_card_content/badusb_extra_payloads/prank/Win/directly_ready/Bruce-Scripts-Heaven_BAD/BadUSB-FalsePhilosopher/BashBunny/payloads/library/prank/Win_HID_BeAPest/payload.txt,badusb,prank,Bruce-Scripts-Heaven_BAD,classified
sd_card_content/badusb_extra_payloads/prank/Win/directly_ready/Bruce-Scripts-Heaven_BAD/BadUSB-FalsePhilosopher/BashBunny/payloads/library/prank/Win_PoSH_SpinningAround/payload.txt,badusb,prank,Bruce-Scripts-Heaven_BAD,classified
sd_card_content/badusb_extra_payloads/prank/Win/directly_ready/Bruce-Scripts-Heaven_BAD/BadUSB-FalsePhilosopher/BashBunny/payloads/library/prank/Win_PoSh_HiThere/payload.txt,badusb,prank,Bruce-Scripts-Heaven_BAD,classified
sd_card_content/badusb_extra_payloads/prank/Win/directly_ready/Bruce-Scripts-Heaven_BAD/BadUSB-FalsePhilosopher/BashBunny/payloads/library/prank/hide-startbar/payload.txt,badusb,prank,Bruce-Scripts-Heaven_BAD,classified
sd_card_content/badusb_extra_payloads/prank/Win/directly_ready/Bruce-Scripts-Heaven_BAD/BadUSB-FalsePhilosopher/BashBunny/payloads/library/prank/-BB-We-Found-You/payload.txt,badusb,prank,Bruce-Scripts-Heaven_BAD,classified
sd_card_content/badusb_extra_payloads/prank/Win/directly_ready/Bruce-Scripts-Heaven_BAD/BadUSB-FalsePhilosopher/BashBunny/payloads/library/prank/NiceShutdown/payload.txt,badusb,prank,Bruce-Scripts-Heaven_BAD,classified
sd_card_content/badusb_extra_payloads/prank/Unix-like/macOS/directly_ready/Bruce-Scripts-Heaven_BAD/BadUSB-FalsePhilosopher/BashBunny/payloads/library/prank/lockpc/payload.txt,badusb,prank,Bruce-Scripts-Heaven_BAD,classified
sd_card_content/badusb_extra_payloads/prank/Win/directly_ready/Bruce-Scripts-Heaven_BAD/BadUSB-FalsePhilosopher/BashBunny/payloads/library/prank/-BB-PS-Draw/payload.txt,badusb,prank,Bruce-Scripts-Heaven_BAD,classified
sd_card_content/badusb_extra_payloads/prank/Win/directly_ready/Bruce-Scripts-Heaven_BAD/BadUSB-FalsePhilosopher/BashBunny/payloads/library/prank/Notepad_fun/payload.txt,badusb,prank,Bruce-Scripts-Heaven_BAD,classified
sd_card_content/badusb_extra_payloads/prank/Win/directly_ready/Bruce-Scripts-Heaven_BAD/BadUSB-FalsePhilosopher/BashBunny/payloads/library/prank/WIN_powershell_ProgressBar-and-Popup/payload.txt,badusb,prank,Bruce-Scripts-Heaven_BAD,classified
sd_card_content/badusb_extra_payloads/prank/Win/directly_ready/Bruce-Scripts-Heaven_BAD/BadUSB-FalsePhilosopher/BashBunny/payloads/library/prank/ScreenSaver_FuNNN_b-b/payload.txt,badusb,prank,Bruce-Scripts-Heaven_BAD,classified
sd_card_content/badusb_extra_payloads/prank/Unix-like/macOS/directly_ready/Bruce-Scripts-Heaven_BAD/BadUSB-FalsePhilosopher/BashBunny/payloads/library/prank/cross_platform_lockout/payload.txt,badusb,prank,Bruce-Scripts-Heaven_BAD,classified
sd_card_content/badusb_extra_payloads/prank/Win/directly_ready/Bruce-Scripts-Heaven_BAD/BadUSB-FalsePhilosopher/BashBunny/payloads/library/prank/-BB-AcidBurn/payload.txt,badusb,prank,Bruce-Scripts-Heaven_BAD,classified
sd_card_content/badusb_extra_payloads/prank/Win/directly_ready/Bruce-Scripts-Heaven_BAD/BadUSB-FalsePhilosopher/BashBunny/payloads/library/prank/cross-platform_continuous_locker/payload.txt,badusb,prank,Bruce-Scripts-Heaven_BAD,classified
sd_card_content/badusb_extra_payloads/prank/Win/directly_ready/Bruce-Scripts-Heaven_BAD/BadUSB-FalsePhilosopher/BashBunny/payloads/library/prank/Ascii-Prank/payload.txt,badusb,prank,Bruce-Scripts-Heaven_BAD,classified
sd_card_content/badusb_extra_payloads/prank/Win/directly_ready/Bruce-Scripts-Heaven_BAD/BadUSB-FalsePhilosopher/BashBunny/payloads/library/prank/-BB-Rage-PopUps/payload.txt,badusb,prank,Bruce-Scripts-Heaven_BAD,classified
sd_card_content/badusb_extra_payloads/prank/Win/directly_ready/Bruce-Scripts-Heaven_BAD/BadUSB-FalsePhilosopher/BashBunny/payloads/library/prank/-BB-JumpScare/payload.txt,badusb,prank,Bruce-Scripts-Heaven_BAD,classified
sd_card_content/badusb_extra_payloads/prank/Win/directly_ready/Bruce-Scripts-Heaven_BAD/BadUSB-FalsePhilosopher/BashBunny/payloads/library/prank/Win_PoSH_ExcelQRRickroll/payload.txt,badusb,prank,Bruce-Scripts-Heaven_BAD,classified
sd_card_content/badusb_extra_payloads/prank/Win/directly_ready/Bruce-Scripts-Heaven_BAD/BadUSB-FalsePhilosopher/BashBunny/payloads/library/prank/Win_PoSH_ReplaceCursor/payload.txt,badusb,prank,Bruce-Scripts-Heaven_BAD,classified
sd_card_content/badusb_extra_payloads/_unclassified/Bruce-Scripts-Heaven_BAD/BadUSB-FalsePhilosopher/BashBunny/payloads/switch1/payload.txt,badusb,_unclassified,Bruce-Scripts-Heaven_BAD,classified-unmatched
sd_card_content/badusb_extra_payloads/destruction/Android/directly_ready/Bruce-Scripts-Heaven_BAD/BadUSB-FalsePhilosopher/BashBunny/docs/readme.txt,badusb,destruction,Bruce-Scripts-Heaven_BAD,classified
sd_card_content/badusb_extra_payloads/reconnaissance/Win/directly_ready/Bruce-Scripts-Heaven_BAD/BadUSB-FalsePhilosopher/FlipperZero_ducky_payload/recon/Win/Flip-ADV-Recon/ADV-Recon.txt,badusb,reconnaissance,Bruce-Scripts-Heaven_BAD,classified
sd_card_content/badusb_extra_payloads/prank/Win/directly_ready/Bruce-Scripts-Heaven_BAD/BadUSB-FalsePhilosopher/FlipperZero_ducky_payload/prank/Win/Honk/GooseCrasher.txt,badusb,prank,Bruce-Scripts-Heaven_BAD,classified
sd_card_content/badusb_extra_payloads/destruction/Win/directly_ready/Bruce-Scripts-Heaven_BAD/BadUSB-FalsePhilosopher/Misc/Other/Negative_word_list.txt,badusb,destruction,Bruce-Scripts-Heaven_BAD,classified
sd_card_content/badusb_extra_payloads/_unclassified/Bruce-Scripts-Heaven_BAD/BadUSB-FalsePhilosopher/Misc/Cheat_Sheets/Awesome-cheatsheets/commitlint.config.js,badusb,_unclassified,Bruce-Scripts-Heaven_BAD,classified-unmatched
sd_card_content/badusb_extra_payloads/discovery/Win/directly_ready/Bruce-Scripts-Heaven_BAD/BadUSB-FalsePhilosopher/Misc/Cheat_Sheets/Awesome-cheatsheets/languages/C#.txt,badusb,discovery,Bruce-Scripts-Heaven_BAD,classified
sd_card_content/badusb_extra_payloads/destruction/Win/directly_ready/Bruce-Scripts-Heaven_BAD/BadUSB-FalsePhilosopher/Misc/Cheat_Sheets/Awesome-cheatsheets/languages/javascript.js,badusb,destruction,Bruce-Scripts-Heaven_BAD,classified
sd_card_content/badusb_extra_payloads/discovery/Unix-like/Linux/directly_ready/Bruce-Scripts-Heaven_BAD/BadUSB-FalsePhilosopher/Misc/Cheat_Sheets/Awesome-cheatsheets/languages/C.txt,badusb,discovery,Bruce-Scripts-Heaven_BAD,classified
sd_card_content/badusb_extra_payloads/destruction/Win/directly_ready/Bruce-Scripts-Heaven_BAD/BadUSB-FalsePhilosopher/Misc/Cheat_Sheets/Awesome-cheatsheets/frontend/ember.js,badusb,destruction,Bruce-Scripts-Heaven_BAD,classified
sd_card_content/badusb_extra_payloads/destruction/Win/directly_ready/Bruce-Scripts-Heaven_BAD/BadUSB-FalsePhilosopher/Misc/Cheat_Sheets/Awesome-cheatsheets/frontend/angular.js,badusb,destruction,Bruce-Scripts-Heaven_BAD,classified
sd_card_content/badusb_extra_payloads/destruction/Win/directly_ready/Bruce-Scripts-Heaven_BAD/BadUSB-FalsePhilosopher/Misc/Cheat_Sheets/Awesome-cheatsheets/frontend/vue.js,badusb,destruction,Bruce-Scripts-Heaven_BAD,classified
sd_card_content/badusb_extra_payloads/_unclassified/Bruce-Scripts-Heaven_BAD/BadUSB-FalsePhilosopher/Misc/Cheat_Sheets/Awesome-cheatsheets/frontend/angularjs.js,badusb,_unclassified,Bruce-Scripts-Heaven_BAD,classified-unmatched
sd_card_content/badusb_extra_payloads/discovery/Win/directly_ready/Bruce-Scripts-Heaven_BAD/BadUSB-FalsePhilosopher/Misc/Cheat_Sheets/Awesome-cheatsheets/frontend/react.js,badusb,discovery,Bruce-Scripts-Heaven_BAD,classified
sd_card_content/badusb_extra_payloads/destruction/Win/directly_ready/Bruce-Scripts-Heaven_BAD/BadUSB-FalsePhilosopher/Misc/Cheat_Sheets/Awesome-cheatsheets/backend/moleculer.js,badusb,destruction,Bruce-Scripts-Heaven_BAD,classified
sd_card_content/badusb_extra_payloads/destruction/Win/directly_ready/Bruce-Scripts-Heaven_BAD/BadUSB-FalsePhilosopher/Misc/Cheat_Sheets/Awesome-cheatsheets/backend/django.py,badusb,destruction,Bruce-Scripts-Heaven_BAD,classified
sd_card_content/badusb_extra_payloads/destruction/Win/directly_ready/Bruce-Scripts-Heaven_BAD/BadUSB-FalsePhilosopher/Misc/Cheat_Sheets/Awesome-cheatsheets/backend/express.js,badusb,destruction,Bruce-Scripts-Heaven_BAD,classified
sd_card_content/badusb_extra_payloads/destruction/Unix-like/Linux/directly_ready/Bruce-Scripts-Heaven_BAD/BadUSB-FalsePhilosopher/Misc/Cheat_Sheets/Awesome-cheatsheets/backend/node.js,badusb,destruction,Bruce-Scripts-Heaven_BAD,classified
sd_card_content/badusb_extra_payloads/destruction/Win/directly_ready/Bruce-Scripts-Heaven_BAD/BadUSB-FalsePhilosopher/Misc/Cheat_Sheets/Awesome-cheatsheets/backend/sails.js,badusb,destruction,Bruce-Scripts-Heaven_BAD,classified
sd_card_content/badusb_extra_payloads/destruction/Win/directly_ready/Bruce-Scripts-Heaven_BAD/BadUSB-FalsePhilosopher/Misc/Cheat_Sheets/Awesome-cheatsheets/backend/feathers.js,badusb,destruction,Bruce-Scripts-Heaven_BAD,classified
sd_card_content/badusb_extra_payloads/destruction/Win/directly_ready/Bruce-Scripts-Heaven_BAD/BadUSB-FalsePhilosopher/Misc/Cheat_Sheets/Awesome-cheatsheets/backend/adonis.js,badusb,destruction,Bruce-Scripts-Heaven_BAD,classified
sd_card_content/badusb_extra_payloads/destruction/Win/directly_ready/Bruce-Scripts-Heaven_BAD/BadUSB-FalsePhilosopher/Misc/Cheat_Sheets/Awesome-cheatsheets/tools/vim.txt,badusb,destruction,Bruce-Scripts-Heaven_BAD,classified
sd_card_content/badusb_extra_payloads/_unclassified/Bruce-Scripts-Heaven_BAD/BadUSB-FalsePhilosopher/Misc/Cheat_Sheets/Awesome-cheatsheets/tools/elasticsearch.js,badusb,_unclassified,Bruce-Scripts-Heaven_BAD,classified-unmatched
sd_card_content/badusb_extra_payloads/destruction/Unix-like/macOS/directly_ready/Bruce-Scripts-Heaven_BAD/BadUSB-FalsePhilosopher/Misc/Cheat_Sheets/Awesome-cheatsheets/tools/puppeteer.js,badusb,destruction,Bruce-Scripts-Heaven_BAD,classified
sd_card_content/badusb_extra_payloads/_unclassified/Bruce-Scripts-Heaven_BAD/BadUSB-FalsePhilosopher/Misc/Cheat_Sheets/Awesome-cheatsheets/tools/xcode.txt,badusb,_unclassified,Bruce-Scripts-Heaven_BAD,classified-unmatched
sd_card_content/badusb_extra_payloads/_unclassified/Bruce-Scripts-Heaven_BAD/BadUSB-FalsePhilosopher/Misc/Cheat_Sheets/Dorks-collections-list/cctv.txt,badusb,_unclassified,Bruce-Scripts-Heaven_BAD,classified-unmatched
sd_card_content/badusb_extra_payloads/_unclassified/Bruce-Scripts-Heaven_BAD/BadUSB-FalsePhilosopher/Misc/Cheat_Sheets/Dorks-collections-list/googslecloud.txt,badusb,_unclassified,Bruce-Scripts-Heaven_BAD,classified-unmatched
sd_card_content/badusb_extra_payloads/_unclassified/Bruce-Scripts-Heaven_BAD/BadUSB-FalsePhilosopher/Misc/Cheat_Sheets/Dorks-collections-list/azure.txt,badusb,_unclassified,Bruce-Scripts-Heaven_BAD,classified-unmatched
sd_card_content/badusb_extra_payloads/_unclassified/Bruce-Scripts-Heaven_BAD/BadUSB-FalsePhilosopher/Misc/Cheat_Sheets/Dorks-collections-list/onion.txt,badusb,_unclassified,Bruce-Scripts-Heaven_BAD,classified-unmatched
sd_card_content/badusb_extra_payloads/_unclassified/Bruce-Scripts-Heaven_BAD/BadUSB-FalsePhilosopher/Misc/Cheat_Sheets/Dorks-collections-list/aws.txt,badusb,_unclassified,Bruce-Scripts-Heaven_BAD,classified-unmatched
sd_card_content/badusb_extra_payloads/_unclassified/Bruce-Scripts-Heaven_BAD/BadUSB-FalsePhilosopher/Misc/Cheat_Sheets/Awesome-guidelines/test.js,badusb,_unclassified,Bruce-Scripts-Heaven_BAD,classified-unmatched
sd_card_content/badusb_extra_payloads/remote_access/iOS/directly_ready/Bruce-Scripts-Heaven_BAD/BadUSB-FalsePhilosopher/Misc/Cheat_Sheets/Big-list-of-naughty-strings/blns.base64.txt,badusb,remote_access,Bruce-Scripts-Heaven_BAD,classified
sd_card_content/badusb_extra_payloads/remote_access/iOS/directly_ready/Bruce-Scripts-Heaven_BAD/BadUSB-FalsePhilosopher/Misc/Cheat_Sheets/Big-list-of-naughty-strings/blns.txt,badusb,remote_access,Bruce-Scripts-Heaven_BAD,classified
sd_card_content/badusb_extra_payloads/_unclassified/Bruce-Scripts-Heaven_BAD/BadUSB-FalsePhilosopher/Misc/Cheat_Sheets/Big-list-of-naughty-strings/scripts/txt_to_json.py,badusb,_unclassified,Bruce-Scripts-Heaven_BAD,classified-unmatched
sd_card_content/badusb_extra_payloads/_unclassified/Bruce-Scripts-Heaven_BAD/BadUSB-FalsePhilosopher/Misc/Cheat_Sheets/Big-list-of-naughty-strings/naughtystrings/__init__.py,badusb,_unclassified,Bruce-Scripts-Heaven_BAD,classified-unmatched
sd_card_content/badusb_extra_payloads/_unclassified/Bruce-Scripts-Heaven_BAD/BadUSB-FalsePhilosopher/Misc/Cheat_Sheets/PayloadsAllTheThings/Insecure Management Interface/Intruder/springboot_actuator.txt,badusb,_unclassified,Bruce-Scripts-Heaven_BAD,classified-unmatched
sd_card_content/badusb_extra_payloads/_unclassified/Bruce-Scripts-Heaven_BAD/BadUSB-FalsePhilosopher/Misc/Cheat_Sheets/PayloadsAllTheThings/Web Sockets/Files/ws-harness.py,badusb,_unclassified,Bruce-Scripts-Heaven_BAD,classified-unmatched
sd_card_content/badusb_extra_payloads/_unclassified/Bruce-Scripts-Heaven_BAD/BadUSB-FalsePhilosopher/Misc/Cheat_Sheets/PayloadsAllTheThings/Upload Insecure Files/CVE Ffmpeg HLS/gen_avi_bypass.py,badusb,_unclassified,Bruce-Scripts-Heaven_BAD,classified-unmatched
sd_card_content/badusb_extra_payloads/_unclassified/Bruce-Scripts-Heaven_BAD/BadUSB-FalsePhilosopher/Misc/Cheat_Sheets/PayloadsAllTheThings/Upload Insecure Files/CVE Ffmpeg HLS/gen_xbin_avi.py,badusb,_unclassified,Bruce-Scripts-Heaven_BAD,classified-unmatched
sd_card_content/badusb_extra_payloads/_unclassified/Bruce-Scripts-Heaven_BAD/BadUSB-FalsePhilosopher/Misc/Cheat_Sheets/PayloadsAllTheThings/Upload Insecure Files/Picture Compression/createBulletproofJPG.py,badusb,_unclassified,Bruce-Scripts-Heaven_BAD,classified-unmatched
sd_card_content/badusb_extra_payloads/_unclassified/Bruce-Scripts-Heaven_BAD/BadUSB-FalsePhilosopher/Misc/Cheat_Sheets/PayloadsAllTheThings/Upload Insecure Files/Extension PDF JS/poc.py,badusb,_unclassified,Bruce-Scripts-Heaven_BAD,classified-unmatched
sd_card_content/badusb_extra_payloads/_unclassified/Bruce-Scripts-Heaven_BAD/BadUSB-FalsePhilosopher/Misc/Cheat_Sheets/PayloadsAllTheThings/Upload Insecure Files/Extension PDF JS/poc.js,badusb,_unclassified,Bruce-Scripts-Heaven_BAD,classified-unmatched
sd_card_content/badusb_extra_payloads/utilities/Win/directly_ready/Bruce-Scripts-Heaven_BAD/BadUSB-FalsePhilosopher/Misc/Cheat_Sheets/PayloadsAllTheThings/Upload Insecure Files/Configuration Python __init__.py/python-generate-init.py,badusb,utilities,Bruce-Scripts-Heaven_BAD,classified
sd_card_content/badusb_extra_payloads/remote_access/Android/configuration_needed/Bruce-Scripts-Heaven_BAD/BadUSB-FalsePhilosopher/Misc/Cheat_Sheets/PayloadsAllTheThings/Insecure Source Code Management/Files/github-dorks.txt,badusb,remote_access,Bruce-Scripts-Heaven_BAD,classified
sd_card_content/badusb_extra_payloads/_unclassified/Bruce-Scripts-Heaven_BAD/BadUSB-FalsePhilosopher/Misc/Cheat_Sheets/PayloadsAllTheThings/XXE Injection/Intruders/xml-attacks.txt,badusb,_unclassified,Bruce-Scripts-Heaven_BAD,classified-unmatched
sd_card_content/badusb_extra_payloads/_unclassified/Bruce-Scripts-Heaven_BAD/BadUSB-FalsePhilosopher/Misc/Cheat_Sheets/PayloadsAllTheThings/XXE Injection/Intruders/XXE_Fuzzing.txt,badusb,_unclassified,Bruce-Scripts-Heaven_BAD,classified-unmatched
sd_card_content/badusb_extra_payloads/_unclassified/Bruce-Scripts-Heaven_BAD/BadUSB-FalsePhilosopher/Misc/Cheat_Sheets/PayloadsAllTheThings/File Inclusion/uploadlfi.py,badusb,_unclassified,Bruce-Scripts-Heaven_BAD,classified-unmatched
sd_card_content/badusb_extra_payloads/_unclassified/Bruce-Scripts-Heaven_BAD/BadUSB-FalsePhilosopher/Misc/Cheat_Sheets/PayloadsAllTheThings/File Inclusion/phpinfolfi.py,badusb,_unclassified,Bruce-Scripts-Heaven_BAD,classified-unmatched
sd_card_content/badusb_extra_payloads/_unclassified/Bruce-Scripts-Heaven_BAD/BadUSB-FalsePhilosopher/Misc/Cheat_Sheets/PayloadsAllTheThings/File Inclusion/LFI2RCE.py,badusb,_unclassified,Bruce-Scripts-Heaven_BAD,classified-unmatched
sd_card_content/badusb_extra_payloads/_unclassified/Bruce-Scripts-Heaven_BAD/BadUSB-FalsePhilosopher/Misc/Cheat_Sheets/PayloadsAllTheThings/File Inclusion/Intruders/Linux-files.txt,badusb,_unclassified,Bruce-Scripts-Heaven_BAD,classified-unmatched
sd_card_content/badusb_extra_payloads/_unclassified/Bruce-Scripts-Heaven_BAD/BadUSB-FalsePhilosopher/Misc/Cheat_Sheets/PayloadsAllTheThings/File Inclusion/Intruders/JHADDIX_LFI.txt,badusb,_unclassified,Bruce-Scripts-Heaven_BAD,classified-unmatched
sd_card_content/badusb_extra_payloads/_unclassified/Bruce-Scripts-Heaven_BAD/BadUSB-FalsePhilosopher/Misc/Cheat_Sheets/PayloadsAllTheThings/File Inclusion/Intruders/LFI-WindowsFileCheck.txt,badusb,_unclassified,Bruce-Scripts-Heaven_BAD,classified-unmatched
sd_card_content/badusb_extra_payloads/_unclassified/Bruce-Scripts-Heaven_BAD/BadUSB-FalsePhilosopher/Misc/Cheat_Sheets/PayloadsAllTheThings/File Inclusion/Intruders/List_Of_File_To_Include.txt,badusb,_unclassified,Bruce-Scripts-Heaven_BAD,classified-unmatched
sd_card_content/badusb_extra_payloads/_unclassified/Bruce-Scripts-Heaven_BAD/BadUSB-FalsePhilosopher/Misc/Cheat_Sheets/PayloadsAllTheThings/File Inclusion/Intruders/simple-check.txt,badusb,_unclassified,Bruce-Scripts-Heaven_BAD,classified-unmatched
sd_card_content/badusb_extra_payloads/_unclassified/Bruce-Scripts-Heaven_BAD/BadUSB-FalsePhilosopher/Misc/Cheat_Sheets/PayloadsAllTheThings/File Inclusion/Intruders/Web-files.txt,badusb,_unclassified,Bruce-Scripts-Heaven_BAD,classified-unmatched
sd_card_content/badusb_extra_payloads/_unclassified/Bruce-Scripts-Heaven_BAD/BadUSB-FalsePhilosopher/Misc/Cheat_Sheets/PayloadsAllTheThings/File Inclusion/Intruders/dot-slash-PathTraversal_and_LFI_pairing.txt,badusb,_unclassified,Bruce-Scripts-Heaven_BAD,classified-unmatched
sd_card_content/badusb_extra_payloads/_unclassified/Bruce-Scripts-Heaven_BAD/BadUSB-FalsePhilosopher/Misc/Cheat_Sheets/PayloadsAllTheThings/File Inclusion/Intruders/Traversal.txt,badusb,_unclassified,Bruce-Scripts-Heaven_BAD,classified-unmatched
sd_card_content/badusb_extra_payloads/_unclassified/Bruce-Scripts-Heaven_BAD/BadUSB-FalsePhilosopher/Misc/Cheat_Sheets/PayloadsAllTheThings/File Inclusion/Intruders/Mac-files.txt,badusb,_unclassified,Bruce-Scripts-Heaven_BAD,classified-unmatched
sd_card_content/badusb_extra_payloads/_unclassified/Bruce-Scripts-Heaven_BAD/BadUSB-FalsePhilosopher/Misc/Cheat_Sheets/PayloadsAllTheThings/File Inclusion/Intruders/Windows-files.txt,badusb,_unclassified,Bruce-Scripts-Heaven_BAD,classified-unmatched
sd_card_content/badusb_extra_payloads/_unclassified/Bruce-Scripts-Heaven_BAD/BadUSB-FalsePhilosopher/Misc/Cheat_Sheets/PayloadsAllTheThings/File Inclusion/Intruders/BSD-files.txt,badusb,_unclassified,Bruce-Scripts-Heaven_BAD,classified-unmatched
sd_card_content/badusb_extra_payloads/_unclassified/Bruce-Scripts-Heaven_BAD/BadUSB-FalsePhilosopher/Misc/Cheat_Sheets/PayloadsAllTheThings/File Inclusion/Intruders/List_Of_File_To_Include_NullByteAdded.txt,badusb,_unclassified,Bruce-Scripts-Heaven_BAD,classified-unmatched
sd_card_content/badusb_extra_payloads/_unclassified/Bruce-Scripts-Heaven_BAD/BadUSB-FalsePhilosopher/Misc/Cheat_Sheets/PayloadsAllTheThings/File Inclusion/Intruders/LFI-FD-check.txt,badusb,_unclassified,Bruce-Scripts-Heaven_BAD,classified-unmatched
sd_card_content/badusb_extra_payloads/_unclassified/Bruce-Scripts-Heaven_BAD/BadUSB-FalsePhilosopher/Misc/Cheat_Sheets/PayloadsAllTheThings/Directory Traversal/Intruder/deep_traversal.txt,badusb,_unclassified,Bruce-Scripts-Heaven_BAD,classified-unmatched
sd_card_content/badusb_extra_payloads/_unclassified/Bruce-Scripts-Heaven_BAD/BadUSB-FalsePhilosopher/Misc/Cheat_Sheets/PayloadsAllTheThings/Directory Traversal/Intruder/dotdotpwn.txt,badusb,_unclassified,Bruce-Scripts-Heaven_BAD,classified-unmatched
sd_card_content/badusb_extra_payloads/_unclassified/Bruce-Scripts-Heaven_BAD/BadUSB-FalsePhilosopher/Misc/Cheat_Sheets/PayloadsAllTheThings/Directory Traversal/Intruder/directory_traversal.txt,badusb,_unclassified,Bruce-Scripts-Heaven_BAD,classified-unmatched
sd_card_content/badusb_extra_payloads/_unclassified/Bruce-Scripts-Heaven_BAD/BadUSB-FalsePhilosopher/Misc/Cheat_Sheets/PayloadsAllTheThings/Directory Traversal/Intruder/traversals-8-deep-exotic-encoding.txt,badusb,_unclassified,Bruce-Scripts-Heaven_BAD,classified-unmatched
sd_card_content/badusb_extra_payloads/_unclassified/Bruce-Scripts-Heaven_BAD/BadUSB-FalsePhilosopher/Misc/Cheat_Sheets/PayloadsAllTheThings/XSS Injection/Intruders/BRUTELOGIC-XSS-STRINGS.txt,badusb,_unclassified,Bruce-Scripts-Heaven_BAD,classified-unmatched
sd_card_content/badusb_extra_payloads/data_exfiltration/Unix-like/macOS/directly_ready/Bruce-Scripts-Heaven_BAD/BadUSB-FalsePhilosopher/Misc/Cheat_Sheets/PayloadsAllTheThings/XSS Injection/Intruders/MarioXSSVectors.txt,badusb,data_exfiltration,Bruce-Scripts-Heaven_BAD,classified
sd_card_content/badusb_extra_payloads/destruction/Win/directly_ready/Bruce-Scripts-Heaven_BAD/BadUSB-FalsePhilosopher/Misc/Cheat_Sheets/PayloadsAllTheThings/XSS Injection/Intruders/0xcela_event_handlers.txt,badusb,destruction,Bruce-Scripts-Heaven_BAD,classified
sd_card_content/badusb_extra_payloads/_unclassified/Bruce-Scripts-Heaven_BAD/BadUSB-FalsePhilosopher/Misc/Cheat_Sheets/PayloadsAllTheThings/XSS Injection/Intruders/XSSDetection.txt,badusb,_unclassified,Bruce-Scripts-Heaven_BAD,classified-unmatched
sd_card_content/badusb_extra_payloads/_unclassified/Bruce-Scripts-Heaven_BAD/BadUSB-FalsePhilosopher/Misc/Cheat_Sheets/PayloadsAllTheThings/XSS Injection/Intruders/JHADDIX_XSS.txt,badusb,_unclassified,Bruce-Scripts-Heaven_BAD,classified-unmatched
sd_card_content/badusb_extra_payloads/remote_access/Unix-like/macOS/directly_ready/Bruce-Scripts-Heaven_BAD/BadUSB-FalsePhilosopher/Misc/Cheat_Sheets/PayloadsAllTheThings/XSS Injection/Intruders/xss_alert.txt,badusb,remote_access,Bruce-Scripts-Heaven_BAD,classified
sd_card_content/badusb_extra_payloads/_unclassified/Bruce-Scripts-Heaven_BAD/BadUSB-FalsePhilosopher/Misc/Cheat_Sheets/PayloadsAllTheThings/XSS Injection/Intruders/jsonp_endpoint.txt,badusb,_unclassified,Bruce-Scripts-Heaven_BAD,classified-unmatched
sd_card_content/badusb_extra_payloads/_unclassified/Bruce-Scripts-Heaven_BAD/BadUSB-FalsePhilosopher/Misc/Cheat_Sheets/PayloadsAllTheThings/XSS Injection/Intruders/xss_payloads_quick.txt,badusb,_unclassified,Bruce-Scripts-Heaven_BAD,classified-unmatched
sd_card_content/badusb_extra_payloads/_unclassified/Bruce-Scripts-Heaven_BAD/BadUSB-FalsePhilosopher/Misc/Cheat_Sheets/PayloadsAllTheThings/XSS Injection/Intruders/RSNAKE_XSS.txt,badusb,_unclassified,Bruce-Scripts-Heaven_BAD,classified-unmatched
sd_card_content/badusb_extra_payloads/_unclassified/Bruce-Scripts-Heaven_BAD/BadUSB-FalsePhilosopher/Misc/Cheat_Sheets/PayloadsAllTheThings/XSS Injection/Intruders/xss_swf_fuzz.txt,badusb,_unclassified,Bruce-Scripts-Heaven_BAD,classified-unmatched
sd_card_content/badusb_extra_payloads/_unclassified/Bruce-Scripts-Heaven_BAD/BadUSB-FalsePhilosopher/Misc/Cheat_Sheets/PayloadsAllTheThings/XSS Injection/Intruders/BRUTELOGIC-XSS-JS.txt,badusb,_unclassified,Bruce-Scripts-Heaven_BAD,classified-unmatched
sd_card_content/badusb_extra_payloads/_unclassified/Bruce-Scripts-Heaven_BAD/BadUSB-FalsePhilosopher/Misc/Cheat_Sheets/PayloadsAllTheThings/XSS Injection/Intruders/XSS_Polyglots.txt,badusb,_unclassified,Bruce-Scripts-Heaven_BAD,classified-unmatched
sd_card_content/badusb_extra_payloads/destruction/Win/directly_ready/Bruce-Scripts-Heaven_BAD/BadUSB-FalsePhilosopher/Misc/Cheat_Sheets/PayloadsAllTheThings/Web Cache Deception/Intruders/param_miner_lowercase_headers.txt,badusb,destruction,Bruce-Scripts-Heaven_BAD,classified
sd_card_content/badusb_extra_payloads/_unclassified/Bruce-Scripts-Heaven_BAD/BadUSB-FalsePhilosopher/Misc/Cheat_Sheets/PayloadsAllTheThings/NoSQL Injection/Intruder/NoSQL.txt,badusb,_unclassified,Bruce-Scripts-Heaven_BAD,classified-unmatched
sd_card_content/badusb_extra_payloads/_unclassified/Bruce-Scripts-Heaven_BAD/BadUSB-FalsePhilosopher/Misc/Cheat_Sheets/PayloadsAllTheThings/Open Redirect/Intruder/openredirects.txt,badusb,_unclassified,Bruce-Scripts-Heaven_BAD,classified-unmatched
sd_card_content/badusb_extra_payloads/_unclassified/Bruce-Scripts-Heaven_BAD/BadUSB-FalsePhilosopher/Misc/Cheat_Sheets/PayloadsAllTheThings/Open Redirect/Intruder/Open-Redirect-payloads.txt,badusb,_unclassified,Bruce-Scripts-Heaven_BAD,classified-unmatched
sd_card_content/badusb_extra_payloads/utilities/Win/directly_ready/Bruce-Scripts-Heaven_BAD/BadUSB-FalsePhilosopher/Misc/Cheat_Sheets/PayloadsAllTheThings/Open Redirect/Intruder/open_redirect_wordlist.txt,badusb,utilities,Bruce-Scripts-Heaven_BAD,classified
sd_card_content/badusb_extra_payloads/_unclassified/Bruce-Scripts-Heaven_BAD/BadUSB-FalsePhilosopher/Misc/Cheat_Sheets/PayloadsAllTheThings/SQL Injection/Intruder/Generic_TimeBased.txt,badusb,_unclassified,Bruce-Scripts-Heaven_BAD,classified-unmatched
sd_card_content/badusb_extra_payloads/_unclassified/Bruce-Scripts-Heaven_BAD/BadUSB-FalsePhilosopher/Misc/Cheat_Sheets/PayloadsAllTheThings/SQL Injection/Intruder/Generic_UnionSelect.txt,badusb,_unclassified,Bruce-Scripts-Heaven_BAD,classified-unmatched
sd_card_content/badusb_extra_payloads/_unclassified/Bruce-Scripts-Heaven_BAD/BadUSB-FalsePhilosopher/Misc/Cheat_Sheets/PayloadsAllTheThings/SQL Injection/Intruder/Auth_Bypass.txt,badusb,_unclassified,Bruce-Scripts-Heaven_BAD,classified-unmatched
sd_card_content/badusb_extra_payloads/_unclassified/Bruce-Scripts-Heaven_BAD/BadUSB-FalsePhilosopher/Misc/Cheat_Sheets/PayloadsAllTheThings/SQL Injection/Intruder/FUZZDB_MSSQL-WHERE_Time.txt,badusb,_unclassified,Bruce-Scripts-Heaven_BAD,classified-unmatched
sd_card_content/badusb_extra_payloads/_unclassified/Bruce-Scripts-Heaven_BAD/BadUSB-FalsePhilosopher/Misc/Cheat_Sheets/PayloadsAllTheThings/SQL Injection/Intruder/SQLi_Polyglots.txt,badusb,_unclassified,Bruce-Scripts-Heaven_BAD,classified-unmatched
sd_card_content/badusb_extra_payloads/_unclassified/Bruce-Scripts-Heaven_BAD/BadUSB-FalsePhilosopher/Misc/Cheat_Sheets/PayloadsAllTheThings/SQL Injection/Intruder/Auth_Bypass2.txt,badusb,_unclassified,Bruce-Scripts-Heaven_BAD,classified-unmatched
sd_card_content/badusb_extra_payloads/discovery/Win/directly_ready/Bruce-Scripts-Heaven_BAD/BadUSB-FalsePhilosopher/Misc/Cheat_Sheets/PayloadsAllTheThings/SQL Injection/Intruder/FUZZDB_MSSQL_Enumeration.txt,badusb,discovery,Bruce-Scripts-Heaven_BAD,classified
sd_card_content/badusb_extra_payloads/_unclassified/Bruce-Scripts-Heaven_BAD/BadUSB-FalsePhilosopher/Misc/Cheat_Sheets/PayloadsAllTheThings/SQL Injection/Intruder/Generic_Fuzz.txt,badusb,_unclassified,Bruce-Scripts-Heaven_BAD,classified-unmatched
sd_card_content/badusb_extra_payloads/_unclassified/Bruce-Scripts-Heaven_BAD/BadUSB-FalsePhilosopher/Misc/Cheat_Sheets/PayloadsAllTheThings/SQL Injection/Intruder/FUZZDB_MySQL_ReadLocalFiles.txt,badusb,_unclassified,Bruce-Scripts-Heaven_BAD,classified-unmatched
sd_card_content/badusb_extra_payloads/_unclassified/Bruce-Scripts-Heaven_BAD/BadUSB-FalsePhilosopher/Misc/Cheat_Sheets/PayloadsAllTheThings/SQL Injection/Intruder/Generic_ErrorBased.txt,badusb,_unclassified,Bruce-Scripts-Heaven_BAD,classified-unmatched
sd_card_content/badusb_extra_payloads/_unclassified/Bruce-Scripts-Heaven_BAD/BadUSB-FalsePhilosopher/Misc/Cheat_Sheets/PayloadsAllTheThings/SQL Injection/Intruder/FUZZDB_MySQL-WHERE_Time.txt,badusb,_unclassified,Bruce-Scripts-Heaven_BAD,classified-unmatched
sd_card_content/badusb_extra_payloads/_unclassified/Bruce-Scripts-Heaven_BAD/BadUSB-FalsePhilosopher/Misc/Cheat_Sheets/PayloadsAllTheThings/SQL Injection/Intruder/FUZZDB_MSSQL.txt,badusb,_unclassified,Bruce-Scripts-Heaven_BAD,classified-unmatched
sd_card_content/badusb_extra_payloads/_unclassified/Bruce-Scripts-Heaven_BAD/BadUSB-FalsePhilosopher/Misc/Cheat_Sheets/PayloadsAllTheThings/SQL Injection/Intruder/FUZZDB_MYSQL.txt,badusb,_unclassified,Bruce-Scripts-Heaven_BAD,classified-unmatched
sd_card_content/badusb_extra_payloads/_unclassified/Bruce-Scripts-Heaven_BAD/BadUSB-FalsePhilosopher/Misc/Cheat_Sheets/PayloadsAllTheThings/SQL Injection/Intruder/FUZZDB_Postgres_Enumeration.txt,badusb,_unclassified,Bruce-Scripts-Heaven_BAD,classified-unmatched
sd_card_content/badusb_extra_payloads/authentication/Win/directly_ready/Bruce-Scripts-Heaven_BAD/BadUSB-FalsePhilosopher/Misc/Cheat_Sheets/PayloadsAllTheThings/SQL Injection/Intruder/FUZZDB_Oracle.txt,badusb,authentication,Bruce-Scripts-Heaven_BAD,classified
sd_card_content/badusb_extra_payloads/remote_access/Win/directly_ready/Bruce-Scripts-Heaven_BAD/BadUSB-FalsePhilosopher/Misc/Cheat_Sheets/PayloadsAllTheThings/API Key Leaks/Files/MachineKeys.txt,badusb,remote_access,Bruce-Scripts-Heaven_BAD,classified
sd_card_content/badusb_extra_payloads/_unclassified/Bruce-Scripts-Heaven_BAD/BadUSB-FalsePhilosopher/Misc/Cheat_Sheets/PayloadsAllTheThings/LDAP Injection/Intruder/LDAP_attributes.txt,badusb,_unclassified,Bruce-Scripts-Heaven_BAD,classified-unmatched
sd_card_content/badusb_extra_payloads/_unclassified/Bruce-Scripts-Heaven_BAD/BadUSB-FalsePhilosopher/Misc/Cheat_Sheets/PayloadsAllTheThings/LDAP Injection/Intruder/LDAP_FUZZ.txt,badusb,_unclassified,Bruce-Scripts-Heaven_BAD,classified-unmatched
sd_card_content/badusb_extra_payloads/_unclassified/Bruce-Scripts-Heaven_BAD/BadUSB-FalsePhilosopher/Misc/Cheat_Sheets/PayloadsAllTheThings/CRLF Injection/crlfinjection.txt,badusb,_unclassified,Bruce-Scripts-Heaven_BAD,classified-unmatched
sd_card_content/badusb_extra_payloads/_unclassified/Bruce-Scripts-Heaven_BAD/BadUSB-FalsePhilosopher/Misc/Cheat_Sheets/PayloadsAllTheThings/Server Side Request Forgery/Files/ip.py,badusb,_unclassified,Bruce-Scripts-Heaven_BAD,classified-unmatched
sd_card_content/badusb_extra_payloads/_unclassified/Bruce-Scripts-Heaven_BAD/BadUSB-FalsePhilosopher/Misc/Cheat_Sheets/PayloadsAllTheThings/CVE Exploits/Docker API RCE.py,badusb,_unclassified,Bruce-Scripts-Heaven_BAD,classified-unmatched
sd_card_content/badusb_extra_payloads/data_exfiltration/Win/directly_ready/Bruce-Scripts-Heaven_BAD/BadUSB-FalsePhilosopher/Misc/Cheat_Sheets/PayloadsAllTheThings/CVE Exploits/Heartbleed CVE-2014-0160.py,badusb,data_exfiltration,Bruce-Scripts-Heaven_BAD,classified
sd_card_content/badusb_extra_payloads/_unclassified/Bruce-Scripts-Heaven_BAD/BadUSB-FalsePhilosopher/Misc/Cheat_Sheets/PayloadsAllTheThings/CVE Exploits/Citrix CVE-2019-19781.py,badusb,_unclassified,Bruce-Scripts-Heaven_BAD,classified-unmatched
sd_card_content/badusb_extra_payloads/_unclassified/Bruce-Scripts-Heaven_BAD/BadUSB-FalsePhilosopher/Misc/Cheat_Sheets/PayloadsAllTheThings/CVE Exploits/Jenkins Groovy Console.py,badusb,_unclassified,Bruce-Scripts-Heaven_BAD,classified-unmatched
sd_card_content/badusb_extra_payloads/_unclassified/Bruce-Scripts-Heaven_BAD/BadUSB-FalsePhilosopher/Misc/Cheat_Sheets/PayloadsAllTheThings/CVE Exploits/WebLogic CVE-2017-10271.py,badusb,_unclassified,Bruce-Scripts-Heaven_BAD,classified-unmatched
sd_card_content/badusb_extra_payloads/_unclassified/Bruce-Scripts-Heaven_BAD/BadUSB-FalsePhilosopher/Misc/Cheat_Sheets/PayloadsAllTheThings/CVE Exploits/Telerik CVE-2019-18935.py,badusb,_unclassified,Bruce-Scripts-Heaven_BAD,classified-unmatched
sd_card_content/badusb_extra_payloads/_unclassified/Bruce-Scripts-Heaven_BAD/BadUSB-FalsePhilosopher/Misc/Cheat_Sheets/PayloadsAllTheThings/CVE Exploits/Tomcat CVE-2017-12617.py,badusb,_unclassified,Bruce-Scripts-Heaven_BAD,classified-unmatched
sd_card_content/badusb_extra_payloads/_unclassified/Bruce-Scripts-Heaven_BAD/BadUSB-FalsePhilosopher/Misc/Cheat_Sheets/PayloadsAllTheThings/CVE Exploits/Jenkins CVE-2015-8103.py,badusb,_unclassified,Bruce-Scripts-Heaven_BAD,classified-unmatched
sd_card_content/badusb_extra_payloads/_unclassified/Bruce-Scripts-Heaven_BAD/BadUSB-FalsePhilosopher/Misc/Cheat_Sheets/PayloadsAllTheThings/Command Injection/Intruder/command-execution-unix.txt,badusb,_unclassified,Bruce-Scripts-Heaven_BAD,classified-unmatched
sd_card_content/badusb_extra_payloads/remote_access/Win/directly_ready/Bruce-Scripts-Heaven_BAD/BadUSB-FalsePhilosopher/Misc/Cheat_Sheets/PayloadsAllTheThings/Command Injection/Intruder/command_exec.txt,badusb,remote_access,Bruce-Scripts-Heaven_BAD,classified
sd_card_content/badusb_extra_payloads/_unclassified/Bruce-Scripts-Heaven_BAD/BadUSB-FalsePhilosopher/Misc/Web/Demiguise/LICENSE.txt,badusb,_unclassified,Bruce-Scripts-Heaven_BAD,classified-unmatched
sd_card_content/badusb_extra_payloads/_unclassified/Bruce-Scripts-Heaven_BAD/BadUSB-FalsePhilosopher/Misc/Web/Demiguise/templates/hta_template.txt,badusb,_unclassified,Bruce-Scripts-Heaven_BAD,classified-unmatched
sd_card_content/badusb_extra_payloads/destruction/Win/directly_ready/Bruce-Scripts-Heaven_BAD/BadUSB-FalsePhilosopher/Misc/Web/Demiguise/templates/xll_hta.txt,badusb,destruction,Bruce-Scripts-Heaven_BAD,classified
sd_card_content/badusb_extra_payloads/_unclassified/Bruce-Scripts-Heaven_BAD/BadUSB-FalsePhilosopher/Misc/Web/Demiguise/examples/externalip.js,badusb,_unclassified,Bruce-Scripts-Heaven_BAD,classified-unmatched
sd_card_content/badusb_extra_payloads/_unclassified/Bruce-Scripts-Heaven_BAD/BadUSB-FalsePhilosopher/Misc/Web/Demiguise/examples/virginkey.js,badusb,_unclassified,Bruce-Scripts-Heaven_BAD,classified-unmatched
sd_card_content/badusb_extra_payloads/_unclassified/Bruce-Scripts-Heaven_BAD/BadUSB-FalsePhilosopher/Misc/Web/Pasta/requirements.txt,badusb,_unclassified,Bruce-Scripts-Heaven_BAD,classified-unmatched
sd_card_content/badusb_extra_payloads/data_exfiltration/Unix-like/macOS/directly_ready/Bruce-Scripts-Heaven_BAD/BadUSB-FalsePhilosopher/Misc/Web/Pasta/pasta.py,badusb,data_exfiltration,Bruce-Scripts-Heaven_BAD,classified
sd_card_content/badusb_extra_payloads/data_exfiltration/Win/directly_ready/Bruce-Scripts-Heaven_BAD/BadUSB-FalsePhilosopher/Misc/Web/Pasta/output/users/Madmouse/Pastebin-5t8x0LMP.txt,badusb,data_exfiltration,Bruce-Scripts-Heaven_BAD,classified
sd_card_content/badusb_extra_payloads/data_exfiltration/Unix-like/Linux/directly_ready/Bruce-Scripts-Heaven_BAD/BadUSB-FalsePhilosopher/Misc/Web/Pasta/output/users/Madmouse/Pastebin-QKAYpZBk.txt,badusb,data_exfiltration,Bruce-Scripts-Heaven_BAD,classified
sd_card_content/badusb_extra_payloads/data_exfiltration/Win/directly_ready/Bruce-Scripts-Heaven_BAD/BadUSB-FalsePhilosopher/Misc/Web/Pasta/output/users/Madmouse/Pastebin-3HcHCZV9.txt,badusb,data_exfiltration,Bruce-Scripts-Heaven_BAD,classified
sd_card_content/badusb_extra_payloads/data_exfiltration/Win/directly_ready/Bruce-Scripts-Heaven_BAD/BadUSB-FalsePhilosopher/Misc/Web/Pasta/output/users/Madmouse/Pastebin-E9DZ5Pk7.txt,badusb,data_exfiltration,Bruce-Scripts-Heaven_BAD,classified
sd_card_content/badusb_extra_payloads/data_exfiltration/Unix-like/Linux/directly_ready/Bruce-Scripts-Heaven_BAD/BadUSB-FalsePhilosopher/Misc/Web/Pasta/output/users/Madmouse/Pastebin-pHgEdHyw.txt,badusb,data_exfiltration,Bruce-Scripts-Heaven_BAD,classified
sd_card_content/badusb_extra_payloads/data_exfiltration/Win/directly_ready/Bruce-Scripts-Heaven_BAD/BadUSB-FalsePhilosopher/Misc/Web/Pasta/output/users/Madmouse/Pastebin-nW17GWcr.txt,badusb,data_exfiltration,Bruce-Scripts-Heaven_BAD,classified
sd_card_content/badusb_extra_payloads/data_exfiltration/Win/directly_ready/Bruce-Scripts-Heaven_BAD/BadUSB-FalsePhilosopher/Misc/Web/Pasta/output/users/Madmouse/Pastebin-QuywAhqG.txt,badusb,data_exfiltration,Bruce-Scripts-Heaven_BAD,classified
sd_card_content/badusb_extra_payloads/data_exfiltration/Win/directly_ready/Bruce-Scripts-Heaven_BAD/BadUSB-FalsePhilosopher/Misc/Web/Pasta/output/users/Madmouse/Pastebin-5ips64A0.txt,badusb,data_exfiltration,Bruce-Scripts-Heaven_BAD,classified
sd_card_content/badusb_extra_payloads/data_exfiltration/Win/directly_ready/Bruce-Scripts-Heaven_BAD/BadUSB-FalsePhilosopher/Misc/Web/Pasta/output/users/Madmouse/Pastebin-9NLHYzgy.txt,badusb,data_exfiltration,Bruce-Scripts-Heaven_BAD,classified
sd_card_content/badusb_extra_payloads/data_exfiltration/Win/directly_ready/Bruce-Scripts-Heaven_BAD/BadUSB-FalsePhilosopher/Misc/Web/Pasta/output/users/Madmouse/Pastebin-pqnVEhzK.txt,badusb,data_exfiltration,Bruce-Scripts-Heaven_BAD,classified
sd_card_content/badusb_extra_payloads/data_exfiltration/Win/directly_ready/Bruce-Scripts-Heaven_BAD/BadUSB-FalsePhilosopher/Misc/Web/Pasta/output/users/Madmouse/Pastebin-Ux5mnhG2.txt,badusb,data_exfiltration,Bruce-Scripts-Heaven_BAD,classified
sd_card_content/badusb_extra_payloads/data_exfiltration/Win/directly_ready/Bruce-Scripts-Heaven_BAD/BadUSB-FalsePhilosopher/Misc/Web/Pasta/output/users/Madmouse/Pastebin-Yt1aD3zA.txt,badusb,data_exfiltration,Bruce-Scripts-Heaven_BAD,classified
sd_card_content/badusb_extra_payloads/data_exfiltration/Win/directly_ready/Bruce-Scripts-Heaven_BAD/BadUSB-FalsePhilosopher/Misc/Web/Pasta/output/users/Madmouse/Pastebin-RH1egwi6.txt,badusb,data_exfiltration,Bruce-Scripts-Heaven_BAD,classified
sd_card_content/badusb_extra_payloads/data_exfiltration/Win/directly_ready/Bruce-Scripts-Heaven_BAD/BadUSB-FalsePhilosopher/Misc/Web/Pasta/output/users/Madmouse/Pastebin-AA0GYHFH.txt,badusb,data_exfiltration,Bruce-Scripts-Heaven_BAD,classified
sd_card_content/badusb_extra_payloads/data_exfiltration/Win/directly_ready/Bruce-Scripts-Heaven_BAD/BadUSB-FalsePhilosopher/Misc/Web/Pasta/output/users/Madmouse/Pastebin-Nuq4SmXj.txt,badusb,data_exfiltration,Bruce-Scripts-Heaven_BAD,classified
sd_card_content/badusb_extra_payloads/data_exfiltration/Win/directly_ready/Bruce-Scripts-Heaven_BAD/BadUSB-FalsePhilosopher/Misc/Web/Pasta/output/users/Madmouse/Pastebin-wHANy4Ts.txt,badusb,data_exfiltration,Bruce-Scripts-Heaven_BAD,classified
sd_card_content/badusb_extra_payloads/data_exfiltration/Win/directly_ready/Bruce-Scripts-Heaven_BAD/BadUSB-FalsePhilosopher/Misc/Web/Pasta/output/users/Madmouse/Pastebin-gQrWVYPA.txt,badusb,data_exfiltration,Bruce-Scripts-Heaven_BAD,classified
sd_card_content/badusb_extra_payloads/data_exfiltration/Win/directly_ready/Bruce-Scripts-Heaven_BAD/BadUSB-FalsePhilosopher/Misc/Web/Pasta/output/users/Madmouse/Pastebin-WFHMH2f6.txt,badusb,data_exfiltration,Bruce-Scripts-Heaven_BAD,classified
sd_card_content/badusb_extra_payloads/data_exfiltration/Win/directly_ready/Bruce-Scripts-Heaven_BAD/BadUSB-FalsePhilosopher/Misc/Web/Pasta/output/users/Madmouse/Pastebin-seYMaSL3.txt,badusb,data_exfiltration,Bruce-Scripts-Heaven_BAD,classified
sd_card_content/badusb_extra_payloads/data_exfiltration/Win/directly_ready/Bruce-Scripts-Heaven_BAD/BadUSB-FalsePhilosopher/Misc/Web/Pasta/output/users/Madmouse/Pastebin-3Kdp1aRK.txt,badusb,data_exfiltration,Bruce-Scripts-Heaven_BAD,classified
sd_card_content/badusb_extra_payloads/data_exfiltration/Win/directly_ready/Bruce-Scripts-Heaven_BAD/BadUSB-FalsePhilosopher/Misc/Web/Pasta/output/users/Madmouse/Pastebin-8grTWEME.txt,badusb,data_exfiltration,Bruce-Scripts-Heaven_BAD,classified
sd_card_content/badusb_extra_payloads/data_exfiltration/Win/directly_ready/Bruce-Scripts-Heaven_BAD/BadUSB-FalsePhilosopher/Misc/Web/Pasta/output/users/Madmouse/Pastebin-xexFMGME.txt,badusb,data_exfiltration,Bruce-Scripts-Heaven_BAD,classified
sd_card_content/badusb_extra_payloads/data_exfiltration/Win/directly_ready/Bruce-Scripts-Heaven_BAD/BadUSB-FalsePhilosopher/Misc/Web/Pasta/output/users/Madmouse/Pastebin-eQBDAAvt.txt,badusb,data_exfiltration,Bruce-Scripts-Heaven_BAD,classified
sd_card_content/badusb_extra_payloads/data_exfiltration/Win/directly_ready/Bruce-Scripts-Heaven_BAD/BadUSB-FalsePhilosopher/Misc/Web/Pasta/output/users/Madmouse/Pastebin-Y8eiNLPW.txt,badusb,data_exfiltration,Bruce-Scripts-Heaven_BAD,classified
sd_card_content/badusb_extra_payloads/data_exfiltration/Win/directly_ready/Bruce-Scripts-Heaven_BAD/BadUSB-FalsePhilosopher/Misc/Web/Pasta/output/users/Madmouse/Pastebin-T3jNhHge.txt,badusb,data_exfiltration,Bruce-Scripts-Heaven_BAD,classified
sd_card_content/badusb_extra_payloads/data_exfiltration/Win/directly_ready/Bruce-Scripts-Heaven_BAD/BadUSB-FalsePhilosopher/Misc/Web/Pasta/output/users/Madmouse/Pastebin-4MQuRc4y.txt,badusb,data_exfiltration,Bruce-Scripts-Heaven_BAD,classified
sd_card_content/badusb_extra_payloads/data_exfiltration/Win/directly_ready/Bruce-Scripts-Heaven_BAD/BadUSB-FalsePhilosopher/Misc/Web/Pasta/output/users/Madmouse/Pastebin-vbA6JNx8.txt,badusb,data_exfiltration,Bruce-Scripts-Heaven_BAD,classified
sd_card_content/badusb_extra_payloads/data_exfiltration/Win/directly_ready/Bruce-Scripts-Heaven_BAD/BadUSB-FalsePhilosopher/Misc/Web/Pasta/output/users/Madmouse/Pastebin-AxYHqY0S.txt,badusb,data_exfiltration,Bruce-Scripts-Heaven_BAD,classified
sd_card_content/badusb_extra_payloads/data_exfiltration/Win/directly_ready/Bruce-Scripts-Heaven_BAD/BadUSB-FalsePhilosopher/Misc/Web/Pasta/output/users/Madmouse/Pastebin-QU44cCTJ.txt,badusb,data_exfiltration,Bruce-Scripts-Heaven_BAD,classified
sd_card_content/badusb_extra_payloads/data_exfiltration/Win/directly_ready/Bruce-Scripts-Heaven_BAD/BadUSB-FalsePhilosopher/Misc/Web/Pasta/output/users/Madmouse/Pastebin-ZY4dQmsA.txt,badusb,data_exfiltration,Bruce-Scripts-Heaven_BAD,classified
sd_card_content/badusb_extra_payloads/data_exfiltration/Win/directly_ready/Bruce-Scripts-Heaven_BAD/BadUSB-FalsePhilosopher/Misc/Web/Pasta/output/users/Madmouse/Pastebin-3AX7pp72.txt,badusb,data_exfiltration,Bruce-Scripts-Heaven_BAD,classified
sd_card_content/badusb_extra_payloads/data_exfiltration/Win/directly_ready/Bruce-Scripts-Heaven_BAD/BadUSB-FalsePhilosopher/Misc/Web/Pasta/output/users/Madmouse/Pastebin-bH34W6mT.txt,badusb,data_exfiltration,Bruce-Scripts-Heaven_BAD,classified
sd_card_content/badusb_extra_payloads/data_exfiltration/Win/directly_ready/Bruce-Scripts-Heaven_BAD/BadUSB-FalsePhilosopher/Misc/Web/Pasta/output/users/Madmouse/Pastebin-cyauduG6.txt,badusb,data_exfiltration,Bruce-Scripts-Heaven_BAD,classified
sd_card_content/badusb_extra_payloads/data_exfiltration/Win/directly_ready/Bruce-Scripts-Heaven_BAD/BadUSB-FalsePhilosopher/Misc/Web/Pasta/output/users/Madmouse/Pastebin-VM0EhZ7Q.txt,badusb,data_exfiltration,Bruce-Scripts-Heaven_BAD,classified
sd_card_content/badusb_extra_payloads/data_exfiltration/Win/directly_ready/Bruce-Scripts-Heaven_BAD/BadUSB-FalsePhilosopher/Misc/Web/Pasta/output/users/Madmouse/Pastebin-ysbXzvRZ.txt,badusb,data_exfiltration,Bruce-Scripts-Heaven_BAD,classified
sd_card_content/badusb_extra_payloads/data_exfiltration/Win/directly_ready/Bruce-Scripts-Heaven_BAD/BadUSB-FalsePhilosopher/Misc/Web/Pasta/output/users/Madmouse/Pastebin-iNR6mJXD.txt,badusb,data_exfiltration,Bruce-Scripts-Heaven_BAD,classified
sd_card_content/badusb_extra_payloads/data_exfiltration/Win/directly_ready/Bruce-Scripts-Heaven_BAD/BadUSB-FalsePhilosopher/Misc/Web/Pasta/output/users/Madmouse/Pastebin-cm7Jn5AZ.txt,badusb,data_exfiltration,Bruce-Scripts-Heaven_BAD,classified
sd_card_content/badusb_extra_payloads/data_exfiltration/Win/directly_ready/Bruce-Scripts-Heaven_BAD/BadUSB-FalsePhilosopher/Misc/Web/Pasta/output/users/Madmouse/Pastebin-QZuwXWwZ.txt,badusb,data_exfiltration,Bruce-Scripts-Heaven_BAD,classified
sd_card_content/badusb_extra_payloads/data_exfiltration/Win/directly_ready/Bruce-Scripts-Heaven_BAD/BadUSB-FalsePhilosopher/Misc/Web/Pasta/output/users/Madmouse/Pastebin-72fhxDvF.txt,badusb,data_exfiltration,Bruce-Scripts-Heaven_BAD,classified
sd_card_content/badusb_extra_payloads/data_exfiltration/Win/directly_ready/Bruce-Scripts-Heaven_BAD/BadUSB-FalsePhilosopher/Misc/Web/Pasta/output/users/Madmouse/Pastebin-9J6ExCB9.txt,badusb,data_exfiltration,Bruce-Scripts-Heaven_BAD,classified
sd_card_content/badusb_extra_payloads/data_exfiltration/Win/directly_ready/Bruce-Scripts-Heaven_BAD/BadUSB-FalsePhilosopher/Misc/Web/Pasta/output/users/Madmouse/Pastebin-5GvUdbTi.txt,badusb,data_exfiltration,Bruce-Scripts-Heaven_BAD,classified
sd_card_content/badusb_extra_payloads/data_exfiltration/Win/directly_ready/Bruce-Scripts-Heaven_BAD/BadUSB-FalsePhilosopher/Misc/Web/Pasta/output/users/Madmouse/Pastebin-Gf0qxC1i.txt,badusb,data_exfiltration,Bruce-Scripts-Heaven_BAD,classified
sd_card_content/badusb_extra_payloads/data_exfiltration/Win/directly_ready/Bruce-Scripts-Heaven_BAD/BadUSB-FalsePhilosopher/Misc/Web/Pasta/output/users/Madmouse/Pastebin-41NtA9kV.txt,badusb,data_exfiltration,Bruce-Scripts-Heaven_BAD,classified
sd_card_content/badusb_extra_payloads/data_exfiltration/Win/directly_ready/Bruce-Scripts-Heaven_BAD/BadUSB-FalsePhilosopher/Misc/Web/Pasta/output/users/Madmouse/Pastebin-sfN5M2Ms.txt,badusb,data_exfiltration,Bruce-Scripts-Heaven_BAD,classified
sd_card_content/badusb_extra_payloads/data_exfiltration/Win/directly_ready/Bruce-Scripts-Heaven_BAD/BadUSB-FalsePhilosopher/Misc/Web/Pasta/output/users/Madmouse/Pastebin-mUQ02AHk.txt,badusb,data_exfiltration,Bruce-Scripts-Heaven_BAD,classified
sd_card_content/badusb_extra_payloads/data_exfiltration/Win/directly_ready/Bruce-Scripts-Heaven_BAD/BadUSB-FalsePhilosopher/Misc/Web/Pasta/output/users/Madmouse/Pastebin-xmZsCA3n.txt,badusb,data_exfiltration,Bruce-Scripts-Heaven_BAD,classified
sd_card_content/badusb_extra_payloads/data_exfiltration/Win/directly_ready/Bruce-Scripts-Heaven_BAD/BadUSB-FalsePhilosopher/Misc/Web/Pasta/output/users/Madmouse/Pastebin-pa0rdX5x.txt,badusb,data_exfiltration,Bruce-Scripts-Heaven_BAD,classified
sd_card_content/badusb_extra_payloads/data_exfiltration/Win/directly_ready/Bruce-Scripts-Heaven_BAD/BadUSB-FalsePhilosopher/Misc/Web/Pasta/output/users/Madmouse/Pastebin-fwPsVxJm.txt,badusb,data_exfiltration,Bruce-Scripts-Heaven_BAD,classified
sd_card_content/badusb_extra_payloads/data_exfiltration/Win/directly_ready/Bruce-Scripts-Heaven_BAD/BadUSB-FalsePhilosopher/Misc/Web/Pasta/output/users/Madmouse/Pastebin-uhjq9yNi.txt,badusb,data_exfiltration,Bruce-Scripts-Heaven_BAD,classified
sd_card_content/badusb_extra_payloads/data_exfiltration/Win/directly_ready/Bruce-Scripts-Heaven_BAD/BadUSB-FalsePhilosopher/Misc/Web/Pasta/output/users/Madmouse/Pastebin-LsDPbi7r.txt,badusb,data_exfiltration,Bruce-Scripts-Heaven_BAD,classified
sd_card_content/badusb_extra_payloads/data_exfiltration/Win/directly_ready/Bruce-Scripts-Heaven_BAD/BadUSB-FalsePhilosopher/Misc/Web/Pasta/output/users/Madmouse/Pastebin-DQ4G8TUU.txt,badusb,data_exfiltration,Bruce-Scripts-Heaven_BAD,classified
sd_card_content/badusb_extra_payloads/data_exfiltration/Win/directly_ready/Bruce-Scripts-Heaven_BAD/BadUSB-FalsePhilosopher/Misc/Web/Pasta/output/users/Madmouse/Pastebin-5nUWJzCF.txt,badusb,data_exfiltration,Bruce-Scripts-Heaven_BAD,classified
sd_card_content/badusb_extra_payloads/data_exfiltration/Win/directly_ready/Bruce-Scripts-Heaven_BAD/BadUSB-FalsePhilosopher/Misc/Web/Pasta/output/users/Madmouse/Pastebin-Cr1aM64M.txt,badusb,data_exfiltration,Bruce-Scripts-Heaven_BAD,classified
sd_card_content/badusb_extra_payloads/data_exfiltration/Win/directly_ready/Bruce-Scripts-Heaven_BAD/BadUSB-FalsePhilosopher/Misc/Web/Pasta/output/users/Madmouse/Pastebin-yn9SCU8W.txt,badusb,data_exfiltration,Bruce-Scripts-Heaven_BAD,classified
sd_card_content/badusb_extra_payloads/data_exfiltration/Win/directly_ready/Bruce-Scripts-Heaven_BAD/BadUSB-FalsePhilosopher/Misc/Web/Pasta/output/users/Madmouse/Pastebin-1PxSuSLP.txt,badusb,data_exfiltration,Bruce-Scripts-Heaven_BAD,classified
sd_card_content/badusb_extra_payloads/data_exfiltration/Win/directly_ready/Bruce-Scripts-Heaven_BAD/BadUSB-FalsePhilosopher/Misc/Web/Pasta/output/users/Madmouse/Pastebin-CRkQzzWX.txt,badusb,data_exfiltration,Bruce-Scripts-Heaven_BAD,classified
sd_card_content/badusb_extra_payloads/data_exfiltration/Win/directly_ready/Bruce-Scripts-Heaven_BAD/BadUSB-FalsePhilosopher/Misc/Web/Pasta/output/users/Madmouse/Pastebin-p9cc6QyB.txt,badusb,data_exfiltration,Bruce-Scripts-Heaven_BAD,classified
sd_card_content/badusb_extra_payloads/data_exfiltration/Unix-like/Linux/directly_ready/Bruce-Scripts-Heaven_BAD/BadUSB-FalsePhilosopher/Misc/Web/Pasta/output/users/Madmouse/Pastebin-LarumJZa.txt,badusb,data_exfiltration,Bruce-Scripts-Heaven_BAD,classified
sd_card_content/badusb_extra_payloads/data_exfiltration/Win/directly_ready/Bruce-Scripts-Heaven_BAD/BadUSB-FalsePhilosopher/Misc/Web/Pasta/output/users/Madmouse/Pastebin-Z1XZZzKw.txt,badusb,data_exfiltration,Bruce-Scripts-Heaven_BAD,classified
sd_card_content/badusb_extra_payloads/data_exfiltration/Win/directly_ready/Bruce-Scripts-Heaven_BAD/BadUSB-FalsePhilosopher/Misc/Web/Pasta/output/users/Madmouse/Pastebin-VzfAZeUf.txt,badusb,data_exfiltration,Bruce-Scripts-Heaven_BAD,classified
sd_card_content/badusb_extra_payloads/data_exfiltration/Win/directly_ready/Bruce-Scripts-Heaven_BAD/BadUSB-FalsePhilosopher/Misc/Web/Pasta/output/users/Madmouse/Pastebin-U0Db1HUZ.txt,badusb,data_exfiltration,Bruce-Scripts-Heaven_BAD,classified
sd_card_content/badusb_extra_payloads/data_exfiltration/Win/directly_ready/Bruce-Scripts-Heaven_BAD/BadUSB-FalsePhilosopher/Misc/Web/Pasta/output/users/Madmouse/Pastebin-1qeChaf1.txt,badusb,data_exfiltration,Bruce-Scripts-Heaven_BAD,classified
sd_card_content/badusb_extra_payloads/data_exfiltration/Win/directly_ready/Bruce-Scripts-Heaven_BAD/BadUSB-FalsePhilosopher/Misc/Web/Pasta/output/users/Madmouse/Pastebin-W9hwkYx6.txt,badusb,data_exfiltration,Bruce-Scripts-Heaven_BAD,classified
sd_card_content/badusb_extra_payloads/data_exfiltration/Unix-like/macOS/directly_ready/Bruce-Scripts-Heaven_BAD/BadUSB-FalsePhilosopher/Misc/Web/Pasta/output/users/Madmouse/Pastebin-F5qpBC2w.txt,badusb,data_exfiltration,Bruce-Scripts-Heaven_BAD,classified
sd_card_content/badusb_extra_payloads/data_exfiltration/Win/directly_ready/Bruce-Scripts-Heaven_BAD/BadUSB-FalsePhilosopher/Misc/Web/Pasta/output/users/Madmouse/Pastebin-zKuh3nd9.txt,badusb,data_exfiltration,Bruce-Scripts-Heaven_BAD,classified
sd_card_content/badusb_extra_payloads/data_exfiltration/Win/directly_ready/Bruce-Scripts-Heaven_BAD/BadUSB-FalsePhilosopher/Misc/Web/Pasta/output/users/Madmouse/Pastebin-LND3i41U.txt,badusb,data_exfiltration,Bruce-Scripts-Heaven_BAD,classified
sd_card_content/badusb_extra_payloads/data_exfiltration/Win/directly_ready/Bruce-Scripts-Heaven_BAD/BadUSB-FalsePhilosopher/Misc/Web/Pasta/output/users/Madmouse/Pastebin-rqKPijQS.txt,badusb,data_exfiltration,Bruce-Scripts-Heaven_BAD,classified
sd_card_content/badusb_extra_payloads/data_exfiltration/Win/directly_ready/Bruce-Scripts-Heaven_BAD/BadUSB-FalsePhilosopher/Misc/Web/Pasta/output/users/Madmouse/Pastebin-Kpg97w1v.txt,badusb,data_exfiltration,Bruce-Scripts-Heaven_BAD,classified
sd_card_content/badusb_extra_payloads/data_exfiltration/Win/directly_ready/Bruce-Scripts-Heaven_BAD/BadUSB-FalsePhilosopher/Misc/Web/Pasta/output/users/Madmouse/Pastebin-K9ZBveYM.txt,badusb,data_exfiltration,Bruce-Scripts-Heaven_BAD,classified
sd_card_content/badusb_extra_payloads/data_exfiltration/Win/directly_ready/Bruce-Scripts-Heaven_BAD/BadUSB-FalsePhilosopher/Misc/Web/Pasta/output/users/Madmouse/Pastebin-ncESc0np.txt,badusb,data_exfiltration,Bruce-Scripts-Heaven_BAD,classified
sd_card_content/badusb_extra_payloads/data_exfiltration/Win/directly_ready/Bruce-Scripts-Heaven_BAD/BadUSB-FalsePhilosopher/Misc/Web/Pasta/output/users/Madmouse/Pastebin-a7hA9c4M.txt,badusb,data_exfiltration,Bruce-Scripts-Heaven_BAD,classified
sd_card_content/badusb_extra_payloads/data_exfiltration/Win/directly_ready/Bruce-Scripts-Heaven_BAD/BadUSB-FalsePhilosopher/Misc/Web/Pasta/output/users/Madmouse/Pastebin-UQry1K2z.txt,badusb,data_exfiltration,Bruce-Scripts-Heaven_BAD,classified
sd_card_content/badusb_extra_payloads/data_exfiltration/Unix-like/Linux/directly_ready/Bruce-Scripts-Heaven_BAD/BadUSB-FalsePhilosopher/Misc/Web/Pasta/output/users/Madmouse/Pastebin-LaZpgeZ7.txt,badusb,data_exfiltration,Bruce-Scripts-Heaven_BAD,classified
sd_card_content/badusb_extra_payloads/data_exfiltration/Win/directly_ready/Bruce-Scripts-Heaven_BAD/BadUSB-FalsePhilosopher/Misc/Web/Pasta/output/users/Madmouse/Pastebin-WNqXdmtn.txt,badusb,data_exfiltration,Bruce-Scripts-Heaven_BAD,classified
sd_card_content/badusb_extra_payloads/data_exfiltration/Win/directly_ready/Bruce-Scripts-Heaven_BAD/BadUSB-FalsePhilosopher/Misc/Web/Pasta/output/users/Madmouse/Pastebin-7Hmvn3WE.txt,badusb,data_exfiltration,Bruce-Scripts-Heaven_BAD,classified
sd_card_content/badusb_extra_payloads/data_exfiltration/Win/directly_ready/Bruce-Scripts-Heaven_BAD/BadUSB-FalsePhilosopher/Misc/Web/Pasta/output/users/Madmouse/Pastebin-XF6nZnp6.txt,badusb,data_exfiltration,Bruce-Scripts-Heaven_BAD,classified
sd_card_content/badusb_extra_payloads/data_exfiltration/Win/directly_ready/Bruce-Scripts-Heaven_BAD/BadUSB-FalsePhilosopher/Misc/Web/Pasta/output/users/Madmouse/Pastebin-tGMW0Anq.txt,badusb,data_exfiltration,Bruce-Scripts-Heaven_BAD,classified
sd_card_content/badusb_extra_payloads/data_exfiltration/Android/directly_ready/Bruce-Scripts-Heaven_BAD/BadUSB-FalsePhilosopher/Misc/Web/Pasta/output/users/Madmouse/Pastebin-sjZyUkmn.txt,badusb,data_exfiltration,Bruce-Scripts-Heaven_BAD,classified
sd_card_content/badusb_extra_payloads/data_exfiltration/Win/directly_ready/Bruce-Scripts-Heaven_BAD/BadUSB-FalsePhilosopher/Misc/Web/Pasta/output/users/Madmouse/Pastebin-pmG65m0h.txt,badusb,data_exfiltration,Bruce-Scripts-Heaven_BAD,classified
sd_card_content/badusb_extra_payloads/data_exfiltration/Win/directly_ready/Bruce-Scripts-Heaven_BAD/BadUSB-FalsePhilosopher/Misc/Web/Pasta/output/users/Madmouse/Pastebin-9VbCtkcP.txt,badusb,data_exfiltration,Bruce-Scripts-Heaven_BAD,classified
sd_card_content/badusb_extra_payloads/data_exfiltration/Win/directly_ready/Bruce-Scripts-Heaven_BAD/BadUSB-FalsePhilosopher/Misc/Web/Pasta/output/users/Madmouse/Pastebin-B0bBdyjr.txt,badusb,data_exfiltration,Bruce-Scripts-Heaven_BAD,classified
sd_card_content/badusb_extra_payloads/data_exfiltration/Win/directly_ready/Bruce-Scripts-Heaven_BAD/BadUSB-FalsePhilosopher/Misc/Web/Pasta/output/users/Madmouse/Pastebin-7q4yExp0.txt,badusb,data_exfiltration,Bruce-Scripts-Heaven_BAD,classified
sd_card_content/badusb_extra_payloads/data_exfiltration/Win/directly_ready/Bruce-Scripts-Heaven_BAD/BadUSB-FalsePhilosopher/Misc/Web/Pasta/output/users/Madmouse/Pastebin-CAFYWexg.txt,badusb,data_exfiltration,Bruce-Scripts-Heaven_BAD,classified
sd_card_content/badusb_extra_payloads/data_exfiltration/Win/directly_ready/Bruce-Scripts-Heaven_BAD/BadUSB-FalsePhilosopher/Misc/Web/Pasta/output/users/Madmouse/Pastebin-iAYxjNdj.txt,badusb,data_exfiltration,Bruce-Scripts-Heaven_BAD,classified
sd_card_content/badusb_extra_payloads/data_exfiltration/Win/directly_ready/Bruce-Scripts-Heaven_BAD/BadUSB-FalsePhilosopher/Misc/Web/Pasta/output/users/Madmouse/Pastebin-43kHkHn9.txt,badusb,data_exfiltration,Bruce-Scripts-Heaven_BAD,classified
sd_card_content/badusb_extra_payloads/data_exfiltration/Win/directly_ready/Bruce-Scripts-Heaven_BAD/BadUSB-FalsePhilosopher/Misc/Web/Pasta/output/users/Madmouse/Pastebin-2wSpNjFx.txt,badusb,data_exfiltration,Bruce-Scripts-Heaven_BAD,classified
sd_card_content/badusb_extra_payloads/data_exfiltration/Unix-like/Linux/directly_ready/Bruce-Scripts-Heaven_BAD/BadUSB-FalsePhilosopher/Misc/Web/Pasta/output/users/Madmouse/Pastebin-Hds5f8s3.txt,badusb,data_exfiltration,Bruce-Scripts-Heaven_BAD,classified
sd_card_content/badusb_extra_payloads/data_exfiltration/Win/directly_ready/Bruce-Scripts-Heaven_BAD/BadUSB-FalsePhilosopher/Misc/Web/Pasta/output/users/Madmouse/Pastebin-pBtdT5tE.txt,badusb,data_exfiltration,Bruce-Scripts-Heaven_BAD,classified
sd_card_content/badusb_extra_payloads/data_exfiltration/Win/directly_ready/Bruce-Scripts-Heaven_BAD/BadUSB-FalsePhilosopher/Misc/Web/Pasta/output/users/Madmouse/Pastebin-kNE8X5qS.txt,badusb,data_exfiltration,Bruce-Scripts-Heaven_BAD,classified
sd_card_content/badusb_extra_payloads/data_exfiltration/Win/directly_ready/Bruce-Scripts-Heaven_BAD/BadUSB-FalsePhilosopher/Misc/Web/Pasta/output/users/Madmouse/Pastebin-DsJDiCpq.txt,badusb,data_exfiltration,Bruce-Scripts-Heaven_BAD,classified
sd_card_content/badusb_extra_payloads/data_exfiltration/Win/directly_ready/Bruce-Scripts-Heaven_BAD/BadUSB-FalsePhilosopher/Misc/Web/Pasta/output/users/Madmouse/Pastebin-jiam8sbU.txt,badusb,data_exfiltration,Bruce-Scripts-Heaven_BAD,classified
sd_card_content/badusb_extra_payloads/data_exfiltration/Win/directly_ready/Bruce-Scripts-Heaven_BAD/BadUSB-FalsePhilosopher/Misc/Web/Pasta/output/users/Madmouse/Pastebin-pdXMXiYp.txt,badusb,data_exfiltration,Bruce-Scripts-Heaven_BAD,classified
sd_card_content/badusb_extra_payloads/data_exfiltration/Win/directly_ready/Bruce-Scripts-Heaven_BAD/BadUSB-FalsePhilosopher/Misc/Web/Pasta/output/users/Madmouse/Pastebin-GjEtr7WP.txt,badusb,data_exfiltration,Bruce-Scripts-Heaven_BAD,classified
sd_card_content/badusb_extra_payloads/data_exfiltration/Win/directly_ready/Bruce-Scripts-Heaven_BAD/BadUSB-FalsePhilosopher/Misc/Web/Pasta/output/users/Madmouse/Pastebin-UNhgHPb7.txt,badusb,data_exfiltration,Bruce-Scripts-Heaven_BAD,classified
sd_card_content/badusb_extra_payloads/data_exfiltration/Win/directly_ready/Bruce-Scripts-Heaven_BAD/BadUSB-FalsePhilosopher/Misc/Web/Pasta/output/users/Madmouse/Pastebin-8SnNf29W.txt,badusb,data_exfiltration,Bruce-Scripts-Heaven_BAD,classified
sd_card_content/badusb_extra_payloads/data_exfiltration/Android/directly_ready/Bruce-Scripts-Heaven_BAD/BadUSB-FalsePhilosopher/Misc/Web/Pasta/output/users/Madmouse/Pastebin-arJbLuy5.txt,badusb,data_exfiltration,Bruce-Scripts-Heaven_BAD,classified
sd_card_content/badusb_extra_payloads/data_exfiltration/Win/directly_ready/Bruce-Scripts-Heaven_BAD/BadUSB-FalsePhilosopher/Misc/Web/Pasta/output/users/Madmouse/Pastebin-9ynCmFJq.txt,badusb,data_exfiltration,Bruce-Scripts-Heaven_BAD,classified
sd_card_content/badusb_extra_payloads/data_exfiltration/Win/directly_ready/Bruce-Scripts-Heaven_BAD/BadUSB-FalsePhilosopher/Misc/Web/Pasta/output/users/Madmouse/Pastebin-uVdKbVdL.txt,badusb,data_exfiltration,Bruce-Scripts-Heaven_BAD,classified
sd_card_content/badusb_extra_payloads/data_exfiltration/Win/directly_ready/Bruce-Scripts-Heaven_BAD/BadUSB-FalsePhilosopher/Misc/Web/Pasta/output/users/Madmouse/Pastebin-msG4zxuU.txt,badusb,data_exfiltration,Bruce-Scripts-Heaven_BAD,classified
sd_card_content/badusb_extra_payloads/data_exfiltration/Win/directly_ready/Bruce-Scripts-Heaven_BAD/BadUSB-FalsePhilosopher/Misc/Web/Pasta/output/users/Madmouse/Pastebin-mKFNRTra.txt,badusb,data_exfiltration,Bruce-Scripts-Heaven_BAD,classified
sd_card_content/badusb_extra_payloads/data_exfiltration/Win/directly_ready/Bruce-Scripts-Heaven_BAD/BadUSB-FalsePhilosopher/Misc/Web/Pasta/output/users/Madmouse/Pastebin-HVBbbzhd.txt,badusb,data_exfiltration,Bruce-Scripts-Heaven_BAD,classified
sd_card_content/badusb_extra_payloads/data_exfiltration/Win/directly_ready/Bruce-Scripts-Heaven_BAD/BadUSB-FalsePhilosopher/Misc/Web/Pasta/output/users/Madmouse/Pastebin-C86TBcBt.txt,badusb,data_exfiltration,Bruce-Scripts-Heaven_BAD,classified
sd_card_content/badusb_extra_payloads/data_exfiltration/Win/directly_ready/Bruce-Scripts-Heaven_BAD/BadUSB-FalsePhilosopher/Misc/Web/Pasta/output/users/Madmouse/Pastebin-rWHgMDWf.txt,badusb,data_exfiltration,Bruce-Scripts-Heaven_BAD,classified
sd_card_content/badusb_extra_payloads/data_exfiltration/Win/directly_ready/Bruce-Scripts-Heaven_BAD/BadUSB-FalsePhilosopher/Misc/Web/Pasta/output/users/Madmouse/Pastebin-gWmHVExW.txt,badusb,data_exfiltration,Bruce-Scripts-Heaven_BAD,classified
sd_card_content/badusb_extra_payloads/data_exfiltration/Win/directly_ready/Bruce-Scripts-Heaven_BAD/BadUSB-FalsePhilosopher/Misc/Web/Pasta/output/users/Madmouse/Pastebin-Fhv8kU0i.txt,badusb,data_exfiltration,Bruce-Scripts-Heaven_BAD,classified
sd_card_content/badusb_extra_payloads/data_exfiltration/Unix-like/Linux/directly_ready/Bruce-Scripts-Heaven_BAD/BadUSB-FalsePhilosopher/Misc/Web/Pasta/output/users/Madmouse/Pastebin-gDfeFmZT.txt,badusb,data_exfiltration,Bruce-Scripts-Heaven_BAD,classified
sd_card_content/badusb_extra_payloads/data_exfiltration/Win/directly_ready/Bruce-Scripts-Heaven_BAD/BadUSB-FalsePhilosopher/Misc/Web/Pasta/output/users/Madmouse/Pastebin-2CtUepPn.txt,badusb,data_exfiltration,Bruce-Scripts-Heaven_BAD,classified
sd_card_content/badusb_extra_payloads/data_exfiltration/Win/directly_ready/Bruce-Scripts-Heaven_BAD/BadUSB-FalsePhilosopher/Misc/Web/Pasta/output/users/Madmouse/Pastebin-dq4Bp9x0.txt,badusb,data_exfiltration,Bruce-Scripts-Heaven_BAD,classified
sd_card_content/badusb_extra_payloads/data_exfiltration/Win/directly_ready/Bruce-Scripts-Heaven_BAD/BadUSB-FalsePhilosopher/Misc/Web/Pasta/output/users/Madmouse/Pastebin-1FJyjffU.txt,badusb,data_exfiltration,Bruce-Scripts-Heaven_BAD,classified
sd_card_content/badusb_extra_payloads/data_exfiltration/Win/directly_ready/Bruce-Scripts-Heaven_BAD/BadUSB-FalsePhilosopher/Misc/Web/Pasta/output/users/Madmouse/Pastebin-ec4Hizdk.txt,badusb,data_exfiltration,Bruce-Scripts-Heaven_BAD,classified
sd_card_content/badusb_extra_payloads/data_exfiltration/Win/directly_ready/Bruce-Scripts-Heaven_BAD/BadUSB-FalsePhilosopher/Misc/Web/Pasta/output/users/Madmouse/Pastebin-s3Y9weQ6.txt,badusb,data_exfiltration,Bruce-Scripts-Heaven_BAD,classified
sd_card_content/badusb_extra_payloads/data_exfiltration/Win/directly_ready/Bruce-Scripts-Heaven_BAD/BadUSB-FalsePhilosopher/Misc/Web/Pasta/output/users/Madmouse/Pastebin-ZvxWpZBU.txt,badusb,data_exfiltration,Bruce-Scripts-Heaven_BAD,classified
sd_card_content/badusb_extra_payloads/data_exfiltration/Win/directly_ready/Bruce-Scripts-Heaven_BAD/BadUSB-FalsePhilosopher/Misc/Web/Pasta/output/users/Madmouse/Pastebin-u22JujKW.txt,badusb,data_exfiltration,Bruce-Scripts-Heaven_BAD,classified
sd_card_content/badusb_extra_payloads/data_exfiltration/Win/directly_ready/Bruce-Scripts-Heaven_BAD/BadUSB-FalsePhilosopher/Misc/Web/Pasta/output/users/Madmouse/Pastebin-mP7uSZm1.txt,badusb,data_exfiltration,Bruce-Scripts-Heaven_BAD,classified
sd_card_content/badusb_extra_payloads/data_exfiltration/Win/directly_ready/Bruce-Scripts-Heaven_BAD/BadUSB-FalsePhilosopher/Misc/Web/Pasta/output/users/Madmouse/Pastebin-0RPxfRYj.txt,badusb,data_exfiltration,Bruce-Scripts-Heaven_BAD,classified
sd_card_content/badusb_extra_payloads/data_exfiltration/Win/directly_ready/Bruce-Scripts-Heaven_BAD/BadUSB-FalsePhilosopher/Misc/Web/Pasta/output/users/Madmouse/Pastebin-dUTprv4B.txt,badusb,data_exfiltration,Bruce-Scripts-Heaven_BAD,classified
sd_card_content/badusb_extra_payloads/data_exfiltration/Win/directly_ready/Bruce-Scripts-Heaven_BAD/BadUSB-FalsePhilosopher/Misc/Web/Pasta/output/users/Madmouse/Pastebin-VpPEv6re.txt,badusb,data_exfiltration,Bruce-Scripts-Heaven_BAD,classified
sd_card_content/badusb_extra_payloads/data_exfiltration/Win/directly_ready/Bruce-Scripts-Heaven_BAD/BadUSB-FalsePhilosopher/Misc/Web/Pasta/output/users/Madmouse/Pastebin-atQcKxtj.txt,badusb,data_exfiltration,Bruce-Scripts-Heaven_BAD,classified
sd_card_content/badusb_extra_payloads/data_exfiltration/Win/directly_ready/Bruce-Scripts-Heaven_BAD/BadUSB-FalsePhilosopher/Misc/Web/Pasta/output/users/Madmouse/Pastebin-T6rvctev.txt,badusb,data_exfiltration,Bruce-Scripts-Heaven_BAD,classified
sd_card_content/badusb_extra_payloads/data_exfiltration/Win/directly_ready/Bruce-Scripts-Heaven_BAD/BadUSB-FalsePhilosopher/Misc/Web/Pasta/output/users/Madmouse/Pastebin-snkru3PJ.txt,badusb,data_exfiltration,Bruce-Scripts-Heaven_BAD,classified
sd_card_content/badusb_extra_payloads/data_exfiltration/Win/directly_ready/Bruce-Scripts-Heaven_BAD/BadUSB-FalsePhilosopher/Misc/Web/Pasta/output/users/Madmouse/Pastebin-8nf0eHdb.txt,badusb,data_exfiltration,Bruce-Scripts-Heaven_BAD,classified
sd_card_content/badusb_extra_payloads/data_exfiltration/Win/directly_ready/Bruce-Scripts-Heaven_BAD/BadUSB-FalsePhilosopher/Misc/Web/Pasta/output/users/Madmouse/Pastebin-D9uMHvtt.txt,badusb,data_exfiltration,Bruce-Scripts-Heaven_BAD,classified
sd_card_content/badusb_extra_payloads/data_exfiltration/Win/directly_ready/Bruce-Scripts-Heaven_BAD/BadUSB-FalsePhilosopher/Misc/Web/Pasta/output/users/Madmouse/Pastebin-SJ23mzqR.txt,badusb,data_exfiltration,Bruce-Scripts-Heaven_BAD,classified
sd_card_content/badusb_extra_payloads/data_exfiltration/Win/directly_ready/Bruce-Scripts-Heaven_BAD/BadUSB-FalsePhilosopher/Misc/Web/Pasta/output/users/Madmouse/Pastebin-Y2t6K6Td.txt,badusb,data_exfiltration,Bruce-Scripts-Heaven_BAD,classified
sd_card_content/badusb_extra_payloads/data_exfiltration/Win/directly_ready/Bruce-Scripts-Heaven_BAD/BadUSB-FalsePhilosopher/Misc/Web/Pasta/output/users/Madmouse/Pastebin-7KGPsNZr.txt,badusb,data_exfiltration,Bruce-Scripts-Heaven_BAD,classified
sd_card_content/badusb_extra_payloads/data_exfiltration/Win/directly_ready/Bruce-Scripts-Heaven_BAD/BadUSB-FalsePhilosopher/Misc/Web/Pasta/output/users/Madmouse/Pastebin-Pjpg3K3W.txt,badusb,data_exfiltration,Bruce-Scripts-Heaven_BAD,classified
sd_card_content/badusb_extra_payloads/data_exfiltration/Win/directly_ready/Bruce-Scripts-Heaven_BAD/BadUSB-FalsePhilosopher/Misc/Web/Pasta/output/users/Madmouse/Pastebin-hDTNX9rJ.txt,badusb,data_exfiltration,Bruce-Scripts-Heaven_BAD,classified
sd_card_content/badusb_extra_payloads/data_exfiltration/Win/directly_ready/Bruce-Scripts-Heaven_BAD/BadUSB-FalsePhilosopher/Misc/Web/Pasta/output/users/Madmouse/Pastebin-1BdiW81T.txt,badusb,data_exfiltration,Bruce-Scripts-Heaven_BAD,classified
sd_card_content/badusb_extra_payloads/data_exfiltration/Win/directly_ready/Bruce-Scripts-Heaven_BAD/BadUSB-FalsePhilosopher/Misc/Web/Pasta/output/users/Madmouse/Pastebin-PASGHn0z.txt,badusb,data_exfiltration,Bruce-Scripts-Heaven_BAD,classified
sd_card_content/badusb_extra_payloads/data_exfiltration/Win/directly_ready/Bruce-Scripts-Heaven_BAD/BadUSB-FalsePhilosopher/Misc/Web/Pasta/output/users/Madmouse/Pastebin-BTSTa5Vi.txt,badusb,data_exfiltration,Bruce-Scripts-Heaven_BAD,classified
sd_card_content/badusb_extra_payloads/data_exfiltration/iOS/directly_ready/Bruce-Scripts-Heaven_BAD/BadUSB-FalsePhilosopher/Misc/Web/Pasta/output/users/Madmouse/Pastebin-AMK2GbSj.txt,badusb,data_exfiltration,Bruce-Scripts-Heaven_BAD,classified
sd_card_content/badusb_extra_payloads/data_exfiltration/Win/directly_ready/Bruce-Scripts-Heaven_BAD/BadUSB-FalsePhilosopher/Misc/Web/Pasta/output/users/Madmouse/Pastebin-5vZDbv98.txt,badusb,data_exfiltration,Bruce-Scripts-Heaven_BAD,classified
sd_card_content/badusb_extra_payloads/data_exfiltration/Win/directly_ready/Bruce-Scripts-Heaven_BAD/BadUSB-FalsePhilosopher/Misc/Web/Pasta/output/users/Madmouse/Pastebin-d6nzQCyC.txt,badusb,data_exfiltration,Bruce-Scripts-Heaven_BAD,classified
sd_card_content/badusb_extra_payloads/data_exfiltration/Win/directly_ready/Bruce-Scripts-Heaven_BAD/BadUSB-FalsePhilosopher/Misc/Web/Pasta/output/users/Madmouse/Pastebin-KuzPBTMD.txt,badusb,data_exfiltration,Bruce-Scripts-Heaven_BAD,classified
sd_card_content/badusb_extra_payloads/data_exfiltration/Win/directly_ready/Bruce-Scripts-Heaven_BAD/BadUSB-FalsePhilosopher/Misc/Web/Pasta/output/users/Madmouse/Pastebin-DhbvWd4E.txt,badusb,data_exfiltration,Bruce-Scripts-Heaven_BAD,classified
sd_card_content/badusb_extra_payloads/data_exfiltration/Win/directly_ready/Bruce-Scripts-Heaven_BAD/BadUSB-FalsePhilosopher/Misc/Web/Pasta/output/users/Madmouse/Pastebin-YpQVkF25.txt,badusb,data_exfiltration,Bruce-Scripts-Heaven_BAD,classified
sd_card_content/badusb_extra_payloads/data_exfiltration/Win/directly_ready/Bruce-Scripts-Heaven_BAD/BadUSB-FalsePhilosopher/Misc/Web/Pasta/output/users/Madmouse/Pastebin-B6D659yu.txt,badusb,data_exfiltration,Bruce-Scripts-Heaven_BAD,classified
sd_card_content/badusb_extra_payloads/data_exfiltration/Win/directly_ready/Bruce-Scripts-Heaven_BAD/BadUSB-FalsePhilosopher/Misc/Web/Pasta/output/users/Madmouse/Pastebin-U8s4CWB6.txt,badusb,data_exfiltration,Bruce-Scripts-Heaven_BAD,classified
sd_card_content/badusb_extra_payloads/data_exfiltration/Win/directly_ready/Bruce-Scripts-Heaven_BAD/BadUSB-FalsePhilosopher/Misc/Web/Pasta/output/users/Madmouse/Pastebin-eWW7qf0x.txt,badusb,data_exfiltration,Bruce-Scripts-Heaven_BAD,classified
sd_card_content/badusb_extra_payloads/data_exfiltration/Win/directly_ready/Bruce-Scripts-Heaven_BAD/BadUSB-FalsePhilosopher/Misc/Web/Pasta/output/users/Madmouse/Pastebin-fc6vcLub.txt,badusb,data_exfiltration,Bruce-Scripts-Heaven_BAD,classified
sd_card_content/badusb_extra_payloads/data_exfiltration/Win/directly_ready/Bruce-Scripts-Heaven_BAD/BadUSB-FalsePhilosopher/Misc/Web/Pasta/output/users/Madmouse/Pastebin-B3JDHTzW.txt,badusb,data_exfiltration,Bruce-Scripts-Heaven_BAD,classified
sd_card_content/badusb_extra_payloads/_unclassified/Bruce-Scripts-Heaven_BAD/BadUSB-FalsePhilosopher/Misc/Web/Pasta/misc/art/art2.txt,badusb,_unclassified,Bruce-Scripts-Heaven_BAD,classified-unmatched
sd_card_content/badusb_extra_payloads/_unclassified/Bruce-Scripts-Heaven_BAD/BadUSB-FalsePhilosopher/Misc/Web/Pasta/misc/art/art4.txt,badusb,_unclassified,Bruce-Scripts-Heaven_BAD,classified-unmatched
sd_card_content/badusb_extra_payloads/_unclassified/Bruce-Scripts-Heaven_BAD/BadUSB-FalsePhilosopher/Misc/Web/Pasta/misc/art/art8.txt,badusb,_unclassified,Bruce-Scripts-Heaven_BAD,classified-unmatched
sd_card_content/badusb_extra_payloads/_unclassified/Bruce-Scripts-Heaven_BAD/BadUSB-FalsePhilosopher/Misc/Web/Pasta/misc/art/art7.txt,badusb,_unclassified,Bruce-Scripts-Heaven_BAD,classified-unmatched
sd_card_content/badusb_extra_payloads/_unclassified/Bruce-Scripts-Heaven_BAD/BadUSB-FalsePhilosopher/Misc/Web/Pasta/misc/art/art6.txt,badusb,_unclassified,Bruce-Scripts-Heaven_BAD,classified-unmatched
sd_card_content/badusb_extra_payloads/_unclassified/Bruce-Scripts-Heaven_BAD/BadUSB-FalsePhilosopher/Misc/Web/Pasta/misc/art/art9.txt,badusb,_unclassified,Bruce-Scripts-Heaven_BAD,classified-unmatched
sd_card_content/badusb_extra_payloads/_unclassified/Bruce-Scripts-Heaven_BAD/BadUSB-FalsePhilosopher/Misc/Web/Pasta/misc/art/art3.txt,badusb,_unclassified,Bruce-Scripts-Heaven_BAD,classified-unmatched
sd_card_content/badusb_extra_payloads/_unclassified/Bruce-Scripts-Heaven_BAD/BadUSB-FalsePhilosopher/Misc/Web/Pasta/misc/art/art5.txt,badusb,_unclassified,Bruce-Scripts-Heaven_BAD,classified-unmatched
sd_card_content/badusb_extra_payloads/_unclassified/Bruce-Scripts-Heaven_BAD/BadUSB-FalsePhilosopher/Misc/Web/Pasta/misc/art/art10.txt,badusb,_unclassified,Bruce-Scripts-Heaven_BAD,classified-unmatched
sd_card_content/badusb_extra_payloads/_unclassified/Bruce-Scripts-Heaven_BAD/BadUSB-FalsePhilosopher/Misc/Web/Pasta/misc/art/art1.txt,badusb,_unclassified,Bruce-Scripts-Heaven_BAD,classified-unmatched
sd_card_content/badusb_extra_payloads/_unclassified/Bruce-Scripts-Heaven_BAD/BadUSB-FalsePhilosopher/Misc/Web/Toolbox/toolbox.py,badusb,_unclassified,Bruce-Scripts-Heaven_BAD,classified-unmatched
sd_card_content/badusb_extra_payloads/_unclassified/Bruce-Scripts-Heaven_BAD/BadUSB-FalsePhilosopher/Misc/Web/Toolbox/requirements.txt,badusb,_unclassified,Bruce-Scripts-Heaven_BAD,classified-unmatched
sd_card_content/badusb_extra_payloads/_unclassified/Bruce-Scripts-Heaven_BAD/BadUSB-FalsePhilosopher/Misc/Web/Toolbox/setup.py,badusb,_unclassified,Bruce-Scripts-Heaven_BAD,classified-unmatched
sd_card_content/badusb_extra_payloads/_unclassified/Bruce-Scripts-Heaven_BAD/BadUSB-FalsePhilosopher/Misc/Web/Toolbox/toolbox/cli.py,badusb,_unclassified,Bruce-Scripts-Heaven_BAD,classified-unmatched
sd_card_content/badusb_extra_payloads/_unclassified/Bruce-Scripts-Heaven_BAD/BadUSB-FalsePhilosopher/Misc/Web/Toolbox/toolbox/__init__.py,badusb,_unclassified,Bruce-Scripts-Heaven_BAD,classified-unmatched
sd_card_content/badusb_extra_payloads/_unclassified/Bruce-Scripts-Heaven_BAD/BadUSB-FalsePhilosopher/Misc/Web/Toolbox/toolbox/server/file_server.py,badusb,_unclassified,Bruce-Scripts-Heaven_BAD,classified-unmatched
sd_card_content/badusb_extra_payloads/_unclassified/Bruce-Scripts-Heaven_BAD/BadUSB-FalsePhilosopher/Misc/Web/Toolbox/toolbox/server/payload_generator.py,badusb,_unclassified,Bruce-Scripts-Heaven_BAD,classified-unmatched
sd_card_content/badusb_extra_payloads/_unclassified/Bruce-Scripts-Heaven_BAD/BadUSB-FalsePhilosopher/Misc/Web/Toolbox/toolbox/server/formatters.py,badusb,_unclassified,Bruce-Scripts-Heaven_BAD,classified-unmatched
sd_card_content/badusb_extra_payloads/_unclassified/Bruce-Scripts-Heaven_BAD/BadUSB-FalsePhilosopher/Misc/Web/Toolbox/toolbox/server/file_manager.py,badusb,_unclassified,Bruce-Scripts-Heaven_BAD,classified-unmatched
sd_card_content/badusb_extra_payloads/_unclassified/Bruce-Scripts-Heaven_BAD/BadUSB-FalsePhilosopher/Misc/Web/Toolbox/toolbox/server/color.py,badusb,_unclassified,Bruce-Scripts-Heaven_BAD,classified-unmatched
sd_card_content/badusb_extra_payloads/_unclassified/Bruce-Scripts-Heaven_BAD/BadUSB-FalsePhilosopher/Misc/Web/Toolbox/toolbox/server/interfaces.py,badusb,_unclassified,Bruce-Scripts-Heaven_BAD,classified-unmatched
sd_card_content/badusb_extra_payloads/collection/Win/directly_ready/Bruce-Scripts-Heaven_BAD/BadUSB-FalsePhilosopher/Misc/Web/Toolbox/toolbox/server/make_app.py,badusb,collection,Bruce-Scripts-Heaven_BAD,classified
sd_card_content/badusb_extra_payloads/_unclassified/Bruce-Scripts-Heaven_BAD/BadUSB-FalsePhilosopher/Misc/Web/Toolbox/toolbox/server/server.py,badusb,_unclassified,Bruce-Scripts-Heaven_BAD,classified-unmatched
sd_card_content/badusb_extra_payloads/_unclassified/Bruce-Scripts-Heaven_BAD/BadUSB-FalsePhilosopher/Misc/Web/Toolbox/toolbox/server/templates/modules/shell.py,badusb,_unclassified,Bruce-Scripts-Heaven_BAD,classified-unmatched
sd_card_content/badusb_extra_payloads/_unclassified/Bruce-Scripts-Heaven_BAD/BadUSB-FalsePhilosopher/Misc/Web/Toolbox/toolbox/server/templates/modules/shell.js,badusb,_unclassified,Bruce-Scripts-Heaven_BAD,classified-unmatched
sd_card_content/badusb_extra_payloads/_unclassified/Bruce-Scripts-Heaven_BAD/BadUSB-FalsePhilosopher/Misc/Web/Toolbox/toolbox/server/templates/modules/fetch_file.js,badusb,_unclassified,Bruce-Scripts-Heaven_BAD,classified-unmatched
sd_card_content/badusb_extra_payloads/_unclassified/Bruce-Scripts-Heaven_BAD/BadUSB-FalsePhilosopher/Misc/Web/Toolbox/toolbox/server/templates/modules/one_line_python.py,badusb,_unclassified,Bruce-Scripts-Heaven_BAD,classified-unmatched
sd_card_content/badusb_extra_payloads/_unclassified/Bruce-Scripts-Heaven_BAD/BadUSB-FalsePhilosopher/Misc/Web/Toolbox/toolbox/server/templates/modules/read_file.py,badusb,_unclassified,Bruce-Scripts-Heaven_BAD,classified-unmatched
sd_card_content/badusb_extra_payloads/destruction/Win/directly_ready/Bruce-Scripts-Heaven_BAD/BadUSB-FalsePhilosopher/Misc/Web/Toolbox/toolbox/server/assets/bootstrap-4.5.3.min.js,badusb,destruction,Bruce-Scripts-Heaven_BAD,classified
sd_card_content/badusb_extra_payloads/destruction/Win/directly_ready/Bruce-Scripts-Heaven_BAD/BadUSB-FalsePhilosopher/Misc/Web/Toolbox/toolbox/server/assets/popper-1.16.1.min.js,badusb,destruction,Bruce-Scripts-Heaven_BAD,classified
sd_card_content/badusb_extra_payloads/destruction/Win/directly_ready/Bruce-Scripts-Heaven_BAD/BadUSB-FalsePhilosopher/Misc/Web/Toolbox/toolbox/server/assets/jquery-3.5.1.slim.min.js,badusb,destruction,Bruce-Scripts-Heaven_BAD,classified
sd_card_content/badusb_extra_payloads/discovery/Unix-like/Linux/directly_ready/Bruce-Scripts-Heaven_BAD/BadUSB-FalsePhilosopher/Misc/Web/Toolbox/tests/test_file_server.py,badusb,discovery,Bruce-Scripts-Heaven_BAD,classified
sd_card_content/badusb_extra_payloads/_unclassified/Bruce-Scripts-Heaven_BAD/BadUSB-FalsePhilosopher/Misc/Web/Toolbox/tests/test_uploads.py,badusb,_unclassified,Bruce-Scripts-Heaven_BAD,classified-unmatched
sd_card_content/badusb_extra_payloads/_unclassified/Bruce-Scripts-Heaven_BAD/BadUSB-FalsePhilosopher/Misc/Web/Toolbox/tests/test_formatters.py,badusb,_unclassified,Bruce-Scripts-Heaven_BAD,classified-unmatched
sd_card_content/badusb_extra_payloads/_unclassified/Bruce-Scripts-Heaven_BAD/BadUSB-FalsePhilosopher/Misc/Web/Toolbox/tests/conftest.py,badusb,_unclassified,Bruce-Scripts-Heaven_BAD,classified-unmatched
sd_card_content/badusb_extra_payloads/_unclassified/Bruce-Scripts-Heaven_BAD/BadUSB-FalsePhilosopher/Misc/Web/Toolbox/tests/harnesses/simple/serve/simple.txt,badusb,_unclassified,Bruce-Scripts-Heaven_BAD,classified-unmatched
sd_card_content/badusb_extra_payloads/_unclassified/Bruce-Scripts-Heaven_BAD/BadUSB-FalsePhilosopher/Misc/Web/Toolbox/tests/harnesses/simple/serve/folder/child.txt,badusb,_unclassified,Bruce-Scripts-Heaven_BAD,classified-unmatched
sd_card_content/badusb_extra_payloads/_unclassified/Bruce-Scripts-Heaven_BAD/BadUSB-FalsePhilosopher/Misc/Web/Toolbox/tests/harnesses/simple/serve/folder/nested_folder/nested_child.txt,badusb,_unclassified,Bruce-Scripts-Heaven_BAD,classified-unmatched
sd_card_content/badusb_extra_payloads/_unclassified/Bruce-Scripts-Heaven_BAD/BadUSB-FalsePhilosopher/Misc/Web/Toolbox/tests/harnesses/simple/toolbox/third_party/arbitrary_file_read_test.txt,badusb,_unclassified,Bruce-Scripts-Heaven_BAD,classified-unmatched
sd_card_content/badusb_extra_payloads/_unclassified/Bruce-Scripts-Heaven_BAD/BadUSB-FalsePhilosopher/Misc/Web/API/dora/requirements.txt,badusb,_unclassified,Bruce-Scripts-Heaven_BAD,classified-unmatched
sd_card_content/badusb_extra_payloads/_unclassified/Bruce-Scripts-Heaven_BAD/BadUSB-FalsePhilosopher/Misc/Web/API/dora/setup.py,badusb,_unclassified,Bruce-Scripts-Heaven_BAD,classified-unmatched
sd_card_content/badusb_extra_payloads/_unclassified/Bruce-Scripts-Heaven_BAD/BadUSB-FalsePhilosopher/Misc/Web/API/dora/dora/printer.py,badusb,_unclassified,Bruce-Scripts-Heaven_BAD,classified-unmatched
sd_card_content/badusb_extra_payloads/_unclassified/Bruce-Scripts-Heaven_BAD/BadUSB-FalsePhilosopher/Misc/Web/API/dora/dora/__main__.py,badusb,_unclassified,Bruce-Scripts-Heaven_BAD,classified-unmatched
sd_card_content/badusb_extra_payloads/_unclassified/Bruce-Scripts-Heaven_BAD/BadUSB-FalsePhilosopher/Misc/Web/API/dora/dev/escaper.py,badusb,_unclassified,Bruce-Scripts-Heaven_BAD,classified-unmatched
sd_card_content/badusb_extra_payloads/_unclassified/Bruce-Scripts-Heaven_BAD/BadUSB-FalsePhilosopher/Misc/Web/Public-apis/scripts/requirements.txt,badusb,_unclassified,Bruce-Scripts-Heaven_BAD,classified-unmatched
sd_card_content/badusb_extra_payloads/_unclassified/Bruce-Scripts-Heaven_BAD/BadUSB-FalsePhilosopher/Misc/Web/Public-apis/scripts/validate/format.py,badusb,_unclassified,Bruce-Scripts-Heaven_BAD,classified-unmatched
sd_card_content/badusb_extra_payloads/_unclassified/Bruce-Scripts-Heaven_BAD/BadUSB-FalsePhilosopher/Misc/Web/Public-apis/scripts/validate/links.py,badusb,_unclassified,Bruce-Scripts-Heaven_BAD,classified-unmatched
sd_card_content/badusb_extra_payloads/_unclassified/Bruce-Scripts-Heaven_BAD/BadUSB-FalsePhilosopher/Misc/Web/Public-apis/scripts/validate/__init__.py,badusb,_unclassified,Bruce-Scripts-Heaven_BAD,classified-unmatched
sd_card_content/badusb_extra_payloads/_unclassified/Bruce-Scripts-Heaven_BAD/BadUSB-FalsePhilosopher/Misc/Web/Public-apis/scripts/tests/test_validate_format.py,badusb,_unclassified,Bruce-Scripts-Heaven_BAD,classified-unmatched
sd_card_content/badusb_extra_payloads/_unclassified/Bruce-Scripts-Heaven_BAD/BadUSB-FalsePhilosopher/Misc/Web/Public-apis/scripts/tests/test_validate_links.py,badusb,_unclassified,Bruce-Scripts-Heaven_BAD,classified-unmatched
sd_card_content/badusb_extra_payloads/_unclassified/Bruce-Scripts-Heaven_BAD/BadUSB-FalsePhilosopher/Misc/Web/Public-apis/scripts/tests/__init__.py,badusb,_unclassified,Bruce-Scripts-Heaven_BAD,classified-unmatched
sd_card_content/badusb_extra_payloads/utilities/Win/directly_ready/Bruce-Scripts-Heaven_BAD/BadUSB-FalsePhilosopher/Misc/Web/CloudFlair/cloudflare_utils.py,badusb,utilities,Bruce-Scripts-Heaven_BAD,classified
sd_card_content/badusb_extra_payloads/utilities/Win/directly_ready/Bruce-Scripts-Heaven_BAD/BadUSB-FalsePhilosopher/Misc/Web/CloudFlair/dns_utils.py,badusb,utilities,Bruce-Scripts-Heaven_BAD,classified
sd_card_content/badusb_extra_payloads/_unclassified/Bruce-Scripts-Heaven_BAD/BadUSB-FalsePhilosopher/Misc/Web/CloudFlair/requirements.txt,badusb,_unclassified,Bruce-Scripts-Heaven_BAD,classified-unmatched
sd_card_content/badusb_extra_payloads/utilities/Unix-like/Linux/directly_ready/Bruce-Scripts-Heaven_BAD/BadUSB-FalsePhilosopher/Misc/Web/CloudFlair/cloudflair.py,badusb,utilities,Bruce-Scripts-Heaven_BAD,classified
sd_card_content/badusb_extra_payloads/_unclassified/Bruce-Scripts-Heaven_BAD/BadUSB-FalsePhilosopher/Misc/Web/CloudFlair/cli.py,badusb,_unclassified,Bruce-Scripts-Heaven_BAD,classified-unmatched
sd_card_content/badusb_extra_payloads/collection/Win/directly_ready/Bruce-Scripts-Heaven_BAD/BadUSB-FalsePhilosopher/Misc/Web/CloudFlair/censys_search.py,badusb,collection,Bruce-Scripts-Heaven_BAD,classified
sd_card_content/badusb_extra_payloads/utilities/Win/directly_ready/Bruce-Scripts-Heaven_BAD/BadUSB-FalsePhilosopher/Misc/Win/Defeat-Defender-V1.2/banner.txt,badusb,utilities,Bruce-Scripts-Heaven_BAD,classified
sd_card_content/badusb_extra_payloads/_unclassified/Bruce-Scripts-Heaven_BAD/BadUSB-FalsePhilosopher/Misc/Win/BSOD/InvokeBSOD.txt,badusb,_unclassified,Bruce-Scripts-Heaven_BAD,classified-unmatched
sd_card_content/badusb_extra_payloads/_unclassified/Bruce-Scripts-Heaven_BAD/BadUSB-FalsePhilosopher/Misc/Win/BSOD/main.py,badusb,_unclassified,Bruce-Scripts-Heaven_BAD,classified-unmatched
sd_card_content/badusb_extra_payloads/_unclassified/Bruce-Scripts-Heaven_BAD/BadUSB-FalsePhilosopher/Misc/Win/BSOD/bsodder.py,badusb,_unclassified,Bruce-Scripts-Heaven_BAD,classified-unmatched
sd_card_content/badusb_extra_payloads/_unclassified/Bruce-Scripts-Heaven_BAD/BadUSB-FalsePhilosopher/Misc/Win/BSOD/BSOD.py,badusb,_unclassified,Bruce-Scripts-Heaven_BAD,classified-unmatched
sd_card_content/badusb_extra_payloads/_unclassified/Bruce-Scripts-Heaven_BAD/BadUSB-FalsePhilosopher/Misc/Win/BSOD/BruteBSOD.txt,badusb,_unclassified,Bruce-Scripts-Heaven_BAD,classified-unmatched
sd_card_content/badusb_extra_payloads/_unclassified/Bruce-Scripts-Heaven_BAD/BadUSB-FalsePhilosopher/Misc/Win/BSOD/bsod_trigger/bsod.py,badusb,_unclassified,Bruce-Scripts-Heaven_BAD,classified-unmatched
sd_card_content/badusb_extra_payloads/_unclassified/Bruce-Scripts-Heaven_BAD/BadUSB-FalsePhilosopher/Misc/Win/BSOD/bsod_trigger/net_client.py,badusb,_unclassified,Bruce-Scripts-Heaven_BAD,classified-unmatched
sd_card_content/badusb_extra_payloads/_unclassified/Bruce-Scripts-Heaven_BAD/BadUSB-FalsePhilosopher/Misc/Win/BSOD/bsod_trigger/net_bsod.py,badusb,_unclassified,Bruce-Scripts-Heaven_BAD,classified-unmatched
sd_card_content/badusb_extra_payloads/_unclassified/Bruce-Scripts-Heaven_BAD/BadUSB-FalsePhilosopher/Misc/Win/BSOD/GDRLauncher/GDRLauncher/minidumpcount.txt,badusb,_unclassified,Bruce-Scripts-Heaven_BAD,classified-unmatched
sd_card_content/badusb_extra_payloads/destruction/Win/directly_ready/Bruce-Scripts-Heaven_BAD/BadUSB-FalsePhilosopher/Misc/Scripting/py/seashark.py,badusb,destruction,Bruce-Scripts-Heaven_BAD,classified
sd_card_content/badusb_extra_payloads/_unclassified/Bruce-Scripts-Heaven_BAD/BadUSB-FalsePhilosopher/Misc/Scripting/py/kick.py,badusb,_unclassified,Bruce-Scripts-Heaven_BAD,classified-unmatched
sd_card_content/badusb_extra_payloads/remote_access/iOS/directly_ready/Bruce-Scripts-Heaven_BAD/BadUSB-FalsePhilosopher/Misc/Scripting/PS/PSBits/LoLBIN/somebinarystuff.txt,badusb,remote_access,Bruce-Scripts-Heaven_BAD,classified
sd_card_content/badusb_extra_payloads/_unclassified/Bruce-Scripts-Heaven_BAD/BadUSB-FalsePhilosopher/Misc/Scripting/PS/PSBits/LoLBIN/pirate.txt,badusb,_unclassified,Bruce-Scripts-Heaven_BAD,classified-unmatched
sd_card_content/badusb_extra_payloads/_unclassified/Bruce-Scripts-Heaven_BAD/BadUSB-FalsePhilosopher/Misc/Scripting/PS/PSBits/NTDSdiff/resultJSON.txt,badusb,_unclassified,Bruce-Scripts-Heaven_BAD,classified-unmatched
sd_card_content/badusb_extra_payloads/_unclassified/Bruce-Scripts-Heaven_BAD/BadUSB-FalsePhilosopher/Misc/Scripting/PS/PSBits/WerSvc/WER2DDE.tmp.txt,badusb,_unclassified,Bruce-Scripts-Heaven_BAD,classified-unmatched
sd_card_content/badusb_extra_payloads/_unclassified/Bruce-Scripts-Heaven_BAD/BadUSB-FalsePhilosopher/Misc/Scripting/PS/PSBits/ThreadDescription/WinDBGListDescribedThreads.txt,badusb,_unclassified,Bruce-Scripts-Heaven_BAD,classified-unmatched
sd_card_content/badusb_extra_payloads/_unclassified/Bruce-Scripts-Heaven_BAD/BadUSB-FalsePhilosopher/Misc/Scripting/PS/PowerShell-for-Hackers/Assets/Scripts/v.txt,badusb,_unclassified,Bruce-Scripts-Heaven_BAD,classified-unmatched
sd_card_content/badusb_extra_payloads/data_exfiltration/Win/directly_ready/Bruce-Scripts-Heaven_BAD/WIFIPASS-to-Dropbox/payload.txt,badusb,data_exfiltration,Bruce-Scripts-Heaven_BAD,classified
sd_card_content/badusb_extra_payloads/prank/Win/directly_ready/Bruce-Scripts-Heaven_BAD/The_Matrix-Wake_Up/payload.txt,badusb,prank,Bruce-Scripts-Heaven_BAD,classified
sd_card_content/badusb_extra_payloads/_unclassified/Bruce-Scripts-Heaven_BAD/Telegram_Persistent_Connection_Linux/connection.py,badusb,_unclassified,Bruce-Scripts-Heaven_BAD,classified-unmatched
sd_card_content/badusb_extra_payloads/prank/Win/directly_ready/Bruce-Scripts-Heaven_BAD/Quack_Rolled/payload.txt,badusb,prank,Bruce-Scripts-Heaven_BAD,classified
sd_card_content/badusb_extra_payloads/_unclassified/Bruce-Scripts-Heaven_BAD/Canary_Duck/payload.txt,badusb,_unclassified,Bruce-Scripts-Heaven_BAD,classified-unmatched
sd_card_content/badusb_extra_payloads/_unclassified/Bruce-Scripts-Heaven_BAD/The_Mouse_Moves_By_Itself/script.py,badusb,_unclassified,Bruce-Scripts-Heaven_BAD,classified-unmatched
sd_card_content/badusb_extra_payloads/remote_access/Unix-like/Linux/directly_ready/Bruce-Scripts-Heaven_BAD/ReverseDuckyIII/payload.txt,badusb,remote_access,Bruce-Scripts-Heaven_BAD,classified
sd_card_content/badusb_extra_payloads/destruction/Win/directly_ready/Bruce-Scripts-Heaven_BAD/-RD-Subscribe/Subscribe.txt,badusb,destruction,Bruce-Scripts-Heaven_BAD,classified
sd_card_content/badusb_extra_payloads/_unclassified/Bruce-Scripts-Heaven_BAD/-RD-Subscribe/payload.txt,badusb,_unclassified,Bruce-Scripts-Heaven_BAD,classified-unmatched
sd_card_content/badusb_extra_payloads/prank/Win/directly_ready/Bruce-Scripts-Heaven_BAD/Talking_Duck/payload.txt,badusb,prank,Bruce-Scripts-Heaven_BAD,classified
sd_card_content/badusb_extra_payloads/collection/Win/directly_ready/Bruce-Scripts-Heaven_BAD/Mimikatz/Mimikatz.txt,badusb,collection,Bruce-Scripts-Heaven_BAD,classified
sd_card_content/badusb_extra_payloads/defense_evasion/Win/directly_ready/Bruce-Scripts-Heaven_BAD/Jakoby_BadUSB/Payloads/kiosk-evasion-payload.txt,badusb,defense_evasion,Bruce-Scripts-Heaven_BAD,classified
sd_card_content/badusb_extra_payloads/prank/Win/directly_ready/Bruce-Scripts-Heaven_BAD/Jakoby_BadUSB/Payloads/Flip-JumpScare/JumpScare.txt,badusb,prank,Bruce-Scripts-Heaven_BAD,classified
sd_card_content/badusb_extra_payloads/prank/Win/directly_ready/Bruce-Scripts-Heaven_BAD/Jakoby_BadUSB/Payloads/FLIP-ADV-RickRoll/ADV-RickRoll.txt,badusb,prank,Bruce-Scripts-Heaven_BAD,classified
sd_card_content/badusb_extra_payloads/_unclassified/Bruce-Scripts-Heaven_BAD/Jakoby_BadUSB/Payloads/Flip-We-Found-You/We-Found-You.txt,badusb,_unclassified,Bruce-Scripts-Heaven_BAD,classified-unmatched
sd_card_content/badusb_extra_payloads/data_exfiltration/Win/directly_ready/Bruce-Scripts-Heaven_BAD/-RD-YT-Tripwire/YouTube-TripWire.txt,badusb,data_exfiltration,Bruce-Scripts-Heaven_BAD,classified
sd_card_content/badusb_extra_payloads/_unclassified/Bruce-Scripts-Heaven_BAD/Flipper-Zero-BadUSB-made just for Flipper/Payloads/Flip-Play-WAV/Play-WAV.txt,badusb,_unclassified,Bruce-Scripts-Heaven_BAD,classified-unmatched
sd_card_content/badusb_extra_payloads/prank/Win/directly_ready/Bruce-Scripts-Heaven_BAD/SpamRickrollPayload/SpamRickrollPayload.txt,badusb,prank,Bruce-Scripts-Heaven_BAD,classified
sd_card_content/badusb_extra_payloads/prank/iOS/directly_ready/Bruce-Scripts-Heaven_BAD/RickRoll_Apple/payload.txt,badusb,prank,Bruce-Scripts-Heaven_BAD,classified
sd_card_content/badusb_extra_payloads/_unclassified/Bruce-Scripts-Heaven_BAD/Download-and-Execute/Download-Execute.txt,badusb,_unclassified,Bruce-Scripts-Heaven_BAD,classified-unmatched
sd_card_content/badusb_extra_payloads/command_control/Win/directly_ready/Bruce-Scripts-Heaven_BAD/Defeat_Defender/payload.txt,badusb,command_control,Bruce-Scripts-Heaven_BAD,classified
sd_card_content/badusb_extra_payloads/collection/Win/directly_ready/Bruce-Scripts-Heaven_BAD/OSINT/Desktop Screenshare over LAN.txt,badusb,collection,Bruce-Scripts-Heaven_BAD,classified
sd_card_content/badusb_extra_payloads/data_exfiltration/Win/directly_ready/Bruce-Scripts-Heaven_BAD/OSINT/Record-Screen-to-Discord.txt.txt,badusb,data_exfiltration,Bruce-Scripts-Heaven_BAD,classified
sd_card_content/badusb_extra_payloads/data_exfiltration/Win/directly_ready/Bruce-Scripts-Heaven_BAD/OSINT/Exfiltrate Files to USB Drive.txt,badusb,data_exfiltration,Bruce-Scripts-Heaven_BAD,classified
sd_card_content/badusb_extra_payloads/data_exfiltration/Win/directly_ready/Bruce-Scripts-Heaven_BAD/OSINT/Exfiltrate files to DropBox.txt,badusb,data_exfiltration,Bruce-Scripts-Heaven_BAD,classified
sd_card_content/badusb_extra_payloads/data_exfiltration/Win/directly_ready/Bruce-Scripts-Heaven_BAD/OSINT/Discord-Infostealer.txt.txt,badusb,data_exfiltration,Bruce-Scripts-Heaven_BAD,classified
sd_card_content/badusb_extra_payloads/data_exfiltration/Win/directly_ready/Bruce-Scripts-Heaven_BAD/OSINT/Record-Mic-to-Discord.txt.txt,badusb,data_exfiltration,Bruce-Scripts-Heaven_BAD,classified
sd_card_content/badusb_extra_payloads/collection/Win/directly_ready/Bruce-Scripts-Heaven_BAD/OSINT/Discord WiFi Grabber 2.txt,badusb,collection,Bruce-Scripts-Heaven_BAD,classified
sd_card_content/badusb_extra_payloads/collection/Win/directly_ready/Bruce-Scripts-Heaven_BAD/OSINT/Discord WiFi Grabber.txt,badusb,collection,Bruce-Scripts-Heaven_BAD,classified
sd_card_content/badusb_extra_payloads/collection/Win/directly_ready/Bruce-Scripts-Heaven_BAD/OSINT/Email System & User Information.txt,badusb,collection,Bruce-Scripts-Heaven_BAD,classified
sd_card_content/badusb_extra_payloads/remote_access/Unix-like/Linux/directly_ready/Bruce-Scripts-Heaven_BAD/OSINT/Desktop Screenshare over Netcat.txt,badusb,remote_access,Bruce-Scripts-Heaven_BAD,classified
sd_card_content/badusb_extra_payloads/_unclassified/Bruce-Scripts-Heaven_BAD/OSINT/Installed Programs and Eventlogs to File.txt,badusb,_unclassified,Bruce-Scripts-Heaven_BAD,classified-unmatched
sd_card_content/badusb_extra_payloads/data_exfiltration/Win/directly_ready/Bruce-Scripts-Heaven_BAD/OSINT/Exfiltrate files to Discord.txt,badusb,data_exfiltration,Bruce-Scripts-Heaven_BAD,classified
sd_card_content/badusb_extra_payloads/data_exfiltration/Win/directly_ready/Bruce-Scripts-Heaven_BAD/OSINT/Exfiltrate files to Telegram.txt,badusb,data_exfiltration,Bruce-Scripts-Heaven_BAD,classified
sd_card_content/badusb_extra_payloads/social_engineering/Win/directly_ready/Bruce-Scripts-Heaven_BAD/OSINT/Google Login Phish to Discord.txt,badusb,social_engineering,Bruce-Scripts-Heaven_BAD,classified
sd_card_content/badusb_extra_payloads/data_exfiltration/Win/directly_ready/Bruce-Scripts-Heaven_BAD/OSINT/Speech-to-Discord.txt.txt,badusb,data_exfiltration,Bruce-Scripts-Heaven_BAD,classified
sd_card_content/badusb_extra_payloads/collection/Win/directly_ready/Bruce-Scripts-Heaven_BAD/OSINT/Email System Info with Screenshot.txt,badusb,collection,Bruce-Scripts-Heaven_BAD,classified
sd_card_content/badusb_extra_payloads/collection/Win/directly_ready/Bruce-Scripts-Heaven_BAD/OSINT/Screenshot to Telegram.txt,badusb,collection,Bruce-Scripts-Heaven_BAD,classified
sd_card_content/badusb_extra_payloads/social_engineering/Unix-like/Linux/directly_ready/Bruce-Scripts-Heaven_BAD/GNU-Linux/Phishing/StandardPhishingAttack_Linux/script.js,badusb,social_engineering,Bruce-Scripts-Heaven_BAD,classified
sd_card_content/badusb_extra_payloads/remote_access/iOS/configuration_needed/Bruce-Scripts-Heaven_BAD/GNU-Linux/Incident_Response/Auto-Check_Cisco_IOS_XE_Backdoor_based_on_CVE-2023-20198_and_CVE/payload.txt,badusb,remote_access,Bruce-Scripts-Heaven_BAD,classified
sd_card_content/badusb_extra_payloads/_unclassified/Bruce-Scripts-Heaven_BAD/GNU-Linux/Incident_Response/Exploit_Citrix_NetScaler_ADC_and_Gateway_through_CVE-2023-4966/lin-payload.txt,badusb,_unclassified,Bruce-Scripts-Heaven_BAD,classified-unmatched
sd_card_content/badusb_extra_payloads/discovery/Unix-like/Linux/directly_ready/Bruce-Scripts-Heaven_BAD/GNU-Linux/Execution/ExploitingAnExecutableFile/payload.txt,badusb,discovery,Bruce-Scripts-Heaven_BAD,classified
sd_card_content/badusb_extra_payloads/data_exfiltration/Unix-like/Linux/directly_ready/Bruce-Scripts-Heaven_BAD/GNU-Linux/Execution/EncryptAllDocuments_Linux/payload.txt,badusb,data_exfiltration,Bruce-Scripts-Heaven_BAD,classified
sd_card_content/badusb_extra_payloads/data_exfiltration/Unix-like/Linux/directly_ready/Bruce-Scripts-Heaven_BAD/GNU-Linux/Execution/EncryptAllDocuments_Linux/EncryptAllDocumentsScript.py,badusb,data_exfiltration,Bruce-Scripts-Heaven_BAD,classified
sd_card_content/badusb_extra_payloads/data_exfiltration/Unix-like/Linux/directly_ready/Bruce-Scripts-Heaven_BAD/GNU-Linux/Exfiltration/ExfiltrateDocumentsFolder_Linux/payload.txt,badusb,data_exfiltration,Bruce-Scripts-Heaven_BAD,classified
sd_card_content/badusb_extra_payloads/data_exfiltration/Unix-like/Linux/directly_ready/Bruce-Scripts-Heaven_BAD/GNU-Linux/Exfiltration/ExfiltrateEmailAndPasswordByPhising_Linux/payload.txt,badusb,data_exfiltration,Bruce-Scripts-Heaven_BAD,classified
sd_card_content/badusb_extra_payloads/data_exfiltration/Unix-like/Linux/directly_ready/Bruce-Scripts-Heaven_BAD/GNU-Linux/Exfiltration/ExfiltrateSudoPasswordByPhising_Linux/payload.txt,badusb,data_exfiltration,Bruce-Scripts-Heaven_BAD,classified
sd_card_content/badusb_extra_payloads/data_exfiltration/Unix-like/Linux/directly_ready/Bruce-Scripts-Heaven_BAD/GNU-Linux/Exfiltration/ExfiltrateWiFiPasswords_Linux/payload.txt,badusb,data_exfiltration,Bruce-Scripts-Heaven_BAD,classified
sd_card_content/badusb_extra_payloads/data_exfiltration/Unix-like/Linux/directly_ready/Bruce-Scripts-Heaven_BAD/GNU-Linux/Exfiltration/ExfiltrateLogFiles_Linux/payload.txt,badusb,data_exfiltration,Bruce-Scripts-Heaven_BAD,classified
sd_card_content/badusb_extra_payloads/prank/Unix-like/Linux/directly_ready/Bruce-Scripts-Heaven_BAD/GNU-Linux/Prank/ChangeDesktopWallpaper_LinuxKDE/payloads.txt,badusb,prank,Bruce-Scripts-Heaven_BAD,classified
sd_card_content/badusb_extra_payloads/prank/Unix-like/Linux/directly_ready/Bruce-Scripts-Heaven_BAD/GNU-Linux/Prank/This_damn_shell_doesn_t_work___so_sad!-KALI/payload.txt,badusb,prank,Bruce-Scripts-Heaven_BAD,classified
sd_card_content/badusb_extra_payloads/prank/Unix-like/Linux/directly_ready/Bruce-Scripts-Heaven_BAD/GNU-Linux/Prank/SendTelegramMessages_Linux/payload.txt,badusb,prank,Bruce-Scripts-Heaven_BAD,classified
sd_card_content/badusb_extra_payloads/prank/Unix-like/Linux/directly_ready/Bruce-Scripts-Heaven_BAD/GNU-Linux/Prank/This_damn_shell_doesn_t_work___so_sad!-LINUX/payload.txt,badusb,prank,Bruce-Scripts-Heaven_BAD,classified
sd_card_content/badusb_extra_payloads/prank/Win/directly_ready/Bruce-Scripts-Heaven_BAD/AUTOinCORRECT/payload.txt,badusb,prank,Bruce-Scripts-Heaven_BAD,classified
sd_card_content/badusb_extra_payloads/_unclassified/Bruce-Scripts-Heaven_BAD/windows10/hackertyper.txt,badusb,_unclassified,Bruce-Scripts-Heaven_BAD,classified-unmatched
sd_card_content/badusb_extra_payloads/_unclassified/Bruce-Scripts-Heaven_BAD/windows10/shutdown.txt,badusb,_unclassified,Bruce-Scripts-Heaven_BAD,classified-unmatched
sd_card_content/badusb_extra_payloads/utilities/Win/directly_ready/Bruce-Scripts-Heaven_BAD/windows10/you_have_been_hacked_desktop.txt,badusb,utilities,Bruce-Scripts-Heaven_BAD,classified
sd_card_content/badusb_extra_payloads/_unclassified/Bruce-Scripts-Heaven_BAD/windows10/create folders in C.txt,badusb,_unclassified,Bruce-Scripts-Heaven_BAD,classified-unmatched
sd_card_content/badusb_extra_payloads/_unclassified/Bruce-Scripts-Heaven_BAD/windows10/JM.txt,badusb,_unclassified,Bruce-Scripts-Heaven_BAD,classified-unmatched
sd_card_content/badusb_extra_payloads/_unclassified/Bruce-Scripts-Heaven_BAD/windows10/open_youtube_video.txt,badusb,_unclassified,Bruce-Scripts-Heaven_BAD,classified-unmatched
sd_card_content/badusb_extra_payloads/utilities/Win/directly_ready/Bruce-Scripts-Heaven_BAD/windows10/matrix.txt,badusb,utilities,Bruce-Scripts-Heaven_BAD,classified
sd_card_content/badusb_extra_payloads/_unclassified/Bruce-Scripts-Heaven_BAD/windows10/EPTM-ASCII.txt,badusb,_unclassified,Bruce-Scripts-Heaven_BAD,classified-unmatched
sd_card_content/badusb_extra_payloads/utilities/Win/directly_ready/Bruce-Scripts-Heaven_BAD/windows10/matrix ps hidden.txt,badusb,utilities,Bruce-Scripts-Heaven_BAD,classified
sd_card_content/badusb_extra_payloads/_unclassified/Bruce-Scripts-Heaven_BAD/windows10/nyan_cat.txt,badusb,_unclassified,Bruce-Scripts-Heaven_BAD,classified-unmatched
sd_card_content/badusb_extra_payloads/_unclassified/Bruce-Scripts-Heaven_BAD/windows10/you_are_an_idiot.txt,badusb,_unclassified,Bruce-Scripts-Heaven_BAD,classified-unmatched
sd_card_content/badusb_extra_payloads/utilities/Win/directly_ready/Bruce-Scripts-Heaven_BAD/windows10/start_infinite_cmd.txt,badusb,utilities,Bruce-Scripts-Heaven_BAD,classified
sd_card_content/badusb_extra_payloads/_unclassified/Bruce-Scripts-Heaven_BAD/DuckyHelper/DuckyHelper.txt,badusb,_unclassified,Bruce-Scripts-Heaven_BAD,classified-unmatched
sd_card_content/badusb_extra_payloads/_unclassified/Bruce-Scripts-Heaven_BAD/Flipper_Zero_Badusb_hack5_payloads/execution/-RD-Play-WAV/payload.txt,badusb,_unclassified,Bruce-Scripts-Heaven_BAD,classified-unmatched
sd_card_content/badusb_extra_payloads/destruction/Win/directly_ready/Bruce-Scripts-Heaven_BAD/Flipper_Zero_Badusb_hack5_payloads/execution/termBomb/payload.txt,badusb,destruction,Bruce-Scripts-Heaven_BAD,classified
sd_card_content/badusb_extra_payloads/collection/Win/directly_ready/Bruce-Scripts-Heaven_BAD/Flipper_Zero_Badusb_hack5_payloads/credentials/-RD-Credz-Plz/Credz-Plz-Execute.txt,badusb,collection,Bruce-Scripts-Heaven_BAD,classified
sd_card_content/badusb_extra_payloads/collection/Win/directly_ready/Bruce-Scripts-Heaven_BAD/Flipper_Zero_Badusb_hack5_payloads/credentials/DuckyLogger/payload.txt,badusb,collection,Bruce-Scripts-Heaven_BAD,classified
sd_card_content/badusb_extra_payloads/collection/Win/directly_ready/Bruce-Scripts-Heaven_BAD/Flipper_Zero_Badusb_hack5_payloads/credentials/sudoSnatch/payload.txt,badusb,collection,Bruce-Scripts-Heaven_BAD,classified
sd_card_content/badusb_extra_payloads/data_exfiltration/Unix-like/macOS/directly_ready/Bruce-Scripts-Heaven_BAD/Flipper_Zero_Badusb_hack5_payloads/exfiltration/History-Grabber/payload.txt,badusb,data_exfiltration,Bruce-Scripts-Heaven_BAD,classified
sd_card_content/badusb_extra_payloads/data_exfiltration/Unix-like/macOS/directly_ready/Bruce-Scripts-Heaven_BAD/Flipper_Zero_Badusb_hack5_payloads/exfiltration/iMessage-Data-Grabber/payload.txt,badusb,data_exfiltration,Bruce-Scripts-Heaven_BAD,classified
sd_card_content/badusb_extra_payloads/data_exfiltration/Unix-like/macOS/directly_ready/Bruce-Scripts-Heaven_BAD/Flipper_Zero_Badusb_hack5_payloads/exfiltration/rickroll_terminal_payload/payload.txt,badusb,data_exfiltration,Bruce-Scripts-Heaven_BAD,classified
sd_card_content/badusb_extra_payloads/data_exfiltration/Win/directly_ready/Bruce-Scripts-Heaven_BAD/Flipper_Zero_Badusb_hack5_payloads/exfiltration/screenshot_exfil/payload.txt,badusb,data_exfiltration,Bruce-Scripts-Heaven_BAD,classified
sd_card_content/badusb_extra_payloads/data_exfiltration/Win/directly_ready/Bruce-Scripts-Heaven_BAD/Flipper_Zero_Badusb_hack5_payloads/exfiltration/Discord_Windows_Wifi_IP-Info/payload.txt,badusb,data_exfiltration,Bruce-Scripts-Heaven_BAD,classified
sd_card_content/badusb_extra_payloads/data_exfiltration/Unix-like/macOS/directly_ready/Bruce-Scripts-Heaven_BAD/Flipper_Zero_Badusb_hack5_payloads/exfiltration/Mail-Grabber/payload.txt,badusb,data_exfiltration,Bruce-Scripts-Heaven_BAD,classified
sd_card_content/badusb_extra_payloads/data_exfiltration/Unix-like/macOS/directly_ready/Bruce-Scripts-Heaven_BAD/Flipper_Zero_Badusb_hack5_payloads/exfiltration/Public-IP-Grabber/payload.txt,badusb,data_exfiltration,Bruce-Scripts-Heaven_BAD,classified
sd_card_content/badusb_extra_payloads/data_exfiltration/Win/directly_ready/Bruce-Scripts-Heaven_BAD/Flipper_Zero_Badusb_hack5_payloads/exfiltration/Ducky_Crab/payload.txt,badusb,data_exfiltration,Bruce-Scripts-Heaven_BAD,classified
sd_card_content/badusb_extra_payloads/data_exfiltration/Win/directly_ready/Bruce-Scripts-Heaven_BAD/Flipper_Zero_Badusb_hack5_payloads/exfiltration/Poor_Mans_Nmap/payload.txt,badusb,data_exfiltration,Bruce-Scripts-Heaven_BAD,classified
sd_card_content/badusb_extra_payloads/_unclassified/Bruce-Scripts-Heaven_BAD/Flipper_Zero_Badusb_hack5_payloads/incident_response/-RD-ET-Phone-Home/payload.txt,badusb,_unclassified,Bruce-Scripts-Heaven_BAD,classified-unmatched
sd_card_content/badusb_extra_payloads/_unclassified/Bruce-Scripts-Heaven_BAD/Flipper_Zero_Badusb_hack5_payloads/general/-RD-Subscribe/payload.txt,badusb,_unclassified,Bruce-Scripts-Heaven_BAD,classified-unmatched
sd_card_content/badusb_extra_payloads/command_control/Win/directly_ready/Bruce-Scripts-Heaven_BAD/Flipper_Zero_Badusb_hack5_payloads/general/Defeat_Defender/payload.txt,badusb,command_control,Bruce-Scripts-Heaven_BAD,classified
sd_card_content/badusb_extra_payloads/destruction/Win/directly_ready/Bruce-Scripts-Heaven_BAD/Flipper_Zero_Badusb_hack5_payloads/general/-RD-PineApple/PineApple-KeyInjection.txt,badusb,destruction,Bruce-Scripts-Heaven_BAD,classified
sd_card_content/badusb_extra_payloads/_unclassified/Bruce-Scripts-Heaven_BAD/Flipper_Zero_Badusb_hack5_payloads/general/-RD-PineApple/payload.txt,badusb,_unclassified,Bruce-Scripts-Heaven_BAD,classified-unmatched
sd_card_content/badusb_extra_payloads/_unclassified/Bruce-Scripts-Heaven_BAD/Flipper_Zero_Badusb_hack5_payloads/general/Hotfix_Warning/payload.txt,badusb,_unclassified,Bruce-Scripts-Heaven_BAD,classified-unmatched
sd_card_content/badusb_extra_payloads/remote_access/Unix-like/Linux/directly_ready/Bruce-Scripts-Heaven_BAD/Flipper_Zero_Badusb_hack5_payloads/remote_access/ReverseDuckyIII/payload.txt,badusb,remote_access,Bruce-Scripts-Heaven_BAD,classified
sd_card_content/badusb_extra_payloads/remote_access/Win/directly_ready/Bruce-Scripts-Heaven_BAD/Flipper_Zero_Badusb_hack5_payloads/remote_access/persistentReverseDucky/payload.txt,badusb,remote_access,Bruce-Scripts-Heaven_BAD,classified
sd_card_content/badusb_extra_payloads/remote_access/Win/directly_ready/Bruce-Scripts-Heaven_BAD/Flipper_Zero_Badusb_hack5_payloads/remote_access/win_winrm-backdoor/payload.txt,badusb,remote_access,Bruce-Scripts-Heaven_BAD,classified
sd_card_content/badusb_extra_payloads/remote_access/Win/directly_ready/Bruce-Scripts-Heaven_BAD/Flipper_Zero_Badusb_hack5_payloads/remote_access/NSHELL/Payload.txt.txt,badusb,remote_access,Bruce-Scripts-Heaven_BAD,classified
sd_card_content/badusb_extra_payloads/prank/Win/directly_ready/Bruce-Scripts-Heaven_BAD/Flipper_Zero_Badusb_hack5_payloads/prank/-RD-JumpScare/payload.txt,badusb,prank,Bruce-Scripts-Heaven_BAD,classified
sd_card_content/badusb_extra_payloads/prank/Win/directly_ready/Bruce-Scripts-Heaven_BAD/Flipper_Zero_Badusb_hack5_payloads/prank/-RD-AcidBurn/payload.txt,badusb,prank,Bruce-Scripts-Heaven_BAD,classified
sd_card_content/badusb_extra_payloads/prank/Win/directly_ready/Bruce-Scripts-Heaven_BAD/Flipper_Zero_Badusb_hack5_payloads/prank/-RD-PS-Draw/payload.txt,badusb,prank,Bruce-Scripts-Heaven_BAD,classified
sd_card_content/badusb_extra_payloads/prank/Win/directly_ready/Bruce-Scripts-Heaven_BAD/Flipper_Zero_Badusb_hack5_payloads/prank/-RD-We-Found-You/payload.txt,badusb,prank,Bruce-Scripts-Heaven_BAD,classified
sd_card_content/badusb_extra_payloads/prank/Win/directly_ready/Bruce-Scripts-Heaven_BAD/Flipper_Zero_Badusb_hack5_payloads/prank/-RD-Wallpaper-Troll/payload.txt,badusb,prank,Bruce-Scripts-Heaven_BAD,classified
sd_card_content/badusb_extra_payloads/prank/Win/directly_ready/Bruce-Scripts-Heaven_BAD/Flip-Rage-PopUps/Rage-PopUps.txt,badusb,prank,Bruce-Scripts-Heaven_BAD,classified
sd_card_content/badusb_extra_payloads/_unclassified/Bruce-Scripts-Heaven_BAD/CartmanSong/CartmanSong.txt,badusb,_unclassified,Bruce-Scripts-Heaven_BAD,classified-unmatched
sd_card_content/badusb_extra_payloads/collection/Win/directly_ready/Bruce-Scripts-Heaven_BAD/ExfiltrateWindowsCredentials/NetworkMedium/server.py,badusb,collection,Bruce-Scripts-Heaven_BAD,classified
sd_card_content/badusb_extra_payloads/data_exfiltration/Win/directly_ready/Bruce-Scripts-Heaven_BAD/-RD-Credz-Plz/Credz-Plz-Execute.txt,badusb,data_exfiltration,Bruce-Scripts-Heaven_BAD,classified
sd_card_content/badusb_extra_payloads/data_exfiltration/Win/directly_ready/Bruce-Scripts-Heaven_BAD/Spotify-Spy/payload.txt,badusb,data_exfiltration,Bruce-Scripts-Heaven_BAD,classified
sd_card_content/badusb_extra_payloads/utilities/Win/directly_ready/Bruce-Scripts-Heaven_BAD/Network-Enumeration-GUI/Network-Enumeration-GUI.txt,badusb,utilities,Bruce-Scripts-Heaven_BAD,classified
sd_card_content/badusb_extra_payloads/prank/Win/directly_ready/Bruce-Scripts-Heaven_BAD/silent_rickroll/payload.txt,badusb,prank,Bruce-Scripts-Heaven_BAD,classified
sd_card_content/badusb_extra_payloads/_unclassified/Bruce-Scripts-Heaven_BAD/Lock Keys/Lock-Keys-example3.txt,badusb,_unclassified,Bruce-Scripts-Heaven_BAD,classified-unmatched
sd_card_content/badusb_extra_payloads/_unclassified/Bruce-Scripts-Heaven_BAD/Lock Keys/Lock-Keys-example1.txt,badusb,_unclassified,Bruce-Scripts-Heaven_BAD,classified-unmatched
sd_card_content/badusb_extra_payloads/prank/Win/directly_ready/Bruce-Scripts-Heaven_BAD/Lock Keys/Lock-Keys-example4.txt,badusb,prank,Bruce-Scripts-Heaven_BAD,classified
sd_card_content/badusb_extra_payloads/_unclassified/Bruce-Scripts-Heaven_BAD/Lock Keys/Lock-Keys-example2.txt,badusb,_unclassified,Bruce-Scripts-Heaven_BAD,classified-unmatched
sd_card_content/badusb_extra_payloads/_unclassified/Bruce-Scripts-Heaven_BAD/Windows/Incident_Response/Exploit_Citrix_NetScaler_ADC_and_Gateway_through_CVE-2023-4966/win-payload.txt,badusb,_unclassified,Bruce-Scripts-Heaven_BAD,classified-unmatched
sd_card_content/badusb_extra_payloads/_unclassified/Bruce-Scripts-Heaven_BAD/Windows/Incident_Response/Defend_yourself_against_CVE-2023-36884_Office_and_Windows_HTML_Remote_Code_Execution_Vulnerability/payload.txt,badusb,_unclassified,Bruce-Scripts-Heaven_BAD,classified-unmatched
sd_card_content/badusb_extra_payloads/collection/Android/directly_ready/Bruce-Scripts-Heaven_BAD/Windows/Credentials/Defend_yourself_from_CVE-2023-23397/payload.txt,badusb,collection,Bruce-Scripts-Heaven_BAD,classified
sd_card_content/badusb_extra_payloads/collection/Win/directly_ready/Bruce-Scripts-Heaven_BAD/Windows/Credentials/WiFiPasswords_Windows/payload.txt,badusb,collection,Bruce-Scripts-Heaven_BAD,classified
sd_card_content/badusb_extra_payloads/destruction/Win/directly_ready/Bruce-Scripts-Heaven_BAD/Windows/Execution/CloseAllApplications_Windows/payload.txt,badusb,destruction,Bruce-Scripts-Heaven_BAD,classified
sd_card_content/badusb_extra_payloads/_unclassified/Bruce-Scripts-Heaven_BAD/Windows/Execution/Immediate_Shutdown-By_NexusWannaBe/payload.txt,badusb,_unclassified,Bruce-Scripts-Heaven_BAD,classified-unmatched
sd_card_content/badusb_extra_payloads/destruction/Win/configuration_needed/Bruce-Scripts-Heaven_BAD/Windows/Execution/Install_Any_Arbitrary_VSCode_Extension/payload.txt,badusb,destruction,Bruce-Scripts-Heaven_BAD,classified
sd_card_content/badusb_extra_payloads/_unclassified/Bruce-Scripts-Heaven_BAD/Windows/Execution/Install_And_Run_Any_Arbitrary_Executable-No_Internet_And_Root_Needed/assets/build/example/warn-example.txt,badusb,_unclassified,Bruce-Scripts-Heaven_BAD,classified-unmatched
sd_card_content/badusb_extra_payloads/_unclassified/Bruce-Scripts-Heaven_BAD/Windows/Execution/Starting_a_PowerShell_with_administrator_permissions_in_Windows/payload.txt,badusb,_unclassified,Bruce-Scripts-Heaven_BAD,classified-unmatched
sd_card_content/badusb_extra_payloads/_unclassified/Bruce-Scripts-Heaven_BAD/Windows/Execution/Make_Windows_performant_(but_ugly_and_boring)/payload.txt,badusb,_unclassified,Bruce-Scripts-Heaven_BAD,classified-unmatched
sd_card_content/badusb_extra_payloads/_unclassified/Bruce-Scripts-Heaven_BAD/Windows/Execution/Set_Tor_Bridge/payload.txt,badusb,_unclassified,Bruce-Scripts-Heaven_BAD,classified-unmatched
sd_card_content/badusb_extra_payloads/_unclassified/Bruce-Scripts-Heaven_BAD/Windows/Execution/CheckBattery-by_bst04/payload.txt,badusb,_unclassified,Bruce-Scripts-Heaven_BAD,classified-unmatched
sd_card_content/badusb_extra_payloads/_unclassified/Bruce-Scripts-Heaven_BAD/Windows/Execution/Install_Official_VSCode_Extension/payload.txt,badusb,_unclassified,Bruce-Scripts-Heaven_BAD,classified-unmatched
sd_card_content/badusb_extra_payloads/_unclassified/Bruce-Scripts-Heaven_BAD/Windows/Execution/Shutdown_After_1_Minute-By_NexusWannaBe/payload.txt,badusb,_unclassified,Bruce-Scripts-Heaven_BAD,classified-unmatched
sd_card_content/badusb_extra_payloads/data_exfiltration/Win/directly_ready/Bruce-Scripts-Heaven_BAD/Windows/Exfiltration/ProtonVPNConfigFile_Windows/payload.txt,badusb,data_exfiltration,Bruce-Scripts-Heaven_BAD,classified
sd_card_content/badusb_extra_payloads/data_exfiltration/Win/directly_ready/Bruce-Scripts-Heaven_BAD/Windows/Exfiltration/Tree_structure_of_the_operating_system/payload.txt,badusb,data_exfiltration,Bruce-Scripts-Heaven_BAD,classified
sd_card_content/badusb_extra_payloads/data_exfiltration/Win/directly_ready/Bruce-Scripts-Heaven_BAD/Windows/Exfiltration/Netstat_Windows/payload.txt,badusb,data_exfiltration,Bruce-Scripts-Heaven_BAD,classified
sd_card_content/badusb_extra_payloads/data_exfiltration/Win/directly_ready/Bruce-Scripts-Heaven_BAD/Windows/Exfiltration/Exfiltrate_Windows_Product_Key/payload.txt,badusb,data_exfiltration,Bruce-Scripts-Heaven_BAD,classified
sd_card_content/badusb_extra_payloads/data_exfiltration/Win/directly_ready/Bruce-Scripts-Heaven_BAD/Windows/Exfiltration/Save_Your_Thunderbird_Settings/payload.txt,badusb,data_exfiltration,Bruce-Scripts-Heaven_BAD,classified
sd_card_content/badusb_extra_payloads/prank/Win/directly_ready/Bruce-Scripts-Heaven_BAD/Windows/Prank/ContinuousPrintInTerminal/payload.txt,badusb,prank,Bruce-Scripts-Heaven_BAD,classified
sd_card_content/badusb_extra_payloads/prank/Win/directly_ready/Bruce-Scripts-Heaven_BAD/Windows/Prank/Spam_Terminals-by_bst04/Spam_Terminals.txt,badusb,prank,Bruce-Scripts-Heaven_BAD,classified
sd_card_content/badusb_extra_payloads/prank/Win/directly_ready/Bruce-Scripts-Heaven_BAD/Windows/Prank/NeverGonnaGiveYouUp_Windows/payload.txt,badusb,prank,Bruce-Scripts-Heaven_BAD,classified
sd_card_content/badusb_extra_payloads/prank/Win/directly_ready/Bruce-Scripts-Heaven_BAD/Windows/Prank/Full-ScreenBannerJoke/script.py,badusb,prank,Bruce-Scripts-Heaven_BAD,classified
sd_card_content/badusb_extra_payloads/prank/Win/directly_ready/Bruce-Scripts-Heaven_BAD/Windows/Prank/Prank_In_The_Middle_Thunderbird/payload.txt,badusb,prank,Bruce-Scripts-Heaven_BAD,classified
sd_card_content/badusb_extra_payloads/prank/Win/directly_ready/Bruce-Scripts-Heaven_BAD/Windows/Prank/AlienMessageFromComputer/payload.txt,badusb,prank,Bruce-Scripts-Heaven_BAD,classified
sd_card_content/badusb_extra_payloads/prank/Win/directly_ready/Bruce-Scripts-Heaven_BAD/Windows/Prank/Pranh(ex)/assets/transformation/build/pranh(ex)/warn-pranh(ex).txt,badusb,prank,Bruce-Scripts-Heaven_BAD,classified
sd_card_content/badusb_extra_payloads/prank/Win/directly_ready/Bruce-Scripts-Heaven_BAD/Windows/Prank/SendSignalMessages_Windows/payload.txt,badusb,prank,Bruce-Scripts-Heaven_BAD,classified
sd_card_content/badusb_extra_payloads/remote_access/Win/directly_ready/Bruce-Scripts-Heaven_BAD/Discord-Reverse-Shell/Discord-Reverse-Shell.txt,badusb,remote_access,Bruce-Scripts-Heaven_BAD,classified
sd_card_content/badusb_extra_payloads/prank/Win/directly_ready/Bruce-Scripts-Heaven_BAD/Flip-Wallpaper-Troll/Wallpaper-Troll.txt,badusb,prank,Bruce-Scripts-Heaven_BAD,classified
sd_card_content/badusb_extra_payloads/_unclassified/Bruce-Scripts-Heaven_BAD/execution/DuckyHelper/DuckyHelper.txt,badusb,_unclassified,Bruce-Scripts-Heaven_BAD,classified-unmatched
sd_card_content/badusb_extra_payloads/authentication/Win/directly_ready/Bruce-Scripts-Heaven_BAD/execution/Win/adminAccountCreator/BadUSB_adminAccountCreator.txt,badusb,authentication,Bruce-Scripts-Heaven_BAD,classified
sd_card_content/badusb_extra_payloads/defense_evasion/Win/directly_ready/Bruce-Scripts-Heaven_BAD/execution/Win/Kiosk-evasion/kiosk-evasion-payload.txt,badusb,defense_evasion,Bruce-Scripts-Heaven_BAD,classified
sd_card_content/badusb_extra_payloads/authentication/Win/directly_ready/Bruce-Scripts-Heaven_BAD/execution/Win/Admin_Who_Never_Sleeps/payload.txt,badusb,authentication,Bruce-Scripts-Heaven_BAD,classified
sd_card_content/badusb_extra_payloads/_unclassified/Bruce-Scripts-Heaven_BAD/execution/Win/Login_CMD/quack.txt,badusb,_unclassified,Bruce-Scripts-Heaven_BAD,classified-unmatched
sd_card_content/badusb_extra_payloads/_unclassified/Bruce-Scripts-Heaven_BAD/PC/GLITCH.DANGER.txt,badusb,_unclassified,Bruce-Scripts-Heaven_BAD,classified-unmatched
sd_card_content/badusb_extra_payloads/_unclassified/Bruce-Scripts-Heaven_BAD/PC/Tabs-spam.txt,badusb,_unclassified,Bruce-Scripts-Heaven_BAD,classified-unmatched
sd_card_content/badusb_extra_payloads/collection/Win/directly_ready/Bruce-Scripts-Heaven_BAD/PC/instant-screenshot.txt,badusb,collection,Bruce-Scripts-Heaven_BAD,classified
sd_card_content/badusb_extra_payloads/_unclassified/Bruce-Scripts-Heaven_BAD/PC/Closer.txt,badusb,_unclassified,Bruce-Scripts-Heaven_BAD,classified-unmatched
sd_card_content/badusb_extra_payloads/prank/Win/directly_ready/Bruce-Scripts-Heaven_BAD/PC/Cybercrime WINDOWS.txt,badusb,prank,Bruce-Scripts-Heaven_BAD,classified
sd_card_content/badusb_extra_payloads/_unclassified/Bruce-Scripts-Heaven_BAD/PC/calculator-spam.txt,badusb,_unclassified,Bruce-Scripts-Heaven_BAD,classified-unmatched
sd_card_content/badusb_extra_payloads/_unclassified/Bruce-Scripts-Heaven_BAD/PC/Blockator.txt,badusb,_unclassified,Bruce-Scripts-Heaven_BAD,classified-unmatched
sd_card_content/badusb_extra_payloads/social_engineering/Win/directly_ready/Bruce-Scripts-Heaven_BAD/PC/fake-update.txt,badusb,social_engineering,Bruce-Scripts-Heaven_BAD,classified
sd_card_content/badusb_extra_payloads/_unclassified/Bruce-Scripts-Heaven_BAD/PC/you-idiot.txt,badusb,_unclassified,Bruce-Scripts-Heaven_BAD,classified-unmatched
sd_card_content/badusb_extra_payloads/_unclassified/Bruce-Scripts-Heaven_BAD/PC/Screenshoter.txt,badusb,_unclassified,Bruce-Scripts-Heaven_BAD,classified-unmatched
sd_card_content/badusb_extra_payloads/_unclassified/Bruce-Scripts-Heaven_BAD/PC/Explorer-spam.txt,badusb,_unclassified,Bruce-Scripts-Heaven_BAD,classified-unmatched
sd_card_content/badusb_extra_payloads/_unclassified/Bruce-Scripts-Heaven_BAD/PC/KODBLOCK.txt,badusb,_unclassified,Bruce-Scripts-Heaven_BAD,classified-unmatched
sd_card_content/badusb_extra_payloads/utilities/Win/directly_ready/Bruce-Scripts-Heaven_BAD/PC/File-Load_BadUSB.txt,badusb,utilities,Bruce-Scripts-Heaven_BAD,classified
sd_card_content/badusb_extra_payloads/_unclassified/Bruce-Scripts-Heaven_BAD/PC/open_website_win.txt,badusb,_unclassified,Bruce-Scripts-Heaven_BAD,classified-unmatched
sd_card_content/badusb_extra_payloads/_unclassified/Bruce-Scripts-Heaven_BAD/PC/Explorerspam.txt,badusb,_unclassified,Bruce-Scripts-Heaven_BAD,classified-unmatched
sd_card_content/badusb_extra_payloads/_unclassified/Bruce-Scripts-Heaven_BAD/PC/PWN3D FAST.txt,badusb,_unclassified,Bruce-Scripts-Heaven_BAD,classified-unmatched
sd_card_content/badusb_extra_payloads/_unclassified/Bruce-Scripts-Heaven_BAD/PC/capslock.txt,badusb,_unclassified,Bruce-Scripts-Heaven_BAD,classified-unmatched
sd_card_content/badusb_extra_payloads/destruction/Win/directly_ready/Bruce-Scripts-Heaven_BAD/PC/blue-screen.txt,badusb,destruction,Bruce-Scripts-Heaven_BAD,classified
sd_card_content/badusb_extra_payloads/_unclassified/Bruce-Scripts-Heaven_BAD/PC/random-letters.txt,badusb,_unclassified,Bruce-Scripts-Heaven_BAD,classified-unmatched
sd_card_content/badusb_extra_payloads/prank/Win/directly_ready/Bruce-Scripts-Heaven_BAD/PC/pwn3d windows prank.txt,badusb,prank,Bruce-Scripts-Heaven_BAD,classified
sd_card_content/badusb_extra_payloads/_unclassified/Bruce-Scripts-Heaven_BAD/PC/windows10/hackertyper.txt,badusb,_unclassified,Bruce-Scripts-Heaven_BAD,classified-unmatched
sd_card_content/badusb_extra_payloads/_unclassified/Bruce-Scripts-Heaven_BAD/PC/windows10/create folders in C.txt,badusb,_unclassified,Bruce-Scripts-Heaven_BAD,classified-unmatched
sd_card_content/badusb_extra_payloads/utilities/Win/directly_ready/Bruce-Scripts-Heaven_BAD/PC/windows10/matrix ps hidden.txt,badusb,utilities,Bruce-Scripts-Heaven_BAD,classified
sd_card_content/badusb_extra_payloads/utilities/Win/directly_ready/Bruce-Scripts-Heaven_BAD/PC/GoodUSB/clear_explorer.txt,badusb,utilities,Bruce-Scripts-Heaven_BAD,classified
sd_card_content/badusb_extra_payloads/utilities/Win/directly_ready/Bruce-Scripts-Heaven_BAD/PC/GoodUSB/privacy.txt,badusb,utilities,Bruce-Scripts-Heaven_BAD,classified
sd_card_content/badusb_extra_payloads/utilities/Win/directly_ready/Bruce-Scripts-Heaven_BAD/PC/GoodUSB/activate_windows.txt,badusb,utilities,Bruce-Scripts-Heaven_BAD,classified
sd_card_content/badusb_extra_payloads/utilities/Win/directly_ready/Bruce-Scripts-Heaven_BAD/PC/GoodUSB/enable_cortana.txt,badusb,utilities,Bruce-Scripts-Heaven_BAD,classified
sd_card_content/badusb_extra_payloads/utilities/Win/directly_ready/Bruce-Scripts-Heaven_BAD/PC/GoodUSB/disable_cortana.txt,badusb,utilities,Bruce-Scripts-Heaven_BAD,classified
sd_card_content/badusb_extra_payloads/utilities/Win/directly_ready/Bruce-Scripts-Heaven_BAD/PC/GoodUSB/bloatware_remover.txt,badusb,utilities,Bruce-Scripts-Heaven_BAD,classified
sd_card_content/badusb_extra_payloads/utilities/Win/directly_ready/Bruce-Scripts-Heaven_BAD/PC/windows11/You have been hacked desktop.txt,badusb,utilities,Bruce-Scripts-Heaven_BAD,classified
sd_card_content/badusb_extra_payloads/_unclassified/Bruce-Scripts-Heaven_BAD/PC/windows11/hackertyper.txt,badusb,_unclassified,Bruce-Scripts-Heaven_BAD,classified-unmatched
sd_card_content/badusb_extra_payloads/_unclassified/Bruce-Scripts-Heaven_BAD/PC/windows11/create folders in C.txt,badusb,_unclassified,Bruce-Scripts-Heaven_BAD,classified-unmatched
sd_card_content/badusb_extra_payloads/utilities/Win/directly_ready/Bruce-Scripts-Heaven_BAD/PC/windows11/nyancat.txt,badusb,utilities,Bruce-Scripts-Heaven_BAD,classified
sd_card_content/badusb_extra_payloads/utilities/Win/directly_ready/Bruce-Scripts-Heaven_BAD/PC/windows11/matrix.txt,badusb,utilities,Bruce-Scripts-Heaven_BAD,classified
sd_card_content/badusb_extra_payloads/remote_access/Win/directly_ready/Bruce-Scripts-Heaven_BAD/win_smb-backdoor/payload.txt,badusb,remote_access,Bruce-Scripts-Heaven_BAD,classified
sd_card_content/badusb_extra_payloads/_unclassified/Bruce-Scripts-Heaven_BAD/Payload Control/Payload-Control-example3.txt,badusb,_unclassified,Bruce-Scripts-Heaven_BAD,classified-unmatched
sd_card_content/badusb_extra_payloads/_unclassified/Bruce-Scripts-Heaven_BAD/Payload Control/Payload-Control-example2.txt,badusb,_unclassified,Bruce-Scripts-Heaven_BAD,classified-unmatched
sd_card_content/badusb_extra_payloads/data_exfiltration/Win/configuration_needed/Bruce-Scripts-Heaven_BAD/Win_Hid_ImgOverKey/payload.txt,badusb,data_exfiltration,Bruce-Scripts-Heaven_BAD,classified
sd_card_content/badusb_extra_payloads/utilities/Win/directly_ready/Bruce-Scripts-Heaven_BAD/US-Keyboard-Layout/US-Keyboard.txt,badusb,utilities,Bruce-Scripts-Heaven_BAD,classified
sd_card_content/badusb_extra_payloads/social_engineering/Win/directly_ready/Bruce-Scripts-Heaven_BAD/Batch/Fake_Error_Spam.txt,badusb,social_engineering,Bruce-Scripts-Heaven_BAD,classified
sd_card_content/badusb_extra_payloads/prank/Win/directly_ready/Bruce-Scripts-Heaven_BAD/Batch/Typing_Prank.txt,badusb,prank,Bruce-Scripts-Heaven_BAD,classified
sd_card_content/badusb_extra_payloads/prank/Win/directly_ready/Bruce-Scripts-Heaven_BAD/Batch/Random_Beeps.txt,badusb,prank,Bruce-Scripts-Heaven_BAD,classified
sd_card_content/badusb_extra_payloads/_unclassified/Bruce-Scripts-Heaven_BAD/Batch/Desktop_Icon_Shuffle.txt,badusb,_unclassified,Bruce-Scripts-Heaven_BAD,classified-unmatched
sd_card_content/badusb_extra_payloads/_unclassified/Bruce-Scripts-Heaven_BAD/Batch/Fake_Shutdown.txt,badusb,_unclassified,Bruce-Scripts-Heaven_BAD,classified-unmatched
sd_card_content/badusb_extra_payloads/prank/Win/directly_ready/Bruce-Scripts-Heaven_BAD/Batch/Infinite_Loop_Message.txt,badusb,prank,Bruce-Scripts-Heaven_BAD,classified
sd_card_content/badusb_extra_payloads/prank/Win/directly_ready/Bruce-Scripts-Heaven_BAD/Batch/Fake_Virus_Warning.txt,badusb,prank,Bruce-Scripts-Heaven_BAD,classified
sd_card_content/badusb_extra_payloads/_unclassified/Bruce-Scripts-Heaven_BAD/Batch/Silly_Question_Loop.txt,badusb,_unclassified,Bruce-Scripts-Heaven_BAD,classified-unmatched
sd_card_content/badusb_extra_payloads/social_engineering/Win/directly_ready/Bruce-Scripts-Heaven_BAD/Batch/Fake_Update_Screen.txt,badusb,social_engineering,Bruce-Scripts-Heaven_BAD,classified
sd_card_content/badusb_extra_payloads/_unclassified/Bruce-Scripts-Heaven_BAD/Batch/Mouse_Cursor_Toggle.txt,badusb,_unclassified,Bruce-Scripts-Heaven_BAD,classified-unmatched
sd_card_content/badusb_extra_payloads/collection/Unix-like/macOS/directly_ready/Bruce-Scripts-Heaven_BAD/History-Grabber/payload.txt,badusb,collection,Bruce-Scripts-Heaven_BAD,classified
sd_card_content/badusb_extra_payloads/_unclassified/Bruce-Scripts-Heaven_BAD/Android_HID_Forward-Email/Payload_Samsung.txt,badusb,_unclassified,Bruce-Scripts-Heaven_BAD,classified-unmatched
sd_card_content/badusb_extra_payloads/_unclassified/Bruce-Scripts-Heaven_BAD/Android_HID_Forward-Email/Payload_Gmail.txt,badusb,_unclassified,Bruce-Scripts-Heaven_BAD,classified-unmatched
sd_card_content/badusb_extra_payloads/collection/Unix-like/macOS/directly_ready/Bruce-Scripts-Heaven_BAD/iMessage-Data-Grabber/payload.txt,badusb,collection,Bruce-Scripts-Heaven_BAD,classified
sd_card_content/badusb_extra_payloads/_unclassified/Bruce-Scripts-Heaven_BAD/Ascii/Win_HID_MonaLisa/MonaLisa.txt,badusb,_unclassified,Bruce-Scripts-Heaven_BAD,classified-unmatched
sd_card_content/badusb_extra_payloads/_unclassified/Bruce-Scripts-Heaven_BAD/BeEF_Injection/payload.txt,badusb,_unclassified,Bruce-Scripts-Heaven_BAD,classified-unmatched
sd_card_content/badusb_extra_payloads/prank/Win/directly_ready/Bruce-Scripts-Heaven_BAD/Rick_Rolling_Forever/payload.txt,badusb,prank,Bruce-Scripts-Heaven_BAD,classified
sd_card_content/badusb_extra_payloads/data_exfiltration/Win/directly_ready/Bruce-Scripts-Heaven_BAD/Powershell-History/payload.txt,badusb,data_exfiltration,Bruce-Scripts-Heaven_BAD,classified
sd_card_content/badusb_extra_payloads/_unclassified/Bruce-Scripts-Heaven_BAD/Persistent_Keylogger-Telegram_Based/connection.py,badusb,_unclassified,Bruce-Scripts-Heaven_BAD,classified-unmatched
sd_card_content/badusb_extra_payloads/data_exfiltration/Win/directly_ready/Bruce-Scripts-Heaven_BAD/Image-to-Console/Image-to-Console.txt,badusb,data_exfiltration,Bruce-Scripts-Heaven_BAD,classified
sd_card_content/badusb_extra_payloads/remote_access/Win/directly_ready/Bruce-Scripts-Heaven_BAD/Netcat-Client/Simple-Netcat-Client.txt,badusb,remote_access,Bruce-Scripts-Heaven_BAD,classified
sd_card_content/badusb_extra_payloads/_unclassified/Bruce-Scripts-Heaven_BAD/-RD-ET-Phone-Home/payload.txt,badusb,_unclassified,Bruce-Scripts-Heaven_BAD,classified-unmatched
sd_card_content/badusb_extra_payloads/_unclassified/Bruce-Scripts-Heaven_BAD/Tools/Download-Execute from Run Prompt.txt,badusb,_unclassified,Bruce-Scripts-Heaven_BAD,classified-unmatched
sd_card_content/badusb_extra_payloads/destruction/Win/directly_ready/Bruce-Scripts-Heaven_BAD/Tools/Clean-Command-History.txt,badusb,destruction,Bruce-Scripts-Heaven_BAD,classified
sd_card_content/badusb_extra_payloads/_unclassified/Bruce-Scripts-Heaven_BAD/Tools/Disable RT-Protection through GUI.txt,badusb,_unclassified,Bruce-Scripts-Heaven_BAD,classified-unmatched
sd_card_content/badusb_extra_payloads/_unclassified/Bruce-Scripts-Heaven_BAD/Tools/Add Exclusion C-drive.txt,badusb,_unclassified,Bruce-Scripts-Heaven_BAD,classified-unmatched
sd_card_content/badusb_extra_payloads/_unclassified/Bruce-Scripts-Heaven_BAD/Tools/Downgrade-PS-Win11.txt,badusb,_unclassified,Bruce-Scripts-Heaven_BAD,classified-unmatched
sd_card_content/badusb_extra_payloads/_unclassified/Bruce-Scripts-Heaven_BAD/Tools/Update Windows in Powershell.txt,badusb,_unclassified,Bruce-Scripts-Heaven_BAD,classified-unmatched
sd_card_content/badusb_extra_payloads/data_exfiltration/Win/directly_ready/Bruce-Scripts-Heaven_BAD/Tools/Local-FileServer-for-Exfiltration.txt,badusb,data_exfiltration,Bruce-Scripts-Heaven_BAD,classified
sd_card_content/badusb_extra_payloads/_unclassified/Bruce-Scripts-Heaven_BAD/Tools/Set US Keyboard & System Language.txt,badusb,_unclassified,Bruce-Scripts-Heaven_BAD,classified-unmatched
sd_card_content/badusb_extra_payloads/_unclassified/Bruce-Scripts-Heaven_BAD/Tools/Base64 Decode & Execute.txt,badusb,_unclassified,Bruce-Scripts-Heaven_BAD,classified-unmatched
sd_card_content/badusb_extra_payloads/data_exfiltration/Win/directly_ready/Bruce-Scripts-Heaven_BAD/Tools/Webhook-Test-Tool.txt,badusb,data_exfiltration,Bruce-Scripts-Heaven_BAD,classified
sd_card_content/badusb_extra_payloads/utilities/Win/directly_ready/Bruce-Scripts-Heaven_BAD/Tools/Anti-AFK-Tool.txt,badusb,utilities,Bruce-Scripts-Heaven_BAD,classified
sd_card_content/badusb_extra_payloads/prank/Win/directly_ready/Bruce-Scripts-Heaven_BAD/Hacker_Typer/payload.txt,badusb,prank,Bruce-Scripts-Heaven_BAD,classified
sd_card_content/badusb_extra_payloads/collection/Win/directly_ready/Bruce-Scripts-Heaven_BAD/Change Wallpaper With Screenshot/script.py,badusb,collection,Bruce-Scripts-Heaven_BAD,classified
sd_card_content/badusb_extra_payloads/_unclassified/Bruce-Scripts-Heaven_BAD/Telegram-Keylogger/Keylogger-to-Telegram.txt,badusb,_unclassified,Bruce-Scripts-Heaven_BAD,classified-unmatched
sd_card_content/badusb_extra_payloads/data_exfiltration/Win/directly_ready/Bruce-Scripts-Heaven_BAD/Record-Screen-to-Discord/Record-Screen-to-Discord.txt,badusb,data_exfiltration,Bruce-Scripts-Heaven_BAD,classified
sd_card_content/badusb_extra_payloads/_unclassified/Bruce-Scripts-Heaven_BAD/Install_And_Run_Any_Arbitrary_Executable-No_Internet_And_Root_Needed/assets/example.py,badusb,_unclassified,Bruce-Scripts-Heaven_BAD,classified-unmatched
sd_card_content/badusb_extra_payloads/_unclassified/Bruce-Scripts-Heaven_BAD/Install_And_Run_Any_Arbitrary_Executable-No_Internet_And_Root_Needed/assets/convert_to_hex.py,badusb,_unclassified,Bruce-Scripts-Heaven_BAD,classified-unmatched
sd_card_content/badusb_extra_payloads/_unclassified/Bruce-Scripts-Heaven_BAD/Screenshare-Over-LAN/Screenshare-Over-LAN.txt,badusb,_unclassified,Bruce-Scripts-Heaven_BAD,classified-unmatched
sd_card_content/badusb_extra_payloads/collection/Win/directly_ready/Bruce-Scripts-Heaven_BAD/Screen-to-Discord/Screenshot-to-Discord.txt,badusb,collection,Bruce-Scripts-Heaven_BAD,classified
sd_card_content/badusb_extra_payloads/_unclassified/Bruce-Scripts-Heaven_BAD/mobile/Android/Android_HID_Forward-Email/Payload_Samsung.txt,badusb,_unclassified,Bruce-Scripts-Heaven_BAD,classified-unmatched
sd_card_content/badusb_extra_payloads/_unclassified/Bruce-Scripts-Heaven_BAD/mobile/Android/Android_HID_Forward-Email/Payload_Gmail.txt,badusb,_unclassified,Bruce-Scripts-Heaven_BAD,classified-unmatched
sd_card_content/badusb_extra_payloads/_unclassified/Bruce-Scripts-Heaven_BAD/CRASHER/CRASHER.txt,badusb,_unclassified,Bruce-Scripts-Heaven_BAD,classified-unmatched
sd_card_content/badusb_extra_payloads/_unclassified/Bruce-Scripts-Heaven_BAD/Operators/Operators-example3.txt,badusb,_unclassified,Bruce-Scripts-Heaven_BAD,classified-unmatched
sd_card_content/badusb_extra_payloads/_unclassified/Bruce-Scripts-Heaven_BAD/Operators/Operators-example2.txt,badusb,_unclassified,Bruce-Scripts-Heaven_BAD,classified-unmatched
sd_card_content/badusb_extra_payloads/_unclassified/Bruce-Scripts-Heaven_BAD/Operators/Operators-example1.txt,badusb,_unclassified,Bruce-Scripts-Heaven_BAD,classified-unmatched
sd_card_content/badusb_extra_payloads/destruction/Win/directly_ready/Bruce-Scripts-Heaven_BAD/RickUpdater/payload.txt,badusb,destruction,Bruce-Scripts-Heaven_BAD,classified
sd_card_content/badusb_extra_payloads/collection/Win/directly_ready/Bruce-Scripts-Heaven_BAD/WifiPassGrabberPOST/payload.txt,badusb,collection,Bruce-Scripts-Heaven_BAD,classified
sd_card_content/badusb_extra_payloads/destruction/Win/directly_ready/Bruce-Scripts-Heaven_BAD/Drop_Zip_Execute/payload.txt,badusb,destruction,Bruce-Scripts-Heaven_BAD,classified
sd_card_content/badusb_extra_payloads/data_exfiltration/Win/directly_ready/Bruce-Scripts-Heaven_BAD/Chrome-Extension-Keylogger/Chrome-Extension-Keylogger.txt,badusb,data_exfiltration,Bruce-Scripts-Heaven_BAD,classified
sd_card_content/badusb_extra_payloads/prank/Unix-like/macOS/directly_ready/Bruce-Scripts-Heaven_BAD/Set_VSCode_theme_light/payload.txt,badusb,prank,Bruce-Scripts-Heaven_BAD,classified
sd_card_content/badusb_extra_payloads/_unclassified/Bruce-Scripts-Heaven_BAD/Continuos Print In Terminal/script.py,badusb,_unclassified,Bruce-Scripts-Heaven_BAD,classified-unmatched
sd_card_content/badusb_extra_payloads/prank/Win/directly_ready/Bruce-Scripts-Heaven_BAD/Continuos Print In Terminal/payload.txt,badusb,prank,Bruce-Scripts-Heaven_BAD,classified
sd_card_content/badusb_extra_payloads/reconnaissance/Win/directly_ready/Bruce-Scripts-Heaven_BAD/-RD-AcidBurn/payload.txt,badusb,reconnaissance,Bruce-Scripts-Heaven_BAD,classified
sd_card_content/badusb_extra_payloads/prank/Win/directly_ready/Bruce-Scripts-Heaven_BAD/Windows-Idiot-Prank/Windows-Idiot-Prank.txt,badusb,prank,Bruce-Scripts-Heaven_BAD,classified
sd_card_content/badusb_extra_payloads/_unclassified/Bruce-Scripts-Heaven_BAD/-RD-Play-WAV/payload.txt,badusb,_unclassified,Bruce-Scripts-Heaven_BAD,classified-unmatched
sd_card_content/badusb_extra_payloads/data_exfiltration/Win/directly_ready/Bruce-Scripts-Heaven_BAD/Webhook-Spammer-GUI/Webhook-Spammer-GUI.txt,badusb,data_exfiltration,Bruce-Scripts-Heaven_BAD,classified
sd_card_content/badusb_extra_payloads/prank/Win/directly_ready/Bruce-Scripts-Heaven_BAD/Pranks/Rickroll with Max Volume spam.txt,badusb,prank,Bruce-Scripts-Heaven_BAD,classified
sd_card_content/badusb_extra_payloads/prank/Win/directly_ready/Bruce-Scripts-Heaven_BAD/Pranks/ScreenParty.txt,badusb,prank,Bruce-Scripts-Heaven_BAD,classified
sd_card_content/badusb_extra_payloads/prank/Win/directly_ready/Bruce-Scripts-Heaven_BAD/Pranks/Disable-Keyboard-Mouse-120s.txt,badusb,prank,Bruce-Scripts-Heaven_BAD,classified
sd_card_content/badusb_extra_payloads/prank/Win/directly_ready/Bruce-Scripts-Heaven_BAD/Pranks/Blank Image to Discord Spammer.txt,badusb,prank,Bruce-Scripts-Heaven_BAD,classified
sd_card_content/badusb_extra_payloads/prank/Win/directly_ready/Bruce-Scripts-Heaven_BAD/Pranks/Dsktop Shortcut Spammer.txt,badusb,prank,Bruce-Scripts-Heaven_BAD,classified
sd_card_content/badusb_extra_payloads/prank/Win/directly_ready/Bruce-Scripts-Heaven_BAD/Pranks/Change-System-Sounds.txt,badusb,prank,Bruce-Scripts-Heaven_BAD,classified
sd_card_content/badusb_extra_payloads/prank/Win/directly_ready/Bruce-Scripts-Heaven_BAD/Pranks/5 second Screen Kill.txt,badusb,prank,Bruce-Scripts-Heaven_BAD,classified
sd_card_content/badusb_extra_payloads/prank/Win/directly_ready/Bruce-Scripts-Heaven_BAD/Pranks/Persisant-Goose.txt,badusb,prank,Bruce-Scripts-Heaven_BAD,classified
sd_card_content/badusb_extra_payloads/prank/Win/directly_ready/Bruce-Scripts-Heaven_BAD/Pranks/Mute-Button-Spam.txt,badusb,prank,Bruce-Scripts-Heaven_BAD,classified
sd_card_content/badusb_extra_payloads/prank/Win/directly_ready/Bruce-Scripts-Heaven_BAD/Pranks/Kill I-O Devices.txt,badusb,prank,Bruce-Scripts-Heaven_BAD,classified
sd_card_content/badusb_extra_payloads/prank/Win/directly_ready/Bruce-Scripts-Heaven_BAD/Pranks/Invoke BSOD.txt,badusb,prank,Bruce-Scripts-Heaven_BAD,classified
sd_card_content/badusb_extra_payloads/prank/Win/directly_ready/Bruce-Scripts-Heaven_BAD/Pranks/USB-SoundSwap.txt,badusb,prank,Bruce-Scripts-Heaven_BAD,classified
sd_card_content/badusb_extra_payloads/social_engineering/Win/directly_ready/Bruce-Scripts-Heaven_BAD/Pranks/Invoke Fake Update (.vbs).txt,badusb,social_engineering,Bruce-Scripts-Heaven_BAD,classified
sd_card_content/badusb_extra_payloads/prank/Win/directly_ready/Bruce-Scripts-Heaven_BAD/Pranks/Hydra-in-Powershell.txt,badusb,prank,Bruce-Scripts-Heaven_BAD,classified
sd_card_content/badusb_extra_payloads/prank/Win/directly_ready/Bruce-Scripts-Heaven_BAD/Pranks/System Message.txt,badusb,prank,Bruce-Scripts-Heaven_BAD,classified
sd_card_content/badusb_extra_payloads/prank/Win/directly_ready/Bruce-Scripts-Heaven_BAD/Pranks/Change Wallpaper.txt,badusb,prank,Bruce-Scripts-Heaven_BAD,classified
sd_card_content/badusb_extra_payloads/prank/Win/directly_ready/Bruce-Scripts-Heaven_BAD/Pranks/Start Windows-93 (parody edition).txt,badusb,prank,Bruce-Scripts-Heaven_BAD,classified
sd_card_content/badusb_extra_payloads/prank/Win/directly_ready/Bruce-Scripts-Heaven_BAD/Pranks/Mario-BSOD.txt,badusb,prank,Bruce-Scripts-Heaven_BAD,classified
sd_card_content/badusb_extra_payloads/prank/Win/directly_ready/Bruce-Scripts-Heaven_BAD/Pranks/Computer-ACID-Prank.txt,badusb,prank,Bruce-Scripts-Heaven_BAD,classified
sd_card_content/badusb_extra_payloads/_unclassified/Bruce-Scripts-Heaven_BAD/Alien Message From Computer/script.py,badusb,_unclassified,Bruce-Scripts-Heaven_BAD,classified-unmatched
sd_card_content/badusb_extra_payloads/prank/Win/directly_ready/Bruce-Scripts-Heaven_BAD/Alien Message From Computer/payload.txt,badusb,prank,Bruce-Scripts-Heaven_BAD,classified
sd_card_content/badusb_extra_payloads/_unclassified/Bruce-Scripts-Heaven_BAD/-RD-PS-Draw/payload.txt,badusb,_unclassified,Bruce-Scripts-Heaven_BAD,classified-unmatched
sd_card_content/badusb_extra_payloads/data_exfiltration/Win/directly_ready/Bruce-Scripts-Heaven_BAD/Browser-Passwords-Dropbox-Exfiltration/payload.txt,badusb,data_exfiltration,Bruce-Scripts-Heaven_BAD,classified
sd_card_content/badusb_extra_payloads/data_exfiltration/Win/configuration_needed/Bruce-Scripts-Heaven_BAD/Browser-Passwords-Dropbox-Exfiltration/Version 01/payload.txt,badusb,data_exfiltration,Bruce-Scripts-Heaven_BAD,classified
sd_card_content/badusb_extra_payloads/utilities/Win/directly_ready/Bruce-Scripts-Heaven_BAD/PUBLIC-SERVICE-ANNOUNCEMENT/a_friendly_psa.txt,badusb,utilities,Bruce-Scripts-Heaven_BAD,classified
sd_card_content/badusb_extra_payloads/data_exfiltration/Unix-like/macOS/directly_ready/Bruce-Scripts-Heaven_BAD/MacOS_Silent_Exfiltration_Important_Files/payload.txt,badusb,data_exfiltration,Bruce-Scripts-Heaven_BAD,classified
sd_card_content/badusb_extra_payloads/data_exfiltration/Win/directly_ready/Bruce-Scripts-Heaven_BAD/Bookmark-Hog/payload.txt,badusb,data_exfiltration,Bruce-Scripts-Heaven_BAD,classified
sd_card_content/badusb_extra_payloads/prank/Win/directly_ready/Bruce-Scripts-Heaven_BAD/Physical_Rick_Roll/payload.txt,badusb,prank,Bruce-Scripts-Heaven_BAD,classified
sd_card_content/badusb_extra_payloads/prank/Win/directly_ready/Bruce-Scripts-Heaven_BAD/UninstallSignal/payload.txt,badusb,prank,Bruce-Scripts-Heaven_BAD,classified
sd_card_content/badusb_extra_payloads/data_exfiltration/Win/directly_ready/Bruce-Scripts-Heaven_BAD/chrome-exfil/payload.txt,badusb,data_exfiltration,Bruce-Scripts-Heaven_BAD,classified
sd_card_content/badusb_extra_payloads/reconnaissance/Win/directly_ready/Bruce-Scripts-Heaven_BAD/Flip-AcidBurn/AcidBurn.txt,badusb,reconnaissance,Bruce-Scripts-Heaven_BAD,classified
sd_card_content/badusb_extra_payloads/remote_access/Win/directly_ready/Bruce-Scripts-Heaven_BAD/ReverseShell/shelly.txt,badusb,remote_access,Bruce-Scripts-Heaven_BAD,classified
sd_card_content/badusb_extra_payloads/remote_access/Win/directly_ready/Bruce-Scripts-Heaven_BAD/ReverseShell/ReverseShell.txt,badusb,remote_access,Bruce-Scripts-Heaven_BAD,classified
sd_card_content/badusb_extra_payloads/data_exfiltration/Win/directly_ready/Bruce-Scripts-Heaven_BAD/Discord-Infostealer/System-Info-to-Discord.txt,badusb,data_exfiltration,Bruce-Scripts-Heaven_BAD,classified
sd_card_content/badusb_extra_payloads/_unclassified/Bruce-Scripts-Heaven_BAD/Piano_Player/piano_player.py,badusb,_unclassified,Bruce-Scripts-Heaven_BAD,classified-unmatched
sd_card_content/badusb_extra_payloads/_unclassified/Bruce-Scripts-Heaven_BAD/GIF-Player/Gif-Player.txt,badusb,_unclassified,Bruce-Scripts-Heaven_BAD,classified-unmatched
sd_card_content/badusb_extra_payloads/_unclassified/Bruce-Scripts-Heaven_BAD/Win_PoSH_DesktopDuck/payload.txt,badusb,_unclassified,Bruce-Scripts-Heaven_BAD,classified-unmatched
sd_card_content/badusb_extra_payloads/_unclassified/Bruce-Scripts-Heaven_BAD/VM-Detection-Report/VM-Detection-Report.txt,badusb,_unclassified,Bruce-Scripts-Heaven_BAD,classified-unmatched
sd_card_content/badusb_extra_payloads/remote_access/Win/directly_ready/Bruce-Scripts-Heaven_BAD/DuckyLogger2/payload.txt,badusb,remote_access,Bruce-Scripts-Heaven_BAD,classified
sd_card_content/badusb_extra_payloads/_unclassified/Bruce-Scripts-Heaven_BAD/IOS/BadOS/Text Spammer.txt,badusb,_unclassified,Bruce-Scripts-Heaven_BAD,classified-unmatched
sd_card_content/badusb_extra_payloads/_unclassified/Bruce-Scripts-Heaven_BAD/IOS/BadOS/My Last Picture.txt,badusb,_unclassified,Bruce-Scripts-Heaven_BAD,classified-unmatched
sd_card_content/badusb_extra_payloads/_unclassified/Bruce-Scripts-Heaven_BAD/IOS/BadOS/OMFGDOGS.txt,badusb,_unclassified,Bruce-Scripts-Heaven_BAD,classified-unmatched
sd_card_content/badusb_extra_payloads/_unclassified/Bruce-Scripts-Heaven_BAD/IOS/BadOS/Text someone.txt,badusb,_unclassified,Bruce-Scripts-Heaven_BAD,classified-unmatched
sd_card_content/badusb_extra_payloads/destruction/iOS/directly_ready/Bruce-Scripts-Heaven_BAD/IOS/BadOS/Not MY TABS.txt,badusb,destruction,Bruce-Scripts-Heaven_BAD,classified
sd_card_content/badusb_extra_payloads/_unclassified/Bruce-Scripts-Heaven_BAD/IOS/BadOS/RLSWIPER.txt,badusb,_unclassified,Bruce-Scripts-Heaven_BAD,classified-unmatched
sd_card_content/badusb_extra_payloads/_unclassified/Bruce-Scripts-Heaven_BAD/IOS/BadOS/Keyboard Access.txt,badusb,_unclassified,Bruce-Scripts-Heaven_BAD,classified-unmatched
sd_card_content/badusb_extra_payloads/_unclassified/Bruce-Scripts-Heaven_BAD/IOS/BadOS/Tab Viewer.txt,badusb,_unclassified,Bruce-Scripts-Heaven_BAD,classified-unmatched
sd_card_content/badusb_extra_payloads/_unclassified/Bruce-Scripts-Heaven_BAD/IOS/BadOS/Tab Flooder.txt,badusb,_unclassified,Bruce-Scripts-Heaven_BAD,classified-unmatched
sd_card_content/badusb_extra_payloads/_unclassified/Bruce-Scripts-Heaven_BAD/IOS/BadOS/CAUGHT IN 4K.txt,badusb,_unclassified,Bruce-Scripts-Heaven_BAD,classified-unmatched
sd_card_content/badusb_extra_payloads/_unclassified/Bruce-Scripts-Heaven_BAD/IOS/BadOS TEST Misc Tools/App selecter.txt,badusb,_unclassified,Bruce-Scripts-Heaven_BAD,classified-unmatched
sd_card_content/badusb_extra_payloads/_unclassified/Bruce-Scripts-Heaven_BAD/IOS/BadOS TEST Misc Tools/Switch App.txt,badusb,_unclassified,Bruce-Scripts-Heaven_BAD,classified-unmatched
sd_card_content/badusb_extra_payloads/_unclassified/Bruce-Scripts-Heaven_BAD/IOS/BadOS TEST Misc Tools/Spotify Next Song.txt,badusb,_unclassified,Bruce-Scripts-Heaven_BAD,classified-unmatched
sd_card_content/badusb_extra_payloads/_unclassified/Bruce-Scripts-Heaven_BAD/IOS/BadOS TEST Misc Tools/History Viewer.txt,badusb,_unclassified,Bruce-Scripts-Heaven_BAD,classified-unmatched
sd_card_content/badusb_extra_payloads/utilities/iOS/directly_ready/Bruce-Scripts-Heaven_BAD/IOS/BadOS TEST Misc Tools/Web Tool.txt,badusb,utilities,Bruce-Scripts-Heaven_BAD,classified
sd_card_content/badusb_extra_payloads/_unclassified/Bruce-Scripts-Heaven_BAD/IOS/BadOS TEST Misc Tools/Down Scroller.txt,badusb,_unclassified,Bruce-Scripts-Heaven_BAD,classified-unmatched
sd_card_content/badusb_extra_payloads/_unclassified/Bruce-Scripts-Heaven_BAD/IOS/TextSomeOne/Text_Someone_Message_With_iPhone.txt,badusb,_unclassified,Bruce-Scripts-Heaven_BAD,classified-unmatched
sd_card_content/badusb_extra_payloads/remote_access/Win/directly_ready/Bruce-Scripts-Heaven_BAD/DuckyLogger/payload.txt,badusb,remote_access,Bruce-Scripts-Heaven_BAD,classified
sd_card_content/badusb_extra_payloads/prank/Win/directly_ready/Bruce-Scripts-Heaven_BAD/Full-ScreenBannerJoke/script.py,badusb,prank,Bruce-Scripts-Heaven_BAD,classified
sd_card_content/badusb_extra_payloads/_unclassified/Bruce-Scripts-Heaven_BAD/Discord_FAQ/RM_FW_DL.txt,badusb,_unclassified,Bruce-Scripts-Heaven_BAD,classified-unmatched
sd_card_content/badusb_extra_payloads/_unclassified/Bruce-Scripts-Heaven_BAD/Discord_FAQ/Newbie_Guide.txt,badusb,_unclassified,Bruce-Scripts-Heaven_BAD,classified-unmatched
sd_card_content/badusb_extra_payloads/_unclassified/Bruce-Scripts-Heaven_BAD/Discord_FAQ/My_Flip_Repo.txt,badusb,_unclassified,Bruce-Scripts-Heaven_BAD,classified-unmatched
sd_card_content/badusb_extra_payloads/_unclassified/Bruce-Scripts-Heaven_BAD/Discord_FAQ/HW_Trouble.txt,badusb,_unclassified,Bruce-Scripts-Heaven_BAD,classified-unmatched
sd_card_content/badusb_extra_payloads/_unclassified/Bruce-Scripts-Heaven_BAD/Starting_a_PowerShell_with_administrator_permissions_in_Windows/payload.txt,badusb,_unclassified,Bruce-Scripts-Heaven_BAD,classified-unmatched
sd_card_content/badusb_extra_payloads/utilities/Win/directly_ready/Bruce-Scripts-Heaven_BAD/Record-Screen-GUI/Record-Screen-GUI.txt,badusb,utilities,Bruce-Scripts-Heaven_BAD,classified
sd_card_content/badusb_extra_payloads/discovery/Win/directly_ready/Bruce-Scripts-Heaven_BAD/Gather_Network_Info/payload.txt,badusb,discovery,Bruce-Scripts-Heaven_BAD,classified
sd_card_content/badusb_extra_payloads/data_exfiltration/Win/directly_ready/Bruce-Scripts-Heaven_BAD/Clean-History/Clean-History.txt,badusb,data_exfiltration,Bruce-Scripts-Heaven_BAD,classified
sd_card_content/badusb_extra_payloads/data_exfiltration/Win/directly_ready/Bruce-Scripts-Heaven_BAD/Dropbox-Bandit/payload_duckyscript_old.txt,badusb,data_exfiltration,Bruce-Scripts-Heaven_BAD,classified
sd_card_content/badusb_extra_payloads/data_exfiltration/Win/configuration_needed/Bruce-Scripts-Heaven_BAD/Dropbox-Bandit/payload.txt,badusb,data_exfiltration,Bruce-Scripts-Heaven_BAD,classified
sd_card_content/badusb_extra_payloads/_unclassified/Bruce-Scripts-Heaven_BAD/Shortcut-Spam/Desktop-Shortcut-Spam.txt,badusb,_unclassified,Bruce-Scripts-Heaven_BAD,classified-unmatched
sd_card_content/badusb_extra_payloads/prank/Unix-like/macOS/directly_ready/Bruce-Scripts-Heaven_BAD/rickroll_terminal_payload/payload.txt,badusb,prank,Bruce-Scripts-Heaven_BAD,classified
sd_card_content/badusb_extra_payloads/_unclassified/Bruce-Scripts-Heaven_BAD/Tree_of_Knowledge/payload.txt,badusb,_unclassified,Bruce-Scripts-Heaven_BAD,classified-unmatched
sd_card_content/badusb_extra_payloads/reconnaissance/Win/directly_ready/Bruce-Scripts-Heaven_BAD/Tree_of_Knowledge/-RD-ADV-Recon/payload.txt,badusb,reconnaissance,Bruce-Scripts-Heaven_BAD,classified
sd_card_content/badusb_extra_payloads/_unclassified/Bruce-Scripts-Heaven_BAD/Button/Button-example6.txt,badusb,_unclassified,Bruce-Scripts-Heaven_BAD,classified-unmatched
sd_card_content/badusb_extra_payloads/_unclassified/Bruce-Scripts-Heaven_BAD/Button/Button-example4.txt,badusb,_unclassified,Bruce-Scripts-Heaven_BAD,classified-unmatched
sd_card_content/badusb_extra_payloads/_unclassified/Bruce-Scripts-Heaven_BAD/Button/Button-example2.txt,badusb,_unclassified,Bruce-Scripts-Heaven_BAD,classified-unmatched
sd_card_content/badusb_extra_payloads/_unclassified/Bruce-Scripts-Heaven_BAD/Button/Button-example5.txt,badusb,_unclassified,Bruce-Scripts-Heaven_BAD,classified-unmatched
sd_card_content/badusb_extra_payloads/_unclassified/Bruce-Scripts-Heaven_BAD/Button/Button-example1.txt,badusb,_unclassified,Bruce-Scripts-Heaven_BAD,classified-unmatched
sd_card_content/badusb_extra_payloads/_unclassified/Bruce-Scripts-Heaven_BAD/Button/Button-example8.txt,badusb,_unclassified,Bruce-Scripts-Heaven_BAD,classified-unmatched
sd_card_content/badusb_extra_payloads/_unclassified/Bruce-Scripts-Heaven_BAD/Button/Button-example9.txt,badusb,_unclassified,Bruce-Scripts-Heaven_BAD,classified-unmatched
sd_card_content/badusb_extra_payloads/_unclassified/Bruce-Scripts-Heaven_BAD/Button/Button-example7.txt,badusb,_unclassified,Bruce-Scripts-Heaven_BAD,classified-unmatched
sd_card_content/badusb_extra_payloads/_unclassified/Bruce-Scripts-Heaven_BAD/Button/Button-example3.txt,badusb,_unclassified,Bruce-Scripts-Heaven_BAD,classified-unmatched
sd_card_content/badusb_extra_payloads/_unclassified/Bruce-Scripts-Heaven_BAD/LED/LED-example2.txt,badusb,_unclassified,Bruce-Scripts-Heaven_BAD,classified-unmatched
sd_card_content/badusb_extra_payloads/_unclassified/Bruce-Scripts-Heaven_BAD/LED/LED-example1.txt,badusb,_unclassified,Bruce-Scripts-Heaven_BAD,classified-unmatched
sd_card_content/badusb_extra_payloads/_unclassified/Bruce-Scripts-Heaven_BAD/LED/LED-example3.txt,badusb,_unclassified,Bruce-Scripts-Heaven_BAD,classified-unmatched
sd_card_content/badusb_extra_payloads/remote_access/Win/directly_ready/Bruce-Scripts-Heaven_BAD/sudoSnatch/payload.txt,badusb,remote_access,Bruce-Scripts-Heaven_BAD,classified
sd_card_content/badusb_extra_payloads/collection/Unix-like/macOS/directly_ready/Bruce-Scripts-Heaven_BAD/credentials/Unix-like/Osx/Sudograbber/sudograbber.txt,badusb,collection,Bruce-Scripts-Heaven_BAD,classified
sd_card_content/badusb_extra_payloads/collection/Win/directly_ready/Bruce-Scripts-Heaven_BAD/credentials/DuckyLogger/payload.txt,badusb,collection,Bruce-Scripts-Heaven_BAD,classified
sd_card_content/badusb_extra_payloads/collection/Win/directly_ready/Bruce-Scripts-Heaven_BAD/credentials/Win/open_smb_share_to_steal_creds.txt,badusb,collection,Bruce-Scripts-Heaven_BAD,classified
sd_card_content/badusb_extra_payloads/collection/Win/directly_ready/Bruce-Scripts-Heaven_BAD/credentials/Win/windowsPassDisabler/BadUSB_windowsPassDisabler.txt,badusb,collection,Bruce-Scripts-Heaven_BAD,classified
sd_card_content/badusb_extra_payloads/collection/Win/directly_ready/Bruce-Scripts-Heaven_BAD/credentials/Simple_User_Password_Grabber/payload.txt,badusb,collection,Bruce-Scripts-Heaven_BAD,classified
sd_card_content/badusb_extra_payloads/remote_access/Win/directly_ready/Bruce-Scripts-Heaven_BAD/persistentReverseDucky/payload.txt,badusb,remote_access,Bruce-Scripts-Heaven_BAD,classified
sd_card_content/badusb_extra_payloads/prank/Win/directly_ready/Bruce-Scripts-Heaven_BAD/-RD-We-Found-You/payload.txt,badusb,prank,Bruce-Scripts-Heaven_BAD,classified
sd_card_content/badusb_extra_payloads/reconnaissance/Win/directly_ready/Bruce-Scripts-Heaven_BAD/Flip-ADV-Recon/ADV-Recon.txt,badusb,reconnaissance,Bruce-Scripts-Heaven_BAD,classified
sd_card_content/badusb_extra_payloads/_unclassified/Bruce-Scripts-Heaven_BAD/Blockator/Blockator.txt,badusb,_unclassified,Bruce-Scripts-Heaven_BAD,classified-unmatched
sd_card_content/badusb_extra_payloads/data_exfiltration/Win/directly_ready/Bruce-Scripts-Heaven_BAD/MOAB/MOAB.txt,badusb,data_exfiltration,Bruce-Scripts-Heaven_BAD,classified
sd_card_content/badusb_extra_payloads/_unclassified/Bruce-Scripts-Heaven_BAD/Voice-Activated-DarkMode/Voice-Activated-DarkMode.txt,badusb,_unclassified,Bruce-Scripts-Heaven_BAD,classified-unmatched
sd_card_content/badusb_extra_payloads/collection/Win/directly_ready/Bruce-Scripts-Heaven_BAD/Screen-to-Telegram/Screenshot-to-Telegram.txt,badusb,collection,Bruce-Scripts-Heaven_BAD,classified
sd_card_content/badusb_extra_payloads/_unclassified/Bruce-Scripts-Heaven_BAD/MacOS-Remap-Dvorak/payload.txt,badusb,_unclassified,Bruce-Scripts-Heaven_BAD,classified-unmatched
sd_card_content/badusb_extra_payloads/collection/Win/configuration_needed/Bruce-Scripts-Heaven_BAD/EngagementDucky/payload.txt,badusb,collection,Bruce-Scripts-Heaven_BAD,classified
sd_card_content/badusb_extra_payloads/_unclassified/Bruce-Scripts-Heaven_BAD/Payload Hiding/Payload-Hiding-example1.txt,badusb,_unclassified,Bruce-Scripts-Heaven_BAD,classified-unmatched
sd_card_content/badusb_extra_payloads/prank/Unix-like/macOS/directly_ready/Bruce-Scripts-Heaven_BAD/macOS_rickroll/payload.txt,badusb,prank,Bruce-Scripts-Heaven_BAD,classified
sd_card_content/badusb_extra_payloads/remote_access/Win/directly_ready/Bruce-Scripts-Heaven_BAD/Reverse Shells and C2/Simple-Discord-BOT-CLI.txt,badusb,remote_access,Bruce-Scripts-Heaven_BAD,classified
sd_card_content/badusb_extra_payloads/remote_access/Win/directly_ready/Bruce-Scripts-Heaven_BAD/Reverse Shells and C2/Telegram Reverse Shell.txt,badusb,remote_access,Bruce-Scripts-Heaven_BAD,classified
sd_card_content/badusb_extra_payloads/_unclassified/Bruce-Scripts-Heaven_BAD/ATTACKMODE/ATTACKMODE-example1.txt,badusb,_unclassified,Bruce-Scripts-Heaven_BAD,classified-unmatched
sd_card_content/badusb_extra_payloads/_unclassified/Bruce-Scripts-Heaven_BAD/ATTACKMODE/ATTACKMODE-example2.txt,badusb,_unclassified,Bruce-Scripts-Heaven_BAD,classified-unmatched
sd_card_content/badusb_extra_payloads/prank/Win/directly_ready/Bruce-Scripts-Heaven_BAD/Flip-JumpScare/JumpScare.txt,badusb,prank,Bruce-Scripts-Heaven_BAD,classified
sd_card_content/badusb_extra_payloads/prank/Win/directly_ready/Bruce-Scripts-Heaven_BAD/NoMoreIcons/payload.txt,badusb,prank,Bruce-Scripts-Heaven_BAD,classified
sd_card_content/badusb_extra_payloads/destruction/Win/directly_ready/Bruce-Scripts-Heaven_BAD/HTML_Fork-Bomb/payload-ie.txt,badusb,destruction,Bruce-Scripts-Heaven_BAD,classified
sd_card_content/badusb_extra_payloads/destruction/Win/directly_ready/Bruce-Scripts-Heaven_BAD/HTML_Fork-Bomb/payload.txt,badusb,destruction,Bruce-Scripts-Heaven_BAD,classified
sd_card_content/badusb_extra_payloads/destruction/Win/directly_ready/Bruce-Scripts-Heaven_BAD/termBomb/payload.txt,badusb,destruction,Bruce-Scripts-Heaven_BAD,classified
sd_card_content/badusb_extra_payloads/_unclassified/Bruce-Scripts-Heaven_BAD/$MFT-Duck-Crasher/payload.txt,badusb,_unclassified,Bruce-Scripts-Heaven_BAD,classified-unmatched
sd_card_content/badusb_extra_payloads/_unclassified/Bruce-Scripts-Heaven_BAD/LAN-Tools/LAN-Tools.txt,badusb,_unclassified,Bruce-Scripts-Heaven_BAD,classified-unmatched
sd_card_content/badusb_extra_payloads/prank/Win/directly_ready/Bruce-Scripts-Heaven_BAD/-RD-ADV-RickRoll/ADV-RickRoll.txt,badusb,prank,Bruce-Scripts-Heaven_BAD,classified
sd_card_content/badusb_extra_payloads/_unclassified/Bruce-Scripts-Heaven_BAD/Mouse-Clicks-Recorder/Mouse-Clicks-Recorder.txt,badusb,_unclassified,Bruce-Scripts-Heaven_BAD,classified-unmatched
sd_card_content/badusb_extra_payloads/destruction/Win/configuration_needed/Bruce-Scripts-Heaven_BAD/Add_Local_Admin/payload.txt,badusb,destruction,Bruce-Scripts-Heaven_BAD,classified
sd_card_content/badusb_extra_payloads/data_exfiltration/Win/directly_ready/Bruce-Scripts-Heaven_BAD/exfiltration/Exfiltration-example4.txt,badusb,data_exfiltration,Bruce-Scripts-Heaven_BAD,classified
sd_card_content/badusb_extra_payloads/data_exfiltration/Win/directly_ready/Bruce-Scripts-Heaven_BAD/exfiltration/Exfiltration-example1.txt,badusb,data_exfiltration,Bruce-Scripts-Heaven_BAD,classified
sd_card_content/badusb_extra_payloads/data_exfiltration/Win/configuration_needed/Bruce-Scripts-Heaven_BAD/exfiltration/Exfiltration-example3.txt,badusb,data_exfiltration,Bruce-Scripts-Heaven_BAD,classified
sd_card_content/badusb_extra_payloads/data_exfiltration/Unix-like/macOS/directly_ready/Bruce-Scripts-Heaven_BAD/exfiltration/Unix-like/OSX/iMessage-Data-Grabber/payload.txt,badusb,data_exfiltration,Bruce-Scripts-Heaven_BAD,classified
sd_card_content/badusb_extra_payloads/data_exfiltration/Unix-like/macOS/directly_ready/Bruce-Scripts-Heaven_BAD/exfiltration/iMessage-Data-Grabber/payload.txt,badusb,data_exfiltration,Bruce-Scripts-Heaven_BAD,classified
sd_card_content/badusb_extra_payloads/data_exfiltration/Unix-like/macOS/directly_ready/Bruce-Scripts-Heaven_BAD/exfiltration/rickroll_terminal_payload/payload.txt,badusb,data_exfiltration,Bruce-Scripts-Heaven_BAD,classified
sd_card_content/badusb_extra_payloads/data_exfiltration/Win/directly_ready/Bruce-Scripts-Heaven_BAD/exfiltration/DUCKY-WIFI_GRABER/payload.txt,badusb,data_exfiltration,Bruce-Scripts-Heaven_BAD,classified
sd_card_content/badusb_extra_payloads/data_exfiltration/Win/directly_ready/Bruce-Scripts-Heaven_BAD/exfiltration/Win/Bookmark-Hog/payload.txt,badusb,data_exfiltration,Bruce-Scripts-Heaven_BAD,classified
sd_card_content/badusb_extra_payloads/data_exfiltration/Win/directly_ready/Bruce-Scripts-Heaven_BAD/exfiltration/Win/chrome-exfil/Rubber-Ducky/duckyscript.txt,badusb,data_exfiltration,Bruce-Scripts-Heaven_BAD,classified
sd_card_content/badusb_extra_payloads/data_exfiltration/Win/directly_ready/Bruce-Scripts-Heaven_BAD/exfiltration/Win/History-Pig/payload.txt,badusb,data_exfiltration,Bruce-Scripts-Heaven_BAD,classified
sd_card_content/badusb_extra_payloads/data_exfiltration/Win/directly_ready/Bruce-Scripts-Heaven_BAD/exfiltration/Win/Copy-And-Waste/payload.txt,badusb,data_exfiltration,Bruce-Scripts-Heaven_BAD,classified
sd_card_content/badusb_extra_payloads/data_exfiltration/Win/directly_ready/Bruce-Scripts-Heaven_BAD/exfiltration/Win/Snaffler/snaffler.txt,badusb,data_exfiltration,Bruce-Scripts-Heaven_BAD,classified
sd_card_content/badusb_extra_payloads/remote_access/Unix-like/Linux/directly_ready/Bruce-Scripts-Heaven_BAD/Netcat-Screenshare/Desktop Screenshare over Netcat.txt,badusb,remote_access,Bruce-Scripts-Heaven_BAD,classified
sd_card_content/badusb_extra_payloads/data_exfiltration/Win/directly_ready/Bruce-Scripts-Heaven_BAD/Zero-Lazagne/Zero-Lazagne.txt,badusb,data_exfiltration,Bruce-Scripts-Heaven_BAD,classified
sd_card_content/badusb_extra_payloads/_unclassified/Bruce-Scripts-Heaven_BAD/Make_Windows_performant_but_ugly_and_boring/payload.txt,badusb,_unclassified,Bruce-Scripts-Heaven_BAD,classified-unmatched
sd_card_content/badusb_extra_payloads/prank/Win/directly_ready/Bruce-Scripts-Heaven_BAD/ratlocker/payload.txt,badusb,prank,Bruce-Scripts-Heaven_BAD,classified
sd_card_content/badusb_extra_payloads/_unclassified/Bruce-Scripts-Heaven_BAD/Open4Gmail/payload.txt,badusb,_unclassified,Bruce-Scripts-Heaven_BAD,classified-unmatched
sd_card_content/badusb_extra_payloads/prank/Win/directly_ready/Bruce-Scripts-Heaven_BAD/atomiczsec-BadUSB/OMG/payloads/cApS-Troll/payload.txt,badusb,prank,Bruce-Scripts-Heaven_BAD,classified
sd_card_content/badusb_extra_payloads/data_exfiltration/Win/directly_ready/Bruce-Scripts-Heaven_BAD/atomiczsec-BadUSB/OMG/payloads/Priv-Paths/payload.txt,badusb,data_exfiltration,Bruce-Scripts-Heaven_BAD,classified
sd_card_content/badusb_extra_payloads/reconnaissance/Win/directly_ready/Bruce-Scripts-Heaven_BAD/atomiczsec-BadUSB/OMG/payloads/Printer-Recon/payload.txt,badusb,reconnaissance,Bruce-Scripts-Heaven_BAD,classified
sd_card_content/badusb_extra_payloads/data_exfiltration/Win/directly_ready/Bruce-Scripts-Heaven_BAD/atomiczsec-BadUSB/OMG/payloads/Proton-Hog/payload.txt,badusb,data_exfiltration,Bruce-Scripts-Heaven_BAD,classified
sd_card_content/badusb_extra_payloads/data_exfiltration/Win/directly_ready/Bruce-Scripts-Heaven_BAD/atomiczsec-BadUSB/OMG/payloads/Browser-Grab/payload.txt,badusb,data_exfiltration,Bruce-Scripts-Heaven_BAD,classified
sd_card_content/badusb_extra_payloads/_unclassified/Bruce-Scripts-Heaven_BAD/atomiczsec-BadUSB/OMG/payloads/Water-UnMark/payload.txt,badusb,_unclassified,Bruce-Scripts-Heaven_BAD,classified-unmatched
sd_card_content/badusb_extra_payloads/_unclassified/Bruce-Scripts-Heaven_BAD/atomiczsec-BadUSB/OMG/payloads/De-Bloater/payload.txt,badusb,_unclassified,Bruce-Scripts-Heaven_BAD,classified-unmatched
sd_card_content/badusb_extra_payloads/prank/Win/directly_ready/Bruce-Scripts-Heaven_BAD/atomiczsec-BadUSB/FlipperZero/payloads/cApS-Troll/payload.txt,badusb,prank,Bruce-Scripts-Heaven_BAD,classified
sd_card_content/badusb_extra_payloads/data_exfiltration/Win/directly_ready/Bruce-Scripts-Heaven_BAD/atomiczsec-BadUSB/FlipperZero/payloads/Priv-Paths/payload.txt,badusb,data_exfiltration,Bruce-Scripts-Heaven_BAD,classified
sd_card_content/badusb_extra_payloads/data_exfiltration/Win/directly_ready/Bruce-Scripts-Heaven_BAD/atomiczsec-BadUSB/FlipperZero/payloads/Spotify-Spy/payload.txt,badusb,data_exfiltration,Bruce-Scripts-Heaven_BAD,classified
sd_card_content/badusb_extra_payloads/data_exfiltration/Win/directly_ready/Bruce-Scripts-Heaven_BAD/atomiczsec-BadUSB/FlipperZero/payloads/Powershell-History/payload.txt,badusb,data_exfiltration,Bruce-Scripts-Heaven_BAD,classified
sd_card_content/badusb_extra_payloads/data_exfiltration/Win/directly_ready/Bruce-Scripts-Heaven_BAD/atomiczsec-BadUSB/FlipperZero/payloads/Browser-Devil/Browser-Devil/payload.txt,badusb,data_exfiltration,Bruce-Scripts-Heaven_BAD,classified
sd_card_content/badusb_extra_payloads/_unclassified/Bruce-Scripts-Heaven_BAD/atomiczsec-BadUSB/FlipperZero/payloads/Bookmark-Hog/payload.txt,badusb,_unclassified,Bruce-Scripts-Heaven_BAD,classified-unmatched
sd_card_content/badusb_extra_payloads/reconnaissance/Win/directly_ready/Bruce-Scripts-Heaven_BAD/atomiczsec-BadUSB/FlipperZero/payloads/Printer-Recon/payload.txt,badusb,reconnaissance,Bruce-Scripts-Heaven_BAD,classified
sd_card_content/badusb_extra_payloads/data_exfiltration/Win/directly_ready/Bruce-Scripts-Heaven_BAD/atomiczsec-BadUSB/FlipperZero/payloads/Proton-Hog/payload.txt,badusb,data_exfiltration,Bruce-Scripts-Heaven_BAD,classified
sd_card_content/badusb_extra_payloads/_unclassified/Bruce-Scripts-Heaven_BAD/atomiczsec-BadUSB/FlipperZero/payloads/Water-UnMark/payload.txt,badusb,_unclassified,Bruce-Scripts-Heaven_BAD,classified-unmatched
sd_card_content/badusb_extra_payloads/data_exfiltration/Win/directly_ready/Bruce-Scripts-Heaven_BAD/atomiczsec-BadUSB/FlipperZero/payloads/Screen-Shock/payload.txt,badusb,data_exfiltration,Bruce-Scripts-Heaven_BAD,classified
sd_card_content/badusb_extra_payloads/data_exfiltration/Win/directly_ready/Bruce-Scripts-Heaven_BAD/atomiczsec-BadUSB/FlipperZero/payloads/Copy-And-Waste/payload.txt,badusb,data_exfiltration,Bruce-Scripts-Heaven_BAD,classified
sd_card_content/badusb_extra_payloads/data_exfiltration/Win/directly_ready/Bruce-Scripts-Heaven_BAD/atomiczsec-BadUSB/FlipperZero/payloads/Pwn-Drive/payload.txt,badusb,data_exfiltration,Bruce-Scripts-Heaven_BAD,classified
sd_card_content/badusb_extra_payloads/_unclassified/Bruce-Scripts-Heaven_BAD/atomiczsec-BadUSB/FlipperZero/payloads/De-Bloater/payload.txt,badusb,_unclassified,Bruce-Scripts-Heaven_BAD,classified-unmatched
sd_card_content/badusb_extra_payloads/destruction/Win/directly_ready/Bruce-Scripts-Heaven_BAD/atomiczsec-BadUSB/FlipperZero/payloads/RanFunWare/payload.txt,badusb,destruction,Bruce-Scripts-Heaven_BAD,classified
sd_card_content/badusb_extra_payloads/data_exfiltration/Win/directly_ready/Bruce-Scripts-Heaven_BAD/atomiczsec-BadUSB/BashBunny/payloads/Priv-Paths/payload.txt,badusb,data_exfiltration,Bruce-Scripts-Heaven_BAD,classified
sd_card_content/badusb_extra_payloads/data_exfiltration/Win/directly_ready/Bruce-Scripts-Heaven_BAD/atomiczsec-BadUSB/BashBunny/payloads/Spotify-Spy/payload.txt,badusb,data_exfiltration,Bruce-Scripts-Heaven_BAD,classified
sd_card_content/badusb_extra_payloads/data_exfiltration/Win/directly_ready/Bruce-Scripts-Heaven_BAD/atomiczsec-BadUSB/BashBunny/payloads/Bookmark-Hog/payload.txt,badusb,data_exfiltration,Bruce-Scripts-Heaven_BAD,classified
sd_card_content/badusb_extra_payloads/data_exfiltration/Win/directly_ready/Bruce-Scripts-Heaven_BAD/atomiczsec-BadUSB/BashBunny/payloads/Browser-Grab/payload.txt,badusb,data_exfiltration,Bruce-Scripts-Heaven_BAD,classified
sd_card_content/badusb_extra_payloads/data_exfiltration/Win/directly_ready/Bruce-Scripts-Heaven_BAD/atomiczsec-BadUSB/RubberDucky/payloads/Browser-Grab/payload.txt,badusb,data_exfiltration,Bruce-Scripts-Heaven_BAD,classified
sd_card_content/badusb_extra_payloads/_unclassified/Bruce-Scripts-Heaven_BAD/Disable_Windows_Defender/payload.txt,badusb,_unclassified,Bruce-Scripts-Heaven_BAD,classified-unmatched
sd_card_content/badusb_extra_payloads/collection/Win/directly_ready/Bruce-Scripts-Heaven_BAD/Wifi-Networks-to-Discord/Discord-WiFi-Grabber.txt,badusb,collection,Bruce-Scripts-Heaven_BAD,classified
sd_card_content/badusb_extra_payloads/destruction/Win/directly_ready/Bruce-Scripts-Heaven_BAD/Bombs/GooseCrasher.txt,badusb,destruction,Bruce-Scripts-Heaven_BAD,classified
sd_card_content/badusb_extra_payloads/destruction/Win/directly_ready/Bruce-Scripts-Heaven_BAD/Bombs/32_wants_the_D.txt,badusb,destruction,Bruce-Scripts-Heaven_BAD,classified
sd_card_content/badusb_extra_payloads/destruction/Unix-like/Linux/directly_ready/Bruce-Scripts-Heaven_BAD/Bombs/Folder_Bomb/LinuxpyBF.txt,badusb,destruction,Bruce-Scripts-Heaven_BAD,classified
sd_card_content/badusb_extra_payloads/destruction/Unix-like/Linux/directly_ready/Bruce-Scripts-Heaven_BAD/Bombs/Folder_Bomb/Linuxpy.txt,badusb,destruction,Bruce-Scripts-Heaven_BAD,classified
sd_card_content/badusb_extra_payloads/destruction/Win/directly_ready/Bruce-Scripts-Heaven_BAD/Bombs/Folder_Bomb/Linuxbash.txt,badusb,destruction,Bruce-Scripts-Heaven_BAD,classified
sd_card_content/badusb_extra_payloads/destruction/Unix-like/Linux/directly_ready/Bruce-Scripts-Heaven_BAD/Bombs/Zip_Bomb/Linux/quackmeanBF.txt,badusb,destruction,Bruce-Scripts-Heaven_BAD,classified
sd_card_content/badusb_extra_payloads/destruction/Unix-like/Linux/directly_ready/Bruce-Scripts-Heaven_BAD/Bombs/Zip_Bomb/Linux/quackmean.txt,badusb,destruction,Bruce-Scripts-Heaven_BAD,classified
sd_card_content/badusb_extra_payloads/destruction/Unix-like/Linux/directly_ready/Bruce-Scripts-Heaven_BAD/Bombs/Zip_Bomb/Linux/quackBF.txt,badusb,destruction,Bruce-Scripts-Heaven_BAD,classified
sd_card_content/badusb_extra_payloads/destruction/Unix-like/Linux/directly_ready/Bruce-Scripts-Heaven_BAD/Bombs/Zip_Bomb/Linux/quack.txt,badusb,destruction,Bruce-Scripts-Heaven_BAD,classified
sd_card_content/badusb_extra_payloads/destruction/Unix-like/Linux/directly_ready/Bruce-Scripts-Heaven_BAD/Bombs/Zip_Bomb/Win/quackparaloop11.txt,badusb,destruction,Bruce-Scripts-Heaven_BAD,classified
sd_card_content/badusb_extra_payloads/destruction/Unix-like/Linux/directly_ready/Bruce-Scripts-Heaven_BAD/Bombs/Zip_Bomb/Win/quackloop.txt,badusb,destruction,Bruce-Scripts-Heaven_BAD,classified
sd_card_content/badusb_extra_payloads/destruction/Unix-like/Linux/directly_ready/Bruce-Scripts-Heaven_BAD/Bombs/Zip_Bomb/Win/quackpara.txt,badusb,destruction,Bruce-Scripts-Heaven_BAD,classified
sd_card_content/badusb_extra_payloads/destruction/Unix-like/Linux/directly_ready/Bruce-Scripts-Heaven_BAD/Bombs/Zip_Bomb/Win/quackparaloop10.txt,badusb,destruction,Bruce-Scripts-Heaven_BAD,classified
sd_card_content/badusb_extra_payloads/destruction/Unix-like/Linux/directly_ready/Bruce-Scripts-Heaven_BAD/Bombs/Zip_Bomb/Win/quack.txt,badusb,destruction,Bruce-Scripts-Heaven_BAD,classified
sd_card_content/badusb_extra_payloads/destruction/Win/directly_ready/Bruce-Scripts-Heaven_BAD/Bombs/Sys_Forker/ForkBomb-Win.txt,badusb,destruction,Bruce-Scripts-Heaven_BAD,classified
sd_card_content/badusb_extra_payloads/destruction/Win/directly_ready/Bruce-Scripts-Heaven_BAD/Bombs/Sys_Forker/ForkBomb-Linuxmean.txt,badusb,destruction,Bruce-Scripts-Heaven_BAD,classified
sd_card_content/badusb_extra_payloads/destruction/Win/directly_ready/Bruce-Scripts-Heaven_BAD/Bombs/Sys_Forker/Forkbomb-Win_10-11.txt,badusb,destruction,Bruce-Scripts-Heaven_BAD,classified
sd_card_content/badusb_extra_payloads/destruction/Unix-like/Linux/directly_ready/Bruce-Scripts-Heaven_BAD/Bombs/Sys_Forker/ForkBomb-Linux.txt,badusb,destruction,Bruce-Scripts-Heaven_BAD,classified
sd_card_content/badusb_extra_payloads/destruction/Win/directly_ready/Bruce-Scripts-Heaven_BAD/Bombs/Rick_Roll/RR-fileBomb-chorus-Win.txt,badusb,destruction,Bruce-Scripts-Heaven_BAD,classified
sd_card_content/badusb_extra_payloads/destruction/Win/directly_ready/Bruce-Scripts-Heaven_BAD/Bombs/Rick_Roll/RR-fileBomb-Win.txt,badusb,destruction,Bruce-Scripts-Heaven_BAD,classified
sd_card_content/badusb_extra_payloads/destruction/Win/directly_ready/Bruce-Scripts-Heaven_BAD/Bombs/File_Bomb/LinuxshWLmean_bluepill.txt,badusb,destruction,Bruce-Scripts-Heaven_BAD,classified
sd_card_content/badusb_extra_payloads/destruction/Win/directly_ready/Bruce-Scripts-Heaven_BAD/Bombs/File_Bomb/Linuxsh.txt,badusb,destruction,Bruce-Scripts-Heaven_BAD,classified
sd_card_content/badusb_extra_payloads/destruction/Unix-like/Linux/directly_ready/Bruce-Scripts-Heaven_BAD/Bombs/File_Bomb/LinuxpyBF.txt,badusb,destruction,Bruce-Scripts-Heaven_BAD,classified
sd_card_content/badusb_extra_payloads/destruction/Win/directly_ready/Bruce-Scripts-Heaven_BAD/Bombs/File_Bomb/LinuxshWLevil.txt,badusb,destruction,Bruce-Scripts-Heaven_BAD,classified
sd_card_content/badusb_extra_payloads/destruction/Unix-like/Linux/directly_ready/Bruce-Scripts-Heaven_BAD/Bombs/File_Bomb/Linuxpy.txt,badusb,destruction,Bruce-Scripts-Heaven_BAD,classified
sd_card_content/badusb_extra_payloads/destruction/Win/directly_ready/Bruce-Scripts-Heaven_BAD/Bombs/File_Bomb/LinuxshWL.txt,badusb,destruction,Bruce-Scripts-Heaven_BAD,classified
sd_card_content/badusb_extra_payloads/destruction/Win/directly_ready/Bruce-Scripts-Heaven_BAD/Bombs/File_Bomb/LinuxshWLmean.txt,badusb,destruction,Bruce-Scripts-Heaven_BAD,classified
sd_card_content/badusb_extra_payloads/prank/Win/directly_ready/Bruce-Scripts-Heaven_BAD/-RD-Rage-PopUps/payload.txt,badusb,prank,Bruce-Scripts-Heaven_BAD,classified
sd_card_content/badusb_extra_payloads/_unclassified/Bruce-Scripts-Heaven_BAD/windows_repair/payload.txt,badusb,_unclassified,Bruce-Scripts-Heaven_BAD,classified-unmatched
sd_card_content/badusb_extra_payloads/destruction/Unix-like/Linux/directly_ready/Bruce-Scripts-Heaven_BAD/destructive/Unix-like/Linux/linux_no_more_hardriveZSH.txt,badusb,destruction,Bruce-Scripts-Heaven_BAD,classified
sd_card_content/badusb_extra_payloads/destruction/Unix-like/Linux/directly_ready/Bruce-Scripts-Heaven_BAD/destructive/Unix-like/Linux/linux_no_more_hardrive_nyanZSH.txt,badusb,destruction,Bruce-Scripts-Heaven_BAD,classified
sd_card_content/badusb_extra_payloads/destruction/Unix-like/Linux/directly_ready/Bruce-Scripts-Heaven_BAD/destructive/Unix-like/Linux/linux_no_more_hardrive_nyan.txt,badusb,destruction,Bruce-Scripts-Heaven_BAD,classified
sd_card_content/badusb_extra_payloads/destruction/Unix-like/Linux/directly_ready/Bruce-Scripts-Heaven_BAD/destructive/Unix-like/Linux/Bombs/Folder_Bomb/quackTUXpy.txt,badusb,destruction,Bruce-Scripts-Heaven_BAD,classified
sd_card_content/badusb_extra_payloads/destruction/Unix-like/Linux/directly_ready/Bruce-Scripts-Heaven_BAD/destructive/Unix-like/Linux/Bombs/zip_bomb/quackloop.txt,badusb,destruction,Bruce-Scripts-Heaven_BAD,classified
sd_card_content/badusb_extra_payloads/destruction/Unix-like/Linux/directly_ready/Bruce-Scripts-Heaven_BAD/destructive/Unix-like/Linux/Bombs/zip_bomb/quack.txt,badusb,destruction,Bruce-Scripts-Heaven_BAD,classified
sd_card_content/badusb_extra_payloads/destruction/Unix-like/Linux/directly_ready/Bruce-Scripts-Heaven_BAD/destructive/Unix-like/Linux/Bombs/Sys_Forker/payload.txt,badusb,destruction,Bruce-Scripts-Heaven_BAD,classified
sd_card_content/badusb_extra_payloads/destruction/Unix-like/Linux/directly_ready/Bruce-Scripts-Heaven_BAD/destructive/Unix-like/Linux/Bombs/HTML_Forker/quack.txt,badusb,destruction,Bruce-Scripts-Heaven_BAD,classified
sd_card_content/badusb_extra_payloads/destruction/Unix-like/macOS/directly_ready/Bruce-Scripts-Heaven_BAD/destructive/Unix-like/Osx/OSX_no_more_hardrive_nyan.txt,badusb,destruction,Bruce-Scripts-Heaven_BAD,classified
sd_card_content/badusb_extra_payloads/destruction/Unix-like/macOS/directly_ready/Bruce-Scripts-Heaven_BAD/destructive/Unix-like/Osx/OSX_no_more_hardrive_oldOSx.txt,badusb,destruction,Bruce-Scripts-Heaven_BAD,classified
sd_card_content/badusb_extra_payloads/destruction/Unix-like/macOS/directly_ready/Bruce-Scripts-Heaven_BAD/destructive/Unix-like/Osx/OSX_no_more_hardrive_nyan_oldOSx.txt,badusb,destruction,Bruce-Scripts-Heaven_BAD,classified
sd_card_content/badusb_extra_payloads/destruction/Unix-like/macOS/directly_ready/Bruce-Scripts-Heaven_BAD/destructive/Unix-like/Osx/OSX_no_more_hardrive.txt,badusb,destruction,Bruce-Scripts-Heaven_BAD,classified
sd_card_content/badusb_extra_payloads/destruction/Unix-like/macOS/directly_ready/Bruce-Scripts-Heaven_BAD/destructive/Unix-like/Osx/Bombs/termBomb/payload.txt,badusb,destruction,Bruce-Scripts-Heaven_BAD,classified
sd_card_content/badusb_extra_payloads/destruction/Unix-like/macOS/directly_ready/Bruce-Scripts-Heaven_BAD/destructive/Unix-like/Osx/Bombs/zipbomb/quack.txt,badusb,destruction,Bruce-Scripts-Heaven_BAD,classified
sd_card_content/badusb_extra_payloads/destruction/Unix-like/Linux/directly_ready/Bruce-Scripts-Heaven_BAD/destructive/Win/Bombs/Zip_Bomb/quack.txt,badusb,destruction,Bruce-Scripts-Heaven_BAD,classified
sd_card_content/badusb_extra_payloads/destruction/Win/directly_ready/Bruce-Scripts-Heaven_BAD/the_f_bomb/payload.txt,badusb,destruction,Bruce-Scripts-Heaven_BAD,classified
sd_card_content/badusb_extra_payloads/remote_access/Win/directly_ready/Bruce-Scripts-Heaven_BAD/Persistent_Reverse_Shell-Telegram_Based/connection.py,badusb,remote_access,Bruce-Scripts-Heaven_BAD,classified
sd_card_content/badusb_extra_payloads/collection/Win/directly_ready/Bruce-Scripts-Heaven_BAD/Exfiltrate Computer Screenshots/script.py,badusb,collection,Bruce-Scripts-Heaven_BAD,classified
sd_card_content/badusb_extra_payloads/data_exfiltration/Win/directly_ready/Bruce-Scripts-Heaven_BAD/Global-PS-Trascription-to-Discord/Global-PS-Trascript-to-DC.txt,badusb,data_exfiltration,Bruce-Scripts-Heaven_BAD,classified
sd_card_content/badusb_extra_payloads/remote_access/Unix-like/Linux/directly_ready/Bruce-Scripts-Heaven_BAD/FalsePhilosopher/remote_access/Win/ReverseDucky/ReverseDuckyII.txt,badusb,remote_access,Bruce-Scripts-Heaven_BAD,classified
sd_card_content/badusb_extra_payloads/prank/Unix-like/Linux/directly_ready/Bruce-Scripts-Heaven_BAD/FalsePhilosopher/prank/Unix-like/Linux/xeyes/quackYT.txt,badusb,prank,Bruce-Scripts-Heaven_BAD,classified
sd_card_content/badusb_extra_payloads/prank/Unix-like/Linux/directly_ready/Bruce-Scripts-Heaven_BAD/FalsePhilosopher/prank/Unix-like/Linux/xeyes/quackVLC.txt,badusb,prank,Bruce-Scripts-Heaven_BAD,classified
sd_card_content/badusb_extra_payloads/prank/iOS/directly_ready/Bruce-Scripts-Heaven_BAD/FalsePhilosopher/prank/Unix-like/iOS/RickRoll_Apple/payload.txt,badusb,prank,Bruce-Scripts-Heaven_BAD,classified
sd_card_content/badusb_extra_payloads/prank/Win/directly_ready/Bruce-Scripts-Heaven_BAD/FalsePhilosopher/prank/Win/Win_power/shutdown.txt,badusb,prank,Bruce-Scripts-Heaven_BAD,classified
sd_card_content/badusb_extra_payloads/data_exfiltration/Win/directly_ready/Bruce-Scripts-Heaven_BAD/Mouse-Monitor-to-Discord/Mouse-Activity-to-Discord.txt,badusb,data_exfiltration,Bruce-Scripts-Heaven_BAD,classified
sd_card_content/badusb_extra_payloads/utilities/Win/directly_ready/Bruce-Scripts-Heaven_BAD/Social-Search-GUI/Username-Search-GUI.txt,badusb,utilities,Bruce-Scripts-Heaven_BAD,classified
sd_card_content/badusb_extra_payloads/collection/Win/directly_ready/Bruce-Scripts-Heaven_BAD/recon/Win/Misc/Show_WiFi_Passwords.txt,badusb,collection,Bruce-Scripts-Heaven_BAD,classified
sd_card_content/badusb_extra_payloads/prank/Win/directly_ready/Bruce-Scripts-Heaven_BAD/Wallpaper-Jumpscare/Wallpaper-Jumpscare.txt,badusb,prank,Bruce-Scripts-Heaven_BAD,classified
sd_card_content/badusb_extra_payloads/data_exfiltration/Win/directly_ready/Bruce-Scripts-Heaven_BAD/History-Pig/payload.txt,badusb,data_exfiltration,Bruce-Scripts-Heaven_BAD,classified
sd_card_content/badusb_extra_payloads/destruction/Win/directly_ready/Bruce-Scripts-Heaven_BAD/-RD-PineApple/PineApple-KeyInjection.txt,badusb,destruction,Bruce-Scripts-Heaven_BAD,classified
sd_card_content/badusb_extra_payloads/_unclassified/Bruce-Scripts-Heaven_BAD/-RD-PineApple/payload.txt,badusb,_unclassified,Bruce-Scripts-Heaven_BAD,classified-unmatched
sd_card_content/badusb_extra_payloads/prank/Win/directly_ready/Bruce-Scripts-Heaven_BAD/Text2Speech/Text2Speech.txt,badusb,prank,Bruce-Scripts-Heaven_BAD,classified
sd_card_content/badusb_extra_payloads/remote_access/Win/directly_ready/Bruce-Scripts-Heaven_BAD/win_winrm-backdoor/payload.txt,badusb,remote_access,Bruce-Scripts-Heaven_BAD,classified
sd_card_content/badusb_extra_payloads/social_engineering/Win/directly_ready/Bruce-Scripts-Heaven_BAD/Win10-Phishing/Fake-Windows-10-Logon.txt,badusb,social_engineering,Bruce-Scripts-Heaven_BAD,classified
sd_card_content/badusb_extra_payloads/_unclassified/Bruce-Scripts-Heaven_BAD/Hotfix_Warning/payload.txt,badusb,_unclassified,Bruce-Scripts-Heaven_BAD,classified-unmatched
sd_card_content/badusb_extra_payloads/utilities/Win/directly_ready/Bruce-Scripts-Heaven_BAD/GoodUSB/payload.txt,badusb,utilities,Bruce-Scripts-Heaven_BAD,classified
sd_card_content/badusb_extra_payloads/prank/Win/directly_ready/Bruce-Scripts-Heaven_BAD/Kavitate-BadUSB/Prank/High Contrast/High-Contrast-Lock.txt,badusb,prank,Bruce-Scripts-Heaven_BAD,classified
sd_card_content/badusb_extra_payloads/prank/Win/directly_ready/Bruce-Scripts-Heaven_BAD/Kavitate-BadUSB/Prank/High Contrast/High-Contrast.txt,badusb,prank,Bruce-Scripts-Heaven_BAD,classified
sd_card_content/badusb_extra_payloads/prank/Win/directly_ready/Bruce-Scripts-Heaven_BAD/Kavitate-BadUSB/Prank/Mouse Zap/MouseZap.txt,badusb,prank,Bruce-Scripts-Heaven_BAD,classified
sd_card_content/badusb_extra_payloads/prank/Win/directly_ready/Bruce-Scripts-Heaven_BAD/Kavitate-BadUSB/Prank/Telnet Star Wars/TelnetStarWars.txt,badusb,prank,Bruce-Scripts-Heaven_BAD,classified
sd_card_content/badusb_extra_payloads/prank/Win/directly_ready/Bruce-Scripts-Heaven_BAD/Kavitate-BadUSB/Prank/Nope-Pad/Nope-Pad-Instant.txt,badusb,prank,Bruce-Scripts-Heaven_BAD,classified
sd_card_content/badusb_extra_payloads/prank/Win/directly_ready/Bruce-Scripts-Heaven_BAD/Kavitate-BadUSB/Prank/Nope-Pad/Nope-Pad-Revert.txt,badusb,prank,Bruce-Scripts-Heaven_BAD,classified
sd_card_content/badusb_extra_payloads/prank/Win/directly_ready/Bruce-Scripts-Heaven_BAD/Kavitate-BadUSB/Prank/Nope-Pad/Nope-Pad.txt,badusb,prank,Bruce-Scripts-Heaven_BAD,classified
sd_card_content/badusb_extra_payloads/prank/Win/directly_ready/Bruce-Scripts-Heaven_BAD/Kavitate-BadUSB/Prank/Win Zoom/Win-Zoom.txt,badusb,prank,Bruce-Scripts-Heaven_BAD,classified
sd_card_content/badusb_extra_payloads/_unclassified/Bruce-Scripts-Heaven_BAD/CloseAllApplicationsInWindows/script.py,badusb,_unclassified,Bruce-Scripts-Heaven_BAD,classified-unmatched
sd_card_content/badusb_extra_payloads/_unclassified/Bruce-Scripts-Heaven_BAD/Telegram-Infostealer/System-Info-to-Telegram.txt,badusb,_unclassified,Bruce-Scripts-Heaven_BAD,classified-unmatched
sd_card_content/badusb_extra_payloads/_unclassified/Bruce-Scripts-Heaven_BAD/Water-UnMark/payload.txt,badusb,_unclassified,Bruce-Scripts-Heaven_BAD,classified-unmatched
sd_card_content/badusb_extra_payloads/collection/Win/directly_ready/Bruce-Scripts-Heaven_BAD/Automailer/payload.txt,badusb,collection,Bruce-Scripts-Heaven_BAD,classified
sd_card_content/badusb_extra_payloads/collection/Win/directly_ready/Bruce-Scripts-Heaven_BAD/quackberry/wifi_stealer_to_web.txt,badusb,collection,Bruce-Scripts-Heaven_BAD,classified
sd_card_content/badusb_extra_payloads/remote_access/Win/directly_ready/Bruce-Scripts-Heaven_BAD/quackberry/bash_reverse_shell_bashrc_persistence.txt,badusb,remote_access,Bruce-Scripts-Heaven_BAD,classified
sd_card_content/badusb_extra_payloads/remote_access/Win/directly_ready/Bruce-Scripts-Heaven_BAD/quackberry/bash_reverse_shell_profile_persistence.txt,badusb,remote_access,Bruce-Scripts-Heaven_BAD,classified
sd_card_content/badusb_extra_payloads/data_exfiltration/Win/directly_ready/Bruce-Scripts-Heaven_BAD/quackberry/exfil_documents.txt,badusb,data_exfiltration,Bruce-Scripts-Heaven_BAD,classified
sd_card_content/badusb_extra_payloads/remote_access/Win/directly_ready/Bruce-Scripts-Heaven_BAD/quackberry/ssh_backdoor.txt,badusb,remote_access,Bruce-Scripts-Heaven_BAD,classified
sd_card_content/badusb_extra_payloads/remote_access/Win/directly_ready/Bruce-Scripts-Heaven_BAD/quackberry/python_reverse_shell_cron_persistence.txt,badusb,remote_access,Bruce-Scripts-Heaven_BAD,classified
sd_card_content/badusb_extra_payloads/remote_access/Win/directly_ready/Bruce-Scripts-Heaven_BAD/quackberry/bash_reverse_shell.txt,badusb,remote_access,Bruce-Scripts-Heaven_BAD,classified
sd_card_content/badusb_extra_payloads/remote_access/Win/directly_ready/Bruce-Scripts-Heaven_BAD/quackberry/local_web_server_backdoor/local_web_server_backdoor.txt,badusb,remote_access,Bruce-Scripts-Heaven_BAD,classified
sd_card_content/badusb_extra_payloads/remote_access/Win/directly_ready/Bruce-Scripts-Heaven_BAD/Netcat-Reverseshell-On-Log-In/payload.txt,badusb,remote_access,Bruce-Scripts-Heaven_BAD,classified
sd_card_content/badusb_extra_payloads/destruction/Win/directly_ready/Bruce-Scripts-Heaven_BAD/Flip-PineApple/PineApple-KeyInjection.txt,badusb,destruction,Bruce-Scripts-Heaven_BAD,classified
sd_card_content/badusb_extra_payloads/_unclassified/Bruce-Scripts-Heaven_BAD/Flip-PineApple/PineApple.txt,badusb,_unclassified,Bruce-Scripts-Heaven_BAD,classified-unmatched
sd_card_content/badusb_extra_payloads/_unclassified/Bruce-Scripts-Heaven_BAD/EnableSSH-Android/payload.txt,badusb,_unclassified,Bruce-Scripts-Heaven_BAD,classified-unmatched
sd_card_content/badusb_extra_payloads/utilities/Win/directly_ready/Bruce-Scripts-Heaven_BAD/File-Load_BadUSB/File-Load_BadUSB.txt,badusb,utilities,Bruce-Scripts-Heaven_BAD,classified
sd_card_content/badusb_extra_payloads/social_engineering/Win/directly_ready/Bruce-Scripts-Heaven_BAD/Google-Phishing/Google-Phish-to-Discord.txt,badusb,social_engineering,Bruce-Scripts-Heaven_BAD,classified
sd_card_content/badusb_extra_payloads/data_exfiltration/Win/directly_ready/Bruce-Scripts-Heaven_BAD/Hasta lasagna!/payload.txt,badusb,data_exfiltration,Bruce-Scripts-Heaven_BAD,classified
sd_card_content/badusb_extra_payloads/_unclassified/Bruce-Scripts-Heaven_BAD/RegDoor/payload.txt,badusb,_unclassified,Bruce-Scripts-Heaven_BAD,classified-unmatched
sd_card_content/badusb_extra_payloads/destruction/Win/directly_ready/Bruce-Scripts-Heaven_BAD/DUCKY-WIFI_GRABER/payload.txt,badusb,destruction,Bruce-Scripts-Heaven_BAD,classified
sd_card_content/badusb_extra_payloads/data_exfiltration/Win/directly_ready/Bruce-Scripts-Heaven_BAD/Discord-Keylogger/Keylogger-to-Discord.txt,badusb,data_exfiltration,Bruce-Scripts-Heaven_BAD,classified
sd_card_content/badusb_extra_payloads/utilities/Win/directly_ready/Bruce-Scripts-Heaven_BAD/incident_response/GoodUSB/payload.txt,badusb,utilities,Bruce-Scripts-Heaven_BAD,classified
sd_card_content/badusb_extra_payloads/prank/Win/directly_ready/Bruce-Scripts-Heaven_BAD/lol_killer/payload.txt,badusb,prank,Bruce-Scripts-Heaven_BAD,classified
sd_card_content/badusb_extra_payloads/_unclassified/Bruce-Scripts-Heaven_BAD/Holding Keys/Holding-Keys-example3.txt,badusb,_unclassified,Bruce-Scripts-Heaven_BAD,classified-unmatched
sd_card_content/badusb_extra_payloads/_unclassified/Bruce-Scripts-Heaven_BAD/Holding Keys/Holding-Keys-example1.txt,badusb,_unclassified,Bruce-Scripts-Heaven_BAD,classified-unmatched
sd_card_content/badusb_extra_payloads/_unclassified/Bruce-Scripts-Heaven_BAD/Holding Keys/Holding-Keys-example2.txt,badusb,_unclassified,Bruce-Scripts-Heaven_BAD,classified-unmatched
sd_card_content/badusb_extra_payloads/prank/Win/directly_ready/Bruce-Scripts-Heaven_BAD/QuacKed_Again/payload.txt,badusb,prank,Bruce-Scripts-Heaven_BAD,classified
sd_card_content/badusb_extra_payloads/destruction/Win/directly_ready/Bruce-Scripts-Heaven_BAD/Try_To_Catch_Me/script.py,badusb,destruction,Bruce-Scripts-Heaven_BAD,classified
sd_card_content/badusb_extra_payloads/_unclassified/Bruce-Scripts-Heaven_BAD/Closer/Closer.txt,badusb,_unclassified,Bruce-Scripts-Heaven_BAD,classified-unmatched
sd_card_content/badusb_extra_payloads/data_exfiltration/Win/directly_ready/Bruce-Scripts-Heaven_BAD/screenshot_exfil/payload.txt,badusb,data_exfiltration,Bruce-Scripts-Heaven_BAD,classified
sd_card_content/badusb_extra_payloads/data_exfiltration/Win/directly_ready/Bruce-Scripts-Heaven_BAD/Screen-Shock/payload.txt,badusb,data_exfiltration,Bruce-Scripts-Heaven_BAD,classified
sd_card_content/badusb_extra_payloads/data_exfiltration/Win/directly_ready/Bruce-Scripts-Heaven_BAD/Copy-And-Waste/payload.txt,badusb,data_exfiltration,Bruce-Scripts-Heaven_BAD,classified
sd_card_content/badusb_extra_payloads/_unclassified/Bruce-Scripts-Heaven_BAD/SoundChangeDuck/payload.txt,badusb,_unclassified,Bruce-Scripts-Heaven_BAD,classified-unmatched
sd_card_content/badusb_extra_payloads/remote_access/Win/configuration_needed/Bruce-Scripts-Heaven_BAD/_precisa_edicao_manual/README.md,badusb,remote_access,Bruce-Scripts-Heaven_BAD,classified
sd_card_content/badusb_extra_payloads/prank/Win/directly_ready/Bruce-Scripts-Heaven_BAD/_precisa_edicao_manual/depende_de_extension/SendSignalMessages/payload.txt,badusb,prank,Bruce-Scripts-Heaven_BAD,classified
sd_card_content/badusb_extra_payloads/data_exfiltration/Unix-like/Linux/directly_ready/Bruce-Scripts-Heaven_BAD/_precisa_edicao_manual/depende_de_extension/ExfiltrateNetworkConfiguration_Linux/payload.txt,badusb,data_exfiltration,Bruce-Scripts-Heaven_BAD,classified
sd_card_content/badusb_extra_payloads/_unclassified/Bruce-Scripts-Heaven_BAD/_precisa_edicao_manual/depende_de_extension/Telegram_Persistent_Connection_Linux/payload.txt,badusb,_unclassified,Bruce-Scripts-Heaven_BAD,classified-unmatched
sd_card_content/badusb_extra_payloads/_unclassified/Bruce-Scripts-Heaven_BAD/_precisa_edicao_manual/depende_de_extension/Change_the_password_of_the_windows_user/payload.txt,badusb,_unclassified,Bruce-Scripts-Heaven_BAD,classified-unmatched
sd_card_content/badusb_extra_payloads/destruction/Win/directly_ready/Bruce-Scripts-Heaven_BAD/_precisa_edicao_manual/depende_de_extension/ExfiltrateProcessInfo_Windows/payload.txt,badusb,destruction,Bruce-Scripts-Heaven_BAD,classified
sd_card_content/badusb_extra_payloads/prank/Win/configuration_needed/Bruce-Scripts-Heaven_BAD/_precisa_edicao_manual/depende_de_extension/The_Mouse_Moves_By_Itself/payload.txt,badusb,prank,Bruce-Scripts-Heaven_BAD,classified
sd_card_content/badusb_extra_payloads/prank/Win/directly_ready/Bruce-Scripts-Heaven_BAD/_precisa_edicao_manual/depende_de_extension/cApS-Troll/payload.txt,badusb,prank,Bruce-Scripts-Heaven_BAD,classified
sd_card_content/badusb_extra_payloads/collection/Win/configuration_needed/Bruce-Scripts-Heaven_BAD/_precisa_edicao_manual/depende_de_extension/ClipBoard-Creep/payload.txt,badusb,collection,Bruce-Scripts-Heaven_BAD,classified
sd_card_content/badusb_extra_payloads/data_exfiltration/Win/configuration_needed/Bruce-Scripts-Heaven_BAD/_precisa_edicao_manual/depende_de_extension/Exfiltrates_the_entire_database_of_the_Notion_client/payload.txt,badusb,data_exfiltration,Bruce-Scripts-Heaven_BAD,classified
sd_card_content/badusb_extra_payloads/_unclassified/Bruce-Scripts-Heaven_BAD/_precisa_edicao_manual/depende_de_extension/SetArbitraryVPN_Linux/payload.txt,badusb,_unclassified,Bruce-Scripts-Heaven_BAD,classified-unmatched
sd_card_content/badusb_extra_payloads/_unclassified/Bruce-Scripts-Heaven_BAD/_precisa_edicao_manual/depende_de_extension/detect_ready/detect_ready.txt,badusb,_unclassified,Bruce-Scripts-Heaven_BAD,classified-unmatched
sd_card_content/badusb_extra_payloads/_unclassified/Bruce-Scripts-Heaven_BAD/_precisa_edicao_manual/depende_de_extension/passive_detect_ready/passive_detect_ready.txt,badusb,_unclassified,Bruce-Scripts-Heaven_BAD,classified-unmatched
sd_card_content/badusb_extra_payloads/prank/Win/configuration_needed/Bruce-Scripts-Heaven_BAD/_precisa_edicao_manual/depende_de_extension/SendMessagesInTeams/payload.txt,badusb,prank,Bruce-Scripts-Heaven_BAD,classified
sd_card_content/badusb_extra_payloads/destruction/Win/configuration_needed/Bruce-Scripts-Heaven_BAD/_precisa_edicao_manual/depende_de_extension/MEMZ-with-Powershell/Payload.txt,badusb,destruction,Bruce-Scripts-Heaven_BAD,classified
sd_card_content/badusb_extra_payloads/data_exfiltration/Win/directly_ready/Bruce-Scripts-Heaven_BAD/_precisa_edicao_manual/depende_de_extension/Priv-Paths/payload.txt,badusb,data_exfiltration,Bruce-Scripts-Heaven_BAD,classified
sd_card_content/badusb_extra_payloads/_unclassified/Bruce-Scripts-Heaven_BAD/_precisa_edicao_manual/depende_de_extension/1_Script_to_Rule_Them_All/payload.txt,badusb,_unclassified,Bruce-Scripts-Heaven_BAD,classified-unmatched
sd_card_content/badusb_extra_payloads/data_exfiltration/Android/configuration_needed/Bruce-Scripts-Heaven_BAD/_precisa_edicao_manual/depende_de_extension/WifiCredSidechannelExfil/payload.txt,badusb,data_exfiltration,Bruce-Scripts-Heaven_BAD,classified
sd_card_content/badusb_extra_payloads/collection/Win/configuration_needed/Bruce-Scripts-Heaven_BAD/_precisa_edicao_manual/depende_de_extension/Local_WLAN_Borrower/payload.txt,badusb,collection,Bruce-Scripts-Heaven_BAD,classified
sd_card_content/badusb_extra_payloads/_unclassified/Bruce-Scripts-Heaven_BAD/_precisa_edicao_manual/depende_de_extension/Send_Messages_In_Discord_Channel-Server/payload.txt,badusb,_unclassified,Bruce-Scripts-Heaven_BAD,classified-unmatched
sd_card_content/badusb_extra_payloads/social_engineering/Unix-like/Linux/directly_ready/Bruce-Scripts-Heaven_BAD/_precisa_edicao_manual/depende_de_extension/GNU-Linux/Phishing/StandardPhishingPayloadUsingKdialog_Linux/payload.txt,badusb,social_engineering,Bruce-Scripts-Heaven_BAD,classified
sd_card_content/badusb_extra_payloads/social_engineering/Unix-like/Linux/directly_ready/Bruce-Scripts-Heaven_BAD/_precisa_edicao_manual/depende_de_extension/GNU-Linux/Phishing/StandardPhishingAttack_Linux/payload.txt,badusb,social_engineering,Bruce-Scripts-Heaven_BAD,classified
sd_card_content/badusb_extra_payloads/_unclassified/Bruce-Scripts-Heaven_BAD/_precisa_edicao_manual/depende_de_extension/GNU-Linux/Execution/SetArbitraryVPN_Linux/payload.txt,badusb,_unclassified,Bruce-Scripts-Heaven_BAD,classified-unmatched
sd_card_content/badusb_extra_payloads/_unclassified/Bruce-Scripts-Heaven_BAD/_precisa_edicao_manual/depende_de_extension/GNU-Linux/Execution/Set_An_Arbitrary_And_Persistent_Tor_Circuit/payload.txt,badusb,_unclassified,Bruce-Scripts-Heaven_BAD,classified-unmatched
sd_card_content/badusb_extra_payloads/_unclassified/Bruce-Scripts-Heaven_BAD/_precisa_edicao_manual/depende_de_extension/GNU-Linux/Execution/ChangeMacAddress_Linux/payload.txt,badusb,_unclassified,Bruce-Scripts-Heaven_BAD,classified-unmatched
sd_card_content/badusb_extra_payloads/_unclassified/Bruce-Scripts-Heaven_BAD/_precisa_edicao_manual/depende_de_extension/GNU-Linux/Execution/Defend_yourself_against_AtlasVPN_bugdoor/payload.txt,badusb,_unclassified,Bruce-Scripts-Heaven_BAD,classified-unmatched
sd_card_content/badusb_extra_payloads/data_exfiltration/Unix-like/Linux/directly_ready/Bruce-Scripts-Heaven_BAD/_precisa_edicao_manual/depende_de_extension/GNU-Linux/Exfiltration/ExfiltrateNetworkConfiguration_Linux/payload.txt,badusb,data_exfiltration,Bruce-Scripts-Heaven_BAD,classified
sd_card_content/badusb_extra_payloads/data_exfiltration/Unix-like/Linux/directly_ready/Bruce-Scripts-Heaven_BAD/_precisa_edicao_manual/depende_de_extension/GNU-Linux/Exfiltration/ExfiltratePhotosThroughShell/payload.txt,badusb,data_exfiltration,Bruce-Scripts-Heaven_BAD,classified
sd_card_content/badusb_extra_payloads/data_exfiltration/Unix-like/Linux/directly_ready/Bruce-Scripts-Heaven_BAD/_precisa_edicao_manual/depende_de_extension/GNU-Linux/Exfiltration/ExfiltrateNetworkTraffic_Linux/payload.txt,badusb,data_exfiltration,Bruce-Scripts-Heaven_BAD,classified
sd_card_content/badusb_extra_payloads/prank/Unix-like/Linux/configuration_needed/Bruce-Scripts-Heaven_BAD/_precisa_edicao_manual/depende_de_extension/GNU-Linux/Prank/Change_The_App_That_Will_Be_Runned/payload.txt,badusb,prank,Bruce-Scripts-Heaven_BAD,classified
sd_card_content/badusb_extra_payloads/_unclassified/Bruce-Scripts-Heaven_BAD/_precisa_edicao_manual/depende_de_extension/Windows-Duck-In-The-Middle/payload.txt,badusb,_unclassified,Bruce-Scripts-Heaven_BAD,classified-unmatched
sd_card_content/badusb_extra_payloads/collection/Win/configuration_needed/Bruce-Scripts-Heaven_BAD/_precisa_edicao_manual/depende_de_extension/ExfiltrateWindowsCredentials/NetworkMedium/payload.txt,badusb,collection,Bruce-Scripts-Heaven_BAD,classified
sd_card_content/badusb_extra_payloads/collection/Win/configuration_needed/Bruce-Scripts-Heaven_BAD/_precisa_edicao_manual/depende_de_extension/ExfiltrateWindowsCredentials/PhysicalMedium/payload.txt,badusb,collection,Bruce-Scripts-Heaven_BAD,classified
sd_card_content/badusb_extra_payloads/collection/Win/configuration_needed/Bruce-Scripts-Heaven_BAD/_precisa_edicao_manual/depende_de_extension/ExfiltrateWindowsCredentials/KeystrokeReflection/payload.txt,badusb,collection,Bruce-Scripts-Heaven_BAD,classified
sd_card_content/badusb_extra_payloads/_unclassified/Bruce-Scripts-Heaven_BAD/_precisa_edicao_manual/depende_de_extension/Set_Tor_Bridge_In_Windows/payload.txt,badusb,_unclassified,Bruce-Scripts-Heaven_BAD,classified-unmatched
sd_card_content/badusb_extra_payloads/data_exfiltration/Unix-like/Linux/directly_ready/Bruce-Scripts-Heaven_BAD/_precisa_edicao_manual/depende_de_extension/ExfiltratePhotosThroughShell/payload.txt,badusb,data_exfiltration,Bruce-Scripts-Heaven_BAD,classified
sd_card_content/badusb_extra_payloads/_unclassified/Bruce-Scripts-Heaven_BAD/_precisa_edicao_manual/depende_de_extension/Windows/Execution/Change_the_password_of_the_windows_user/payload.txt,badusb,_unclassified,Bruce-Scripts-Heaven_BAD,classified-unmatched
sd_card_content/badusb_extra_payloads/_unclassified/Bruce-Scripts-Heaven_BAD/_precisa_edicao_manual/depende_de_extension/Windows/Execution/Send_Messages_In_Discord_Channel-Server/payload.txt,badusb,_unclassified,Bruce-Scripts-Heaven_BAD,classified-unmatched
sd_card_content/badusb_extra_payloads/_unclassified/Bruce-Scripts-Heaven_BAD/_precisa_edicao_manual/depende_de_extension/Windows/Execution/Uninstall_A_Specific_App_On_Windows_Through_Control_Panel/payload.txt,badusb,_unclassified,Bruce-Scripts-Heaven_BAD,classified-unmatched
sd_card_content/badusb_extra_payloads/destruction/Win/configuration_needed/Bruce-Scripts-Heaven_BAD/_precisa_edicao_manual/depende_de_extension/Windows/Execution/Set_An_Arbitrary_And_Persistent_Tor_Circuit/payload.txt,badusb,destruction,Bruce-Scripts-Heaven_BAD,classified
sd_card_content/badusb_extra_payloads/_unclassified/Bruce-Scripts-Heaven_BAD/_precisa_edicao_manual/depende_de_extension/Windows/Execution/Install_And_Run_Any_Arbitrary_Executable-No_Internet_And_Root_Needed/payload.txt,badusb,_unclassified,Bruce-Scripts-Heaven_BAD,classified-unmatched
sd_card_content/badusb_extra_payloads/_unclassified/Bruce-Scripts-Heaven_BAD/_precisa_edicao_manual/depende_de_extension/Windows/Execution/Set_An_Arbitrary_DNS-IPv4_version/payload.txt,badusb,_unclassified,Bruce-Scripts-Heaven_BAD,classified-unmatched
sd_card_content/badusb_extra_payloads/_unclassified/Bruce-Scripts-Heaven_BAD/_precisa_edicao_manual/depende_de_extension/Windows/Execution/Change_Windows_User_Name/payload.txt,badusb,_unclassified,Bruce-Scripts-Heaven_BAD,classified-unmatched
sd_card_content/badusb_extra_payloads/_unclassified/Bruce-Scripts-Heaven_BAD/_precisa_edicao_manual/depende_de_extension/Windows/Execution/SendEmailThroughThunderbird/payload.txt,badusb,_unclassified,Bruce-Scripts-Heaven_BAD,classified-unmatched
sd_card_content/badusb_extra_payloads/_unclassified/Bruce-Scripts-Heaven_BAD/_precisa_edicao_manual/depende_de_extension/Windows/Execution/Add_An_Excepiton_To_Avast_Antivirus/payload.txt,badusb,_unclassified,Bruce-Scripts-Heaven_BAD,classified-unmatched
sd_card_content/badusb_extra_payloads/_unclassified/Bruce-Scripts-Heaven_BAD/_precisa_edicao_manual/depende_de_extension/Windows/Execution/ChangeGitRemoteLink/payload.txt,badusb,_unclassified,Bruce-Scripts-Heaven_BAD,classified-unmatched
sd_card_content/badusb_extra_payloads/_unclassified/Bruce-Scripts-Heaven_BAD/_precisa_edicao_manual/depende_de_extension/Windows/Execution/Stop_A_Single_Process_In_Windows/payload.txt,badusb,_unclassified,Bruce-Scripts-Heaven_BAD,classified-unmatched
sd_card_content/badusb_extra_payloads/data_exfiltration/Win/configuration_needed/Bruce-Scripts-Heaven_BAD/_precisa_edicao_manual/depende_de_extension/Windows/Exfiltration/Exfiltrates_the_entire_database_of_the_Notion_client/payload.txt,badusb,data_exfiltration,Bruce-Scripts-Heaven_BAD,classified
sd_card_content/badusb_extra_payloads/data_exfiltration/Win/configuration_needed/Bruce-Scripts-Heaven_BAD/_precisa_edicao_manual/depende_de_extension/Windows/Exfiltration/Export_Cookies_From_Firefox/payload.txt,badusb,data_exfiltration,Bruce-Scripts-Heaven_BAD,classified
sd_card_content/badusb_extra_payloads/data_exfiltration/Win/configuration_needed/Bruce-Scripts-Heaven_BAD/_precisa_edicao_manual/depende_de_extension/Windows/Exfiltration/ExfiltrateComputerScreenshots/payload.txt,badusb,data_exfiltration,Bruce-Scripts-Heaven_BAD,classified
sd_card_content/badusb_extra_payloads/data_exfiltration/Win/configuration_needed/Bruce-Scripts-Heaven_BAD/_precisa_edicao_manual/depende_de_extension/Windows/Exfiltration/Exports_all_the_links_of_the_downloads/payload.txt,badusb,data_exfiltration,Bruce-Scripts-Heaven_BAD,classified
sd_card_content/badusb_extra_payloads/data_exfiltration/Win/configuration_needed/Bruce-Scripts-Heaven_BAD/_precisa_edicao_manual/depende_de_extension/Windows/Exfiltration/Create_And_Exfiltrate_A_Webhook_Of_Discord/payload.txt,badusb,data_exfiltration,Bruce-Scripts-Heaven_BAD,classified
sd_card_content/badusb_extra_payloads/data_exfiltration/Win/configuration_needed/Bruce-Scripts-Heaven_BAD/_precisa_edicao_manual/depende_de_extension/Windows/Exfiltration/Export_all_saved_certificates_with_Adobe_Reader/payload.txt,badusb,data_exfiltration,Bruce-Scripts-Heaven_BAD,classified
sd_card_content/badusb_extra_payloads/prank/Win/configuration_needed/Bruce-Scripts-Heaven_BAD/_precisa_edicao_manual/depende_de_extension/Windows/Prank/The_Mouse_Moves_By_Itself/payload.txt,badusb,prank,Bruce-Scripts-Heaven_BAD,classified
sd_card_content/badusb_extra_payloads/prank/Win/configuration_needed/Bruce-Scripts-Heaven_BAD/_precisa_edicao_manual/depende_de_extension/Windows/Prank/SendMessagesInTeams/payload.txt,badusb,prank,Bruce-Scripts-Heaven_BAD,classified
sd_card_content/badusb_extra_payloads/prank/Win/configuration_needed/Bruce-Scripts-Heaven_BAD/_precisa_edicao_manual/depende_de_extension/Windows/Prank/Change_Github_Profile_Settings/payload.txt,badusb,prank,Bruce-Scripts-Heaven_BAD,classified
sd_card_content/badusb_extra_payloads/prank/Win/configuration_needed/Bruce-Scripts-Heaven_BAD/_precisa_edicao_manual/depende_de_extension/Windows/Prank/Full-ScreenBannerJoke/payload.txt,badusb,prank,Bruce-Scripts-Heaven_BAD,classified
sd_card_content/badusb_extra_payloads/collection/Win/configuration_needed/Bruce-Scripts-Heaven_BAD/_precisa_edicao_manual/depende_de_extension/Windows/Prank/ChangeWallpaperWithScreenshot/payload.txt,badusb,collection,Bruce-Scripts-Heaven_BAD,classified
sd_card_content/badusb_extra_payloads/prank/Win/configuration_needed/Bruce-Scripts-Heaven_BAD/_precisa_edicao_manual/depende_de_extension/Windows/Prank/Try_To_Catch_Me/payload.txt,badusb,prank,Bruce-Scripts-Heaven_BAD,classified
sd_card_content/badusb_extra_payloads/prank/Win/configuration_needed/Bruce-Scripts-Heaven_BAD/_precisa_edicao_manual/depende_de_extension/Windows/Prank/PlayASongThroughSpotify/payload.txt,badusb,prank,Bruce-Scripts-Heaven_BAD,classified
sd_card_content/badusb_extra_payloads/prank/Win/configuration_needed/Bruce-Scripts-Heaven_BAD/_precisa_edicao_manual/depende_de_extension/Windows/Prank/Follow_Someone_On_Instagram/payload.txt,badusb,prank,Bruce-Scripts-Heaven_BAD,classified
sd_card_content/badusb_extra_payloads/data_exfiltration/Win/configuration_needed/Bruce-Scripts-Heaven_BAD/_precisa_edicao_manual/depende_de_extension/BitLockerKeyDump/payload.txt,badusb,data_exfiltration,Bruce-Scripts-Heaven_BAD,classified
sd_card_content/badusb_extra_payloads/data_exfiltration/Win/configuration_needed/Bruce-Scripts-Heaven_BAD/_precisa_edicao_manual/depende_de_extension/exfil_auto_eof_detect/exfil_auto_eof_detect.txt,badusb,data_exfiltration,Bruce-Scripts-Heaven_BAD,classified
sd_card_content/badusb_extra_payloads/_unclassified/Bruce-Scripts-Heaven_BAD/_precisa_edicao_manual/depende_de_extension/Browse-to-URL-Example/payload.txt,badusb,_unclassified,Bruce-Scripts-Heaven_BAD,classified-unmatched
sd_card_content/badusb_extra_payloads/prank/Win/configuration_needed/Bruce-Scripts-Heaven_BAD/_precisa_edicao_manual/depende_de_extension/USBScream/Payload.txt,badusb,prank,Bruce-Scripts-Heaven_BAD,classified
sd_card_content/badusb_extra_payloads/_unclassified/Bruce-Scripts-Heaven_BAD/_precisa_edicao_manual/depende_de_extension/Ascii/Win_HID_ALT-Code-Art/payload.txt,badusb,_unclassified,Bruce-Scripts-Heaven_BAD,classified-unmatched
sd_card_content/badusb_extra_payloads/_unclassified/Bruce-Scripts-Heaven_BAD/_precisa_edicao_manual/depende_de_extension/Install_Any_Arbitrary_VSCode_Extension/payload.txt,badusb,_unclassified,Bruce-Scripts-Heaven_BAD,classified-unmatched
sd_card_content/badusb_extra_payloads/_unclassified/Bruce-Scripts-Heaven_BAD/_precisa_edicao_manual/depende_de_extension/Persistent_Keylogger-Telegram_Based/payload.txt,badusb,_unclassified,Bruce-Scripts-Heaven_BAD,classified-unmatched
sd_card_content/badusb_extra_payloads/_unclassified/Bruce-Scripts-Heaven_BAD/_precisa_edicao_manual/depende_de_extension/Uninstall_A_Specific_App_On_Windows_Through_Control_Panel/payload.txt,badusb,_unclassified,Bruce-Scripts-Heaven_BAD,classified-unmatched
sd_card_content/badusb_extra_payloads/_unclassified/Bruce-Scripts-Heaven_BAD/_precisa_edicao_manual/depende_de_extension/Global-Powershell-Logging/Payload.txt,badusb,_unclassified,Bruce-Scripts-Heaven_BAD,classified-unmatched
sd_card_content/badusb_extra_payloads/_unclassified/Bruce-Scripts-Heaven_BAD/_precisa_edicao_manual/depende_de_extension/Defend_yourself_from_CVE-2023-23397/payload.txt,badusb,_unclassified,Bruce-Scripts-Heaven_BAD,classified-unmatched
sd_card_content/badusb_extra_payloads/_unclassified/Bruce-Scripts-Heaven_BAD/_precisa_edicao_manual/depende_de_extension/ashtree/payload.txt,badusb,_unclassified,Bruce-Scripts-Heaven_BAD,classified-unmatched
sd_card_content/badusb_extra_payloads/destruction/iOS/configuration_needed/Bruce-Scripts-Heaven_BAD/_precisa_edicao_manual/depende_de_extension/Delete_A_Reminder_On_An_iPhone/payload.txt,badusb,destruction,Bruce-Scripts-Heaven_BAD,classified
sd_card_content/badusb_extra_payloads/collection/Win/configuration_needed/Bruce-Scripts-Heaven_BAD/_precisa_edicao_manual/depende_de_extension/Change Wallpaper With Screenshot/payload.txt,badusb,collection,Bruce-Scripts-Heaven_BAD,classified
sd_card_content/badusb_extra_payloads/data_exfiltration/Win/configuration_needed/Bruce-Scripts-Heaven_BAD/_precisa_edicao_manual/depende_de_extension/IP-Out/payload.txt,badusb,data_exfiltration,Bruce-Scripts-Heaven_BAD,classified
sd_card_content/badusb_extra_payloads/destruction/Unix-like/Linux/configuration_needed/Bruce-Scripts-Heaven_BAD/_precisa_edicao_manual/depende_de_extension/Set_An_Arbitrary_And_Persistent_Tor_Circuit/payload.txt,badusb,destruction,Bruce-Scripts-Heaven_BAD,classified
sd_card_content/badusb_extra_payloads/_unclassified/Bruce-Scripts-Heaven_BAD/_precisa_edicao_manual/depende_de_extension/Install_And_Run_Any_Arbitrary_Executable-No_Internet_And_Root_Needed/payload.txt,badusb,_unclassified,Bruce-Scripts-Heaven_BAD,classified-unmatched
sd_card_content/badusb_extra_payloads/_unclassified/Bruce-Scripts-Heaven_BAD/_precisa_edicao_manual/depende_de_extension/Screenshare-Over-LAN/Payload.txt,badusb,_unclassified,Bruce-Scripts-Heaven_BAD,classified-unmatched
sd_card_content/badusb_extra_payloads/_unclassified/Bruce-Scripts-Heaven_BAD/_precisa_edicao_manual/depende_de_extension/protected_storage_mode/protected_storage_mode.txt,badusb,_unclassified,Bruce-Scripts-Heaven_BAD,classified-unmatched
sd_card_content/badusb_extra_payloads/prank/Win/directly_ready/Bruce-Scripts-Heaven_BAD/_precisa_edicao_manual/depende_de_extension/Horsd/payload.txt,badusb,prank,Bruce-Scripts-Heaven_BAD,classified
sd_card_content/badusb_extra_payloads/prank/Unix-like/Linux/directly_ready/Bruce-Scripts-Heaven_BAD/_precisa_edicao_manual/depende_de_extension/ChangeDesktopWallpaper_LinuxKDE/payload.txt,badusb,prank,Bruce-Scripts-Heaven_BAD,classified
sd_card_content/badusb_extra_payloads/utilities/Win/configuration_needed/Bruce-Scripts-Heaven_BAD/_precisa_edicao_manual/depende_de_extension/translate/translate.txt,badusb,utilities,Bruce-Scripts-Heaven_BAD,classified
sd_card_content/badusb_extra_payloads/_unclassified/Bruce-Scripts-Heaven_BAD/_precisa_edicao_manual/depende_de_extension/ChromebookProvisioning/payload.txt,badusb,_unclassified,Bruce-Scripts-Heaven_BAD,classified-unmatched
sd_card_content/badusb_extra_payloads/data_exfiltration/Win/configuration_needed/Bruce-Scripts-Heaven_BAD/_precisa_edicao_manual/depende_de_extension/Windows-Screenshot-Exfil/payload.txt,badusb,data_exfiltration,Bruce-Scripts-Heaven_BAD,classified
sd_card_content/badusb_extra_payloads/destruction/Unix-like/macOS/configuration_needed/Bruce-Scripts-Heaven_BAD/_precisa_edicao_manual/depende_de_extension/Exfiltrate_file_through_GUI_mac/payload.txt,badusb,destruction,Bruce-Scripts-Heaven_BAD,classified
sd_card_content/badusb_extra_payloads/_unclassified/Bruce-Scripts-Heaven_BAD/_precisa_edicao_manual/depende_de_extension/Droidex/payload.txt,badusb,_unclassified,Bruce-Scripts-Heaven_BAD,classified-unmatched
sd_card_content/badusb_extra_payloads/_unclassified/Bruce-Scripts-Heaven_BAD/_precisa_edicao_manual/depende_de_extension/Set_An_Arbitrary_DNS-IPv4_version/payload.txt,badusb,_unclassified,Bruce-Scripts-Heaven_BAD,classified-unmatched
sd_card_content/badusb_extra_payloads/data_exfiltration/Win/configuration_needed/Bruce-Scripts-Heaven_BAD/_precisa_edicao_manual/depende_de_extension/Export_Cookies_From_Firefox/payload.txt,badusb,data_exfiltration,Bruce-Scripts-Heaven_BAD,classified
sd_card_content/badusb_extra_payloads/remote_access/Unix-like/Linux/configuration_needed/Bruce-Scripts-Heaven_BAD/_precisa_edicao_manual/depende_de_extension/Camouflage_Your_Backdoor/payload.txt,badusb,remote_access,Bruce-Scripts-Heaven_BAD,classified
sd_card_content/badusb_extra_payloads/data_exfiltration/Win/configuration_needed/Bruce-Scripts-Heaven_BAD/_precisa_edicao_manual/depende_de_extension/Exports_all_the_links_of_the_downloads/payload.txt,badusb,data_exfiltration,Bruce-Scripts-Heaven_BAD,classified
sd_card_content/badusb_extra_payloads/data_exfiltration/Win/configuration_needed/Bruce-Scripts-Heaven_BAD/_precisa_edicao_manual/depende_de_extension/WindowsLicenseKeyExfiltration/WindowsLicenseKeyExfiltration.txt,badusb,data_exfiltration,Bruce-Scripts-Heaven_BAD,classified
sd_card_content/badusb_extra_payloads/data_exfiltration/Win/directly_ready/Bruce-Scripts-Heaven_BAD/_precisa_edicao_manual/depende_de_extension/PUBLIC-SERVICE-ANNOUNCEMENT/PSA.txt,badusb,data_exfiltration,Bruce-Scripts-Heaven_BAD,classified
sd_card_content/badusb_extra_payloads/_unclassified/Bruce-Scripts-Heaven_BAD/_precisa_edicao_manual/depende_de_extension/Change_Github_Profile_Settings/payload.txt,badusb,_unclassified,Bruce-Scripts-Heaven_BAD,classified-unmatched
sd_card_content/badusb_extra_payloads/remote_access/Win/configuration_needed/Bruce-Scripts-Heaven_BAD/_precisa_edicao_manual/depende_de_extension/ReverseDuckyII/ReverseDuckyII.txt,badusb,remote_access,Bruce-Scripts-Heaven_BAD,classified
sd_card_content/badusb_extra_payloads/destruction/Win/configuration_needed/Bruce-Scripts-Heaven_BAD/_precisa_edicao_manual/depende_de_extension/duckin8or/payload.txt,badusb,destruction,Bruce-Scripts-Heaven_BAD,classified
sd_card_content/badusb_extra_payloads/_unclassified/Bruce-Scripts-Heaven_BAD/_precisa_edicao_manual/depende_de_extension/Piano_Player/examples/game_of_thrones_payload.txt,badusb,_unclassified,Bruce-Scripts-Heaven_BAD,classified-unmatched
sd_card_content/badusb_extra_payloads/_unclassified/Bruce-Scripts-Heaven_BAD/_precisa_edicao_manual/depende_de_extension/Piano_Player/examples/super_mario_payload.txt,badusb,_unclassified,Bruce-Scripts-Heaven_BAD,classified-unmatched
sd_card_content/badusb_extra_payloads/data_exfiltration/Win/directly_ready/Bruce-Scripts-Heaven_BAD/_precisa_edicao_manual/depende_de_extension/Lazagne-Exfil/payload.txt,badusb,data_exfiltration,Bruce-Scripts-Heaven_BAD,classified
sd_card_content/badusb_extra_payloads/data_exfiltration/Win/configuration_needed/Bruce-Scripts-Heaven_BAD/_precisa_edicao_manual/depende_de_extension/Windows-Privilege-Excalibur/payload.txt,badusb,data_exfiltration,Bruce-Scripts-Heaven_BAD,classified
sd_card_content/badusb_extra_payloads/_unclassified/Bruce-Scripts-Heaven_BAD/_precisa_edicao_manual/depende_de_extension/VM-Detection-Report/Payload.txt,badusb,_unclassified,Bruce-Scripts-Heaven_BAD,classified-unmatched
sd_card_content/badusb_extra_payloads/reconnaissance/Win/directly_ready/Bruce-Scripts-Heaven_BAD/_precisa_edicao_manual/depende_de_extension/Printer-Recon/payload.txt,badusb,reconnaissance,Bruce-Scripts-Heaven_BAD,classified
sd_card_content/badusb_extra_payloads/_unclassified/Bruce-Scripts-Heaven_BAD/_precisa_edicao_manual/depende_de_extension/passive_windows_detect/passive_windows_detect.txt,badusb,_unclassified,Bruce-Scripts-Heaven_BAD,classified-unmatched
sd_card_content/badusb_extra_payloads/destruction/Win/configuration_needed/Bruce-Scripts-Heaven_BAD/_precisa_edicao_manual/depende_de_extension/ReverseDuckyUltimate/payload.txt,badusb,destruction,Bruce-Scripts-Heaven_BAD,classified
sd_card_content/badusb_extra_payloads/discovery/Unix-like/Linux/configuration_needed/Bruce-Scripts-Heaven_BAD/_precisa_edicao_manual/depende_de_extension/Randomizing_User-Agent_in_Google_Chrome/payload.txt,badusb,discovery,Bruce-Scripts-Heaven_BAD,classified
sd_card_content/badusb_extra_payloads/prank/iOS/directly_ready/Bruce-Scripts-Heaven_BAD/_precisa_edicao_manual/depende_de_extension/IOS/Prank/Play_A_Song_With_An_iPhone/payload.txt,badusb,prank,Bruce-Scripts-Heaven_BAD,classified
sd_card_content/badusb_extra_payloads/destruction/iOS/directly_ready/Bruce-Scripts-Heaven_BAD/_precisa_edicao_manual/depende_de_extension/IOS/Prank/Delete_A_Reminder_With_An_iPhone/payload.txt,badusb,destruction,Bruce-Scripts-Heaven_BAD,classified
sd_card_content/badusb_extra_payloads/prank/iOS/directly_ready/Bruce-Scripts-Heaven_BAD/_precisa_edicao_manual/depende_de_extension/IOS/Prank/Call_Someone_With_An_iPhone/payload.txt,badusb,prank,Bruce-Scripts-Heaven_BAD,classified
sd_card_content/badusb_extra_payloads/prank/iOS/directly_ready/Bruce-Scripts-Heaven_BAD/_precisa_edicao_manual/depende_de_extension/IOS/Prank/Edit_A_Reminder_With_An_iPhone/payload.txt,badusb,prank,Bruce-Scripts-Heaven_BAD,classified
sd_card_content/badusb_extra_payloads/prank/Win/configuration_needed/Bruce-Scripts-Heaven_BAD/_precisa_edicao_manual/depende_de_extension/Full-ScreenBannerJoke/payload.txt,badusb,prank,Bruce-Scripts-Heaven_BAD,classified
sd_card_content/badusb_extra_payloads/remote_access/Unix-like/Linux/configuration_needed/Bruce-Scripts-Heaven_BAD/_precisa_edicao_manual/depende_de_extension/ReverseDuckyPolymorph/payload.txt,badusb,remote_access,Bruce-Scripts-Heaven_BAD,classified
sd_card_content/badusb_extra_payloads/_unclassified/Bruce-Scripts-Heaven_BAD/_precisa_edicao_manual/depende_de_extension/Replace_Links_In_GithubDesktop/payload.txt,badusb,_unclassified,Bruce-Scripts-Heaven_BAD,classified-unmatched
sd_card_content/badusb_extra_payloads/data_exfiltration/Win/directly_ready/Bruce-Scripts-Heaven_BAD/_precisa_edicao_manual/depende_de_extension/DevilsCupid/sourceCode.txt,badusb,data_exfiltration,Bruce-Scripts-Heaven_BAD,classified
sd_card_content/badusb_extra_payloads/_unclassified/Bruce-Scripts-Heaven_BAD/_precisa_edicao_manual/depende_de_extension/Play_A_Song_On_An_iPhone/payload.txt,badusb,_unclassified,Bruce-Scripts-Heaven_BAD,classified-unmatched
sd_card_content/badusb_extra_payloads/prank/Unix-like/macOS/configuration_needed/Bruce-Scripts-Heaven_BAD/_precisa_edicao_manual/depende_de_extension/Same_File_Name_Prank/payload.txt,badusb,prank,Bruce-Scripts-Heaven_BAD,classified
sd_card_content/badusb_extra_payloads/_unclassified/Bruce-Scripts-Heaven_BAD/_precisa_edicao_manual/depende_de_extension/Exploit_Citrix_NetScaler_ADC_and_Gateway_through_CVE-2023-4966/payload.txt,badusb,_unclassified,Bruce-Scripts-Heaven_BAD,classified-unmatched
sd_card_content/badusb_extra_payloads/_unclassified/Bruce-Scripts-Heaven_BAD/_precisa_edicao_manual/depende_de_extension/Example_Payloads/konami_cave.txt,badusb,_unclassified,Bruce-Scripts-Heaven_BAD,classified-unmatched
sd_card_content/badusb_extra_payloads/_unclassified/Bruce-Scripts-Heaven_BAD/_precisa_edicao_manual/depende_de_extension/Example_Payloads/payload_menu.txt,badusb,_unclassified,Bruce-Scripts-Heaven_BAD,classified-unmatched
sd_card_content/badusb_extra_payloads/data_exfiltration/Win/directly_ready/Bruce-Scripts-Heaven_BAD/_precisa_edicao_manual/depende_de_extension/Proton-Hog/payload.txt,badusb,data_exfiltration,Bruce-Scripts-Heaven_BAD,classified
sd_card_content/badusb_extra_payloads/_unclassified/Bruce-Scripts-Heaven_BAD/_precisa_edicao_manual/depende_de_extension/Disable_WiFi-MacOS/payload.txt,badusb,_unclassified,Bruce-Scripts-Heaven_BAD,classified-unmatched
sd_card_content/badusb_extra_payloads/utilities/Win/configuration_needed/Bruce-Scripts-Heaven_BAD/_precisa_edicao_manual/depende_de_extension/Multi_HID_The-Penny-Drops/Payload.txt,badusb,utilities,Bruce-Scripts-Heaven_BAD,classified
sd_card_content/badusb_extra_payloads/prank/Unix-like/Linux/directly_ready/Bruce-Scripts-Heaven_BAD/_precisa_edicao_manual/depende_de_extension/SendTelegramMessages_Linux/payload.txt,badusb,prank,Bruce-Scripts-Heaven_BAD,classified
sd_card_content/badusb_extra_payloads/data_exfiltration/Win/configuration_needed/Bruce-Scripts-Heaven_BAD/_precisa_edicao_manual/depende_de_extension/Create_And_Exfiltrate_A_Webhook_Of_Discord/payload.txt,badusb,data_exfiltration,Bruce-Scripts-Heaven_BAD,classified
sd_card_content/badusb_extra_payloads/data_exfiltration/Unix-like/Linux/directly_ready/Bruce-Scripts-Heaven_BAD/_precisa_edicao_manual/depende_de_extension/ExfiltrateProcessInfo_Linux/payload.txt,badusb,data_exfiltration,Bruce-Scripts-Heaven_BAD,classified
sd_card_content/badusb_extra_payloads/data_exfiltration/Win/configuration_needed/Bruce-Scripts-Heaven_BAD/_precisa_edicao_manual/depende_de_extension/ntlm_exfiltration/payload.txt,badusb,data_exfiltration,Bruce-Scripts-Heaven_BAD,classified
sd_card_content/badusb_extra_payloads/data_exfiltration/Win/configuration_needed/Bruce-Scripts-Heaven_BAD/_precisa_edicao_manual/depende_de_extension/Tree_structure_of_the_operating_system/payload.txt,badusb,data_exfiltration,Bruce-Scripts-Heaven_BAD,classified
sd_card_content/badusb_extra_payloads/_unclassified/Bruce-Scripts-Heaven_BAD/_precisa_edicao_manual/depende_de_extension/Variables/VAR-example1.txt,badusb,_unclassified,Bruce-Scripts-Heaven_BAD,classified-unmatched
sd_card_content/badusb_extra_payloads/_unclassified/Bruce-Scripts-Heaven_BAD/_precisa_edicao_manual/depende_de_extension/onemillioncheckboxes_checker/payload.txt,badusb,_unclassified,Bruce-Scripts-Heaven_BAD,classified-unmatched
sd_card_content/badusb_extra_payloads/_unclassified/Bruce-Scripts-Heaven_BAD/_precisa_edicao_manual/depende_de_extension/ChangeMacAddress_Linux/payload.txt,badusb,_unclassified,Bruce-Scripts-Heaven_BAD,classified-unmatched
sd_card_content/badusb_extra_payloads/discovery/Win/configuration_needed/Bruce-Scripts-Heaven_BAD/_precisa_edicao_manual/depende_de_extension/Win_Get-TrustedInstaller/payload.txt,badusb,discovery,Bruce-Scripts-Heaven_BAD,classified
sd_card_content/badusb_extra_payloads/_unclassified/Bruce-Scripts-Heaven_BAD/_precisa_edicao_manual/depende_de_extension/WifiProfileExtractor/payload.txt,badusb,_unclassified,Bruce-Scripts-Heaven_BAD,classified-unmatched
sd_card_content/badusb_extra_payloads/_unclassified/Bruce-Scripts-Heaven_BAD/_precisa_edicao_manual/depende_de_extension/os_detect/os_detect.txt,badusb,_unclassified,Bruce-Scripts-Heaven_BAD,classified-unmatched
sd_card_content/badusb_extra_payloads/data_exfiltration/Win/directly_ready/Bruce-Scripts-Heaven_BAD/_precisa_edicao_manual/depende_de_extension/exfiltration/Exfiltration-example2.txt,badusb,data_exfiltration,Bruce-Scripts-Heaven_BAD,classified
sd_card_content/badusb_extra_payloads/data_exfiltration/Win/directly_ready/Bruce-Scripts-Heaven_BAD/_precisa_edicao_manual/depende_de_extension/ExfiltrateCloudCreds/payload.txt,badusb,data_exfiltration,Bruce-Scripts-Heaven_BAD,classified
sd_card_content/badusb_extra_payloads/_unclassified/Bruce-Scripts-Heaven_BAD/_precisa_edicao_manual/depende_de_extension/Duckie-Harvest/payload.txt,badusb,_unclassified,Bruce-Scripts-Heaven_BAD,classified-unmatched
sd_card_content/badusb_extra_payloads/data_exfiltration/Win/directly_ready/Bruce-Scripts-Heaven_BAD/_precisa_edicao_manual/depende_de_extension/atomiczsec-BadUSB/RubberDucky/payloads/Priv-Paths/payload.txt,badusb,data_exfiltration,Bruce-Scripts-Heaven_BAD,classified
sd_card_content/badusb_extra_payloads/_unclassified/Bruce-Scripts-Heaven_BAD/_precisa_edicao_manual/depende_de_extension/ChangeNetworkConfiguration_Linux/payload.txt,badusb,_unclassified,Bruce-Scripts-Heaven_BAD,classified-unmatched
sd_card_content/badusb_extra_payloads/_unclassified/Bruce-Scripts-Heaven_BAD/_precisa_edicao_manual/depende_de_extension/Firewall_Deactivator/payload.txt,badusb,_unclassified,Bruce-Scripts-Heaven_BAD,classified-unmatched
sd_card_content/badusb_extra_payloads/remote_access/Unix-like/Linux/configuration_needed/Bruce-Scripts-Heaven_BAD/_precisa_edicao_manual/depende_de_extension/Persistent_Reverse_Shell-Telegram_Based/payload.txt,badusb,remote_access,Bruce-Scripts-Heaven_BAD,classified
sd_card_content/badusb_extra_payloads/collection/Win/configuration_needed/Bruce-Scripts-Heaven_BAD/_precisa_edicao_manual/depende_de_extension/Exfiltrate Computer Screenshots/payload.txt,badusb,collection,Bruce-Scripts-Heaven_BAD,classified
sd_card_content/badusb_extra_payloads/prank/Win/configuration_needed/Bruce-Scripts-Heaven_BAD/_precisa_edicao_manual/depende_de_extension/PlayASongThroughSpotify_Windows/payload.txt,badusb,prank,Bruce-Scripts-Heaven_BAD,classified
sd_card_content/badusb_extra_payloads/_unclassified/Bruce-Scripts-Heaven_BAD/_precisa_edicao_manual/depende_de_extension/Kill-Explorer/Kill-Explorer.txt,badusb,_unclassified,Bruce-Scripts-Heaven_BAD,classified-unmatched
sd_card_content/badusb_extra_payloads/prank/iOS/configuration_needed/Bruce-Scripts-Heaven_BAD/_precisa_edicao_manual/depende_de_extension/RickRoll-Contact-iOS/payload.txt,badusb,prank,Bruce-Scripts-Heaven_BAD,classified
sd_card_content/badusb_extra_payloads/data_exfiltration/Unix-like/Linux/configuration_needed/Bruce-Scripts-Heaven_BAD/_precisa_edicao_manual/depende_de_extension/ExfiltrateNetworkTraffic_Linux/payload.txt,badusb,data_exfiltration,Bruce-Scripts-Heaven_BAD,classified
sd_card_content/badusb_extra_payloads/data_exfiltration/Win/configuration_needed/Bruce-Scripts-Heaven_BAD/_precisa_edicao_manual/depende_de_extension/FileHunter/payload.txt,badusb,data_exfiltration,Bruce-Scripts-Heaven_BAD,classified
sd_card_content/badusb_extra_payloads/data_exfiltration/Win/configuration_needed/Bruce-Scripts-Heaven_BAD/_precisa_edicao_manual/depende_de_extension/WiFi-Passwords-Exfiltration-Via-SCP/Payload.txt,badusb,data_exfiltration,Bruce-Scripts-Heaven_BAD,classified
sd_card_content/badusb_extra_payloads/data_exfiltration/Win/configuration_needed/Bruce-Scripts-Heaven_BAD/_precisa_edicao_manual/depende_de_extension/SamDumpDucky/payload.txt,badusb,data_exfiltration,Bruce-Scripts-Heaven_BAD,classified
sd_card_content/badusb_extra_payloads/destruction/Win/directly_ready/Bruce-Scripts-Heaven_BAD/_precisa_edicao_manual/depende_de_extension/ProtonVPN-config/payload.txt,badusb,destruction,Bruce-Scripts-Heaven_BAD,classified
sd_card_content/badusb_extra_payloads/_unclassified/Bruce-Scripts-Heaven_BAD/_precisa_edicao_manual/depende_de_extension/Open_Link/payload.txt,badusb,_unclassified,Bruce-Scripts-Heaven_BAD,classified-unmatched
sd_card_content/badusb_extra_payloads/_unclassified/Bruce-Scripts-Heaven_BAD/_precisa_edicao_manual/depende_de_extension/WhatsappMessageSender/payload.txt,badusb,_unclassified,Bruce-Scripts-Heaven_BAD,classified-unmatched
sd_card_content/badusb_extra_payloads/destruction/Win/directly_ready/Bruce-Scripts-Heaven_BAD/_precisa_edicao_manual/depende_de_extension/CloseAllApplicationsInWindows/payload.txt,badusb,destruction,Bruce-Scripts-Heaven_BAD,classified
sd_card_content/badusb_extra_payloads/_unclassified/Bruce-Scripts-Heaven_BAD/_precisa_edicao_manual/depende_de_extension/Change_Windows_User_Name/payload.txt,badusb,_unclassified,Bruce-Scripts-Heaven_BAD,classified-unmatched
sd_card_content/badusb_extra_payloads/_unclassified/Bruce-Scripts-Heaven_BAD/_precisa_edicao_manual/depende_de_extension/Edit_The_Default_Real_App_With_An_Arbitrary/payload.txt,badusb,_unclassified,Bruce-Scripts-Heaven_BAD,classified-unmatched
sd_card_content/badusb_extra_payloads/_unclassified/Bruce-Scripts-Heaven_BAD/_precisa_edicao_manual/depende_de_extension/Call_Someone_On_An_iPhone/payload.txt,badusb,_unclassified,Bruce-Scripts-Heaven_BAD,classified-unmatched
sd_card_content/badusb_extra_payloads/_unclassified/Bruce-Scripts-Heaven_BAD/_precisa_edicao_manual/depende_de_extension/button_deploy/button_deploy.txt,badusb,_unclassified,Bruce-Scripts-Heaven_BAD,classified-unmatched
sd_card_content/badusb_extra_payloads/remote_access/Win/configuration_needed/Bruce-Scripts-Heaven_BAD/_precisa_edicao_manual/depende_de_extension/Discord-CLI/Discord-CLI-Hidden.txt,badusb,remote_access,Bruce-Scripts-Heaven_BAD,classified
sd_card_content/badusb_extra_payloads/remote_access/Win/configuration_needed/Bruce-Scripts-Heaven_BAD/_precisa_edicao_manual/depende_de_extension/Discord-CLI/Discord-CLI.txt,badusb,remote_access,Bruce-Scripts-Heaven_BAD,classified
sd_card_content/badusb_extra_payloads/_unclassified/Bruce-Scripts-Heaven_BAD/_precisa_edicao_manual/depende_de_extension/hello_os/hello_os.txt,badusb,_unclassified,Bruce-Scripts-Heaven_BAD,classified-unmatched
sd_card_content/badusb_extra_payloads/_unclassified/Bruce-Scripts-Heaven_BAD/_precisa_edicao_manual/depende_de_extension/SendEmailThroughThunderbird/payload.txt,badusb,_unclassified,Bruce-Scripts-Heaven_BAD,classified-unmatched
sd_card_content/badusb_extra_payloads/destruction/Unix-like/Linux/configuration_needed/Bruce-Scripts-Heaven_BAD/_precisa_edicao_manual/depende_de_extension/edit2exfil/payload.txt,badusb,destruction,Bruce-Scripts-Heaven_BAD,classified
sd_card_content/badusb_extra_payloads/data_exfiltration/Unix-like/macOS/configuration_needed/Bruce-Scripts-Heaven_BAD/_precisa_edicao_manual/depende_de_extension/Exfiltrate-Mac-Address-MacOS/payload.txt,badusb,data_exfiltration,Bruce-Scripts-Heaven_BAD,classified
sd_card_content/badusb_extra_payloads/prank/Win/configuration_needed/Bruce-Scripts-Heaven_BAD/_precisa_edicao_manual/depende_de_extension/Try_To_Catch_Me/payload.txt,badusb,prank,Bruce-Scripts-Heaven_BAD,classified
sd_card_content/badusb_extra_payloads/_unclassified/Bruce-Scripts-Heaven_BAD/_precisa_edicao_manual/depende_de_extension/Add_An_Excepiton_To_Avast_Antivirus/payload.txt,badusb,_unclassified,Bruce-Scripts-Heaven_BAD,classified-unmatched
sd_card_content/badusb_extra_payloads/destruction/Unix-like/Linux/configuration_needed/Bruce-Scripts-Heaven_BAD/_precisa_edicao_manual/depende_de_extension/Brave_Breacher/Brave_Breacher.txt,badusb,destruction,Bruce-Scripts-Heaven_BAD,classified
sd_card_content/badusb_extra_payloads/_unclassified/Bruce-Scripts-Heaven_BAD/_precisa_edicao_manual/depende_de_extension/Edit_A_Reminder_On_An_iPhone/payload.txt,badusb,_unclassified,Bruce-Scripts-Heaven_BAD,classified-unmatched
sd_card_content/badusb_extra_payloads/destruction/Win/configuration_needed/Bruce-Scripts-Heaven_BAD/_precisa_edicao_manual/depende_de_extension/Disable_Windows_Defender22H2/Disable_Windows_Defender.txt,badusb,destruction,Bruce-Scripts-Heaven_BAD,classified
sd_card_content/badusb_extra_payloads/prank/Win/configuration_needed/Bruce-Scripts-Heaven_BAD/_precisa_edicao_manual/depende_de_extension/Prank_In_The_Middle_Thunderbird/payload.txt,badusb,prank,Bruce-Scripts-Heaven_BAD,classified
sd_card_content/badusb_extra_payloads/data_exfiltration/Unix-like/macOS/configuration_needed/Bruce-Scripts-Heaven_BAD/_precisa_edicao_manual/depende_de_extension/ExfiltrateSSHKeys/payload.txt,badusb,data_exfiltration,Bruce-Scripts-Heaven_BAD,classified
sd_card_content/badusb_extra_payloads/data_exfiltration/Unix-like/Linux/configuration_needed/Bruce-Scripts-Heaven_BAD/_precisa_edicao_manual/depende_de_extension/Lin_ICMP-Data-Exfiltration/payload.txt,badusb,data_exfiltration,Bruce-Scripts-Heaven_BAD,classified
sd_card_content/badusb_extra_payloads/data_exfiltration/Win/configuration_needed/Bruce-Scripts-Heaven_BAD/_precisa_edicao_manual/depende_de_extension/Export_all_saved_certificates_with_Adobe_Reader/payload.txt,badusb,data_exfiltration,Bruce-Scripts-Heaven_BAD,classified
sd_card_content/badusb_extra_payloads/prank/Win/configuration_needed/Bruce-Scripts-Heaven_BAD/_precisa_edicao_manual/depende_de_extension/EternalLock/payload.txt,badusb,prank,Bruce-Scripts-Heaven_BAD,classified
sd_card_content/badusb_extra_payloads/data_exfiltration/Win/configuration_needed/Bruce-Scripts-Heaven_BAD/_precisa_edicao_manual/depende_de_extension/Tests/test-suite.txt,badusb,data_exfiltration,Bruce-Scripts-Heaven_BAD,classified
sd_card_content/badusb_extra_payloads/_unclassified/Bruce-Scripts-Heaven_BAD/_precisa_edicao_manual/depende_de_extension/Multi_HID_HeyGotAnyGrapes/payload.txt,badusb,_unclassified,Bruce-Scripts-Heaven_BAD,classified-unmatched
sd_card_content/badusb_extra_payloads/defense_evasion/Win/configuration_needed/Bruce-Scripts-Heaven_BAD/_precisa_edicao_manual/depende_de_extension/The-Perfect-Stealthy-Payload/payload.txt,badusb,defense_evasion,Bruce-Scripts-Heaven_BAD,classified
sd_card_content/badusb_extra_payloads/data_exfiltration/Unix-like/Linux/directly_ready/Bruce-Scripts-Heaven_BAD/_precisa_edicao_manual/depende_de_extension/ExfiltrateWiFiPasswords_Linux/payload.txt,badusb,data_exfiltration,Bruce-Scripts-Heaven_BAD,classified
sd_card_content/badusb_extra_payloads/prank/Unix-like/Linux/configuration_needed/Bruce-Scripts-Heaven_BAD/_precisa_edicao_manual/depende_de_extension/This_damn_shell_doesn_t_work___so_sad!/payload.txt,badusb,prank,Bruce-Scripts-Heaven_BAD,classified
sd_card_content/badusb_extra_payloads/utilities/Android/configuration_needed/Bruce-Scripts-Heaven_BAD/_precisa_edicao_manual/depende_de_extension/Android_HID_BruteForceCode/BruteForce4.txt,badusb,utilities,Bruce-Scripts-Heaven_BAD,classified
sd_card_content/badusb_extra_payloads/utilities/Android/configuration_needed/Bruce-Scripts-Heaven_BAD/_precisa_edicao_manual/depende_de_extension/Android_HID_BruteForceCode/BruteForce4Backspace.txt,badusb,utilities,Bruce-Scripts-Heaven_BAD,classified
sd_card_content/badusb_extra_payloads/data_exfiltration/Win/configuration_needed/Bruce-Scripts-Heaven_BAD/_precisa_edicao_manual/depende_de_extension/Dump_Windows_Memory_Through_ProcDump/payload.txt,badusb,data_exfiltration,Bruce-Scripts-Heaven_BAD,classified
sd_card_content/badusb_extra_payloads/prank/Win/configuration_needed/Bruce-Scripts-Heaven_BAD/_precisa_edicao_manual/depende_de_extension/Pranh(ex)/payload.txt,badusb,prank,Bruce-Scripts-Heaven_BAD,classified
sd_card_content/badusb_extra_payloads/data_exfiltration/Unix-like/Linux/configuration_needed/Bruce-Scripts-Heaven_BAD/_precisa_edicao_manual/depende_de_extension/linux_hid_exfil/linux_hid_exfil.txt,badusb,data_exfiltration,Bruce-Scripts-Heaven_BAD,classified
sd_card_content/badusb_extra_payloads/data_exfiltration/Win/directly_ready/Bruce-Scripts-Heaven_BAD/_precisa_edicao_manual/depende_de_extension/3_Payload_Menu/payload.txt,badusb,data_exfiltration,Bruce-Scripts-Heaven_BAD,classified
sd_card_content/badusb_extra_payloads/prank/Win/configuration_needed/Bruce-Scripts-Heaven_BAD/_precisa_edicao_manual/depende_de_extension/omg-payloads-master/payloads/library/execution/SendSignalMessages/payload.txt,badusb,prank,Bruce-Scripts-Heaven_BAD,classified
sd_card_content/badusb_extra_payloads/_unclassified/Bruce-Scripts-Heaven_BAD/_precisa_edicao_manual/depende_de_extension/omg-payloads-master/payloads/library/execution/Telegram_Persistent_Connection_Linux/payload.txt,badusb,_unclassified,Bruce-Scripts-Heaven_BAD,classified-unmatched
sd_card_content/badusb_extra_payloads/_unclassified/Bruce-Scripts-Heaven_BAD/_precisa_edicao_manual/depende_de_extension/omg-payloads-master/payloads/library/execution/Change_the_password_of_the_windows_user/payload.txt,badusb,_unclassified,Bruce-Scripts-Heaven_BAD,classified-unmatched
sd_card_content/badusb_extra_payloads/prank/Win/configuration_needed/Bruce-Scripts-Heaven_BAD/_precisa_edicao_manual/depende_de_extension/omg-payloads-master/payloads/library/execution/SendMessagesInTeams/payload.txt,badusb,prank,Bruce-Scripts-Heaven_BAD,classified
sd_card_content/badusb_extra_payloads/_unclassified/Bruce-Scripts-Heaven_BAD/_precisa_edicao_manual/depende_de_extension/omg-payloads-master/payloads/library/execution/Send_Messages_In_Discord_Channel-Server/payload.txt,badusb,_unclassified,Bruce-Scripts-Heaven_BAD,classified-unmatched
sd_card_content/badusb_extra_payloads/defense_evasion/Win/configuration_needed/Bruce-Scripts-Heaven_BAD/_precisa_edicao_manual/depende_de_extension/omg-payloads-master/payloads/library/execution/bypass-buddy/payload.txt,badusb,defense_evasion,Bruce-Scripts-Heaven_BAD,classified
sd_card_content/badusb_extra_payloads/_unclassified/Bruce-Scripts-Heaven_BAD/_precisa_edicao_manual/depende_de_extension/omg-payloads-master/payloads/library/execution/Set_An_Arbitrary_And_Persistent_Tor_Circuit-Linux/payload.txt,badusb,_unclassified,Bruce-Scripts-Heaven_BAD,classified-unmatched
sd_card_content/badusb_extra_payloads/_unclassified/Bruce-Scripts-Heaven_BAD/_precisa_edicao_manual/depende_de_extension/omg-payloads-master/payloads/library/execution/Set_Tor_Bridge_In_Windows/payload.txt,badusb,_unclassified,Bruce-Scripts-Heaven_BAD,classified-unmatched
sd_card_content/badusb_extra_payloads/utilities/Unix-like/Linux/configuration_needed/Bruce-Scripts-Heaven_BAD/_precisa_edicao_manual/depende_de_extension/omg-payloads-master/payloads/library/execution/run-command-as-root_without-sudo-password/payload.txt,badusb,utilities,Bruce-Scripts-Heaven_BAD,classified
sd_card_content/badusb_extra_payloads/_unclassified/Bruce-Scripts-Heaven_BAD/_precisa_edicao_manual/depende_de_extension/omg-payloads-master/payloads/library/execution/Uninstall_A_Specific_App_On_Windows_Through_Control_Panel/payload.txt,badusb,_unclassified,Bruce-Scripts-Heaven_BAD,classified-unmatched
sd_card_content/badusb_extra_payloads/_unclassified/Bruce-Scripts-Heaven_BAD/_precisa_edicao_manual/depende_de_extension/omg-payloads-master/payloads/library/execution/Set_An_Arbitrary_DNS-IPv4_version/payload.txt,badusb,_unclassified,Bruce-Scripts-Heaven_BAD,classified-unmatched
sd_card_content/badusb_extra_payloads/prank/Unix-like/Linux/configuration_needed/Bruce-Scripts-Heaven_BAD/_precisa_edicao_manual/depende_de_extension/omg-payloads-master/payloads/library/execution/SendTelegramMessages_Linux/payload.txt,badusb,prank,Bruce-Scripts-Heaven_BAD,classified
sd_card_content/badusb_extra_payloads/_unclassified/Bruce-Scripts-Heaven_BAD/_precisa_edicao_manual/depende_de_extension/omg-payloads-master/payloads/library/execution/ChangeMacAddress_Linux/payload.txt,badusb,_unclassified,Bruce-Scripts-Heaven_BAD,classified-unmatched
sd_card_content/badusb_extra_payloads/_unclassified/Bruce-Scripts-Heaven_BAD/_precisa_edicao_manual/depende_de_extension/omg-payloads-master/payloads/library/execution/ChangeNetworkConfiguration_Linux/payload.txt,badusb,_unclassified,Bruce-Scripts-Heaven_BAD,classified-unmatched
sd_card_content/badusb_extra_payloads/_unclassified/Bruce-Scripts-Heaven_BAD/_precisa_edicao_manual/depende_de_extension/omg-payloads-master/payloads/library/execution/Windows11_CommandPrompt_Downgrade/payload.txt,badusb,_unclassified,Bruce-Scripts-Heaven_BAD,classified-unmatched
sd_card_content/badusb_extra_payloads/destruction/Win/directly_ready/Bruce-Scripts-Heaven_BAD/_precisa_edicao_manual/depende_de_extension/omg-payloads-master/payloads/library/execution/CloseAllApplicationsInWindows/payload.txt,badusb,destruction,Bruce-Scripts-Heaven_BAD,classified
sd_card_content/badusb_extra_payloads/_unclassified/Bruce-Scripts-Heaven_BAD/_precisa_edicao_manual/depende_de_extension/omg-payloads-master/payloads/library/execution/Change_Windows_User_Name/payload.txt,badusb,_unclassified,Bruce-Scripts-Heaven_BAD,classified-unmatched
sd_card_content/badusb_extra_payloads/_unclassified/Bruce-Scripts-Heaven_BAD/_precisa_edicao_manual/depende_de_extension/omg-payloads-master/payloads/library/execution/Edit_The_Default_Real_App_With_An_Arbitrary/payload.txt,badusb,_unclassified,Bruce-Scripts-Heaven_BAD,classified-unmatched
sd_card_content/badusb_extra_payloads/_unclassified/Bruce-Scripts-Heaven_BAD/_precisa_edicao_manual/depende_de_extension/omg-payloads-master/payloads/library/execution/SendEmailThroughThunderbird/payload.txt,badusb,_unclassified,Bruce-Scripts-Heaven_BAD,classified-unmatched
sd_card_content/badusb_extra_payloads/_unclassified/Bruce-Scripts-Heaven_BAD/_precisa_edicao_manual/depende_de_extension/omg-payloads-master/payloads/library/execution/Add_An_Excepiton_To_Avast_Antivirus/payload.txt,badusb,_unclassified,Bruce-Scripts-Heaven_BAD,classified-unmatched
sd_card_content/badusb_extra_payloads/destruction/Win/configuration_needed/Bruce-Scripts-Heaven_BAD/_precisa_edicao_manual/depende_de_extension/omg-payloads-master/payloads/library/execution/Set_An_Arbitrary_And_Persistent_Tor_Circuit-Windows/payload.txt,badusb,destruction,Bruce-Scripts-Heaven_BAD,classified
sd_card_content/badusb_extra_payloads/_unclassified/Bruce-Scripts-Heaven_BAD/_precisa_edicao_manual/depende_de_extension/omg-payloads-master/payloads/library/execution/Stop_A_Single_Process_In_Windows/payload.txt,badusb,_unclassified,Bruce-Scripts-Heaven_BAD,classified-unmatched
sd_card_content/badusb_extra_payloads/prank/iOS/directly_ready/Bruce-Scripts-Heaven_BAD/_precisa_edicao_manual/depende_de_extension/omg-payloads-master/payloads/library/mobile/ios/iOS-Contact-Flood-Prank/payload.txt,badusb,prank,Bruce-Scripts-Heaven_BAD,classified
sd_card_content/badusb_extra_payloads/_unclassified/Bruce-Scripts-Heaven_BAD/_precisa_edicao_manual/depende_de_extension/omg-payloads-master/payloads/library/mobile/ios/iOS-Snapchat-Add-Friend/payload.txt,badusb,_unclassified,Bruce-Scripts-Heaven_BAD,classified-unmatched
sd_card_content/badusb_extra_payloads/_unclassified/Bruce-Scripts-Heaven_BAD/_precisa_edicao_manual/depende_de_extension/omg-payloads-master/payloads/library/mobile/ios/iOS-Call-Phone-Number/payload.txt,badusb,_unclassified,Bruce-Scripts-Heaven_BAD,classified-unmatched
sd_card_content/badusb_extra_payloads/data_exfiltration/Unix-like/Linux/configuration_needed/Bruce-Scripts-Heaven_BAD/_precisa_edicao_manual/depende_de_extension/omg-payloads-master/payloads/library/exfiltration/ExfiltrateNetworkConfiguration_Linux/payload.txt,badusb,data_exfiltration,Bruce-Scripts-Heaven_BAD,classified
sd_card_content/badusb_extra_payloads/data_exfiltration/Win/configuration_needed/Bruce-Scripts-Heaven_BAD/_precisa_edicao_manual/depende_de_extension/omg-payloads-master/payloads/library/exfiltration/Exfiltrates_the_entire_database_of_the_Notion_client/payload.txt,badusb,data_exfiltration,Bruce-Scripts-Heaven_BAD,classified
sd_card_content/badusb_extra_payloads/data_exfiltration/Unix-like/Linux/configuration_needed/Bruce-Scripts-Heaven_BAD/_precisa_edicao_manual/depende_de_extension/omg-payloads-master/payloads/library/exfiltration/ExfiltratePhotosThroughShell/payload.txt,badusb,data_exfiltration,Bruce-Scripts-Heaven_BAD,classified
sd_card_content/badusb_extra_payloads/data_exfiltration/Win/configuration_needed/Bruce-Scripts-Heaven_BAD/_precisa_edicao_manual/depende_de_extension/omg-payloads-master/payloads/library/exfiltration/Export_Cookies_From_Firefox/payload.txt,badusb,data_exfiltration,Bruce-Scripts-Heaven_BAD,classified
sd_card_content/badusb_extra_payloads/data_exfiltration/Win/configuration_needed/Bruce-Scripts-Heaven_BAD/_precisa_edicao_manual/depende_de_extension/omg-payloads-master/payloads/library/exfiltration/Exports_all_the_links_of_the_downloads/payload.txt,badusb,data_exfiltration,Bruce-Scripts-Heaven_BAD,classified
sd_card_content/badusb_extra_payloads/data_exfiltration/Win/configuration_needed/Bruce-Scripts-Heaven_BAD/_precisa_edicao_manual/depende_de_extension/omg-payloads-master/payloads/library/exfiltration/Create_And_Exfiltrate_A_Webhook_Of_Discord/payload.txt,badusb,data_exfiltration,Bruce-Scripts-Heaven_BAD,classified
sd_card_content/badusb_extra_payloads/data_exfiltration/Win/directly_ready/Bruce-Scripts-Heaven_BAD/_precisa_edicao_manual/depende_de_extension/omg-payloads-master/payloads/library/exfiltration/Network-Panther/payload.txt,badusb,data_exfiltration,Bruce-Scripts-Heaven_BAD,classified
sd_card_content/badusb_extra_payloads/data_exfiltration/Unix-like/Linux/configuration_needed/Bruce-Scripts-Heaven_BAD/_precisa_edicao_manual/depende_de_extension/omg-payloads-master/payloads/library/exfiltration/ExfiltrateProcessInfo_Linux/payload.txt,badusb,data_exfiltration,Bruce-Scripts-Heaven_BAD,classified
sd_card_content/badusb_extra_payloads/data_exfiltration/Win/configuration_needed/Bruce-Scripts-Heaven_BAD/_precisa_edicao_manual/depende_de_extension/omg-payloads-master/payloads/library/exfiltration/Tree_structure_of_the_operating_system/payload.txt,badusb,data_exfiltration,Bruce-Scripts-Heaven_BAD,classified
sd_card_content/badusb_extra_payloads/data_exfiltration/Win/directly_ready/Bruce-Scripts-Heaven_BAD/_precisa_edicao_manual/depende_de_extension/omg-payloads-master/payloads/library/exfiltration/Doc-Hog/payload.txt,badusb,data_exfiltration,Bruce-Scripts-Heaven_BAD,classified
sd_card_content/badusb_extra_payloads/data_exfiltration/Win/configuration_needed/Bruce-Scripts-Heaven_BAD/_precisa_edicao_manual/depende_de_extension/omg-payloads-master/payloads/library/exfiltration/Export_all_saved_certificates_with_Adobe_Reader/payload.txt,badusb,data_exfiltration,Bruce-Scripts-Heaven_BAD,classified
sd_card_content/badusb_extra_payloads/data_exfiltration/Win/configuration_needed/Bruce-Scripts-Heaven_BAD/_precisa_edicao_manual/depende_de_extension/omg-payloads-master/payloads/library/exfiltration/Exfiltrate_Windows_Product_Key/payload.txt,badusb,data_exfiltration,Bruce-Scripts-Heaven_BAD,classified
sd_card_content/badusb_extra_payloads/data_exfiltration/Unix-like/Linux/configuration_needed/Bruce-Scripts-Heaven_BAD/_precisa_edicao_manual/depende_de_extension/omg-payloads-master/payloads/library/exfiltration/ExfiltrateLinuxLogFiles/payload.txt,badusb,data_exfiltration,Bruce-Scripts-Heaven_BAD,classified
sd_card_content/badusb_extra_payloads/social_engineering/Unix-like/Linux/configuration_needed/Bruce-Scripts-Heaven_BAD/_precisa_edicao_manual/depende_de_extension/omg-payloads-master/payloads/library/exfiltration/ExfiltrateSudoPasswordByPhishing_Linux/payload.txt,badusb,social_engineering,Bruce-Scripts-Heaven_BAD,classified
sd_card_content/badusb_extra_payloads/data_exfiltration/Win/directly_ready/Bruce-Scripts-Heaven_BAD/_precisa_edicao_manual/depende_de_extension/omg-payloads-master/payloads/library/exfiltration/Windows-netstat/payload.txt,badusb,data_exfiltration,Bruce-Scripts-Heaven_BAD,classified
sd_card_content/badusb_extra_payloads/data_exfiltration/Unix-like/Linux/configuration_needed/Bruce-Scripts-Heaven_BAD/_precisa_edicao_manual/depende_de_extension/omg-payloads-master/payloads/library/exfiltration/ExfiltrateLinuxContentWithDropbox/payload.txt,badusb,data_exfiltration,Bruce-Scripts-Heaven_BAD,classified
sd_card_content/badusb_extra_payloads/remote_access/iOS/configuration_needed/Bruce-Scripts-Heaven_BAD/_precisa_edicao_manual/depende_de_extension/omg-payloads-master/payloads/library/incident_response/Auto-Check_Cisco_IOS_XE_Backdoor_based_on_CVE-2023-20198_and_CVE/payload.txt,badusb,remote_access,Bruce-Scripts-Heaven_BAD,classified
sd_card_content/badusb_extra_payloads/_unclassified/Bruce-Scripts-Heaven_BAD/_precisa_edicao_manual/depende_de_extension/omg-payloads-master/payloads/library/incident_response/Exploit_Citrix_NetScaler_ADC_and_Gateway_through_CVE-2023-4966/gnu-linux_payload.txt,badusb,_unclassified,Bruce-Scripts-Heaven_BAD,classified-unmatched
sd_card_content/badusb_extra_payloads/_unclassified/Bruce-Scripts-Heaven_BAD/_precisa_edicao_manual/depende_de_extension/omg-payloads-master/payloads/library/incident_response/Exploit_Citrix_NetScaler_ADC_and_Gateway_through_CVE-2023-4966/windows-payload.txt,badusb,_unclassified,Bruce-Scripts-Heaven_BAD,classified-unmatched
sd_card_content/badusb_extra_payloads/social_engineering/Unix-like/Linux/configuration_needed/Bruce-Scripts-Heaven_BAD/_precisa_edicao_manual/depende_de_extension/omg-payloads-master/payloads/library/phishing/ExfiltrateEmailAndPasswordByPhising_Linux/payload.txt,badusb,social_engineering,Bruce-Scripts-Heaven_BAD,classified
sd_card_content/badusb_extra_payloads/social_engineering/Unix-like/Linux/directly_ready/Bruce-Scripts-Heaven_BAD/_precisa_edicao_manual/depende_de_extension/omg-payloads-master/payloads/library/phishing/StandardPhishingPayloadUsingKdialog_Linux/payload.txt,badusb,social_engineering,Bruce-Scripts-Heaven_BAD,classified
sd_card_content/badusb_extra_payloads/social_engineering/Unix-like/Linux/configuration_needed/Bruce-Scripts-Heaven_BAD/_precisa_edicao_manual/depende_de_extension/omg-payloads-master/payloads/library/phishing/StandardPhishingCampaign_Linux/payload.txt,badusb,social_engineering,Bruce-Scripts-Heaven_BAD,classified
sd_card_content/badusb_extra_payloads/remote_access/Win/configuration_needed/Bruce-Scripts-Heaven_BAD/_precisa_edicao_manual/depende_de_extension/omg-payloads-master/payloads/library/remote_access/RemoteDeskCable/payload.txt,badusb,remote_access,Bruce-Scripts-Heaven_BAD,classified
sd_card_content/badusb_extra_payloads/remote_access/Unix-like/Linux/configuration_needed/Bruce-Scripts-Heaven_BAD/_precisa_edicao_manual/depende_de_extension/omg-payloads-master/payloads/library/remote_access/ReverseCable/payload.txt,badusb,remote_access,Bruce-Scripts-Heaven_BAD,classified
sd_card_content/badusb_extra_payloads/prank/iOS/configuration_needed/Bruce-Scripts-Heaven_BAD/_precisa_edicao_manual/depende_de_extension/omg-payloads-master/payloads/library/prank/Play_A_Song_With_An_iPhone/payload.txt,badusb,prank,Bruce-Scripts-Heaven_BAD,classified
sd_card_content/badusb_extra_payloads/prank/Unix-like/Linux/configuration_needed/Bruce-Scripts-Heaven_BAD/_precisa_edicao_manual/depende_de_extension/omg-payloads-master/payloads/library/prank/Change-Gnome-wallpaper/payload.txt,badusb,prank,Bruce-Scripts-Heaven_BAD,classified
sd_card_content/badusb_extra_payloads/prank/Win/configuration_needed/Bruce-Scripts-Heaven_BAD/_precisa_edicao_manual/depende_de_extension/omg-payloads-master/payloads/library/prank/The_Mouse_Moves_By_Itself/payload.txt,badusb,prank,Bruce-Scripts-Heaven_BAD,classified
sd_card_content/badusb_extra_payloads/prank/Unix-like/Linux/configuration_needed/Bruce-Scripts-Heaven_BAD/_precisa_edicao_manual/depende_de_extension/omg-payloads-master/payloads/library/prank/ChangeDesktopWallpaper_LinuxKDE/payload.txt,badusb,prank,Bruce-Scripts-Heaven_BAD,classified
sd_card_content/badusb_extra_payloads/prank/Win/configuration_needed/Bruce-Scripts-Heaven_BAD/_precisa_edicao_manual/depende_de_extension/omg-payloads-master/payloads/library/prank/Full-ScreenBannerJoke/payload.txt,badusb,prank,Bruce-Scripts-Heaven_BAD,classified
sd_card_content/badusb_extra_payloads/prank/Win/configuration_needed/Bruce-Scripts-Heaven_BAD/_precisa_edicao_manual/depende_de_extension/omg-payloads-master/payloads/library/prank/Try_To_Catch_Me/payload.txt,badusb,prank,Bruce-Scripts-Heaven_BAD,classified
sd_card_content/badusb_extra_payloads/destruction/iOS/configuration_needed/Bruce-Scripts-Heaven_BAD/_precisa_edicao_manual/depende_de_extension/omg-payloads-master/payloads/library/prank/Delete_A_Reminder_With_An_iPhone/payload.txt,badusb,destruction,Bruce-Scripts-Heaven_BAD,classified
sd_card_content/badusb_extra_payloads/prank/iOS/configuration_needed/Bruce-Scripts-Heaven_BAD/_precisa_edicao_manual/depende_de_extension/omg-payloads-master/payloads/library/prank/Call_Someone_With_An_iPhone/payload.txt,badusb,prank,Bruce-Scripts-Heaven_BAD,classified
sd_card_content/badusb_extra_payloads/prank/Win/configuration_needed/Bruce-Scripts-Heaven_BAD/_precisa_edicao_manual/depende_de_extension/omg-payloads-master/payloads/library/prank/Follow_Someone_On_Instagram/payload.txt,badusb,prank,Bruce-Scripts-Heaven_BAD,classified
sd_card_content/badusb_extra_payloads/prank/iOS/configuration_needed/Bruce-Scripts-Heaven_BAD/_precisa_edicao_manual/depende_de_extension/omg-payloads-master/payloads/library/prank/Edit_A_Reminder_With_An_iPhone/payload.txt,badusb,prank,Bruce-Scripts-Heaven_BAD,classified
sd_card_content/badusb_extra_payloads/data_exfiltration/Win/configuration_needed/Bruce-Scripts-Heaven_BAD/_precisa_edicao_manual/depende_de_extension/Exfiltrate_Windows_Product_Key/payload.txt,badusb,data_exfiltration,Bruce-Scripts-Heaven_BAD,classified
sd_card_content/badusb_extra_payloads/collection/Win/configuration_needed/Bruce-Scripts-Heaven_BAD/_precisa_edicao_manual/depende_de_extension/Windows-Product-Key-Grabber/payload.txt,badusb,collection,Bruce-Scripts-Heaven_BAD,classified
sd_card_content/badusb_extra_payloads/prank/Win/configuration_needed/Bruce-Scripts-Heaven_BAD/_precisa_edicao_manual/depende_de_extension/Simple_PSH_Wallpaper_Changer/Payload.txt,badusb,prank,Bruce-Scripts-Heaven_BAD,classified
sd_card_content/badusb_extra_payloads/defense_evasion/Win/configuration_needed/Bruce-Scripts-Heaven_BAD/_precisa_edicao_manual/depende_de_extension/mr-robot_eXit/payload.txt,badusb,defense_evasion,Bruce-Scripts-Heaven_BAD,classified
sd_card_content/badusb_extra_payloads/data_exfiltration/Unix-like/Linux/directly_ready/Bruce-Scripts-Heaven_BAD/_precisa_edicao_manual/depende_de_extension/ExfiltrateLinuxLogFiles/payload.txt,badusb,data_exfiltration,Bruce-Scripts-Heaven_BAD,classified
sd_card_content/badusb_extra_payloads/remote_access/Unix-like/Linux/configuration_needed/Bruce-Scripts-Heaven_BAD/_precisa_edicao_manual/depende_de_extension/ReverseDucky/ReverseDucky.txt,badusb,remote_access,Bruce-Scripts-Heaven_BAD,classified
sd_card_content/badusb_extra_payloads/_unclassified/Bruce-Scripts-Heaven_BAD/_precisa_edicao_manual/depende_de_extension/Win_PoSH_PixelReflection/payload.txt,badusb,_unclassified,Bruce-Scripts-Heaven_BAD,classified-unmatched
sd_card_content/badusb_extra_payloads/prank/Unix-like/macOS/configuration_needed/Bruce-Scripts-Heaven_BAD/_precisa_edicao_manual/depende_de_extension/Send-WhatsApp-Messages-MacOS/payload.txt,badusb,prank,Bruce-Scripts-Heaven_BAD,classified
sd_card_content/badusb_extra_payloads/data_exfiltration/Unix-like/Linux/directly_ready/Bruce-Scripts-Heaven_BAD/_precisa_edicao_manual/depende_de_extension/Bash-History/payload.txt,badusb,data_exfiltration,Bruce-Scripts-Heaven_BAD,classified
sd_card_content/badusb_extra_payloads/prank/Win/configuration_needed/Bruce-Scripts-Heaven_BAD/_precisa_edicao_manual/depende_de_extension/Resolution_Prank/payload.txt,badusb,prank,Bruce-Scripts-Heaven_BAD,classified
sd_card_content/badusb_extra_payloads/collection/Win/configuration_needed/Bruce-Scripts-Heaven_BAD/_precisa_edicao_manual/depende_de_extension/System-Stealer/payload.txt,badusb,collection,Bruce-Scripts-Heaven_BAD,classified
sd_card_content/badusb_extra_payloads/_unclassified/Bruce-Scripts-Heaven_BAD/_precisa_edicao_manual/depende_de_extension/NTLM_ducky/payload.txt,badusb,_unclassified,Bruce-Scripts-Heaven_BAD,classified-unmatched
sd_card_content/badusb_extra_payloads/remote_access/iOS/configuration_needed/Bruce-Scripts-Heaven_BAD/_precisa_edicao_manual/depende_de_extension/Auto-Check_Cisco_IOS_XE_Backdoor_based_on_CVE-2023-20198_and_CVE-2023-20273/payload.txt,badusb,remote_access,Bruce-Scripts-Heaven_BAD,classified
sd_card_content/badusb_extra_payloads/_unclassified/Bruce-Scripts-Heaven_BAD/_precisa_edicao_manual/depende_de_extension/Defend_yourself_against_AtlasVPN_Bug-Door/payload.txt,badusb,_unclassified,Bruce-Scripts-Heaven_BAD,classified-unmatched
sd_card_content/badusb_extra_payloads/reconnaissance/Win/configuration_needed/Bruce-Scripts-Heaven_BAD/_precisa_edicao_manual/depende_de_extension/x-frame-options_scanner/payload.txt,badusb,reconnaissance,Bruce-Scripts-Heaven_BAD,classified
sd_card_content/badusb_extra_payloads/destruction/Win/directly_ready/Bruce-Scripts-Heaven_BAD/_precisa_edicao_manual/depende_de_extension/Windows-netstat/payload.txt,badusb,destruction,Bruce-Scripts-Heaven_BAD,classified
sd_card_content/badusb_extra_payloads/_unclassified/Bruce-Scripts-Heaven_BAD/_precisa_edicao_manual/depende_de_extension/DuckyCave-Game/payload.txt,badusb,_unclassified,Bruce-Scripts-Heaven_BAD,classified-unmatched
sd_card_content/badusb_extra_payloads/destruction/Win/configuration_needed/Bruce-Scripts-Heaven_BAD/_precisa_edicao_manual/depende_de_extension/self_destruct/self_destruct.txt,badusb,destruction,Bruce-Scripts-Heaven_BAD,classified
sd_card_content/badusb_extra_payloads/_unclassified/Bruce-Scripts-Heaven_BAD/_precisa_edicao_manual/depende_de_extension/Deshellerator/payload.txt,badusb,_unclassified,Bruce-Scripts-Heaven_BAD,classified-unmatched
sd_card_content/badusb_extra_payloads/_unclassified/Bruce-Scripts-Heaven_BAD/_precisa_edicao_manual/depende_de_extension/Follow_Someone_On_Instagram/payload.txt,badusb,_unclassified,Bruce-Scripts-Heaven_BAD,classified-unmatched
sd_card_content/badusb_extra_payloads/data_exfiltration/Win/configuration_needed/Bruce-Scripts-Heaven_BAD/_precisa_edicao_manual/depende_de_extension/WLAN-Windows-Passwords/v.2.0_by_truelockmc/payload.txt,badusb,data_exfiltration,Bruce-Scripts-Heaven_BAD,classified
sd_card_content/badusb_extra_payloads/data_exfiltration/Win/configuration_needed/Bruce-Scripts-Heaven_BAD/_precisa_edicao_manual/depende_de_extension/WLAN-Windows-Passwords/v.1.0_by_allef_github/payload.txt,badusb,data_exfiltration,Bruce-Scripts-Heaven_BAD,classified
sd_card_content/badusb_extra_payloads/prank/Unix-like/Linux/configuration_needed/Bruce-Scripts-Heaven_BAD/_precisa_edicao_manual/depende_de_extension/Change_The_App_That_Will_Be_Runned/payload.txt,badusb,prank,Bruce-Scripts-Heaven_BAD,classified
sd_card_content/badusb_extra_payloads/_unclassified/Bruce-Scripts-Heaven_BAD/_precisa_edicao_manual/depende_de_extension/USB-Poison/USB-Poison-Hidden.txt,badusb,_unclassified,Bruce-Scripts-Heaven_BAD,classified-unmatched
sd_card_content/badusb_extra_payloads/_unclassified/Bruce-Scripts-Heaven_BAD/_precisa_edicao_manual/depende_de_extension/ChangeGitRemoteLink/payload.txt,badusb,_unclassified,Bruce-Scripts-Heaven_BAD,classified-unmatched
sd_card_content/badusb_extra_payloads/_unclassified/Bruce-Scripts-Heaven_BAD/_precisa_edicao_manual/depende_de_extension/DNS-TXT-CommandInjection/DNS-TXT-CommandInjection.txt,badusb,_unclassified,Bruce-Scripts-Heaven_BAD,classified-unmatched
sd_card_content/badusb_extra_payloads/data_exfiltration/Win/directly_ready/Bruce-Scripts-Heaven_BAD/_precisa_edicao_manual/depende_de_extension/Google-Exfil/payload.txt,badusb,data_exfiltration,Bruce-Scripts-Heaven_BAD,classified
sd_card_content/badusb_extra_payloads/remote_access/Unix-like/Linux/configuration_needed/Bruce-Scripts-Heaven_BAD/_precisa_edicao_manual/depende_de_extension/PingZhellDucky/payload.txt,badusb,remote_access,Bruce-Scripts-Heaven_BAD,classified
sd_card_content/badusb_extra_payloads/_unclassified/Bruce-Scripts-Heaven_BAD/_precisa_edicao_manual/depende_de_extension/Win_HID_InvisableDesktopFolder/payload.txt,badusb,_unclassified,Bruce-Scripts-Heaven_BAD,classified-unmatched
sd_card_content/badusb_extra_payloads/data_exfiltration/Win/configuration_needed/Bruce-Scripts-Heaven_BAD/_precisa_edicao_manual/depende_de_extension/windows_hid_exfil/windows_hid_exfil.txt,badusb,data_exfiltration,Bruce-Scripts-Heaven_BAD,classified
sd_card_content/badusb_extra_payloads/_unclassified/Bruce-Scripts-Heaven_BAD/_precisa_edicao_manual/depende_de_extension/Install_Official_VSCode_Extension/payload.txt,badusb,_unclassified,Bruce-Scripts-Heaven_BAD,classified-unmatched
sd_card_content/badusb_extra_payloads/_unclassified/Bruce-Scripts-Heaven_BAD/_precisa_edicao_manual/depende_de_extension/Stop_A_Single_Process_In_Windows/payload.txt,badusb,_unclassified,Bruce-Scripts-Heaven_BAD,classified-unmatched
sd_card_content/badusb_extra_payloads/prank/Win/configuration_needed/Bruce-Scripts-Heaven_BAD/_precisa_edicao_manual/depende_de_extension/Windows-Spam-Terminals/payload.txt,badusb,prank,Bruce-Scripts-Heaven_BAD,classified
sd_card_content/badusb_extra_payloads/data_exfiltration/Unix-like/Linux/directly_ready/Bruce-Scripts-Heaven_BAD/_precisa_edicao_manual/depende_de_extension/ExfiltrateLinuxContentWithDropbox/payload.txt,badusb,data_exfiltration,Bruce-Scripts-Heaven_BAD,classified
sd_card_content/badusb_extra_payloads/_unclassified/Bruce-Scripts-Heaven_BAD/_precisa_edicao_manual/depende_de_extension/DNS_spoofer/payload.txt,badusb,_unclassified,Bruce-Scripts-Heaven_BAD,classified-unmatched
sd_card_content/badusb_extra_payloads/data_exfiltration/Win/configuration_needed/Bruce-Scripts-Heaven_BAD/_precisa_edicao_manual/depende_de_extension/Win_PoSH_MorseCode/payload.txt,badusb,data_exfiltration,Bruce-Scripts-Heaven_BAD,classified
sd_card_content/badusb_extra_payloads/_unclassified/Bruce-Scripts-Heaven_BAD/_precisa_edicao_manual/sintaxe_extra_nao_suportada/Payload Control/Payload-Control-example1.txt,badusb,_unclassified,Bruce-Scripts-Heaven_BAD,classified-unmatched
sd_card_content/badusb_extra_payloads/_unclassified/Bruce-Scripts-Heaven_BAD/_precisa_edicao_manual/sintaxe_extra_nao_suportada/Storage Activity/Storage-Activity-example2.txt,badusb,_unclassified,Bruce-Scripts-Heaven_BAD,classified-unmatched
sd_card_content/badusb_extra_payloads/_unclassified/Bruce-Scripts-Heaven_BAD/_precisa_edicao_manual/sintaxe_extra_nao_suportada/Storage Activity/Storage-Activity-example1.txt,badusb,_unclassified,Bruce-Scripts-Heaven_BAD,classified-unmatched
sd_card_content/badusb_extra_payloads/_unclassified/Bruce-Scripts-Heaven_BAD/_precisa_edicao_manual/sintaxe_extra_nao_suportada/Loops/Loops-example2.txt,badusb,_unclassified,Bruce-Scripts-Heaven_BAD,classified-unmatched
sd_card_content/badusb_extra_payloads/prank/Unix-like/Linux/configuration_needed/Bruce-Scripts-Heaven_BAD/_precisa_edicao_manual/sintaxe_extra_nao_suportada/omg-payloads-master/payloads/library/prank/This_damn_shell_doesn_t_work___so_sad!/payload.txt,badusb,prank,Bruce-Scripts-Heaven_BAD,classified
sd_card_content/badusb_extra_payloads/_unclassified/Bruce-Scripts-Heaven_BAD/_precisa_edicao_manual/sintaxe_extra_nao_suportada/Functions/Functions-example2.txt,badusb,_unclassified,Bruce-Scripts-Heaven_BAD,classified-unmatched
sd_card_content/badusb_extra_payloads/destruction/Win/configuration_needed/Bruce-Scripts-Heaven_BAD/_precisa_edicao_manual/sintaxe_extra_nao_suportada/OneDuckToQuackThemAll/Payload.txt,badusb,destruction,Bruce-Scripts-Heaven_BAD,classified
sd_card_content/badusb_extra_payloads/_unclassified/Bruce-Scripts-Heaven_BAD/_precisa_edicao_manual/sintaxe_extra_nao_suportada/Jitter/Jitter-example2.txt,badusb,_unclassified,Bruce-Scripts-Heaven_BAD,classified-unmatched
sd_card_content/badusb_extra_payloads/_unclassified/Bruce-Scripts-Heaven_BAD/_precisa_edicao_manual/sintaxe_extra_nao_suportada/Jitter/Jitter-example1.txt,badusb,_unclassified,Bruce-Scripts-Heaven_BAD,classified-unmatched
sd_card_content/badusb_extra_payloads/discovery/Unix-like/Linux/configuration_needed/Bruce-Scripts-Heaven_BAD/_precisa_edicao_manual/sintaxe_extra_nao_suportada/ExploitingAnExecutableFile/payload.txt,badusb,discovery,Bruce-Scripts-Heaven_BAD,classified
sd_card_content/badusb_extra_payloads/_unclassified/Bruce-Scripts-Heaven_BAD/_precisa_edicao_manual/sintaxe_extra_nao_suportada/Randomization/Randomization-example4.txt,badusb,_unclassified,Bruce-Scripts-Heaven_BAD,classified-unmatched
sd_card_content/badusb_extra_payloads/_unclassified/Bruce-Scripts-Heaven_BAD/_precisa_edicao_manual/sintaxe_extra_nao_suportada/Randomization/Randomization-example1.txt,badusb,_unclassified,Bruce-Scripts-Heaven_BAD,classified-unmatched
sd_card_content/badusb_extra_payloads/data_exfiltration/Win/directly_ready/Bruce-Scripts-Heaven_BAD/PassVault/PassVault2Discord.txt,badusb,data_exfiltration,Bruce-Scripts-Heaven_BAD,classified
sd_card_content/badusb_extra_payloads/_unclassified/Bruce-Scripts-Heaven_BAD/-RD-SafeHaven/SafeHaven.txt,badusb,_unclassified,Bruce-Scripts-Heaven_BAD,classified-unmatched
sd_card_content/badusb_extra_payloads/data_exfiltration/Win/directly_ready/Bruce-Scripts-Heaven_BAD/File-Monitor-to-Discord/File-Changes-to-Discord.txt,badusb,data_exfiltration,Bruce-Scripts-Heaven_BAD,classified
sd_card_content/badusb_extra_payloads/destruction/Win/directly_ready/Bruce-Scripts-Heaven_BAD/Flip-Subscribe/Subscribe.txt,badusb,destruction,Bruce-Scripts-Heaven_BAD,classified
sd_card_content/badusb_extra_payloads/_unclassified/Bruce-Scripts-Heaven_BAD/Flip-Subscribe/IWR-Subscribe.txt,badusb,_unclassified,Bruce-Scripts-Heaven_BAD,classified-unmatched
sd_card_content/badusb_extra_payloads/data_exfiltration/Win/directly_ready/Bruce-Scripts-Heaven_BAD/Chrome-DB-to-Discord/Chrome-DB-to-Discord.txt,badusb,data_exfiltration,Bruce-Scripts-Heaven_BAD,classified
sd_card_content/badusb_extra_payloads/data_exfiltration/Unix-like/macOS/directly_ready/Bruce-Scripts-Heaven_BAD/MacOS/Execution/IPLogger-Discord_Webhook-by_bst04/IPLogger-Discord_Webhook-by_bst04.txt,badusb,data_exfiltration,Bruce-Scripts-Heaven_BAD,classified
sd_card_content/badusb_extra_payloads/_unclassified/Bruce-Scripts-Heaven_BAD/MacOS/Execution/SetVolumeMax-MacOS/payload.txt,badusb,_unclassified,Bruce-Scripts-Heaven_BAD,classified-unmatched
sd_card_content/badusb_extra_payloads/social_engineering/Win/directly_ready/Bruce-Scripts-Heaven_BAD/Win11-Phishing/Fake-Windows-11-Logon.txt,badusb,social_engineering,Bruce-Scripts-Heaven_BAD,classified
sd_card_content/badusb_extra_payloads/data_exfiltration/Win/directly_ready/Bruce-Scripts-Heaven_BAD/web2Discord/Web2Discord.txt,badusb,data_exfiltration,Bruce-Scripts-Heaven_BAD,classified
sd_card_content/badusb_extra_payloads/data_exfiltration/Win/directly_ready/Bruce-Scripts-Heaven_BAD/Webcam-to-Discord/Webcam-to-Discord.txt,badusb,data_exfiltration,Bruce-Scripts-Heaven_BAD,classified
sd_card_content/badusb_extra_payloads/data_exfiltration/Win/directly_ready/Bruce-Scripts-Heaven_BAD/Unsaved-Notepad-to-Discord/Notepad-Tabs-to-Discord.txt,badusb,data_exfiltration,Bruce-Scripts-Heaven_BAD,classified
sd_card_content/badusb_extra_payloads/_unclassified/Bruce-Scripts-Heaven_BAD/Loops/Loops-example1.txt,badusb,_unclassified,Bruce-Scripts-Heaven_BAD,classified-unmatched
sd_card_content/badusb_extra_payloads/_unclassified/Bruce-Scripts-Heaven_BAD/Loops/Loops-example3.txt,badusb,_unclassified,Bruce-Scripts-Heaven_BAD,classified-unmatched
sd_card_content/badusb_extra_payloads/prank/Unix-like/macOS/directly_ready/Bruce-Scripts-Heaven_BAD/Digital_Rain/payload.txt,badusb,prank,Bruce-Scripts-Heaven_BAD,classified
sd_card_content/badusb_extra_payloads/authentication/Win/directly_ready/Bruce-Scripts-Heaven_BAD/Admin_Who_Never_Sleeps/payload.txt,badusb,authentication,Bruce-Scripts-Heaven_BAD,classified
sd_card_content/badusb_extra_payloads/prank/Win/directly_ready/Bruce-Scripts-Heaven_BAD/MaxVolumeRickroll_Windows/payload.txt,badusb,prank,Bruce-Scripts-Heaven_BAD,classified
sd_card_content/badusb_extra_payloads/_unclassified/Bruce-Scripts-Heaven_BAD/MEMZ-In-Powershell/MEMZ-In-Powershell.txt,badusb,_unclassified,Bruce-Scripts-Heaven_BAD,classified-unmatched
sd_card_content/badusb_extra_payloads/_unclassified/Bruce-Scripts-Heaven_BAD/DUCKY_REAPER/payload.txt,badusb,_unclassified,Bruce-Scripts-Heaven_BAD,classified-unmatched
sd_card_content/badusb_extra_payloads/destruction/Win/directly_ready/Bruce-Scripts-Heaven_BAD/Disable-Windows-Defender-Permanently/payload.txt,badusb,destruction,Bruce-Scripts-Heaven_BAD,classified
sd_card_content/badusb_extra_payloads/prank/Win/directly_ready/Bruce-Scripts-Heaven_BAD/RickRoll_ASCII/payload.txt,badusb,prank,Bruce-Scripts-Heaven_BAD,classified
sd_card_content/badusb_extra_payloads/data_exfiltration/Win/directly_ready/Bruce-Scripts-Heaven_BAD/Discord_Windows_Wifi_IP-Info/payload.txt,badusb,data_exfiltration,Bruce-Scripts-Heaven_BAD,classified
sd_card_content/badusb_extra_payloads/collection/Unix-like/macOS/directly_ready/Bruce-Scripts-Heaven_BAD/Mail-Grabber/payload.txt,badusb,collection,Bruce-Scripts-Heaven_BAD,classified
sd_card_content/badusb_extra_payloads/prank/Win/directly_ready/Bruce-Scripts-Heaven_BAD/Pranh(ex)/assets/pranh(ex).py,badusb,prank,Bruce-Scripts-Heaven_BAD,classified
sd_card_content/badusb_extra_payloads/_unclassified/Bruce-Scripts-Heaven_BAD/Pranh(ex)/assets/hexfile.txt,badusb,_unclassified,Bruce-Scripts-Heaven_BAD,classified-unmatched
sd_card_content/badusb_extra_payloads/_unclassified/Bruce-Scripts-Heaven_BAD/Uvnc-Remote-Desktop/Uvnc-Remote-Desktop.txt,badusb,_unclassified,Bruce-Scripts-Heaven_BAD,classified-unmatched
sd_card_content/badusb_extra_payloads/destruction/Win/directly_ready/Bruce-Scripts-Heaven_BAD/A_Cagey_Takeover/payload.txt,badusb,destruction,Bruce-Scripts-Heaven_BAD,classified
sd_card_content/badusb_extra_payloads/_unclassified/Bruce-Scripts-Heaven_BAD/omg-payloads-master/payloads/library/execution/shell_trigger/payload.txt,badusb,_unclassified,Bruce-Scripts-Heaven_BAD,classified-unmatched
sd_card_content/badusb_extra_payloads/_unclassified/Bruce-Scripts-Heaven_BAD/omg-payloads-master/payloads/library/execution/bypass-buddy/img/art.txt,badusb,_unclassified,Bruce-Scripts-Heaven_BAD,classified-unmatched
sd_card_content/badusb_extra_payloads/discovery/Unix-like/Linux/directly_ready/Bruce-Scripts-Heaven_BAD/omg-payloads-master/payloads/library/execution/rename_entropy/payload.txt,badusb,discovery,Bruce-Scripts-Heaven_BAD,classified
sd_card_content/badusb_extra_payloads/_unclassified/Bruce-Scripts-Heaven_BAD/omg-payloads-master/payloads/library/execution/CAPSLOCK_DISABLE/payload.txt,badusb,_unclassified,Bruce-Scripts-Heaven_BAD,classified-unmatched
sd_card_content/badusb_extra_payloads/_unclassified/Bruce-Scripts-Heaven_BAD/omg-payloads-master/payloads/library/execution/Starting_a_PowerShell_with_administrator_permissions_in_Windows/payload.txt,badusb,_unclassified,Bruce-Scripts-Heaven_BAD,classified-unmatched
sd_card_content/badusb_extra_payloads/defense_evasion/Win/directly_ready/Bruce-Scripts-Heaven_BAD/omg-payloads-master/payloads/library/execution/FodCable2 - UAC Bypass/payload.txt,badusb,defense_evasion,Bruce-Scripts-Heaven_BAD,classified
sd_card_content/badusb_extra_payloads/_unclassified/Bruce-Scripts-Heaven_BAD/omg-payloads-master/payloads/library/execution/Add_Local_Admin/payload.txt,badusb,_unclassified,Bruce-Scripts-Heaven_BAD,classified-unmatched
sd_card_content/badusb_extra_payloads/_unclassified/Bruce-Scripts-Heaven_BAD/omg-payloads-master/payloads/library/execution/Blue_Harvester/payload.txt,badusb,_unclassified,Bruce-Scripts-Heaven_BAD,classified-unmatched
sd_card_content/badusb_extra_payloads/_unclassified/Bruce-Scripts-Heaven_BAD/omg-payloads-master/payloads/library/execution/Make_Windows_performant_but_ugly_and_boring/payload.txt,badusb,_unclassified,Bruce-Scripts-Heaven_BAD,classified-unmatched
sd_card_content/badusb_extra_payloads/_unclassified/Bruce-Scripts-Heaven_BAD/omg-payloads-master/payloads/library/execution/swap_jack/payload.txt,badusb,_unclassified,Bruce-Scripts-Heaven_BAD,classified-unmatched
sd_card_content/badusb_extra_payloads/_unclassified/Bruce-Scripts-Heaven_BAD/omg-payloads-master/payloads/library/execution/keyboard_hangover/payload.txt,badusb,_unclassified,Bruce-Scripts-Heaven_BAD,classified-unmatched
sd_card_content/badusb_extra_payloads/_unclassified/Bruce-Scripts-Heaven_BAD/omg-payloads-master/payloads/library/execution/browser_execOMG/payload.txt,badusb,_unclassified,Bruce-Scripts-Heaven_BAD,classified-unmatched
sd_card_content/badusb_extra_payloads/remote_access/Win/directly_ready/Bruce-Scripts-Heaven_BAD/omg-payloads-master/payloads/library/execution/C2-Payload-Loader/Bootstrap-pLoader.txt,badusb,remote_access,Bruce-Scripts-Heaven_BAD,classified
sd_card_content/badusb_extra_payloads/remote_access/Win/directly_ready/Bruce-Scripts-Heaven_BAD/omg-payloads-master/payloads/library/execution/C2-Payload-Loader/C2-pLoader.txt,badusb,remote_access,Bruce-Scripts-Heaven_BAD,classified
sd_card_content/badusb_extra_payloads/discovery/Unix-like/Linux/configuration_needed/Bruce-Scripts-Heaven_BAD/omg-payloads-master/payloads/library/execution/ExploitingAnExecutableFile/payload.txt,badusb,discovery,Bruce-Scripts-Heaven_BAD,classified
sd_card_content/badusb_extra_payloads/_unclassified/Bruce-Scripts-Heaven_BAD/omg-payloads-master/payloads/library/execution/HideInWSL/payload.txt,badusb,_unclassified,Bruce-Scripts-Heaven_BAD,classified-unmatched
sd_card_content/badusb_extra_payloads/data_exfiltration/iOS/directly_ready/Bruce-Scripts-Heaven_BAD/omg-payloads-master/payloads/library/mobile/ios/ActiveSync-Exfil/payload.txt,badusb,data_exfiltration,Bruce-Scripts-Heaven_BAD,classified
sd_card_content/badusb_extra_payloads/prank/iOS/directly_ready/Bruce-Scripts-Heaven_BAD/omg-payloads-master/payloads/library/mobile/ios/RickRoll_Apple/payload.txt,badusb,prank,Bruce-Scripts-Heaven_BAD,classified
sd_card_content/badusb_extra_payloads/_unclassified/Bruce-Scripts-Heaven_BAD/omg-payloads-master/payloads/library/mobile/ios/iOS-Facebook-Contact-Extractor/payload.txt,badusb,_unclassified,Bruce-Scripts-Heaven_BAD,classified-unmatched
sd_card_content/badusb_extra_payloads/prank/iOS/directly_ready/Bruce-Scripts-Heaven_BAD/omg-payloads-master/payloads/library/mobile/ios/iOS-Rickroll-contact/payload.txt,badusb,prank,Bruce-Scripts-Heaven_BAD,classified
sd_card_content/badusb_extra_payloads/prank/iOS/directly_ready/Bruce-Scripts-Heaven_BAD/omg-payloads-master/payloads/library/mobile/ios/iOS-Rickroll-Contact-Full-Chorus/payload.txt,badusb,prank,Bruce-Scripts-Heaven_BAD,classified
sd_card_content/badusb_extra_payloads/data_exfiltration/iOS/directly_ready/Bruce-Scripts-Heaven_BAD/omg-payloads-master/payloads/library/mobile/ios/ActiveSync-Exfil-(EXCHANGE)/payload.txt,badusb,data_exfiltration,Bruce-Scripts-Heaven_BAD,classified
sd_card_content/badusb_extra_payloads/_unclassified/Bruce-Scripts-Heaven_BAD/omg-payloads-master/payloads/library/mobile/ios/iOS-Create-Contact/payload.txt,badusb,_unclassified,Bruce-Scripts-Heaven_BAD,classified-unmatched
sd_card_content/badusb_extra_payloads/_unclassified/Bruce-Scripts-Heaven_BAD/omg-payloads-master/payloads/library/mobile/ios/Simple-iOS-Link-Opener/payload.txt,badusb,_unclassified,Bruce-Scripts-Heaven_BAD,classified-unmatched
sd_card_content/badusb_extra_payloads/_unclassified/Bruce-Scripts-Heaven_BAD/omg-payloads-master/payloads/library/mobile/ios/iOS-Ryan-Ranalds-SS/payload.txt,badusb,_unclassified,Bruce-Scripts-Heaven_BAD,classified-unmatched
sd_card_content/badusb_extra_payloads/_unclassified/Bruce-Scripts-Heaven_BAD/omg-payloads-master/payloads/library/mobile/ios/iOS-Send-Email/iOS-Send-Email.txt,badusb,_unclassified,Bruce-Scripts-Heaven_BAD,classified-unmatched
sd_card_content/badusb_extra_payloads/prank/iOS/directly_ready/Bruce-Scripts-Heaven_BAD/omg-payloads-master/payloads/library/mobile/ios/iOS-You-Spin-me-RightRound-Prank/payload.txt,badusb,prank,Bruce-Scripts-Heaven_BAD,classified
sd_card_content/badusb_extra_payloads/_unclassified/Bruce-Scripts-Heaven_BAD/omg-payloads-master/payloads/library/mobile/ios/iOS-Hook-Browser/payload.txt,badusb,_unclassified,Bruce-Scripts-Heaven_BAD,classified-unmatched
sd_card_content/badusb_extra_payloads/_unclassified/Bruce-Scripts-Heaven_BAD/omg-payloads-master/payloads/library/mobile/ios/iOS-FullKeboardAccess/payload.txt,badusb,_unclassified,Bruce-Scripts-Heaven_BAD,classified-unmatched
sd_card_content/badusb_extra_payloads/_unclassified/Bruce-Scripts-Heaven_BAD/omg-payloads-master/payloads/library/mobile/ios/iOS-Send-Text/iOS-Send-Text.txt,badusb,_unclassified,Bruce-Scripts-Heaven_BAD,classified-unmatched
sd_card_content/badusb_extra_payloads/destruction/iOS/directly_ready/Bruce-Scripts-Heaven_BAD/omg-payloads-master/payloads/library/mobile/ios/iOS-RickRoll-Photo-Bomb/payload.txt,badusb,destruction,Bruce-Scripts-Heaven_BAD,classified
sd_card_content/badusb_extra_payloads/destruction/iOS/directly_ready/Bruce-Scripts-Heaven_BAD/omg-payloads-master/payloads/library/mobile/ios/iOS-Logic-Bomb-Example/payload.txt,badusb,destruction,Bruce-Scripts-Heaven_BAD,classified
sd_card_content/badusb_extra_payloads/_unclassified/Bruce-Scripts-Heaven_BAD/omg-payloads-master/payloads/library/mobile/ios/Simple-IOS-Profile-Downloader/payload.txt,badusb,_unclassified,Bruce-Scripts-Heaven_BAD,classified-unmatched
sd_card_content/badusb_extra_payloads/collection/Android/configuration_needed/Bruce-Scripts-Heaven_BAD/omg-payloads-master/payloads/library/credentials/Defend_yourself_from_CVE-2023-23397/payload.txt,badusb,collection,Bruce-Scripts-Heaven_BAD,classified
sd_card_content/badusb_extra_payloads/collection/Win/directly_ready/Bruce-Scripts-Heaven_BAD/omg-payloads-master/payloads/library/credentials/SamDumpCable/payload.txt,badusb,collection,Bruce-Scripts-Heaven_BAD,classified
sd_card_content/badusb_extra_payloads/data_exfiltration/Win/directly_ready/Bruce-Scripts-Heaven_BAD/omg-payloads-master/payloads/library/exfiltration/WiFi_Passwd_Grab/payload.txt,badusb,data_exfiltration,Bruce-Scripts-Heaven_BAD,classified
sd_card_content/badusb_extra_payloads/remote_access/Win/directly_ready/Bruce-Scripts-Heaven_BAD/omg-payloads-master/payloads/library/exfiltration/c2-data-exfil-discord/c2-data-exfil-discord.txt,badusb,remote_access,Bruce-Scripts-Heaven_BAD,classified
sd_card_content/badusb_extra_payloads/data_exfiltration/Win/directly_ready/Bruce-Scripts-Heaven_BAD/omg-payloads-master/payloads/library/exfiltration/Exfil-to-Plug/payload.txt,badusb,data_exfiltration,Bruce-Scripts-Heaven_BAD,classified
sd_card_content/badusb_extra_payloads/data_exfiltration/Win/directly_ready/Bruce-Scripts-Heaven_BAD/omg-payloads-master/payloads/library/exfiltration/Everything-Password-Stealer/payload.txt,badusb,data_exfiltration,Bruce-Scripts-Heaven_BAD,classified
sd_card_content/badusb_extra_payloads/data_exfiltration/Unix-like/Linux/directly_ready/Bruce-Scripts-Heaven_BAD/omg-payloads-master/payloads/library/exfiltration/mysql_dump/payload.txt,badusb,data_exfiltration,Bruce-Scripts-Heaven_BAD,classified
sd_card_content/badusb_extra_payloads/data_exfiltration/Unix-like/Linux/directly_ready/Bruce-Scripts-Heaven_BAD/omg-payloads-master/payloads/library/exfiltration/network_surveillance/payload.txt,badusb,data_exfiltration,Bruce-Scripts-Heaven_BAD,classified
sd_card_content/badusb_extra_payloads/data_exfiltration/Win/directly_ready/Bruce-Scripts-Heaven_BAD/omg-payloads-master/payloads/library/exfiltration/Hard_Con_Exfil/payload.txt,badusb,data_exfiltration,Bruce-Scripts-Heaven_BAD,classified
sd_card_content/badusb_extra_payloads/_unclassified/Bruce-Scripts-Heaven_BAD/omg-payloads-master/payloads/library/incident_response/Defend_yourself_against_CVE-2023-36884_Office_and_Windows_HTML_R/payload.txt,badusb,_unclassified,Bruce-Scripts-Heaven_BAD,classified-unmatched
sd_card_content/badusb_extra_payloads/social_engineering/Unix-like/Linux/directly_ready/Bruce-Scripts-Heaven_BAD/omg-payloads-master/payloads/library/phishing/StandardPhishingCampaign_Linux/script.js,badusb,social_engineering,Bruce-Scripts-Heaven_BAD,classified
sd_card_content/badusb_extra_payloads/_unclassified/Bruce-Scripts-Heaven_BAD/omg-payloads-master/payloads/library/general/Win_PoSH_BouncyCoil/payload.txt,badusb,_unclassified,Bruce-Scripts-Heaven_BAD,classified-unmatched
sd_card_content/badusb_extra_payloads/_unclassified/Bruce-Scripts-Heaven_BAD/omg-payloads-master/payloads/library/general/PowerShell_Administrator/payload.txt,badusb,_unclassified,Bruce-Scripts-Heaven_BAD,classified-unmatched
sd_card_content/badusb_extra_payloads/collection/Win/directly_ready/Bruce-Scripts-Heaven_BAD/omg-payloads-master/payloads/library/general/WiFi_OpSec_Awareness/payload.txt,badusb,collection,Bruce-Scripts-Heaven_BAD,classified
sd_card_content/badusb_extra_payloads/remote_access/Unix-like/Linux/directly_ready/Bruce-Scripts-Heaven_BAD/omg-payloads-master/payloads/library/remote_access/ReverseCable II/payload.txt,badusb,remote_access,Bruce-Scripts-Heaven_BAD,classified
sd_card_content/badusb_extra_payloads/remote_access/Win/directly_ready/Bruce-Scripts-Heaven_BAD/omg-payloads-master/payloads/library/remote_access/PingZhellCable/payload.txt,badusb,remote_access,Bruce-Scripts-Heaven_BAD,classified
sd_card_content/badusb_extra_payloads/remote_access/Win/directly_ready/Bruce-Scripts-Heaven_BAD/omg-payloads-master/payloads/library/remote_access/win_winrm-backdoor/payload.txt,badusb,remote_access,Bruce-Scripts-Heaven_BAD,classified
sd_card_content/badusb_extra_payloads/remote_access/Unix-like/macOS/directly_ready/Bruce-Scripts-Heaven_BAD/omg-payloads-master/payloads/library/remote_access/revshell_macOS/revshell_macOS.txt,badusb,remote_access,Bruce-Scripts-Heaven_BAD,classified
sd_card_content/badusb_extra_payloads/prank/Win/directly_ready/Bruce-Scripts-Heaven_BAD/omg-payloads-master/payloads/library/prank/Seniors_Webcam_Prank/payload.txt,badusb,prank,Bruce-Scripts-Heaven_BAD,classified
sd_card_content/badusb_extra_payloads/prank/Win/directly_ready/Bruce-Scripts-Heaven_BAD/omg-payloads-master/payloads/library/prank/BlueScreenOfDeath/payload.txt,badusb,prank,Bruce-Scripts-Heaven_BAD,classified
sd_card_content/badusb_extra_payloads/prank/Win/directly_ready/Bruce-Scripts-Heaven_BAD/omg-payloads-master/payloads/library/prank/Skynet_pOpUp_Prank/payload.txt,badusb,prank,Bruce-Scripts-Heaven_BAD,classified
sd_card_content/badusb_extra_payloads/prank/Win/directly_ready/Bruce-Scripts-Heaven_BAD/omg-payloads-master/payloads/library/prank/-OMG-ADV-RickRoll/ADV-RickRoll.txt,badusb,prank,Bruce-Scripts-Heaven_BAD,classified
sd_card_content/badusb_extra_payloads/prank/Win/directly_ready/Bruce-Scripts-Heaven_BAD/omg-payloads-master/payloads/library/prank/Address_Bar_Attack/payload.txt,badusb,prank,Bruce-Scripts-Heaven_BAD,classified
sd_card_content/badusb_extra_payloads/prank/Win/directly_ready/Bruce-Scripts-Heaven_BAD/omg-payloads-master/payloads/library/prank/-OMG-JumpScare-2.0/JumpScare2.0.txt,badusb,prank,Bruce-Scripts-Heaven_BAD,classified
sd_card_content/badusb_extra_payloads/prank/Win/directly_ready/Bruce-Scripts-Heaven_BAD/omg-payloads-master/payloads/library/prank/WindowS_PoP_uP/payload.txt,badusb,prank,Bruce-Scripts-Heaven_BAD,classified
sd_card_content/badusb_extra_payloads/_unclassified/Bruce-Scripts-Heaven_BAD/Phone/apps-crash.txt,badusb,_unclassified,Bruce-Scripts-Heaven_BAD,classified-unmatched
sd_card_content/badusb_extra_payloads/_unclassified/Bruce-Scripts-Heaven_BAD/Phone/Tab LAG.txt,badusb,_unclassified,Bruce-Scripts-Heaven_BAD,classified-unmatched
sd_card_content/badusb_extra_payloads/collection/Android/directly_ready/Bruce-Scripts-Heaven_BAD/Phone/android-crasher.txt,badusb,collection,Bruce-Scripts-Heaven_BAD,classified
sd_card_content/badusb_extra_payloads/collection/Win/directly_ready/Bruce-Scripts-Heaven_BAD/Phone/Wifi-Stealer_ORG.txt,badusb,collection,Bruce-Scripts-Heaven_BAD,classified
sd_card_content/badusb_extra_payloads/_unclassified/Bruce-Scripts-Heaven_BAD/Phone/4PinCracker.txt,badusb,_unclassified,Bruce-Scripts-Heaven_BAD,classified-unmatched
sd_card_content/badusb_extra_payloads/_unclassified/Bruce-Scripts-Heaven_BAD/Phone/pincode.txt,badusb,_unclassified,Bruce-Scripts-Heaven_BAD,classified-unmatched
sd_card_content/badusb_extra_payloads/_unclassified/Bruce-Scripts-Heaven_BAD/Phone/Shutdown Win11.txt,badusb,_unclassified,Bruce-Scripts-Heaven_BAD,classified-unmatched
sd_card_content/badusb_extra_payloads/_unclassified/Bruce-Scripts-Heaven_BAD/Phone/signout_CHROMEOS.txt,badusb,_unclassified,Bruce-Scripts-Heaven_BAD,classified-unmatched
sd_card_content/badusb_extra_payloads/_unclassified/Bruce-Scripts-Heaven_BAD/Phone/6digitCracker.txt,badusb,_unclassified,Bruce-Scripts-Heaven_BAD,classified-unmatched
sd_card_content/badusb_extra_payloads/_unclassified/Bruce-Scripts-Heaven_BAD/Phone/blockator-Phone.txt,badusb,_unclassified,Bruce-Scripts-Heaven_BAD,classified-unmatched
sd_card_content/badusb_extra_payloads/_unclassified/Bruce-Scripts-Heaven_BAD/Phone/IPhone/GUI SPACE REPEAT.txt,badusb,_unclassified,Bruce-Scripts-Heaven_BAD,classified-unmatched
sd_card_content/badusb_extra_payloads/_unclassified/Bruce-Scripts-Heaven_BAD/Phone/IPhone/open-website.txt,badusb,_unclassified,Bruce-Scripts-Heaven_BAD,classified-unmatched
sd_card_content/badusb_extra_payloads/_unclassified/Bruce-Scripts-Heaven_BAD/Phone/IPhone/iphone GUI lag out.txt,badusb,_unclassified,Bruce-Scripts-Heaven_BAD,classified-unmatched
sd_card_content/badusb_extra_payloads/_unclassified/Bruce-Scripts-Heaven_BAD/Phone/IPhone/URL-spam-sms.txt,badusb,_unclassified,Bruce-Scripts-Heaven_BAD,classified-unmatched
sd_card_content/badusb_extra_payloads/_unclassified/Bruce-Scripts-Heaven_BAD/Phone/IPhone/open_website.txt,badusb,_unclassified,Bruce-Scripts-Heaven_BAD,classified-unmatched
sd_card_content/badusb_extra_payloads/prank/Android/directly_ready/Bruce-Scripts-Heaven_BAD/Phone/Android/open_website_android.txt,badusb,prank,Bruce-Scripts-Heaven_BAD,classified
sd_card_content/badusb_extra_payloads/utilities/Android/directly_ready/Bruce-Scripts-Heaven_BAD/Phone/Android/Explorerspam.txt,badusb,utilities,Bruce-Scripts-Heaven_BAD,classified
sd_card_content/badusb_extra_payloads/_unclassified/Bruce-Scripts-Heaven_BAD/Phone/Android/open_website_incognitomode.txt,badusb,_unclassified,Bruce-Scripts-Heaven_BAD,classified-unmatched
sd_card_content/badusb_extra_payloads/_unclassified/Bruce-Scripts-Heaven_BAD/chromeOS/signoutinput.txt,badusb,_unclassified,Bruce-Scripts-Heaven_BAD,classified-unmatched
sd_card_content/badusb_extra_payloads/_unclassified/Bruce-Scripts-Heaven_BAD/chromeOS/shutdown.txt,badusb,_unclassified,Bruce-Scripts-Heaven_BAD,classified-unmatched
sd_card_content/badusb_extra_payloads/_unclassified/Bruce-Scripts-Heaven_BAD/chromeOS/arabic.txt,badusb,_unclassified,Bruce-Scripts-Heaven_BAD,classified-unmatched
sd_card_content/badusb_extra_payloads/_unclassified/Bruce-Scripts-Heaven_BAD/chromeOS/brainly.txt,badusb,_unclassified,Bruce-Scripts-Heaven_BAD,classified-unmatched
sd_card_content/badusb_extra_payloads/_unclassified/Bruce-Scripts-Heaven_BAD/chromeOS/closetest.txt,badusb,_unclassified,Bruce-Scripts-Heaven_BAD,classified-unmatched
sd_card_content/badusb_extra_payloads/_unclassified/Bruce-Scripts-Heaven_BAD/chromeOS/langfuck.txt,badusb,_unclassified,Bruce-Scripts-Heaven_BAD,classified-unmatched
sd_card_content/badusb_extra_payloads/_unclassified/Bruce-Scripts-Heaven_BAD/chromeOS/signout.txt,badusb,_unclassified,Bruce-Scripts-Heaven_BAD,classified-unmatched
sd_card_content/badusb_extra_payloads/_unclassified/Bruce-Scripts-Heaven_BAD/chromeOS/shutdowninput.txt,badusb,_unclassified,Bruce-Scripts-Heaven_BAD,classified-unmatched
sd_card_content/badusb_extra_payloads/_unclassified/Bruce-Scripts-Heaven_BAD/chromeOS/croshrollback.txt,badusb,_unclassified,Bruce-Scripts-Heaven_BAD,classified-unmatched
sd_card_content/badusb_extra_payloads/_unclassified/Bruce-Scripts-Heaven_BAD/chromeOS/wip/brainynew.txt,badusb,_unclassified,Bruce-Scripts-Heaven_BAD,classified-unmatched
sd_card_content/badusb_extra_payloads/_unclassified/Bruce-Scripts-Heaven_BAD/chromeOS/wip/ROLLBACKNEW.txt,badusb,_unclassified,Bruce-Scripts-Heaven_BAD,classified-unmatched
sd_card_content/badusb_extra_payloads/_unclassified/Bruce-Scripts-Heaven_BAD/chromeOS/wip/arabicnew.txt,badusb,_unclassified,Bruce-Scripts-Heaven_BAD,classified-unmatched
sd_card_content/badusb_extra_payloads/_unclassified/Bruce-Scripts-Heaven_BAD/chromeOS/wip/closetestnew.txt,badusb,_unclassified,Bruce-Scripts-Heaven_BAD,classified-unmatched
sd_card_content/badusb_extra_payloads/collection/Unix-like/macOS/directly_ready/Bruce-Scripts-Heaven_BAD/Public-IP-Grabber/payload.txt,badusb,collection,Bruce-Scripts-Heaven_BAD,classified
sd_card_content/badusb_extra_payloads/_unclassified/Bruce-Scripts-Heaven_BAD/Defend_yourself_against_CVE-2023-36884_Office_and_Windows_HTML_R/payload.txt,badusb,_unclassified,Bruce-Scripts-Heaven_BAD,classified-unmatched
sd_card_content/badusb_extra_payloads/collection/Win/directly_ready/Bruce-Scripts-Heaven_BAD/Discord-Media-Hog/Discord-Media-Hog.txt,badusb,collection,Bruce-Scripts-Heaven_BAD,classified
sd_card_content/badusb_extra_payloads/prank/Win/directly_ready/Bruce-Scripts-Heaven_BAD/mr-robot_eXit/prank_files/assets/js/variables.js,badusb,prank,Bruce-Scripts-Heaven_BAD,classified
sd_card_content/badusb_extra_payloads/prank/Win/directly_ready/Bruce-Scripts-Heaven_BAD/mr-robot_eXit/prank_files/assets/js/constants.js,badusb,prank,Bruce-Scripts-Heaven_BAD,classified
sd_card_content/badusb_extra_payloads/prank/Win/directly_ready/Bruce-Scripts-Heaven_BAD/mr-robot_eXit/prank_files/assets/js/main.js,badusb,prank,Bruce-Scripts-Heaven_BAD,classified
sd_card_content/badusb_extra_payloads/prank/Win/directly_ready/Bruce-Scripts-Heaven_BAD/mr-robot_eXit/prank_files/assets/js/functions/sleep.js,badusb,prank,Bruce-Scripts-Heaven_BAD,classified
sd_card_content/badusb_extra_payloads/prank/Win/directly_ready/Bruce-Scripts-Heaven_BAD/mr-robot_eXit/prank_files/assets/js/functions/off.js,badusb,prank,Bruce-Scripts-Heaven_BAD,classified
sd_card_content/badusb_extra_payloads/prank/Win/directly_ready/Bruce-Scripts-Heaven_BAD/mr-robot_eXit/prank_files/assets/js/functions/stage.js,badusb,prank,Bruce-Scripts-Heaven_BAD,classified
sd_card_content/badusb_extra_payloads/_unclassified/Bruce-Scripts-Heaven_BAD/BadBLE's by Unknown/Annoyer.txt,badusb,_unclassified,Bruce-Scripts-Heaven_BAD,classified-unmatched
sd_card_content/badusb_extra_payloads/_unclassified/Bruce-Scripts-Heaven_BAD/BadBLE's by Unknown/Lagger.txt,badusb,_unclassified,Bruce-Scripts-Heaven_BAD,classified-unmatched
sd_card_content/badusb_extra_payloads/_unclassified/Bruce-Scripts-Heaven_BAD/BadBLE's by Unknown/Shutdown.txt,badusb,_unclassified,Bruce-Scripts-Heaven_BAD,classified-unmatched
sd_card_content/badusb_extra_payloads/prank/Win/directly_ready/Bruce-Scripts-Heaven_BAD/-RD-Wallpaper-Troll/payload.txt,badusb,prank,Bruce-Scripts-Heaven_BAD,classified
sd_card_content/badusb_extra_payloads/_unclassified/Bruce-Scripts-Heaven_BAD/Functions/Functions-example1.txt,badusb,_unclassified,Bruce-Scripts-Heaven_BAD,classified-unmatched
sd_card_content/badusb_extra_payloads/prank/Win/directly_ready/Bruce-Scripts-Heaven_BAD/Computer-Acid/Computer-ACID-Prank.txt,badusb,prank,Bruce-Scripts-Heaven_BAD,classified
sd_card_content/badusb_extra_payloads/remote_access/Win/directly_ready/Bruce-Scripts-Heaven_BAD/NSHELL/Payload.txt.txt,badusb,remote_access,Bruce-Scripts-Heaven_BAD,classified
sd_card_content/badusb_extra_payloads/_unclassified/Bruce-Scripts-Heaven_BAD/Open_website/Open_website.txt,badusb,_unclassified,Bruce-Scripts-Heaven_BAD,classified-unmatched
sd_card_content/badusb_extra_payloads/social_engineering/Win/directly_ready/Bruce-Scripts-Heaven_BAD/phishing/duckyphish/duckyphish.txt,badusb,social_engineering,Bruce-Scripts-Heaven_BAD,classified
sd_card_content/badusb_extra_payloads/social_engineering/Win/directly_ready/Bruce-Scripts-Heaven_BAD/phishing/Win/ducky-phisher.txt,badusb,social_engineering,Bruce-Scripts-Heaven_BAD,classified
sd_card_content/badusb_extra_payloads/social_engineering/Win/directly_ready/Bruce-Scripts-Heaven_BAD/phishing/Win/DNSpoisoning.txt,badusb,social_engineering,Bruce-Scripts-Heaven_BAD,classified
sd_card_content/badusb_extra_payloads/social_engineering/Win/directly_ready/Bruce-Scripts-Heaven_BAD/phishing/Win/duckyphish/duckyphish.txt,badusb,social_engineering,Bruce-Scripts-Heaven_BAD,classified
sd_card_content/badusb_extra_payloads/_unclassified/Bruce-Scripts-Heaven_BAD/general/jiggler.txt,badusb,_unclassified,Bruce-Scripts-Heaven_BAD,classified-unmatched
sd_card_content/badusb_extra_payloads/_unclassified/Bruce-Scripts-Heaven_BAD/general/GitHub-Star.txt,badusb,_unclassified,Bruce-Scripts-Heaven_BAD,classified-unmatched
sd_card_content/badusb_extra_payloads/_unclassified/Bruce-Scripts-Heaven_BAD/general/Win/Win_HID_MonaLisa/MonaLisa.txt,badusb,_unclassified,Bruce-Scripts-Heaven_BAD,classified-unmatched
sd_card_content/badusb_extra_payloads/_unclassified/Bruce-Scripts-Heaven_BAD/general/Win/Water-UnMark/payload.txt,badusb,_unclassified,Bruce-Scripts-Heaven_BAD,classified-unmatched
sd_card_content/badusb_extra_payloads/prank/Win/directly_ready/Bruce-Scripts-Heaven_BAD/YouHaveBeenQuacked2.0/payload.txt,badusb,prank,Bruce-Scripts-Heaven_BAD,classified
sd_card_content/badusb_extra_payloads/prank/Win/directly_ready/Bruce-Scripts-Heaven_BAD/BadUSB/RickRoll Max Vol (Basic).txt,badusb,prank,Bruce-Scripts-Heaven_BAD,classified
sd_card_content/badusb_extra_payloads/prank/Win/directly_ready/Bruce-Scripts-Heaven_BAD/BadUSB/CYE_Was_Here.txt,badusb,prank,Bruce-Scripts-Heaven_BAD,classified
sd_card_content/badusb_extra_payloads/data_exfiltration/Win/directly_ready/Bruce-Scripts-Heaven_BAD/BadUSB/Grabber-Discord_Webhook.txt,badusb,data_exfiltration,Bruce-Scripts-Heaven_BAD,classified
sd_card_content/badusb_extra_payloads/collection/Win/directly_ready/Bruce-Scripts-Heaven_BAD/BadUSB/Wifi_and_Show_Passwords_for_Flipper.txt,badusb,collection,Bruce-Scripts-Heaven_BAD,classified
sd_card_content/badusb_extra_payloads/_unclassified/Bruce-Scripts-Heaven_BAD/BadUSB/Awesome_Flipper_OSX.txt,badusb,_unclassified,Bruce-Scripts-Heaven_BAD,classified-unmatched
sd_card_content/badusb_extra_payloads/collection/Win/directly_ready/Bruce-Scripts-Heaven_BAD/BadUSB/Wifi-Stealer-Discord-Improved.txt,badusb,collection,Bruce-Scripts-Heaven_BAD,classified
sd_card_content/badusb_extra_payloads/collection/Win/directly_ready/Bruce-Scripts-Heaven_BAD/BadUSB/Cookie-Stealer.txt,badusb,collection,Bruce-Scripts-Heaven_BAD,classified
sd_card_content/badusb_extra_payloads/prank/Unix-like/macOS/directly_ready/Bruce-Scripts-Heaven_BAD/BadUSB/Party_Parrot_OSX.txt,badusb,prank,Bruce-Scripts-Heaven_BAD,classified
sd_card_content/badusb_extra_payloads/collection/Win/directly_ready/Bruce-Scripts-Heaven_BAD/BadUSB/Show_WiFi_Passwords.txt,badusb,collection,Bruce-Scripts-Heaven_BAD,classified
sd_card_content/badusb_extra_payloads/prank/Unix-like/macOS/directly_ready/Bruce-Scripts-Heaven_BAD/BadUSB/OSX_Rickroll.txt,badusb,prank,Bruce-Scripts-Heaven_BAD,classified
sd_card_content/badusb_extra_payloads/utilities/Win/directly_ready/Bruce-Scripts-Heaven_BAD/BadUSB/GoodUSB.txt,badusb,utilities,Bruce-Scripts-Heaven_BAD,classified
sd_card_content/badusb_extra_payloads/collection/Win/directly_ready/Bruce-Scripts-Heaven_BAD/BadUSB/Show_Saved_Passwords_UPDATED.txt,badusb,collection,Bruce-Scripts-Heaven_BAD,classified
sd_card_content/badusb_extra_payloads/prank/Win/directly_ready/Bruce-Scripts-Heaven_BAD/BadUSB/The_Matrix_Wake_Up.txt,badusb,prank,Bruce-Scripts-Heaven_BAD,classified
sd_card_content/badusb_extra_payloads/prank/Win/directly_ready/Bruce-Scripts-Heaven_BAD/BadUSB/RickRoll (Basic).txt,badusb,prank,Bruce-Scripts-Heaven_BAD,classified
sd_card_content/badusb_extra_payloads/data_exfiltration/Win/directly_ready/Bruce-Scripts-Heaven_BAD/BadUSB/wifi_stealer_by_webhook.txt,badusb,data_exfiltration,Bruce-Scripts-Heaven_BAD,classified
sd_card_content/badusb_extra_payloads/_unclassified/Bruce-Scripts-Heaven_BAD/BadUSB/265_4_Digit_Pin_BF.txt,badusb,_unclassified,Bruce-Scripts-Heaven_BAD,classified-unmatched
sd_card_content/badusb_extra_payloads/utilities/Win/directly_ready/Bruce-Scripts-Heaven_BAD/BadUSB/Char_Test_ALTSTRING.txt,badusb,utilities,Bruce-Scripts-Heaven_BAD,classified
sd_card_content/badusb_extra_payloads/_unclassified/Bruce-Scripts-Heaven_BAD/BadUSB/1_minute_to_sleep.txt,badusb,_unclassified,Bruce-Scripts-Heaven_BAD,classified-unmatched
sd_card_content/badusb_extra_payloads/prank/Win/directly_ready/Bruce-Scripts-Heaven_BAD/BadUSB/Hey_Everybody.txt,badusb,prank,Bruce-Scripts-Heaven_BAD,classified
sd_card_content/badusb_extra_payloads/collection/Win/directly_ready/Bruce-Scripts-Heaven_BAD/BadUSB/Credential_Harvester_MarkCyber.txt,badusb,collection,Bruce-Scripts-Heaven_BAD,classified
sd_card_content/badusb_extra_payloads/prank/Win/directly_ready/Bruce-Scripts-Heaven_BAD/BadUSB/SpamRickrollPayload.txt,badusb,prank,Bruce-Scripts-Heaven_BAD,classified
sd_card_content/badusb_extra_payloads/prank/Unix-like/macOS/directly_ready/Bruce-Scripts-Heaven_BAD/BadUSB/RickRoll_Term_OSX.txt,badusb,prank,Bruce-Scripts-Heaven_BAD,classified
sd_card_content/badusb_extra_payloads/utilities/Win/directly_ready/Bruce-Scripts-Heaven_BAD/BadUSB/Char_Test.txt,badusb,utilities,Bruce-Scripts-Heaven_BAD,classified
sd_card_content/badusb_extra_payloads/_unclassified/Bruce-Scripts-Heaven_BAD/BadUSB/UNC0V3R3D-BadUSB-Collection/CODE_OF_CONDUCT.md,badusb,_unclassified,Bruce-Scripts-Heaven_BAD,classified-unmatched
sd_card_content/badusb_extra_payloads/_unclassified/Bruce-Scripts-Heaven_BAD/BadUSB/UNC0V3R3D-BadUSB-Collection/license.md,badusb,_unclassified,Bruce-Scripts-Heaven_BAD,classified-unmatched
sd_card_content/badusb_extra_payloads/_unclassified/Bruce-Scripts-Heaven_BAD/BadUSB/UNC0V3R3D-BadUSB-Collection/SECURITY.md,badusb,_unclassified,Bruce-Scripts-Heaven_BAD,classified-unmatched
sd_card_content/badusb_extra_payloads/collection/Win/directly_ready/Bruce-Scripts-Heaven_BAD/BadUSB/UNC0V3R3D-BadUSB-Collection/Windows_Badusb/PasswordStuff/Show_Saved_Password/Show_Saved_Passwords.txt,badusb,collection,Bruce-Scripts-Heaven_BAD,classified
sd_card_content/badusb_extra_payloads/data_exfiltration/Win/directly_ready/Bruce-Scripts-Heaven_BAD/BadUSB/UNC0V3R3D-BadUSB-Collection/Windows_Badusb/PasswordStuff/ChromePasswords/chrome_passwords_discord.txt,badusb,data_exfiltration,Bruce-Scripts-Heaven_BAD,classified
sd_card_content/badusb_extra_payloads/data_exfiltration/Win/directly_ready/Bruce-Scripts-Heaven_BAD/BadUSB/UNC0V3R3D-BadUSB-Collection/Windows_Badusb/PasswordStuff/StealWifiKeys_Discord/StealWifiKeys_Discord.txt,badusb,data_exfiltration,Bruce-Scripts-Heaven_BAD,classified
sd_card_content/badusb_extra_payloads/destruction/Win/directly_ready/Bruce-Scripts-Heaven_BAD/BadUSB/UNC0V3R3D-BadUSB-Collection/Windows_Badusb/Execution/Del_Browsers/del_browsers.txt,badusb,destruction,Bruce-Scripts-Heaven_BAD,classified
sd_card_content/badusb_extra_payloads/_unclassified/Bruce-Scripts-Heaven_BAD/BadUSB/UNC0V3R3D-BadUSB-Collection/Windows_Badusb/FUN/End_Processes/end_processes.txt,badusb,_unclassified,Bruce-Scripts-Heaven_BAD,classified-unmatched
sd_card_content/badusb_extra_payloads/_unclassified/Bruce-Scripts-Heaven_BAD/BadUSB/UNC0V3R3D-BadUSB-Collection/Windows_Badusb/FUN/Deactivate_Networkadapters/deactivate_networkadapters.txt,badusb,_unclassified,Bruce-Scripts-Heaven_BAD,classified-unmatched
sd_card_content/badusb_extra_payloads/_unclassified/Bruce-Scripts-Heaven_BAD/BadUSB/UNC0V3R3D-BadUSB-Collection/Windows_Badusb/FUN/Change_Zoom/change_dpi150.txt,badusb,_unclassified,Bruce-Scripts-Heaven_BAD,classified-unmatched
sd_card_content/badusb_extra_payloads/_unclassified/Bruce-Scripts-Heaven_BAD/BadUSB/UNC0V3R3D-BadUSB-Collection/Windows_Badusb/FUN/Rotate_Monitor/monitor_rotation.txt,badusb,_unclassified,Bruce-Scripts-Heaven_BAD,classified-unmatched
sd_card_content/badusb_extra_payloads/_unclassified/Bruce-Scripts-Heaven_BAD/BadUSB/UNC0V3R3D-BadUSB-Collection/Windows_Badusb/FUN/ComputerTalks/ComputerTalks.txt,badusb,_unclassified,Bruce-Scripts-Heaven_BAD,classified-unmatched
sd_card_content/badusb_extra_payloads/data_exfiltration/Win/directly_ready/Bruce-Scripts-Heaven_BAD/BadUSB/UNC0V3R3D-BadUSB-Collection/Windows_Badusb/Exfiltration/Document_Exfil/Exfiltrate_Documents.txt,badusb,data_exfiltration,Bruce-Scripts-Heaven_BAD,classified
sd_card_content/badusb_extra_payloads/data_exfiltration/Win/directly_ready/Bruce-Scripts-Heaven_BAD/BadUSB/UNC0V3R3D-BadUSB-Collection/Windows_Badusb/Exfiltration/Network_Exfiltration/Network_Exfiltration.txt,badusb,data_exfiltration,Bruce-Scripts-Heaven_BAD,classified
sd_card_content/badusb_extra_payloads/data_exfiltration/Win/directly_ready/Bruce-Scripts-Heaven_BAD/BadUSB/UNC0V3R3D-BadUSB-Collection/Windows_Badusb/Exfiltration/SAMexfil/SAMexfil.txt,badusb,data_exfiltration,Bruce-Scripts-Heaven_BAD,classified
sd_card_content/badusb_extra_payloads/_unclassified/Bruce-Scripts-Heaven_BAD/BadUSB/UNC0V3R3D-BadUSB-Collection/iPhone_Badusb/open-website/iPhone_open_website.txt,badusb,_unclassified,Bruce-Scripts-Heaven_BAD,classified-unmatched
sd_card_content/badusb_extra_payloads/data_exfiltration/Win/directly_ready/Bruce-Scripts-Heaven_BAD/BadUSB/Bookmark-Hog/payload.txt,badusb,data_exfiltration,Bruce-Scripts-Heaven_BAD,classified
sd_card_content/badusb_extra_payloads/destruction/Unix-like/Linux/directly_ready/Bruce-Scripts-Heaven_BAD/BadUSB/FLIZZ3R/FZROPEN_WRECKER.txt,badusb,destruction,Bruce-Scripts-Heaven_BAD,classified
sd_card_content/badusb_extra_payloads/_unclassified/Bruce-Scripts-Heaven_BAD/BadUSB/FLIZZ3R/BUSY-GUI.txt,badusb,_unclassified,Bruce-Scripts-Heaven_BAD,classified-unmatched
sd_card_content/badusb_extra_payloads/_unclassified/Bruce-Scripts-Heaven_BAD/BadUSB/FLIZZ3R/EMERGENKEY_FZR.txt,badusb,_unclassified,Bruce-Scripts-Heaven_BAD,classified-unmatched
sd_card_content/badusb_extra_payloads/utilities/Android/directly_ready/Bruce-Scripts-Heaven_BAD/BadUSB/FLIZZ3R/FLIZAPPAUTO.txt,badusb,utilities,Bruce-Scripts-Heaven_BAD,classified
sd_card_content/badusb_extra_payloads/collection/Win/directly_ready/Bruce-Scripts-Heaven_BAD/BadUSB/s4dic - BadUSB/DiscordGrabber/DiscordGrabber.txt,badusb,collection,Bruce-Scripts-Heaven_BAD,classified
sd_card_content/badusb_extra_payloads/_unclassified/Bruce-Scripts-Heaven_BAD/BadUSB/Discord_FAQ/RM_FW_DL.txt,badusb,_unclassified,Bruce-Scripts-Heaven_BAD,classified-unmatched
sd_card_content/badusb_extra_payloads/_unclassified/Bruce-Scripts-Heaven_BAD/BadUSB/Discord_FAQ/My_Flip_Repo.txt,badusb,_unclassified,Bruce-Scripts-Heaven_BAD,classified-unmatched
sd_card_content/badusb_extra_payloads/collection/Win/directly_ready/Bruce-Scripts-Heaven_BAD/BadUSB/credentials/Win/open_smb_share_to_steal_creds.txt,badusb,collection,Bruce-Scripts-Heaven_BAD,classified
sd_card_content/badusb_extra_payloads/data_exfiltration/Win/directly_ready/Bruce-Scripts-Heaven_BAD/BadUSB/exfiltration/Win/Bookmark-Hog/payload.txt,badusb,data_exfiltration,Bruce-Scripts-Heaven_BAD,classified
sd_card_content/badusb_extra_payloads/data_exfiltration/Win/directly_ready/Bruce-Scripts-Heaven_BAD/BadUSB/exfiltration/Win/chrome-exfil/payload.txt,badusb,data_exfiltration,Bruce-Scripts-Heaven_BAD,classified
sd_card_content/badusb_extra_payloads/data_exfiltration/Win/directly_ready/Bruce-Scripts-Heaven_BAD/BadUSB/exfiltration/Win/History-Pig/payload.txt,badusb,data_exfiltration,Bruce-Scripts-Heaven_BAD,classified
sd_card_content/badusb_extra_payloads/data_exfiltration/Win/directly_ready/Bruce-Scripts-Heaven_BAD/BadUSB/exfiltration/Win/Copy-And-Waste/payload.txt,badusb,data_exfiltration,Bruce-Scripts-Heaven_BAD,classified
sd_card_content/badusb_extra_payloads/destruction/Win/configuration_needed/Bruce-Scripts-Heaven_BAD/BadUSB/Bombs/You_are_an_Idiot_Web.txt,badusb,destruction,Bruce-Scripts-Heaven_BAD,classified
sd_card_content/badusb_extra_payloads/data_exfiltration/Win/directly_ready/Bruce-Scripts-Heaven_BAD/BadUSB/History-Pig/payload.txt,badusb,data_exfiltration,Bruce-Scripts-Heaven_BAD,classified
sd_card_content/badusb_extra_payloads/remote_access/Win/directly_ready/Bruce-Scripts-Heaven_BAD/BadUSB/InfoSecREDD_Payloads/C2-Data-Exfil-Discord.txt,badusb,remote_access,Bruce-Scripts-Heaven_BAD,classified
sd_card_content/badusb_extra_payloads/_unclassified/Bruce-Scripts-Heaven_BAD/BadUSB/Water-UnMark/payload.txt,badusb,_unclassified,Bruce-Scripts-Heaven_BAD,classified-unmatched
sd_card_content/badusb_extra_payloads/utilities/Win/directly_ready/Bruce-Scripts-Heaven_BAD/BadUSB/incident_response/Win/GoodUSB/payload.txt,badusb,utilities,Bruce-Scripts-Heaven_BAD,classified
sd_card_content/badusb_extra_payloads/destruction/Win/directly_ready/Bruce-Scripts-Heaven_BAD/BadUSB/RansomwareSimulation/RansomwareSimCleanup.txt,badusb,destruction,Bruce-Scripts-Heaven_BAD,classified
sd_card_content/badusb_extra_payloads/destruction/Win/directly_ready/Bruce-Scripts-Heaven_BAD/BadUSB/RansomwareSimulation/RansomwareSimMain.txt,badusb,destruction,Bruce-Scripts-Heaven_BAD,classified
sd_card_content/badusb_extra_payloads/data_exfiltration/Win/directly_ready/Bruce-Scripts-Heaven_BAD/BadUSB/Screen-Shock/payload.txt,badusb,data_exfiltration,Bruce-Scripts-Heaven_BAD,classified
sd_card_content/badusb_extra_payloads/data_exfiltration/Win/directly_ready/Bruce-Scripts-Heaven_BAD/BadUSB/Copy-And-Waste/payload.txt,badusb,data_exfiltration,Bruce-Scripts-Heaven_BAD,classified
sd_card_content/badusb_extra_payloads/destruction/Win/directly_ready/Bruce-Scripts-Heaven_BAD/BadUSB/BadUSB-MarkCyber/RansomwareSimulation/RansomwareSimulation1.txt,badusb,destruction,Bruce-Scripts-Heaven_BAD,classified
sd_card_content/badusb_extra_payloads/destruction/Win/directly_ready/Bruce-Scripts-Heaven_BAD/BadUSB/BadUSB-MarkCyber/RansomwareSimulation/RansomwareSimulation2-cleanup.txt,badusb,destruction,Bruce-Scripts-Heaven_BAD,classified
sd_card_content/badusb_extra_payloads/collection/Win/directly_ready/Bruce-Scripts-Heaven_BAD/BadUSB/BadUSB-MarkCyber/HackStuff/CredentialHarvester.txt,badusb,collection,Bruce-Scripts-Heaven_BAD,classified
sd_card_content/badusb_extra_payloads/command_control/Win/directly_ready/Bruce-Scripts-Heaven_BAD/BadUSB/BadUSB-MarkCyber/HackStuff/VulnerabilityScanner.txt,badusb,command_control,Bruce-Scripts-Heaven_BAD,classified
sd_card_content/badusb_extra_payloads/_unclassified/Bruce-Scripts-Heaven_BAD/BadUSB/BadUSB-MarkCyber/Emails/EmailSender.txt,badusb,_unclassified,Bruce-Scripts-Heaven_BAD,classified-unmatched
sd_card_content/badusb_extra_payloads/collection/Win/directly_ready/Bruce-Scripts-Heaven_BAD/BadUSB/HackStuff/CredentialHarvester.txt,badusb,collection,Bruce-Scripts-Heaven_BAD,classified
sd_card_content/badusb_extra_payloads/command_control/Win/directly_ready/Bruce-Scripts-Heaven_BAD/BadUSB/HackStuff/VulnerabilityScanner.txt,badusb,command_control,Bruce-Scripts-Heaven_BAD,classified
sd_card_content/badusb_extra_payloads/social_engineering/Win/directly_ready/Bruce-Scripts-Heaven_BAD/BadUSB/phishing/Win/duckyphish/duckyphish.txt,badusb,social_engineering,Bruce-Scripts-Heaven_BAD,classified
sd_card_content/badusb_extra_payloads/_unclassified/Bruce-Scripts-Heaven_BAD/BadUSB/general/GitHub-Star.txt,badusb,_unclassified,Bruce-Scripts-Heaven_BAD,classified-unmatched
sd_card_content/badusb_extra_payloads/_unclassified/Bruce-Scripts-Heaven_BAD/BadUSB/general/Win/Water-UnMark/payload.txt,badusb,_unclassified,Bruce-Scripts-Heaven_BAD,classified-unmatched
sd_card_content/badusb_extra_payloads/remote_access/Win/directly_ready/Bruce-Scripts-Heaven_BAD/BadUSB/remote_access/Win/NSHELL/Payload.txt,badusb,remote_access,Bruce-Scripts-Heaven_BAD,classified
sd_card_content/badusb_extra_payloads/data_exfiltration/Win/directly_ready/Bruce-Scripts-Heaven_BAD/BadUSB/Pwn-Drive/payload.txt,badusb,data_exfiltration,Bruce-Scripts-Heaven_BAD,classified
sd_card_content/badusb_extra_payloads/prank/Unix-like/macOS/directly_ready/Bruce-Scripts-Heaven_BAD/BadUSB/prank/Unix-like/Linux/RickRoll/TerminalRickRoll/QuackTUX.txt,badusb,prank,Bruce-Scripts-Heaven_BAD,classified
sd_card_content/badusb_extra_payloads/prank/Win/directly_ready/Bruce-Scripts-Heaven_BAD/BadUSB/prank/Win/JumpScare/payload.txt,badusb,prank,Bruce-Scripts-Heaven_BAD,classified
sd_card_content/badusb_extra_payloads/prank/Win/directly_ready/Bruce-Scripts-Heaven_BAD/BadUSB/prank/Win/Always-Minimize/payload.txt,badusb,prank,Bruce-Scripts-Heaven_BAD,classified
sd_card_content/badusb_extra_payloads/_unclassified/Bruce-Scripts-Heaven_BAD/BadUSB/Emails/EmailSender.txt,badusb,_unclassified,Bruce-Scripts-Heaven_BAD,classified-unmatched
sd_card_content/badusb_extra_payloads/_unclassified/Bruce-Scripts-Heaven_BAD/BadUSB/Emails/EmailScriptGenerator.py,badusb,_unclassified,Bruce-Scripts-Heaven_BAD,classified-unmatched
sd_card_content/badusb_extra_payloads/data_exfiltration/Win/directly_ready/Bruce-Scripts-Heaven_BAD/Exfiltrate-to-Discord/Exfiltrate-to-Discord.txt,badusb,data_exfiltration,Bruce-Scripts-Heaven_BAD,classified
sd_card_content/badusb_extra_payloads/data_exfiltration/Win/directly_ready/Bruce-Scripts-Heaven_BAD/Exfiltrate-to-Dropbox/Exfiltrate-to-Dropbox.txt,badusb,data_exfiltration,Bruce-Scripts-Heaven_BAD,classified
sd_card_content/badusb_extra_payloads/remote_access/Win/directly_ready/Bruce-Scripts-Heaven_BAD/Discord-C2/Discord C2 Client.txt,badusb,remote_access,Bruce-Scripts-Heaven_BAD,classified
sd_card_content/badusb_extra_payloads/remote_access/Unix-like/Linux/directly_ready/Bruce-Scripts-Heaven_BAD/remote_access/Unix-like/Linux/persistentReverseDucky/payload.txt,badusb,remote_access,Bruce-Scripts-Heaven_BAD,classified
sd_card_content/badusb_extra_payloads/remote_access/Unix-like/macOS/directly_ready/Bruce-Scripts-Heaven_BAD/remote_access/Unix-like/OSX/netcatbackdoor3.txt,badusb,remote_access,Bruce-Scripts-Heaven_BAD,classified
sd_card_content/badusb_extra_payloads/remote_access/Unix-like/macOS/directly_ready/Bruce-Scripts-Heaven_BAD/remote_access/Unix-like/OSX/basic_script.txt,badusb,remote_access,Bruce-Scripts-Heaven_BAD,classified
sd_card_content/badusb_extra_payloads/remote_access/Unix-like/macOS/directly_ready/Bruce-Scripts-Heaven_BAD/remote_access/Unix-like/OSX/Root_backdoor.txt,badusb,remote_access,Bruce-Scripts-Heaven_BAD,classified
sd_card_content/badusb_extra_payloads/remote_access/Win/directly_ready/Bruce-Scripts-Heaven_BAD/remote_access/Win/win10lockpick.txt,badusb,remote_access,Bruce-Scripts-Heaven_BAD,classified
sd_card_content/badusb_extra_payloads/remote_access/Unix-like/Linux/directly_ready/Bruce-Scripts-Heaven_BAD/remote_access/Win/ReverseDucky/payload.txt,badusb,remote_access,Bruce-Scripts-Heaven_BAD,classified
sd_card_content/badusb_extra_payloads/remote_access/Unix-like/Linux/directly_ready/Bruce-Scripts-Heaven_BAD/remote_access/Win/ReverseDucky/ReverseDucky.txt,badusb,remote_access,Bruce-Scripts-Heaven_BAD,classified
sd_card_content/badusb_extra_payloads/discovery/Win/directly_ready/Bruce-Scripts-Heaven_BAD/Exfiltrate-to-USB/Exfiltrate-to-USB.txt,badusb,discovery,Bruce-Scripts-Heaven_BAD,classified
sd_card_content/badusb_extra_payloads/reconnaissance/Win/directly_ready/Bruce-Scripts-Heaven_BAD/x-frame-options_scanner/recon_files/assets/js/constants.js,badusb,reconnaissance,Bruce-Scripts-Heaven_BAD,classified
sd_card_content/badusb_extra_payloads/reconnaissance/Win/directly_ready/Bruce-Scripts-Heaven_BAD/x-frame-options_scanner/recon_files/assets/js/main.js,badusb,reconnaissance,Bruce-Scripts-Heaven_BAD,classified
sd_card_content/badusb_extra_payloads/reconnaissance/Win/directly_ready/Bruce-Scripts-Heaven_BAD/x-frame-options_scanner/recon_files/assets/js/functions/sleep.js,badusb,reconnaissance,Bruce-Scripts-Heaven_BAD,classified
sd_card_content/badusb_extra_payloads/reconnaissance/Win/directly_ready/Bruce-Scripts-Heaven_BAD/x-frame-options_scanner/recon_files/assets/js/functions/targets.js,badusb,reconnaissance,Bruce-Scripts-Heaven_BAD,classified
sd_card_content/badusb_extra_payloads/reconnaissance/Win/directly_ready/Bruce-Scripts-Heaven_BAD/x-frame-options_scanner/recon_files/assets/js/functions/recon.js,badusb,reconnaissance,Bruce-Scripts-Heaven_BAD,classified
sd_card_content/badusb_extra_payloads/data_exfiltration/Win/directly_ready/Bruce-Scripts-Heaven_BAD/Exfiltrate-to-Telegram/Exfiltrate-to-Telegram.txt,badusb,data_exfiltration,Bruce-Scripts-Heaven_BAD,classified
sd_card_content/badusb_extra_payloads/prank/Unix-like/macOS/directly_ready/Bruce-Scripts-Heaven_BAD/MacTalk/mactalk.txt,badusb,prank,Bruce-Scripts-Heaven_BAD,classified
sd_card_content/badusb_extra_payloads/data_exfiltration/Win/directly_ready/Bruce-Scripts-Heaven_BAD/Pwn-Drive/payload.txt,badusb,data_exfiltration,Bruce-Scripts-Heaven_BAD,classified
sd_card_content/badusb_extra_payloads/collection/Win/directly_ready/Bruce-Scripts-Heaven_BAD/Simple_User_Password_Grabber/payload.txt,badusb,collection,Bruce-Scripts-Heaven_BAD,classified
sd_card_content/badusb_extra_payloads/_unclassified/Bruce-Scripts-Heaven_BAD/OneDuckToQuackThemAll/Docs/gpl.txt,badusb,_unclassified,Bruce-Scripts-Heaven_BAD,classified-unmatched
sd_card_content/badusb_extra_payloads/_unclassified/Bruce-Scripts-Heaven_BAD/Conditions/Conditions-example4.txt,badusb,_unclassified,Bruce-Scripts-Heaven_BAD,classified-unmatched
sd_card_content/badusb_extra_payloads/_unclassified/Bruce-Scripts-Heaven_BAD/Conditions/Conditions-example3.txt,badusb,_unclassified,Bruce-Scripts-Heaven_BAD,classified-unmatched
sd_card_content/badusb_extra_payloads/_unclassified/Bruce-Scripts-Heaven_BAD/Conditions/Conditions-example6.txt,badusb,_unclassified,Bruce-Scripts-Heaven_BAD,classified-unmatched
sd_card_content/badusb_extra_payloads/_unclassified/Bruce-Scripts-Heaven_BAD/Conditions/Conditions-example1.txt,badusb,_unclassified,Bruce-Scripts-Heaven_BAD,classified-unmatched
sd_card_content/badusb_extra_payloads/_unclassified/Bruce-Scripts-Heaven_BAD/Conditions/Conditions-example5.txt,badusb,_unclassified,Bruce-Scripts-Heaven_BAD,classified-unmatched
sd_card_content/badusb_extra_payloads/_unclassified/Bruce-Scripts-Heaven_BAD/Conditions/Conditions-example2.txt,badusb,_unclassified,Bruce-Scripts-Heaven_BAD,classified-unmatched
sd_card_content/badusb_extra_payloads/prank/Unix-like/macOS/directly_ready/Bruce-Scripts-Heaven_BAD/Windows_MacOS_ascii-live_CMD_Rickroll/Windows CMD Rickroll.txt,badusb,prank,Bruce-Scripts-Heaven_BAD,classified
sd_card_content/badusb_extra_payloads/prank/Unix-like/macOS/directly_ready/Bruce-Scripts-Heaven_BAD/Windows_MacOS_ascii-live_CMD_Rickroll/MacOS Terminal Rickroll.txt,badusb,prank,Bruce-Scripts-Heaven_BAD,classified
sd_card_content/badusb_extra_payloads/_unclassified/Bruce-Scripts-Heaven_BAD/Flip-PS-Draw/PS-Draw.txt,badusb,_unclassified,Bruce-Scripts-Heaven_BAD,classified-unmatched
sd_card_content/badusb_extra_payloads/data_exfiltration/Win/directly_ready/Bruce-Scripts-Heaven_BAD/Speech-to-Discord/Speech-to-Discord.txt,badusb,data_exfiltration,Bruce-Scripts-Heaven_BAD,classified
sd_card_content/badusb_extra_payloads/_unclassified/Bruce-Scripts-Heaven_BAD/USB-Poison/USB-Poison.txt,badusb,_unclassified,Bruce-Scripts-Heaven_BAD,classified-unmatched
sd_card_content/badusb_extra_payloads/_unclassified/Bruce-Scripts-Heaven_BAD/Flip-We-Found-You/We-Found-You.txt,badusb,_unclassified,Bruce-Scripts-Heaven_BAD,classified-unmatched
sd_card_content/badusb_extra_payloads/destruction/Win/directly_ready/Bruce-Scripts-Heaven_BAD/Ducky_Crab/payload.txt,badusb,destruction,Bruce-Scripts-Heaven_BAD,classified
sd_card_content/badusb_extra_payloads/prank/Unix-like/macOS/directly_ready/Bruce-Scripts-Heaven_BAD/TerminalRickRoll/QuackTUX.txt,badusb,prank,Bruce-Scripts-Heaven_BAD,classified
sd_card_content/badusb_extra_payloads/prank/Win/directly_ready/Bruce-Scripts-Heaven_BAD/TerminalRickRoll/QuackTUXmean.txt,badusb,prank,Bruce-Scripts-Heaven_BAD,classified
sd_card_content/badusb_extra_payloads/data_exfiltration/Win/directly_ready/Bruce-Scripts-Heaven_BAD/Poor_Mans_Nmap/payload.txt,badusb,data_exfiltration,Bruce-Scripts-Heaven_BAD,classified
sd_card_content/badusb_extra_payloads/collection/Win/directly_ready/Bruce-Scripts-Heaven_BAD/UNC0V3R3D-BadUSB/BadUsb-Collection/Windows_Badusb/PasswordStuff/StealWifiKeys_onUSB/StealWifiKeys_onUSB.txt,badusb,collection,Bruce-Scripts-Heaven_BAD,classified
sd_card_content/badusb_extra_payloads/collection/Win/directly_ready/Bruce-Scripts-Heaven_BAD/UNC0V3R3D-BadUSB/BadUsb-Collection/Windows_Badusb/PasswordStuff/Show_Saved_Password/Show_Saved_Passwords.txt,badusb,collection,Bruce-Scripts-Heaven_BAD,classified
sd_card_content/badusb_extra_payloads/collection/Win/directly_ready/Bruce-Scripts-Heaven_BAD/UNC0V3R3D-BadUSB/BadUsb-Collection/Windows_Badusb/PasswordStuff/StealWifiKeys_Email/StealWifiKeys_Email.txt,badusb,collection,Bruce-Scripts-Heaven_BAD,classified
sd_card_content/badusb_extra_payloads/collection/Win/directly_ready/Bruce-Scripts-Heaven_BAD/UNC0V3R3D-BadUSB/BadUsb-Collection/Windows_Badusb/PasswordStuff/StealWifiKeys/StealWifiKeys.txt,badusb,collection,Bruce-Scripts-Heaven_BAD,classified
sd_card_content/badusb_extra_payloads/data_exfiltration/Win/directly_ready/Bruce-Scripts-Heaven_BAD/UNC0V3R3D-BadUSB/BadUsb-Collection/Windows_Badusb/PasswordStuff/ChromePasswords/chrome_passwords_discord.txt,badusb,data_exfiltration,Bruce-Scripts-Heaven_BAD,classified
sd_card_content/badusb_extra_payloads/collection/Win/directly_ready/Bruce-Scripts-Heaven_BAD/UNC0V3R3D-BadUSB/BadUsb-Collection/Windows_Badusb/PasswordStuff/Simple_User_Password_Grabber/Simple_User_Password_Grabber.txt,badusb,collection,Bruce-Scripts-Heaven_BAD,classified
sd_card_content/badusb_extra_payloads/_unclassified/Bruce-Scripts-Heaven_BAD/UNC0V3R3D-BadUSB/BadUsb-Collection/Windows_Badusb/ASCII/DownLoadAscii/happyBday.txt,badusb,_unclassified,Bruce-Scripts-Heaven_BAD,classified-unmatched
sd_card_content/badusb_extra_payloads/_unclassified/Bruce-Scripts-Heaven_BAD/UNC0V3R3D-BadUSB/BadUsb-Collection/Windows_Badusb/ASCII/DownLoadAscii/memelaugh.txt,badusb,_unclassified,Bruce-Scripts-Heaven_BAD,classified-unmatched
sd_card_content/badusb_extra_payloads/_unclassified/Bruce-Scripts-Heaven_BAD/UNC0V3R3D-BadUSB/BadUsb-Collection/Windows_Badusb/ASCII/DownLoadAscii/mrbeanagain.txt,badusb,_unclassified,Bruce-Scripts-Heaven_BAD,classified-unmatched
sd_card_content/badusb_extra_payloads/_unclassified/Bruce-Scripts-Heaven_BAD/UNC0V3R3D-BadUSB/BadUsb-Collection/Windows_Badusb/ASCII/DownLoadAscii/mrbean.txt,badusb,_unclassified,Bruce-Scripts-Heaven_BAD,classified-unmatched
sd_card_content/badusb_extra_payloads/_unclassified/Bruce-Scripts-Heaven_BAD/UNC0V3R3D-BadUSB/BadUsb-Collection/Windows_Badusb/ASCII/DownLoadAscii/trollface2.txt,badusb,_unclassified,Bruce-Scripts-Heaven_BAD,classified-unmatched
sd_card_content/badusb_extra_payloads/_unclassified/Bruce-Scripts-Heaven_BAD/UNC0V3R3D-BadUSB/BadUsb-Collection/Windows_Badusb/ASCII/DownLoadAscii/pepefrog.txt,badusb,_unclassified,Bruce-Scripts-Heaven_BAD,classified-unmatched
sd_card_content/badusb_extra_payloads/_unclassified/Bruce-Scripts-Heaven_BAD/UNC0V3R3D-BadUSB/BadUsb-Collection/Windows_Badusb/ASCII/DownLoadAscii/ok.txt,badusb,_unclassified,Bruce-Scripts-Heaven_BAD,classified-unmatched
sd_card_content/badusb_extra_payloads/_unclassified/Bruce-Scripts-Heaven_BAD/UNC0V3R3D-BadUSB/BadUsb-Collection/Windows_Badusb/ASCII/DownLoadAscii/trollface3.txt,badusb,_unclassified,Bruce-Scripts-Heaven_BAD,classified-unmatched
sd_card_content/badusb_extra_payloads/_unclassified/Bruce-Scripts-Heaven_BAD/UNC0V3R3D-BadUSB/BadUsb-Collection/Windows_Badusb/ASCII/DownLoadAscii/stormtrooper.txt,badusb,_unclassified,Bruce-Scripts-Heaven_BAD,classified-unmatched
sd_card_content/badusb_extra_payloads/_unclassified/Bruce-Scripts-Heaven_BAD/UNC0V3R3D-BadUSB/BadUsb-Collection/Windows_Badusb/ASCII/DownLoadAscii/ghostbuster.txt,badusb,_unclassified,Bruce-Scripts-Heaven_BAD,classified-unmatched
sd_card_content/badusb_extra_payloads/_unclassified/Bruce-Scripts-Heaven_BAD/UNC0V3R3D-BadUSB/BadUsb-Collection/Windows_Badusb/ASCII/DownLoadAscii/koolaid.txt,badusb,_unclassified,Bruce-Scripts-Heaven_BAD,classified-unmatched
sd_card_content/badusb_extra_payloads/_unclassified/Bruce-Scripts-Heaven_BAD/UNC0V3R3D-BadUSB/BadUsb-Collection/Windows_Badusb/ASCII/DownLoadAscii/trollfaceDANCE.txt,badusb,_unclassified,Bruce-Scripts-Heaven_BAD,classified-unmatched
sd_card_content/badusb_extra_payloads/_unclassified/Bruce-Scripts-Heaven_BAD/UNC0V3R3D-BadUSB/BadUsb-Collection/Windows_Badusb/ASCII/DownLoadAscii/indian-tech-support.txt,badusb,_unclassified,Bruce-Scripts-Heaven_BAD,classified-unmatched
sd_card_content/badusb_extra_payloads/_unclassified/Bruce-Scripts-Heaven_BAD/UNC0V3R3D-BadUSB/BadUsb-Collection/Windows_Badusb/ASCII/DownLoadAscii/pepefat.txt,badusb,_unclassified,Bruce-Scripts-Heaven_BAD,classified-unmatched
sd_card_content/badusb_extra_payloads/_unclassified/Bruce-Scripts-Heaven_BAD/UNC0V3R3D-BadUSB/BadUsb-Collection/Windows_Badusb/ASCII/DownLoadAscii/riddle.txt,badusb,_unclassified,Bruce-Scripts-Heaven_BAD,classified-unmatched
sd_card_content/badusb_extra_payloads/_unclassified/Bruce-Scripts-Heaven_BAD/UNC0V3R3D-BadUSB/BadUsb-Collection/Windows_Badusb/ASCII/DownLoadAscii/trollface.txt,badusb,_unclassified,Bruce-Scripts-Heaven_BAD,classified-unmatched
sd_card_content/badusb_extra_payloads/_unclassified/Bruce-Scripts-Heaven_BAD/UNC0V3R3D-BadUSB/BadUsb-Collection/Windows_Badusb/ASCII/Selfwriting/PepeThonkASCII.txt,badusb,_unclassified,Bruce-Scripts-Heaven_BAD,classified-unmatched
sd_card_content/badusb_extra_payloads/_unclassified/Bruce-Scripts-Heaven_BAD/UNC0V3R3D-BadUSB/BadUsb-Collection/Windows_Badusb/ASCII/Selfwriting/Hacked.txt,badusb,_unclassified,Bruce-Scripts-Heaven_BAD,classified-unmatched
sd_card_content/badusb_extra_payloads/prank/Win/directly_ready/Bruce-Scripts-Heaven_BAD/UNC0V3R3D-BadUSB/BadUsb-Collection/Windows_Badusb/ASCII/Selfwriting/RickRoll.txt,badusb,prank,Bruce-Scripts-Heaven_BAD,classified
sd_card_content/badusb_extra_payloads/_unclassified/Bruce-Scripts-Heaven_BAD/UNC0V3R3D-BadUSB/BadUsb-Collection/Windows_Badusb/ASCII/Selfwriting/PepeWowASCII.txt,badusb,_unclassified,Bruce-Scripts-Heaven_BAD,classified-unmatched
sd_card_content/badusb_extra_payloads/prank/Win/directly_ready/Bruce-Scripts-Heaven_BAD/UNC0V3R3D-BadUSB/BadUsb-Collection/Windows_Badusb/ASCII/Selfwriting/SimpleTroll.txt,badusb,prank,Bruce-Scripts-Heaven_BAD,classified
sd_card_content/badusb_extra_payloads/_unclassified/Bruce-Scripts-Heaven_BAD/UNC0V3R3D-BadUSB/BadUsb-Collection/Windows_Badusb/ASCII/Selfwriting/AnonymousASCII.txt,badusb,_unclassified,Bruce-Scripts-Heaven_BAD,classified-unmatched
sd_card_content/badusb_extra_payloads/_unclassified/Bruce-Scripts-Heaven_BAD/UNC0V3R3D-BadUSB/BadUsb-Collection/Windows_Badusb/ASCII/Selfwriting/MonaLisa.txt,badusb,_unclassified,Bruce-Scripts-Heaven_BAD,classified-unmatched
sd_card_content/badusb_extra_payloads/_unclassified/Bruce-Scripts-Heaven_BAD/UNC0V3R3D-BadUSB/BadUsb-Collection/Windows_Badusb/Execution/ActivateRDP/ActivateRDP.txt,badusb,_unclassified,Bruce-Scripts-Heaven_BAD,classified-unmatched
sd_card_content/badusb_extra_payloads/_unclassified/Bruce-Scripts-Heaven_BAD/UNC0V3R3D-BadUSB/BadUsb-Collection/Windows_Badusb/Execution/StickyKeysSWAP/StickyKeysSWAP.txt,badusb,_unclassified,Bruce-Scripts-Heaven_BAD,classified-unmatched
sd_card_content/badusb_extra_payloads/_unclassified/Bruce-Scripts-Heaven_BAD/UNC0V3R3D-BadUSB/BadUsb-Collection/Windows_Badusb/Execution/ChangeWinUsername/ChangeWinUsername.txt,badusb,_unclassified,Bruce-Scripts-Heaven_BAD,classified-unmatched
sd_card_content/badusb_extra_payloads/_unclassified/Bruce-Scripts-Heaven_BAD/UNC0V3R3D-BadUSB/BadUsb-Collection/Windows_Badusb/Execution/DownloadAnyEXE/DownloadAnyEXE.txt,badusb,_unclassified,Bruce-Scripts-Heaven_BAD,classified-unmatched
sd_card_content/badusb_extra_payloads/defense_evasion/Win/directly_ready/Bruce-Scripts-Heaven_BAD/UNC0V3R3D-BadUSB/BadUsb-Collection/Windows_Badusb/Execution/DisableFirewall/DisableFirewall.txt,badusb,defense_evasion,Bruce-Scripts-Heaven_BAD,classified
sd_card_content/badusb_extra_payloads/_unclassified/Bruce-Scripts-Heaven_BAD/UNC0V3R3D-BadUSB/BadUsb-Collection/Windows_Badusb/Execution/Invisible_DownExec/Invisible_DownExec.txt,badusb,_unclassified,Bruce-Scripts-Heaven_BAD,classified-unmatched
sd_card_content/badusb_extra_payloads/_unclassified/Bruce-Scripts-Heaven_BAD/UNC0V3R3D-BadUSB/BadUsb-Collection/Windows_Badusb/Execution/OpenAnyPort/OpenAnyPort.txt,badusb,_unclassified,Bruce-Scripts-Heaven_BAD,classified-unmatched
sd_card_content/badusb_extra_payloads/_unclassified/Bruce-Scripts-Heaven_BAD/UNC0V3R3D-BadUSB/BadUsb-Collection/Windows_Badusb/Execution/StartWifiAccessPoint/StartWifiAccessPoint.txt,badusb,_unclassified,Bruce-Scripts-Heaven_BAD,classified-unmatched
sd_card_content/badusb_extra_payloads/_unclassified/Bruce-Scripts-Heaven_BAD/UNC0V3R3D-BadUSB/BadUsb-Collection/Windows_Badusb/Execution/DNS_Cache_Poison/DNS_Cache_Poison.txt,badusb,_unclassified,Bruce-Scripts-Heaven_BAD,classified-unmatched
sd_card_content/badusb_extra_payloads/_unclassified/Bruce-Scripts-Heaven_BAD/UNC0V3R3D-BadUSB/BadUsb-Collection/Windows_Badusb/Execution/setWinPass/setWinPass.txt,badusb,_unclassified,Bruce-Scripts-Heaven_BAD,classified-unmatched
sd_card_content/badusb_extra_payloads/_unclassified/Bruce-Scripts-Heaven_BAD/UNC0V3R3D-BadUSB/BadUsb-Collection/Windows_Badusb/Execution/RemoveWindowsUpdate/RemoveWindowsUpdate.txt,badusb,_unclassified,Bruce-Scripts-Heaven_BAD,classified-unmatched
sd_card_content/badusb_extra_payloads/_unclassified/Bruce-Scripts-Heaven_BAD/UNC0V3R3D-BadUSB/BadUsb-Collection/Windows_Badusb/Execution/Create_New_Windows_Admin/Create_New_Windows_Admin.txt,badusb,_unclassified,Bruce-Scripts-Heaven_BAD,classified-unmatched
sd_card_content/badusb_extra_payloads/_unclassified/Bruce-Scripts-Heaven_BAD/UNC0V3R3D-BadUSB/BadUsb-Collection/Windows_Badusb/Execution/Invisible_DownExec_Zip_Extract/Invisible_DownExec_Zip_Extract.txt,badusb,_unclassified,Bruce-Scripts-Heaven_BAD,classified-unmatched
sd_card_content/badusb_extra_payloads/_unclassified/Bruce-Scripts-Heaven_BAD/UNC0V3R3D-BadUSB/BadUsb-Collection/Windows_Badusb/Execution/Disable_WinDefender/Disable_WinDefender.txt,badusb,_unclassified,Bruce-Scripts-Heaven_BAD,classified-unmatched
sd_card_content/badusb_extra_payloads/destruction/Win/directly_ready/Bruce-Scripts-Heaven_BAD/UNC0V3R3D-BadUSB/BadUsb-Collection/Windows_Badusb/Execution/Delete_System_32/Delete_System_32.txt,badusb,destruction,Bruce-Scripts-Heaven_BAD,classified
sd_card_content/badusb_extra_payloads/destruction/Win/directly_ready/Bruce-Scripts-Heaven_BAD/UNC0V3R3D-BadUSB/BadUsb-Collection/Windows_Badusb/MoreSeriousFUN/DeleteMicrosoftStore/DeleteMicrosoftStore.txt,badusb,destruction,Bruce-Scripts-Heaven_BAD,classified
sd_card_content/badusb_extra_payloads/destruction/Win/directly_ready/Bruce-Scripts-Heaven_BAD/UNC0V3R3D-BadUSB/BadUsb-Collection/Windows_Badusb/MoreSeriousFUN/DeleteWindowsMail/DeleteWindowsMail.txt,badusb,destruction,Bruce-Scripts-Heaven_BAD,classified
sd_card_content/badusb_extra_payloads/utilities/Win/directly_ready/Bruce-Scripts-Heaven_BAD/UNC0V3R3D-BadUSB/BadUsb-Collection/Windows_Badusb/GoodUSB/Enable_Cortana/enable_cortana.txt,badusb,utilities,Bruce-Scripts-Heaven_BAD,classified
sd_card_content/badusb_extra_payloads/utilities/Win/directly_ready/Bruce-Scripts-Heaven_BAD/UNC0V3R3D-BadUSB/BadUsb-Collection/Windows_Badusb/GoodUSB/Disable_Cortana/disable_cortana.txt,badusb,utilities,Bruce-Scripts-Heaven_BAD,classified
sd_card_content/badusb_extra_payloads/utilities/Win/directly_ready/Bruce-Scripts-Heaven_BAD/UNC0V3R3D-BadUSB/BadUsb-Collection/Windows_Badusb/GoodUSB/Win_Debloater/win_debloat.txt,badusb,utilities,Bruce-Scripts-Heaven_BAD,classified
sd_card_content/badusb_extra_payloads/utilities/Win/directly_ready/Bruce-Scripts-Heaven_BAD/UNC0V3R3D-BadUSB/BadUsb-Collection/Windows_Badusb/GoodUSB/Bloatware_removal/bloatware_remover.txt,badusb,utilities,Bruce-Scripts-Heaven_BAD,classified
sd_card_content/badusb_extra_payloads/utilities/Win/directly_ready/Bruce-Scripts-Heaven_BAD/UNC0V3R3D-BadUSB/BadUsb-Collection/Windows_Badusb/GoodUSB/Clear_Explorer/clear_explorer.txt,badusb,utilities,Bruce-Scripts-Heaven_BAD,classified
sd_card_content/badusb_extra_payloads/utilities/Win/directly_ready/Bruce-Scripts-Heaven_BAD/UNC0V3R3D-BadUSB/BadUsb-Collection/Windows_Badusb/GoodUSB/Privacy_Windows/privacy.txt,badusb,utilities,Bruce-Scripts-Heaven_BAD,classified
sd_card_content/badusb_extra_payloads/utilities/Win/directly_ready/Bruce-Scripts-Heaven_BAD/UNC0V3R3D-BadUSB/BadUsb-Collection/Windows_Badusb/GoodUSB/Activate_Windows/activate_windows.txt,badusb,utilities,Bruce-Scripts-Heaven_BAD,classified
sd_card_content/badusb_extra_payloads/utilities/Win/directly_ready/Bruce-Scripts-Heaven_BAD/UNC0V3R3D-BadUSB/BadUsb-Collection/Windows_Badusb/GoodUSB/OneDrive_Removal/uninstall_onedrive.txt,badusb,utilities,Bruce-Scripts-Heaven_BAD,classified
sd_card_content/badusb_extra_payloads/_unclassified/Bruce-Scripts-Heaven_BAD/UNC0V3R3D-BadUSB/BadUsb-Collection/Windows_Badusb/FUN/Cartman/Cartman.txt,badusb,_unclassified,Bruce-Scripts-Heaven_BAD,classified-unmatched
sd_card_content/badusb_extra_payloads/_unclassified/Bruce-Scripts-Heaven_BAD/UNC0V3R3D-BadUSB/BadUsb-Collection/Windows_Badusb/FUN/NoMoreSound/NoMoreSound.txt,badusb,_unclassified,Bruce-Scripts-Heaven_BAD,classified-unmatched
sd_card_content/badusb_extra_payloads/_unclassified/Bruce-Scripts-Heaven_BAD/UNC0V3R3D-BadUSB/BadUsb-Collection/Windows_Badusb/FUN/FakeBluescreen/FakeBluescreen.txt,badusb,_unclassified,Bruce-Scripts-Heaven_BAD,classified-unmatched
sd_card_content/badusb_extra_payloads/_unclassified/Bruce-Scripts-Heaven_BAD/UNC0V3R3D-BadUSB/BadUsb-Collection/Windows_Badusb/FUN/justdance/justdance.txt,badusb,_unclassified,Bruce-Scripts-Heaven_BAD,classified-unmatched
sd_card_content/badusb_extra_payloads/prank/Win/directly_ready/Bruce-Scripts-Heaven_BAD/UNC0V3R3D-BadUSB/BadUsb-Collection/Windows_Badusb/FUN/WordPrank/WordPrank.txt,badusb,prank,Bruce-Scripts-Heaven_BAD,classified
sd_card_content/badusb_extra_payloads/destruction/Win/directly_ready/Bruce-Scripts-Heaven_BAD/UNC0V3R3D-BadUSB/BadUsb-Collection/Windows_Badusb/FUN/Delete_Discord/delete_discord.txt,badusb,destruction,Bruce-Scripts-Heaven_BAD,classified
sd_card_content/badusb_extra_payloads/destruction/Win/directly_ready/Bruce-Scripts-Heaven_BAD/UNC0V3R3D-BadUSB/BadUsb-Collection/Windows_Badusb/FUN/Destroy_Pc_with_tabs/Destroy_Pc_with_tabs.txt,badusb,destruction,Bruce-Scripts-Heaven_BAD,classified
sd_card_content/badusb_extra_payloads/social_engineering/Win/directly_ready/Bruce-Scripts-Heaven_BAD/UNC0V3R3D-BadUSB/BadUsb-Collection/Windows_Badusb/FUN/FakeUpdateWindows/FakeUpdateWindows.txt,badusb,social_engineering,Bruce-Scripts-Heaven_BAD,classified
sd_card_content/badusb_extra_payloads/_unclassified/Bruce-Scripts-Heaven_BAD/UNC0V3R3D-BadUSB/BadUsb-Collection/Windows_Badusb/FUN/Matrix_Rain_CMD/Matrix_Rain_CMD.txt,badusb,_unclassified,Bruce-Scripts-Heaven_BAD,classified-unmatched
sd_card_content/badusb_extra_payloads/_unclassified/Bruce-Scripts-Heaven_BAD/UNC0V3R3D-BadUSB/BadUsb-Collection/Windows_Badusb/FUN/ComputerTalks/ComputerTalks.txt,badusb,_unclassified,Bruce-Scripts-Heaven_BAD,classified-unmatched
sd_card_content/badusb_extra_payloads/_unclassified/Bruce-Scripts-Heaven_BAD/UNC0V3R3D-BadUSB/BadUsb-Collection/Windows_Badusb/FUN/FakeVirus/FakeVirus.txt,badusb,_unclassified,Bruce-Scripts-Heaven_BAD,classified-unmatched
sd_card_content/badusb_extra_payloads/data_exfiltration/Win/directly_ready/Bruce-Scripts-Heaven_BAD/UNC0V3R3D-BadUSB/BadUsb-Collection/Windows_Badusb/Exfiltration/USB_And_Harddrive_Information/USB_And_Harddrive_Information.txt,badusb,data_exfiltration,Bruce-Scripts-Heaven_BAD,classified
sd_card_content/badusb_extra_payloads/data_exfiltration/Win/directly_ready/Bruce-Scripts-Heaven_BAD/UNC0V3R3D-BadUSB/BadUsb-Collection/Windows_Badusb/Exfiltration/ListWindowsUpdates/ListWindowsUpdates.txt,badusb,data_exfiltration,Bruce-Scripts-Heaven_BAD,classified
sd_card_content/badusb_extra_payloads/data_exfiltration/Win/directly_ready/Bruce-Scripts-Heaven_BAD/UNC0V3R3D-BadUSB/BadUsb-Collection/Windows_Badusb/Exfiltration/Keylogger/Keylogger.txt,badusb,data_exfiltration,Bruce-Scripts-Heaven_BAD,classified
sd_card_content/badusb_extra_payloads/data_exfiltration/Win/directly_ready/Bruce-Scripts-Heaven_BAD/UNC0V3R3D-BadUSB/BadUsb-Collection/Windows_Badusb/Exfiltration/GetAllComputerInfo/GetAllComputerInfo.txt,badusb,data_exfiltration,Bruce-Scripts-Heaven_BAD,classified
sd_card_content/badusb_extra_payloads/data_exfiltration/Win/directly_ready/Bruce-Scripts-Heaven_BAD/UNC0V3R3D-BadUSB/BadUsb-Collection/Windows_Badusb/Exfiltration/Win_User_Info/Win_User_Info.txt,badusb,data_exfiltration,Bruce-Scripts-Heaven_BAD,classified
sd_card_content/badusb_extra_payloads/data_exfiltration/Win/directly_ready/Bruce-Scripts-Heaven_BAD/UNC0V3R3D-BadUSB/BadUsb-Collection/Windows_Badusb/Exfiltration/ExfilFirefox/ExfilFirefox.txt,badusb,data_exfiltration,Bruce-Scripts-Heaven_BAD,classified
sd_card_content/badusb_extra_payloads/data_exfiltration/Win/directly_ready/Bruce-Scripts-Heaven_BAD/UNC0V3R3D-BadUSB/BadUsb-Collection/Windows_Badusb/Exfiltration/General_PC_Information/General_PC_Information.txt,badusb,data_exfiltration,Bruce-Scripts-Heaven_BAD,classified
sd_card_content/badusb_extra_payloads/data_exfiltration/Win/directly_ready/Bruce-Scripts-Heaven_BAD/UNC0V3R3D-BadUSB/BadUsb-Collection/Windows_Badusb/Exfiltration/SAMexfil/SAMexfil.txt,badusb,data_exfiltration,Bruce-Scripts-Heaven_BAD,classified
sd_card_content/badusb_extra_payloads/data_exfiltration/Win/directly_ready/Bruce-Scripts-Heaven_BAD/UNC0V3R3D-BadUSB/BadUsb-Collection/Windows_Badusb/Exfiltration/IP_To_Discord/SaveIP_ToDiscordWebhook.txt,badusb,data_exfiltration,Bruce-Scripts-Heaven_BAD,classified
sd_card_content/badusb_extra_payloads/remote_access/Win/directly_ready/Bruce-Scripts-Heaven_BAD/UNC0V3R3D-BadUSB/BadUsb-Collection/Windows_Badusb/Remote-Access/CommandLineBackdoor/CommandLineBackdoor.txt,badusb,remote_access,Bruce-Scripts-Heaven_BAD,classified
sd_card_content/badusb_extra_payloads/_unclassified/Bruce-Scripts-Heaven_BAD/UNC0V3R3D-BadUSB/BadUsb-Collection/iPhone_Badusb/open-website/iPhone_open_website.txt,badusb,_unclassified,Bruce-Scripts-Heaven_BAD,classified-unmatched
sd_card_content/badusb_extra_payloads/prank/Unix-like/Linux/directly_ready/Bruce-Scripts-Heaven_BAD/prank/Unix-like/Linux/Say_the_magic_word/quack.txt,badusb,prank,Bruce-Scripts-Heaven_BAD,classified
sd_card_content/badusb_extra_payloads/prank/Unix-like/Linux/directly_ready/Bruce-Scripts-Heaven_BAD/prank/Unix-like/Linux/Terminal_Parrot/cacaw.txt,badusb,prank,Bruce-Scripts-Heaven_BAD,classified
sd_card_content/badusb_extra_payloads/prank/Unix-like/macOS/directly_ready/Bruce-Scripts-Heaven_BAD/prank/Unix-like/Linux/RickRoll/TerminalRickRoll/QuackTUX.txt,badusb,prank,Bruce-Scripts-Heaven_BAD,classified
sd_card_content/badusb_extra_payloads/prank/Unix-like/Linux/directly_ready/Bruce-Scripts-Heaven_BAD/prank/Unix-like/Linux/RickRoll/TerminalRickRoll/QuackTUXmean.txt,badusb,prank,Bruce-Scripts-Heaven_BAD,classified
sd_card_content/badusb_extra_payloads/prank/Unix-like/Linux/directly_ready/Bruce-Scripts-Heaven_BAD/prank/Unix-like/Linux/Inverted_desktop_troll/Rick/quackvlc.txt,badusb,prank,Bruce-Scripts-Heaven_BAD,classified
sd_card_content/badusb_extra_payloads/prank/Unix-like/Linux/directly_ready/Bruce-Scripts-Heaven_BAD/prank/Unix-like/Linux/Inverted_desktop_troll/Rick/quackYT.txt,badusb,prank,Bruce-Scripts-Heaven_BAD,classified
sd_card_content/badusb_extra_payloads/prank/Unix-like/Linux/directly_ready/Bruce-Scripts-Heaven_BAD/prank/Unix-like/Linux/Inverted_desktop_troll/Rick/quackstock.txt,badusb,prank,Bruce-Scripts-Heaven_BAD,classified
sd_card_content/badusb_extra_payloads/prank/Unix-like/Linux/directly_ready/Bruce-Scripts-Heaven_BAD/prank/Unix-like/Linux/Inverted_desktop_troll/milos/quackmean.txt,badusb,prank,Bruce-Scripts-Heaven_BAD,classified
sd_card_content/badusb_extra_payloads/prank/Unix-like/Linux/directly_ready/Bruce-Scripts-Heaven_BAD/prank/Unix-like/Linux/Inverted_desktop_troll/milos/quackvlc.txt,badusb,prank,Bruce-Scripts-Heaven_BAD,classified
sd_card_content/badusb_extra_payloads/prank/Unix-like/Linux/directly_ready/Bruce-Scripts-Heaven_BAD/prank/Unix-like/Linux/Linux_power/shutdown.txt,badusb,prank,Bruce-Scripts-Heaven_BAD,classified
sd_card_content/badusb_extra_payloads/prank/Unix-like/Linux/directly_ready/Bruce-Scripts-Heaven_BAD/prank/Unix-like/Linux/Linux_power/reboot.txt,badusb,prank,Bruce-Scripts-Heaven_BAD,classified
sd_card_content/badusb_extra_payloads/prank/Unix-like/Linux/directly_ready/Bruce-Scripts-Heaven_BAD/prank/Unix-like/Linux/Anti-Browser/Fuck_your_tabs.txt,badusb,prank,Bruce-Scripts-Heaven_BAD,classified
sd_card_content/badusb_extra_payloads/prank/Unix-like/Linux/directly_ready/Bruce-Scripts-Heaven_BAD/prank/Unix-like/Linux/Anti-Browser/Fuck_your_tabs+startup.txt,badusb,prank,Bruce-Scripts-Heaven_BAD,classified
sd_card_content/badusb_extra_payloads/prank/Unix-like/Linux/directly_ready/Bruce-Scripts-Heaven_BAD/prank/Unix-like/Linux/Anti-Browser/Fuck_your_tabs+ALTF4.txt,badusb,prank,Bruce-Scripts-Heaven_BAD,classified
sd_card_content/badusb_extra_payloads/prank/Unix-like/Linux/directly_ready/Bruce-Scripts-Heaven_BAD/prank/Unix-like/Linux/Anti-Browser/Fuck_your_tabs+ALTF4+Startup.txt,badusb,prank,Bruce-Scripts-Heaven_BAD,classified
sd_card_content/badusb_extra_payloads/prank/Unix-like/Linux/directly_ready/Bruce-Scripts-Heaven_BAD/prank/Unix-like/Linux/Activate_linux/quack.txt,badusb,prank,Bruce-Scripts-Heaven_BAD,classified
sd_card_content/badusb_extra_payloads/prank/Unix-like/macOS/directly_ready/Bruce-Scripts-Heaven_BAD/prank/Unix-like/OSx/SayPoop/quack.txt,badusb,prank,Bruce-Scripts-Heaven_BAD,classified
sd_card_content/badusb_extra_payloads/prank/Unix-like/macOS/directly_ready/Bruce-Scripts-Heaven_BAD/prank/Unix-like/OSx/Hacker_Typer/Apple.txt,badusb,prank,Bruce-Scripts-Heaven_BAD,classified
sd_card_content/badusb_extra_payloads/prank/Unix-like/macOS/directly_ready/Bruce-Scripts-Heaven_BAD/prank/Unix-like/OSx/Anti-Browser/Fuck_your_tabs.txt,badusb,prank,Bruce-Scripts-Heaven_BAD,classified
sd_card_content/badusb_extra_payloads/prank/Unix-like/macOS/directly_ready/Bruce-Scripts-Heaven_BAD/prank/Unix-like/OSx/Anti-Browser/Fuck_your_tabs+startup.txt,badusb,prank,Bruce-Scripts-Heaven_BAD,classified
sd_card_content/badusb_extra_payloads/prank/Unix-like/macOS/directly_ready/Bruce-Scripts-Heaven_BAD/prank/Unix-like/OSx/Anti-Browser/Efftabsbasic.txt,badusb,prank,Bruce-Scripts-Heaven_BAD,classified
sd_card_content/badusb_extra_payloads/prank/Unix-like/macOS/directly_ready/Bruce-Scripts-Heaven_BAD/prank/Unix-like/OSx/Anti-Browser/Fuck_your_tabs+ALTF4.txt,badusb,prank,Bruce-Scripts-Heaven_BAD,classified
sd_card_content/badusb_extra_payloads/prank/Unix-like/macOS/directly_ready/Bruce-Scripts-Heaven_BAD/prank/Unix-like/OSx/Anti-Browser/Fuck_your_tabs+ALTF4+Startup.txt,badusb,prank,Bruce-Scripts-Heaven_BAD,classified
sd_card_content/badusb_extra_payloads/prank/Unix-like/macOS/directly_ready/Bruce-Scripts-Heaven_BAD/prank/Unix-like/OSx/Digital_Rain/payload.txt,badusb,prank,Bruce-Scripts-Heaven_BAD,classified
sd_card_content/badusb_extra_payloads/prank/Unix-like/macOS/directly_ready/Bruce-Scripts-Heaven_BAD/prank/Unix-like/OSx/TerminalRickRoll/Quackmean.txt,badusb,prank,Bruce-Scripts-Heaven_BAD,classified
sd_card_content/badusb_extra_payloads/prank/Unix-like/macOS/directly_ready/Bruce-Scripts-Heaven_BAD/prank/Unix-like/OSx/TerminalRickRoll/Quack.txt,badusb,prank,Bruce-Scripts-Heaven_BAD,classified
sd_card_content/badusb_extra_payloads/prank/iOS/directly_ready/Bruce-Scripts-Heaven_BAD/prank/Unix-like/iOS/RickRoll_Apple/payload.txt,badusb,prank,Bruce-Scripts-Heaven_BAD,classified
sd_card_content/badusb_extra_payloads/prank/Win/directly_ready/Bruce-Scripts-Heaven_BAD/prank/Win/The_Matrix-Wake_Up/payload.txt,badusb,prank,Bruce-Scripts-Heaven_BAD,classified
sd_card_content/badusb_extra_payloads/prank/Win/directly_ready/Bruce-Scripts-Heaven_BAD/prank/Win/Hacker_Typer/payload.txt,badusb,prank,Bruce-Scripts-Heaven_BAD,classified
sd_card_content/badusb_extra_payloads/prank/Win/directly_ready/Bruce-Scripts-Heaven_BAD/prank/Win/Broken_capslock/quack.txt,badusb,prank,Bruce-Scripts-Heaven_BAD,classified
sd_card_content/badusb_extra_payloads/prank/Win/directly_ready/Bruce-Scripts-Heaven_BAD/prank/Win/RickRoll/ADV-Rickware/ADV-Rickware.txt,badusb,prank,Bruce-Scripts-Heaven_BAD,classified
sd_card_content/badusb_extra_payloads/prank/Win/directly_ready/Bruce-Scripts-Heaven_BAD/prank/Win/RickRoll/Terminal_RickRoll/quack.txt,badusb,prank,Bruce-Scripts-Heaven_BAD,classified
sd_card_content/badusb_extra_payloads/prank/Win/directly_ready/Bruce-Scripts-Heaven_BAD/prank/Win/RickRoll/Rick_Rolling_Forever/payload.txt,badusb,prank,Bruce-Scripts-Heaven_BAD,classified
sd_card_content/badusb_extra_payloads/prank/Win/directly_ready/Bruce-Scripts-Heaven_BAD/prank/Win/RickRoll/RickUpdater/payload.txt,badusb,prank,Bruce-Scripts-Heaven_BAD,classified
sd_card_content/badusb_extra_payloads/prank/Win/directly_ready/Bruce-Scripts-Heaven_BAD/prank/Win/RickRoll/ADV-RickRoll/ADV-RickRoll.txt,badusb,prank,Bruce-Scripts-Heaven_BAD,classified
sd_card_content/badusb_extra_payloads/prank/Win/directly_ready/Bruce-Scripts-Heaven_BAD/prank/Win/RickRoll/RickCurs/quack.txt,badusb,prank,Bruce-Scripts-Heaven_BAD,classified
sd_card_content/badusb_extra_payloads/prank/Win/directly_ready/Bruce-Scripts-Heaven_BAD/prank/Win/CartmanSpam/CartmanSpam.txt,badusb,prank,Bruce-Scripts-Heaven_BAD,classified
sd_card_content/badusb_extra_payloads/prank/Win/directly_ready/Bruce-Scripts-Heaven_BAD/prank/Win/SoundChangeDuck/payload.txt,badusb,prank,Bruce-Scripts-Heaven_BAD,classified
sd_card_content/badusb_extra_payloads/_unclassified/Bruce-Scripts-Heaven_BAD/Screenshoter/Screenshoter.txt,badusb,_unclassified,Bruce-Scripts-Heaven_BAD,classified-unmatched
sd_card_content/badusb_extra_payloads/_unclassified/Bruce-Scripts-Heaven_BAD/Randomization/Randomization-example3.txt,badusb,_unclassified,Bruce-Scripts-Heaven_BAD,classified-unmatched
sd_card_content/badusb_extra_payloads/_unclassified/Bruce-Scripts-Heaven_BAD/Randomization/Randomization-example2.txt,badusb,_unclassified,Bruce-Scripts-Heaven_BAD,classified-unmatched
sd_card_content/badusb_extra_payloads/_unclassified/Bruce-Scripts-Heaven_BAD/iphone-crasher(better)/iphone-crasher(better).txt,badusb,_unclassified,Bruce-Scripts-Heaven_BAD,classified-unmatched
sd_card_content/badusb_extra_payloads/prank/Win/directly_ready/Bruce-Scripts-Heaven_BAD/Always-Minimize/payload.txt,badusb,prank,Bruce-Scripts-Heaven_BAD,classified
sd_card_content/badusb_extra_payloads/_unclassified/Bruce-Scripts-Heaven_BAD/Telegram/Web2Telegram.txt,badusb,_unclassified,Bruce-Scripts-Heaven_BAD,classified-unmatched
sd_card_content/badusb_extra_payloads/data_exfiltration/Win/directly_ready/Bruce-Scripts-Heaven_BAD/Telegram/Wifi2Telegram.txt,badusb,data_exfiltration,Bruce-Scripts-Heaven_BAD,classified
sd_card_content/badusb_extra_payloads/utilities/Win/directly_ready/Bruce-Scripts-Heaven_BAD/windows11/You have been hacked desktop.txt,badusb,utilities,Bruce-Scripts-Heaven_BAD,classified
sd_card_content/badusb_extra_payloads/_unclassified/Bruce-Scripts-Heaven_BAD/windows11/hackertyper.txt,badusb,_unclassified,Bruce-Scripts-Heaven_BAD,classified-unmatched
sd_card_content/badusb_extra_payloads/_unclassified/Bruce-Scripts-Heaven_BAD/windows11/shutdown.txt,badusb,_unclassified,Bruce-Scripts-Heaven_BAD,classified-unmatched
sd_card_content/badusb_extra_payloads/_unclassified/Bruce-Scripts-Heaven_BAD/windows11/create folders in C.txt,badusb,_unclassified,Bruce-Scripts-Heaven_BAD,classified-unmatched
sd_card_content/badusb_extra_payloads/_unclassified/Bruce-Scripts-Heaven_BAD/windows11/JM.txt,badusb,_unclassified,Bruce-Scripts-Heaven_BAD,classified-unmatched
sd_card_content/badusb_extra_payloads/utilities/Win/directly_ready/Bruce-Scripts-Heaven_BAD/windows11/nyancat.txt,badusb,utilities,Bruce-Scripts-Heaven_BAD,classified
sd_card_content/badusb_extra_payloads/utilities/Win/directly_ready/Bruce-Scripts-Heaven_BAD/windows11/matrix.txt,badusb,utilities,Bruce-Scripts-Heaven_BAD,classified
sd_card_content/badusb_extra_payloads/_unclassified/Bruce-Scripts-Heaven_BAD/windows11/EPTM-ASCII.txt,badusb,_unclassified,Bruce-Scripts-Heaven_BAD,classified-unmatched
sd_card_content/badusb_extra_payloads/_unclassified/Bruce-Scripts-Heaven_BAD/windows11/you_are_an_idiot.txt,badusb,_unclassified,Bruce-Scripts-Heaven_BAD,classified-unmatched
sd_card_content/badusb_extra_payloads/data_exfiltration/Win/directly_ready/Bruce-Scripts-Heaven_BAD/-RD-ShortcutJacker/Shortcut-Jacker-Execute.txt,badusb,data_exfiltration,Bruce-Scripts-Heaven_BAD,classified
sd_card_content/badusb_extra_payloads/collection/Win/directly_ready/Bruce-Scripts-Heaven_BAD/EmailAndTextMessage/wifi2Message.txt,badusb,collection,Bruce-Scripts-Heaven_BAD,classified
sd_card_content/badusb_extra_payloads/destruction/Win/directly_ready/Bruce-Scripts-Heaven_BAD/RanFunWare/payload.txt,badusb,destruction,Bruce-Scripts-Heaven_BAD,classified
sd_card_content/badusb_extra_payloads/destruction/Win/directly_ready/Bruce-Scripts-Heaven_BAD/Funni_Stick_V3/README.txt,badusb,destruction,Bruce-Scripts-Heaven_BAD,classified
sd_card_content/badusb_extra_payloads/discovery/Win/directly_ready/Bruce-Scripts-Heaven_BAD/Bad GPT/PentestGPT.txt,badusb,discovery,Bruce-Scripts-Heaven_BAD,classified
sd_card_content/badusb_extra_payloads/_unclassified/Bruce-Scripts-Heaven_BAD/Filetype-Organizer/Filetype-Organizer.txt,badusb,_unclassified,Bruce-Scripts-Heaven_BAD,classified-unmatched
sd_card_content/badusb_extra_payloads/_unclassified/Bruce-Scripts-Heaven_BAD/Win_PoSH_MorseCode/b.txt,badusb,_unclassified,Bruce-Scripts-Heaven_BAD,classified-unmatched
sd_card_content/badusb_extra_payloads/data_exfiltration/Win/directly_ready/Bruce-Scripts-Heaven_BAD/Record-Mic-to-Discord/Record-Mic-to-Discord.txt,badusb,data_exfiltration,Bruce-Scripts-Heaven_BAD,classified
sd_card_content/badusb_extra_payloads/social_engineering/Win/directly_ready/I-Am-Jakoby_BadUSB/README.md,badusb,social_engineering,I-Am-Jakoby_BadUSB,classified
sd_card_content/badusb_extra_payloads/_unclassified/I-Am-Jakoby_BadUSB/Payloads/test.txt,badusb,_unclassified,I-Am-Jakoby_BadUSB,classified-unmatched
sd_card_content/badusb_extra_payloads/prank/Win/directly_ready/I-Am-Jakoby_BadUSB/Payloads/Flip-Rage-PopUps/Rage-PopUps.txt,badusb,prank,I-Am-Jakoby_BadUSB,classified
sd_card_content/badusb_extra_payloads/prank/Win/directly_ready/I-Am-Jakoby_BadUSB/Payloads/Flip-Rage-PopUps/Rage-PopUps.ps1,badusb,prank,I-Am-Jakoby_BadUSB,classified
sd_card_content/badusb_extra_payloads/destruction/Win/directly_ready/I-Am-Jakoby_BadUSB/Payloads/Flip-Keylogger/keylogger.txt,badusb,destruction,I-Am-Jakoby_BadUSB,classified
sd_card_content/badusb_extra_payloads/prank/Win/directly_ready/I-Am-Jakoby_BadUSB/Payloads/Flip-Keylogger/keylogger.ps1,badusb,prank,I-Am-Jakoby_BadUSB,classified
sd_card_content/badusb_extra_payloads/destruction/Win/directly_ready/I-Am-Jakoby_BadUSB/Payloads/Flip-Keylogger/README.md,badusb,destruction,I-Am-Jakoby_BadUSB,classified
sd_card_content/badusb_extra_payloads/prank/Win/directly_ready/I-Am-Jakoby_BadUSB/Payloads/Flip-Wallpaper-Troll/Wallpaper-Troll.ps1,badusb,prank,I-Am-Jakoby_BadUSB,classified
sd_card_content/badusb_extra_payloads/prank/Win/directly_ready/I-Am-Jakoby_BadUSB/Payloads/Flip-Wallpaper-Troll/wp-troll.jpg,badusb,prank,I-Am-Jakoby_BadUSB,classified
sd_card_content/badusb_extra_payloads/prank/Win/directly_ready/I-Am-Jakoby_BadUSB/Payloads/Flip-Wallpaper-Troll/README.md,badusb,prank,I-Am-Jakoby_BadUSB,classified
sd_card_content/badusb_extra_payloads/prank/Win/directly_ready/I-Am-Jakoby_BadUSB/Payloads/Flip-Wallpaper-Troll/Wallpaper-Troll.txt,badusb,prank,I-Am-Jakoby_BadUSB,classified
sd_card_content/badusb_extra_payloads/remote_access/Win/directly_ready/I-Am-Jakoby_BadUSB/Payloads/Flip-Credz-Plz/sign-in.jpg,badusb,remote_access,I-Am-Jakoby_BadUSB,classified
sd_card_content/badusb_extra_payloads/data_exfiltration/Win/directly_ready/I-Am-Jakoby_BadUSB/Payloads/Flip-Credz-Plz/Credz-Plz-Execute.txt,badusb,data_exfiltration,I-Am-Jakoby_BadUSB,classified
sd_card_content/badusb_extra_payloads/remote_access/iOS/directly_ready/I-Am-Jakoby_BadUSB/Payloads/Flip-Credz-Plz/authentication.jpg,badusb,remote_access,I-Am-Jakoby_BadUSB,classified
sd_card_content/badusb_extra_payloads/destruction/Win/directly_ready/I-Am-Jakoby_BadUSB/Payloads/Flip-Credz-Plz/Credz-Plz.ps1,badusb,destruction,I-Am-Jakoby_BadUSB,classified
sd_card_content/badusb_extra_payloads/data_exfiltration/Win/directly_ready/I-Am-Jakoby_BadUSB/Payloads/Flip-Credz-Plz/README.md,badusb,data_exfiltration,I-Am-Jakoby_BadUSB,classified
sd_card_content/badusb_extra_payloads/collection/Win/directly_ready/I-Am-Jakoby_BadUSB/Payloads/Scripts/WifiPasswords.ps1,badusb,collection,I-Am-Jakoby_BadUSB,classified
sd_card_content/badusb_extra_payloads/data_exfiltration/Win/directly_ready/I-Am-Jakoby_BadUSB/Payloads/VoiceLogger/VoiceLogger.txt,badusb,data_exfiltration,I-Am-Jakoby_BadUSB,classified
sd_card_content/badusb_extra_payloads/data_exfiltration/Win/directly_ready/I-Am-Jakoby_BadUSB/Payloads/VoiceLogger/VL.ps1,badusb,data_exfiltration,I-Am-Jakoby_BadUSB,classified
sd_card_content/badusb_extra_payloads/defense_evasion/Win/directly_ready/I-Am-Jakoby_BadUSB/Payloads/VoiceLogger/readme.md,badusb,defense_evasion,I-Am-Jakoby_BadUSB,classified
sd_card_content/badusb_extra_payloads/prank/Win/directly_ready/I-Am-Jakoby_BadUSB/Payloads/Flip-ADV-RickRoll/StageOne.txt,badusb,prank,I-Am-Jakoby_BadUSB,classified
sd_card_content/badusb_extra_payloads/prank/Win/directly_ready/I-Am-Jakoby_BadUSB/Payloads/Flip-ADV-RickRoll/rr.ps1,badusb,prank,I-Am-Jakoby_BadUSB,classified
sd_card_content/badusb_extra_payloads/prank/Win/directly_ready/I-Am-Jakoby_BadUSB/Payloads/Flip-ADV-RickRoll/rr (4ee51853).ps1,badusb,prank,I-Am-Jakoby_BadUSB,classified
sd_card_content/badusb_extra_payloads/prank/Win/directly_ready/I-Am-Jakoby_BadUSB/Payloads/Flip-ADV-RickRoll/ReadMe.md,badusb,prank,I-Am-Jakoby_BadUSB,classified
sd_card_content/badusb_extra_payloads/prank/Win/directly_ready/I-Am-Jakoby_BadUSB/Payloads/Flip-ADV-RickRoll/ADV-RickRoll.txt,badusb,prank,I-Am-Jakoby_BadUSB,classified
sd_card_content/badusb_extra_payloads/prank/Win/directly_ready/I-Am-Jakoby_BadUSB/Payloads/Flip-ADV-RickRoll/rr.mp4,badusb,prank,I-Am-Jakoby_BadUSB,classified
sd_card_content/badusb_extra_payloads/destruction/Win/directly_ready/I-Am-Jakoby_BadUSB/Payloads/Flip-AcidBurn/AcidBurn.ps1,badusb,destruction,I-Am-Jakoby_BadUSB,classified
sd_card_content/badusb_extra_payloads/prank/Win/directly_ready/I-Am-Jakoby_BadUSB/Payloads/Flip-AcidBurn/hacked-wallpaper.jpg,badusb,prank,I-Am-Jakoby_BadUSB,classified
sd_card_content/badusb_extra_payloads/reconnaissance/Win/directly_ready/I-Am-Jakoby_BadUSB/Payloads/Flip-AcidBurn/AcidBurn.txt,badusb,reconnaissance,I-Am-Jakoby_BadUSB,classified
sd_card_content/badusb_extra_payloads/collection/Win/directly_ready/I-Am-Jakoby_BadUSB/Payloads/Flip-AcidBurn/README.md,badusb,collection,I-Am-Jakoby_BadUSB,classified
sd_card_content/badusb_extra_payloads/collection/Win/directly_ready/I-Am-Jakoby_BadUSB/Payloads/Flip-WifiGrabber/WifiGrabber.txt,badusb,collection,I-Am-Jakoby_BadUSB,classified
sd_card_content/badusb_extra_payloads/collection/Win/directly_ready/I-Am-Jakoby_BadUSB/Payloads/Flip-WifiGrabber/WifiGrabber.ps1,badusb,collection,I-Am-Jakoby_BadUSB,classified
sd_card_content/badusb_extra_payloads/collection/Win/directly_ready/I-Am-Jakoby_BadUSB/Payloads/Flip-WifiGrabber/README.md,badusb,collection,I-Am-Jakoby_BadUSB,classified
sd_card_content/badusb_extra_payloads/prank/Win/directly_ready/I-Am-Jakoby_BadUSB/Payloads/Flip-WallPaper-URL/Wallpaper-URL.ps1,badusb,prank,I-Am-Jakoby_BadUSB,classified
sd_card_content/badusb_extra_payloads/prank/Win/directly_ready/I-Am-Jakoby_BadUSB/Payloads/Flip-WallPaper-URL/ReadMe.md,badusb,prank,I-Am-Jakoby_BadUSB,classified
sd_card_content/badusb_extra_payloads/prank/Win/directly_ready/I-Am-Jakoby_BadUSB/Payloads/Flip-WallPaper-URL/Wallpaper-URL.txt,badusb,prank,I-Am-Jakoby_BadUSB,classified
sd_card_content/badusb_extra_payloads/_unclassified/I-Am-Jakoby_BadUSB/Payloads/Flip-MustSub/MustSub.ps1,badusb,_unclassified,I-Am-Jakoby_BadUSB,classified-unmatched
sd_card_content/badusb_extra_payloads/_unclassified/I-Am-Jakoby_BadUSB/Payloads/Flip-MustSub/MustSub-Execute.txt,badusb,_unclassified,I-Am-Jakoby_BadUSB,classified-unmatched
sd_card_content/badusb_extra_payloads/_unclassified/I-Am-Jakoby_BadUSB/Payloads/Flip-MustSub/Readme.md,badusb,_unclassified,I-Am-Jakoby_BadUSB,classified-unmatched
sd_card_content/badusb_extra_payloads/data_exfiltration/Win/directly_ready/I-Am-Jakoby_BadUSB/Payloads/Flip-BrowserData/browserData.txt,badusb,data_exfiltration,I-Am-Jakoby_BadUSB,classified
sd_card_content/badusb_extra_payloads/data_exfiltration/Win/directly_ready/I-Am-Jakoby_BadUSB/Payloads/Flip-BrowserData/browserData.ps1,badusb,data_exfiltration,I-Am-Jakoby_BadUSB,classified
sd_card_content/badusb_extra_payloads/data_exfiltration/Win/directly_ready/I-Am-Jakoby_BadUSB/Payloads/Flip-BrowserData/README.md,badusb,data_exfiltration,I-Am-Jakoby_BadUSB,classified
sd_card_content/badusb_extra_payloads/_unclassified/I-Am-Jakoby_BadUSB/Payloads/Flip-YT-Tripwire/ReadMe.md,badusb,_unclassified,I-Am-Jakoby_BadUSB,classified-unmatched
sd_card_content/badusb_extra_payloads/data_exfiltration/Win/directly_ready/I-Am-Jakoby_BadUSB/Payloads/Flip-YT-Tripwire/YouTube-TripWire.txt,badusb,data_exfiltration,I-Am-Jakoby_BadUSB,classified
sd_card_content/badusb_extra_payloads/reconnaissance/Unix-like/macOS/directly_ready/I-Am-Jakoby_BadUSB/Payloads/Flip-ADV-Recon/ADV-Recon.ps1,badusb,reconnaissance,I-Am-Jakoby_BadUSB,classified
sd_card_content/badusb_extra_payloads/reconnaissance/Win/directly_ready/I-Am-Jakoby_BadUSB/Payloads/Flip-ADV-Recon/ADV-Recon.txt,badusb,reconnaissance,I-Am-Jakoby_BadUSB,classified
sd_card_content/badusb_extra_payloads/reconnaissance/Unix-like/macOS/directly_ready/I-Am-Jakoby_BadUSB/Payloads/Flip-ADV-Recon/README.md,badusb,reconnaissance,I-Am-Jakoby_BadUSB,classified
sd_card_content/badusb_extra_payloads/prank/iOS/directly_ready/I-Am-Jakoby_BadUSB/Payloads/Flip-JumpScare/jumpscare.png,badusb,prank,I-Am-Jakoby_BadUSB,classified
sd_card_content/badusb_extra_payloads/prank/Win/directly_ready/I-Am-Jakoby_BadUSB/Payloads/Flip-JumpScare/JumpScare.txt,badusb,prank,I-Am-Jakoby_BadUSB,classified
sd_card_content/badusb_extra_payloads/prank/Win/directly_ready/I-Am-Jakoby_BadUSB/Payloads/Flip-JumpScare/female_scream.wav,badusb,prank,I-Am-Jakoby_BadUSB,classified
sd_card_content/badusb_extra_payloads/prank/Win/directly_ready/I-Am-Jakoby_BadUSB/Payloads/Flip-JumpScare/JumpScare.ps1,badusb,prank,I-Am-Jakoby_BadUSB,classified
sd_card_content/badusb_extra_payloads/prank/Win/directly_ready/I-Am-Jakoby_BadUSB/Payloads/Flip-JumpScare/README.md,badusb,prank,I-Am-Jakoby_BadUSB,classified
sd_card_content/badusb_extra_payloads/collection/Win/directly_ready/I-Am-Jakoby_BadUSB/Payloads/Flip-IP-Grabber/IP-Grabber.txt,badusb,collection,I-Am-Jakoby_BadUSB,classified
sd_card_content/badusb_extra_payloads/collection/Win/directly_ready/I-Am-Jakoby_BadUSB/Payloads/Flip-IP-Grabber/ReadMe.md,badusb,collection,I-Am-Jakoby_BadUSB,classified
sd_card_content/badusb_extra_payloads/collection/Unix-like/macOS/directly_ready/I-Am-Jakoby_BadUSB/Payloads/Flip-IP-Grabber/IP-Grabber.ps1,badusb,collection,I-Am-Jakoby_BadUSB,classified
sd_card_content/badusb_extra_payloads/destruction/Win/directly_ready/I-Am-Jakoby_BadUSB/Payloads/Flip-PineApple/PineApple-KeyInjection.txt,badusb,destruction,I-Am-Jakoby_BadUSB,classified
sd_card_content/badusb_extra_payloads/destruction/Win/directly_ready/I-Am-Jakoby_BadUSB/Payloads/Flip-PineApple/PineApple.ps1,badusb,destruction,I-Am-Jakoby_BadUSB,classified
sd_card_content/badusb_extra_payloads/_unclassified/I-Am-Jakoby_BadUSB/Payloads/Flip-PineApple/PineApple.txt,badusb,_unclassified,I-Am-Jakoby_BadUSB,classified-unmatched
sd_card_content/badusb_extra_payloads/_unclassified/I-Am-Jakoby_BadUSB/Payloads/Flip-PineApple/README.md,badusb,_unclassified,I-Am-Jakoby_BadUSB,classified-unmatched
sd_card_content/badusb_extra_payloads/destruction/Win/directly_ready/I-Am-Jakoby_BadUSB/Payloads/Flip-Play-WAV/Play-WAV.ps1,badusb,destruction,I-Am-Jakoby_BadUSB,classified
sd_card_content/badusb_extra_payloads/_unclassified/I-Am-Jakoby_BadUSB/Payloads/Flip-Play-WAV/Play-WAV.txt,badusb,_unclassified,I-Am-Jakoby_BadUSB,classified-unmatched
sd_card_content/badusb_extra_payloads/_unclassified/I-Am-Jakoby_BadUSB/Payloads/Flip-Play-WAV/README.md,badusb,_unclassified,I-Am-Jakoby_BadUSB,classified-unmatched
sd_card_content/badusb_extra_payloads/_unclassified/I-Am-Jakoby_BadUSB/Payloads/Flip-Subscribe/Subscribe.txt,badusb,_unclassified,I-Am-Jakoby_BadUSB,classified-unmatched
sd_card_content/badusb_extra_payloads/_unclassified/I-Am-Jakoby_BadUSB/Payloads/Flip-Subscribe/Subscribe.ps1,badusb,_unclassified,I-Am-Jakoby_BadUSB,classified-unmatched
sd_card_content/badusb_extra_payloads/_unclassified/I-Am-Jakoby_BadUSB/Payloads/Flip-Subscribe/README.md,badusb,_unclassified,I-Am-Jakoby_BadUSB,classified-unmatched
sd_card_content/badusb_extra_payloads/prank/Win/directly_ready/I-Am-Jakoby_BadUSB/Payloads/Flip-JumpScare-2.0/JumpScare2.0.txt,badusb,prank,I-Am-Jakoby_BadUSB,classified
sd_card_content/badusb_extra_payloads/prank/Win/directly_ready/I-Am-Jakoby_BadUSB/Payloads/Flip-JumpScare-2.0/ReadMe.md,badusb,prank,I-Am-Jakoby_BadUSB,classified
sd_card_content/badusb_extra_payloads/_unclassified/I-Am-Jakoby_BadUSB/Payloads/Debug/Debug.ps1,badusb,_unclassified,I-Am-Jakoby_BadUSB,classified-unmatched
sd_card_content/badusb_extra_payloads/prank/Win/directly_ready/I-Am-Jakoby_BadUSB/Payloads/Flip-PS-Draw/PS-Custom-Draw.ps1,badusb,prank,I-Am-Jakoby_BadUSB,classified
sd_card_content/badusb_extra_payloads/data_exfiltration/Win/directly_ready/I-Am-Jakoby_BadUSB/Payloads/Flip-PS-Draw/PS-Draw.ps1,badusb,data_exfiltration,I-Am-Jakoby_BadUSB,classified
sd_card_content/badusb_extra_payloads/_unclassified/I-Am-Jakoby_BadUSB/Payloads/Flip-PS-Draw/PS-Draw.txt,badusb,_unclassified,I-Am-Jakoby_BadUSB,classified-unmatched
sd_card_content/badusb_extra_payloads/data_exfiltration/Win/directly_ready/I-Am-Jakoby_BadUSB/Payloads/Flip-PS-Draw/README.md,badusb,data_exfiltration,I-Am-Jakoby_BadUSB,classified
sd_card_content/badusb_extra_payloads/remote_access/iOS/directly_ready/I-Am-Jakoby_BadUSB/Payloads/Flip-PS-Draw/Images/PS-Draw.jpg,badusb,remote_access,I-Am-Jakoby_BadUSB,classified
sd_card_content/badusb_extra_payloads/_unclassified/I-Am-Jakoby_BadUSB/Payloads/Flip-PS-Draw/Images/omg-ico.png,badusb,_unclassified,I-Am-Jakoby_BadUSB,classified-unmatched
sd_card_content/badusb_extra_payloads/remote_access/Win/directly_ready/I-Am-Jakoby_BadUSB/Payloads/Flip-PS-Draw/Images/ps-colors.jpg,badusb,remote_access,I-Am-Jakoby_BadUSB,classified
sd_card_content/badusb_extra_payloads/_unclassified/I-Am-Jakoby_BadUSB/Payloads/Flip-PS-Draw/Images/ps-omg.jpg,badusb,_unclassified,I-Am-Jakoby_BadUSB,classified-unmatched
sd_card_content/badusb_extra_payloads/remote_access/Win/directly_ready/I-Am-Jakoby_BadUSB/Payloads/Flip-PS-Draw/Images/ps-hak5.jpg,badusb,remote_access,I-Am-Jakoby_BadUSB,classified
sd_card_content/badusb_extra_payloads/_unclassified/I-Am-Jakoby_BadUSB/Payloads/Flip-PS-Draw/Images/images,badusb,_unclassified,I-Am-Jakoby_BadUSB,classified-unmatched
sd_card_content/badusb_extra_payloads/data_exfiltration/Win/directly_ready/I-Am-Jakoby_BadUSB/Payloads/Flip-ShortcutJacker/Shortcut-Jacker-Execute.txt,badusb,data_exfiltration,I-Am-Jakoby_BadUSB,classified
sd_card_content/badusb_extra_payloads/_unclassified/I-Am-Jakoby_BadUSB/Payloads/Flip-ShortcutJacker/Shortcut-Jacker.ps1,badusb,_unclassified,I-Am-Jakoby_BadUSB,classified-unmatched
sd_card_content/badusb_extra_payloads/_unclassified/I-Am-Jakoby_BadUSB/Payloads/Flip-ShortcutJacker/README.md,badusb,_unclassified,I-Am-Jakoby_BadUSB,classified-unmatched
sd_card_content/badusb_extra_payloads/destruction/Win/directly_ready/I-Am-Jakoby_BadUSB/Payloads/Flip-We-Found-You/found-you.ps1,badusb,destruction,I-Am-Jakoby_BadUSB,classified
sd_card_content/badusb_extra_payloads/remote_access/iOS/directly_ready/I-Am-Jakoby_BadUSB/Payloads/Flip-We-Found-You/location.jpg,badusb,remote_access,I-Am-Jakoby_BadUSB,classified
sd_card_content/badusb_extra_payloads/_unclassified/I-Am-Jakoby_BadUSB/Payloads/Flip-We-Found-You/We-Found-You.txt,badusb,_unclassified,I-Am-Jakoby_BadUSB,classified-unmatched
sd_card_content/badusb_extra_payloads/reconnaissance/Win/directly_ready/I-Am-Jakoby_BadUSB/Payloads/Flip-We-Found-You/README.md,badusb,reconnaissance,I-Am-Jakoby_BadUSB,classified
sd_card_content/badusb_extra_payloads/_unclassified/I-Am-Jakoby_BadUSB/Payloads/Flip-EvilGoose/ReadMe.md,badusb,_unclassified,I-Am-Jakoby_BadUSB,classified-unmatched
sd_card_content/badusb_extra_payloads/_unclassified/I-Am-Jakoby_BadUSB/Payloads/Flip-EvilGoose/placeholder,badusb,_unclassified,I-Am-Jakoby_BadUSB,classified-unmatched
sd_card_content/badusb_extra_payloads/_unclassified/I-Am-Jakoby_BadUSB/Payloads/Flip-EvilGoose/EvilGoose.txt,badusb,_unclassified,I-Am-Jakoby_BadUSB,classified-unmatched
sd_card_content/badusb_extra_payloads/defense_evasion/Win/directly_ready/magikh0e_BadUSB/Disable Firewall and Create An Admin Account.txt,badusb,defense_evasion,magikh0e_BadUSB,classified
sd_card_content/badusb_extra_payloads/collection/Win/directly_ready/magikh0e_BadUSB/Information Stealer.txt,badusb,collection,magikh0e_BadUSB,classified
sd_card_content/badusb_extra_payloads/defense_evasion/Win/directly_ready/UberGuidoZ_BadUSB/ReadMe.md,badusb,defense_evasion,UberGuidoZ_BadUSB,classified
sd_card_content/badusb_extra_payloads/reconnaissance/Unix-like/macOS/directly_ready/UberGuidoZ_BadUSB/MacOS-narstybits/RECON Readme.md,badusb,reconnaissance,UberGuidoZ_BadUSB,classified
sd_card_content/badusb_extra_payloads/prank/Unix-like/macOS/directly_ready/UberGuidoZ_BadUSB/MacOS-narstybits/Warning  Readme.md,badusb,prank,UberGuidoZ_BadUSB,classified
sd_card_content/badusb_extra_payloads/utilities/Unix-like/macOS/directly_ready/UberGuidoZ_BadUSB/MacOS-narstybits/GoodUSB Readme.md,badusb,utilities,UberGuidoZ_BadUSB,classified
sd_card_content/badusb_extra_payloads/defense_evasion/Unix-like/macOS/directly_ready/UberGuidoZ_BadUSB/MacOS-narstybits/README.md,badusb,defense_evasion,UberGuidoZ_BadUSB,classified
sd_card_content/badusb_extra_payloads/remote_access/iOS/directly_ready/UberGuidoZ_BadUSB/MacOS-narstybits/Executions Readme.md,badusb,remote_access,UberGuidoZ_BadUSB,classified
sd_card_content/badusb_extra_payloads/defense_evasion/Unix-like/macOS/directly_ready/UberGuidoZ_BadUSB/MacOS-narstybits/Obscurity Readme.md,badusb,defense_evasion,UberGuidoZ_BadUSB,classified
sd_card_content/badusb_extra_payloads/_unclassified/UberGuidoZ_BadUSB/UNC0V3R3D-BadUSB-Collection/language.ps1,badusb,_unclassified,UberGuidoZ_BadUSB,classified-unmatched
sd_card_content/badusb_extra_payloads/destruction/Win/directly_ready/UberGuidoZ_BadUSB/UNC0V3R3D-BadUSB-Collection/README.md,badusb,destruction,UberGuidoZ_BadUSB,classified
sd_card_content/badusb_extra_payloads/collection/Win/directly_ready/UberGuidoZ_BadUSB/UNC0V3R3D-BadUSB-Collection/Windows_Badusb/PasswordStuff/StealWifiKeys_onUSB/readme.md,badusb,collection,UberGuidoZ_BadUSB,classified
sd_card_content/badusb_extra_payloads/collection/Win/directly_ready/UberGuidoZ_BadUSB/UNC0V3R3D-BadUSB-Collection/Windows_Badusb/PasswordStuff/Show_Saved_Password/readme.md,badusb,collection,UberGuidoZ_BadUSB,classified
sd_card_content/badusb_extra_payloads/collection/Win/directly_ready/UberGuidoZ_BadUSB/UNC0V3R3D-BadUSB-Collection/Windows_Badusb/PasswordStuff/StealWifiKeys/readme.md,badusb,collection,UberGuidoZ_BadUSB,classified
sd_card_content/badusb_extra_payloads/data_exfiltration/Win/directly_ready/UberGuidoZ_BadUSB/UNC0V3R3D-BadUSB-Collection/Windows_Badusb/PasswordStuff/ChromePasswords/readme.md,badusb,data_exfiltration,UberGuidoZ_BadUSB,classified
sd_card_content/badusb_extra_payloads/data_exfiltration/Win/directly_ready/UberGuidoZ_BadUSB/UNC0V3R3D-BadUSB-Collection/Windows_Badusb/PasswordStuff/StealWifiKeys_Discord/readme.md,badusb,data_exfiltration,UberGuidoZ_BadUSB,classified
sd_card_content/badusb_extra_payloads/_unclassified/UberGuidoZ_BadUSB/UNC0V3R3D-BadUSB-Collection/Windows_Badusb/ASCII/DownLoadAscii/readme.md,badusb,_unclassified,UberGuidoZ_BadUSB,classified-unmatched
sd_card_content/badusb_extra_payloads/_unclassified/UberGuidoZ_BadUSB/UNC0V3R3D-BadUSB-Collection/Windows_Badusb/ASCII/Selfwriting/readme.md,badusb,_unclassified,UberGuidoZ_BadUSB,classified-unmatched
sd_card_content/badusb_extra_payloads/_unclassified/UberGuidoZ_BadUSB/UNC0V3R3D-BadUSB-Collection/Windows_Badusb/Execution/ActivateRDP/readme.md,badusb,_unclassified,UberGuidoZ_BadUSB,classified-unmatched
sd_card_content/badusb_extra_payloads/_unclassified/UberGuidoZ_BadUSB/UNC0V3R3D-BadUSB-Collection/Windows_Badusb/Execution/StickyKeysSWAP/readme.md,badusb,_unclassified,UberGuidoZ_BadUSB,classified-unmatched
sd_card_content/badusb_extra_payloads/_unclassified/UberGuidoZ_BadUSB/UNC0V3R3D-BadUSB-Collection/Windows_Badusb/Execution/ChangeWinUsername/readme.md,badusb,_unclassified,UberGuidoZ_BadUSB,classified-unmatched
sd_card_content/badusb_extra_payloads/_unclassified/UberGuidoZ_BadUSB/UNC0V3R3D-BadUSB-Collection/Windows_Badusb/Execution/DownloadAnyEXE/readme.md,badusb,_unclassified,UberGuidoZ_BadUSB,classified-unmatched
sd_card_content/badusb_extra_payloads/defense_evasion/Win/directly_ready/UberGuidoZ_BadUSB/UNC0V3R3D-BadUSB-Collection/Windows_Badusb/Execution/DisableFirewall/readme.md,badusb,defense_evasion,UberGuidoZ_BadUSB,classified
sd_card_content/badusb_extra_payloads/destruction/Win/directly_ready/UberGuidoZ_BadUSB/UNC0V3R3D-BadUSB-Collection/Windows_Badusb/Execution/Delete32/readme.md,badusb,destruction,UberGuidoZ_BadUSB,classified
sd_card_content/badusb_extra_payloads/_unclassified/UberGuidoZ_BadUSB/UNC0V3R3D-BadUSB-Collection/Windows_Badusb/Execution/Invisible_DownExec/readme.md,badusb,_unclassified,UberGuidoZ_BadUSB,classified-unmatched
sd_card_content/badusb_extra_payloads/_unclassified/UberGuidoZ_BadUSB/UNC0V3R3D-BadUSB-Collection/Windows_Badusb/Execution/OpenAnyPort/readme.md,badusb,_unclassified,UberGuidoZ_BadUSB,classified-unmatched
sd_card_content/badusb_extra_payloads/_unclassified/UberGuidoZ_BadUSB/UNC0V3R3D-BadUSB-Collection/Windows_Badusb/Execution/StartWifiAccessPoint/readme.md,badusb,_unclassified,UberGuidoZ_BadUSB,classified-unmatched
sd_card_content/badusb_extra_payloads/_unclassified/UberGuidoZ_BadUSB/UNC0V3R3D-BadUSB-Collection/Windows_Badusb/Execution/DNS_Cache_Poison/readme.md,badusb,_unclassified,UberGuidoZ_BadUSB,classified-unmatched
sd_card_content/badusb_extra_payloads/_unclassified/UberGuidoZ_BadUSB/UNC0V3R3D-BadUSB-Collection/Windows_Badusb/Execution/setWinPass/readme.md,badusb,_unclassified,UberGuidoZ_BadUSB,classified-unmatched
sd_card_content/badusb_extra_payloads/_unclassified/UberGuidoZ_BadUSB/UNC0V3R3D-BadUSB-Collection/Windows_Badusb/Execution/RemoveWindowsUpdate/readme.md,badusb,_unclassified,UberGuidoZ_BadUSB,classified-unmatched
sd_card_content/badusb_extra_payloads/_unclassified/UberGuidoZ_BadUSB/UNC0V3R3D-BadUSB-Collection/Windows_Badusb/Execution/Create_New_Windows_Admin/readme.md,badusb,_unclassified,UberGuidoZ_BadUSB,classified-unmatched
sd_card_content/badusb_extra_payloads/_unclassified/UberGuidoZ_BadUSB/UNC0V3R3D-BadUSB-Collection/Windows_Badusb/Execution/Invisible_DownExec_Zip_Extract/readme.md,badusb,_unclassified,UberGuidoZ_BadUSB,classified-unmatched
sd_card_content/badusb_extra_payloads/_unclassified/UberGuidoZ_BadUSB/UNC0V3R3D-BadUSB-Collection/Windows_Badusb/Execution/Disable_WinDefender/readme.md,badusb,_unclassified,UberGuidoZ_BadUSB,classified-unmatched
sd_card_content/badusb_extra_payloads/destruction/Win/directly_ready/UberGuidoZ_BadUSB/UNC0V3R3D-BadUSB-Collection/Windows_Badusb/Execution/Del_Browsers/readme.md,badusb,destruction,UberGuidoZ_BadUSB,classified
sd_card_content/badusb_extra_payloads/destruction/Win/directly_ready/UberGuidoZ_BadUSB/UNC0V3R3D-BadUSB-Collection/Windows_Badusb/MoreSeriousFUN/DeleteMicrosoftStore/readme.md,badusb,destruction,UberGuidoZ_BadUSB,classified
sd_card_content/badusb_extra_payloads/utilities/Win/directly_ready/UberGuidoZ_BadUSB/UNC0V3R3D-BadUSB-Collection/Windows_Badusb/GoodUSB/Enable_Cortana/readme.md,badusb,utilities,UberGuidoZ_BadUSB,classified
sd_card_content/badusb_extra_payloads/utilities/Win/directly_ready/UberGuidoZ_BadUSB/UNC0V3R3D-BadUSB-Collection/Windows_Badusb/GoodUSB/Disable_Cortana/readme.md,badusb,utilities,UberGuidoZ_BadUSB,classified
sd_card_content/badusb_extra_payloads/utilities/Win/directly_ready/UberGuidoZ_BadUSB/UNC0V3R3D-BadUSB-Collection/Windows_Badusb/GoodUSB/Win_Debloater/readme.md,badusb,utilities,UberGuidoZ_BadUSB,classified
sd_card_content/badusb_extra_payloads/utilities/Win/directly_ready/UberGuidoZ_BadUSB/UNC0V3R3D-BadUSB-Collection/Windows_Badusb/GoodUSB/Bloatware_removal/readme.md,badusb,utilities,UberGuidoZ_BadUSB,classified
sd_card_content/badusb_extra_payloads/utilities/Win/directly_ready/UberGuidoZ_BadUSB/UNC0V3R3D-BadUSB-Collection/Windows_Badusb/GoodUSB/Clear_Explorer/readme.md,badusb,utilities,UberGuidoZ_BadUSB,classified
sd_card_content/badusb_extra_payloads/utilities/Win/directly_ready/UberGuidoZ_BadUSB/UNC0V3R3D-BadUSB-Collection/Windows_Badusb/GoodUSB/Privacy_Windows/readme.md,badusb,utilities,UberGuidoZ_BadUSB,classified
sd_card_content/badusb_extra_payloads/utilities/Win/directly_ready/UberGuidoZ_BadUSB/UNC0V3R3D-BadUSB-Collection/Windows_Badusb/GoodUSB/Activate_Windows/readme.md,badusb,utilities,UberGuidoZ_BadUSB,classified
sd_card_content/badusb_extra_payloads/utilities/Win/directly_ready/UberGuidoZ_BadUSB/UNC0V3R3D-BadUSB-Collection/Windows_Badusb/GoodUSB/OneDrive_Removal/readme.md,badusb,utilities,UberGuidoZ_BadUSB,classified
sd_card_content/badusb_extra_payloads/_unclassified/UberGuidoZ_BadUSB/UNC0V3R3D-BadUSB-Collection/Windows_Badusb/FUN/Cartman/readme.md,badusb,_unclassified,UberGuidoZ_BadUSB,classified-unmatched
sd_card_content/badusb_extra_payloads/_unclassified/UberGuidoZ_BadUSB/UNC0V3R3D-BadUSB-Collection/Windows_Badusb/FUN/End_Processes/readme.md,badusb,_unclassified,UberGuidoZ_BadUSB,classified-unmatched
sd_card_content/badusb_extra_payloads/_unclassified/UberGuidoZ_BadUSB/UNC0V3R3D-BadUSB-Collection/Windows_Badusb/FUN/NoMoreSound/readme.md,badusb,_unclassified,UberGuidoZ_BadUSB,classified-unmatched
sd_card_content/badusb_extra_payloads/prank/Win/directly_ready/UberGuidoZ_BadUSB/UNC0V3R3D-BadUSB-Collection/Windows_Badusb/FUN/FakeBluescreen/readme.md,badusb,prank,UberGuidoZ_BadUSB,classified
sd_card_content/badusb_extra_payloads/prank/Win/directly_ready/UberGuidoZ_BadUSB/UNC0V3R3D-BadUSB-Collection/Windows_Badusb/FUN/CarefulWithThis/RickRoll_IntoBSOD/readme.md,badusb,prank,UberGuidoZ_BadUSB,classified
sd_card_content/badusb_extra_payloads/_unclassified/UberGuidoZ_BadUSB/UNC0V3R3D-BadUSB-Collection/Windows_Badusb/FUN/CarefulWithThis/JustAmongUs/readme.md,badusb,_unclassified,UberGuidoZ_BadUSB,classified-unmatched
sd_card_content/badusb_extra_payloads/_unclassified/UberGuidoZ_BadUSB/UNC0V3R3D-BadUSB-Collection/Windows_Badusb/FUN/Deactivate_Networkadapters/readme.md,badusb,_unclassified,UberGuidoZ_BadUSB,classified-unmatched
sd_card_content/badusb_extra_payloads/_unclassified/UberGuidoZ_BadUSB/UNC0V3R3D-BadUSB-Collection/Windows_Badusb/FUN/justdance/readme.md,badusb,_unclassified,UberGuidoZ_BadUSB,classified-unmatched
sd_card_content/badusb_extra_payloads/prank/Win/directly_ready/UberGuidoZ_BadUSB/UNC0V3R3D-BadUSB-Collection/Windows_Badusb/FUN/WordPrank/readme.md,badusb,prank,UberGuidoZ_BadUSB,classified
sd_card_content/badusb_extra_payloads/destruction/Win/directly_ready/UberGuidoZ_BadUSB/UNC0V3R3D-BadUSB-Collection/Windows_Badusb/FUN/Delete_Discord/readme.md,badusb,destruction,UberGuidoZ_BadUSB,classified
sd_card_content/badusb_extra_payloads/_unclassified/UberGuidoZ_BadUSB/UNC0V3R3D-BadUSB-Collection/Windows_Badusb/FUN/Change_Zoom/readme.md,badusb,_unclassified,UberGuidoZ_BadUSB,classified-unmatched
sd_card_content/badusb_extra_payloads/destruction/Win/directly_ready/UberGuidoZ_BadUSB/UNC0V3R3D-BadUSB-Collection/Windows_Badusb/FUN/Destroy_Pc_with_tabs/readme.md,badusb,destruction,UberGuidoZ_BadUSB,classified
sd_card_content/badusb_extra_payloads/_unclassified/UberGuidoZ_BadUSB/UNC0V3R3D-BadUSB-Collection/Windows_Badusb/FUN/Rotate_Monitor/readme.md,badusb,_unclassified,UberGuidoZ_BadUSB,classified-unmatched
sd_card_content/badusb_extra_payloads/social_engineering/Win/directly_ready/UberGuidoZ_BadUSB/UNC0V3R3D-BadUSB-Collection/Windows_Badusb/FUN/FakeUpdateWindows/readme.md,badusb,social_engineering,UberGuidoZ_BadUSB,classified
sd_card_content/badusb_extra_payloads/_unclassified/UberGuidoZ_BadUSB/UNC0V3R3D-BadUSB-Collection/Windows_Badusb/FUN/Matrix_Rain_CMD/readme.md,badusb,_unclassified,UberGuidoZ_BadUSB,classified-unmatched
sd_card_content/badusb_extra_payloads/_unclassified/UberGuidoZ_BadUSB/UNC0V3R3D-BadUSB-Collection/Windows_Badusb/FUN/ComputerTalks/readme.md,badusb,_unclassified,UberGuidoZ_BadUSB,classified-unmatched
sd_card_content/badusb_extra_payloads/_unclassified/UberGuidoZ_BadUSB/UNC0V3R3D-BadUSB-Collection/Windows_Badusb/FUN/FakeVirus/readme.md,badusb,_unclassified,UberGuidoZ_BadUSB,classified-unmatched
sd_card_content/badusb_extra_payloads/data_exfiltration/Win/directly_ready/UberGuidoZ_BadUSB/UNC0V3R3D-BadUSB-Collection/Windows_Badusb/Exfiltration/Document_Exfil/readme.md,badusb,data_exfiltration,UberGuidoZ_BadUSB,classified
sd_card_content/badusb_extra_payloads/data_exfiltration/Win/directly_ready/UberGuidoZ_BadUSB/UNC0V3R3D-BadUSB-Collection/Windows_Badusb/Exfiltration/USB_And_Harddrive_Information/readme.md,badusb,data_exfiltration,UberGuidoZ_BadUSB,classified
sd_card_content/badusb_extra_payloads/data_exfiltration/Win/directly_ready/UberGuidoZ_BadUSB/UNC0V3R3D-BadUSB-Collection/Windows_Badusb/Exfiltration/ListWindowsUpdates/readme.md,badusb,data_exfiltration,UberGuidoZ_BadUSB,classified
sd_card_content/badusb_extra_payloads/data_exfiltration/Win/directly_ready/UberGuidoZ_BadUSB/UNC0V3R3D-BadUSB-Collection/Windows_Badusb/Exfiltration/Keylogger/readme.md,badusb,data_exfiltration,UberGuidoZ_BadUSB,classified
sd_card_content/badusb_extra_payloads/data_exfiltration/Win/directly_ready/UberGuidoZ_BadUSB/UNC0V3R3D-BadUSB-Collection/Windows_Badusb/Exfiltration/Network_Exfiltration/readme.md,badusb,data_exfiltration,UberGuidoZ_BadUSB,classified
sd_card_content/badusb_extra_payloads/data_exfiltration/Win/directly_ready/UberGuidoZ_BadUSB/UNC0V3R3D-BadUSB-Collection/Windows_Badusb/Exfiltration/GetAllComputerInfo/readme.md,badusb,data_exfiltration,UberGuidoZ_BadUSB,classified
sd_card_content/badusb_extra_payloads/data_exfiltration/Win/directly_ready/UberGuidoZ_BadUSB/UNC0V3R3D-BadUSB-Collection/Windows_Badusb/Exfiltration/Win_User_Info/readme.md,badusb,data_exfiltration,UberGuidoZ_BadUSB,classified
sd_card_content/badusb_extra_payloads/data_exfiltration/Win/directly_ready/UberGuidoZ_BadUSB/UNC0V3R3D-BadUSB-Collection/Windows_Badusb/Exfiltration/ExfilFirefox/readme.md,badusb,data_exfiltration,UberGuidoZ_BadUSB,classified
sd_card_content/badusb_extra_payloads/data_exfiltration/Win/directly_ready/UberGuidoZ_BadUSB/UNC0V3R3D-BadUSB-Collection/Windows_Badusb/Exfiltration/General_PC_Information/readme.md,badusb,data_exfiltration,UberGuidoZ_BadUSB,classified
sd_card_content/badusb_extra_payloads/data_exfiltration/Win/directly_ready/UberGuidoZ_BadUSB/UNC0V3R3D-BadUSB-Collection/Windows_Badusb/Exfiltration/SAMexfil/readme.md,badusb,data_exfiltration,UberGuidoZ_BadUSB,classified
sd_card_content/badusb_extra_payloads/data_exfiltration/Win/directly_ready/UberGuidoZ_BadUSB/UNC0V3R3D-BadUSB-Collection/Windows_Badusb/Exfiltration/IP_To_Discord/readme.md,badusb,data_exfiltration,UberGuidoZ_BadUSB,classified
sd_card_content/badusb_extra_payloads/remote_access/Win/directly_ready/UberGuidoZ_BadUSB/UNC0V3R3D-BadUSB-Collection/Windows_Badusb/Remote-Access/CommandLineBackdoor/readme.md,badusb,remote_access,UberGuidoZ_BadUSB,classified
sd_card_content/badusb_extra_payloads/remote_access/Win/directly_ready/UberGuidoZ_BadUSB/UNC0V3R3D-BadUSB-Collection/Windows_Badusb/Remote-Access/Better-Reverse-Shell/readme.md,badusb,remote_access,UberGuidoZ_BadUSB,classified
sd_card_content/badusb_extra_payloads/remote_access/Win/directly_ready/UberGuidoZ_BadUSB/UNC0V3R3D-BadUSB-Collection/Windows_Badusb/Remote-Access/ReversePowershell/readme.md,badusb,remote_access,UberGuidoZ_BadUSB,classified
sd_card_content/badusb_extra_payloads/_unclassified/UberGuidoZ_BadUSB/UNC0V3R3D-BadUSB-Collection/iPhone_Badusb/open-website/readme.md,badusb,_unclassified,UberGuidoZ_BadUSB,classified-unmatched
sd_card_content/badusb_extra_payloads/data_exfiltration/Win/directly_ready/UberGuidoZ_BadUSB/Bookmark-Hog/BH.ps1,badusb,data_exfiltration,UberGuidoZ_BadUSB,classified
sd_card_content/badusb_extra_payloads/data_exfiltration/Win/directly_ready/UberGuidoZ_BadUSB/Bookmark-Hog/README.md,badusb,data_exfiltration,UberGuidoZ_BadUSB,classified
sd_card_content/badusb_extra_payloads/collection/Win/directly_ready/UberGuidoZ_BadUSB/s4dic - BadUSB/DiscordGrabber/ReadMe.md,badusb,collection,UberGuidoZ_BadUSB,classified
sd_card_content/badusb_extra_payloads/_unclassified/UberGuidoZ_BadUSB/s4dic - BadUSB/passwordgrabber/mdponly,badusb,_unclassified,UberGuidoZ_BadUSB,classified-unmatched
sd_card_content/badusb_extra_payloads/data_exfiltration/Win/directly_ready/UberGuidoZ_BadUSB/s4dic - BadUSB/passwordgrabber/ReadMe.md,badusb,data_exfiltration,UberGuidoZ_BadUSB,classified
sd_card_content/badusb_extra_payloads/_unclassified/UberGuidoZ_BadUSB/Discord_FAQ/ReadMe.md,badusb,_unclassified,UberGuidoZ_BadUSB,classified-unmatched
sd_card_content/badusb_extra_payloads/data_exfiltration/Win/directly_ready/UberGuidoZ_BadUSB/Zero-Lazagne/README.md,badusb,data_exfiltration,UberGuidoZ_BadUSB,classified
sd_card_content/badusb_extra_payloads/data_exfiltration/Win/directly_ready/UberGuidoZ_BadUSB/History-Pig/README.md,badusb,data_exfiltration,UberGuidoZ_BadUSB,classified
sd_card_content/badusb_extra_payloads/data_exfiltration/Win/directly_ready/UberGuidoZ_BadUSB/History-Pig/HP.ps1,badusb,data_exfiltration,UberGuidoZ_BadUSB,classified
sd_card_content/badusb_extra_payloads/_unclassified/UberGuidoZ_BadUSB/Water-UnMark/README.md,badusb,_unclassified,UberGuidoZ_BadUSB,classified-unmatched
sd_card_content/badusb_extra_payloads/_unclassified/UberGuidoZ_BadUSB/Screen-Shock/I.bat,badusb,_unclassified,UberGuidoZ_BadUSB,classified-unmatched
sd_card_content/badusb_extra_payloads/data_exfiltration/Win/directly_ready/UberGuidoZ_BadUSB/Screen-Shock/README.md,badusb,data_exfiltration,UberGuidoZ_BadUSB,classified
sd_card_content/badusb_extra_payloads/data_exfiltration/Win/directly_ready/UberGuidoZ_BadUSB/Copy-And-Waste/README.md,badusb,data_exfiltration,UberGuidoZ_BadUSB,classified
sd_card_content/badusb_extra_payloads/destruction/Win/directly_ready/UberGuidoZ_BadUSB/DuckyScript_UDL/userDefineLang.xml,badusb,destruction,UberGuidoZ_BadUSB,classified
sd_card_content/badusb_extra_payloads/_unclassified/UberGuidoZ_BadUSB/DuckyScript_UDL/ReadMe.md,badusb,_unclassified,UberGuidoZ_BadUSB,classified-unmatched
sd_card_content/badusb_extra_payloads/_unclassified/UberGuidoZ_BadUSB/BadUSB-MarkCyber/Emails/GenerateEmailScripts.py,badusb,_unclassified,UberGuidoZ_BadUSB,classified-unmatched
sd_card_content/badusb_extra_payloads/_unclassified/UberGuidoZ_BadUSB/chromeOS/README.md,badusb,_unclassified,UberGuidoZ_BadUSB,classified-unmatched
sd_card_content/badusb_extra_payloads/collection/Win/directly_ready/UberGuidoZ_BadUSB/Pwn-Drive/c.ps1,badusb,collection,UberGuidoZ_BadUSB,classified
sd_card_content/badusb_extra_payloads/data_exfiltration/Win/directly_ready/UberGuidoZ_BadUSB/Pwn-Drive/README.md,badusb,data_exfiltration,UberGuidoZ_BadUSB,classified
sd_card_content/badusb_extra_payloads/prank/Unix-like/macOS/directly_ready/UberGuidoZ_BadUSB/Windows_MacOS_ascii-live_CMD_Rickroll/README.md,badusb,prank,UberGuidoZ_BadUSB,classified
sd_card_content/badusb_extra_payloads/_unclassified/UberGuidoZ_BadUSB/emptythevoid-BadUSB/ReadMe.md,badusb,_unclassified,UberGuidoZ_BadUSB,classified-unmatched
sd_card_content/badusb_extra_payloads/_unclassified/UberGuidoZ_BadUSB/emptythevoid-BadUSB/windows_helpers/check_for_updates_win11.txt,badusb,_unclassified,UberGuidoZ_BadUSB,classified-unmatched
sd_card_content/badusb_extra_payloads/_unclassified/UberGuidoZ_BadUSB/emptythevoid-BadUSB/windows_helpers/check_for_updates_win10.txt,badusb,_unclassified,UberGuidoZ_BadUSB,classified-unmatched
sd_card_content/badusb_extra_payloads/_unclassified/UberGuidoZ_BadUSB/emptythevoid-BadUSB/windows_helpers/windows_eastern_timezone.txt,badusb,_unclassified,UberGuidoZ_BadUSB,classified-unmatched
sd_card_content/badusb_extra_payloads/discovery/Win/directly_ready/UberGuidoZ_BadUSB/emptythevoid-BadUSB/windows_helpers/ipconfig_renew.txt,badusb,discovery,UberGuidoZ_BadUSB,classified
sd_card_content/badusb_extra_payloads/_unclassified/UberGuidoZ_BadUSB/emptythevoid-BadUSB/windows_helpers/shutdown_commandline.txt,badusb,_unclassified,UberGuidoZ_BadUSB,classified-unmatched
sd_card_content/badusb_extra_payloads/_unclassified/UberGuidoZ_BadUSB/emptythevoid-BadUSB/windows_helpers/README.md,badusb,_unclassified,UberGuidoZ_BadUSB,classified-unmatched
sd_card_content/badusb_extra_payloads/_unclassified/UberGuidoZ_BadUSB/emptythevoid-BadUSB/read_write_to_mass storage/copy-and-execute-example.txt,badusb,_unclassified,UberGuidoZ_BadUSB,classified-unmatched
sd_card_content/badusb_extra_payloads/_unclassified/UberGuidoZ_BadUSB/emptythevoid-BadUSB/read_write_to_mass storage/wait-for-drive-example.txt,badusb,_unclassified,UberGuidoZ_BadUSB,classified-unmatched
sd_card_content/badusb_extra_payloads/_unclassified/UberGuidoZ_BadUSB/emptythevoid-BadUSB/Zoom_Controls/Zoom_Controls_Windows/Mute_toggle.txt,badusb,_unclassified,UberGuidoZ_BadUSB,classified-unmatched
sd_card_content/badusb_extra_payloads/_unclassified/UberGuidoZ_BadUSB/emptythevoid-BadUSB/Zoom_Controls/Zoom_Controls_Windows/Video_toggle.txt,badusb,_unclassified,UberGuidoZ_BadUSB,classified-unmatched
sd_card_content/badusb_extra_payloads/_unclassified/UberGuidoZ_BadUSB/emptythevoid-BadUSB/Zoom_Controls/Zoom_Controls_Mac/Mute_toggle.txt,badusb,_unclassified,UberGuidoZ_BadUSB,classified-unmatched
sd_card_content/badusb_extra_payloads/_unclassified/UberGuidoZ_BadUSB/emptythevoid-BadUSB/Zoom_Controls/Zoom_Controls_Mac/Video_toggle.txt,badusb,_unclassified,UberGuidoZ_BadUSB,classified-unmatched
sd_card_content/badusb_extra_payloads/data_exfiltration/Win/directly_ready/UberGuidoZ_BadUSB/emptythevoid-BadUSB/save-to-flipper/latest_no_altstring.txt,badusb,data_exfiltration,UberGuidoZ_BadUSB,classified
sd_card_content/badusb_extra_payloads/data_exfiltration/Win/directly_ready/UberGuidoZ_BadUSB/emptythevoid-BadUSB/save-to-flipper/latest.txt,badusb,data_exfiltration,UberGuidoZ_BadUSB,classified
sd_card_content/badusb_extra_payloads/data_exfiltration/Win/directly_ready/UberGuidoZ_BadUSB/emptythevoid-BadUSB/save-to-flipper/readme.md,badusb,data_exfiltration,UberGuidoZ_BadUSB,classified
sd_card_content/badusb_extra_payloads/_unclassified/UberGuidoZ_BadUSB/emptythevoid-BadUSB/win10_install/win10_part1.txt,badusb,_unclassified,UberGuidoZ_BadUSB,classified-unmatched
sd_card_content/badusb_extra_payloads/_unclassified/UberGuidoZ_BadUSB/emptythevoid-BadUSB/win10_install/README.md,badusb,_unclassified,UberGuidoZ_BadUSB,classified-unmatched
sd_card_content/badusb_extra_payloads/utilities/Win/directly_ready/UberGuidoZ_BadUSB/emptythevoid-BadUSB/win10_install/win10_part2.txt,badusb,utilities,UberGuidoZ_BadUSB,classified
sd_card_content/badusb_extra_payloads/_unclassified/UberGuidoZ_BadUSB/emptythevoid-BadUSB/windows_login_bypass_utilman/win_login_bypass_pt2.txt,badusb,_unclassified,UberGuidoZ_BadUSB,classified-unmatched
sd_card_content/badusb_extra_payloads/_unclassified/UberGuidoZ_BadUSB/emptythevoid-BadUSB/windows_login_bypass_utilman/win_login_bypass_pt1.txt,badusb,_unclassified,UberGuidoZ_BadUSB,classified-unmatched
sd_card_content/badusb_extra_payloads/authentication/Win/directly_ready/UberGuidoZ_BadUSB/emptythevoid-BadUSB/windows_login_bypass_utilman/readme.md,badusb,authentication,UberGuidoZ_BadUSB,classified
sd_card_content/badusb_extra_payloads/destruction/Unix-like/Linux/directly_ready/UberGuidoZ_BadUSB/emptythevoid-BadUSB/Linux_helpers/shred_nvme_live_ubuntu_mate.txt,badusb,destruction,UberGuidoZ_BadUSB,classified
sd_card_content/badusb_extra_payloads/_unclassified/UberGuidoZ_BadUSB/emptythevoid-BadUSB/Linux_helpers/poweroff_linux.txt,badusb,_unclassified,UberGuidoZ_BadUSB,classified-unmatched
sd_card_content/badusb_extra_payloads/destruction/Unix-like/Linux/directly_ready/UberGuidoZ_BadUSB/emptythevoid-BadUSB/Linux_helpers/README.md,badusb,destruction,UberGuidoZ_BadUSB,classified
sd_card_content/badusb_extra_payloads/data_exfiltration/Win/directly_ready/UberGuidoZ_BadUSB/emptythevoid-BadUSB/popos_wifi/popos_wifi.txt,badusb,data_exfiltration,UberGuidoZ_BadUSB,classified
sd_card_content/badusb_extra_payloads/data_exfiltration/Win/directly_ready/UberGuidoZ_BadUSB/emptythevoid-BadUSB/popos_wifi/README.md,badusb,data_exfiltration,UberGuidoZ_BadUSB,classified
sd_card_content/badusb_extra_payloads/_unclassified/UberGuidoZ_BadUSB/emptythevoid-BadUSB/red_dead_redemption_2/rdonline_sololobby_linux.txt,badusb,_unclassified,UberGuidoZ_BadUSB,classified-unmatched
sd_card_content/badusb_extra_payloads/_unclassified/UberGuidoZ_BadUSB/emptythevoid-BadUSB/red_dead_redemption_2/rdr2_bond_with_horse.txt,badusb,_unclassified,UberGuidoZ_BadUSB,classified-unmatched
sd_card_content/badusb_extra_payloads/_unclassified/UberGuidoZ_BadUSB/emptythevoid-BadUSB/red_dead_redemption_2/rdr2_spam_deadeye.txt,badusb,_unclassified,UberGuidoZ_BadUSB,classified-unmatched
sd_card_content/badusb_extra_payloads/_unclassified/UberGuidoZ_BadUSB/emptythevoid-BadUSB/red_dead_redemption_2/Five_Finger_Filet/W/S/S/S/S/S/WSSSSS.txt,badusb,_unclassified,UberGuidoZ_BadUSB,classified-unmatched
sd_card_content/badusb_extra_payloads/_unclassified/UberGuidoZ_BadUSB/emptythevoid-BadUSB/red_dead_redemption_2/Five_Finger_Filet/W/S/S/S/S/A/WSSSSA.txt,badusb,_unclassified,UberGuidoZ_BadUSB,classified-unmatched
sd_card_content/badusb_extra_payloads/_unclassified/UberGuidoZ_BadUSB/emptythevoid-BadUSB/red_dead_redemption_2/Five_Finger_Filet/W/S/S/S/S/D/WSSSSD.txt,badusb,_unclassified,UberGuidoZ_BadUSB,classified-unmatched
sd_card_content/badusb_extra_payloads/_unclassified/UberGuidoZ_BadUSB/emptythevoid-BadUSB/red_dead_redemption_2/Five_Finger_Filet/W/S/S/S/A/S/WSSSAS.txt,badusb,_unclassified,UberGuidoZ_BadUSB,classified-unmatched
sd_card_content/badusb_extra_payloads/_unclassified/UberGuidoZ_BadUSB/emptythevoid-BadUSB/red_dead_redemption_2/Five_Finger_Filet/W/S/S/S/A/A/WSSSAA.txt,badusb,_unclassified,UberGuidoZ_BadUSB,classified-unmatched
sd_card_content/badusb_extra_payloads/_unclassified/UberGuidoZ_BadUSB/emptythevoid-BadUSB/red_dead_redemption_2/Five_Finger_Filet/W/S/S/S/A/D/WSSSAD.txt,badusb,_unclassified,UberGuidoZ_BadUSB,classified-unmatched
sd_card_content/badusb_extra_payloads/_unclassified/UberGuidoZ_BadUSB/emptythevoid-BadUSB/red_dead_redemption_2/Five_Finger_Filet/W/S/S/S/D/S/WSSSDS.txt,badusb,_unclassified,UberGuidoZ_BadUSB,classified-unmatched
sd_card_content/badusb_extra_payloads/_unclassified/UberGuidoZ_BadUSB/emptythevoid-BadUSB/red_dead_redemption_2/Five_Finger_Filet/W/S/S/S/D/A/WSSSDA.txt,badusb,_unclassified,UberGuidoZ_BadUSB,classified-unmatched
sd_card_content/badusb_extra_payloads/_unclassified/UberGuidoZ_BadUSB/emptythevoid-BadUSB/red_dead_redemption_2/Five_Finger_Filet/W/S/S/S/D/D/WSSSDD.txt,badusb,_unclassified,UberGuidoZ_BadUSB,classified-unmatched
sd_card_content/badusb_extra_payloads/_unclassified/UberGuidoZ_BadUSB/emptythevoid-BadUSB/red_dead_redemption_2/Five_Finger_Filet/W/S/S/A/S/S/WSSASS.txt,badusb,_unclassified,UberGuidoZ_BadUSB,classified-unmatched
sd_card_content/badusb_extra_payloads/_unclassified/UberGuidoZ_BadUSB/emptythevoid-BadUSB/red_dead_redemption_2/Five_Finger_Filet/W/S/S/A/S/A/WSSASA.txt,badusb,_unclassified,UberGuidoZ_BadUSB,classified-unmatched
sd_card_content/badusb_extra_payloads/_unclassified/UberGuidoZ_BadUSB/emptythevoid-BadUSB/red_dead_redemption_2/Five_Finger_Filet/W/S/S/A/S/D/WSSASD.txt,badusb,_unclassified,UberGuidoZ_BadUSB,classified-unmatched
sd_card_content/badusb_extra_payloads/_unclassified/UberGuidoZ_BadUSB/emptythevoid-BadUSB/red_dead_redemption_2/Five_Finger_Filet/W/S/S/A/A/S/WSSAAS.txt,badusb,_unclassified,UberGuidoZ_BadUSB,classified-unmatched
sd_card_content/badusb_extra_payloads/_unclassified/UberGuidoZ_BadUSB/emptythevoid-BadUSB/red_dead_redemption_2/Five_Finger_Filet/W/S/S/A/A/A/WSSAAA.txt,badusb,_unclassified,UberGuidoZ_BadUSB,classified-unmatched
sd_card_content/badusb_extra_payloads/_unclassified/UberGuidoZ_BadUSB/emptythevoid-BadUSB/red_dead_redemption_2/Five_Finger_Filet/W/S/S/A/A/D/WSSAAD.txt,badusb,_unclassified,UberGuidoZ_BadUSB,classified-unmatched
sd_card_content/badusb_extra_payloads/_unclassified/UberGuidoZ_BadUSB/emptythevoid-BadUSB/red_dead_redemption_2/Five_Finger_Filet/W/S/S/A/D/S/WSSADS.txt,badusb,_unclassified,UberGuidoZ_BadUSB,classified-unmatched
sd_card_content/badusb_extra_payloads/_unclassified/UberGuidoZ_BadUSB/emptythevoid-BadUSB/red_dead_redemption_2/Five_Finger_Filet/W/S/S/A/D/A/WSSADA.txt,badusb,_unclassified,UberGuidoZ_BadUSB,classified-unmatched
sd_card_content/badusb_extra_payloads/_unclassified/UberGuidoZ_BadUSB/emptythevoid-BadUSB/red_dead_redemption_2/Five_Finger_Filet/W/S/S/A/D/D/WSSADD.txt,badusb,_unclassified,UberGuidoZ_BadUSB,classified-unmatched
sd_card_content/badusb_extra_payloads/_unclassified/UberGuidoZ_BadUSB/emptythevoid-BadUSB/red_dead_redemption_2/Five_Finger_Filet/W/S/S/D/S/S/WSSDSS.txt,badusb,_unclassified,UberGuidoZ_BadUSB,classified-unmatched
sd_card_content/badusb_extra_payloads/_unclassified/UberGuidoZ_BadUSB/emptythevoid-BadUSB/red_dead_redemption_2/Five_Finger_Filet/W/S/S/D/S/A/WSSDSA.txt,badusb,_unclassified,UberGuidoZ_BadUSB,classified-unmatched
sd_card_content/badusb_extra_payloads/_unclassified/UberGuidoZ_BadUSB/emptythevoid-BadUSB/red_dead_redemption_2/Five_Finger_Filet/W/S/S/D/S/D/WSSDSD.txt,badusb,_unclassified,UberGuidoZ_BadUSB,classified-unmatched
sd_card_content/badusb_extra_payloads/_unclassified/UberGuidoZ_BadUSB/emptythevoid-BadUSB/red_dead_redemption_2/Five_Finger_Filet/W/S/S/D/A/S/WSSDAS.txt,badusb,_unclassified,UberGuidoZ_BadUSB,classified-unmatched
sd_card_content/badusb_extra_payloads/_unclassified/UberGuidoZ_BadUSB/emptythevoid-BadUSB/red_dead_redemption_2/Five_Finger_Filet/W/S/S/D/A/A/WSSDAA.txt,badusb,_unclassified,UberGuidoZ_BadUSB,classified-unmatched
sd_card_content/badusb_extra_payloads/_unclassified/UberGuidoZ_BadUSB/emptythevoid-BadUSB/red_dead_redemption_2/Five_Finger_Filet/W/S/S/D/A/D/WSSDAD.txt,badusb,_unclassified,UberGuidoZ_BadUSB,classified-unmatched
sd_card_content/badusb_extra_payloads/_unclassified/UberGuidoZ_BadUSB/emptythevoid-BadUSB/red_dead_redemption_2/Five_Finger_Filet/W/S/S/D/D/S/WSSDDS.txt,badusb,_unclassified,UberGuidoZ_BadUSB,classified-unmatched
sd_card_content/badusb_extra_payloads/_unclassified/UberGuidoZ_BadUSB/emptythevoid-BadUSB/red_dead_redemption_2/Five_Finger_Filet/W/S/S/D/D/A/WSSDDA.txt,badusb,_unclassified,UberGuidoZ_BadUSB,classified-unmatched
sd_card_content/badusb_extra_payloads/_unclassified/UberGuidoZ_BadUSB/emptythevoid-BadUSB/red_dead_redemption_2/Five_Finger_Filet/W/S/S/D/D/D/WSSDDD.txt,badusb,_unclassified,UberGuidoZ_BadUSB,classified-unmatched
sd_card_content/badusb_extra_payloads/_unclassified/UberGuidoZ_BadUSB/emptythevoid-BadUSB/red_dead_redemption_2/Five_Finger_Filet/W/S/A/S/S/S/WSASSS.txt,badusb,_unclassified,UberGuidoZ_BadUSB,classified-unmatched
sd_card_content/badusb_extra_payloads/_unclassified/UberGuidoZ_BadUSB/emptythevoid-BadUSB/red_dead_redemption_2/Five_Finger_Filet/W/S/A/S/S/A/WSASSA.txt,badusb,_unclassified,UberGuidoZ_BadUSB,classified-unmatched
sd_card_content/badusb_extra_payloads/_unclassified/UberGuidoZ_BadUSB/emptythevoid-BadUSB/red_dead_redemption_2/Five_Finger_Filet/W/S/A/S/S/D/WSASSD.txt,badusb,_unclassified,UberGuidoZ_BadUSB,classified-unmatched
sd_card_content/badusb_extra_payloads/_unclassified/UberGuidoZ_BadUSB/emptythevoid-BadUSB/red_dead_redemption_2/Five_Finger_Filet/W/S/A/S/A/S/WSASAS.txt,badusb,_unclassified,UberGuidoZ_BadUSB,classified-unmatched
sd_card_content/badusb_extra_payloads/_unclassified/UberGuidoZ_BadUSB/emptythevoid-BadUSB/red_dead_redemption_2/Five_Finger_Filet/W/S/A/S/A/A/WSASAA.txt,badusb,_unclassified,UberGuidoZ_BadUSB,classified-unmatched
sd_card_content/badusb_extra_payloads/_unclassified/UberGuidoZ_BadUSB/emptythevoid-BadUSB/red_dead_redemption_2/Five_Finger_Filet/W/S/A/S/A/D/WSASAD.txt,badusb,_unclassified,UberGuidoZ_BadUSB,classified-unmatched
sd_card_content/badusb_extra_payloads/_unclassified/UberGuidoZ_BadUSB/emptythevoid-BadUSB/red_dead_redemption_2/Five_Finger_Filet/W/S/A/S/D/S/WSASDS.txt,badusb,_unclassified,UberGuidoZ_BadUSB,classified-unmatched
sd_card_content/badusb_extra_payloads/_unclassified/UberGuidoZ_BadUSB/emptythevoid-BadUSB/red_dead_redemption_2/Five_Finger_Filet/W/S/A/S/D/A/WSASDA.txt,badusb,_unclassified,UberGuidoZ_BadUSB,classified-unmatched
sd_card_content/badusb_extra_payloads/_unclassified/UberGuidoZ_BadUSB/emptythevoid-BadUSB/red_dead_redemption_2/Five_Finger_Filet/W/S/A/S/D/D/WSASDD.txt,badusb,_unclassified,UberGuidoZ_BadUSB,classified-unmatched
sd_card_content/badusb_extra_payloads/_unclassified/UberGuidoZ_BadUSB/emptythevoid-BadUSB/red_dead_redemption_2/Five_Finger_Filet/W/S/A/A/S/S/WSAASS.txt,badusb,_unclassified,UberGuidoZ_BadUSB,classified-unmatched
sd_card_content/badusb_extra_payloads/_unclassified/UberGuidoZ_BadUSB/emptythevoid-BadUSB/red_dead_redemption_2/Five_Finger_Filet/W/S/A/A/S/A/WSAASA.txt,badusb,_unclassified,UberGuidoZ_BadUSB,classified-unmatched
sd_card_content/badusb_extra_payloads/_unclassified/UberGuidoZ_BadUSB/emptythevoid-BadUSB/red_dead_redemption_2/Five_Finger_Filet/W/S/A/A/S/D/WSAASD.txt,badusb,_unclassified,UberGuidoZ_BadUSB,classified-unmatched
sd_card_content/badusb_extra_payloads/_unclassified/UberGuidoZ_BadUSB/emptythevoid-BadUSB/red_dead_redemption_2/Five_Finger_Filet/W/S/A/A/A/S/WSAAAS.txt,badusb,_unclassified,UberGuidoZ_BadUSB,classified-unmatched
sd_card_content/badusb_extra_payloads/_unclassified/UberGuidoZ_BadUSB/emptythevoid-BadUSB/red_dead_redemption_2/Five_Finger_Filet/W/S/A/A/A/A/WSAAAA.txt,badusb,_unclassified,UberGuidoZ_BadUSB,classified-unmatched
sd_card_content/badusb_extra_payloads/_unclassified/UberGuidoZ_BadUSB/emptythevoid-BadUSB/red_dead_redemption_2/Five_Finger_Filet/W/S/A/A/A/D/WSAAAD.txt,badusb,_unclassified,UberGuidoZ_BadUSB,classified-unmatched
sd_card_content/badusb_extra_payloads/_unclassified/UberGuidoZ_BadUSB/emptythevoid-BadUSB/red_dead_redemption_2/Five_Finger_Filet/W/S/A/A/D/S/WSAADS.txt,badusb,_unclassified,UberGuidoZ_BadUSB,classified-unmatched
sd_card_content/badusb_extra_payloads/_unclassified/UberGuidoZ_BadUSB/emptythevoid-BadUSB/red_dead_redemption_2/Five_Finger_Filet/W/S/A/A/D/A/WSAADA.txt,badusb,_unclassified,UberGuidoZ_BadUSB,classified-unmatched
sd_card_content/badusb_extra_payloads/_unclassified/UberGuidoZ_BadUSB/emptythevoid-BadUSB/red_dead_redemption_2/Five_Finger_Filet/W/S/A/A/D/D/WSAADD.txt,badusb,_unclassified,UberGuidoZ_BadUSB,classified-unmatched
sd_card_content/badusb_extra_payloads/_unclassified/UberGuidoZ_BadUSB/emptythevoid-BadUSB/red_dead_redemption_2/Five_Finger_Filet/W/S/A/D/S/S/WSADSS.txt,badusb,_unclassified,UberGuidoZ_BadUSB,classified-unmatched
sd_card_content/badusb_extra_payloads/_unclassified/UberGuidoZ_BadUSB/emptythevoid-BadUSB/red_dead_redemption_2/Five_Finger_Filet/W/S/A/D/S/A/WSADSA.txt,badusb,_unclassified,UberGuidoZ_BadUSB,classified-unmatched
sd_card_content/badusb_extra_payloads/_unclassified/UberGuidoZ_BadUSB/emptythevoid-BadUSB/red_dead_redemption_2/Five_Finger_Filet/W/S/A/D/S/D/WSADSD.txt,badusb,_unclassified,UberGuidoZ_BadUSB,classified-unmatched
sd_card_content/badusb_extra_payloads/_unclassified/UberGuidoZ_BadUSB/emptythevoid-BadUSB/red_dead_redemption_2/Five_Finger_Filet/W/S/A/D/A/S/WSADAS.txt,badusb,_unclassified,UberGuidoZ_BadUSB,classified-unmatched
sd_card_content/badusb_extra_payloads/_unclassified/UberGuidoZ_BadUSB/emptythevoid-BadUSB/red_dead_redemption_2/Five_Finger_Filet/W/S/A/D/A/A/WSADAA.txt,badusb,_unclassified,UberGuidoZ_BadUSB,classified-unmatched
sd_card_content/badusb_extra_payloads/_unclassified/UberGuidoZ_BadUSB/emptythevoid-BadUSB/red_dead_redemption_2/Five_Finger_Filet/W/S/A/D/A/D/WSADAD.txt,badusb,_unclassified,UberGuidoZ_BadUSB,classified-unmatched
sd_card_content/badusb_extra_payloads/_unclassified/UberGuidoZ_BadUSB/emptythevoid-BadUSB/red_dead_redemption_2/Five_Finger_Filet/W/S/A/D/D/S/WSADDS.txt,badusb,_unclassified,UberGuidoZ_BadUSB,classified-unmatched
sd_card_content/badusb_extra_payloads/_unclassified/UberGuidoZ_BadUSB/emptythevoid-BadUSB/red_dead_redemption_2/Five_Finger_Filet/W/S/A/D/D/A/WSADDA.txt,badusb,_unclassified,UberGuidoZ_BadUSB,classified-unmatched
sd_card_content/badusb_extra_payloads/_unclassified/UberGuidoZ_BadUSB/emptythevoid-BadUSB/red_dead_redemption_2/Five_Finger_Filet/W/S/A/D/D/D/WSADDD.txt,badusb,_unclassified,UberGuidoZ_BadUSB,classified-unmatched
sd_card_content/badusb_extra_payloads/_unclassified/UberGuidoZ_BadUSB/emptythevoid-BadUSB/red_dead_redemption_2/Five_Finger_Filet/W/S/D/S/S/S/WSDSSS.txt,badusb,_unclassified,UberGuidoZ_BadUSB,classified-unmatched
sd_card_content/badusb_extra_payloads/_unclassified/UberGuidoZ_BadUSB/emptythevoid-BadUSB/red_dead_redemption_2/Five_Finger_Filet/W/S/D/S/S/A/WSDSSA.txt,badusb,_unclassified,UberGuidoZ_BadUSB,classified-unmatched
sd_card_content/badusb_extra_payloads/_unclassified/UberGuidoZ_BadUSB/emptythevoid-BadUSB/red_dead_redemption_2/Five_Finger_Filet/W/S/D/S/S/D/WSDSSD.txt,badusb,_unclassified,UberGuidoZ_BadUSB,classified-unmatched
sd_card_content/badusb_extra_payloads/_unclassified/UberGuidoZ_BadUSB/emptythevoid-BadUSB/red_dead_redemption_2/Five_Finger_Filet/W/S/D/S/A/S/WSDSAS.txt,badusb,_unclassified,UberGuidoZ_BadUSB,classified-unmatched
sd_card_content/badusb_extra_payloads/_unclassified/UberGuidoZ_BadUSB/emptythevoid-BadUSB/red_dead_redemption_2/Five_Finger_Filet/W/S/D/S/A/A/WSDSAA.txt,badusb,_unclassified,UberGuidoZ_BadUSB,classified-unmatched
sd_card_content/badusb_extra_payloads/_unclassified/UberGuidoZ_BadUSB/emptythevoid-BadUSB/red_dead_redemption_2/Five_Finger_Filet/W/S/D/S/A/D/WSDSAD.txt,badusb,_unclassified,UberGuidoZ_BadUSB,classified-unmatched
sd_card_content/badusb_extra_payloads/_unclassified/UberGuidoZ_BadUSB/emptythevoid-BadUSB/red_dead_redemption_2/Five_Finger_Filet/W/S/D/S/D/S/WSDSDS.txt,badusb,_unclassified,UberGuidoZ_BadUSB,classified-unmatched
sd_card_content/badusb_extra_payloads/_unclassified/UberGuidoZ_BadUSB/emptythevoid-BadUSB/red_dead_redemption_2/Five_Finger_Filet/W/S/D/S/D/A/WSDSDA.txt,badusb,_unclassified,UberGuidoZ_BadUSB,classified-unmatched
sd_card_content/badusb_extra_payloads/_unclassified/UberGuidoZ_BadUSB/emptythevoid-BadUSB/red_dead_redemption_2/Five_Finger_Filet/W/S/D/S/D/D/WSDSDD.txt,badusb,_unclassified,UberGuidoZ_BadUSB,classified-unmatched
sd_card_content/badusb_extra_payloads/_unclassified/UberGuidoZ_BadUSB/emptythevoid-BadUSB/red_dead_redemption_2/Five_Finger_Filet/W/S/D/A/S/S/WSDASS.txt,badusb,_unclassified,UberGuidoZ_BadUSB,classified-unmatched
sd_card_content/badusb_extra_payloads/_unclassified/UberGuidoZ_BadUSB/emptythevoid-BadUSB/red_dead_redemption_2/Five_Finger_Filet/W/S/D/A/S/A/WSDASA.txt,badusb,_unclassified,UberGuidoZ_BadUSB,classified-unmatched
sd_card_content/badusb_extra_payloads/_unclassified/UberGuidoZ_BadUSB/emptythevoid-BadUSB/red_dead_redemption_2/Five_Finger_Filet/W/S/D/A/S/D/WSDASD.txt,badusb,_unclassified,UberGuidoZ_BadUSB,classified-unmatched
sd_card_content/badusb_extra_payloads/_unclassified/UberGuidoZ_BadUSB/emptythevoid-BadUSB/red_dead_redemption_2/Five_Finger_Filet/W/S/D/A/A/S/WSDAAS.txt,badusb,_unclassified,UberGuidoZ_BadUSB,classified-unmatched
sd_card_content/badusb_extra_payloads/_unclassified/UberGuidoZ_BadUSB/emptythevoid-BadUSB/red_dead_redemption_2/Five_Finger_Filet/W/S/D/A/A/A/WSDAAA.txt,badusb,_unclassified,UberGuidoZ_BadUSB,classified-unmatched
sd_card_content/badusb_extra_payloads/_unclassified/UberGuidoZ_BadUSB/emptythevoid-BadUSB/red_dead_redemption_2/Five_Finger_Filet/W/S/D/A/A/D/WSDAAD.txt,badusb,_unclassified,UberGuidoZ_BadUSB,classified-unmatched
sd_card_content/badusb_extra_payloads/_unclassified/UberGuidoZ_BadUSB/emptythevoid-BadUSB/red_dead_redemption_2/Five_Finger_Filet/W/S/D/A/D/S/WSDADS.txt,badusb,_unclassified,UberGuidoZ_BadUSB,classified-unmatched
sd_card_content/badusb_extra_payloads/_unclassified/UberGuidoZ_BadUSB/emptythevoid-BadUSB/red_dead_redemption_2/Five_Finger_Filet/W/S/D/A/D/A/WSDADA.txt,badusb,_unclassified,UberGuidoZ_BadUSB,classified-unmatched
sd_card_content/badusb_extra_payloads/_unclassified/UberGuidoZ_BadUSB/emptythevoid-BadUSB/red_dead_redemption_2/Five_Finger_Filet/W/S/D/A/D/D/WSDADD.txt,badusb,_unclassified,UberGuidoZ_BadUSB,classified-unmatched
sd_card_content/badusb_extra_payloads/_unclassified/UberGuidoZ_BadUSB/emptythevoid-BadUSB/red_dead_redemption_2/Five_Finger_Filet/W/S/D/D/S/S/WSDDSS.txt,badusb,_unclassified,UberGuidoZ_BadUSB,classified-unmatched
sd_card_content/badusb_extra_payloads/_unclassified/UberGuidoZ_BadUSB/emptythevoid-BadUSB/red_dead_redemption_2/Five_Finger_Filet/W/S/D/D/S/A/WSDDSA.txt,badusb,_unclassified,UberGuidoZ_BadUSB,classified-unmatched
sd_card_content/badusb_extra_payloads/_unclassified/UberGuidoZ_BadUSB/emptythevoid-BadUSB/red_dead_redemption_2/Five_Finger_Filet/W/S/D/D/S/D/WSDDSD.txt,badusb,_unclassified,UberGuidoZ_BadUSB,classified-unmatched
sd_card_content/badusb_extra_payloads/_unclassified/UberGuidoZ_BadUSB/emptythevoid-BadUSB/red_dead_redemption_2/Five_Finger_Filet/W/S/D/D/A/S/WSDDAS.txt,badusb,_unclassified,UberGuidoZ_BadUSB,classified-unmatched
sd_card_content/badusb_extra_payloads/_unclassified/UberGuidoZ_BadUSB/emptythevoid-BadUSB/red_dead_redemption_2/Five_Finger_Filet/W/S/D/D/A/A/WSDDAA.txt,badusb,_unclassified,UberGuidoZ_BadUSB,classified-unmatched
sd_card_content/badusb_extra_payloads/_unclassified/UberGuidoZ_BadUSB/emptythevoid-BadUSB/red_dead_redemption_2/Five_Finger_Filet/W/S/D/D/A/D/WSDDAD.txt,badusb,_unclassified,UberGuidoZ_BadUSB,classified-unmatched
sd_card_content/badusb_extra_payloads/_unclassified/UberGuidoZ_BadUSB/emptythevoid-BadUSB/red_dead_redemption_2/Five_Finger_Filet/W/S/D/D/D/S/WSDDDS.txt,badusb,_unclassified,UberGuidoZ_BadUSB,classified-unmatched
sd_card_content/badusb_extra_payloads/_unclassified/UberGuidoZ_BadUSB/emptythevoid-BadUSB/red_dead_redemption_2/Five_Finger_Filet/W/S/D/D/D/A/WSDDDA.txt,badusb,_unclassified,UberGuidoZ_BadUSB,classified-unmatched
sd_card_content/badusb_extra_payloads/_unclassified/UberGuidoZ_BadUSB/emptythevoid-BadUSB/red_dead_redemption_2/Five_Finger_Filet/W/S/D/D/D/D/WSDDDD.txt,badusb,_unclassified,UberGuidoZ_BadUSB,classified-unmatched
sd_card_content/badusb_extra_payloads/_unclassified/UberGuidoZ_BadUSB/emptythevoid-BadUSB/red_dead_redemption_2/Five_Finger_Filet/W/A/S/S/S/S/WASSSS.txt,badusb,_unclassified,UberGuidoZ_BadUSB,classified-unmatched
sd_card_content/badusb_extra_payloads/_unclassified/UberGuidoZ_BadUSB/emptythevoid-BadUSB/red_dead_redemption_2/Five_Finger_Filet/W/A/S/S/S/A/WASSSA.txt,badusb,_unclassified,UberGuidoZ_BadUSB,classified-unmatched
sd_card_content/badusb_extra_payloads/_unclassified/UberGuidoZ_BadUSB/emptythevoid-BadUSB/red_dead_redemption_2/Five_Finger_Filet/W/A/S/S/S/D/WASSSD.txt,badusb,_unclassified,UberGuidoZ_BadUSB,classified-unmatched
sd_card_content/badusb_extra_payloads/_unclassified/UberGuidoZ_BadUSB/emptythevoid-BadUSB/red_dead_redemption_2/Five_Finger_Filet/W/A/S/S/A/S/WASSAS.txt,badusb,_unclassified,UberGuidoZ_BadUSB,classified-unmatched
sd_card_content/badusb_extra_payloads/_unclassified/UberGuidoZ_BadUSB/emptythevoid-BadUSB/red_dead_redemption_2/Five_Finger_Filet/W/A/S/S/A/A/WASSAA.txt,badusb,_unclassified,UberGuidoZ_BadUSB,classified-unmatched
sd_card_content/badusb_extra_payloads/_unclassified/UberGuidoZ_BadUSB/emptythevoid-BadUSB/red_dead_redemption_2/Five_Finger_Filet/W/A/S/S/A/D/WASSAD.txt,badusb,_unclassified,UberGuidoZ_BadUSB,classified-unmatched
sd_card_content/badusb_extra_payloads/_unclassified/UberGuidoZ_BadUSB/emptythevoid-BadUSB/red_dead_redemption_2/Five_Finger_Filet/W/A/S/S/D/S/WASSDS.txt,badusb,_unclassified,UberGuidoZ_BadUSB,classified-unmatched
sd_card_content/badusb_extra_payloads/_unclassified/UberGuidoZ_BadUSB/emptythevoid-BadUSB/red_dead_redemption_2/Five_Finger_Filet/W/A/S/S/D/A/WASSDA.txt,badusb,_unclassified,UberGuidoZ_BadUSB,classified-unmatched
sd_card_content/badusb_extra_payloads/_unclassified/UberGuidoZ_BadUSB/emptythevoid-BadUSB/red_dead_redemption_2/Five_Finger_Filet/W/A/S/S/D/D/WASSDD.txt,badusb,_unclassified,UberGuidoZ_BadUSB,classified-unmatched
sd_card_content/badusb_extra_payloads/_unclassified/UberGuidoZ_BadUSB/emptythevoid-BadUSB/red_dead_redemption_2/Five_Finger_Filet/W/A/S/A/S/S/WASASS.txt,badusb,_unclassified,UberGuidoZ_BadUSB,classified-unmatched
sd_card_content/badusb_extra_payloads/_unclassified/UberGuidoZ_BadUSB/emptythevoid-BadUSB/red_dead_redemption_2/Five_Finger_Filet/W/A/S/A/S/A/WASASA.txt,badusb,_unclassified,UberGuidoZ_BadUSB,classified-unmatched
sd_card_content/badusb_extra_payloads/_unclassified/UberGuidoZ_BadUSB/emptythevoid-BadUSB/red_dead_redemption_2/Five_Finger_Filet/W/A/S/A/S/D/WASASD.txt,badusb,_unclassified,UberGuidoZ_BadUSB,classified-unmatched
sd_card_content/badusb_extra_payloads/_unclassified/UberGuidoZ_BadUSB/emptythevoid-BadUSB/red_dead_redemption_2/Five_Finger_Filet/W/A/S/A/A/S/WASAAS.txt,badusb,_unclassified,UberGuidoZ_BadUSB,classified-unmatched
sd_card_content/badusb_extra_payloads/_unclassified/UberGuidoZ_BadUSB/emptythevoid-BadUSB/red_dead_redemption_2/Five_Finger_Filet/W/A/S/A/A/A/WASAAA.txt,badusb,_unclassified,UberGuidoZ_BadUSB,classified-unmatched
sd_card_content/badusb_extra_payloads/_unclassified/UberGuidoZ_BadUSB/emptythevoid-BadUSB/red_dead_redemption_2/Five_Finger_Filet/W/A/S/A/A/D/WASAAD.txt,badusb,_unclassified,UberGuidoZ_BadUSB,classified-unmatched
sd_card_content/badusb_extra_payloads/_unclassified/UberGuidoZ_BadUSB/emptythevoid-BadUSB/red_dead_redemption_2/Five_Finger_Filet/W/A/S/A/D/S/WASADS.txt,badusb,_unclassified,UberGuidoZ_BadUSB,classified-unmatched
sd_card_content/badusb_extra_payloads/_unclassified/UberGuidoZ_BadUSB/emptythevoid-BadUSB/red_dead_redemption_2/Five_Finger_Filet/W/A/S/A/D/A/WASADA.txt,badusb,_unclassified,UberGuidoZ_BadUSB,classified-unmatched
sd_card_content/badusb_extra_payloads/_unclassified/UberGuidoZ_BadUSB/emptythevoid-BadUSB/red_dead_redemption_2/Five_Finger_Filet/W/A/S/A/D/D/WASADD.txt,badusb,_unclassified,UberGuidoZ_BadUSB,classified-unmatched
sd_card_content/badusb_extra_payloads/_unclassified/UberGuidoZ_BadUSB/emptythevoid-BadUSB/red_dead_redemption_2/Five_Finger_Filet/W/A/S/D/S/S/WASDSS.txt,badusb,_unclassified,UberGuidoZ_BadUSB,classified-unmatched
sd_card_content/badusb_extra_payloads/_unclassified/UberGuidoZ_BadUSB/emptythevoid-BadUSB/red_dead_redemption_2/Five_Finger_Filet/W/A/S/D/S/A/WASDSA.txt,badusb,_unclassified,UberGuidoZ_BadUSB,classified-unmatched
sd_card_content/badusb_extra_payloads/_unclassified/UberGuidoZ_BadUSB/emptythevoid-BadUSB/red_dead_redemption_2/Five_Finger_Filet/W/A/S/D/S/D/WASDSD.txt,badusb,_unclassified,UberGuidoZ_BadUSB,classified-unmatched
sd_card_content/badusb_extra_payloads/_unclassified/UberGuidoZ_BadUSB/emptythevoid-BadUSB/red_dead_redemption_2/Five_Finger_Filet/W/A/S/D/A/S/WASDAS.txt,badusb,_unclassified,UberGuidoZ_BadUSB,classified-unmatched
sd_card_content/badusb_extra_payloads/_unclassified/UberGuidoZ_BadUSB/emptythevoid-BadUSB/red_dead_redemption_2/Five_Finger_Filet/W/A/S/D/A/A/WASDAA.txt,badusb,_unclassified,UberGuidoZ_BadUSB,classified-unmatched
sd_card_content/badusb_extra_payloads/_unclassified/UberGuidoZ_BadUSB/emptythevoid-BadUSB/red_dead_redemption_2/Five_Finger_Filet/W/A/S/D/A/D/WASDAD.txt,badusb,_unclassified,UberGuidoZ_BadUSB,classified-unmatched
sd_card_content/badusb_extra_payloads/_unclassified/UberGuidoZ_BadUSB/emptythevoid-BadUSB/red_dead_redemption_2/Five_Finger_Filet/W/A/S/D/D/S/WASDDS.txt,badusb,_unclassified,UberGuidoZ_BadUSB,classified-unmatched
sd_card_content/badusb_extra_payloads/_unclassified/UberGuidoZ_BadUSB/emptythevoid-BadUSB/red_dead_redemption_2/Five_Finger_Filet/W/A/S/D/D/A/WASDDA.txt,badusb,_unclassified,UberGuidoZ_BadUSB,classified-unmatched
sd_card_content/badusb_extra_payloads/_unclassified/UberGuidoZ_BadUSB/emptythevoid-BadUSB/red_dead_redemption_2/Five_Finger_Filet/W/A/S/D/D/D/WASDDD.txt,badusb,_unclassified,UberGuidoZ_BadUSB,classified-unmatched
sd_card_content/badusb_extra_payloads/_unclassified/UberGuidoZ_BadUSB/emptythevoid-BadUSB/red_dead_redemption_2/Five_Finger_Filet/W/A/A/S/S/S/WAASSS.txt,badusb,_unclassified,UberGuidoZ_BadUSB,classified-unmatched
sd_card_content/badusb_extra_payloads/_unclassified/UberGuidoZ_BadUSB/emptythevoid-BadUSB/red_dead_redemption_2/Five_Finger_Filet/W/A/A/S/S/A/WAASSA.txt,badusb,_unclassified,UberGuidoZ_BadUSB,classified-unmatched
sd_card_content/badusb_extra_payloads/_unclassified/UberGuidoZ_BadUSB/emptythevoid-BadUSB/red_dead_redemption_2/Five_Finger_Filet/W/A/A/S/S/D/WAASSD.txt,badusb,_unclassified,UberGuidoZ_BadUSB,classified-unmatched
sd_card_content/badusb_extra_payloads/_unclassified/UberGuidoZ_BadUSB/emptythevoid-BadUSB/red_dead_redemption_2/Five_Finger_Filet/W/A/A/S/A/S/WAASAS.txt,badusb,_unclassified,UberGuidoZ_BadUSB,classified-unmatched
sd_card_content/badusb_extra_payloads/_unclassified/UberGuidoZ_BadUSB/emptythevoid-BadUSB/red_dead_redemption_2/Five_Finger_Filet/W/A/A/S/A/A/WAASAA.txt,badusb,_unclassified,UberGuidoZ_BadUSB,classified-unmatched
sd_card_content/badusb_extra_payloads/_unclassified/UberGuidoZ_BadUSB/emptythevoid-BadUSB/red_dead_redemption_2/Five_Finger_Filet/W/A/A/S/A/D/WAASAD.txt,badusb,_unclassified,UberGuidoZ_BadUSB,classified-unmatched
sd_card_content/badusb_extra_payloads/_unclassified/UberGuidoZ_BadUSB/emptythevoid-BadUSB/red_dead_redemption_2/Five_Finger_Filet/W/A/A/S/D/S/WAASDS.txt,badusb,_unclassified,UberGuidoZ_BadUSB,classified-unmatched
sd_card_content/badusb_extra_payloads/_unclassified/UberGuidoZ_BadUSB/emptythevoid-BadUSB/red_dead_redemption_2/Five_Finger_Filet/W/A/A/S/D/A/WAASDA.txt,badusb,_unclassified,UberGuidoZ_BadUSB,classified-unmatched
sd_card_content/badusb_extra_payloads/_unclassified/UberGuidoZ_BadUSB/emptythevoid-BadUSB/red_dead_redemption_2/Five_Finger_Filet/W/A/A/S/D/D/WAASDD.txt,badusb,_unclassified,UberGuidoZ_BadUSB,classified-unmatched
sd_card_content/badusb_extra_payloads/_unclassified/UberGuidoZ_BadUSB/emptythevoid-BadUSB/red_dead_redemption_2/Five_Finger_Filet/W/A/A/A/S/S/WAAASS.txt,badusb,_unclassified,UberGuidoZ_BadUSB,classified-unmatched
sd_card_content/badusb_extra_payloads/_unclassified/UberGuidoZ_BadUSB/emptythevoid-BadUSB/red_dead_redemption_2/Five_Finger_Filet/W/A/A/A/S/A/WAAASA.txt,badusb,_unclassified,UberGuidoZ_BadUSB,classified-unmatched
sd_card_content/badusb_extra_payloads/_unclassified/UberGuidoZ_BadUSB/emptythevoid-BadUSB/red_dead_redemption_2/Five_Finger_Filet/W/A/A/A/S/D/WAAASD.txt,badusb,_unclassified,UberGuidoZ_BadUSB,classified-unmatched
sd_card_content/badusb_extra_payloads/_unclassified/UberGuidoZ_BadUSB/emptythevoid-BadUSB/red_dead_redemption_2/Five_Finger_Filet/W/A/A/A/A/S/WAAAAS.txt,badusb,_unclassified,UberGuidoZ_BadUSB,classified-unmatched
sd_card_content/badusb_extra_payloads/_unclassified/UberGuidoZ_BadUSB/emptythevoid-BadUSB/red_dead_redemption_2/Five_Finger_Filet/W/A/A/A/A/A/WAAAAA.txt,badusb,_unclassified,UberGuidoZ_BadUSB,classified-unmatched
sd_card_content/badusb_extra_payloads/_unclassified/UberGuidoZ_BadUSB/emptythevoid-BadUSB/red_dead_redemption_2/Five_Finger_Filet/W/A/A/A/A/D/WAAAAD.txt,badusb,_unclassified,UberGuidoZ_BadUSB,classified-unmatched
sd_card_content/badusb_extra_payloads/_unclassified/UberGuidoZ_BadUSB/emptythevoid-BadUSB/red_dead_redemption_2/Five_Finger_Filet/W/A/A/A/D/S/WAAADS.txt,badusb,_unclassified,UberGuidoZ_BadUSB,classified-unmatched
sd_card_content/badusb_extra_payloads/_unclassified/UberGuidoZ_BadUSB/emptythevoid-BadUSB/red_dead_redemption_2/Five_Finger_Filet/W/A/A/A/D/A/WAAADA.txt,badusb,_unclassified,UberGuidoZ_BadUSB,classified-unmatched
sd_card_content/badusb_extra_payloads/_unclassified/UberGuidoZ_BadUSB/emptythevoid-BadUSB/red_dead_redemption_2/Five_Finger_Filet/W/A/A/A/D/D/WAAADD.txt,badusb,_unclassified,UberGuidoZ_BadUSB,classified-unmatched
sd_card_content/badusb_extra_payloads/_unclassified/UberGuidoZ_BadUSB/emptythevoid-BadUSB/red_dead_redemption_2/Five_Finger_Filet/W/A/A/D/S/S/WAADSS.txt,badusb,_unclassified,UberGuidoZ_BadUSB,classified-unmatched
sd_card_content/badusb_extra_payloads/_unclassified/UberGuidoZ_BadUSB/emptythevoid-BadUSB/red_dead_redemption_2/Five_Finger_Filet/W/A/A/D/S/A/WAADSA.txt,badusb,_unclassified,UberGuidoZ_BadUSB,classified-unmatched
sd_card_content/badusb_extra_payloads/_unclassified/UberGuidoZ_BadUSB/emptythevoid-BadUSB/red_dead_redemption_2/Five_Finger_Filet/W/A/A/D/S/D/WAADSD.txt,badusb,_unclassified,UberGuidoZ_BadUSB,classified-unmatched
sd_card_content/badusb_extra_payloads/_unclassified/UberGuidoZ_BadUSB/emptythevoid-BadUSB/red_dead_redemption_2/Five_Finger_Filet/W/A/A/D/A/S/WAADAS.txt,badusb,_unclassified,UberGuidoZ_BadUSB,classified-unmatched
sd_card_content/badusb_extra_payloads/_unclassified/UberGuidoZ_BadUSB/emptythevoid-BadUSB/red_dead_redemption_2/Five_Finger_Filet/W/A/A/D/A/A/WAADAA.txt,badusb,_unclassified,UberGuidoZ_BadUSB,classified-unmatched
sd_card_content/badusb_extra_payloads/_unclassified/UberGuidoZ_BadUSB/emptythevoid-BadUSB/red_dead_redemption_2/Five_Finger_Filet/W/A/A/D/A/D/WAADAD.txt,badusb,_unclassified,UberGuidoZ_BadUSB,classified-unmatched
sd_card_content/badusb_extra_payloads/_unclassified/UberGuidoZ_BadUSB/emptythevoid-BadUSB/red_dead_redemption_2/Five_Finger_Filet/W/A/A/D/D/S/WAADDS.txt,badusb,_unclassified,UberGuidoZ_BadUSB,classified-unmatched
sd_card_content/badusb_extra_payloads/_unclassified/UberGuidoZ_BadUSB/emptythevoid-BadUSB/red_dead_redemption_2/Five_Finger_Filet/W/A/A/D/D/A/WAADDA.txt,badusb,_unclassified,UberGuidoZ_BadUSB,classified-unmatched
sd_card_content/badusb_extra_payloads/_unclassified/UberGuidoZ_BadUSB/emptythevoid-BadUSB/red_dead_redemption_2/Five_Finger_Filet/W/A/A/D/D/D/WAADDD.txt,badusb,_unclassified,UberGuidoZ_BadUSB,classified-unmatched
sd_card_content/badusb_extra_payloads/_unclassified/UberGuidoZ_BadUSB/emptythevoid-BadUSB/red_dead_redemption_2/Five_Finger_Filet/W/A/D/S/S/S/WADSSS.txt,badusb,_unclassified,UberGuidoZ_BadUSB,classified-unmatched
sd_card_content/badusb_extra_payloads/_unclassified/UberGuidoZ_BadUSB/emptythevoid-BadUSB/red_dead_redemption_2/Five_Finger_Filet/W/A/D/S/S/A/WADSSA.txt,badusb,_unclassified,UberGuidoZ_BadUSB,classified-unmatched
sd_card_content/badusb_extra_payloads/_unclassified/UberGuidoZ_BadUSB/emptythevoid-BadUSB/red_dead_redemption_2/Five_Finger_Filet/W/A/D/S/S/D/WADSSD.txt,badusb,_unclassified,UberGuidoZ_BadUSB,classified-unmatched
sd_card_content/badusb_extra_payloads/_unclassified/UberGuidoZ_BadUSB/emptythevoid-BadUSB/red_dead_redemption_2/Five_Finger_Filet/W/A/D/S/A/S/WADSAS.txt,badusb,_unclassified,UberGuidoZ_BadUSB,classified-unmatched
sd_card_content/badusb_extra_payloads/_unclassified/UberGuidoZ_BadUSB/emptythevoid-BadUSB/red_dead_redemption_2/Five_Finger_Filet/W/A/D/S/A/A/WADSAA.txt,badusb,_unclassified,UberGuidoZ_BadUSB,classified-unmatched
sd_card_content/badusb_extra_payloads/_unclassified/UberGuidoZ_BadUSB/emptythevoid-BadUSB/red_dead_redemption_2/Five_Finger_Filet/W/A/D/S/A/D/WADSAD.txt,badusb,_unclassified,UberGuidoZ_BadUSB,classified-unmatched
sd_card_content/badusb_extra_payloads/_unclassified/UberGuidoZ_BadUSB/emptythevoid-BadUSB/red_dead_redemption_2/Five_Finger_Filet/W/A/D/S/D/S/WADSDS.txt,badusb,_unclassified,UberGuidoZ_BadUSB,classified-unmatched
sd_card_content/badusb_extra_payloads/_unclassified/UberGuidoZ_BadUSB/emptythevoid-BadUSB/red_dead_redemption_2/Five_Finger_Filet/W/A/D/S/D/A/WADSDA.txt,badusb,_unclassified,UberGuidoZ_BadUSB,classified-unmatched
sd_card_content/badusb_extra_payloads/_unclassified/UberGuidoZ_BadUSB/emptythevoid-BadUSB/red_dead_redemption_2/Five_Finger_Filet/W/A/D/S/D/D/WADSDD.txt,badusb,_unclassified,UberGuidoZ_BadUSB,classified-unmatched
sd_card_content/badusb_extra_payloads/_unclassified/UberGuidoZ_BadUSB/emptythevoid-BadUSB/red_dead_redemption_2/Five_Finger_Filet/W/A/D/A/S/S/WADASS.txt,badusb,_unclassified,UberGuidoZ_BadUSB,classified-unmatched
sd_card_content/badusb_extra_payloads/_unclassified/UberGuidoZ_BadUSB/emptythevoid-BadUSB/red_dead_redemption_2/Five_Finger_Filet/W/A/D/A/S/A/WADASA.txt,badusb,_unclassified,UberGuidoZ_BadUSB,classified-unmatched
sd_card_content/badusb_extra_payloads/_unclassified/UberGuidoZ_BadUSB/emptythevoid-BadUSB/red_dead_redemption_2/Five_Finger_Filet/W/A/D/A/S/D/WADASD.txt,badusb,_unclassified,UberGuidoZ_BadUSB,classified-unmatched
sd_card_content/badusb_extra_payloads/_unclassified/UberGuidoZ_BadUSB/emptythevoid-BadUSB/red_dead_redemption_2/Five_Finger_Filet/W/A/D/A/A/S/WADAAS.txt,badusb,_unclassified,UberGuidoZ_BadUSB,classified-unmatched
sd_card_content/badusb_extra_payloads/_unclassified/UberGuidoZ_BadUSB/emptythevoid-BadUSB/red_dead_redemption_2/Five_Finger_Filet/W/A/D/A/A/A/WADAAA.txt,badusb,_unclassified,UberGuidoZ_BadUSB,classified-unmatched
sd_card_content/badusb_extra_payloads/_unclassified/UberGuidoZ_BadUSB/emptythevoid-BadUSB/red_dead_redemption_2/Five_Finger_Filet/W/A/D/A/A/D/WADAAD.txt,badusb,_unclassified,UberGuidoZ_BadUSB,classified-unmatched
sd_card_content/badusb_extra_payloads/_unclassified/UberGuidoZ_BadUSB/emptythevoid-BadUSB/red_dead_redemption_2/Five_Finger_Filet/W/A/D/A/D/S/WADADS.txt,badusb,_unclassified,UberGuidoZ_BadUSB,classified-unmatched
sd_card_content/badusb_extra_payloads/_unclassified/UberGuidoZ_BadUSB/emptythevoid-BadUSB/red_dead_redemption_2/Five_Finger_Filet/W/A/D/A/D/A/WADADA.txt,badusb,_unclassified,UberGuidoZ_BadUSB,classified-unmatched
sd_card_content/badusb_extra_payloads/_unclassified/UberGuidoZ_BadUSB/emptythevoid-BadUSB/red_dead_redemption_2/Five_Finger_Filet/W/A/D/A/D/D/WADADD.txt,badusb,_unclassified,UberGuidoZ_BadUSB,classified-unmatched
sd_card_content/badusb_extra_payloads/_unclassified/UberGuidoZ_BadUSB/emptythevoid-BadUSB/red_dead_redemption_2/Five_Finger_Filet/W/A/D/D/S/S/WADDSS.txt,badusb,_unclassified,UberGuidoZ_BadUSB,classified-unmatched
sd_card_content/badusb_extra_payloads/_unclassified/UberGuidoZ_BadUSB/emptythevoid-BadUSB/red_dead_redemption_2/Five_Finger_Filet/W/A/D/D/S/A/WADDSA.txt,badusb,_unclassified,UberGuidoZ_BadUSB,classified-unmatched
sd_card_content/badusb_extra_payloads/_unclassified/UberGuidoZ_BadUSB/emptythevoid-BadUSB/red_dead_redemption_2/Five_Finger_Filet/W/A/D/D/S/D/WADDSD.txt,badusb,_unclassified,UberGuidoZ_BadUSB,classified-unmatched
sd_card_content/badusb_extra_payloads/_unclassified/UberGuidoZ_BadUSB/emptythevoid-BadUSB/red_dead_redemption_2/Five_Finger_Filet/W/A/D/D/A/S/WADDAS.txt,badusb,_unclassified,UberGuidoZ_BadUSB,classified-unmatched
sd_card_content/badusb_extra_payloads/_unclassified/UberGuidoZ_BadUSB/emptythevoid-BadUSB/red_dead_redemption_2/Five_Finger_Filet/W/A/D/D/A/A/WADDAA.txt,badusb,_unclassified,UberGuidoZ_BadUSB,classified-unmatched
sd_card_content/badusb_extra_payloads/_unclassified/UberGuidoZ_BadUSB/emptythevoid-BadUSB/red_dead_redemption_2/Five_Finger_Filet/W/A/D/D/A/D/WADDAD.txt,badusb,_unclassified,UberGuidoZ_BadUSB,classified-unmatched
sd_card_content/badusb_extra_payloads/_unclassified/UberGuidoZ_BadUSB/emptythevoid-BadUSB/red_dead_redemption_2/Five_Finger_Filet/W/A/D/D/D/S/WADDDS.txt,badusb,_unclassified,UberGuidoZ_BadUSB,classified-unmatched
sd_card_content/badusb_extra_payloads/_unclassified/UberGuidoZ_BadUSB/emptythevoid-BadUSB/red_dead_redemption_2/Five_Finger_Filet/W/A/D/D/D/A/WADDDA.txt,badusb,_unclassified,UberGuidoZ_BadUSB,classified-unmatched
sd_card_content/badusb_extra_payloads/_unclassified/UberGuidoZ_BadUSB/emptythevoid-BadUSB/red_dead_redemption_2/Five_Finger_Filet/W/A/D/D/D/D/WADDDD.txt,badusb,_unclassified,UberGuidoZ_BadUSB,classified-unmatched
sd_card_content/badusb_extra_payloads/_unclassified/UberGuidoZ_BadUSB/emptythevoid-BadUSB/red_dead_redemption_2/Five_Finger_Filet/W/D/S/S/S/S/WDSSSS.txt,badusb,_unclassified,UberGuidoZ_BadUSB,classified-unmatched
sd_card_content/badusb_extra_payloads/_unclassified/UberGuidoZ_BadUSB/emptythevoid-BadUSB/red_dead_redemption_2/Five_Finger_Filet/W/D/S/S/S/A/WDSSSA.txt,badusb,_unclassified,UberGuidoZ_BadUSB,classified-unmatched
sd_card_content/badusb_extra_payloads/_unclassified/UberGuidoZ_BadUSB/emptythevoid-BadUSB/red_dead_redemption_2/Five_Finger_Filet/W/D/S/S/S/D/WDSSSD.txt,badusb,_unclassified,UberGuidoZ_BadUSB,classified-unmatched
sd_card_content/badusb_extra_payloads/_unclassified/UberGuidoZ_BadUSB/emptythevoid-BadUSB/red_dead_redemption_2/Five_Finger_Filet/W/D/S/S/A/S/WDSSAS.txt,badusb,_unclassified,UberGuidoZ_BadUSB,classified-unmatched
sd_card_content/badusb_extra_payloads/_unclassified/UberGuidoZ_BadUSB/emptythevoid-BadUSB/red_dead_redemption_2/Five_Finger_Filet/W/D/S/S/A/A/WDSSAA.txt,badusb,_unclassified,UberGuidoZ_BadUSB,classified-unmatched
sd_card_content/badusb_extra_payloads/_unclassified/UberGuidoZ_BadUSB/emptythevoid-BadUSB/red_dead_redemption_2/Five_Finger_Filet/W/D/S/S/A/D/WDSSAD.txt,badusb,_unclassified,UberGuidoZ_BadUSB,classified-unmatched
sd_card_content/badusb_extra_payloads/_unclassified/UberGuidoZ_BadUSB/emptythevoid-BadUSB/red_dead_redemption_2/Five_Finger_Filet/W/D/S/S/D/S/WDSSDS.txt,badusb,_unclassified,UberGuidoZ_BadUSB,classified-unmatched
sd_card_content/badusb_extra_payloads/_unclassified/UberGuidoZ_BadUSB/emptythevoid-BadUSB/red_dead_redemption_2/Five_Finger_Filet/W/D/S/S/D/A/WDSSDA.txt,badusb,_unclassified,UberGuidoZ_BadUSB,classified-unmatched
sd_card_content/badusb_extra_payloads/_unclassified/UberGuidoZ_BadUSB/emptythevoid-BadUSB/red_dead_redemption_2/Five_Finger_Filet/W/D/S/S/D/D/WDSSDD.txt,badusb,_unclassified,UberGuidoZ_BadUSB,classified-unmatched
sd_card_content/badusb_extra_payloads/_unclassified/UberGuidoZ_BadUSB/emptythevoid-BadUSB/red_dead_redemption_2/Five_Finger_Filet/W/D/S/A/S/S/WDSASS.txt,badusb,_unclassified,UberGuidoZ_BadUSB,classified-unmatched
sd_card_content/badusb_extra_payloads/_unclassified/UberGuidoZ_BadUSB/emptythevoid-BadUSB/red_dead_redemption_2/Five_Finger_Filet/W/D/S/A/S/A/WDSASA.txt,badusb,_unclassified,UberGuidoZ_BadUSB,classified-unmatched
sd_card_content/badusb_extra_payloads/_unclassified/UberGuidoZ_BadUSB/emptythevoid-BadUSB/red_dead_redemption_2/Five_Finger_Filet/W/D/S/A/S/D/WDSASD.txt,badusb,_unclassified,UberGuidoZ_BadUSB,classified-unmatched
sd_card_content/badusb_extra_payloads/_unclassified/UberGuidoZ_BadUSB/emptythevoid-BadUSB/red_dead_redemption_2/Five_Finger_Filet/W/D/S/A/A/S/WDSAAS.txt,badusb,_unclassified,UberGuidoZ_BadUSB,classified-unmatched
sd_card_content/badusb_extra_payloads/_unclassified/UberGuidoZ_BadUSB/emptythevoid-BadUSB/red_dead_redemption_2/Five_Finger_Filet/W/D/S/A/A/A/WDSAAA.txt,badusb,_unclassified,UberGuidoZ_BadUSB,classified-unmatched
sd_card_content/badusb_extra_payloads/_unclassified/UberGuidoZ_BadUSB/emptythevoid-BadUSB/red_dead_redemption_2/Five_Finger_Filet/W/D/S/A/A/D/WDSAAD.txt,badusb,_unclassified,UberGuidoZ_BadUSB,classified-unmatched
sd_card_content/badusb_extra_payloads/_unclassified/UberGuidoZ_BadUSB/emptythevoid-BadUSB/red_dead_redemption_2/Five_Finger_Filet/W/D/S/A/D/S/WDSADS.txt,badusb,_unclassified,UberGuidoZ_BadUSB,classified-unmatched
sd_card_content/badusb_extra_payloads/_unclassified/UberGuidoZ_BadUSB/emptythevoid-BadUSB/red_dead_redemption_2/Five_Finger_Filet/W/D/S/A/D/A/WDSADA.txt,badusb,_unclassified,UberGuidoZ_BadUSB,classified-unmatched
sd_card_content/badusb_extra_payloads/_unclassified/UberGuidoZ_BadUSB/emptythevoid-BadUSB/red_dead_redemption_2/Five_Finger_Filet/W/D/S/A/D/D/WDSADD.txt,badusb,_unclassified,UberGuidoZ_BadUSB,classified-unmatched
sd_card_content/badusb_extra_payloads/_unclassified/UberGuidoZ_BadUSB/emptythevoid-BadUSB/red_dead_redemption_2/Five_Finger_Filet/W/D/S/D/S/S/WDSDSS.txt,badusb,_unclassified,UberGuidoZ_BadUSB,classified-unmatched
sd_card_content/badusb_extra_payloads/_unclassified/UberGuidoZ_BadUSB/emptythevoid-BadUSB/red_dead_redemption_2/Five_Finger_Filet/W/D/S/D/S/A/WDSDSA.txt,badusb,_unclassified,UberGuidoZ_BadUSB,classified-unmatched
sd_card_content/badusb_extra_payloads/_unclassified/UberGuidoZ_BadUSB/emptythevoid-BadUSB/red_dead_redemption_2/Five_Finger_Filet/W/D/S/D/S/D/WDSDSD.txt,badusb,_unclassified,UberGuidoZ_BadUSB,classified-unmatched
sd_card_content/badusb_extra_payloads/_unclassified/UberGuidoZ_BadUSB/emptythevoid-BadUSB/red_dead_redemption_2/Five_Finger_Filet/W/D/S/D/A/S/WDSDAS.txt,badusb,_unclassified,UberGuidoZ_BadUSB,classified-unmatched
sd_card_content/badusb_extra_payloads/_unclassified/UberGuidoZ_BadUSB/emptythevoid-BadUSB/red_dead_redemption_2/Five_Finger_Filet/W/D/S/D/A/A/WDSDAA.txt,badusb,_unclassified,UberGuidoZ_BadUSB,classified-unmatched
sd_card_content/badusb_extra_payloads/_unclassified/UberGuidoZ_BadUSB/emptythevoid-BadUSB/red_dead_redemption_2/Five_Finger_Filet/W/D/S/D/A/D/WDSDAD.txt,badusb,_unclassified,UberGuidoZ_BadUSB,classified-unmatched
sd_card_content/badusb_extra_payloads/_unclassified/UberGuidoZ_BadUSB/emptythevoid-BadUSB/red_dead_redemption_2/Five_Finger_Filet/W/D/S/D/D/S/WDSDDS.txt,badusb,_unclassified,UberGuidoZ_BadUSB,classified-unmatched
sd_card_content/badusb_extra_payloads/_unclassified/UberGuidoZ_BadUSB/emptythevoid-BadUSB/red_dead_redemption_2/Five_Finger_Filet/W/D/S/D/D/A/WDSDDA.txt,badusb,_unclassified,UberGuidoZ_BadUSB,classified-unmatched
sd_card_content/badusb_extra_payloads/_unclassified/UberGuidoZ_BadUSB/emptythevoid-BadUSB/red_dead_redemption_2/Five_Finger_Filet/W/D/S/D/D/D/WDSDDD.txt,badusb,_unclassified,UberGuidoZ_BadUSB,classified-unmatched
sd_card_content/badusb_extra_payloads/_unclassified/UberGuidoZ_BadUSB/emptythevoid-BadUSB/red_dead_redemption_2/Five_Finger_Filet/W/D/A/S/S/S/WDASSS.txt,badusb,_unclassified,UberGuidoZ_BadUSB,classified-unmatched
sd_card_content/badusb_extra_payloads/_unclassified/UberGuidoZ_BadUSB/emptythevoid-BadUSB/red_dead_redemption_2/Five_Finger_Filet/W/D/A/S/S/A/WDASSA.txt,badusb,_unclassified,UberGuidoZ_BadUSB,classified-unmatched
sd_card_content/badusb_extra_payloads/_unclassified/UberGuidoZ_BadUSB/emptythevoid-BadUSB/red_dead_redemption_2/Five_Finger_Filet/W/D/A/S/S/D/WDASSD.txt,badusb,_unclassified,UberGuidoZ_BadUSB,classified-unmatched
sd_card_content/badusb_extra_payloads/_unclassified/UberGuidoZ_BadUSB/emptythevoid-BadUSB/red_dead_redemption_2/Five_Finger_Filet/W/D/A/S/A/S/WDASAS.txt,badusb,_unclassified,UberGuidoZ_BadUSB,classified-unmatched
sd_card_content/badusb_extra_payloads/_unclassified/UberGuidoZ_BadUSB/emptythevoid-BadUSB/red_dead_redemption_2/Five_Finger_Filet/W/D/A/S/A/A/WDASAA.txt,badusb,_unclassified,UberGuidoZ_BadUSB,classified-unmatched
sd_card_content/badusb_extra_payloads/_unclassified/UberGuidoZ_BadUSB/emptythevoid-BadUSB/red_dead_redemption_2/Five_Finger_Filet/W/D/A/S/A/D/WDASAD.txt,badusb,_unclassified,UberGuidoZ_BadUSB,classified-unmatched
sd_card_content/badusb_extra_payloads/_unclassified/UberGuidoZ_BadUSB/emptythevoid-BadUSB/red_dead_redemption_2/Five_Finger_Filet/W/D/A/S/D/S/WDASDS.txt,badusb,_unclassified,UberGuidoZ_BadUSB,classified-unmatched
sd_card_content/badusb_extra_payloads/_unclassified/UberGuidoZ_BadUSB/emptythevoid-BadUSB/red_dead_redemption_2/Five_Finger_Filet/W/D/A/S/D/A/WDASDA.txt,badusb,_unclassified,UberGuidoZ_BadUSB,classified-unmatched
sd_card_content/badusb_extra_payloads/_unclassified/UberGuidoZ_BadUSB/emptythevoid-BadUSB/red_dead_redemption_2/Five_Finger_Filet/W/D/A/S/D/D/WDASDD.txt,badusb,_unclassified,UberGuidoZ_BadUSB,classified-unmatched
sd_card_content/badusb_extra_payloads/_unclassified/UberGuidoZ_BadUSB/emptythevoid-BadUSB/red_dead_redemption_2/Five_Finger_Filet/W/D/A/A/S/S/WDAASS.txt,badusb,_unclassified,UberGuidoZ_BadUSB,classified-unmatched
sd_card_content/badusb_extra_payloads/_unclassified/UberGuidoZ_BadUSB/emptythevoid-BadUSB/red_dead_redemption_2/Five_Finger_Filet/W/D/A/A/S/A/WDAASA.txt,badusb,_unclassified,UberGuidoZ_BadUSB,classified-unmatched
sd_card_content/badusb_extra_payloads/_unclassified/UberGuidoZ_BadUSB/emptythevoid-BadUSB/red_dead_redemption_2/Five_Finger_Filet/W/D/A/A/S/D/WDAASD.txt,badusb,_unclassified,UberGuidoZ_BadUSB,classified-unmatched
sd_card_content/badusb_extra_payloads/_unclassified/UberGuidoZ_BadUSB/emptythevoid-BadUSB/red_dead_redemption_2/Five_Finger_Filet/W/D/A/A/A/S/WDAAAS.txt,badusb,_unclassified,UberGuidoZ_BadUSB,classified-unmatched
sd_card_content/badusb_extra_payloads/_unclassified/UberGuidoZ_BadUSB/emptythevoid-BadUSB/red_dead_redemption_2/Five_Finger_Filet/W/D/A/A/A/A/WDAAAA.txt,badusb,_unclassified,UberGuidoZ_BadUSB,classified-unmatched
sd_card_content/badusb_extra_payloads/_unclassified/UberGuidoZ_BadUSB/emptythevoid-BadUSB/red_dead_redemption_2/Five_Finger_Filet/W/D/A/A/A/D/WDAAAD.txt,badusb,_unclassified,UberGuidoZ_BadUSB,classified-unmatched
sd_card_content/badusb_extra_payloads/_unclassified/UberGuidoZ_BadUSB/emptythevoid-BadUSB/red_dead_redemption_2/Five_Finger_Filet/W/D/A/A/D/S/WDAADS.txt,badusb,_unclassified,UberGuidoZ_BadUSB,classified-unmatched
sd_card_content/badusb_extra_payloads/_unclassified/UberGuidoZ_BadUSB/emptythevoid-BadUSB/red_dead_redemption_2/Five_Finger_Filet/W/D/A/A/D/A/WDAADA.txt,badusb,_unclassified,UberGuidoZ_BadUSB,classified-unmatched
sd_card_content/badusb_extra_payloads/_unclassified/UberGuidoZ_BadUSB/emptythevoid-BadUSB/red_dead_redemption_2/Five_Finger_Filet/W/D/A/A/D/D/WDAADD.txt,badusb,_unclassified,UberGuidoZ_BadUSB,classified-unmatched
sd_card_content/badusb_extra_payloads/_unclassified/UberGuidoZ_BadUSB/emptythevoid-BadUSB/red_dead_redemption_2/Five_Finger_Filet/W/D/A/D/S/S/WDADSS.txt,badusb,_unclassified,UberGuidoZ_BadUSB,classified-unmatched
sd_card_content/badusb_extra_payloads/_unclassified/UberGuidoZ_BadUSB/emptythevoid-BadUSB/red_dead_redemption_2/Five_Finger_Filet/W/D/A/D/S/A/WDADSA.txt,badusb,_unclassified,UberGuidoZ_BadUSB,classified-unmatched
sd_card_content/badusb_extra_payloads/_unclassified/UberGuidoZ_BadUSB/emptythevoid-BadUSB/red_dead_redemption_2/Five_Finger_Filet/W/D/A/D/S/D/WDADSD.txt,badusb,_unclassified,UberGuidoZ_BadUSB,classified-unmatched
sd_card_content/badusb_extra_payloads/_unclassified/UberGuidoZ_BadUSB/emptythevoid-BadUSB/red_dead_redemption_2/Five_Finger_Filet/W/D/A/D/A/S/WDADAS.txt,badusb,_unclassified,UberGuidoZ_BadUSB,classified-unmatched
sd_card_content/badusb_extra_payloads/_unclassified/UberGuidoZ_BadUSB/emptythevoid-BadUSB/red_dead_redemption_2/Five_Finger_Filet/W/D/A/D/A/A/WDADAA.txt,badusb,_unclassified,UberGuidoZ_BadUSB,classified-unmatched
sd_card_content/badusb_extra_payloads/_unclassified/UberGuidoZ_BadUSB/emptythevoid-BadUSB/red_dead_redemption_2/Five_Finger_Filet/W/D/A/D/A/D/WDADAD.txt,badusb,_unclassified,UberGuidoZ_BadUSB,classified-unmatched
sd_card_content/badusb_extra_payloads/_unclassified/UberGuidoZ_BadUSB/emptythevoid-BadUSB/red_dead_redemption_2/Five_Finger_Filet/W/D/A/D/D/S/WDADDS.txt,badusb,_unclassified,UberGuidoZ_BadUSB,classified-unmatched
sd_card_content/badusb_extra_payloads/_unclassified/UberGuidoZ_BadUSB/emptythevoid-BadUSB/red_dead_redemption_2/Five_Finger_Filet/W/D/A/D/D/A/WDADDA.txt,badusb,_unclassified,UberGuidoZ_BadUSB,classified-unmatched
sd_card_content/badusb_extra_payloads/_unclassified/UberGuidoZ_BadUSB/emptythevoid-BadUSB/red_dead_redemption_2/Five_Finger_Filet/W/D/A/D/D/D/WDADDD.txt,badusb,_unclassified,UberGuidoZ_BadUSB,classified-unmatched
sd_card_content/badusb_extra_payloads/_unclassified/UberGuidoZ_BadUSB/emptythevoid-BadUSB/red_dead_redemption_2/Five_Finger_Filet/W/D/D/S/S/S/WDDSSS.txt,badusb,_unclassified,UberGuidoZ_BadUSB,classified-unmatched
sd_card_content/badusb_extra_payloads/_unclassified/UberGuidoZ_BadUSB/emptythevoid-BadUSB/red_dead_redemption_2/Five_Finger_Filet/W/D/D/S/S/A/WDDSSA.txt,badusb,_unclassified,UberGuidoZ_BadUSB,classified-unmatched
sd_card_content/badusb_extra_payloads/_unclassified/UberGuidoZ_BadUSB/emptythevoid-BadUSB/red_dead_redemption_2/Five_Finger_Filet/W/D/D/S/S/D/WDDSSD.txt,badusb,_unclassified,UberGuidoZ_BadUSB,classified-unmatched
sd_card_content/badusb_extra_payloads/_unclassified/UberGuidoZ_BadUSB/emptythevoid-BadUSB/red_dead_redemption_2/Five_Finger_Filet/W/D/D/S/A/S/WDDSAS.txt,badusb,_unclassified,UberGuidoZ_BadUSB,classified-unmatched
sd_card_content/badusb_extra_payloads/_unclassified/UberGuidoZ_BadUSB/emptythevoid-BadUSB/red_dead_redemption_2/Five_Finger_Filet/W/D/D/S/A/A/WDDSAA.txt,badusb,_unclassified,UberGuidoZ_BadUSB,classified-unmatched
sd_card_content/badusb_extra_payloads/_unclassified/UberGuidoZ_BadUSB/emptythevoid-BadUSB/red_dead_redemption_2/Five_Finger_Filet/W/D/D/S/A/D/WDDSAD.txt,badusb,_unclassified,UberGuidoZ_BadUSB,classified-unmatched
sd_card_content/badusb_extra_payloads/_unclassified/UberGuidoZ_BadUSB/emptythevoid-BadUSB/red_dead_redemption_2/Five_Finger_Filet/W/D/D/S/D/S/WDDSDS.txt,badusb,_unclassified,UberGuidoZ_BadUSB,classified-unmatched
sd_card_content/badusb_extra_payloads/_unclassified/UberGuidoZ_BadUSB/emptythevoid-BadUSB/red_dead_redemption_2/Five_Finger_Filet/W/D/D/S/D/A/WDDSDA.txt,badusb,_unclassified,UberGuidoZ_BadUSB,classified-unmatched
sd_card_content/badusb_extra_payloads/_unclassified/UberGuidoZ_BadUSB/emptythevoid-BadUSB/red_dead_redemption_2/Five_Finger_Filet/W/D/D/S/D/D/WDDSDD.txt,badusb,_unclassified,UberGuidoZ_BadUSB,classified-unmatched
sd_card_content/badusb_extra_payloads/_unclassified/UberGuidoZ_BadUSB/emptythevoid-BadUSB/red_dead_redemption_2/Five_Finger_Filet/W/D/D/A/S/S/WDDASS.txt,badusb,_unclassified,UberGuidoZ_BadUSB,classified-unmatched
sd_card_content/badusb_extra_payloads/_unclassified/UberGuidoZ_BadUSB/emptythevoid-BadUSB/red_dead_redemption_2/Five_Finger_Filet/W/D/D/A/S/A/WDDASA.txt,badusb,_unclassified,UberGuidoZ_BadUSB,classified-unmatched
sd_card_content/badusb_extra_payloads/_unclassified/UberGuidoZ_BadUSB/emptythevoid-BadUSB/red_dead_redemption_2/Five_Finger_Filet/W/D/D/A/S/D/WDDASD.txt,badusb,_unclassified,UberGuidoZ_BadUSB,classified-unmatched
sd_card_content/badusb_extra_payloads/_unclassified/UberGuidoZ_BadUSB/emptythevoid-BadUSB/red_dead_redemption_2/Five_Finger_Filet/W/D/D/A/A/S/WDDAAS.txt,badusb,_unclassified,UberGuidoZ_BadUSB,classified-unmatched
sd_card_content/badusb_extra_payloads/_unclassified/UberGuidoZ_BadUSB/emptythevoid-BadUSB/red_dead_redemption_2/Five_Finger_Filet/W/D/D/A/A/A/WDDAAA.txt,badusb,_unclassified,UberGuidoZ_BadUSB,classified-unmatched
sd_card_content/badusb_extra_payloads/_unclassified/UberGuidoZ_BadUSB/emptythevoid-BadUSB/red_dead_redemption_2/Five_Finger_Filet/W/D/D/A/A/D/WDDAAD.txt,badusb,_unclassified,UberGuidoZ_BadUSB,classified-unmatched
sd_card_content/badusb_extra_payloads/_unclassified/UberGuidoZ_BadUSB/emptythevoid-BadUSB/red_dead_redemption_2/Five_Finger_Filet/W/D/D/A/D/S/WDDADS.txt,badusb,_unclassified,UberGuidoZ_BadUSB,classified-unmatched
sd_card_content/badusb_extra_payloads/_unclassified/UberGuidoZ_BadUSB/emptythevoid-BadUSB/red_dead_redemption_2/Five_Finger_Filet/W/D/D/A/D/A/WDDADA.txt,badusb,_unclassified,UberGuidoZ_BadUSB,classified-unmatched
sd_card_content/badusb_extra_payloads/_unclassified/UberGuidoZ_BadUSB/emptythevoid-BadUSB/red_dead_redemption_2/Five_Finger_Filet/W/D/D/A/D/D/WDDADD.txt,badusb,_unclassified,UberGuidoZ_BadUSB,classified-unmatched
sd_card_content/badusb_extra_payloads/_unclassified/UberGuidoZ_BadUSB/emptythevoid-BadUSB/red_dead_redemption_2/Five_Finger_Filet/W/D/D/D/S/S/WDDDSS.txt,badusb,_unclassified,UberGuidoZ_BadUSB,classified-unmatched
sd_card_content/badusb_extra_payloads/_unclassified/UberGuidoZ_BadUSB/emptythevoid-BadUSB/red_dead_redemption_2/Five_Finger_Filet/W/D/D/D/S/A/WDDDSA.txt,badusb,_unclassified,UberGuidoZ_BadUSB,classified-unmatched
sd_card_content/badusb_extra_payloads/_unclassified/UberGuidoZ_BadUSB/emptythevoid-BadUSB/red_dead_redemption_2/Five_Finger_Filet/W/D/D/D/S/D/WDDDSD.txt,badusb,_unclassified,UberGuidoZ_BadUSB,classified-unmatched
sd_card_content/badusb_extra_payloads/_unclassified/UberGuidoZ_BadUSB/emptythevoid-BadUSB/red_dead_redemption_2/Five_Finger_Filet/W/D/D/D/A/S/WDDDAS.txt,badusb,_unclassified,UberGuidoZ_BadUSB,classified-unmatched
sd_card_content/badusb_extra_payloads/_unclassified/UberGuidoZ_BadUSB/emptythevoid-BadUSB/red_dead_redemption_2/Five_Finger_Filet/W/D/D/D/A/A/WDDDAA.txt,badusb,_unclassified,UberGuidoZ_BadUSB,classified-unmatched
sd_card_content/badusb_extra_payloads/_unclassified/UberGuidoZ_BadUSB/emptythevoid-BadUSB/red_dead_redemption_2/Five_Finger_Filet/W/D/D/D/A/D/WDDDAD.txt,badusb,_unclassified,UberGuidoZ_BadUSB,classified-unmatched
sd_card_content/badusb_extra_payloads/_unclassified/UberGuidoZ_BadUSB/emptythevoid-BadUSB/red_dead_redemption_2/Five_Finger_Filet/W/D/D/D/D/S/WDDDDS.txt,badusb,_unclassified,UberGuidoZ_BadUSB,classified-unmatched
sd_card_content/badusb_extra_payloads/_unclassified/UberGuidoZ_BadUSB/emptythevoid-BadUSB/red_dead_redemption_2/Five_Finger_Filet/W/D/D/D/D/A/WDDDDA.txt,badusb,_unclassified,UberGuidoZ_BadUSB,classified-unmatched
sd_card_content/badusb_extra_payloads/_unclassified/UberGuidoZ_BadUSB/emptythevoid-BadUSB/red_dead_redemption_2/Five_Finger_Filet/W/D/D/D/D/D/WDDDDD.txt,badusb,_unclassified,UberGuidoZ_BadUSB,classified-unmatched
sd_card_content/badusb_extra_payloads/_unclassified/UberGuidoZ_BadUSB/emptythevoid-BadUSB/red_dead_redemption_2/rdr2_craft_ammo/rdr2_craft_ammo.txt,badusb,_unclassified,UberGuidoZ_BadUSB,classified-unmatched
sd_card_content/badusb_extra_payloads/_unclassified/UberGuidoZ_BadUSB/emptythevoid-BadUSB/red_dead_redemption_2/rdr2_craft_ammo/README.md,badusb,_unclassified,UberGuidoZ_BadUSB,classified-unmatched
sd_card_content/badusb_extra_payloads/data_exfiltration/Win/directly_ready/UberGuidoZ_BadUSB/emptythevoid-BadUSB/exfiltrate forticlient/exfil_forticlient_vpn.txt,badusb,data_exfiltration,UberGuidoZ_BadUSB,classified
sd_card_content/badusb_extra_payloads/_unclassified/UberGuidoZ_BadUSB/emptythevoid-BadUSB/exfiltrate forticlient/readme.md,badusb,_unclassified,UberGuidoZ_BadUSB,classified-unmatched
sd_card_content/badusb_extra_payloads/_unclassified/UberGuidoZ_BadUSB/emptythevoid-BadUSB/read-from-flipper-disk-image/copy-and-execute-example.txt,badusb,_unclassified,UberGuidoZ_BadUSB,classified-unmatched
sd_card_content/badusb_extra_payloads/_unclassified/UberGuidoZ_BadUSB/emptythevoid-BadUSB/read-from-flipper-disk-image/readme.md,badusb,_unclassified,UberGuidoZ_BadUSB,classified-unmatched
sd_card_content/badusb_extra_payloads/data_exfiltration/Win/directly_ready/UberGuidoZ_BadUSB/emptythevoid-BadUSB/save_to_flipper_poc/save_to_flipper_fast.txt,badusb,data_exfiltration,UberGuidoZ_BadUSB,classified
sd_card_content/badusb_extra_payloads/data_exfiltration/Win/directly_ready/UberGuidoZ_BadUSB/emptythevoid-BadUSB/save_to_flipper_poc/README.md,badusb,data_exfiltration,UberGuidoZ_BadUSB,classified
sd_card_content/badusb_extra_payloads/_unclassified/UberGuidoZ_BadUSB/emptythevoid-BadUSB/read_serial_tests/read_test.ps1,badusb,_unclassified,UberGuidoZ_BadUSB,classified-unmatched
sd_card_content/badusb_extra_payloads/_unclassified/UberGuidoZ_BadUSB/emptythevoid-BadUSB/win11_install/oobe_bypass_part1.txt,badusb,_unclassified,UberGuidoZ_BadUSB,classified-unmatched
sd_card_content/badusb_extra_payloads/destruction/Win/directly_ready/UberGuidoZ_BadUSB/emptythevoid-BadUSB/win11_install/win11_install_part1.txt,badusb,destruction,UberGuidoZ_BadUSB,classified
sd_card_content/badusb_extra_payloads/_unclassified/UberGuidoZ_BadUSB/emptythevoid-BadUSB/win11_install/readme.md,badusb,_unclassified,UberGuidoZ_BadUSB,classified-unmatched
sd_card_content/badusb_extra_payloads/discovery/Win/directly_ready/UberGuidoZ_BadUSB/emptythevoid-BadUSB/win11_install/win11_install_part2.txt,badusb,discovery,UberGuidoZ_BadUSB,classified
sd_card_content/badusb_extra_payloads/discovery/Win/directly_ready/UberGuidoZ_BadUSB/emptythevoid-BadUSB/win11_install/oobe_bypass_part2.txt,badusb,discovery,UberGuidoZ_BadUSB,classified
sd_card_content/badusb_extra_payloads/data_exfiltration/Win/directly_ready/UberGuidoZ_BadUSB/emptythevoid-BadUSB/badusb-js/save_wifi_serial.js,badusb,data_exfiltration,UberGuidoZ_BadUSB,classified
sd_card_content/badusb_extra_payloads/data_exfiltration/Win/directly_ready/UberGuidoZ_BadUSB/emptythevoid-BadUSB/badusb-js/save_computerinfo_serial.js,badusb,data_exfiltration,UberGuidoZ_BadUSB,classified
sd_card_content/badusb_extra_payloads/_unclassified/UberGuidoZ_BadUSB/emptythevoid-BadUSB/badusb-js/read_and_write_serial/read_from_flipper.js,badusb,_unclassified,UberGuidoZ_BadUSB,classified-unmatched
sd_card_content/badusb_extra_payloads/_unclassified/UberGuidoZ_BadUSB/emptythevoid-BadUSB/bitlocker/bitlocker_disable.txt,badusb,_unclassified,UberGuidoZ_BadUSB,classified-unmatched
sd_card_content/badusb_extra_payloads/_unclassified/UberGuidoZ_BadUSB/emptythevoid-BadUSB/bitlocker/bitlocker_turn_off.txt,badusb,_unclassified,UberGuidoZ_BadUSB,classified-unmatched
sd_card_content/badusb_extra_payloads/destruction/Win/directly_ready/UberGuidoZ_BadUSB/emptythevoid-BadUSB/bitlocker/bitlocker_encrypt_password.txt,badusb,destruction,UberGuidoZ_BadUSB,classified
sd_card_content/badusb_extra_payloads/_unclassified/UberGuidoZ_BadUSB/emptythevoid-BadUSB/bitlocker/readme.md,badusb,_unclassified,UberGuidoZ_BadUSB,classified-unmatched
sd_card_content/badusb_extra_payloads/_unclassified/UberGuidoZ_BadUSB/emptythevoid-BadUSB/base64file_write_to_disk/base64file.txt,badusb,_unclassified,UberGuidoZ_BadUSB,classified-unmatched
sd_card_content/badusb_extra_payloads/remote_access/Unix-like/Linux/directly_ready/UberGuidoZ_BadUSB/NullSec-BadUSB/22_LinuxReverseShell.txt,badusb,remote_access,UberGuidoZ_BadUSB,classified
sd_card_content/badusb_extra_payloads/reconnaissance/Unix-like/Linux/directly_ready/UberGuidoZ_BadUSB/NullSec-BadUSB/21_LinuxRecon.txt,badusb,reconnaissance,UberGuidoZ_BadUSB,classified
sd_card_content/badusb_extra_payloads/_unclassified/UberGuidoZ_BadUSB/NullSec-BadUSB/07_Keylogger.txt,badusb,_unclassified,UberGuidoZ_BadUSB,classified-unmatched
sd_card_content/badusb_extra_payloads/_unclassified/UberGuidoZ_BadUSB/NullSec-BadUSB/12_WebcamSnap.txt,badusb,_unclassified,UberGuidoZ_BadUSB,classified-unmatched
sd_card_content/badusb_extra_payloads/collection/Win/directly_ready/UberGuidoZ_BadUSB/NullSec-BadUSB/13_ClipboardStealer.txt,badusb,collection,UberGuidoZ_BadUSB,classified
sd_card_content/badusb_extra_payloads/collection/Win/directly_ready/UberGuidoZ_BadUSB/NullSec-BadUSB/02_WiFiStealer.txt,badusb,collection,UberGuidoZ_BadUSB,classified
sd_card_content/badusb_extra_payloads/defense_evasion/Win/directly_ready/UberGuidoZ_BadUSB/NullSec-BadUSB/04_DisableDefender.txt,badusb,defense_evasion,UberGuidoZ_BadUSB,classified
sd_card_content/badusb_extra_payloads/_unclassified/UberGuidoZ_BadUSB/NullSec-BadUSB/20_InvertScreen.txt,badusb,_unclassified,UberGuidoZ_BadUSB,classified-unmatched
sd_card_content/badusb_extra_payloads/command_control/Win/directly_ready/UberGuidoZ_BadUSB/NullSec-BadUSB/10_Persistence.txt,badusb,command_control,UberGuidoZ_BadUSB,classified
sd_card_content/badusb_extra_payloads/prank/Win/directly_ready/UberGuidoZ_BadUSB/NullSec-BadUSB/19_DisableMouse.txt,badusb,prank,UberGuidoZ_BadUSB,classified
sd_card_content/badusb_extra_payloads/_unclassified/UberGuidoZ_BadUSB/NullSec-BadUSB/09_SAMDump.txt,badusb,_unclassified,UberGuidoZ_BadUSB,classified-unmatched
sd_card_content/badusb_extra_payloads/prank/Win/directly_ready/UberGuidoZ_BadUSB/NullSec-BadUSB/18_VoicePrank.txt,badusb,prank,UberGuidoZ_BadUSB,classified
sd_card_content/badusb_extra_payloads/authentication/Win/directly_ready/UberGuidoZ_BadUSB/NullSec-BadUSB/25_CreateAdmin.txt,badusb,authentication,UberGuidoZ_BadUSB,classified
sd_card_content/badusb_extra_payloads/social_engineering/Win/directly_ready/UberGuidoZ_BadUSB/NullSec-BadUSB/11_FakeUpdate.txt,badusb,social_engineering,UberGuidoZ_BadUSB,classified
sd_card_content/badusb_extra_payloads/collection/Win/directly_ready/UberGuidoZ_BadUSB/NullSec-BadUSB/14_ScreenCapture.txt,badusb,collection,UberGuidoZ_BadUSB,classified
sd_card_content/badusb_extra_payloads/reconnaissance/Win/directly_ready/UberGuidoZ_BadUSB/NullSec-BadUSB/08_NetworkScan.txt,badusb,reconnaissance,UberGuidoZ_BadUSB,classified
sd_card_content/badusb_extra_payloads/collection/Win/directly_ready/UberGuidoZ_BadUSB/NullSec-BadUSB/05_CredDump.txt,badusb,collection,UberGuidoZ_BadUSB,classified
sd_card_content/badusb_extra_payloads/prank/Win/directly_ready/UberGuidoZ_BadUSB/NullSec-BadUSB/17_WallpaperPrank.txt,badusb,prank,UberGuidoZ_BadUSB,classified
sd_card_content/badusb_extra_payloads/_unclassified/UberGuidoZ_BadUSB/NullSec-BadUSB/06_BrowserData.txt,badusb,_unclassified,UberGuidoZ_BadUSB,classified-unmatched
sd_card_content/badusb_extra_payloads/reconnaissance/Unix-like/macOS/directly_ready/UberGuidoZ_BadUSB/NullSec-BadUSB/01_SystemRecon.txt,badusb,reconnaissance,UberGuidoZ_BadUSB,classified
sd_card_content/badusb_extra_payloads/reconnaissance/Unix-like/macOS/directly_ready/UberGuidoZ_BadUSB/NullSec-BadUSB/23_MacOSRecon.txt,badusb,reconnaissance,UberGuidoZ_BadUSB,classified
sd_card_content/badusb_extra_payloads/data_exfiltration/Win/directly_ready/UberGuidoZ_BadUSB/NullSec-BadUSB/15_USBExfil.txt,badusb,data_exfiltration,UberGuidoZ_BadUSB,classified
sd_card_content/badusb_extra_payloads/defense_evasion/Unix-like/macOS/directly_ready/UberGuidoZ_BadUSB/NullSec-BadUSB/README.md,badusb,defense_evasion,UberGuidoZ_BadUSB,classified
sd_card_content/badusb_extra_payloads/_unclassified/UberGuidoZ_BadUSB/NullSec-BadUSB/24_DownloadExecute.txt,badusb,_unclassified,UberGuidoZ_BadUSB,classified-unmatched
sd_card_content/badusb_extra_payloads/prank/Win/directly_ready/UberGuidoZ_BadUSB/NullSec-BadUSB/16_RickRoll.txt,badusb,prank,UberGuidoZ_BadUSB,classified
