old_path,new_path,action,reason
sd_card_content/badusb_extra_payloads/command_control/Unix-like/macOS/directly_ready/BadUsb-Library/Backdoor-Shell.txt,sd_card_content/badusb_extra_payloads/command_control/Unix-like/macOS/directly_ready/BadUsb-Library/sintaxe_extra_nao_suportada/Backdoor-Shell.txt,move_to_subfolder,unsupported_ds3_or_unrecognized_syntax
sd_card_content/badusb_extra_payloads/command_control/Unix-like/macOS/directly_ready/BadUsb-Library/Reverse-Shell-Netcat.txt,sd_card_content/badusb_extra_payloads/command_control/Unix-like/macOS/directly_ready/BadUsb-Library/sintaxe_extra_nao_suportada/Reverse-Shell-Netcat.txt,move_to_subfolder,unsupported_ds3_or_unrecognized_syntax
sd_card_content/badusb_extra_payloads/command_control/Unix-like/macOS/configuration_needed/BadUsb-Library/Telegram-C2-Client.txt,sd_card_content/badusb_extra_payloads/command_control/Unix-like/macOS/configuration_needed/BadUsb-Library/sintaxe_extra_nao_suportada/Telegram-C2-Client.txt,move_to_subfolder,unsupported_ds3_or_unrecognized_syntax
sd_card_content/badusb_extra_payloads/command_control/Unix-like/Linux/directly_ready/BadUsb-Library/Netcat-Listener.txt,sd_card_content/badusb_extra_payloads/command_control/Unix-like/Linux/directly_ready/BadUsb-Library/sintaxe_extra_nao_suportada/Netcat-Listener.txt,move_to_subfolder,unsupported_ds3_or_unrecognized_syntax
sd_card_content/badusb_extra_payloads/command_control/Win/directly_ready/BadUsb-Library/BadUSB_adminAccountCreator.txt,sd_card_content/badusb_extra_payloads/command_control/Win/directly_ready/BadUsb-Library/sintaxe_extra_nao_suportada/BadUSB_adminAccountCreator.txt,move_to_subfolder,unsupported_ds3_or_unrecognized_syntax
sd_card_content/badusb_extra_payloads/command_control/Win/directly_ready/BadUsb-Library/payload.txt,sd_card_content/badusb_extra_payloads/command_control/Win/directly_ready/BadUsb-Library/sintaxe_extra_nao_suportada/payload.txt,move_to_subfolder,unsupported_ds3_or_unrecognized_syntax
sd_card_content/badusb_extra_payloads/command_control/Win/directly_ready/Bruce-Scripts-Heaven_BAD/Flipper_Zero_Badusb_hack5_payloads/general/Defeat_Defender/payload.txt,sd_card_content/badusb_extra_payloads/command_control/Win/directly_ready/Bruce-Scripts-Heaven_BAD/Flipper_Zero_Badusb_hack5_payloads/general/Defeat_Defender/payload.txt,edit_in_place,strip_utf8_bom
sd_card_content/badusb_extra_payloads/data_exfiltration/Unix-like/macOS/directly_ready/BadUsb-Library/USB-Data-Copier.txt,sd_card_content/badusb_extra_payloads/data_exfiltration/Unix-like/macOS/directly_ready/BadUsb-Library/sintaxe_extra_nao_suportada/USB-Data-Copier.txt,move_to_subfolder,unsupported_ds3_or_unrecognized_syntax
sd_card_content/badusb_extra_payloads/data_exfiltration/Unix-like/macOS/directly_ready/Bruce-Scripts-Heaven_BAD/MacOS-narstybits/RECON/Network Recon to Dropbox.txt,sd_card_content/badusb_extra_payloads/data_exfiltration/Unix-like/macOS/directly_ready/Bruce-Scripts-Heaven_BAD/MacOS-narstybits/RECON/flipper_only/Network Recon to Dropbox.txt,move_to_subfolder,works_only_on_flipper
sd_card_content/badusb_extra_payloads/data_exfiltration/Unix-like/macOS/directly_ready/Bruce-Scripts-Heaven_BAD/MacOS-narstybits/RECON/Public I.P. Finder to Dropbox.txt,sd_card_content/badusb_extra_payloads/data_exfiltration/Unix-like/macOS/directly_ready/Bruce-Scripts-Heaven_BAD/MacOS-narstybits/RECON/flipper_only/Public I.P. Finder to Dropbox.txt,move_to_subfolder,works_only_on_flipper
sd_card_content/badusb_extra_payloads/data_exfiltration/Unix-like/macOS/directly_ready/Bruce-Scripts-Heaven_BAD/MacOS-narstybits/RECON/Desktop Data to Dropbox.txt,sd_card_content/badusb_extra_payloads/data_exfiltration/Unix-like/macOS/directly_ready/Bruce-Scripts-Heaven_BAD/MacOS-narstybits/RECON/flipper_only/Desktop Data to Dropbox.txt,move_to_subfolder,works_only_on_flipper
sd_card_content/badusb_extra_payloads/data_exfiltration/Unix-like/macOS/directly_ready/Bruce-Scripts-Heaven_BAD/MacOS-narstybits/RECON/Dropbox File Downloader.txt,sd_card_content/badusb_extra_payloads/data_exfiltration/Unix-like/macOS/directly_ready/Bruce-Scripts-Heaven_BAD/MacOS-narstybits/RECON/flipper_only/Dropbox File Downloader.txt,move_to_subfolder,works_only_on_flipper
sd_card_content/badusb_extra_payloads/data_exfiltration/Unix-like/macOS/directly_ready/Bruce-Scripts-Heaven_BAD/MacOS-narstybits/Executions/Screen Recorder MacOs to Dropbox.txt,sd_card_content/badusb_extra_payloads/data_exfiltration/Unix-like/macOS/directly_ready/Bruce-Scripts-Heaven_BAD/MacOS-narstybits/Executions/flipper_only/Screen Recorder MacOs to Dropbox.txt,move_to_subfolder,works_only_on_flipper
sd_card_content/badusb_extra_payloads/data_exfiltration/Unix-like/macOS/directly_ready/Bruce-Scripts-Heaven_BAD/MacOS-narstybits/Executions/Cookies to Dropbox.txt,sd_card_content/badusb_extra_payloads/data_exfiltration/Unix-like/macOS/directly_ready/Bruce-Scripts-Heaven_BAD/MacOS-narstybits/Executions/flipper_only/Cookies to Dropbox.txt,move_to_subfolder,works_only_on_flipper
sd_card_content/badusb_extra_payloads/data_exfiltration/Unix-like/macOS/directly_ready/Bruce-Scripts-Heaven_BAD/MacOS-narstybits/Executions/EAPOL Handshake to Dropbox.txt,sd_card_content/badusb_extra_payloads/data_exfiltration/Unix-like/macOS/directly_ready/Bruce-Scripts-Heaven_BAD/MacOS-narstybits/Executions/flipper_only/EAPOL Handshake to Dropbox.txt,move_to_subfolder,works_only_on_flipper
sd_card_content/badusb_extra_payloads/data_exfiltration/Unix-like/macOS/directly_ready/Bruce-Scripts-Heaven_BAD/MacOS-narstybits/Executions/Imessage Attachments to Dropbox.txt,sd_card_content/badusb_extra_payloads/data_exfiltration/Unix-like/macOS/directly_ready/Bruce-Scripts-Heaven_BAD/MacOS-narstybits/Executions/flipper_only/Imessage Attachments to Dropbox.txt,move_to_subfolder,works_only_on_flipper
sd_card_content/badusb_extra_payloads/data_exfiltration/Unix-like/macOS/directly_ready/Bruce-Scripts-Heaven_BAD/MacOS-narstybits/Executions/iCloud Photos to Dropbox.txt,sd_card_content/badusb_extra_payloads/data_exfiltration/Unix-like/macOS/directly_ready/Bruce-Scripts-Heaven_BAD/MacOS-narstybits/Executions/flipper_only/iCloud Photos to Dropbox.txt,move_to_subfolder,works_only_on_flipper
sd_card_content/badusb_extra_payloads/data_exfiltration/Unix-like/macOS/directly_ready/Bruce-Scripts-Heaven_BAD/MacOS-narstybits/Executions/Icloud Documents to Dropbox .txt,sd_card_content/badusb_extra_payloads/data_exfiltration/Unix-like/macOS/directly_ready/Bruce-Scripts-Heaven_BAD/MacOS-narstybits/Executions/flipper_only/Icloud Documents to Dropbox .txt,move_to_subfolder,works_only_on_flipper
sd_card_content/badusb_extra_payloads/data_exfiltration/Unix-like/macOS/directly_ready/Bruce-Scripts-Heaven_BAD/MacOS-narstybits/Executions/Docs and Desktop to Dropbox API.txt,sd_card_content/badusb_extra_payloads/data_exfiltration/Unix-like/macOS/directly_ready/Bruce-Scripts-Heaven_BAD/MacOS-narstybits/Executions/flipper_only/Docs and Desktop to Dropbox API.txt,move_to_subfolder,works_only_on_flipper
sd_card_content/badusb_extra_payloads/data_exfiltration/Unix-like/macOS/directly_ready/Bruce-Scripts-Heaven_BAD/BadUSB-FalsePhilosopher/WHID/Library/Unix like/osx/wget-cmd-exfil/payload.txt,sd_card_content/badusb_extra_payloads/data_exfiltration/Unix-like/macOS/directly_ready/Bruce-Scripts-Heaven_BAD/BadUSB-FalsePhilosopher/WHID/Library/Unix like/osx/wget-cmd-exfil/nao_e_duckyscript/whid_injector_syntax/payload.txt,move_to_subfolder,whid_injector_syntax
sd_card_content/badusb_extra_payloads/data_exfiltration/Unix-like/macOS/directly_ready/Bruce-Scripts-Heaven_BAD/BadUSB-FalsePhilosopher/BashBunny/payloads/library/exfiltration/MacPDFExfil/payload.txt,sd_card_content/badusb_extra_payloads/data_exfiltration/Unix-like/macOS/directly_ready/Bruce-Scripts-Heaven_BAD/BadUSB-FalsePhilosopher/BashBunny/payloads/library/exfiltration/MacPDFExfil/nao_e_duckyscript/bashbunny_syntax/payload.txt,move_to_subfolder,bashbunny_syntax
sd_card_content/badusb_extra_payloads/data_exfiltration/Unix-like/macOS/directly_ready/Bruce-Scripts-Heaven_BAD/BadUSB-FalsePhilosopher/BashBunny/payloads/library/exfiltration/TwoStageMac/payload.txt,sd_card_content/badusb_extra_payloads/data_exfiltration/Unix-like/macOS/directly_ready/Bruce-Scripts-Heaven_BAD/BadUSB-FalsePhilosopher/BashBunny/payloads/library/exfiltration/TwoStageMac/nao_e_duckyscript/bashbunny_syntax/payload.txt,move_to_subfolder,bashbunny_syntax
sd_card_content/badusb_extra_payloads/data_exfiltration/Unix-like/macOS/directly_ready/Bruce-Scripts-Heaven_BAD/BadUSB-FalsePhilosopher/BashBunny/payloads/library/exfiltration/SmacAndGrab/payload.txt,sd_card_content/badusb_extra_payloads/data_exfiltration/Unix-like/macOS/directly_ready/Bruce-Scripts-Heaven_BAD/BadUSB-FalsePhilosopher/BashBunny/payloads/library/exfiltration/SmacAndGrab/nao_e_duckyscript/bashbunny_syntax/payload.txt,move_to_subfolder,bashbunny_syntax
sd_card_content/badusb_extra_payloads/data_exfiltration/Unix-like/macOS/directly_ready/Bruce-Scripts-Heaven_BAD/BadUSB-FalsePhilosopher/Misc/Cheat_Sheets/PayloadsAllTheThings/XSS Injection/Intruders/MarioXSSVectors.txt,sd_card_content/badusb_extra_payloads/data_exfiltration/Unix-like/macOS/directly_ready/Bruce-Scripts-Heaven_BAD/BadUSB-FalsePhilosopher/Misc/Cheat_Sheets/PayloadsAllTheThings/XSS Injection/Intruders/nao_e_duckyscript/reference_material_not_payload/MarioXSSVectors.txt,move_to_subfolder,reference_material_not_payload
sd_card_content/badusb_extra_payloads/data_exfiltration/Unix-like/macOS/directly_ready/Bruce-Scripts-Heaven_BAD/BadUSB-FalsePhilosopher/Misc/Web/Pasta/output/users/Madmouse/Pastebin-F5qpBC2w.txt,sd_card_content/badusb_extra_payloads/data_exfiltration/Unix-like/macOS/directly_ready/Bruce-Scripts-Heaven_BAD/BadUSB-FalsePhilosopher/Misc/Web/Pasta/output/users/Madmouse/nao_e_duckyscript/raw_pastebin_dump/Pastebin-F5qpBC2w.txt,move_to_subfolder,raw_pastebin_dump
sd_card_content/badusb_extra_payloads/data_exfiltration/Unix-like/macOS/directly_ready/Bruce-Scripts-Heaven_BAD/Flipper_Zero_Badusb_hack5_payloads/exfiltration/rickroll_terminal_payload/payload.txt,sd_card_content/badusb_extra_payloads/data_exfiltration/Unix-like/macOS/directly_ready/Bruce-Scripts-Heaven_BAD/Flipper_Zero_Badusb_hack5_payloads/exfiltration/rickroll_terminal_payload/sintaxe_extra_nao_suportada/payload.txt,move_to_subfolder,unsupported_ds3_or_unrecognized_syntax
sd_card_content/badusb_extra_payloads/data_exfiltration/Unix-like/macOS/directly_ready/Bruce-Scripts-Heaven_BAD/exfiltration/Unix-like/OSX/iMessage-Data-Grabber/payload.txt,sd_card_content/badusb_extra_payloads/data_exfiltration/Unix-like/macOS/directly_ready/Bruce-Scripts-Heaven_BAD/exfiltration/Unix-like/OSX/iMessage-Data-Grabber/flipper_only/payload.txt,move_to_subfolder,works_only_on_flipper
sd_card_content/badusb_extra_payloads/data_exfiltration/Unix-like/macOS/directly_ready/Bruce-Scripts-Heaven_BAD/exfiltration/rickroll_terminal_payload/payload.txt,sd_card_content/badusb_extra_payloads/data_exfiltration/Unix-like/macOS/directly_ready/Bruce-Scripts-Heaven_BAD/exfiltration/rickroll_terminal_payload/sintaxe_extra_nao_suportada/payload.txt,move_to_subfolder,unsupported_ds3_or_unrecognized_syntax
sd_card_content/badusb_extra_payloads/data_exfiltration/Unix-like/macOS/configuration_needed/BadUsb-Library/File-Exfiltrator-Telegram.txt,sd_card_content/badusb_extra_payloads/data_exfiltration/Unix-like/macOS/configuration_needed/BadUsb-Library/sintaxe_extra_nao_suportada/File-Exfiltrator-Telegram.txt,move_to_subfolder,unsupported_ds3_or_unrecognized_syntax
sd_card_content/badusb_extra_payloads/data_exfiltration/Unix-like/Linux/directly_ready/Bruce-Scripts-Heaven_BAD/BadUSB-FalsePhilosopher/OMG/Library/exfiltration/WiFi2DNS/WiFi2DNS.txt,sd_card_content/badusb_extra_payloads/data_exfiltration/Unix-like/Linux/directly_ready/Bruce-Scripts-Heaven_BAD/BadUSB-FalsePhilosopher/OMG/Library/exfiltration/WiFi2DNS/sintaxe_extra_nao_suportada/WiFi2DNS.txt,move_to_subfolder,unsupported_ds3_or_unrecognized_syntax
sd_card_content/badusb_extra_payloads/data_exfiltration/Unix-like/Linux/directly_ready/Bruce-Scripts-Heaven_BAD/BadUSB-FalsePhilosopher/WHID/Library/Base/LinSerialEXFIL.txt,sd_card_content/badusb_extra_payloads/data_exfiltration/Unix-like/Linux/directly_ready/Bruce-Scripts-Heaven_BAD/BadUSB-FalsePhilosopher/WHID/Library/Base/nao_e_duckyscript/whid_injector_syntax/LinSerialEXFIL.txt,move_to_subfolder,whid_injector_syntax
sd_card_content/badusb_extra_payloads/data_exfiltration/Unix-like/Linux/directly_ready/Bruce-Scripts-Heaven_BAD/BadUSB-FalsePhilosopher/WHID/Library/Base/LinExfilWiFiCreds.txt,sd_card_content/badusb_extra_payloads/data_exfiltration/Unix-like/Linux/directly_ready/Bruce-Scripts-Heaven_BAD/BadUSB-FalsePhilosopher/WHID/Library/Base/nao_e_duckyscript/whid_injector_syntax/LinExfilWiFiCreds.txt,move_to_subfolder,whid_injector_syntax
sd_card_content/badusb_extra_payloads/data_exfiltration/Unix-like/Linux/directly_ready/Bruce-Scripts-Heaven_BAD/BadUSB-FalsePhilosopher/BashBunny/payloads/library/exfiltration/intel/payload.txt,sd_card_content/badusb_extra_payloads/data_exfiltration/Unix-like/Linux/directly_ready/Bruce-Scripts-Heaven_BAD/BadUSB-FalsePhilosopher/BashBunny/payloads/library/exfiltration/intel/nao_e_duckyscript/bashbunny_syntax/payload.txt,move_to_subfolder,bashbunny_syntax
sd_card_content/badusb_extra_payloads/data_exfiltration/Unix-like/Linux/directly_ready/Bruce-Scripts-Heaven_BAD/BadUSB-FalsePhilosopher/Misc/Web/Pasta/output/users/Madmouse/Pastebin-QKAYpZBk.txt,sd_card_content/badusb_extra_payloads/data_exfiltration/Unix-like/Linux/directly_ready/Bruce-Scripts-Heaven_BAD/BadUSB-FalsePhilosopher/Misc/Web/Pasta/output/users/Madmouse/nao_e_duckyscript/raw_pastebin_dump/Pastebin-QKAYpZBk.txt,move_to_subfolder,raw_pastebin_dump
sd_card_content/badusb_extra_payloads/data_exfiltration/Unix-like/Linux/directly_ready/Bruce-Scripts-Heaven_BAD/BadUSB-FalsePhilosopher/Misc/Web/Pasta/output/users/Madmouse/Pastebin-pHgEdHyw.txt,sd_card_content/badusb_extra_payloads/data_exfiltration/Unix-like/Linux/directly_ready/Bruce-Scripts-Heaven_BAD/BadUSB-FalsePhilosopher/Misc/Web/Pasta/output/users/Madmouse/nao_e_duckyscript/raw_pastebin_dump/Pastebin-pHgEdHyw.txt,move_to_subfolder,raw_pastebin_dump
sd_card_content/badusb_extra_payloads/data_exfiltration/Unix-like/Linux/directly_ready/Bruce-Scripts-Heaven_BAD/BadUSB-FalsePhilosopher/Misc/Web/Pasta/output/users/Madmouse/Pastebin-LarumJZa.txt,sd_card_content/badusb_extra_payloads/data_exfiltration/Unix-like/Linux/directly_ready/Bruce-Scripts-Heaven_BAD/BadUSB-FalsePhilosopher/Misc/Web/Pasta/output/users/Madmouse/nao_e_duckyscript/raw_pastebin_dump/Pastebin-LarumJZa.txt,move_to_subfolder,raw_pastebin_dump
sd_card_content/badusb_extra_payloads/data_exfiltration/Unix-like/Linux/directly_ready/Bruce-Scripts-Heaven_BAD/BadUSB-FalsePhilosopher/Misc/Web/Pasta/output/users/Madmouse/Pastebin-LaZpgeZ7.txt,sd_card_content/badusb_extra_payloads/data_exfiltration/Unix-like/Linux/directly_ready/Bruce-Scripts-Heaven_BAD/BadUSB-FalsePhilosopher/Misc/Web/Pasta/output/users/Madmouse/nao_e_duckyscript/raw_pastebin_dump/Pastebin-LaZpgeZ7.txt,move_to_subfolder,raw_pastebin_dump
sd_card_content/badusb_extra_payloads/data_exfiltration/Unix-like/Linux/directly_ready/Bruce-Scripts-Heaven_BAD/BadUSB-FalsePhilosopher/Misc/Web/Pasta/output/users/Madmouse/Pastebin-Hds5f8s3.txt,sd_card_content/badusb_extra_payloads/data_exfiltration/Unix-like/Linux/directly_ready/Bruce-Scripts-Heaven_BAD/BadUSB-FalsePhilosopher/Misc/Web/Pasta/output/users/Madmouse/nao_e_duckyscript/raw_pastebin_dump/Pastebin-Hds5f8s3.txt,move_to_subfolder,raw_pastebin_dump
sd_card_content/badusb_extra_payloads/data_exfiltration/Unix-like/Linux/directly_ready/Bruce-Scripts-Heaven_BAD/BadUSB-FalsePhilosopher/Misc/Web/Pasta/output/users/Madmouse/Pastebin-gDfeFmZT.txt,sd_card_content/badusb_extra_payloads/data_exfiltration/Unix-like/Linux/directly_ready/Bruce-Scripts-Heaven_BAD/BadUSB-FalsePhilosopher/Misc/Web/Pasta/output/users/Madmouse/nao_e_duckyscript/raw_pastebin_dump/Pastebin-gDfeFmZT.txt,move_to_subfolder,raw_pastebin_dump
sd_card_content/badusb_extra_payloads/data_exfiltration/Unix-like/Linux/directly_ready/Bruce-Scripts-Heaven_BAD/GNU-Linux/Execution/EncryptAllDocuments_Linux/payload.txt,sd_card_content/badusb_extra_payloads/data_exfiltration/Unix-like/Linux/directly_ready/Bruce-Scripts-Heaven_BAD/GNU-Linux/Execution/EncryptAllDocuments_Linux/sintaxe_extra_nao_suportada/payload.txt,move_to_subfolder,unsupported_ds3_or_unrecognized_syntax
sd_card_content/badusb_extra_payloads/data_exfiltration/Win/directly_ready/BadUsb-Library/passStealer.txt,sd_card_content/badusb_extra_payloads/data_exfiltration/Win/directly_ready/BadUsb-Library/sintaxe_extra_nao_suportada/passStealer.txt,move_to_subfolder,unsupported_ds3_or_unrecognized_syntax
sd_card_content/badusb_extra_payloads/data_exfiltration/Win/directly_ready/Bruce-Scripts-Heaven_BAD/BadUSB-FalsePhilosopher/OMG/Library/exfiltration/WiFi2DNS_AES256/payload.txt,sd_card_content/badusb_extra_payloads/data_exfiltration/Win/directly_ready/Bruce-Scripts-Heaven_BAD/BadUSB-FalsePhilosopher/OMG/Library/exfiltration/WiFi2DNS_AES256/sintaxe_extra_nao_suportada/payload.txt,move_to_subfolder,unsupported_ds3_or_unrecognized_syntax
sd_card_content/badusb_extra_payloads/data_exfiltration/Win/directly_ready/Bruce-Scripts-Heaven_BAD/BadUSB-FalsePhilosopher/WHID/Library/Base/WinSerialEXFIL.txt,sd_card_content/badusb_extra_payloads/data_exfiltration/Win/directly_ready/Bruce-Scripts-Heaven_BAD/BadUSB-FalsePhilosopher/WHID/Library/Base/nao_e_duckyscript/whid_injector_syntax/WinSerialEXFIL.txt,move_to_subfolder,whid_injector_syntax
sd_card_content/badusb_extra_payloads/data_exfiltration/Win/directly_ready/Bruce-Scripts-Heaven_BAD/BadUSB-FalsePhilosopher/WHID/Library/windows/WinFFCredsExfil.txt,sd_card_content/badusb_extra_payloads/data_exfiltration/Win/directly_ready/Bruce-Scripts-Heaven_BAD/BadUSB-FalsePhilosopher/WHID/Library/windows/nao_e_duckyscript/whid_injector_syntax/WinFFCredsExfil.txt,move_to_subfolder,whid_injector_syntax
sd_card_content/badusb_extra_payloads/data_exfiltration/Win/directly_ready/Bruce-Scripts-Heaven_BAD/BadUSB-FalsePhilosopher/WHID/Library/windows/WiFiPassSerialExfil.txt,sd_card_content/badusb_extra_payloads/data_exfiltration/Win/directly_ready/Bruce-Scripts-Heaven_BAD/BadUSB-FalsePhilosopher/WHID/Library/windows/nao_e_duckyscript/whid_injector_syntax/WiFiPassSerialExfil.txt,move_to_subfolder,whid_injector_syntax
sd_card_content/badusb_extra_payloads/data_exfiltration/Win/directly_ready/Bruce-Scripts-Heaven_BAD/BadUSB-FalsePhilosopher/BashBunny/payloads/library/execution/psh_DownloadExecSMB/payload.txt,sd_card_content/badusb_extra_payloads/data_exfiltration/Win/directly_ready/Bruce-Scripts-Heaven_BAD/BadUSB-FalsePhilosopher/BashBunny/payloads/library/execution/psh_DownloadExecSMB/nao_e_duckyscript/bashbunny_syntax/payload.txt,move_to_subfolder,bashbunny_syntax
sd_card_content/badusb_extra_payloads/data_exfiltration/Win/directly_ready/Bruce-Scripts-Heaven_BAD/BadUSB-FalsePhilosopher/BashBunny/payloads/library/exfiltration/Win_PoSH_ReadItOut/payload.txt,sd_card_content/badusb_extra_payloads/data_exfiltration/Win/directly_ready/Bruce-Scripts-Heaven_BAD/BadUSB-FalsePhilosopher/BashBunny/payloads/library/exfiltration/Win_PoSH_ReadItOut/nao_e_duckyscript/bashbunny_syntax/payload.txt,move_to_subfolder,bashbunny_syntax
sd_card_content/badusb_extra_payloads/data_exfiltration/Win/directly_ready/Bruce-Scripts-Heaven_BAD/BadUSB-FalsePhilosopher/BashBunny/payloads/library/exfiltration/WIN_PoSH_HKU_RegBackUp/payload.txt,sd_card_content/badusb_extra_payloads/data_exfiltration/Win/directly_ready/Bruce-Scripts-Heaven_BAD/BadUSB-FalsePhilosopher/BashBunny/payloads/library/exfiltration/WIN_PoSH_HKU_RegBackUp/nao_e_duckyscript/bashbunny_syntax/payload.txt,move_to_subfolder,bashbunny_syntax
sd_card_content/badusb_extra_payloads/data_exfiltration/Win/directly_ready/Bruce-Scripts-Heaven_BAD/BadUSB-FalsePhilosopher/BashBunny/payloads/library/exfiltration/keecopy/payload.txt,sd_card_content/badusb_extra_payloads/data_exfiltration/Win/directly_ready/Bruce-Scripts-Heaven_BAD/BadUSB-FalsePhilosopher/BashBunny/payloads/library/exfiltration/keecopy/nao_e_duckyscript/bashbunny_syntax/payload.txt,move_to_subfolder,bashbunny_syntax
sd_card_content/badusb_extra_payloads/data_exfiltration/Win/directly_ready/Bruce-Scripts-Heaven_BAD/BadUSB-FalsePhilosopher/BashBunny/payloads/library/exfiltration/imagesOfYore/payload.txt,sd_card_content/badusb_extra_payloads/data_exfiltration/Win/directly_ready/Bruce-Scripts-Heaven_BAD/BadUSB-FalsePhilosopher/BashBunny/payloads/library/exfiltration/imagesOfYore/nao_e_duckyscript/bashbunny_syntax/payload.txt,move_to_subfolder,bashbunny_syntax
sd_card_content/badusb_extra_payloads/data_exfiltration/Win/directly_ready/Bruce-Scripts-Heaven_BAD/BadUSB-FalsePhilosopher/BashBunny/payloads/library/exfiltration/WifiSnatch/payload.txt,sd_card_content/badusb_extra_payloads/data_exfiltration/Win/directly_ready/Bruce-Scripts-Heaven_BAD/BadUSB-FalsePhilosopher/BashBunny/payloads/library/exfiltration/WifiSnatch/nao_e_duckyscript/bashbunny_syntax/payload.txt,move_to_subfolder,bashbunny_syntax
sd_card_content/badusb_extra_payloads/data_exfiltration/Win/directly_ready/Bruce-Scripts-Heaven_BAD/BadUSB-FalsePhilosopher/BashBunny/payloads/library/exfiltration/WifiSnatch/exfil.txt,sd_card_content/badusb_extra_payloads/data_exfiltration/Win/directly_ready/Bruce-Scripts-Heaven_BAD/BadUSB-FalsePhilosopher/BashBunny/payloads/library/exfiltration/WifiSnatch/sintaxe_extra_nao_suportada/exfil.txt,move_to_subfolder,unsupported_ds3_or_unrecognized_syntax
sd_card_content/badusb_extra_payloads/data_exfiltration/Win/directly_ready/Bruce-Scripts-Heaven_BAD/BadUSB-FalsePhilosopher/BashBunny/payloads/library/exfiltration/optical-exfiltration/payload.txt,sd_card_content/badusb_extra_payloads/data_exfiltration/Win/directly_ready/Bruce-Scripts-Heaven_BAD/BadUSB-FalsePhilosopher/BashBunny/payloads/library/exfiltration/optical-exfiltration/nao_e_duckyscript/bashbunny_syntax/payload.txt,move_to_subfolder,bashbunny_syntax
sd_card_content/badusb_extra_payloads/data_exfiltration/Win/directly_ready/Bruce-Scripts-Heaven_BAD/BadUSB-FalsePhilosopher/BashBunny/payloads/library/exfiltration/BlackBackup/payload.txt,sd_card_content/badusb_extra_payloads/data_exfiltration/Win/directly_ready/Bruce-Scripts-Heaven_BAD/BadUSB-FalsePhilosopher/BashBunny/payloads/library/exfiltration/BlackBackup/nao_e_duckyscript/bashbunny_syntax/payload.txt,move_to_subfolder,bashbunny_syntax
sd_card_content/badusb_extra_payloads/data_exfiltration/Win/directly_ready/Bruce-Scripts-Heaven_BAD/BadUSB-FalsePhilosopher/BashBunny/payloads/library/exfiltration/Powershell_TCP_Extractor/payload.txt,sd_card_content/badusb_extra_payloads/data_exfiltration/Win/directly_ready/Bruce-Scripts-Heaven_BAD/BadUSB-FalsePhilosopher/BashBunny/payloads/library/exfiltration/Powershell_TCP_Extractor/nao_e_duckyscript/bashbunny_syntax/payload.txt,move_to_subfolder,bashbunny_syntax
sd_card_content/badusb_extra_payloads/data_exfiltration/Win/directly_ready/Bruce-Scripts-Heaven_BAD/BadUSB-FalsePhilosopher/BashBunny/payloads/library/exfiltration/BLE_EXFIL_DEMO/payload.txt,sd_card_content/badusb_extra_payloads/data_exfiltration/Win/directly_ready/Bruce-Scripts-Heaven_BAD/BadUSB-FalsePhilosopher/BashBunny/payloads/library/exfiltration/BLE_EXFIL_DEMO/nao_e_duckyscript/bashbunny_syntax/payload.txt,move_to_subfolder,bashbunny_syntax
sd_card_content/badusb_extra_payloads/data_exfiltration/Win/directly_ready/Bruce-Scripts-Heaven_BAD/BadUSB-FalsePhilosopher/BashBunny/payloads/library/exfiltration/simple-usb-extractor/payload.txt,sd_card_content/badusb_extra_payloads/data_exfiltration/Win/directly_ready/Bruce-Scripts-Heaven_BAD/BadUSB-FalsePhilosopher/BashBunny/payloads/library/exfiltration/simple-usb-extractor/nao_e_duckyscript/bashbunny_syntax/payload.txt,move_to_subfolder,bashbunny_syntax
sd_card_content/badusb_extra_payloads/data_exfiltration/Win/directly_ready/Bruce-Scripts-Heaven_BAD/BadUSB-FalsePhilosopher/BashBunny/payloads/library/exfiltration/HiveNightmare/payload.txt,sd_card_content/badusb_extra_payloads/data_exfiltration/Win/directly_ready/Bruce-Scripts-Heaven_BAD/BadUSB-FalsePhilosopher/BashBunny/payloads/library/exfiltration/HiveNightmare/nao_e_duckyscript/bashbunny_syntax/payload.txt,move_to_subfolder,bashbunny_syntax
sd_card_content/badusb_extra_payloads/data_exfiltration/Win/directly_ready/Bruce-Scripts-Heaven_BAD/BadUSB-FalsePhilosopher/BashBunny/payloads/library/exfiltration/ftp_exfiltrator/payload.txt,sd_card_content/badusb_extra_payloads/data_exfiltration/Win/directly_ready/Bruce-Scripts-Heaven_BAD/BadUSB-FalsePhilosopher/BashBunny/payloads/library/exfiltration/ftp_exfiltrator/nao_e_duckyscript/bashbunny_syntax/payload.txt,move_to_subfolder,bashbunny_syntax
sd_card_content/badusb_extra_payloads/data_exfiltration/Win/directly_ready/Bruce-Scripts-Heaven_BAD/BadUSB-FalsePhilosopher/BashBunny/payloads/library/exfiltration/SmartDataThief_Exfiltrator/payload.txt,sd_card_content/badusb_extra_payloads/data_exfiltration/Win/directly_ready/Bruce-Scripts-Heaven_BAD/BadUSB-FalsePhilosopher/BashBunny/payloads/library/exfiltration/SmartDataThief_Exfiltrator/nao_e_duckyscript/bashbunny_syntax/payload.txt,move_to_subfolder,bashbunny_syntax
sd_card_content/badusb_extra_payloads/data_exfiltration/Win/directly_ready/Bruce-Scripts-Heaven_BAD/BadUSB-FalsePhilosopher/BashBunny/payloads/library/exfiltration/SmartFileExtract_Exfiltrator/setup.txt,sd_card_content/badusb_extra_payloads/data_exfiltration/Win/directly_ready/Bruce-Scripts-Heaven_BAD/BadUSB-FalsePhilosopher/BashBunny/payloads/library/exfiltration/SmartFileExtract_Exfiltrator/sintaxe_extra_nao_suportada/setup.txt,move_to_subfolder,unsupported_ds3_or_unrecognized_syntax
sd_card_content/badusb_extra_payloads/data_exfiltration/Win/directly_ready/Bruce-Scripts-Heaven_BAD/BadUSB-FalsePhilosopher/BashBunny/payloads/library/exfiltration/SmartFileExtract_Exfiltrator/payload.txt,sd_card_content/badusb_extra_payloads/data_exfiltration/Win/directly_ready/Bruce-Scripts-Heaven_BAD/BadUSB-FalsePhilosopher/BashBunny/payloads/library/exfiltration/SmartFileExtract_Exfiltrator/nao_e_duckyscript/bashbunny_syntax/payload.txt,move_to_subfolder,bashbunny_syntax
sd_card_content/badusb_extra_payloads/data_exfiltration/Win/directly_ready/Bruce-Scripts-Heaven_BAD/BadUSB-FalsePhilosopher/BashBunny/payloads/library/exfiltration/usb_exfiltrator/payload.txt,sd_card_content/badusb_extra_payloads/data_exfiltration/Win/directly_ready/Bruce-Scripts-Heaven_BAD/BadUSB-FalsePhilosopher/BashBunny/payloads/library/exfiltration/usb_exfiltrator/nao_e_duckyscript/bashbunny_syntax/payload.txt,move_to_subfolder,bashbunny_syntax
sd_card_content/badusb_extra_payloads/data_exfiltration/Win/directly_ready/Bruce-Scripts-Heaven_BAD/BadUSB-FalsePhilosopher/BashBunny/payloads/library/exfiltration/dropbox-exfiltrator/payload.txt,sd_card_content/badusb_extra_payloads/data_exfiltration/Win/directly_ready/Bruce-Scripts-Heaven_BAD/BadUSB-FalsePhilosopher/BashBunny/payloads/library/exfiltration/dropbox-exfiltrator/nao_e_duckyscript/bashbunny_syntax/payload.txt,move_to_subfolder,bashbunny_syntax
sd_card_content/badusb_extra_payloads/data_exfiltration/Win/directly_ready/Bruce-Scripts-Heaven_BAD/BadUSB-FalsePhilosopher/BashBunny/payloads/library/exfiltration/smb_exfiltrator/payload.txt,sd_card_content/badusb_extra_payloads/data_exfiltration/Win/directly_ready/Bruce-Scripts-Heaven_BAD/BadUSB-FalsePhilosopher/BashBunny/payloads/library/exfiltration/smb_exfiltrator/nao_e_duckyscript/bashbunny_syntax/payload.txt,move_to_subfolder,bashbunny_syntax
sd_card_content/badusb_extra_payloads/data_exfiltration/Win/directly_ready/Bruce-Scripts-Heaven_BAD/BadUSB-FalsePhilosopher/BashBunny/payloads/library/exfiltration/FileInfoExfil/payload.txt,sd_card_content/badusb_extra_payloads/data_exfiltration/Win/directly_ready/Bruce-Scripts-Heaven_BAD/BadUSB-FalsePhilosopher/BashBunny/payloads/library/exfiltration/FileInfoExfil/nao_e_duckyscript/bashbunny_syntax/payload.txt,move_to_subfolder,bashbunny_syntax
sd_card_content/badusb_extra_payloads/data_exfiltration/Win/directly_ready/Bruce-Scripts-Heaven_BAD/BadUSB-FalsePhilosopher/BashBunny/payloads/library/exfiltration/WIN_PoSH_SaveSecurityHive/payload.txt,sd_card_content/badusb_extra_payloads/data_exfiltration/Win/directly_ready/Bruce-Scripts-Heaven_BAD/BadUSB-FalsePhilosopher/BashBunny/payloads/library/exfiltration/WIN_PoSH_SaveSecurityHive/nao_e_duckyscript/bashbunny_syntax/payload.txt,move_to_subfolder,bashbunny_syntax
sd_card_content/badusb_extra_payloads/data_exfiltration/Win/directly_ready/Bruce-Scripts-Heaven_BAD/BadUSB-FalsePhilosopher/BashBunny/payloads/library/exfiltration/Win_HID_BackupKeyManager/payload.txt,sd_card_content/badusb_extra_payloads/data_exfiltration/Win/directly_ready/Bruce-Scripts-Heaven_BAD/BadUSB-FalsePhilosopher/BashBunny/payloads/library/exfiltration/Win_HID_BackupKeyManager/nao_e_duckyscript/bashbunny_syntax/payload.txt,move_to_subfolder,bashbunny_syntax
sd_card_content/badusb_extra_payloads/data_exfiltration/Win/directly_ready/Bruce-Scripts-Heaven_BAD/BadUSB-FalsePhilosopher/BashBunny/payloads/library/exfiltration/browserData/payload.txt,sd_card_content/badusb_extra_payloads/data_exfiltration/Win/directly_ready/Bruce-Scripts-Heaven_BAD/BadUSB-FalsePhilosopher/BashBunny/payloads/library/exfiltration/browserData/nao_e_duckyscript/bashbunny_syntax/payload.txt,move_to_subfolder,bashbunny_syntax
sd_card_content/badusb_extra_payloads/data_exfiltration/Win/directly_ready/Bruce-Scripts-Heaven_BAD/BadUSB-FalsePhilosopher/BashBunny/payloads/library/general/poc/WIN_PoSH_MorseCode/payload.txt,sd_card_content/badusb_extra_payloads/data_exfiltration/Win/directly_ready/Bruce-Scripts-Heaven_BAD/BadUSB-FalsePhilosopher/BashBunny/payloads/library/general/poc/WIN_PoSH_MorseCode/nao_e_duckyscript/bashbunny_syntax/payload.txt,move_to_subfolder,bashbunny_syntax
sd_card_content/badusb_extra_payloads/data_exfiltration/Win/directly_ready/Bruce-Scripts-Heaven_BAD/BadUSB-FalsePhilosopher/Misc/Web/Pasta/output/users/Madmouse/Pastebin-5t8x0LMP.txt,sd_card_content/badusb_extra_payloads/data_exfiltration/Win/directly_ready/Bruce-Scripts-Heaven_BAD/BadUSB-FalsePhilosopher/Misc/Web/Pasta/output/users/Madmouse/nao_e_duckyscript/raw_pastebin_dump/Pastebin-5t8x0LMP.txt,move_to_subfolder,raw_pastebin_dump
sd_card_content/badusb_extra_payloads/data_exfiltration/Win/directly_ready/Bruce-Scripts-Heaven_BAD/BadUSB-FalsePhilosopher/Misc/Web/Pasta/output/users/Madmouse/Pastebin-3HcHCZV9.txt,sd_card_content/badusb_extra_payloads/data_exfiltration/Win/directly_ready/Bruce-Scripts-Heaven_BAD/BadUSB-FalsePhilosopher/Misc/Web/Pasta/output/users/Madmouse/nao_e_duckyscript/raw_pastebin_dump/Pastebin-3HcHCZV9.txt,move_to_subfolder,raw_pastebin_dump
sd_card_content/badusb_extra_payloads/data_exfiltration/Win/directly_ready/Bruce-Scripts-Heaven_BAD/BadUSB-FalsePhilosopher/Misc/Web/Pasta/output/users/Madmouse/Pastebin-E9DZ5Pk7.txt,sd_card_content/badusb_extra_payloads/data_exfiltration/Win/directly_ready/Bruce-Scripts-Heaven_BAD/BadUSB-FalsePhilosopher/Misc/Web/Pasta/output/users/Madmouse/nao_e_duckyscript/raw_pastebin_dump/Pastebin-E9DZ5Pk7.txt,move_to_subfolder,raw_pastebin_dump
sd_card_content/badusb_extra_payloads/data_exfiltration/Win/directly_ready/Bruce-Scripts-Heaven_BAD/BadUSB-FalsePhilosopher/Misc/Web/Pasta/output/users/Madmouse/Pastebin-nW17GWcr.txt,sd_card_content/badusb_extra_payloads/data_exfiltration/Win/directly_ready/Bruce-Scripts-Heaven_BAD/BadUSB-FalsePhilosopher/Misc/Web/Pasta/output/users/Madmouse/nao_e_duckyscript/raw_pastebin_dump/Pastebin-nW17GWcr.txt,move_to_subfolder,raw_pastebin_dump
sd_card_content/badusb_extra_payloads/data_exfiltration/Win/directly_ready/Bruce-Scripts-Heaven_BAD/BadUSB-FalsePhilosopher/Misc/Web/Pasta/output/users/Madmouse/Pastebin-QuywAhqG.txt,sd_card_content/badusb_extra_payloads/data_exfiltration/Win/directly_ready/Bruce-Scripts-Heaven_BAD/BadUSB-FalsePhilosopher/Misc/Web/Pasta/output/users/Madmouse/nao_e_duckyscript/raw_pastebin_dump/Pastebin-QuywAhqG.txt,move_to_subfolder,raw_pastebin_dump
sd_card_content/badusb_extra_payloads/data_exfiltration/Win/directly_ready/Bruce-Scripts-Heaven_BAD/BadUSB-FalsePhilosopher/Misc/Web/Pasta/output/users/Madmouse/Pastebin-5ips64A0.txt,sd_card_content/badusb_extra_payloads/data_exfiltration/Win/directly_ready/Bruce-Scripts-Heaven_BAD/BadUSB-FalsePhilosopher/Misc/Web/Pasta/output/users/Madmouse/nao_e_duckyscript/raw_pastebin_dump/Pastebin-5ips64A0.txt,move_to_subfolder,raw_pastebin_dump
sd_card_content/badusb_extra_payloads/data_exfiltration/Win/directly_ready/Bruce-Scripts-Heaven_BAD/BadUSB-FalsePhilosopher/Misc/Web/Pasta/output/users/Madmouse/Pastebin-9NLHYzgy.txt,sd_card_content/badusb_extra_payloads/data_exfiltration/Win/directly_ready/Bruce-Scripts-Heaven_BAD/BadUSB-FalsePhilosopher/Misc/Web/Pasta/output/users/Madmouse/nao_e_duckyscript/raw_pastebin_dump/Pastebin-9NLHYzgy.txt,move_to_subfolder,raw_pastebin_dump
sd_card_content/badusb_extra_payloads/data_exfiltration/Win/directly_ready/Bruce-Scripts-Heaven_BAD/BadUSB-FalsePhilosopher/Misc/Web/Pasta/output/users/Madmouse/Pastebin-pqnVEhzK.txt,sd_card_content/badusb_extra_payloads/data_exfiltration/Win/directly_ready/Bruce-Scripts-Heaven_BAD/BadUSB-FalsePhilosopher/Misc/Web/Pasta/output/users/Madmouse/nao_e_duckyscript/raw_pastebin_dump/Pastebin-pqnVEhzK.txt,move_to_subfolder,raw_pastebin_dump
sd_card_content/badusb_extra_payloads/data_exfiltration/Win/directly_ready/Bruce-Scripts-Heaven_BAD/BadUSB-FalsePhilosopher/Misc/Web/Pasta/output/users/Madmouse/Pastebin-Ux5mnhG2.txt,sd_card_content/badusb_extra_payloads/data_exfiltration/Win/directly_ready/Bruce-Scripts-Heaven_BAD/BadUSB-FalsePhilosopher/Misc/Web/Pasta/output/users/Madmouse/nao_e_duckyscript/raw_pastebin_dump/Pastebin-Ux5mnhG2.txt,move_to_subfolder,raw_pastebin_dump
sd_card_content/badusb_extra_payloads/data_exfiltration/Win/directly_ready/Bruce-Scripts-Heaven_BAD/BadUSB-FalsePhilosopher/Misc/Web/Pasta/output/users/Madmouse/Pastebin-Yt1aD3zA.txt,sd_card_content/badusb_extra_payloads/data_exfiltration/Win/directly_ready/Bruce-Scripts-Heaven_BAD/BadUSB-FalsePhilosopher/Misc/Web/Pasta/output/users/Madmouse/nao_e_duckyscript/raw_pastebin_dump/Pastebin-Yt1aD3zA.txt,move_to_subfolder,raw_pastebin_dump
sd_card_content/badusb_extra_payloads/data_exfiltration/Win/directly_ready/Bruce-Scripts-Heaven_BAD/BadUSB-FalsePhilosopher/Misc/Web/Pasta/output/users/Madmouse/Pastebin-RH1egwi6.txt,sd_card_content/badusb_extra_payloads/data_exfiltration/Win/directly_ready/Bruce-Scripts-Heaven_BAD/BadUSB-FalsePhilosopher/Misc/Web/Pasta/output/users/Madmouse/nao_e_duckyscript/raw_pastebin_dump/Pastebin-RH1egwi6.txt,move_to_subfolder,raw_pastebin_dump
sd_card_content/badusb_extra_payloads/data_exfiltration/Win/directly_ready/Bruce-Scripts-Heaven_BAD/BadUSB-FalsePhilosopher/Misc/Web/Pasta/output/users/Madmouse/Pastebin-AA0GYHFH.txt,sd_card_content/badusb_extra_payloads/data_exfiltration/Win/directly_ready/Bruce-Scripts-Heaven_BAD/BadUSB-FalsePhilosopher/Misc/Web/Pasta/output/users/Madmouse/nao_e_duckyscript/raw_pastebin_dump/Pastebin-AA0GYHFH.txt,move_to_subfolder,raw_pastebin_dump
sd_card_content/badusb_extra_payloads/data_exfiltration/Win/directly_ready/Bruce-Scripts-Heaven_BAD/BadUSB-FalsePhilosopher/Misc/Web/Pasta/output/users/Madmouse/Pastebin-Nuq4SmXj.txt,sd_card_content/badusb_extra_payloads/data_exfiltration/Win/directly_ready/Bruce-Scripts-Heaven_BAD/BadUSB-FalsePhilosopher/Misc/Web/Pasta/output/users/Madmouse/nao_e_duckyscript/raw_pastebin_dump/Pastebin-Nuq4SmXj.txt,move_to_subfolder,raw_pastebin_dump
sd_card_content/badusb_extra_payloads/data_exfiltration/Win/directly_ready/Bruce-Scripts-Heaven_BAD/BadUSB-FalsePhilosopher/Misc/Web/Pasta/output/users/Madmouse/Pastebin-wHANy4Ts.txt,sd_card_content/badusb_extra_payloads/data_exfiltration/Win/directly_ready/Bruce-Scripts-Heaven_BAD/BadUSB-FalsePhilosopher/Misc/Web/Pasta/output/users/Madmouse/nao_e_duckyscript/raw_pastebin_dump/Pastebin-wHANy4Ts.txt,move_to_subfolder,raw_pastebin_dump
sd_card_content/badusb_extra_payloads/data_exfiltration/Win/directly_ready/Bruce-Scripts-Heaven_BAD/BadUSB-FalsePhilosopher/Misc/Web/Pasta/output/users/Madmouse/Pastebin-gQrWVYPA.txt,sd_card_content/badusb_extra_payloads/data_exfiltration/Win/directly_ready/Bruce-Scripts-Heaven_BAD/BadUSB-FalsePhilosopher/Misc/Web/Pasta/output/users/Madmouse/nao_e_duckyscript/raw_pastebin_dump/Pastebin-gQrWVYPA.txt,move_to_subfolder,raw_pastebin_dump
sd_card_content/badusb_extra_payloads/data_exfiltration/Win/directly_ready/Bruce-Scripts-Heaven_BAD/BadUSB-FalsePhilosopher/Misc/Web/Pasta/output/users/Madmouse/Pastebin-WFHMH2f6.txt,sd_card_content/badusb_extra_payloads/data_exfiltration/Win/directly_ready/Bruce-Scripts-Heaven_BAD/BadUSB-FalsePhilosopher/Misc/Web/Pasta/output/users/Madmouse/nao_e_duckyscript/raw_pastebin_dump/Pastebin-WFHMH2f6.txt,move_to_subfolder,raw_pastebin_dump
sd_card_content/badusb_extra_payloads/data_exfiltration/Win/directly_ready/Bruce-Scripts-Heaven_BAD/BadUSB-FalsePhilosopher/Misc/Web/Pasta/output/users/Madmouse/Pastebin-seYMaSL3.txt,sd_card_content/badusb_extra_payloads/data_exfiltration/Win/directly_ready/Bruce-Scripts-Heaven_BAD/BadUSB-FalsePhilosopher/Misc/Web/Pasta/output/users/Madmouse/nao_e_duckyscript/raw_pastebin_dump/Pastebin-seYMaSL3.txt,move_to_subfolder,raw_pastebin_dump
sd_card_content/badusb_extra_payloads/data_exfiltration/Win/directly_ready/Bruce-Scripts-Heaven_BAD/BadUSB-FalsePhilosopher/Misc/Web/Pasta/output/users/Madmouse/Pastebin-3Kdp1aRK.txt,sd_card_content/badusb_extra_payloads/data_exfiltration/Win/directly_ready/Bruce-Scripts-Heaven_BAD/BadUSB-FalsePhilosopher/Misc/Web/Pasta/output/users/Madmouse/nao_e_duckyscript/raw_pastebin_dump/Pastebin-3Kdp1aRK.txt,move_to_subfolder,raw_pastebin_dump
sd_card_content/badusb_extra_payloads/data_exfiltration/Win/directly_ready/Bruce-Scripts-Heaven_BAD/BadUSB-FalsePhilosopher/Misc/Web/Pasta/output/users/Madmouse/Pastebin-8grTWEME.txt,sd_card_content/badusb_extra_payloads/data_exfiltration/Win/directly_ready/Bruce-Scripts-Heaven_BAD/BadUSB-FalsePhilosopher/Misc/Web/Pasta/output/users/Madmouse/nao_e_duckyscript/raw_pastebin_dump/Pastebin-8grTWEME.txt,move_to_subfolder,raw_pastebin_dump
sd_card_content/badusb_extra_payloads/data_exfiltration/Win/directly_ready/Bruce-Scripts-Heaven_BAD/BadUSB-FalsePhilosopher/Misc/Web/Pasta/output/users/Madmouse/Pastebin-xexFMGME.txt,sd_card_content/badusb_extra_payloads/data_exfiltration/Win/directly_ready/Bruce-Scripts-Heaven_BAD/BadUSB-FalsePhilosopher/Misc/Web/Pasta/output/users/Madmouse/nao_e_duckyscript/raw_pastebin_dump/Pastebin-xexFMGME.txt,move_to_subfolder,raw_pastebin_dump
sd_card_content/badusb_extra_payloads/data_exfiltration/Win/directly_ready/Bruce-Scripts-Heaven_BAD/BadUSB-FalsePhilosopher/Misc/Web/Pasta/output/users/Madmouse/Pastebin-eQBDAAvt.txt,sd_card_content/badusb_extra_payloads/data_exfiltration/Win/directly_ready/Bruce-Scripts-Heaven_BAD/BadUSB-FalsePhilosopher/Misc/Web/Pasta/output/users/Madmouse/nao_e_duckyscript/raw_pastebin_dump/Pastebin-eQBDAAvt.txt,move_to_subfolder,raw_pastebin_dump
sd_card_content/badusb_extra_payloads/data_exfiltration/Win/directly_ready/Bruce-Scripts-Heaven_BAD/BadUSB-FalsePhilosopher/Misc/Web/Pasta/output/users/Madmouse/Pastebin-Y8eiNLPW.txt,sd_card_content/badusb_extra_payloads/data_exfiltration/Win/directly_ready/Bruce-Scripts-Heaven_BAD/BadUSB-FalsePhilosopher/Misc/Web/Pasta/output/users/Madmouse/nao_e_duckyscript/raw_pastebin_dump/Pastebin-Y8eiNLPW.txt,move_to_subfolder,raw_pastebin_dump
sd_card_content/badusb_extra_payloads/data_exfiltration/Win/directly_ready/Bruce-Scripts-Heaven_BAD/BadUSB-FalsePhilosopher/Misc/Web/Pasta/output/users/Madmouse/Pastebin-T3jNhHge.txt,sd_card_content/badusb_extra_payloads/data_exfiltration/Win/directly_ready/Bruce-Scripts-Heaven_BAD/BadUSB-FalsePhilosopher/Misc/Web/Pasta/output/users/Madmouse/nao_e_duckyscript/raw_pastebin_dump/Pastebin-T3jNhHge.txt,move_to_subfolder,raw_pastebin_dump
sd_card_content/badusb_extra_payloads/data_exfiltration/Win/directly_ready/Bruce-Scripts-Heaven_BAD/BadUSB-FalsePhilosopher/Misc/Web/Pasta/output/users/Madmouse/Pastebin-4MQuRc4y.txt,sd_card_content/badusb_extra_payloads/data_exfiltration/Win/directly_ready/Bruce-Scripts-Heaven_BAD/BadUSB-FalsePhilosopher/Misc/Web/Pasta/output/users/Madmouse/nao_e_duckyscript/raw_pastebin_dump/Pastebin-4MQuRc4y.txt,move_to_subfolder,raw_pastebin_dump
sd_card_content/badusb_extra_payloads/data_exfiltration/Win/directly_ready/Bruce-Scripts-Heaven_BAD/BadUSB-FalsePhilosopher/Misc/Web/Pasta/output/users/Madmouse/Pastebin-vbA6JNx8.txt,sd_card_content/badusb_extra_payloads/data_exfiltration/Win/directly_ready/Bruce-Scripts-Heaven_BAD/BadUSB-FalsePhilosopher/Misc/Web/Pasta/output/users/Madmouse/nao_e_duckyscript/raw_pastebin_dump/Pastebin-vbA6JNx8.txt,move_to_subfolder,raw_pastebin_dump
sd_card_content/badusb_extra_payloads/data_exfiltration/Win/directly_ready/Bruce-Scripts-Heaven_BAD/BadUSB-FalsePhilosopher/Misc/Web/Pasta/output/users/Madmouse/Pastebin-AxYHqY0S.txt,sd_card_content/badusb_extra_payloads/data_exfiltration/Win/directly_ready/Bruce-Scripts-Heaven_BAD/BadUSB-FalsePhilosopher/Misc/Web/Pasta/output/users/Madmouse/nao_e_duckyscript/raw_pastebin_dump/Pastebin-AxYHqY0S.txt,move_to_subfolder,raw_pastebin_dump
sd_card_content/badusb_extra_payloads/data_exfiltration/Win/directly_ready/Bruce-Scripts-Heaven_BAD/BadUSB-FalsePhilosopher/Misc/Web/Pasta/output/users/Madmouse/Pastebin-QU44cCTJ.txt,sd_card_content/badusb_extra_payloads/data_exfiltration/Win/directly_ready/Bruce-Scripts-Heaven_BAD/BadUSB-FalsePhilosopher/Misc/Web/Pasta/output/users/Madmouse/nao_e_duckyscript/raw_pastebin_dump/Pastebin-QU44cCTJ.txt,move_to_subfolder,raw_pastebin_dump
sd_card_content/badusb_extra_payloads/data_exfiltration/Win/directly_ready/Bruce-Scripts-Heaven_BAD/BadUSB-FalsePhilosopher/Misc/Web/Pasta/output/users/Madmouse/Pastebin-ZY4dQmsA.txt,sd_card_content/badusb_extra_payloads/data_exfiltration/Win/directly_ready/Bruce-Scripts-Heaven_BAD/BadUSB-FalsePhilosopher/Misc/Web/Pasta/output/users/Madmouse/nao_e_duckyscript/raw_pastebin_dump/Pastebin-ZY4dQmsA.txt,move_to_subfolder,raw_pastebin_dump
sd_card_content/badusb_extra_payloads/data_exfiltration/Win/directly_ready/Bruce-Scripts-Heaven_BAD/BadUSB-FalsePhilosopher/Misc/Web/Pasta/output/users/Madmouse/Pastebin-3AX7pp72.txt,sd_card_content/badusb_extra_payloads/data_exfiltration/Win/directly_ready/Bruce-Scripts-Heaven_BAD/BadUSB-FalsePhilosopher/Misc/Web/Pasta/output/users/Madmouse/nao_e_duckyscript/raw_pastebin_dump/Pastebin-3AX7pp72.txt,move_to_subfolder,raw_pastebin_dump
sd_card_content/badusb_extra_payloads/data_exfiltration/Win/directly_ready/Bruce-Scripts-Heaven_BAD/BadUSB-FalsePhilosopher/Misc/Web/Pasta/output/users/Madmouse/Pastebin-bH34W6mT.txt,sd_card_content/badusb_extra_payloads/data_exfiltration/Win/directly_ready/Bruce-Scripts-Heaven_BAD/BadUSB-FalsePhilosopher/Misc/Web/Pasta/output/users/Madmouse/nao_e_duckyscript/raw_pastebin_dump/Pastebin-bH34W6mT.txt,move_to_subfolder,raw_pastebin_dump
sd_card_content/badusb_extra_payloads/data_exfiltration/Win/directly_ready/Bruce-Scripts-Heaven_BAD/BadUSB-FalsePhilosopher/Misc/Web/Pasta/output/users/Madmouse/Pastebin-cyauduG6.txt,sd_card_content/badusb_extra_payloads/data_exfiltration/Win/directly_ready/Bruce-Scripts-Heaven_BAD/BadUSB-FalsePhilosopher/Misc/Web/Pasta/output/users/Madmouse/nao_e_duckyscript/raw_pastebin_dump/Pastebin-cyauduG6.txt,move_to_subfolder,raw_pastebin_dump
sd_card_content/badusb_extra_payloads/data_exfiltration/Win/directly_ready/Bruce-Scripts-Heaven_BAD/BadUSB-FalsePhilosopher/Misc/Web/Pasta/output/users/Madmouse/Pastebin-VM0EhZ7Q.txt,sd_card_content/badusb_extra_payloads/data_exfiltration/Win/directly_ready/Bruce-Scripts-Heaven_BAD/BadUSB-FalsePhilosopher/Misc/Web/Pasta/output/users/Madmouse/nao_e_duckyscript/raw_pastebin_dump/Pastebin-VM0EhZ7Q.txt,move_to_subfolder,raw_pastebin_dump
sd_card_content/badusb_extra_payloads/data_exfiltration/Win/directly_ready/Bruce-Scripts-Heaven_BAD/BadUSB-FalsePhilosopher/Misc/Web/Pasta/output/users/Madmouse/Pastebin-ysbXzvRZ.txt,sd_card_content/badusb_extra_payloads/data_exfiltration/Win/directly_ready/Bruce-Scripts-Heaven_BAD/BadUSB-FalsePhilosopher/Misc/Web/Pasta/output/users/Madmouse/nao_e_duckyscript/raw_pastebin_dump/Pastebin-ysbXzvRZ.txt,move_to_subfolder,raw_pastebin_dump
sd_card_content/badusb_extra_payloads/data_exfiltration/Win/directly_ready/Bruce-Scripts-Heaven_BAD/BadUSB-FalsePhilosopher/Misc/Web/Pasta/output/users/Madmouse/Pastebin-iNR6mJXD.txt,sd_card_content/badusb_extra_payloads/data_exfiltration/Win/directly_ready/Bruce-Scripts-Heaven_BAD/BadUSB-FalsePhilosopher/Misc/Web/Pasta/output/users/Madmouse/nao_e_duckyscript/raw_pastebin_dump/Pastebin-iNR6mJXD.txt,move_to_subfolder,raw_pastebin_dump
sd_card_content/badusb_extra_payloads/data_exfiltration/Win/directly_ready/Bruce-Scripts-Heaven_BAD/BadUSB-FalsePhilosopher/Misc/Web/Pasta/output/users/Madmouse/Pastebin-cm7Jn5AZ.txt,sd_card_content/badusb_extra_payloads/data_exfiltration/Win/directly_ready/Bruce-Scripts-Heaven_BAD/BadUSB-FalsePhilosopher/Misc/Web/Pasta/output/users/Madmouse/nao_e_duckyscript/raw_pastebin_dump/Pastebin-cm7Jn5AZ.txt,move_to_subfolder,raw_pastebin_dump
sd_card_content/badusb_extra_payloads/data_exfiltration/Win/directly_ready/Bruce-Scripts-Heaven_BAD/BadUSB-FalsePhilosopher/Misc/Web/Pasta/output/users/Madmouse/Pastebin-QZuwXWwZ.txt,sd_card_content/badusb_extra_payloads/data_exfiltration/Win/directly_ready/Bruce-Scripts-Heaven_BAD/BadUSB-FalsePhilosopher/Misc/Web/Pasta/output/users/Madmouse/nao_e_duckyscript/raw_pastebin_dump/Pastebin-QZuwXWwZ.txt,move_to_subfolder,raw_pastebin_dump
sd_card_content/badusb_extra_payloads/data_exfiltration/Win/directly_ready/Bruce-Scripts-Heaven_BAD/BadUSB-FalsePhilosopher/Misc/Web/Pasta/output/users/Madmouse/Pastebin-72fhxDvF.txt,sd_card_content/badusb_extra_payloads/data_exfiltration/Win/directly_ready/Bruce-Scripts-Heaven_BAD/BadUSB-FalsePhilosopher/Misc/Web/Pasta/output/users/Madmouse/nao_e_duckyscript/raw_pastebin_dump/Pastebin-72fhxDvF.txt,move_to_subfolder,raw_pastebin_dump
sd_card_content/badusb_extra_payloads/data_exfiltration/Win/directly_ready/Bruce-Scripts-Heaven_BAD/BadUSB-FalsePhilosopher/Misc/Web/Pasta/output/users/Madmouse/Pastebin-9J6ExCB9.txt,sd_card_content/badusb_extra_payloads/data_exfiltration/Win/directly_ready/Bruce-Scripts-Heaven_BAD/BadUSB-FalsePhilosopher/Misc/Web/Pasta/output/users/Madmouse/nao_e_duckyscript/raw_pastebin_dump/Pastebin-9J6ExCB9.txt,move_to_subfolder,raw_pastebin_dump
sd_card_content/badusb_extra_payloads/data_exfiltration/Win/directly_ready/Bruce-Scripts-Heaven_BAD/BadUSB-FalsePhilosopher/Misc/Web/Pasta/output/users/Madmouse/Pastebin-5GvUdbTi.txt,sd_card_content/badusb_extra_payloads/data_exfiltration/Win/directly_ready/Bruce-Scripts-Heaven_BAD/BadUSB-FalsePhilosopher/Misc/Web/Pasta/output/users/Madmouse/nao_e_duckyscript/raw_pastebin_dump/Pastebin-5GvUdbTi.txt,move_to_subfolder,raw_pastebin_dump
sd_card_content/badusb_extra_payloads/data_exfiltration/Win/directly_ready/Bruce-Scripts-Heaven_BAD/BadUSB-FalsePhilosopher/Misc/Web/Pasta/output/users/Madmouse/Pastebin-Gf0qxC1i.txt,sd_card_content/badusb_extra_payloads/data_exfiltration/Win/directly_ready/Bruce-Scripts-Heaven_BAD/BadUSB-FalsePhilosopher/Misc/Web/Pasta/output/users/Madmouse/nao_e_duckyscript/raw_pastebin_dump/Pastebin-Gf0qxC1i.txt,move_to_subfolder,raw_pastebin_dump
sd_card_content/badusb_extra_payloads/data_exfiltration/Win/directly_ready/Bruce-Scripts-Heaven_BAD/BadUSB-FalsePhilosopher/Misc/Web/Pasta/output/users/Madmouse/Pastebin-41NtA9kV.txt,sd_card_content/badusb_extra_payloads/data_exfiltration/Win/directly_ready/Bruce-Scripts-Heaven_BAD/BadUSB-FalsePhilosopher/Misc/Web/Pasta/output/users/Madmouse/nao_e_duckyscript/raw_pastebin_dump/Pastebin-41NtA9kV.txt,move_to_subfolder,raw_pastebin_dump
sd_card_content/badusb_extra_payloads/data_exfiltration/Win/directly_ready/Bruce-Scripts-Heaven_BAD/BadUSB-FalsePhilosopher/Misc/Web/Pasta/output/users/Madmouse/Pastebin-sfN5M2Ms.txt,sd_card_content/badusb_extra_payloads/data_exfiltration/Win/directly_ready/Bruce-Scripts-Heaven_BAD/BadUSB-FalsePhilosopher/Misc/Web/Pasta/output/users/Madmouse/nao_e_duckyscript/raw_pastebin_dump/Pastebin-sfN5M2Ms.txt,move_to_subfolder,raw_pastebin_dump
sd_card_content/badusb_extra_payloads/data_exfiltration/Win/directly_ready/Bruce-Scripts-Heaven_BAD/BadUSB-FalsePhilosopher/Misc/Web/Pasta/output/users/Madmouse/Pastebin-mUQ02AHk.txt,sd_card_content/badusb_extra_payloads/data_exfiltration/Win/directly_ready/Bruce-Scripts-Heaven_BAD/BadUSB-FalsePhilosopher/Misc/Web/Pasta/output/users/Madmouse/nao_e_duckyscript/raw_pastebin_dump/Pastebin-mUQ02AHk.txt,move_to_subfolder,raw_pastebin_dump
sd_card_content/badusb_extra_payloads/data_exfiltration/Win/directly_ready/Bruce-Scripts-Heaven_BAD/BadUSB-FalsePhilosopher/Misc/Web/Pasta/output/users/Madmouse/Pastebin-xmZsCA3n.txt,sd_card_content/badusb_extra_payloads/data_exfiltration/Win/directly_ready/Bruce-Scripts-Heaven_BAD/BadUSB-FalsePhilosopher/Misc/Web/Pasta/output/users/Madmouse/nao_e_duckyscript/raw_pastebin_dump/Pastebin-xmZsCA3n.txt,move_to_subfolder,raw_pastebin_dump
sd_card_content/badusb_extra_payloads/data_exfiltration/Win/directly_ready/Bruce-Scripts-Heaven_BAD/BadUSB-FalsePhilosopher/Misc/Web/Pasta/output/users/Madmouse/Pastebin-pa0rdX5x.txt,sd_card_content/badusb_extra_payloads/data_exfiltration/Win/directly_ready/Bruce-Scripts-Heaven_BAD/BadUSB-FalsePhilosopher/Misc/Web/Pasta/output/users/Madmouse/nao_e_duckyscript/raw_pastebin_dump/Pastebin-pa0rdX5x.txt,move_to_subfolder,raw_pastebin_dump
sd_card_content/badusb_extra_payloads/data_exfiltration/Win/directly_ready/Bruce-Scripts-Heaven_BAD/BadUSB-FalsePhilosopher/Misc/Web/Pasta/output/users/Madmouse/Pastebin-fwPsVxJm.txt,sd_card_content/badusb_extra_payloads/data_exfiltration/Win/directly_ready/Bruce-Scripts-Heaven_BAD/BadUSB-FalsePhilosopher/Misc/Web/Pasta/output/users/Madmouse/nao_e_duckyscript/raw_pastebin_dump/Pastebin-fwPsVxJm.txt,move_to_subfolder,raw_pastebin_dump
sd_card_content/badusb_extra_payloads/data_exfiltration/Win/directly_ready/Bruce-Scripts-Heaven_BAD/BadUSB-FalsePhilosopher/Misc/Web/Pasta/output/users/Madmouse/Pastebin-uhjq9yNi.txt,sd_card_content/badusb_extra_payloads/data_exfiltration/Win/directly_ready/Bruce-Scripts-Heaven_BAD/BadUSB-FalsePhilosopher/Misc/Web/Pasta/output/users/Madmouse/nao_e_duckyscript/raw_pastebin_dump/Pastebin-uhjq9yNi.txt,move_to_subfolder,raw_pastebin_dump
sd_card_content/badusb_extra_payloads/data_exfiltration/Win/directly_ready/Bruce-Scripts-Heaven_BAD/BadUSB-FalsePhilosopher/Misc/Web/Pasta/output/users/Madmouse/Pastebin-LsDPbi7r.txt,sd_card_content/badusb_extra_payloads/data_exfiltration/Win/directly_ready/Bruce-Scripts-Heaven_BAD/BadUSB-FalsePhilosopher/Misc/Web/Pasta/output/users/Madmouse/nao_e_duckyscript/raw_pastebin_dump/Pastebin-LsDPbi7r.txt,move_to_subfolder,raw_pastebin_dump
sd_card_content/badusb_extra_payloads/data_exfiltration/Win/directly_ready/Bruce-Scripts-Heaven_BAD/BadUSB-FalsePhilosopher/Misc/Web/Pasta/output/users/Madmouse/Pastebin-DQ4G8TUU.txt,sd_card_content/badusb_extra_payloads/data_exfiltration/Win/directly_ready/Bruce-Scripts-Heaven_BAD/BadUSB-FalsePhilosopher/Misc/Web/Pasta/output/users/Madmouse/nao_e_duckyscript/raw_pastebin_dump/Pastebin-DQ4G8TUU.txt,move_to_subfolder,raw_pastebin_dump
sd_card_content/badusb_extra_payloads/data_exfiltration/Win/directly_ready/Bruce-Scripts-Heaven_BAD/BadUSB-FalsePhilosopher/Misc/Web/Pasta/output/users/Madmouse/Pastebin-5nUWJzCF.txt,sd_card_content/badusb_extra_payloads/data_exfiltration/Win/directly_ready/Bruce-Scripts-Heaven_BAD/BadUSB-FalsePhilosopher/Misc/Web/Pasta/output/users/Madmouse/nao_e_duckyscript/raw_pastebin_dump/Pastebin-5nUWJzCF.txt,move_to_subfolder,raw_pastebin_dump
sd_card_content/badusb_extra_payloads/data_exfiltration/Win/directly_ready/Bruce-Scripts-Heaven_BAD/BadUSB-FalsePhilosopher/Misc/Web/Pasta/output/users/Madmouse/Pastebin-Cr1aM64M.txt,sd_card_content/badusb_extra_payloads/data_exfiltration/Win/directly_ready/Bruce-Scripts-Heaven_BAD/BadUSB-FalsePhilosopher/Misc/Web/Pasta/output/users/Madmouse/nao_e_duckyscript/raw_pastebin_dump/Pastebin-Cr1aM64M.txt,move_to_subfolder,raw_pastebin_dump
sd_card_content/badusb_extra_payloads/data_exfiltration/Win/directly_ready/Bruce-Scripts-Heaven_BAD/BadUSB-FalsePhilosopher/Misc/Web/Pasta/output/users/Madmouse/Pastebin-yn9SCU8W.txt,sd_card_content/badusb_extra_payloads/data_exfiltration/Win/directly_ready/Bruce-Scripts-Heaven_BAD/BadUSB-FalsePhilosopher/Misc/Web/Pasta/output/users/Madmouse/nao_e_duckyscript/raw_pastebin_dump/Pastebin-yn9SCU8W.txt,move_to_subfolder,raw_pastebin_dump
sd_card_content/badusb_extra_payloads/data_exfiltration/Win/directly_ready/Bruce-Scripts-Heaven_BAD/BadUSB-FalsePhilosopher/Misc/Web/Pasta/output/users/Madmouse/Pastebin-1PxSuSLP.txt,sd_card_content/badusb_extra_payloads/data_exfiltration/Win/directly_ready/Bruce-Scripts-Heaven_BAD/BadUSB-FalsePhilosopher/Misc/Web/Pasta/output/users/Madmouse/nao_e_duckyscript/raw_pastebin_dump/Pastebin-1PxSuSLP.txt,move_to_subfolder,raw_pastebin_dump
sd_card_content/badusb_extra_payloads/data_exfiltration/Win/directly_ready/Bruce-Scripts-Heaven_BAD/BadUSB-FalsePhilosopher/Misc/Web/Pasta/output/users/Madmouse/Pastebin-CRkQzzWX.txt,sd_card_content/badusb_extra_payloads/data_exfiltration/Win/directly_ready/Bruce-Scripts-Heaven_BAD/BadUSB-FalsePhilosopher/Misc/Web/Pasta/output/users/Madmouse/nao_e_duckyscript/raw_pastebin_dump/Pastebin-CRkQzzWX.txt,move_to_subfolder,raw_pastebin_dump
sd_card_content/badusb_extra_payloads/data_exfiltration/Win/directly_ready/Bruce-Scripts-Heaven_BAD/BadUSB-FalsePhilosopher/Misc/Web/Pasta/output/users/Madmouse/Pastebin-p9cc6QyB.txt,sd_card_content/badusb_extra_payloads/data_exfiltration/Win/directly_ready/Bruce-Scripts-Heaven_BAD/BadUSB-FalsePhilosopher/Misc/Web/Pasta/output/users/Madmouse/nao_e_duckyscript/raw_pastebin_dump/Pastebin-p9cc6QyB.txt,move_to_subfolder,raw_pastebin_dump
sd_card_content/badusb_extra_payloads/data_exfiltration/Win/directly_ready/Bruce-Scripts-Heaven_BAD/BadUSB-FalsePhilosopher/Misc/Web/Pasta/output/users/Madmouse/Pastebin-Z1XZZzKw.txt,sd_card_content/badusb_extra_payloads/data_exfiltration/Win/directly_ready/Bruce-Scripts-Heaven_BAD/BadUSB-FalsePhilosopher/Misc/Web/Pasta/output/users/Madmouse/nao_e_duckyscript/raw_pastebin_dump/Pastebin-Z1XZZzKw.txt,move_to_subfolder,raw_pastebin_dump
sd_card_content/badusb_extra_payloads/data_exfiltration/Win/directly_ready/Bruce-Scripts-Heaven_BAD/BadUSB-FalsePhilosopher/Misc/Web/Pasta/output/users/Madmouse/Pastebin-VzfAZeUf.txt,sd_card_content/badusb_extra_payloads/data_exfiltration/Win/directly_ready/Bruce-Scripts-Heaven_BAD/BadUSB-FalsePhilosopher/Misc/Web/Pasta/output/users/Madmouse/nao_e_duckyscript/raw_pastebin_dump/Pastebin-VzfAZeUf.txt,move_to_subfolder,raw_pastebin_dump
sd_card_content/badusb_extra_payloads/data_exfiltration/Win/directly_ready/Bruce-Scripts-Heaven_BAD/BadUSB-FalsePhilosopher/Misc/Web/Pasta/output/users/Madmouse/Pastebin-U0Db1HUZ.txt,sd_card_content/badusb_extra_payloads/data_exfiltration/Win/directly_ready/Bruce-Scripts-Heaven_BAD/BadUSB-FalsePhilosopher/Misc/Web/Pasta/output/users/Madmouse/nao_e_duckyscript/raw_pastebin_dump/Pastebin-U0Db1HUZ.txt,move_to_subfolder,raw_pastebin_dump
sd_card_content/badusb_extra_payloads/data_exfiltration/Win/directly_ready/Bruce-Scripts-Heaven_BAD/BadUSB-FalsePhilosopher/Misc/Web/Pasta/output/users/Madmouse/Pastebin-1qeChaf1.txt,sd_card_content/badusb_extra_payloads/data_exfiltration/Win/directly_ready/Bruce-Scripts-Heaven_BAD/BadUSB-FalsePhilosopher/Misc/Web/Pasta/output/users/Madmouse/nao_e_duckyscript/raw_pastebin_dump/Pastebin-1qeChaf1.txt,move_to_subfolder,raw_pastebin_dump
sd_card_content/badusb_extra_payloads/data_exfiltration/Win/directly_ready/Bruce-Scripts-Heaven_BAD/BadUSB-FalsePhilosopher/Misc/Web/Pasta/output/users/Madmouse/Pastebin-W9hwkYx6.txt,sd_card_content/badusb_extra_payloads/data_exfiltration/Win/directly_ready/Bruce-Scripts-Heaven_BAD/BadUSB-FalsePhilosopher/Misc/Web/Pasta/output/users/Madmouse/nao_e_duckyscript/raw_pastebin_dump/Pastebin-W9hwkYx6.txt,move_to_subfolder,raw_pastebin_dump
sd_card_content/badusb_extra_payloads/data_exfiltration/Win/directly_ready/Bruce-Scripts-Heaven_BAD/BadUSB-FalsePhilosopher/Misc/Web/Pasta/output/users/Madmouse/Pastebin-zKuh3nd9.txt,sd_card_content/badusb_extra_payloads/data_exfiltration/Win/directly_ready/Bruce-Scripts-Heaven_BAD/BadUSB-FalsePhilosopher/Misc/Web/Pasta/output/users/Madmouse/nao_e_duckyscript/raw_pastebin_dump/Pastebin-zKuh3nd9.txt,move_to_subfolder,raw_pastebin_dump
sd_card_content/badusb_extra_payloads/data_exfiltration/Win/directly_ready/Bruce-Scripts-Heaven_BAD/BadUSB-FalsePhilosopher/Misc/Web/Pasta/output/users/Madmouse/Pastebin-LND3i41U.txt,sd_card_content/badusb_extra_payloads/data_exfiltration/Win/directly_ready/Bruce-Scripts-Heaven_BAD/BadUSB-FalsePhilosopher/Misc/Web/Pasta/output/users/Madmouse/nao_e_duckyscript/raw_pastebin_dump/Pastebin-LND3i41U.txt,move_to_subfolder,raw_pastebin_dump
sd_card_content/badusb_extra_payloads/data_exfiltration/Win/directly_ready/Bruce-Scripts-Heaven_BAD/BadUSB-FalsePhilosopher/Misc/Web/Pasta/output/users/Madmouse/Pastebin-rqKPijQS.txt,sd_card_content/badusb_extra_payloads/data_exfiltration/Win/directly_ready/Bruce-Scripts-Heaven_BAD/BadUSB-FalsePhilosopher/Misc/Web/Pasta/output/users/Madmouse/nao_e_duckyscript/raw_pastebin_dump/Pastebin-rqKPijQS.txt,move_to_subfolder,raw_pastebin_dump
sd_card_content/badusb_extra_payloads/data_exfiltration/Win/directly_ready/Bruce-Scripts-Heaven_BAD/BadUSB-FalsePhilosopher/Misc/Web/Pasta/output/users/Madmouse/Pastebin-Kpg97w1v.txt,sd_card_content/badusb_extra_payloads/data_exfiltration/Win/directly_ready/Bruce-Scripts-Heaven_BAD/BadUSB-FalsePhilosopher/Misc/Web/Pasta/output/users/Madmouse/nao_e_duckyscript/raw_pastebin_dump/Pastebin-Kpg97w1v.txt,move_to_subfolder,raw_pastebin_dump
sd_card_content/badusb_extra_payloads/data_exfiltration/Win/directly_ready/Bruce-Scripts-Heaven_BAD/BadUSB-FalsePhilosopher/Misc/Web/Pasta/output/users/Madmouse/Pastebin-K9ZBveYM.txt,sd_card_content/badusb_extra_payloads/data_exfiltration/Win/directly_ready/Bruce-Scripts-Heaven_BAD/BadUSB-FalsePhilosopher/Misc/Web/Pasta/output/users/Madmouse/nao_e_duckyscript/raw_pastebin_dump/Pastebin-K9ZBveYM.txt,move_to_subfolder,raw_pastebin_dump
sd_card_content/badusb_extra_payloads/data_exfiltration/Win/directly_ready/Bruce-Scripts-Heaven_BAD/BadUSB-FalsePhilosopher/Misc/Web/Pasta/output/users/Madmouse/Pastebin-ncESc0np.txt,sd_card_content/badusb_extra_payloads/data_exfiltration/Win/directly_ready/Bruce-Scripts-Heaven_BAD/BadUSB-FalsePhilosopher/Misc/Web/Pasta/output/users/Madmouse/nao_e_duckyscript/raw_pastebin_dump/Pastebin-ncESc0np.txt,move_to_subfolder,raw_pastebin_dump
sd_card_content/badusb_extra_payloads/data_exfiltration/Win/directly_ready/Bruce-Scripts-Heaven_BAD/BadUSB-FalsePhilosopher/Misc/Web/Pasta/output/users/Madmouse/Pastebin-a7hA9c4M.txt,sd_card_content/badusb_extra_payloads/data_exfiltration/Win/directly_ready/Bruce-Scripts-Heaven_BAD/BadUSB-FalsePhilosopher/Misc/Web/Pasta/output/users/Madmouse/nao_e_duckyscript/raw_pastebin_dump/Pastebin-a7hA9c4M.txt,move_to_subfolder,raw_pastebin_dump
sd_card_content/badusb_extra_payloads/data_exfiltration/Win/directly_ready/Bruce-Scripts-Heaven_BAD/BadUSB-FalsePhilosopher/Misc/Web/Pasta/output/users/Madmouse/Pastebin-UQry1K2z.txt,sd_card_content/badusb_extra_payloads/data_exfiltration/Win/directly_ready/Bruce-Scripts-Heaven_BAD/BadUSB-FalsePhilosopher/Misc/Web/Pasta/output/users/Madmouse/nao_e_duckyscript/raw_pastebin_dump/Pastebin-UQry1K2z.txt,move_to_subfolder,raw_pastebin_dump
sd_card_content/badusb_extra_payloads/data_exfiltration/Win/directly_ready/Bruce-Scripts-Heaven_BAD/BadUSB-FalsePhilosopher/Misc/Web/Pasta/output/users/Madmouse/Pastebin-WNqXdmtn.txt,sd_card_content/badusb_extra_payloads/data_exfiltration/Win/directly_ready/Bruce-Scripts-Heaven_BAD/BadUSB-FalsePhilosopher/Misc/Web/Pasta/output/users/Madmouse/nao_e_duckyscript/raw_pastebin_dump/Pastebin-WNqXdmtn.txt,move_to_subfolder,raw_pastebin_dump
sd_card_content/badusb_extra_payloads/data_exfiltration/Win/directly_ready/Bruce-Scripts-Heaven_BAD/BadUSB-FalsePhilosopher/Misc/Web/Pasta/output/users/Madmouse/Pastebin-7Hmvn3WE.txt,sd_card_content/badusb_extra_payloads/data_exfiltration/Win/directly_ready/Bruce-Scripts-Heaven_BAD/BadUSB-FalsePhilosopher/Misc/Web/Pasta/output/users/Madmouse/nao_e_duckyscript/raw_pastebin_dump/Pastebin-7Hmvn3WE.txt,move_to_subfolder,raw_pastebin_dump
sd_card_content/badusb_extra_payloads/data_exfiltration/Win/directly_ready/Bruce-Scripts-Heaven_BAD/BadUSB-FalsePhilosopher/Misc/Web/Pasta/output/users/Madmouse/Pastebin-XF6nZnp6.txt,sd_card_content/badusb_extra_payloads/data_exfiltration/Win/directly_ready/Bruce-Scripts-Heaven_BAD/BadUSB-FalsePhilosopher/Misc/Web/Pasta/output/users/Madmouse/nao_e_duckyscript/raw_pastebin_dump/Pastebin-XF6nZnp6.txt,move_to_subfolder,raw_pastebin_dump
sd_card_content/badusb_extra_payloads/data_exfiltration/Win/directly_ready/Bruce-Scripts-Heaven_BAD/BadUSB-FalsePhilosopher/Misc/Web/Pasta/output/users/Madmouse/Pastebin-tGMW0Anq.txt,sd_card_content/badusb_extra_payloads/data_exfiltration/Win/directly_ready/Bruce-Scripts-Heaven_BAD/BadUSB-FalsePhilosopher/Misc/Web/Pasta/output/users/Madmouse/nao_e_duckyscript/raw_pastebin_dump/Pastebin-tGMW0Anq.txt,move_to_subfolder,raw_pastebin_dump
sd_card_content/badusb_extra_payloads/data_exfiltration/Win/directly_ready/Bruce-Scripts-Heaven_BAD/BadUSB-FalsePhilosopher/Misc/Web/Pasta/output/users/Madmouse/Pastebin-pmG65m0h.txt,sd_card_content/badusb_extra_payloads/data_exfiltration/Win/directly_ready/Bruce-Scripts-Heaven_BAD/BadUSB-FalsePhilosopher/Misc/Web/Pasta/output/users/Madmouse/nao_e_duckyscript/raw_pastebin_dump/Pastebin-pmG65m0h.txt,move_to_subfolder,raw_pastebin_dump
sd_card_content/badusb_extra_payloads/data_exfiltration/Win/directly_ready/Bruce-Scripts-Heaven_BAD/BadUSB-FalsePhilosopher/Misc/Web/Pasta/output/users/Madmouse/Pastebin-9VbCtkcP.txt,sd_card_content/badusb_extra_payloads/data_exfiltration/Win/directly_ready/Bruce-Scripts-Heaven_BAD/BadUSB-FalsePhilosopher/Misc/Web/Pasta/output/users/Madmouse/nao_e_duckyscript/raw_pastebin_dump/Pastebin-9VbCtkcP.txt,move_to_subfolder,raw_pastebin_dump
sd_card_content/badusb_extra_payloads/data_exfiltration/Win/directly_ready/Bruce-Scripts-Heaven_BAD/BadUSB-FalsePhilosopher/Misc/Web/Pasta/output/users/Madmouse/Pastebin-B0bBdyjr.txt,sd_card_content/badusb_extra_payloads/data_exfiltration/Win/directly_ready/Bruce-Scripts-Heaven_BAD/BadUSB-FalsePhilosopher/Misc/Web/Pasta/output/users/Madmouse/nao_e_duckyscript/raw_pastebin_dump/Pastebin-B0bBdyjr.txt,move_to_subfolder,raw_pastebin_dump
sd_card_content/badusb_extra_payloads/data_exfiltration/Win/directly_ready/Bruce-Scripts-Heaven_BAD/BadUSB-FalsePhilosopher/Misc/Web/Pasta/output/users/Madmouse/Pastebin-7q4yExp0.txt,sd_card_content/badusb_extra_payloads/data_exfiltration/Win/directly_ready/Bruce-Scripts-Heaven_BAD/BadUSB-FalsePhilosopher/Misc/Web/Pasta/output/users/Madmouse/nao_e_duckyscript/raw_pastebin_dump/Pastebin-7q4yExp0.txt,move_to_subfolder,raw_pastebin_dump
sd_card_content/badusb_extra_payloads/data_exfiltration/Win/directly_ready/Bruce-Scripts-Heaven_BAD/BadUSB-FalsePhilosopher/Misc/Web/Pasta/output/users/Madmouse/Pastebin-CAFYWexg.txt,sd_card_content/badusb_extra_payloads/data_exfiltration/Win/directly_ready/Bruce-Scripts-Heaven_BAD/BadUSB-FalsePhilosopher/Misc/Web/Pasta/output/users/Madmouse/nao_e_duckyscript/raw_pastebin_dump/Pastebin-CAFYWexg.txt,move_to_subfolder,raw_pastebin_dump
sd_card_content/badusb_extra_payloads/data_exfiltration/Win/directly_ready/Bruce-Scripts-Heaven_BAD/BadUSB-FalsePhilosopher/Misc/Web/Pasta/output/users/Madmouse/Pastebin-iAYxjNdj.txt,sd_card_content/badusb_extra_payloads/data_exfiltration/Win/directly_ready/Bruce-Scripts-Heaven_BAD/BadUSB-FalsePhilosopher/Misc/Web/Pasta/output/users/Madmouse/nao_e_duckyscript/raw_pastebin_dump/Pastebin-iAYxjNdj.txt,move_to_subfolder,raw_pastebin_dump
sd_card_content/badusb_extra_payloads/data_exfiltration/Win/directly_ready/Bruce-Scripts-Heaven_BAD/BadUSB-FalsePhilosopher/Misc/Web/Pasta/output/users/Madmouse/Pastebin-43kHkHn9.txt,sd_card_content/badusb_extra_payloads/data_exfiltration/Win/directly_ready/Bruce-Scripts-Heaven_BAD/BadUSB-FalsePhilosopher/Misc/Web/Pasta/output/users/Madmouse/nao_e_duckyscript/raw_pastebin_dump/Pastebin-43kHkHn9.txt,move_to_subfolder,raw_pastebin_dump
sd_card_content/badusb_extra_payloads/data_exfiltration/Win/directly_ready/Bruce-Scripts-Heaven_BAD/BadUSB-FalsePhilosopher/Misc/Web/Pasta/output/users/Madmouse/Pastebin-2wSpNjFx.txt,sd_card_content/badusb_extra_payloads/data_exfiltration/Win/directly_ready/Bruce-Scripts-Heaven_BAD/BadUSB-FalsePhilosopher/Misc/Web/Pasta/output/users/Madmouse/nao_e_duckyscript/raw_pastebin_dump/Pastebin-2wSpNjFx.txt,move_to_subfolder,raw_pastebin_dump
sd_card_content/badusb_extra_payloads/data_exfiltration/Win/directly_ready/Bruce-Scripts-Heaven_BAD/BadUSB-FalsePhilosopher/Misc/Web/Pasta/output/users/Madmouse/Pastebin-pBtdT5tE.txt,sd_card_content/badusb_extra_payloads/data_exfiltration/Win/directly_ready/Bruce-Scripts-Heaven_BAD/BadUSB-FalsePhilosopher/Misc/Web/Pasta/output/users/Madmouse/nao_e_duckyscript/raw_pastebin_dump/Pastebin-pBtdT5tE.txt,move_to_subfolder,raw_pastebin_dump
sd_card_content/badusb_extra_payloads/data_exfiltration/Win/directly_ready/Bruce-Scripts-Heaven_BAD/BadUSB-FalsePhilosopher/Misc/Web/Pasta/output/users/Madmouse/Pastebin-kNE8X5qS.txt,sd_card_content/badusb_extra_payloads/data_exfiltration/Win/directly_ready/Bruce-Scripts-Heaven_BAD/BadUSB-FalsePhilosopher/Misc/Web/Pasta/output/users/Madmouse/nao_e_duckyscript/raw_pastebin_dump/Pastebin-kNE8X5qS.txt,move_to_subfolder,raw_pastebin_dump
sd_card_content/badusb_extra_payloads/data_exfiltration/Win/directly_ready/Bruce-Scripts-Heaven_BAD/BadUSB-FalsePhilosopher/Misc/Web/Pasta/output/users/Madmouse/Pastebin-DsJDiCpq.txt,sd_card_content/badusb_extra_payloads/data_exfiltration/Win/directly_ready/Bruce-Scripts-Heaven_BAD/BadUSB-FalsePhilosopher/Misc/Web/Pasta/output/users/Madmouse/nao_e_duckyscript/raw_pastebin_dump/Pastebin-DsJDiCpq.txt,move_to_subfolder,raw_pastebin_dump
sd_card_content/badusb_extra_payloads/data_exfiltration/Win/directly_ready/Bruce-Scripts-Heaven_BAD/BadUSB-FalsePhilosopher/Misc/Web/Pasta/output/users/Madmouse/Pastebin-jiam8sbU.txt,sd_card_content/badusb_extra_payloads/data_exfiltration/Win/directly_ready/Bruce-Scripts-Heaven_BAD/BadUSB-FalsePhilosopher/Misc/Web/Pasta/output/users/Madmouse/nao_e_duckyscript/raw_pastebin_dump/Pastebin-jiam8sbU.txt,move_to_subfolder,raw_pastebin_dump
sd_card_content/badusb_extra_payloads/data_exfiltration/Win/directly_ready/Bruce-Scripts-Heaven_BAD/BadUSB-FalsePhilosopher/Misc/Web/Pasta/output/users/Madmouse/Pastebin-pdXMXiYp.txt,sd_card_content/badusb_extra_payloads/data_exfiltration/Win/directly_ready/Bruce-Scripts-Heaven_BAD/BadUSB-FalsePhilosopher/Misc/Web/Pasta/output/users/Madmouse/nao_e_duckyscript/raw_pastebin_dump/Pastebin-pdXMXiYp.txt,move_to_subfolder,raw_pastebin_dump
sd_card_content/badusb_extra_payloads/data_exfiltration/Win/directly_ready/Bruce-Scripts-Heaven_BAD/BadUSB-FalsePhilosopher/Misc/Web/Pasta/output/users/Madmouse/Pastebin-GjEtr7WP.txt,sd_card_content/badusb_extra_payloads/data_exfiltration/Win/directly_ready/Bruce-Scripts-Heaven_BAD/BadUSB-FalsePhilosopher/Misc/Web/Pasta/output/users/Madmouse/nao_e_duckyscript/raw_pastebin_dump/Pastebin-GjEtr7WP.txt,move_to_subfolder,raw_pastebin_dump
sd_card_content/badusb_extra_payloads/data_exfiltration/Win/directly_ready/Bruce-Scripts-Heaven_BAD/BadUSB-FalsePhilosopher/Misc/Web/Pasta/output/users/Madmouse/Pastebin-UNhgHPb7.txt,sd_card_content/badusb_extra_payloads/data_exfiltration/Win/directly_ready/Bruce-Scripts-Heaven_BAD/BadUSB-FalsePhilosopher/Misc/Web/Pasta/output/users/Madmouse/nao_e_duckyscript/raw_pastebin_dump/Pastebin-UNhgHPb7.txt,move_to_subfolder,raw_pastebin_dump
sd_card_content/badusb_extra_payloads/data_exfiltration/Win/directly_ready/Bruce-Scripts-Heaven_BAD/BadUSB-FalsePhilosopher/Misc/Web/Pasta/output/users/Madmouse/Pastebin-8SnNf29W.txt,sd_card_content/badusb_extra_payloads/data_exfiltration/Win/directly_ready/Bruce-Scripts-Heaven_BAD/BadUSB-FalsePhilosopher/Misc/Web/Pasta/output/users/Madmouse/nao_e_duckyscript/raw_pastebin_dump/Pastebin-8SnNf29W.txt,move_to_subfolder,raw_pastebin_dump
sd_card_content/badusb_extra_payloads/data_exfiltration/Win/directly_ready/Bruce-Scripts-Heaven_BAD/BadUSB-FalsePhilosopher/Misc/Web/Pasta/output/users/Madmouse/Pastebin-9ynCmFJq.txt,sd_card_content/badusb_extra_payloads/data_exfiltration/Win/directly_ready/Bruce-Scripts-Heaven_BAD/BadUSB-FalsePhilosopher/Misc/Web/Pasta/output/users/Madmouse/nao_e_duckyscript/raw_pastebin_dump/Pastebin-9ynCmFJq.txt,move_to_subfolder,raw_pastebin_dump
sd_card_content/badusb_extra_payloads/data_exfiltration/Win/directly_ready/Bruce-Scripts-Heaven_BAD/BadUSB-FalsePhilosopher/Misc/Web/Pasta/output/users/Madmouse/Pastebin-uVdKbVdL.txt,sd_card_content/badusb_extra_payloads/data_exfiltration/Win/directly_ready/Bruce-Scripts-Heaven_BAD/BadUSB-FalsePhilosopher/Misc/Web/Pasta/output/users/Madmouse/nao_e_duckyscript/raw_pastebin_dump/Pastebin-uVdKbVdL.txt,move_to_subfolder,raw_pastebin_dump
sd_card_content/badusb_extra_payloads/data_exfiltration/Win/directly_ready/Bruce-Scripts-Heaven_BAD/BadUSB-FalsePhilosopher/Misc/Web/Pasta/output/users/Madmouse/Pastebin-msG4zxuU.txt,sd_card_content/badusb_extra_payloads/data_exfiltration/Win/directly_ready/Bruce-Scripts-Heaven_BAD/BadUSB-FalsePhilosopher/Misc/Web/Pasta/output/users/Madmouse/nao_e_duckyscript/raw_pastebin_dump/Pastebin-msG4zxuU.txt,move_to_subfolder,raw_pastebin_dump
sd_card_content/badusb_extra_payloads/data_exfiltration/Win/directly_ready/Bruce-Scripts-Heaven_BAD/BadUSB-FalsePhilosopher/Misc/Web/Pasta/output/users/Madmouse/Pastebin-mKFNRTra.txt,sd_card_content/badusb_extra_payloads/data_exfiltration/Win/directly_ready/Bruce-Scripts-Heaven_BAD/BadUSB-FalsePhilosopher/Misc/Web/Pasta/output/users/Madmouse/nao_e_duckyscript/raw_pastebin_dump/Pastebin-mKFNRTra.txt,move_to_subfolder,raw_pastebin_dump
sd_card_content/badusb_extra_payloads/data_exfiltration/Win/directly_ready/Bruce-Scripts-Heaven_BAD/BadUSB-FalsePhilosopher/Misc/Web/Pasta/output/users/Madmouse/Pastebin-HVBbbzhd.txt,sd_card_content/badusb_extra_payloads/data_exfiltration/Win/directly_ready/Bruce-Scripts-Heaven_BAD/BadUSB-FalsePhilosopher/Misc/Web/Pasta/output/users/Madmouse/nao_e_duckyscript/raw_pastebin_dump/Pastebin-HVBbbzhd.txt,move_to_subfolder,raw_pastebin_dump
sd_card_content/badusb_extra_payloads/data_exfiltration/Win/directly_ready/Bruce-Scripts-Heaven_BAD/BadUSB-FalsePhilosopher/Misc/Web/Pasta/output/users/Madmouse/Pastebin-C86TBcBt.txt,sd_card_content/badusb_extra_payloads/data_exfiltration/Win/directly_ready/Bruce-Scripts-Heaven_BAD/BadUSB-FalsePhilosopher/Misc/Web/Pasta/output/users/Madmouse/nao_e_duckyscript/raw_pastebin_dump/Pastebin-C86TBcBt.txt,move_to_subfolder,raw_pastebin_dump
sd_card_content/badusb_extra_payloads/data_exfiltration/Win/directly_ready/Bruce-Scripts-Heaven_BAD/BadUSB-FalsePhilosopher/Misc/Web/Pasta/output/users/Madmouse/Pastebin-rWHgMDWf.txt,sd_card_content/badusb_extra_payloads/data_exfiltration/Win/directly_ready/Bruce-Scripts-Heaven_BAD/BadUSB-FalsePhilosopher/Misc/Web/Pasta/output/users/Madmouse/nao_e_duckyscript/raw_pastebin_dump/Pastebin-rWHgMDWf.txt,move_to_subfolder,raw_pastebin_dump
sd_card_content/badusb_extra_payloads/data_exfiltration/Win/directly_ready/Bruce-Scripts-Heaven_BAD/BadUSB-FalsePhilosopher/Misc/Web/Pasta/output/users/Madmouse/Pastebin-gWmHVExW.txt,sd_card_content/badusb_extra_payloads/data_exfiltration/Win/directly_ready/Bruce-Scripts-Heaven_BAD/BadUSB-FalsePhilosopher/Misc/Web/Pasta/output/users/Madmouse/nao_e_duckyscript/raw_pastebin_dump/Pastebin-gWmHVExW.txt,move_to_subfolder,raw_pastebin_dump
sd_card_content/badusb_extra_payloads/data_exfiltration/Win/directly_ready/Bruce-Scripts-Heaven_BAD/BadUSB-FalsePhilosopher/Misc/Web/Pasta/output/users/Madmouse/Pastebin-Fhv8kU0i.txt,sd_card_content/badusb_extra_payloads/data_exfiltration/Win/directly_ready/Bruce-Scripts-Heaven_BAD/BadUSB-FalsePhilosopher/Misc/Web/Pasta/output/users/Madmouse/nao_e_duckyscript/raw_pastebin_dump/Pastebin-Fhv8kU0i.txt,move_to_subfolder,raw_pastebin_dump
sd_card_content/badusb_extra_payloads/data_exfiltration/Win/directly_ready/Bruce-Scripts-Heaven_BAD/BadUSB-FalsePhilosopher/Misc/Web/Pasta/output/users/Madmouse/Pastebin-2CtUepPn.txt,sd_card_content/badusb_extra_payloads/data_exfiltration/Win/directly_ready/Bruce-Scripts-Heaven_BAD/BadUSB-FalsePhilosopher/Misc/Web/Pasta/output/users/Madmouse/nao_e_duckyscript/raw_pastebin_dump/Pastebin-2CtUepPn.txt,move_to_subfolder,raw_pastebin_dump
sd_card_content/badusb_extra_payloads/data_exfiltration/Win/directly_ready/Bruce-Scripts-Heaven_BAD/BadUSB-FalsePhilosopher/Misc/Web/Pasta/output/users/Madmouse/Pastebin-dq4Bp9x0.txt,sd_card_content/badusb_extra_payloads/data_exfiltration/Win/directly_ready/Bruce-Scripts-Heaven_BAD/BadUSB-FalsePhilosopher/Misc/Web/Pasta/output/users/Madmouse/nao_e_duckyscript/raw_pastebin_dump/Pastebin-dq4Bp9x0.txt,move_to_subfolder,raw_pastebin_dump
sd_card_content/badusb_extra_payloads/data_exfiltration/Win/directly_ready/Bruce-Scripts-Heaven_BAD/BadUSB-FalsePhilosopher/Misc/Web/Pasta/output/users/Madmouse/Pastebin-1FJyjffU.txt,sd_card_content/badusb_extra_payloads/data_exfiltration/Win/directly_ready/Bruce-Scripts-Heaven_BAD/BadUSB-FalsePhilosopher/Misc/Web/Pasta/output/users/Madmouse/nao_e_duckyscript/raw_pastebin_dump/Pastebin-1FJyjffU.txt,move_to_subfolder,raw_pastebin_dump
sd_card_content/badusb_extra_payloads/data_exfiltration/Win/directly_ready/Bruce-Scripts-Heaven_BAD/BadUSB-FalsePhilosopher/Misc/Web/Pasta/output/users/Madmouse/Pastebin-ec4Hizdk.txt,sd_card_content/badusb_extra_payloads/data_exfiltration/Win/directly_ready/Bruce-Scripts-Heaven_BAD/BadUSB-FalsePhilosopher/Misc/Web/Pasta/output/users/Madmouse/nao_e_duckyscript/raw_pastebin_dump/Pastebin-ec4Hizdk.txt,move_to_subfolder,raw_pastebin_dump
sd_card_content/badusb_extra_payloads/data_exfiltration/Win/directly_ready/Bruce-Scripts-Heaven_BAD/BadUSB-FalsePhilosopher/Misc/Web/Pasta/output/users/Madmouse/Pastebin-s3Y9weQ6.txt,sd_card_content/badusb_extra_payloads/data_exfiltration/Win/directly_ready/Bruce-Scripts-Heaven_BAD/BadUSB-FalsePhilosopher/Misc/Web/Pasta/output/users/Madmouse/nao_e_duckyscript/raw_pastebin_dump/Pastebin-s3Y9weQ6.txt,move_to_subfolder,raw_pastebin_dump
sd_card_content/badusb_extra_payloads/data_exfiltration/Win/directly_ready/Bruce-Scripts-Heaven_BAD/BadUSB-FalsePhilosopher/Misc/Web/Pasta/output/users/Madmouse/Pastebin-ZvxWpZBU.txt,sd_card_content/badusb_extra_payloads/data_exfiltration/Win/directly_ready/Bruce-Scripts-Heaven_BAD/BadUSB-FalsePhilosopher/Misc/Web/Pasta/output/users/Madmouse/nao_e_duckyscript/raw_pastebin_dump/Pastebin-ZvxWpZBU.txt,move_to_subfolder,raw_pastebin_dump
sd_card_content/badusb_extra_payloads/data_exfiltration/Win/directly_ready/Bruce-Scripts-Heaven_BAD/BadUSB-FalsePhilosopher/Misc/Web/Pasta/output/users/Madmouse/Pastebin-u22JujKW.txt,sd_card_content/badusb_extra_payloads/data_exfiltration/Win/directly_ready/Bruce-Scripts-Heaven_BAD/BadUSB-FalsePhilosopher/Misc/Web/Pasta/output/users/Madmouse/nao_e_duckyscript/raw_pastebin_dump/Pastebin-u22JujKW.txt,move_to_subfolder,raw_pastebin_dump
sd_card_content/badusb_extra_payloads/data_exfiltration/Win/directly_ready/Bruce-Scripts-Heaven_BAD/BadUSB-FalsePhilosopher/Misc/Web/Pasta/output/users/Madmouse/Pastebin-mP7uSZm1.txt,sd_card_content/badusb_extra_payloads/data_exfiltration/Win/directly_ready/Bruce-Scripts-Heaven_BAD/BadUSB-FalsePhilosopher/Misc/Web/Pasta/output/users/Madmouse/nao_e_duckyscript/raw_pastebin_dump/Pastebin-mP7uSZm1.txt,move_to_subfolder,raw_pastebin_dump
sd_card_content/badusb_extra_payloads/data_exfiltration/Win/directly_ready/Bruce-Scripts-Heaven_BAD/BadUSB-FalsePhilosopher/Misc/Web/Pasta/output/users/Madmouse/Pastebin-0RPxfRYj.txt,sd_card_content/badusb_extra_payloads/data_exfiltration/Win/directly_ready/Bruce-Scripts-Heaven_BAD/BadUSB-FalsePhilosopher/Misc/Web/Pasta/output/users/Madmouse/nao_e_duckyscript/raw_pastebin_dump/Pastebin-0RPxfRYj.txt,move_to_subfolder,raw_pastebin_dump
sd_card_content/badusb_extra_payloads/data_exfiltration/Win/directly_ready/Bruce-Scripts-Heaven_BAD/BadUSB-FalsePhilosopher/Misc/Web/Pasta/output/users/Madmouse/Pastebin-dUTprv4B.txt,sd_card_content/badusb_extra_payloads/data_exfiltration/Win/directly_ready/Bruce-Scripts-Heaven_BAD/BadUSB-FalsePhilosopher/Misc/Web/Pasta/output/users/Madmouse/nao_e_duckyscript/raw_pastebin_dump/Pastebin-dUTprv4B.txt,move_to_subfolder,raw_pastebin_dump
sd_card_content/badusb_extra_payloads/data_exfiltration/Win/directly_ready/Bruce-Scripts-Heaven_BAD/BadUSB-FalsePhilosopher/Misc/Web/Pasta/output/users/Madmouse/Pastebin-VpPEv6re.txt,sd_card_content/badusb_extra_payloads/data_exfiltration/Win/directly_ready/Bruce-Scripts-Heaven_BAD/BadUSB-FalsePhilosopher/Misc/Web/Pasta/output/users/Madmouse/nao_e_duckyscript/raw_pastebin_dump/Pastebin-VpPEv6re.txt,move_to_subfolder,raw_pastebin_dump
sd_card_content/badusb_extra_payloads/data_exfiltration/Win/directly_ready/Bruce-Scripts-Heaven_BAD/BadUSB-FalsePhilosopher/Misc/Web/Pasta/output/users/Madmouse/Pastebin-atQcKxtj.txt,sd_card_content/badusb_extra_payloads/data_exfiltration/Win/directly_ready/Bruce-Scripts-Heaven_BAD/BadUSB-FalsePhilosopher/Misc/Web/Pasta/output/users/Madmouse/nao_e_duckyscript/raw_pastebin_dump/Pastebin-atQcKxtj.txt,move_to_subfolder,raw_pastebin_dump
sd_card_content/badusb_extra_payloads/data_exfiltration/Win/directly_ready/Bruce-Scripts-Heaven_BAD/BadUSB-FalsePhilosopher/Misc/Web/Pasta/output/users/Madmouse/Pastebin-T6rvctev.txt,sd_card_content/badusb_extra_payloads/data_exfiltration/Win/directly_ready/Bruce-Scripts-Heaven_BAD/BadUSB-FalsePhilosopher/Misc/Web/Pasta/output/users/Madmouse/nao_e_duckyscript/raw_pastebin_dump/Pastebin-T6rvctev.txt,move_to_subfolder,raw_pastebin_dump
sd_card_content/badusb_extra_payloads/data_exfiltration/Win/directly_ready/Bruce-Scripts-Heaven_BAD/BadUSB-FalsePhilosopher/Misc/Web/Pasta/output/users/Madmouse/Pastebin-snkru3PJ.txt,sd_card_content/badusb_extra_payloads/data_exfiltration/Win/directly_ready/Bruce-Scripts-Heaven_BAD/BadUSB-FalsePhilosopher/Misc/Web/Pasta/output/users/Madmouse/nao_e_duckyscript/raw_pastebin_dump/Pastebin-snkru3PJ.txt,move_to_subfolder,raw_pastebin_dump
sd_card_content/badusb_extra_payloads/data_exfiltration/Win/directly_ready/Bruce-Scripts-Heaven_BAD/BadUSB-FalsePhilosopher/Misc/Web/Pasta/output/users/Madmouse/Pastebin-8nf0eHdb.txt,sd_card_content/badusb_extra_payloads/data_exfiltration/Win/directly_ready/Bruce-Scripts-Heaven_BAD/BadUSB-FalsePhilosopher/Misc/Web/Pasta/output/users/Madmouse/nao_e_duckyscript/raw_pastebin_dump/Pastebin-8nf0eHdb.txt,move_to_subfolder,raw_pastebin_dump
sd_card_content/badusb_extra_payloads/data_exfiltration/Win/directly_ready/Bruce-Scripts-Heaven_BAD/BadUSB-FalsePhilosopher/Misc/Web/Pasta/output/users/Madmouse/Pastebin-D9uMHvtt.txt,sd_card_content/badusb_extra_payloads/data_exfiltration/Win/directly_ready/Bruce-Scripts-Heaven_BAD/BadUSB-FalsePhilosopher/Misc/Web/Pasta/output/users/Madmouse/nao_e_duckyscript/raw_pastebin_dump/Pastebin-D9uMHvtt.txt,move_to_subfolder,raw_pastebin_dump
sd_card_content/badusb_extra_payloads/data_exfiltration/Win/directly_ready/Bruce-Scripts-Heaven_BAD/BadUSB-FalsePhilosopher/Misc/Web/Pasta/output/users/Madmouse/Pastebin-SJ23mzqR.txt,sd_card_content/badusb_extra_payloads/data_exfiltration/Win/directly_ready/Bruce-Scripts-Heaven_BAD/BadUSB-FalsePhilosopher/Misc/Web/Pasta/output/users/Madmouse/nao_e_duckyscript/raw_pastebin_dump/Pastebin-SJ23mzqR.txt,move_to_subfolder,raw_pastebin_dump
sd_card_content/badusb_extra_payloads/data_exfiltration/Win/directly_ready/Bruce-Scripts-Heaven_BAD/BadUSB-FalsePhilosopher/Misc/Web/Pasta/output/users/Madmouse/Pastebin-Y2t6K6Td.txt,sd_card_content/badusb_extra_payloads/data_exfiltration/Win/directly_ready/Bruce-Scripts-Heaven_BAD/BadUSB-FalsePhilosopher/Misc/Web/Pasta/output/users/Madmouse/nao_e_duckyscript/raw_pastebin_dump/Pastebin-Y2t6K6Td.txt,move_to_subfolder,raw_pastebin_dump
sd_card_content/badusb_extra_payloads/data_exfiltration/Win/directly_ready/Bruce-Scripts-Heaven_BAD/BadUSB-FalsePhilosopher/Misc/Web/Pasta/output/users/Madmouse/Pastebin-7KGPsNZr.txt,sd_card_content/badusb_extra_payloads/data_exfiltration/Win/directly_ready/Bruce-Scripts-Heaven_BAD/BadUSB-FalsePhilosopher/Misc/Web/Pasta/output/users/Madmouse/nao_e_duckyscript/raw_pastebin_dump/Pastebin-7KGPsNZr.txt,move_to_subfolder,raw_pastebin_dump
sd_card_content/badusb_extra_payloads/data_exfiltration/Win/directly_ready/Bruce-Scripts-Heaven_BAD/BadUSB-FalsePhilosopher/Misc/Web/Pasta/output/users/Madmouse/Pastebin-Pjpg3K3W.txt,sd_card_content/badusb_extra_payloads/data_exfiltration/Win/directly_ready/Bruce-Scripts-Heaven_BAD/BadUSB-FalsePhilosopher/Misc/Web/Pasta/output/users/Madmouse/nao_e_duckyscript/raw_pastebin_dump/Pastebin-Pjpg3K3W.txt,move_to_subfolder,raw_pastebin_dump
sd_card_content/badusb_extra_payloads/data_exfiltration/Win/directly_ready/Bruce-Scripts-Heaven_BAD/BadUSB-FalsePhilosopher/Misc/Web/Pasta/output/users/Madmouse/Pastebin-hDTNX9rJ.txt,sd_card_content/badusb_extra_payloads/data_exfiltration/Win/directly_ready/Bruce-Scripts-Heaven_BAD/BadUSB-FalsePhilosopher/Misc/Web/Pasta/output/users/Madmouse/nao_e_duckyscript/raw_pastebin_dump/Pastebin-hDTNX9rJ.txt,move_to_subfolder,raw_pastebin_dump
sd_card_content/badusb_extra_payloads/data_exfiltration/Win/directly_ready/Bruce-Scripts-Heaven_BAD/BadUSB-FalsePhilosopher/Misc/Web/Pasta/output/users/Madmouse/Pastebin-1BdiW81T.txt,sd_card_content/badusb_extra_payloads/data_exfiltration/Win/directly_ready/Bruce-Scripts-Heaven_BAD/BadUSB-FalsePhilosopher/Misc/Web/Pasta/output/users/Madmouse/nao_e_duckyscript/raw_pastebin_dump/Pastebin-1BdiW81T.txt,move_to_subfolder,raw_pastebin_dump
sd_card_content/badusb_extra_payloads/data_exfiltration/Win/directly_ready/Bruce-Scripts-Heaven_BAD/BadUSB-FalsePhilosopher/Misc/Web/Pasta/output/users/Madmouse/Pastebin-PASGHn0z.txt,sd_card_content/badusb_extra_payloads/data_exfiltration/Win/directly_ready/Bruce-Scripts-Heaven_BAD/BadUSB-FalsePhilosopher/Misc/Web/Pasta/output/users/Madmouse/nao_e_duckyscript/raw_pastebin_dump/Pastebin-PASGHn0z.txt,move_to_subfolder,raw_pastebin_dump
sd_card_content/badusb_extra_payloads/data_exfiltration/Win/directly_ready/Bruce-Scripts-Heaven_BAD/BadUSB-FalsePhilosopher/Misc/Web/Pasta/output/users/Madmouse/Pastebin-BTSTa5Vi.txt,sd_card_content/badusb_extra_payloads/data_exfiltration/Win/directly_ready/Bruce-Scripts-Heaven_BAD/BadUSB-FalsePhilosopher/Misc/Web/Pasta/output/users/Madmouse/nao_e_duckyscript/raw_pastebin_dump/Pastebin-BTSTa5Vi.txt,move_to_subfolder,raw_pastebin_dump
sd_card_content/badusb_extra_payloads/data_exfiltration/Win/directly_ready/Bruce-Scripts-Heaven_BAD/BadUSB-FalsePhilosopher/Misc/Web/Pasta/output/users/Madmouse/Pastebin-5vZDbv98.txt,sd_card_content/badusb_extra_payloads/data_exfiltration/Win/directly_ready/Bruce-Scripts-Heaven_BAD/BadUSB-FalsePhilosopher/Misc/Web/Pasta/output/users/Madmouse/nao_e_duckyscript/raw_pastebin_dump/Pastebin-5vZDbv98.txt,move_to_subfolder,raw_pastebin_dump
sd_card_content/badusb_extra_payloads/data_exfiltration/Win/directly_ready/Bruce-Scripts-Heaven_BAD/BadUSB-FalsePhilosopher/Misc/Web/Pasta/output/users/Madmouse/Pastebin-d6nzQCyC.txt,sd_card_content/badusb_extra_payloads/data_exfiltration/Win/directly_ready/Bruce-Scripts-Heaven_BAD/BadUSB-FalsePhilosopher/Misc/Web/Pasta/output/users/Madmouse/nao_e_duckyscript/raw_pastebin_dump/Pastebin-d6nzQCyC.txt,move_to_subfolder,raw_pastebin_dump
sd_card_content/badusb_extra_payloads/data_exfiltration/Win/directly_ready/Bruce-Scripts-Heaven_BAD/BadUSB-FalsePhilosopher/Misc/Web/Pasta/output/users/Madmouse/Pastebin-KuzPBTMD.txt,sd_card_content/badusb_extra_payloads/data_exfiltration/Win/directly_ready/Bruce-Scripts-Heaven_BAD/BadUSB-FalsePhilosopher/Misc/Web/Pasta/output/users/Madmouse/nao_e_duckyscript/raw_pastebin_dump/Pastebin-KuzPBTMD.txt,move_to_subfolder,raw_pastebin_dump
sd_card_content/badusb_extra_payloads/data_exfiltration/Win/directly_ready/Bruce-Scripts-Heaven_BAD/BadUSB-FalsePhilosopher/Misc/Web/Pasta/output/users/Madmouse/Pastebin-DhbvWd4E.txt,sd_card_content/badusb_extra_payloads/data_exfiltration/Win/directly_ready/Bruce-Scripts-Heaven_BAD/BadUSB-FalsePhilosopher/Misc/Web/Pasta/output/users/Madmouse/nao_e_duckyscript/raw_pastebin_dump/Pastebin-DhbvWd4E.txt,move_to_subfolder,raw_pastebin_dump
sd_card_content/badusb_extra_payloads/data_exfiltration/Win/directly_ready/Bruce-Scripts-Heaven_BAD/BadUSB-FalsePhilosopher/Misc/Web/Pasta/output/users/Madmouse/Pastebin-YpQVkF25.txt,sd_card_content/badusb_extra_payloads/data_exfiltration/Win/directly_ready/Bruce-Scripts-Heaven_BAD/BadUSB-FalsePhilosopher/Misc/Web/Pasta/output/users/Madmouse/nao_e_duckyscript/raw_pastebin_dump/Pastebin-YpQVkF25.txt,move_to_subfolder,raw_pastebin_dump
sd_card_content/badusb_extra_payloads/data_exfiltration/Win/directly_ready/Bruce-Scripts-Heaven_BAD/BadUSB-FalsePhilosopher/Misc/Web/Pasta/output/users/Madmouse/Pastebin-B6D659yu.txt,sd_card_content/badusb_extra_payloads/data_exfiltration/Win/directly_ready/Bruce-Scripts-Heaven_BAD/BadUSB-FalsePhilosopher/Misc/Web/Pasta/output/users/Madmouse/nao_e_duckyscript/raw_pastebin_dump/Pastebin-B6D659yu.txt,move_to_subfolder,raw_pastebin_dump
sd_card_content/badusb_extra_payloads/data_exfiltration/Win/directly_ready/Bruce-Scripts-Heaven_BAD/BadUSB-FalsePhilosopher/Misc/Web/Pasta/output/users/Madmouse/Pastebin-U8s4CWB6.txt,sd_card_content/badusb_extra_payloads/data_exfiltration/Win/directly_ready/Bruce-Scripts-Heaven_BAD/BadUSB-FalsePhilosopher/Misc/Web/Pasta/output/users/Madmouse/nao_e_duckyscript/raw_pastebin_dump/Pastebin-U8s4CWB6.txt,move_to_subfolder,raw_pastebin_dump
sd_card_content/badusb_extra_payloads/data_exfiltration/Win/directly_ready/Bruce-Scripts-Heaven_BAD/BadUSB-FalsePhilosopher/Misc/Web/Pasta/output/users/Madmouse/Pastebin-eWW7qf0x.txt,sd_card_content/badusb_extra_payloads/data_exfiltration/Win/directly_ready/Bruce-Scripts-Heaven_BAD/BadUSB-FalsePhilosopher/Misc/Web/Pasta/output/users/Madmouse/nao_e_duckyscript/raw_pastebin_dump/Pastebin-eWW7qf0x.txt,move_to_subfolder,raw_pastebin_dump
sd_card_content/badusb_extra_payloads/data_exfiltration/Win/directly_ready/Bruce-Scripts-Heaven_BAD/BadUSB-FalsePhilosopher/Misc/Web/Pasta/output/users/Madmouse/Pastebin-fc6vcLub.txt,sd_card_content/badusb_extra_payloads/data_exfiltration/Win/directly_ready/Bruce-Scripts-Heaven_BAD/BadUSB-FalsePhilosopher/Misc/Web/Pasta/output/users/Madmouse/nao_e_duckyscript/raw_pastebin_dump/Pastebin-fc6vcLub.txt,move_to_subfolder,raw_pastebin_dump
sd_card_content/badusb_extra_payloads/data_exfiltration/Win/directly_ready/Bruce-Scripts-Heaven_BAD/BadUSB-FalsePhilosopher/Misc/Web/Pasta/output/users/Madmouse/Pastebin-B3JDHTzW.txt,sd_card_content/badusb_extra_payloads/data_exfiltration/Win/directly_ready/Bruce-Scripts-Heaven_BAD/BadUSB-FalsePhilosopher/Misc/Web/Pasta/output/users/Madmouse/nao_e_duckyscript/raw_pastebin_dump/Pastebin-B3JDHTzW.txt,move_to_subfolder,raw_pastebin_dump
sd_card_content/badusb_extra_payloads/data_exfiltration/Win/directly_ready/Bruce-Scripts-Heaven_BAD/Windows/Exfiltration/Tree_structure_of_the_operating_system/payload.txt,sd_card_content/badusb_extra_payloads/data_exfiltration/Win/directly_ready/Bruce-Scripts-Heaven_BAD/Windows/Exfiltration/Tree_structure_of_the_operating_system/sintaxe_extra_nao_suportada/payload.txt,move_to_subfolder,unsupported_ds3_or_unrecognized_syntax
sd_card_content/badusb_extra_payloads/data_exfiltration/Win/directly_ready/Bruce-Scripts-Heaven_BAD/exfiltration/Exfiltration-example4.txt,sd_card_content/badusb_extra_payloads/data_exfiltration/Win/directly_ready/Bruce-Scripts-Heaven_BAD/exfiltration/sintaxe_extra_nao_suportada/Exfiltration-example4.txt,move_to_subfolder,unsupported_ds3_or_unrecognized_syntax
sd_card_content/badusb_extra_payloads/data_exfiltration/Win/directly_ready/Bruce-Scripts-Heaven_BAD/exfiltration/Exfiltration-example1.txt,sd_card_content/badusb_extra_payloads/data_exfiltration/Win/directly_ready/Bruce-Scripts-Heaven_BAD/exfiltration/nao_e_duckyscript/bashbunny_syntax/Exfiltration-example1.txt,move_to_subfolder,bashbunny_syntax
sd_card_content/badusb_extra_payloads/data_exfiltration/Win/directly_ready/Bruce-Scripts-Heaven_BAD/atomiczsec-BadUSB/BashBunny/payloads/Priv-Paths/payload.txt,sd_card_content/badusb_extra_payloads/data_exfiltration/Win/directly_ready/Bruce-Scripts-Heaven_BAD/atomiczsec-BadUSB/BashBunny/payloads/Priv-Paths/sintaxe_extra_nao_suportada/payload.txt,move_to_subfolder,unsupported_ds3_or_unrecognized_syntax
sd_card_content/badusb_extra_payloads/data_exfiltration/Win/directly_ready/Bruce-Scripts-Heaven_BAD/atomiczsec-BadUSB/BashBunny/payloads/Spotify-Spy/payload.txt,sd_card_content/badusb_extra_payloads/data_exfiltration/Win/directly_ready/Bruce-Scripts-Heaven_BAD/atomiczsec-BadUSB/BashBunny/payloads/Spotify-Spy/sintaxe_extra_nao_suportada/payload.txt,move_to_subfolder,unsupported_ds3_or_unrecognized_syntax
sd_card_content/badusb_extra_payloads/data_exfiltration/Win/directly_ready/Bruce-Scripts-Heaven_BAD/atomiczsec-BadUSB/BashBunny/payloads/Bookmark-Hog/payload.txt,sd_card_content/badusb_extra_payloads/data_exfiltration/Win/directly_ready/Bruce-Scripts-Heaven_BAD/atomiczsec-BadUSB/BashBunny/payloads/Bookmark-Hog/nao_e_duckyscript/bashbunny_syntax/payload.txt,move_to_subfolder,bashbunny_syntax
sd_card_content/badusb_extra_payloads/data_exfiltration/Win/directly_ready/Bruce-Scripts-Heaven_BAD/atomiczsec-BadUSB/BashBunny/payloads/Browser-Grab/payload.txt,sd_card_content/badusb_extra_payloads/data_exfiltration/Win/directly_ready/Bruce-Scripts-Heaven_BAD/atomiczsec-BadUSB/BashBunny/payloads/Browser-Grab/sintaxe_extra_nao_suportada/payload.txt,move_to_subfolder,unsupported_ds3_or_unrecognized_syntax
sd_card_content/badusb_extra_payloads/data_exfiltration/Win/directly_ready/Bruce-Scripts-Heaven_BAD/omg-payloads-master/payloads/library/exfiltration/WiFi_Passwd_Grab/payload.txt,sd_card_content/badusb_extra_payloads/data_exfiltration/Win/directly_ready/Bruce-Scripts-Heaven_BAD/omg-payloads-master/payloads/library/exfiltration/WiFi_Passwd_Grab/sintaxe_extra_nao_suportada/payload.txt,move_to_subfolder,unsupported_ds3_or_unrecognized_syntax
sd_card_content/badusb_extra_payloads/data_exfiltration/Win/directly_ready/Bruce-Scripts-Heaven_BAD/omg-payloads-master/payloads/library/exfiltration/Hard_Con_Exfil/payload.txt,sd_card_content/badusb_extra_payloads/data_exfiltration/Win/directly_ready/Bruce-Scripts-Heaven_BAD/omg-payloads-master/payloads/library/exfiltration/Hard_Con_Exfil/sintaxe_extra_nao_suportada/payload.txt,move_to_subfolder,unsupported_ds3_or_unrecognized_syntax
sd_card_content/badusb_extra_payloads/data_exfiltration/Win/configuration_needed/BadUsb-Library/duckyscript.txt,sd_card_content/badusb_extra_payloads/data_exfiltration/Win/configuration_needed/BadUsb-Library/sintaxe_extra_nao_suportada/duckyscript.txt,move_to_subfolder,unsupported_ds3_or_unrecognized_syntax
sd_card_content/badusb_extra_payloads/data_exfiltration/Win/configuration_needed/Bruce-Scripts-Heaven_BAD/BadUSB-FalsePhilosopher/BashBunny/payloads/library/exfiltration/SanDisk-Wireless-Stick_Exfiltration/payload.txt,sd_card_content/badusb_extra_payloads/data_exfiltration/Win/configuration_needed/Bruce-Scripts-Heaven_BAD/BadUSB-FalsePhilosopher/BashBunny/payloads/library/exfiltration/SanDisk-Wireless-Stick_Exfiltration/nao_e_duckyscript/bashbunny_syntax/payload.txt,move_to_subfolder,bashbunny_syntax
sd_card_content/badusb_extra_payloads/data_exfiltration/Win/configuration_needed/Bruce-Scripts-Heaven_BAD/Win_Hid_ImgOverKey/payload.txt,sd_card_content/badusb_extra_payloads/data_exfiltration/Win/configuration_needed/Bruce-Scripts-Heaven_BAD/Win_Hid_ImgOverKey/nao_e_duckyscript/bashbunny_syntax/payload.txt,move_to_subfolder,bashbunny_syntax
sd_card_content/badusb_extra_payloads/data_exfiltration/Android/directly_ready/Bruce-Scripts-Heaven_BAD/BadUSB-FalsePhilosopher/Misc/Web/Pasta/output/users/Madmouse/Pastebin-sjZyUkmn.txt,sd_card_content/badusb_extra_payloads/data_exfiltration/Android/directly_ready/Bruce-Scripts-Heaven_BAD/BadUSB-FalsePhilosopher/Misc/Web/Pasta/output/users/Madmouse/nao_e_duckyscript/raw_pastebin_dump/Pastebin-sjZyUkmn.txt,move_to_subfolder,raw_pastebin_dump
sd_card_content/badusb_extra_payloads/data_exfiltration/Android/directly_ready/Bruce-Scripts-Heaven_BAD/BadUSB-FalsePhilosopher/Misc/Web/Pasta/output/users/Madmouse/Pastebin-arJbLuy5.txt,sd_card_content/badusb_extra_payloads/data_exfiltration/Android/directly_ready/Bruce-Scripts-Heaven_BAD/BadUSB-FalsePhilosopher/Misc/Web/Pasta/output/users/Madmouse/nao_e_duckyscript/raw_pastebin_dump/Pastebin-arJbLuy5.txt,move_to_subfolder,raw_pastebin_dump
sd_card_content/badusb_extra_payloads/data_exfiltration/iOS/directly_ready/Bruce-Scripts-Heaven_BAD/BadUSB-FalsePhilosopher/Misc/Web/Pasta/output/users/Madmouse/Pastebin-AMK2GbSj.txt,sd_card_content/badusb_extra_payloads/data_exfiltration/iOS/directly_ready/Bruce-Scripts-Heaven_BAD/BadUSB-FalsePhilosopher/Misc/Web/Pasta/output/users/Madmouse/nao_e_duckyscript/raw_pastebin_dump/Pastebin-AMK2GbSj.txt,move_to_subfolder,raw_pastebin_dump
sd_card_content/badusb_extra_payloads/utilities/Unix-like/macOS/directly_ready/Bruce-Scripts-Heaven_BAD/MacOS-narstybits/Goodusb/All Applications at once.txt,sd_card_content/badusb_extra_payloads/utilities/Unix-like/macOS/directly_ready/Bruce-Scripts-Heaven_BAD/MacOS-narstybits/Goodusb/flipper_only/All Applications at once.txt,move_to_subfolder,works_only_on_flipper
sd_card_content/badusb_extra_payloads/utilities/Unix-like/macOS/directly_ready/Bruce-Scripts-Heaven_BAD/MacOS-narstybits/Goodusb/AudioInfo.ducky.txt,sd_card_content/badusb_extra_payloads/utilities/Unix-like/macOS/directly_ready/Bruce-Scripts-Heaven_BAD/MacOS-narstybits/Goodusb/flipper_only/AudioInfo.ducky.txt,move_to_subfolder,works_only_on_flipper
sd_card_content/badusb_extra_payloads/utilities/Unix-like/macOS/directly_ready/Bruce-Scripts-Heaven_BAD/MacOS-narstybits/Goodusb/Gmail Address Generator.txt,sd_card_content/badusb_extra_payloads/utilities/Unix-like/macOS/directly_ready/Bruce-Scripts-Heaven_BAD/MacOS-narstybits/Goodusb/flipper_only/Gmail Address Generator.txt,move_to_subfolder,works_only_on_flipper
sd_card_content/badusb_extra_payloads/utilities/Unix-like/macOS/directly_ready/Bruce-Scripts-Heaven_BAD/MacOS-narstybits/Goodusb/Htop Digital Dashboard.txt,sd_card_content/badusb_extra_payloads/utilities/Unix-like/macOS/directly_ready/Bruce-Scripts-Heaven_BAD/MacOS-narstybits/Goodusb/flipper_only/Htop Digital Dashboard.txt,move_to_subfolder,works_only_on_flipper
sd_card_content/badusb_extra_payloads/utilities/Unix-like/macOS/directly_ready/Bruce-Scripts-Heaven_BAD/MacOS-narstybits/Goodusb/MacUpdaterBot+.txt,sd_card_content/badusb_extra_payloads/utilities/Unix-like/macOS/directly_ready/Bruce-Scripts-Heaven_BAD/MacOS-narstybits/Goodusb/flipper_only/MacUpdaterBot+.txt,move_to_subfolder,works_only_on_flipper
sd_card_content/badusb_extra_payloads/utilities/Unix-like/macOS/directly_ready/Bruce-Scripts-Heaven_BAD/MacOS-narstybits/Goodusb/Toggle Wifi.txt,sd_card_content/badusb_extra_payloads/utilities/Unix-like/macOS/directly_ready/Bruce-Scripts-Heaven_BAD/MacOS-narstybits/Goodusb/flipper_only/Toggle Wifi.txt,move_to_subfolder,works_only_on_flipper
sd_card_content/badusb_extra_payloads/utilities/Unix-like/macOS/directly_ready/Bruce-Scripts-Heaven_BAD/MacOS-narstybits/Goodusb/Vtop Enhanced Dashboard.txt,sd_card_content/badusb_extra_payloads/utilities/Unix-like/macOS/directly_ready/Bruce-Scripts-Heaven_BAD/MacOS-narstybits/Goodusb/flipper_only/Vtop Enhanced Dashboard.txt,move_to_subfolder,works_only_on_flipper
sd_card_content/badusb_extra_payloads/utilities/Unix-like/macOS/directly_ready/Bruce-Scripts-Heaven_BAD/MacOS-narstybits/Goodusb/Quick Lock Screen.txt,sd_card_content/badusb_extra_payloads/utilities/Unix-like/macOS/directly_ready/Bruce-Scripts-Heaven_BAD/MacOS-narstybits/Goodusb/flipper_only/Quick Lock Screen.txt,move_to_subfolder,works_only_on_flipper
sd_card_content/badusb_extra_payloads/utilities/Unix-like/macOS/directly_ready/Bruce-Scripts-Heaven_BAD/MacOS-narstybits/Goodusb/GTOP Monitoring Dashboard.txt,sd_card_content/badusb_extra_payloads/utilities/Unix-like/macOS/directly_ready/Bruce-Scripts-Heaven_BAD/MacOS-narstybits/Goodusb/flipper_only/GTOP Monitoring Dashboard.txt,move_to_subfolder,works_only_on_flipper
sd_card_content/badusb_extra_payloads/utilities/Unix-like/macOS/directly_ready/Bruce-Scripts-Heaven_BAD/MacOS-narstybits/Goodusb/ClearNotCLose.txt,sd_card_content/badusb_extra_payloads/utilities/Unix-like/macOS/directly_ready/Bruce-Scripts-Heaven_BAD/MacOS-narstybits/Goodusb/flipper_only/ClearNotCLose.txt,move_to_subfolder,works_only_on_flipper
sd_card_content/badusb_extra_payloads/utilities/Unix-like/macOS/directly_ready/Bruce-Scripts-Heaven_BAD/MacOS-narstybits/Goodusb/Homebrew Manager - Streamline Your macOS Package Updates.txt,sd_card_content/badusb_extra_payloads/utilities/Unix-like/macOS/directly_ready/Bruce-Scripts-Heaven_BAD/MacOS-narstybits/Goodusb/flipper_only/Homebrew Manager - Streamline Your macOS Package Updates.txt,move_to_subfolder,works_only_on_flipper
sd_card_content/badusb_extra_payloads/utilities/Unix-like/macOS/directly_ready/Bruce-Scripts-Heaven_BAD/MacOS-narstybits/Goodusb/Dark Mode Toggler.txt,sd_card_content/badusb_extra_payloads/utilities/Unix-like/macOS/directly_ready/Bruce-Scripts-Heaven_BAD/MacOS-narstybits/Goodusb/flipper_only/Dark Mode Toggler.txt,move_to_subfolder,works_only_on_flipper
sd_card_content/badusb_extra_payloads/utilities/Unix-like/macOS/directly_ready/Bruce-Scripts-Heaven_BAD/MacOS-narstybits/Goodusb/Desktop Organizer.txt,sd_card_content/badusb_extra_payloads/utilities/Unix-like/macOS/directly_ready/Bruce-Scripts-Heaven_BAD/MacOS-narstybits/Goodusb/flipper_only/Desktop Organizer.txt,move_to_subfolder,works_only_on_flipper
sd_card_content/badusb_extra_payloads/utilities/Unix-like/macOS/directly_ready/Bruce-Scripts-Heaven_BAD/MacOS-narstybits/Goodusb/Password Generator.txt,sd_card_content/badusb_extra_payloads/utilities/Unix-like/macOS/directly_ready/Bruce-Scripts-Heaven_BAD/MacOS-narstybits/Goodusb/flipper_only/Password Generator.txt,move_to_subfolder,works_only_on_flipper
sd_card_content/badusb_extra_payloads/utilities/Unix-like/macOS/directly_ready/Bruce-Scripts-Heaven_BAD/MacOS-narstybits/Goodusb/WIndow Organizer.txt,sd_card_content/badusb_extra_payloads/utilities/Unix-like/macOS/directly_ready/Bruce-Scripts-Heaven_BAD/MacOS-narstybits/Goodusb/flipper_only/WIndow Organizer.txt,move_to_subfolder,works_only_on_flipper
sd_card_content/badusb_extra_payloads/utilities/Unix-like/macOS/directly_ready/Bruce-Scripts-Heaven_BAD/MacOS-narstybits/Goodusb/MacUpdaterBot.txt,sd_card_content/badusb_extra_payloads/utilities/Unix-like/macOS/directly_ready/Bruce-Scripts-Heaven_BAD/MacOS-narstybits/Goodusb/flipper_only/MacUpdaterBot.txt,move_to_subfolder,works_only_on_flipper
sd_card_content/badusb_extra_payloads/utilities/Unix-like/macOS/directly_ready/Bruce-Scripts-Heaven_BAD/MacOS-narstybits/Executions/DarkStorm bruteforce I.P.txt,sd_card_content/badusb_extra_payloads/utilities/Unix-like/macOS/directly_ready/Bruce-Scripts-Heaven_BAD/MacOS-narstybits/Executions/flipper_only/DarkStorm bruteforce I.P.txt,move_to_subfolder,works_only_on_flipper
sd_card_content/badusb_extra_payloads/utilities/Win/directly_ready/BadUsb-Library/super_mario_notes.txt,sd_card_content/badusb_extra_payloads/utilities/Win/directly_ready/BadUsb-Library/sintaxe_extra_nao_suportada/super_mario_notes.txt,move_to_subfolder,unsupported_ds3_or_unrecognized_syntax
sd_card_content/badusb_extra_payloads/utilities/Win/directly_ready/BadUsb-Library/game_of_thrones_notes.txt,sd_card_content/badusb_extra_payloads/utilities/Win/directly_ready/BadUsb-Library/sintaxe_extra_nao_suportada/game_of_thrones_notes.txt,move_to_subfolder,unsupported_ds3_or_unrecognized_syntax
sd_card_content/badusb_extra_payloads/utilities/Win/directly_ready/BadUsb-Library/Hotfixes-List-Warning.txt,sd_card_content/badusb_extra_payloads/utilities/Win/directly_ready/BadUsb-Library/Hotfixes-List-Warning.txt,edit_in_place,hash_comment_to_REM
sd_card_content/badusb_extra_payloads/utilities/Win/directly_ready/Bruce-Scripts-Heaven_BAD/BadUSB-FalsePhilosopher/WHID/Library/Base/macidentifykb.txt,sd_card_content/badusb_extra_payloads/utilities/Win/directly_ready/Bruce-Scripts-Heaven_BAD/BadUSB-FalsePhilosopher/WHID/Library/Base/nao_e_duckyscript/whid_injector_syntax/macidentifykb.txt,move_to_subfolder,whid_injector_syntax
sd_card_content/badusb_extra_payloads/utilities/Win/directly_ready/Bruce-Scripts-Heaven_BAD/BadUSB-FalsePhilosopher/BashBunny/payloads/library/general/Bluetooth2/payload.txt,sd_card_content/badusb_extra_payloads/utilities/Win/directly_ready/Bruce-Scripts-Heaven_BAD/BadUSB-FalsePhilosopher/BashBunny/payloads/library/general/Bluetooth2/nao_e_duckyscript/bashbunny_syntax/payload.txt,move_to_subfolder,bashbunny_syntax
sd_card_content/badusb_extra_payloads/utilities/Win/directly_ready/Bruce-Scripts-Heaven_BAD/BadUSB-FalsePhilosopher/Misc/Cheat_Sheets/PayloadsAllTheThings/Open Redirect/Intruder/open_redirect_wordlist.txt,sd_card_content/badusb_extra_payloads/utilities/Win/directly_ready/Bruce-Scripts-Heaven_BAD/BadUSB-FalsePhilosopher/Misc/Cheat_Sheets/PayloadsAllTheThings/Open Redirect/Intruder/nao_e_duckyscript/reference_material_not_payload/open_redirect_wordlist.txt,move_to_subfolder,reference_material_not_payload
sd_card_content/badusb_extra_payloads/utilities/Win/directly_ready/Bruce-Scripts-Heaven_BAD/BadUSB-FalsePhilosopher/Misc/Win/Defeat-Defender-V1.2/banner.txt,sd_card_content/badusb_extra_payloads/utilities/Win/directly_ready/Bruce-Scripts-Heaven_BAD/BadUSB-FalsePhilosopher/Misc/Win/Defeat-Defender-V1.2/sintaxe_extra_nao_suportada/banner.txt,move_to_subfolder,unsupported_ds3_or_unrecognized_syntax
sd_card_content/badusb_extra_payloads/utilities/Win/directly_ready/Bruce-Scripts-Heaven_BAD/PUBLIC-SERVICE-ANNOUNCEMENT/a_friendly_psa.txt,sd_card_content/badusb_extra_payloads/utilities/Win/directly_ready/Bruce-Scripts-Heaven_BAD/PUBLIC-SERVICE-ANNOUNCEMENT/sintaxe_extra_nao_suportada/a_friendly_psa.txt,move_to_subfolder,unsupported_ds3_or_unrecognized_syntax
sd_card_content/badusb_extra_payloads/utilities/Android/directly_ready/Bruce-Scripts-Heaven_BAD/Phone/Android/Explorerspam.txt,sd_card_content/badusb_extra_payloads/utilities/Android/directly_ready/Bruce-Scripts-Heaven_BAD/Phone/Android/sintaxe_extra_nao_suportada/Explorerspam.txt,move_to_subfolder,unsupported_ds3_or_unrecognized_syntax
sd_card_content/badusb_extra_payloads/utilities/Android/directly_ready/Bruce-Scripts-Heaven_BAD/BadUSB/FLIZZ3R/FLIZAPPAUTO.txt,sd_card_content/badusb_extra_payloads/utilities/Android/directly_ready/Bruce-Scripts-Heaven_BAD/BadUSB/FLIZZ3R/sintaxe_extra_nao_suportada/FLIZAPPAUTO.txt,move_to_subfolder,unsupported_ds3_or_unrecognized_syntax
sd_card_content/badusb_extra_payloads/collection/Unix-like/macOS/directly_ready/BadUsb-Library/Screen-Recorder.txt,sd_card_content/badusb_extra_payloads/collection/Unix-like/macOS/directly_ready/BadUsb-Library/sintaxe_extra_nao_suportada/Screen-Recorder.txt,move_to_subfolder,unsupported_ds3_or_unrecognized_syntax
sd_card_content/badusb_extra_payloads/collection/Unix-like/macOS/directly_ready/Bruce-Scripts-Heaven_BAD/MacOS-narstybits/Goodusb/MacOS ScreenShot.txt,sd_card_content/badusb_extra_payloads/collection/Unix-like/macOS/directly_ready/Bruce-Scripts-Heaven_BAD/MacOS-narstybits/Goodusb/flipper_only/MacOS ScreenShot.txt,move_to_subfolder,works_only_on_flipper
sd_card_content/badusb_extra_payloads/collection/Unix-like/macOS/directly_ready/Bruce-Scripts-Heaven_BAD/BadUSB-FalsePhilosopher/BashBunny/payloads/library/credentials/MacPass/requirements.txt,sd_card_content/badusb_extra_payloads/collection/Unix-like/macOS/directly_ready/Bruce-Scripts-Heaven_BAD/BadUSB-FalsePhilosopher/BashBunny/payloads/library/credentials/MacPass/sintaxe_extra_nao_suportada/requirements.txt,move_to_subfolder,unsupported_ds3_or_unrecognized_syntax
sd_card_content/badusb_extra_payloads/collection/Unix-like/macOS/directly_ready/Bruce-Scripts-Heaven_BAD/BadUSB-FalsePhilosopher/BashBunny/payloads/library/credentials/MacPass/payload.txt,sd_card_content/badusb_extra_payloads/collection/Unix-like/macOS/directly_ready/Bruce-Scripts-Heaven_BAD/BadUSB-FalsePhilosopher/BashBunny/payloads/library/credentials/MacPass/nao_e_duckyscript/bashbunny_syntax/payload.txt,move_to_subfolder,bashbunny_syntax
sd_card_content/badusb_extra_payloads/collection/Unix-like/macOS/directly_ready/Bruce-Scripts-Heaven_BAD/BadUSB-FalsePhilosopher/BashBunny/payloads/library/credentials/macinfograbber/payload.txt,sd_card_content/badusb_extra_payloads/collection/Unix-like/macOS/directly_ready/Bruce-Scripts-Heaven_BAD/BadUSB-FalsePhilosopher/BashBunny/payloads/library/credentials/macinfograbber/nao_e_duckyscript/bashbunny_syntax/payload.txt,move_to_subfolder,bashbunny_syntax
sd_card_content/badusb_extra_payloads/collection/Unix-like/macOS/directly_ready/Bruce-Scripts-Heaven_BAD/BadUSB-FalsePhilosopher/BashBunny/payloads/library/credentials/BunnyTap/payload.txt,sd_card_content/badusb_extra_payloads/collection/Unix-like/macOS/directly_ready/Bruce-Scripts-Heaven_BAD/BadUSB-FalsePhilosopher/BashBunny/payloads/library/credentials/BunnyTap/nao_e_duckyscript/bashbunny_syntax/payload.txt,move_to_subfolder,bashbunny_syntax
sd_card_content/badusb_extra_payloads/collection/Unix-like/macOS/directly_ready/Bruce-Scripts-Heaven_BAD/BadUSB-FalsePhilosopher/BashBunny/payloads/library/credentials/QuickCreds/payload.txt,sd_card_content/badusb_extra_payloads/collection/Unix-like/macOS/directly_ready/Bruce-Scripts-Heaven_BAD/BadUSB-FalsePhilosopher/BashBunny/payloads/library/credentials/QuickCreds/nao_e_duckyscript/bashbunny_syntax/payload.txt,move_to_subfolder,bashbunny_syntax
sd_card_content/badusb_extra_payloads/collection/Unix-like/macOS/directly_ready/Bruce-Scripts-Heaven_BAD/BadUSB-FalsePhilosopher/BashBunny/payloads/library/credentials/bushingsBlueTurtle/payload.txt,sd_card_content/badusb_extra_payloads/collection/Unix-like/macOS/directly_ready/Bruce-Scripts-Heaven_BAD/BadUSB-FalsePhilosopher/BashBunny/payloads/library/credentials/bushingsBlueTurtle/nao_e_duckyscript/bashbunny_syntax/payload.txt,move_to_subfolder,bashbunny_syntax
sd_card_content/badusb_extra_payloads/collection/Unix-like/macOS/directly_ready/Bruce-Scripts-Heaven_BAD/credentials/Unix-like/Osx/Sudograbber/sudograbber.txt,sd_card_content/badusb_extra_payloads/collection/Unix-like/macOS/directly_ready/Bruce-Scripts-Heaven_BAD/credentials/Unix-like/Osx/Sudograbber/sintaxe_extra_nao_suportada/sudograbber.txt,move_to_subfolder,unsupported_ds3_or_unrecognized_syntax
sd_card_content/badusb_extra_payloads/collection/Unix-like/macOS/configuration_needed/BadUsb-Library/Browser-History-Telegram.txt,sd_card_content/badusb_extra_payloads/collection/Unix-like/macOS/configuration_needed/BadUsb-Library/sintaxe_extra_nao_suportada/Browser-History-Telegram.txt,move_to_subfolder,unsupported_ds3_or_unrecognized_syntax
sd_card_content/badusb_extra_payloads/collection/Unix-like/Linux/directly_ready/Bruce-Scripts-Heaven_BAD/BadUSB-FalsePhilosopher/BashBunny/payloads/library/credentials/sshDump/payload.txt,sd_card_content/badusb_extra_payloads/collection/Unix-like/Linux/directly_ready/Bruce-Scripts-Heaven_BAD/BadUSB-FalsePhilosopher/BashBunny/payloads/library/credentials/sshDump/nao_e_duckyscript/bashbunny_syntax/payload.txt,move_to_subfolder,bashbunny_syntax
sd_card_content/badusb_extra_payloads/collection/Unix-like/Linux/directly_ready/Bruce-Scripts-Heaven_BAD/BadUSB-FalsePhilosopher/BashBunny/payloads/library/recon/LinuxInfoGrabber/payload.txt,sd_card_content/badusb_extra_payloads/collection/Unix-like/Linux/directly_ready/Bruce-Scripts-Heaven_BAD/BadUSB-FalsePhilosopher/BashBunny/payloads/library/recon/LinuxInfoGrabber/nao_e_duckyscript/bashbunny_syntax/payload.txt,move_to_subfolder,bashbunny_syntax
sd_card_content/badusb_extra_payloads/collection/Win/directly_ready/Bruce-Scripts-Heaven_BAD/Cookie-Stealer.txt,sd_card_content/badusb_extra_payloads/collection/Win/directly_ready/Bruce-Scripts-Heaven_BAD/sintaxe_extra_nao_suportada/Cookie-Stealer.txt,move_to_subfolder,unsupported_ds3_or_unrecognized_syntax
sd_card_content/badusb_extra_payloads/collection/Win/directly_ready/Bruce-Scripts-Heaven_BAD/BadUSB-FalsePhilosopher/OMG/Library/credentials/wifigrabber/payload.txt,sd_card_content/badusb_extra_payloads/collection/Win/directly_ready/Bruce-Scripts-Heaven_BAD/BadUSB-FalsePhilosopher/OMG/Library/credentials/wifigrabber/sintaxe_extra_nao_suportada/payload.txt,move_to_subfolder,unsupported_ds3_or_unrecognized_syntax
sd_card_content/badusb_extra_payloads/collection/Win/directly_ready/Bruce-Scripts-Heaven_BAD/BadUSB-FalsePhilosopher/OMG/Library/credentials/Harvester_OF_SORROW/payload.txt,sd_card_content/badusb_extra_payloads/collection/Win/directly_ready/Bruce-Scripts-Heaven_BAD/BadUSB-FalsePhilosopher/OMG/Library/credentials/Harvester_OF_SORROW/sintaxe_extra_nao_suportada/payload.txt,move_to_subfolder,unsupported_ds3_or_unrecognized_syntax
sd_card_content/badusb_extra_payloads/collection/Win/directly_ready/Bruce-Scripts-Heaven_BAD/BadUSB-FalsePhilosopher/WHID/Library/windows/Mimikatz.txt,sd_card_content/badusb_extra_payloads/collection/Win/directly_ready/Bruce-Scripts-Heaven_BAD/BadUSB-FalsePhilosopher/WHID/Library/windows/nao_e_duckyscript/whid_injector_syntax/Mimikatz.txt,move_to_subfolder,whid_injector_syntax
sd_card_content/badusb_extra_payloads/collection/Win/directly_ready/Bruce-Scripts-Heaven_BAD/BadUSB-FalsePhilosopher/WHID/Library/windows/MimikatzScr.txt,sd_card_content/badusb_extra_payloads/collection/Win/directly_ready/Bruce-Scripts-Heaven_BAD/BadUSB-FalsePhilosopher/WHID/Library/windows/nao_e_duckyscript/whid_injector_syntax/MimikatzScr.txt,move_to_subfolder,whid_injector_syntax
sd_card_content/badusb_extra_payloads/collection/Win/directly_ready/Bruce-Scripts-Heaven_BAD/BadUSB-FalsePhilosopher/Ducky/Ducky-Framework/payloads/win/winPassGrabber/winPassGrabber.txt,sd_card_content/badusb_extra_payloads/collection/Win/directly_ready/Bruce-Scripts-Heaven_BAD/BadUSB-FalsePhilosopher/Ducky/Ducky-Framework/payloads/win/winPassGrabber/sintaxe_extra_nao_suportada/winPassGrabber.txt,move_to_subfolder,unsupported_ds3_or_unrecognized_syntax
sd_card_content/badusb_extra_payloads/collection/Win/directly_ready/Bruce-Scripts-Heaven_BAD/BadUSB-FalsePhilosopher/BashBunny/payloads/library/execution/PrintNightmare/payload.txt,sd_card_content/badusb_extra_payloads/collection/Win/directly_ready/Bruce-Scripts-Heaven_BAD/BadUSB-FalsePhilosopher/BashBunny/payloads/library/execution/PrintNightmare/nao_e_duckyscript/bashbunny_syntax/payload.txt,move_to_subfolder,bashbunny_syntax
sd_card_content/badusb_extra_payloads/collection/Win/directly_ready/Bruce-Scripts-Heaven_BAD/BadUSB-FalsePhilosopher/BashBunny/payloads/library/credentials/HashDumpBunny/payload.txt,sd_card_content/badusb_extra_payloads/collection/Win/directly_ready/Bruce-Scripts-Heaven_BAD/BadUSB-FalsePhilosopher/BashBunny/payloads/library/credentials/HashDumpBunny/nao_e_duckyscript/bashbunny_syntax/payload.txt,move_to_subfolder,bashbunny_syntax
sd_card_content/badusb_extra_payloads/collection/Win/directly_ready/Bruce-Scripts-Heaven_BAD/BadUSB-FalsePhilosopher/BashBunny/payloads/library/credentials/LaZassword/payload.txt,sd_card_content/badusb_extra_payloads/collection/Win/directly_ready/Bruce-Scripts-Heaven_BAD/BadUSB-FalsePhilosopher/BashBunny/payloads/library/credentials/LaZassword/nao_e_duckyscript/bashbunny_syntax/payload.txt,move_to_subfolder,bashbunny_syntax
sd_card_content/badusb_extra_payloads/collection/Win/directly_ready/Bruce-Scripts-Heaven_BAD/BadUSB-FalsePhilosopher/BashBunny/payloads/library/credentials/PasswordGrabber/payload.txt,sd_card_content/badusb_extra_payloads/collection/Win/directly_ready/Bruce-Scripts-Heaven_BAD/BadUSB-FalsePhilosopher/BashBunny/payloads/library/credentials/PasswordGrabber/nao_e_duckyscript/bashbunny_syntax/payload.txt,move_to_subfolder,bashbunny_syntax
sd_card_content/badusb_extra_payloads/collection/Win/directly_ready/Bruce-Scripts-Heaven_BAD/BadUSB-FalsePhilosopher/BashBunny/payloads/library/credentials/Quickdraw/payload.txt,sd_card_content/badusb_extra_payloads/collection/Win/directly_ready/Bruce-Scripts-Heaven_BAD/BadUSB-FalsePhilosopher/BashBunny/payloads/library/credentials/Quickdraw/nao_e_duckyscript/bashbunny_syntax/payload.txt,move_to_subfolder,bashbunny_syntax
sd_card_content/badusb_extra_payloads/collection/Win/directly_ready/Bruce-Scripts-Heaven_BAD/BadUSB-FalsePhilosopher/BashBunny/payloads/library/credentials/WindowsCookies/payload.txt,sd_card_content/badusb_extra_payloads/collection/Win/directly_ready/Bruce-Scripts-Heaven_BAD/BadUSB-FalsePhilosopher/BashBunny/payloads/library/credentials/WindowsCookies/nao_e_duckyscript/bashbunny_syntax/payload.txt,move_to_subfolder,bashbunny_syntax
sd_card_content/badusb_extra_payloads/collection/Win/directly_ready/Bruce-Scripts-Heaven_BAD/BadUSB-FalsePhilosopher/BashBunny/payloads/library/credentials/SMBruteBunny/payload.txt,sd_card_content/badusb_extra_payloads/collection/Win/directly_ready/Bruce-Scripts-Heaven_BAD/BadUSB-FalsePhilosopher/BashBunny/payloads/library/credentials/SMBruteBunny/nao_e_duckyscript/bashbunny_syntax/payload.txt,move_to_subfolder,bashbunny_syntax
sd_card_content/badusb_extra_payloads/collection/Win/directly_ready/Bruce-Scripts-Heaven_BAD/BadUSB-FalsePhilosopher/BashBunny/payloads/library/credentials/SMBruteBunny/userlist.txt,sd_card_content/badusb_extra_payloads/collection/Win/directly_ready/Bruce-Scripts-Heaven_BAD/BadUSB-FalsePhilosopher/BashBunny/payloads/library/credentials/SMBruteBunny/sintaxe_extra_nao_suportada/userlist.txt,move_to_subfolder,unsupported_ds3_or_unrecognized_syntax
sd_card_content/badusb_extra_payloads/collection/Win/directly_ready/Bruce-Scripts-Heaven_BAD/BadUSB-FalsePhilosopher/BashBunny/payloads/library/credentials/SMBruteBunny/passlist.txt,sd_card_content/badusb_extra_payloads/collection/Win/directly_ready/Bruce-Scripts-Heaven_BAD/BadUSB-FalsePhilosopher/BashBunny/payloads/library/credentials/SMBruteBunny/sintaxe_extra_nao_suportada/passlist.txt,move_to_subfolder,unsupported_ds3_or_unrecognized_syntax
sd_card_content/badusb_extra_payloads/collection/Win/directly_ready/Bruce-Scripts-Heaven_BAD/BadUSB-FalsePhilosopher/BashBunny/payloads/library/credentials/win_problemstepsrecorder/payload.txt,sd_card_content/badusb_extra_payloads/collection/Win/directly_ready/Bruce-Scripts-Heaven_BAD/BadUSB-FalsePhilosopher/BashBunny/payloads/library/credentials/win_problemstepsrecorder/nao_e_duckyscript/bashbunny_syntax/payload.txt,move_to_subfolder,bashbunny_syntax
sd_card_content/badusb_extra_payloads/collection/Win/directly_ready/Bruce-Scripts-Heaven_BAD/BadUSB-FalsePhilosopher/BashBunny/payloads/library/credentials/sudoSnatch/payload.txt,sd_card_content/badusb_extra_payloads/collection/Win/directly_ready/Bruce-Scripts-Heaven_BAD/BadUSB-FalsePhilosopher/BashBunny/payloads/library/credentials/sudoSnatch/nao_e_duckyscript/bashbunny_syntax/payload.txt,move_to_subfolder,bashbunny_syntax
sd_card_content/badusb_extra_payloads/collection/Win/directly_ready/Bruce-Scripts-Heaven_BAD/BadUSB-FalsePhilosopher/BashBunny/payloads/library/credentials/-BB-Credz-Plz/payload.txt,sd_card_content/badusb_extra_payloads/collection/Win/directly_ready/Bruce-Scripts-Heaven_BAD/BadUSB-FalsePhilosopher/BashBunny/payloads/library/credentials/-BB-Credz-Plz/nao_e_duckyscript/bashbunny_syntax/payload.txt,move_to_subfolder,bashbunny_syntax
sd_card_content/badusb_extra_payloads/collection/Win/directly_ready/Bruce-Scripts-Heaven_BAD/BadUSB-FalsePhilosopher/BashBunny/payloads/library/credentials/win_sslkeylog/payload.txt,sd_card_content/badusb_extra_payloads/collection/Win/directly_ready/Bruce-Scripts-Heaven_BAD/BadUSB-FalsePhilosopher/BashBunny/payloads/library/credentials/win_sslkeylog/nao_e_duckyscript/bashbunny_syntax/payload.txt,move_to_subfolder,bashbunny_syntax
sd_card_content/badusb_extra_payloads/collection/Win/directly_ready/Bruce-Scripts-Heaven_BAD/BadUSB-FalsePhilosopher/BashBunny/payloads/library/credentials/SamDumpBunny/payload.txt,sd_card_content/badusb_extra_payloads/collection/Win/directly_ready/Bruce-Scripts-Heaven_BAD/BadUSB-FalsePhilosopher/BashBunny/payloads/library/credentials/SamDumpBunny/nao_e_duckyscript/bashbunny_syntax/payload.txt,move_to_subfolder,bashbunny_syntax
sd_card_content/badusb_extra_payloads/collection/Win/directly_ready/Bruce-Scripts-Heaven_BAD/BadUSB-FalsePhilosopher/BashBunny/payloads/library/credentials/Bunnyhound/payload.txt,sd_card_content/badusb_extra_payloads/collection/Win/directly_ready/Bruce-Scripts-Heaven_BAD/BadUSB-FalsePhilosopher/BashBunny/payloads/library/credentials/Bunnyhound/nao_e_duckyscript/bashbunny_syntax/payload.txt,move_to_subfolder,bashbunny_syntax
sd_card_content/badusb_extra_payloads/collection/Win/directly_ready/Bruce-Scripts-Heaven_BAD/BadUSB-FalsePhilosopher/BashBunny/payloads/library/credentials/DumpCreds/payload.txt,sd_card_content/badusb_extra_payloads/collection/Win/directly_ready/Bruce-Scripts-Heaven_BAD/BadUSB-FalsePhilosopher/BashBunny/payloads/library/credentials/DumpCreds/payload.txt,edit_in_place,strip_utf8_bom
sd_card_content/badusb_extra_payloads/collection/Win/directly_ready/Bruce-Scripts-Heaven_BAD/BadUSB-FalsePhilosopher/BashBunny/payloads/library/credentials/DumpCreds/payload.txt,sd_card_content/badusb_extra_payloads/collection/Win/directly_ready/Bruce-Scripts-Heaven_BAD/BadUSB-FalsePhilosopher/BashBunny/payloads/library/credentials/DumpCreds/nao_e_duckyscript/bashbunny_syntax/payload.txt,move_to_subfolder,bashbunny_syntax
sd_card_content/badusb_extra_payloads/collection/Win/directly_ready/Bruce-Scripts-Heaven_BAD/BadUSB-FalsePhilosopher/BashBunny/payloads/library/credentials/WiPassDump/payload.txt,sd_card_content/badusb_extra_payloads/collection/Win/directly_ready/Bruce-Scripts-Heaven_BAD/BadUSB-FalsePhilosopher/BashBunny/payloads/library/credentials/WiPassDump/nao_e_duckyscript/bashbunny_syntax/payload.txt,move_to_subfolder,bashbunny_syntax
sd_card_content/badusb_extra_payloads/collection/Win/directly_ready/Bruce-Scripts-Heaven_BAD/BadUSB-FalsePhilosopher/BashBunny/payloads/library/credentials/Jackalope/payload.txt,sd_card_content/badusb_extra_payloads/collection/Win/directly_ready/Bruce-Scripts-Heaven_BAD/BadUSB-FalsePhilosopher/BashBunny/payloads/library/credentials/Jackalope/nao_e_duckyscript/bashbunny_syntax/payload.txt,move_to_subfolder,bashbunny_syntax
sd_card_content/badusb_extra_payloads/collection/Win/directly_ready/Bruce-Scripts-Heaven_BAD/BadUSB-FalsePhilosopher/BashBunny/payloads/library/credentials/Jackalope/userlist.txt,sd_card_content/badusb_extra_payloads/collection/Win/directly_ready/Bruce-Scripts-Heaven_BAD/BadUSB-FalsePhilosopher/BashBunny/payloads/library/credentials/Jackalope/sintaxe_extra_nao_suportada/userlist.txt,move_to_subfolder,unsupported_ds3_or_unrecognized_syntax
sd_card_content/badusb_extra_payloads/collection/Win/directly_ready/Bruce-Scripts-Heaven_BAD/BadUSB-FalsePhilosopher/BashBunny/payloads/library/credentials/Jackalope/wordlist.txt,sd_card_content/badusb_extra_payloads/collection/Win/directly_ready/Bruce-Scripts-Heaven_BAD/BadUSB-FalsePhilosopher/BashBunny/payloads/library/credentials/Jackalope/sintaxe_extra_nao_suportada/wordlist.txt,move_to_subfolder,unsupported_ds3_or_unrecognized_syntax
sd_card_content/badusb_extra_payloads/collection/Win/directly_ready/Bruce-Scripts-Heaven_BAD/BadUSB-FalsePhilosopher/BashBunny/payloads/library/credentials/ducked/payload.txt,sd_card_content/badusb_extra_payloads/collection/Win/directly_ready/Bruce-Scripts-Heaven_BAD/BadUSB-FalsePhilosopher/BashBunny/payloads/library/credentials/ducked/nao_e_duckyscript/bashbunny_syntax/payload.txt,move_to_subfolder,bashbunny_syntax
sd_card_content/badusb_extra_payloads/collection/Win/directly_ready/Bruce-Scripts-Heaven_BAD/BadUSB-FalsePhilosopher/BashBunny/payloads/library/credentials/BunnyLogger/payload.txt,sd_card_content/badusb_extra_payloads/collection/Win/directly_ready/Bruce-Scripts-Heaven_BAD/BadUSB-FalsePhilosopher/BashBunny/payloads/library/credentials/BunnyLogger/nao_e_duckyscript/bashbunny_syntax/payload.txt,move_to_subfolder,bashbunny_syntax
sd_card_content/badusb_extra_payloads/collection/Win/directly_ready/Bruce-Scripts-Heaven_BAD/BadUSB-FalsePhilosopher/BashBunny/payloads/library/credentials/WifiPass/payload.txt,sd_card_content/badusb_extra_payloads/collection/Win/directly_ready/Bruce-Scripts-Heaven_BAD/BadUSB-FalsePhilosopher/BashBunny/payloads/library/credentials/WifiPass/nao_e_duckyscript/bashbunny_syntax/payload.txt,move_to_subfolder,bashbunny_syntax
sd_card_content/badusb_extra_payloads/collection/Win/directly_ready/Bruce-Scripts-Heaven_BAD/BadUSB-FalsePhilosopher/BashBunny/payloads/library/credentials/BruteBunny/passwords.txt,sd_card_content/badusb_extra_payloads/collection/Win/directly_ready/Bruce-Scripts-Heaven_BAD/BadUSB-FalsePhilosopher/BashBunny/payloads/library/credentials/BruteBunny/sintaxe_extra_nao_suportada/passwords.txt,move_to_subfolder,unsupported_ds3_or_unrecognized_syntax
sd_card_content/badusb_extra_payloads/collection/Win/directly_ready/Bruce-Scripts-Heaven_BAD/BadUSB-FalsePhilosopher/BashBunny/payloads/library/credentials/BruteBunny/payload.txt,sd_card_content/badusb_extra_payloads/collection/Win/directly_ready/Bruce-Scripts-Heaven_BAD/BadUSB-FalsePhilosopher/BashBunny/payloads/library/credentials/BruteBunny/nao_e_duckyscript/bashbunny_syntax/payload.txt,move_to_subfolder,bashbunny_syntax
sd_card_content/badusb_extra_payloads/collection/Win/directly_ready/Bruce-Scripts-Heaven_BAD/BadUSB-FalsePhilosopher/BashBunny/payloads/library/credentials/WifiGrabber/payload.txt,sd_card_content/badusb_extra_payloads/collection/Win/directly_ready/Bruce-Scripts-Heaven_BAD/BadUSB-FalsePhilosopher/BashBunny/payloads/library/credentials/WifiGrabber/nao_e_duckyscript/bashbunny_syntax/payload.txt,move_to_subfolder,bashbunny_syntax
sd_card_content/badusb_extra_payloads/collection/Win/directly_ready/Bruce-Scripts-Heaven_BAD/BadUSB-FalsePhilosopher/BashBunny/payloads/library/credentials/MiniDumpBunny/payload.txt,sd_card_content/badusb_extra_payloads/collection/Win/directly_ready/Bruce-Scripts-Heaven_BAD/BadUSB-FalsePhilosopher/BashBunny/payloads/library/credentials/MiniDumpBunny/nao_e_duckyscript/bashbunny_syntax/payload.txt,move_to_subfolder,bashbunny_syntax
sd_card_content/badusb_extra_payloads/collection/Win/directly_ready/Bruce-Scripts-Heaven_BAD/BadUSB-FalsePhilosopher/BashBunny/payloads/library/credentials/FireSnatcher/payload.txt,sd_card_content/badusb_extra_payloads/collection/Win/directly_ready/Bruce-Scripts-Heaven_BAD/BadUSB-FalsePhilosopher/BashBunny/payloads/library/credentials/FireSnatcher/nao_e_duckyscript/bashbunny_syntax/payload.txt,move_to_subfolder,bashbunny_syntax
sd_card_content/badusb_extra_payloads/collection/Win/directly_ready/Bruce-Scripts-Heaven_BAD/BadUSB-FalsePhilosopher/BashBunny/payloads/library/credentials/ProcDumpBunny/payload.txt,sd_card_content/badusb_extra_payloads/collection/Win/directly_ready/Bruce-Scripts-Heaven_BAD/BadUSB-FalsePhilosopher/BashBunny/payloads/library/credentials/ProcDumpBunny/nao_e_duckyscript/bashbunny_syntax/payload.txt,move_to_subfolder,bashbunny_syntax
sd_card_content/badusb_extra_payloads/collection/Win/directly_ready/Bruce-Scripts-Heaven_BAD/BadUSB-FalsePhilosopher/BashBunny/payloads/library/credentials/SessionBunny/payload.txt,sd_card_content/badusb_extra_payloads/collection/Win/directly_ready/Bruce-Scripts-Heaven_BAD/BadUSB-FalsePhilosopher/BashBunny/payloads/library/credentials/SessionBunny/nao_e_duckyscript/bashbunny_syntax/payload.txt,move_to_subfolder,bashbunny_syntax
sd_card_content/badusb_extra_payloads/collection/Win/directly_ready/Bruce-Scripts-Heaven_BAD/BadUSB-FalsePhilosopher/BashBunny/payloads/library/recon/InfoGrabber/payload.txt,sd_card_content/badusb_extra_payloads/collection/Win/directly_ready/Bruce-Scripts-Heaven_BAD/BadUSB-FalsePhilosopher/BashBunny/payloads/library/recon/InfoGrabber/nao_e_duckyscript/bashbunny_syntax/payload.txt,move_to_subfolder,bashbunny_syntax
sd_card_content/badusb_extra_payloads/collection/Win/directly_ready/Bruce-Scripts-Heaven_BAD/BadUSB-FalsePhilosopher/BashBunny/payloads/library/recon/sFTP_Directory_Grabber/payload.txt,sd_card_content/badusb_extra_payloads/collection/Win/directly_ready/Bruce-Scripts-Heaven_BAD/BadUSB-FalsePhilosopher/BashBunny/payloads/library/recon/sFTP_Directory_Grabber/nao_e_duckyscript/bashbunny_syntax/payload.txt,move_to_subfolder,bashbunny_syntax
sd_card_content/badusb_extra_payloads/collection/Win/directly_ready/Bruce-Scripts-Heaven_BAD/credentials/Simple_User_Password_Grabber/payload.txt,sd_card_content/badusb_extra_payloads/collection/Win/directly_ready/Bruce-Scripts-Heaven_BAD/credentials/Simple_User_Password_Grabber/sintaxe_extra_nao_suportada/payload.txt,move_to_subfolder,unsupported_ds3_or_unrecognized_syntax
sd_card_content/badusb_extra_payloads/collection/Win/directly_ready/Bruce-Scripts-Heaven_BAD/omg-payloads-master/payloads/library/credentials/SamDumpCable/payload.txt,sd_card_content/badusb_extra_payloads/collection/Win/directly_ready/Bruce-Scripts-Heaven_BAD/omg-payloads-master/payloads/library/credentials/SamDumpCable/sintaxe_extra_nao_suportada/payload.txt,move_to_subfolder,unsupported_ds3_or_unrecognized_syntax
sd_card_content/badusb_extra_payloads/collection/Win/directly_ready/Bruce-Scripts-Heaven_BAD/omg-payloads-master/payloads/library/general/WiFi_OpSec_Awareness/payload.txt,sd_card_content/badusb_extra_payloads/collection/Win/directly_ready/Bruce-Scripts-Heaven_BAD/omg-payloads-master/payloads/library/general/WiFi_OpSec_Awareness/sintaxe_extra_nao_suportada/payload.txt,move_to_subfolder,unsupported_ds3_or_unrecognized_syntax
sd_card_content/badusb_extra_payloads/collection/Win/directly_ready/Bruce-Scripts-Heaven_BAD/Simple_User_Password_Grabber/payload.txt,sd_card_content/badusb_extra_payloads/collection/Win/directly_ready/Bruce-Scripts-Heaven_BAD/Simple_User_Password_Grabber/sintaxe_extra_nao_suportada/payload.txt,move_to_subfolder,unsupported_ds3_or_unrecognized_syntax
sd_card_content/badusb_extra_payloads/collection/Win/configuration_needed/Bruce-Scripts-Heaven_BAD/BadUSB-FalsePhilosopher/Ducky/USBRubberducky/credentials/Win/SamDumpDucky/payload.txt,sd_card_content/badusb_extra_payloads/collection/Win/configuration_needed/Bruce-Scripts-Heaven_BAD/BadUSB-FalsePhilosopher/Ducky/USBRubberducky/credentials/Win/SamDumpDucky/nao_e_duckyscript/bashbunny_syntax/payload.txt,move_to_subfolder,bashbunny_syntax
sd_card_content/badusb_extra_payloads/collection/Android/directly_ready/BadUsb-Library/Screenshot-Taker.txt,sd_card_content/badusb_extra_payloads/collection/Android/directly_ready/BadUsb-Library/sintaxe_extra_nao_suportada/Screenshot-Taker.txt,move_to_subfolder,unsupported_ds3_or_unrecognized_syntax
sd_card_content/badusb_extra_payloads/collection/Android/directly_ready/Bruce-Scripts-Heaven_BAD/BadUSB-FalsePhilosopher/BashBunny/payloads/library/credentials/ducked/procdump.txt,sd_card_content/badusb_extra_payloads/collection/Android/directly_ready/Bruce-Scripts-Heaven_BAD/BadUSB-FalsePhilosopher/BashBunny/payloads/library/credentials/ducked/sintaxe_extra_nao_suportada/procdump.txt,move_to_subfolder,unsupported_ds3_or_unrecognized_syntax
sd_card_content/badusb_extra_payloads/collection/Android/directly_ready/Bruce-Scripts-Heaven_BAD/Windows/Credentials/Defend_yourself_from_CVE-2023-23397/payload.txt,sd_card_content/badusb_extra_payloads/collection/Android/directly_ready/Bruce-Scripts-Heaven_BAD/Windows/Credentials/Defend_yourself_from_CVE-2023-23397/sintaxe_extra_nao_suportada/payload.txt,move_to_subfolder,unsupported_ds3_or_unrecognized_syntax
sd_card_content/badusb_extra_payloads/collection/Android/configuration_needed/Bruce-Scripts-Heaven_BAD/omg-payloads-master/payloads/library/credentials/Defend_yourself_from_CVE-2023-23397/payload.txt,sd_card_content/badusb_extra_payloads/collection/Android/configuration_needed/Bruce-Scripts-Heaven_BAD/omg-payloads-master/payloads/library/credentials/Defend_yourself_from_CVE-2023-23397/sintaxe_extra_nao_suportada/payload.txt,move_to_subfolder,unsupported_ds3_or_unrecognized_syntax
sd_card_content/badusb_extra_payloads/collection/iOS/directly_ready/BadUsb-Library/Screenshot-Taker.txt,sd_card_content/badusb_extra_payloads/collection/iOS/directly_ready/BadUsb-Library/sintaxe_extra_nao_suportada/Screenshot-Taker.txt,move_to_subfolder,unsupported_ds3_or_unrecognized_syntax
sd_card_content/badusb_extra_payloads/social_engineering/Unix-like/macOS/directly_ready/BadUsb-Library/Fake-Security-Alert.txt,sd_card_content/badusb_extra_payloads/social_engineering/Unix-like/macOS/directly_ready/BadUsb-Library/sintaxe_extra_nao_suportada/Fake-Security-Alert.txt,move_to_subfolder,unsupported_ds3_or_unrecognized_syntax
sd_card_content/badusb_extra_payloads/social_engineering/Unix-like/macOS/directly_ready/BadUsb-Library/Fake-Update.txt,sd_card_content/badusb_extra_payloads/social_engineering/Unix-like/macOS/directly_ready/BadUsb-Library/sintaxe_extra_nao_suportada/Fake-Update.txt,move_to_subfolder,unsupported_ds3_or_unrecognized_syntax
sd_card_content/badusb_extra_payloads/social_engineering/Unix-like/macOS/directly_ready/Bruce-Scripts-Heaven_BAD/MacOS-narstybits/Pranks/Fake Update.txt,sd_card_content/badusb_extra_payloads/social_engineering/Unix-like/macOS/directly_ready/Bruce-Scripts-Heaven_BAD/MacOS-narstybits/Pranks/flipper_only/Fake Update.txt,move_to_subfolder,works_only_on_flipper
sd_card_content/badusb_extra_payloads/social_engineering/Unix-like/macOS/directly_ready/Bruce-Scripts-Heaven_BAD/BadUSB-FalsePhilosopher/Malduino/Library/MACos_Malduino/Library/1101.txt,sd_card_content/badusb_extra_payloads/social_engineering/Unix-like/macOS/directly_ready/Bruce-Scripts-Heaven_BAD/BadUSB-FalsePhilosopher/Malduino/Library/MACos_Malduino/Library/sintaxe_extra_nao_suportada/1101.txt,move_to_subfolder,unsupported_ds3_or_unrecognized_syntax
sd_card_content/badusb_extra_payloads/social_engineering/Unix-like/macOS/directly_ready/Bruce-Scripts-Heaven_BAD/BadUSB-FalsePhilosopher/BashBunny/payloads/library/phishing/MacPhish/payload.txt,sd_card_content/badusb_extra_payloads/social_engineering/Unix-like/macOS/directly_ready/Bruce-Scripts-Heaven_BAD/BadUSB-FalsePhilosopher/BashBunny/payloads/library/phishing/MacPhish/nao_e_duckyscript/bashbunny_syntax/payload.txt,move_to_subfolder,bashbunny_syntax
sd_card_content/badusb_extra_payloads/social_engineering/Unix-like/macOS/directly_ready/Bruce-Scripts-Heaven_BAD/BadUSB-FalsePhilosopher/BashBunny/payloads/library/phishing/dns_poisoning_mac/payload.txt,sd_card_content/badusb_extra_payloads/social_engineering/Unix-like/macOS/directly_ready/Bruce-Scripts-Heaven_BAD/BadUSB-FalsePhilosopher/BashBunny/payloads/library/phishing/dns_poisoning_mac/nao_e_duckyscript/bashbunny_syntax/payload.txt,move_to_subfolder,bashbunny_syntax
sd_card_content/badusb_extra_payloads/social_engineering/Unix-like/macOS/directly_ready/Bruce-Scripts-Heaven_BAD/BadUSB-FalsePhilosopher/BashBunny/payloads/library/phishing/Captiveportal/payload.txt,sd_card_content/badusb_extra_payloads/social_engineering/Unix-like/macOS/directly_ready/Bruce-Scripts-Heaven_BAD/BadUSB-FalsePhilosopher/BashBunny/payloads/library/phishing/Captiveportal/nao_e_duckyscript/bashbunny_syntax/payload.txt,move_to_subfolder,bashbunny_syntax
sd_card_content/badusb_extra_payloads/social_engineering/Unix-like/Linux/directly_ready/BadUsb-Library/Fake-Update-Notification.txt,sd_card_content/badusb_extra_payloads/social_engineering/Unix-like/Linux/directly_ready/BadUsb-Library/sintaxe_extra_nao_suportada/Fake-Update-Notification.txt,move_to_subfolder,unsupported_ds3_or_unrecognized_syntax
sd_card_content/badusb_extra_payloads/social_engineering/Unix-like/Linux/directly_ready/Bruce-Scripts-Heaven_BAD/BadUSB-FalsePhilosopher/BashBunny/payloads/library/phishing/fake-sudo/payload.txt,sd_card_content/badusb_extra_payloads/social_engineering/Unix-like/Linux/directly_ready/Bruce-Scripts-Heaven_BAD/BadUSB-FalsePhilosopher/BashBunny/payloads/library/phishing/fake-sudo/nao_e_duckyscript/bashbunny_syntax/payload.txt,move_to_subfolder,bashbunny_syntax
sd_card_content/badusb_extra_payloads/social_engineering/Win/directly_ready/Bruce-Scripts-Heaven_BAD/BadUSB-FalsePhilosopher/BashBunny/payloads/library/credentials/Win_PoSH_FakeLogin/payload.txt,sd_card_content/badusb_extra_payloads/social_engineering/Win/directly_ready/Bruce-Scripts-Heaven_BAD/BadUSB-FalsePhilosopher/BashBunny/payloads/library/credentials/Win_PoSH_FakeLogin/nao_e_duckyscript/bashbunny_syntax/payload.txt,move_to_subfolder,bashbunny_syntax
sd_card_content/badusb_extra_payloads/social_engineering/Win/directly_ready/Bruce-Scripts-Heaven_BAD/BadUSB-FalsePhilosopher/BashBunny/payloads/library/exfiltration/USB_Exfil_with_Fake_Update _and_force-reboot/payload.txt,sd_card_content/badusb_extra_payloads/social_engineering/Win/directly_ready/Bruce-Scripts-Heaven_BAD/BadUSB-FalsePhilosopher/BashBunny/payloads/library/exfiltration/USB_Exfil_with_Fake_Update _and_force-reboot/nao_e_duckyscript/bashbunny_syntax/payload.txt,move_to_subfolder,bashbunny_syntax
sd_card_content/badusb_extra_payloads/social_engineering/Win/directly_ready/Bruce-Scripts-Heaven_BAD/BadUSB-FalsePhilosopher/BashBunny/payloads/library/phishing/Powershell_Local_DNS_Poisoning/payload.txt,sd_card_content/badusb_extra_payloads/social_engineering/Win/directly_ready/Bruce-Scripts-Heaven_BAD/BadUSB-FalsePhilosopher/BashBunny/payloads/library/phishing/Powershell_Local_DNS_Poisoning/nao_e_duckyscript/bashbunny_syntax/payload.txt,move_to_subfolder,bashbunny_syntax
sd_card_content/badusb_extra_payloads/social_engineering/Win/directly_ready/Bruce-Scripts-Heaven_BAD/BadUSB-FalsePhilosopher/BashBunny/payloads/library/phishing/windows10_fakelogonscreen/payload.txt,sd_card_content/badusb_extra_payloads/social_engineering/Win/directly_ready/Bruce-Scripts-Heaven_BAD/BadUSB-FalsePhilosopher/BashBunny/payloads/library/phishing/windows10_fakelogonscreen/nao_e_duckyscript/bashbunny_syntax/payload.txt,move_to_subfolder,bashbunny_syntax
sd_card_content/badusb_extra_payloads/social_engineering/Win/directly_ready/Bruce-Scripts-Heaven_BAD/BadUSB-FalsePhilosopher/BashBunny/payloads/library/phishing/Local_DNS_Poisoning/payload.txt,sd_card_content/badusb_extra_payloads/social_engineering/Win/directly_ready/Bruce-Scripts-Heaven_BAD/BadUSB-FalsePhilosopher/BashBunny/payloads/library/phishing/Local_DNS_Poisoning/nao_e_duckyscript/bashbunny_syntax/payload.txt,move_to_subfolder,bashbunny_syntax
sd_card_content/badusb_extra_payloads/social_engineering/Win/directly_ready/Bruce-Scripts-Heaven_BAD/BadUSB-FalsePhilosopher/BashBunny/payloads/library/phishing/windows_browser-in-the-browser/payload.txt,sd_card_content/badusb_extra_payloads/social_engineering/Win/directly_ready/Bruce-Scripts-Heaven_BAD/BadUSB-FalsePhilosopher/BashBunny/payloads/library/phishing/windows_browser-in-the-browser/nao_e_duckyscript/bashbunny_syntax/payload.txt,move_to_subfolder,bashbunny_syntax
sd_card_content/badusb_extra_payloads/social_engineering/Win/directly_ready/Bruce-Scripts-Heaven_BAD/Batch/Fake_Error_Spam.txt,sd_card_content/badusb_extra_payloads/social_engineering/Win/directly_ready/Bruce-Scripts-Heaven_BAD/Batch/sintaxe_extra_nao_suportada/Fake_Error_Spam.txt,move_to_subfolder,unsupported_ds3_or_unrecognized_syntax
sd_card_content/badusb_extra_payloads/social_engineering/Win/directly_ready/Bruce-Scripts-Heaven_BAD/Batch/Fake_Update_Screen.txt,sd_card_content/badusb_extra_payloads/social_engineering/Win/directly_ready/Bruce-Scripts-Heaven_BAD/Batch/sintaxe_extra_nao_suportada/Fake_Update_Screen.txt,move_to_subfolder,unsupported_ds3_or_unrecognized_syntax
sd_card_content/badusb_extra_payloads/social_engineering/Win/configuration_needed/BadUsb-Library/Google Login Phish to Discord.txt,sd_card_content/badusb_extra_payloads/social_engineering/Win/configuration_needed/BadUsb-Library/sintaxe_extra_nao_suportada/Google Login Phish to Discord.txt,move_to_subfolder,unsupported_ds3_or_unrecognized_syntax
sd_card_content/badusb_extra_payloads/social_engineering/iOS/directly_ready/Bruce-Scripts-Heaven_BAD/MacOS-narstybits/Pranks/IPHONE Fake Update.txt,sd_card_content/badusb_extra_payloads/social_engineering/iOS/directly_ready/Bruce-Scripts-Heaven_BAD/MacOS-narstybits/Pranks/flipper_only/IPHONE Fake Update.txt,move_to_subfolder,works_only_on_flipper
sd_card_content/badusb_extra_payloads/social_engineering/iOS/directly_ready/Bruce-Scripts-Heaven_BAD/BadUSB-FalsePhilosopher/WHID/Library/windows/Win_AD_Creds_Phishing_SerialExfil_AirGap_Bypass.txt,sd_card_content/badusb_extra_payloads/social_engineering/iOS/directly_ready/Bruce-Scripts-Heaven_BAD/BadUSB-FalsePhilosopher/WHID/Library/windows/nao_e_duckyscript/whid_injector_syntax/Win_AD_Creds_Phishing_SerialExfil_AirGap_Bypass.txt,move_to_subfolder,whid_injector_syntax
sd_card_content/badusb_extra_payloads/discovery/Unix-like/macOS/directly_ready/BadUsb-Library/Network-Scanner.txt,sd_card_content/badusb_extra_payloads/discovery/Unix-like/macOS/directly_ready/BadUsb-Library/sintaxe_extra_nao_suportada/Network-Scanner.txt,move_to_subfolder,unsupported_ds3_or_unrecognized_syntax
sd_card_content/badusb_extra_payloads/discovery/Unix-like/macOS/configuration_needed/BadUsb-Library/System-Reconnaissance-Telegram.txt,sd_card_content/badusb_extra_payloads/discovery/Unix-like/macOS/configuration_needed/BadUsb-Library/sintaxe_extra_nao_suportada/System-Reconnaissance-Telegram.txt,move_to_subfolder,unsupported_ds3_or_unrecognized_syntax
sd_card_content/badusb_extra_payloads/discovery/Unix-like/Linux/directly_ready/Bruce-Scripts-Heaven_BAD/BadUSB-FalsePhilosopher/WHID/Library/Base/LinHTTPExfiltrate.txt,sd_card_content/badusb_extra_payloads/discovery/Unix-like/Linux/directly_ready/Bruce-Scripts-Heaven_BAD/BadUSB-FalsePhilosopher/WHID/Library/Base/nao_e_duckyscript/whid_injector_syntax/LinHTTPExfiltrate.txt,move_to_subfolder,whid_injector_syntax
sd_card_content/badusb_extra_payloads/discovery/Unix-like/Linux/directly_ready/Bruce-Scripts-Heaven_BAD/BadUSB-FalsePhilosopher/WHID/Library/Base/LinFTPExfiltrate.txt,sd_card_content/badusb_extra_payloads/discovery/Unix-like/Linux/directly_ready/Bruce-Scripts-Heaven_BAD/BadUSB-FalsePhilosopher/WHID/Library/Base/nao_e_duckyscript/whid_injector_syntax/LinFTPExfiltrate.txt,move_to_subfolder,whid_injector_syntax
sd_card_content/badusb_extra_payloads/discovery/Unix-like/Linux/directly_ready/Bruce-Scripts-Heaven_BAD/BadUSB-FalsePhilosopher/Misc/Cheat_Sheets/Awesome-cheatsheets/languages/C.txt,sd_card_content/badusb_extra_payloads/discovery/Unix-like/Linux/directly_ready/Bruce-Scripts-Heaven_BAD/BadUSB-FalsePhilosopher/Misc/Cheat_Sheets/Awesome-cheatsheets/languages/sintaxe_extra_nao_suportada/C.txt,move_to_subfolder,unsupported_ds3_or_unrecognized_syntax
sd_card_content/badusb_extra_payloads/discovery/Unix-like/Linux/configuration_needed/Bruce-Scripts-Heaven_BAD/omg-payloads-master/payloads/library/execution/ExploitingAnExecutableFile/payload.txt,sd_card_content/badusb_extra_payloads/discovery/Unix-like/Linux/configuration_needed/Bruce-Scripts-Heaven_BAD/omg-payloads-master/payloads/library/execution/ExploitingAnExecutableFile/sintaxe_extra_nao_suportada/payload.txt,move_to_subfolder,unsupported_ds3_or_unrecognized_syntax
sd_card_content/badusb_extra_payloads/discovery/Win/directly_ready/UberGuidoZ_BadUSB/emptythevoid-BadUSB/win11_install/oobe_bypass_part2.txt,sd_card_content/badusb_extra_payloads/discovery/Win/directly_ready/UberGuidoZ_BadUSB/emptythevoid-BadUSB/win11_install/flipper_only/oobe_bypass_part2.txt,move_to_subfolder,works_only_on_flipper
sd_card_content/badusb_extra_payloads/discovery/Win/directly_ready/Bruce-Scripts-Heaven_BAD/BadUSB-FalsePhilosopher/WHID/Library/Base/WinPSFTPExfil.txt,sd_card_content/badusb_extra_payloads/discovery/Win/directly_ready/Bruce-Scripts-Heaven_BAD/BadUSB-FalsePhilosopher/WHID/Library/Base/nao_e_duckyscript/whid_injector_syntax/WinPSFTPExfil.txt,move_to_subfolder,whid_injector_syntax
sd_card_content/badusb_extra_payloads/discovery/Win/directly_ready/Bruce-Scripts-Heaven_BAD/BadUSB-FalsePhilosopher/WHID/Library/Base/WinHTTPExfiltrate.txt,sd_card_content/badusb_extra_payloads/discovery/Win/directly_ready/Bruce-Scripts-Heaven_BAD/BadUSB-FalsePhilosopher/WHID/Library/Base/nao_e_duckyscript/whid_injector_syntax/WinHTTPExfiltrate.txt,move_to_subfolder,whid_injector_syntax
sd_card_content/badusb_extra_payloads/discovery/Win/directly_ready/Bruce-Scripts-Heaven_BAD/BadUSB-FalsePhilosopher/BashBunny/payloads/library/execution/RazerSystemShell/payload.txt,sd_card_content/badusb_extra_payloads/discovery/Win/directly_ready/Bruce-Scripts-Heaven_BAD/BadUSB-FalsePhilosopher/BashBunny/payloads/library/execution/RazerSystemShell/nao_e_duckyscript/bashbunny_syntax/payload.txt,move_to_subfolder,bashbunny_syntax
sd_card_content/badusb_extra_payloads/discovery/Win/directly_ready/Bruce-Scripts-Heaven_BAD/BadUSB-FalsePhilosopher/Misc/Cheat_Sheets/Awesome-cheatsheets/languages/C#.txt,sd_card_content/badusb_extra_payloads/discovery/Win/directly_ready/Bruce-Scripts-Heaven_BAD/BadUSB-FalsePhilosopher/Misc/Cheat_Sheets/Awesome-cheatsheets/languages/sintaxe_extra_nao_suportada/C#.txt,move_to_subfolder,unsupported_ds3_or_unrecognized_syntax
sd_card_content/badusb_extra_payloads/discovery/Win/directly_ready/Bruce-Scripts-Heaven_BAD/BadUSB-FalsePhilosopher/Misc/Cheat_Sheets/PayloadsAllTheThings/SQL Injection/Intruder/FUZZDB_MSSQL_Enumeration.txt,sd_card_content/badusb_extra_payloads/discovery/Win/directly_ready/Bruce-Scripts-Heaven_BAD/BadUSB-FalsePhilosopher/Misc/Cheat_Sheets/PayloadsAllTheThings/SQL Injection/Intruder/nao_e_duckyscript/reference_material_not_payload/FUZZDB_MSSQL_Enumeration.txt,move_to_subfolder,reference_material_not_payload
sd_card_content/badusb_extra_payloads/reconnaissance/Unix-like/macOS/directly_ready/Bruce-Scripts-Heaven_BAD/MacOS-narstybits/RECON/SentinelStrike.txt,sd_card_content/badusb_extra_payloads/reconnaissance/Unix-like/macOS/directly_ready/Bruce-Scripts-Heaven_BAD/MacOS-narstybits/RECON/flipper_only/SentinelStrike.txt,move_to_subfolder,works_only_on_flipper
sd_card_content/badusb_extra_payloads/reconnaissance/Unix-like/macOS/directly_ready/Bruce-Scripts-Heaven_BAD/MacOS-narstybits/RECON/Network Recon Plus.txt,sd_card_content/badusb_extra_payloads/reconnaissance/Unix-like/macOS/directly_ready/Bruce-Scripts-Heaven_BAD/MacOS-narstybits/RECON/flipper_only/Network Recon Plus.txt,move_to_subfolder,works_only_on_flipper
sd_card_content/badusb_extra_payloads/reconnaissance/Unix-like/macOS/directly_ready/Bruce-Scripts-Heaven_BAD/MacOS-narstybits/RECON/Public I.P. Finder.txt,sd_card_content/badusb_extra_payloads/reconnaissance/Unix-like/macOS/directly_ready/Bruce-Scripts-Heaven_BAD/MacOS-narstybits/RECON/flipper_only/Public I.P. Finder.txt,move_to_subfolder,works_only_on_flipper
sd_card_content/badusb_extra_payloads/reconnaissance/Unix-like/macOS/directly_ready/Bruce-Scripts-Heaven_BAD/MacOS-narstybits/RECON/GuardianForge.txt,sd_card_content/badusb_extra_payloads/reconnaissance/Unix-like/macOS/directly_ready/Bruce-Scripts-Heaven_BAD/MacOS-narstybits/RECON/flipper_only/GuardianForge.txt,move_to_subfolder,works_only_on_flipper
sd_card_content/badusb_extra_payloads/reconnaissance/Unix-like/macOS/directly_ready/Bruce-Scripts-Heaven_BAD/MacOS-narstybits/RECON/StealthSeeker.txt,sd_card_content/badusb_extra_payloads/reconnaissance/Unix-like/macOS/directly_ready/Bruce-Scripts-Heaven_BAD/MacOS-narstybits/RECON/flipper_only/StealthSeeker.txt,move_to_subfolder,works_only_on_flipper
sd_card_content/badusb_extra_payloads/reconnaissance/Unix-like/macOS/directly_ready/Bruce-Scripts-Heaven_BAD/MacOS-narstybits/RECON/SocatShell.txt,sd_card_content/badusb_extra_payloads/reconnaissance/Unix-like/macOS/directly_ready/Bruce-Scripts-Heaven_BAD/MacOS-narstybits/RECON/flipper_only/SocatShell.txt,move_to_subfolder,works_only_on_flipper
sd_card_content/badusb_extra_payloads/reconnaissance/Unix-like/macOS/directly_ready/Bruce-Scripts-Heaven_BAD/MacOS-narstybits/RECON/Copy All JPEG Images.txt,sd_card_content/badusb_extra_payloads/reconnaissance/Unix-like/macOS/directly_ready/Bruce-Scripts-Heaven_BAD/MacOS-narstybits/RECON/flipper_only/Copy All JPEG Images.txt,move_to_subfolder,works_only_on_flipper
sd_card_content/badusb_extra_payloads/reconnaissance/Unix-like/macOS/directly_ready/Bruce-Scripts-Heaven_BAD/MacOS-narstybits/RECON/Voice Logger.txt,sd_card_content/badusb_extra_payloads/reconnaissance/Unix-like/macOS/directly_ready/Bruce-Scripts-Heaven_BAD/MacOS-narstybits/RECON/flipper_only/Voice Logger.txt,move_to_subfolder,works_only_on_flipper
sd_card_content/badusb_extra_payloads/reconnaissance/Unix-like/macOS/directly_ready/Bruce-Scripts-Heaven_BAD/MacOS-narstybits/RECON/SysNet Info.txt,sd_card_content/badusb_extra_payloads/reconnaissance/Unix-like/macOS/directly_ready/Bruce-Scripts-Heaven_BAD/MacOS-narstybits/RECON/flipper_only/SysNet Info.txt,move_to_subfolder,works_only_on_flipper
sd_card_content/badusb_extra_payloads/reconnaissance/Unix-like/macOS/directly_ready/Bruce-Scripts-Heaven_BAD/MacOS-narstybits/RECON/Network Reconnaissance.txt,sd_card_content/badusb_extra_payloads/reconnaissance/Unix-like/macOS/directly_ready/Bruce-Scripts-Heaven_BAD/MacOS-narstybits/RECON/flipper_only/Network Reconnaissance.txt,move_to_subfolder,works_only_on_flipper
sd_card_content/badusb_extra_payloads/reconnaissance/Unix-like/macOS/directly_ready/Bruce-Scripts-Heaven_BAD/BadUSB-FalsePhilosopher/Ducky/USBRubberducky/recon/Unix-Like/OSX/Macpeas/quackexfil.txt,sd_card_content/badusb_extra_payloads/reconnaissance/Unix-like/macOS/directly_ready/Bruce-Scripts-Heaven_BAD/BadUSB-FalsePhilosopher/Ducky/USBRubberducky/recon/Unix-Like/OSX/Macpeas/sintaxe_extra_nao_suportada/quackexfil.txt,move_to_subfolder,unsupported_ds3_or_unrecognized_syntax
sd_card_content/badusb_extra_payloads/reconnaissance/Unix-like/macOS/directly_ready/Bruce-Scripts-Heaven_BAD/BadUSB-FalsePhilosopher/Ducky/USBRubberducky/recon/Unix-Like/OSX/Macpeas/quack.txt,sd_card_content/badusb_extra_payloads/reconnaissance/Unix-like/macOS/directly_ready/Bruce-Scripts-Heaven_BAD/BadUSB-FalsePhilosopher/Ducky/USBRubberducky/recon/Unix-Like/OSX/Macpeas/sintaxe_extra_nao_suportada/quack.txt,move_to_subfolder,unsupported_ds3_or_unrecognized_syntax
sd_card_content/badusb_extra_payloads/reconnaissance/Unix-like/macOS/directly_ready/Bruce-Scripts-Heaven_BAD/BadUSB-FalsePhilosopher/BashBunny/payloads/library/recon/nmapper/payload.txt,sd_card_content/badusb_extra_payloads/reconnaissance/Unix-like/macOS/directly_ready/Bruce-Scripts-Heaven_BAD/BadUSB-FalsePhilosopher/BashBunny/payloads/library/recon/nmapper/nao_e_duckyscript/bashbunny_syntax/payload.txt,move_to_subfolder,bashbunny_syntax
sd_card_content/badusb_extra_payloads/reconnaissance/Unix-like/macOS/directly_ready/Bruce-Scripts-Heaven_BAD/BadUSB-FalsePhilosopher/BashBunny/payloads/library/recon/MacProfiler/payload.txt,sd_card_content/badusb_extra_payloads/reconnaissance/Unix-like/macOS/directly_ready/Bruce-Scripts-Heaven_BAD/BadUSB-FalsePhilosopher/BashBunny/payloads/library/recon/MacProfiler/nao_e_duckyscript/bashbunny_syntax/payload.txt,move_to_subfolder,bashbunny_syntax
sd_card_content/badusb_extra_payloads/reconnaissance/Unix-like/macOS/directly_ready/Bruce-Scripts-Heaven_BAD/BadUSB-FalsePhilosopher/BashBunny/payloads/library/recon/MacGetUsers/payload.txt,sd_card_content/badusb_extra_payloads/reconnaissance/Unix-like/macOS/directly_ready/Bruce-Scripts-Heaven_BAD/BadUSB-FalsePhilosopher/BashBunny/payloads/library/recon/MacGetUsers/nao_e_duckyscript/bashbunny_syntax/payload.txt,move_to_subfolder,bashbunny_syntax
sd_card_content/badusb_extra_payloads/reconnaissance/Unix-like/Linux/directly_ready/Bruce-Scripts-Heaven_BAD/BadUSB-FalsePhilosopher/Ducky/USBRubberducky/recon/Unix-Like/Linux/LinEnum/quackwget.txt,sd_card_content/badusb_extra_payloads/reconnaissance/Unix-like/Linux/directly_ready/Bruce-Scripts-Heaven_BAD/BadUSB-FalsePhilosopher/Ducky/USBRubberducky/recon/Unix-Like/Linux/LinEnum/sintaxe_extra_nao_suportada/quackwget.txt,move_to_subfolder,unsupported_ds3_or_unrecognized_syntax
sd_card_content/badusb_extra_payloads/reconnaissance/Unix-like/Linux/directly_ready/Bruce-Scripts-Heaven_BAD/BadUSB-FalsePhilosopher/Ducky/USBRubberducky/recon/Unix-Like/Linux/LinEnum/quackpost.txt,sd_card_content/badusb_extra_payloads/reconnaissance/Unix-like/Linux/directly_ready/Bruce-Scripts-Heaven_BAD/BadUSB-FalsePhilosopher/Ducky/USBRubberducky/recon/Unix-Like/Linux/LinEnum/sintaxe_extra_nao_suportada/quackpost.txt,move_to_subfolder,unsupported_ds3_or_unrecognized_syntax
sd_card_content/badusb_extra_payloads/reconnaissance/Unix-like/Linux/directly_ready/Bruce-Scripts-Heaven_BAD/BadUSB-FalsePhilosopher/Ducky/USBRubberducky/recon/Unix-Like/Linux/LinEnum/quacknc.txt,sd_card_content/badusb_extra_payloads/reconnaissance/Unix-like/Linux/directly_ready/Bruce-Scripts-Heaven_BAD/BadUSB-FalsePhilosopher/Ducky/USBRubberducky/recon/Unix-Like/Linux/LinEnum/sintaxe_extra_nao_suportada/quacknc.txt,move_to_subfolder,unsupported_ds3_or_unrecognized_syntax
sd_card_content/badusb_extra_payloads/reconnaissance/Win/directly_ready/Bruce-Scripts-Heaven_BAD/BadUSB-FalsePhilosopher/BashBunny/payloads/library/recon/-BB-ADV-Recon/payload.txt,sd_card_content/badusb_extra_payloads/reconnaissance/Win/directly_ready/Bruce-Scripts-Heaven_BAD/BadUSB-FalsePhilosopher/BashBunny/payloads/library/recon/-BB-ADV-Recon/nao_e_duckyscript/bashbunny_syntax/payload.txt,move_to_subfolder,bashbunny_syntax
sd_card_content/badusb_extra_payloads/reconnaissance/Win/directly_ready/Bruce-Scripts-Heaven_BAD/BadUSB-FalsePhilosopher/BashBunny/payloads/library/recon/Link_File_analysis/payload.txt,sd_card_content/badusb_extra_payloads/reconnaissance/Win/directly_ready/Bruce-Scripts-Heaven_BAD/BadUSB-FalsePhilosopher/BashBunny/payloads/library/recon/Link_File_analysis/nao_e_duckyscript/bashbunny_syntax/payload.txt,move_to_subfolder,bashbunny_syntax
sd_card_content/badusb_extra_payloads/reconnaissance/Win/directly_ready/Bruce-Scripts-Heaven_BAD/BadUSB-FalsePhilosopher/BashBunny/payloads/library/recon/Win_PoSH_WordReport/payload.txt,sd_card_content/badusb_extra_payloads/reconnaissance/Win/directly_ready/Bruce-Scripts-Heaven_BAD/BadUSB-FalsePhilosopher/BashBunny/payloads/library/recon/Win_PoSH_WordReport/nao_e_duckyscript/bashbunny_syntax/payload.txt,move_to_subfolder,bashbunny_syntax
sd_card_content/badusb_extra_payloads/reconnaissance/Win/directly_ready/Bruce-Scripts-Heaven_BAD/BadUSB-FalsePhilosopher/BashBunny/payloads/library/recon/rdp_checker/payload.txt,sd_card_content/badusb_extra_payloads/reconnaissance/Win/directly_ready/Bruce-Scripts-Heaven_BAD/BadUSB-FalsePhilosopher/BashBunny/payloads/library/recon/rdp_checker/nao_e_duckyscript/bashbunny_syntax/payload.txt,move_to_subfolder,bashbunny_syntax
sd_card_content/badusb_extra_payloads/reconnaissance/Win/directly_ready/Bruce-Scripts-Heaven_BAD/BadUSB-FalsePhilosopher/BashBunny/payloads/library/recon/ProcessInfo/payload.txt,sd_card_content/badusb_extra_payloads/reconnaissance/Win/directly_ready/Bruce-Scripts-Heaven_BAD/BadUSB-FalsePhilosopher/BashBunny/payloads/library/recon/ProcessInfo/nao_e_duckyscript/bashbunny_syntax/payload.txt,move_to_subfolder,bashbunny_syntax
sd_card_content/badusb_extra_payloads/reconnaissance/Win/directly_ready/Bruce-Scripts-Heaven_BAD/BadUSB-FalsePhilosopher/BashBunny/payloads/library/recon/GetServicePerm/payload.txt,sd_card_content/badusb_extra_payloads/reconnaissance/Win/directly_ready/Bruce-Scripts-Heaven_BAD/BadUSB-FalsePhilosopher/BashBunny/payloads/library/recon/GetServicePerm/nao_e_duckyscript/bashbunny_syntax/payload.txt,move_to_subfolder,bashbunny_syntax
sd_card_content/badusb_extra_payloads/reconnaissance/Win/configuration_needed/BadUsb-Library/Payload.txt,sd_card_content/badusb_extra_payloads/reconnaissance/Win/configuration_needed/BadUsb-Library/sintaxe_extra_nao_suportada/Payload.txt,move_to_subfolder,unsupported_ds3_or_unrecognized_syntax
sd_card_content/badusb_extra_payloads/reconnaissance/iOS/directly_ready/Bruce-Scripts-Heaven_BAD/MacOS-narstybits/RECON/Nmap Scan to Iphone.txt,sd_card_content/badusb_extra_payloads/reconnaissance/iOS/directly_ready/Bruce-Scripts-Heaven_BAD/MacOS-narstybits/RECON/flipper_only/Nmap Scan to Iphone.txt,move_to_subfolder,works_only_on_flipper
sd_card_content/badusb_extra_payloads/reconnaissance/iOS/directly_ready/Bruce-Scripts-Heaven_BAD/MacOS-narstybits/RECON/Info Infiltrator to Iphone.txt,sd_card_content/badusb_extra_payloads/reconnaissance/iOS/directly_ready/Bruce-Scripts-Heaven_BAD/MacOS-narstybits/RECON/flipper_only/Info Infiltrator to Iphone.txt,move_to_subfolder,works_only_on_flipper
sd_card_content/badusb_extra_payloads/reconnaissance/iOS/directly_ready/Bruce-Scripts-Heaven_BAD/MacOS-narstybits/RECON/Arp table to Iphone.txt,sd_card_content/badusb_extra_payloads/reconnaissance/iOS/directly_ready/Bruce-Scripts-Heaven_BAD/MacOS-narstybits/RECON/flipper_only/Arp table to Iphone.txt,move_to_subfolder,works_only_on_flipper
sd_card_content/badusb_extra_payloads/reconnaissance/iOS/directly_ready/Bruce-Scripts-Heaven_BAD/MacOS-narstybits/RECON/Desktop file list to iPhone.txt,sd_card_content/badusb_extra_payloads/reconnaissance/iOS/directly_ready/Bruce-Scripts-Heaven_BAD/MacOS-narstybits/RECON/flipper_only/Desktop file list to iPhone.txt,move_to_subfolder,works_only_on_flipper
sd_card_content/badusb_extra_payloads/reconnaissance/iOS/directly_ready/Bruce-Scripts-Heaven_BAD/MacOS-narstybits/RECON/Public I.P. to Iphone.txt,sd_card_content/badusb_extra_payloads/reconnaissance/iOS/directly_ready/Bruce-Scripts-Heaven_BAD/MacOS-narstybits/RECON/flipper_only/Public I.P. to Iphone.txt,move_to_subfolder,works_only_on_flipper
sd_card_content/badusb_extra_payloads/reconnaissance/iOS/directly_ready/Bruce-Scripts-Heaven_BAD/MacOS-narstybits/RECON/Documents file list to iPhone.txt,sd_card_content/badusb_extra_payloads/reconnaissance/iOS/directly_ready/Bruce-Scripts-Heaven_BAD/MacOS-narstybits/RECON/flipper_only/Documents file list to iPhone.txt,move_to_subfolder,works_only_on_flipper
sd_card_content/badusb_extra_payloads/reconnaissance/iOS/directly_ready/Bruce-Scripts-Heaven_BAD/MacOS-narstybits/RECON/macOS System Log to iPhone.txt,sd_card_content/badusb_extra_payloads/reconnaissance/iOS/directly_ready/Bruce-Scripts-Heaven_BAD/MacOS-narstybits/RECON/flipper_only/macOS System Log to iPhone.txt,move_to_subfolder,works_only_on_flipper
sd_card_content/badusb_extra_payloads/defense_evasion/Unix-like/macOS/directly_ready/BadUsb-Library/Log-Cleaner.txt,sd_card_content/badusb_extra_payloads/defense_evasion/Unix-like/macOS/directly_ready/BadUsb-Library/sintaxe_extra_nao_suportada/Log-Cleaner.txt,move_to_subfolder,unsupported_ds3_or_unrecognized_syntax
sd_card_content/badusb_extra_payloads/defense_evasion/Unix-like/macOS/directly_ready/BadUsb-Library/Process-Hider.txt,sd_card_content/badusb_extra_payloads/defense_evasion/Unix-like/macOS/directly_ready/BadUsb-Library/sintaxe_extra_nao_suportada/Process-Hider.txt,move_to_subfolder,unsupported_ds3_or_unrecognized_syntax
sd_card_content/badusb_extra_payloads/defense_evasion/Unix-like/macOS/directly_ready/Bruce-Scripts-Heaven_BAD/MacOS-narstybits/Obscurity/Shadowsocks Tor Proxy Reverse.txt,sd_card_content/badusb_extra_payloads/defense_evasion/Unix-like/macOS/directly_ready/Bruce-Scripts-Heaven_BAD/MacOS-narstybits/Obscurity/flipper_only/Shadowsocks Tor Proxy Reverse.txt,move_to_subfolder,works_only_on_flipper
sd_card_content/badusb_extra_payloads/defense_evasion/Unix-like/macOS/directly_ready/Bruce-Scripts-Heaven_BAD/MacOS-narstybits/Obscurity/Shadowsocks Proxy Ninja.txt,sd_card_content/badusb_extra_payloads/defense_evasion/Unix-like/macOS/directly_ready/Bruce-Scripts-Heaven_BAD/MacOS-narstybits/Obscurity/flipper_only/Shadowsocks Proxy Ninja.txt,move_to_subfolder,works_only_on_flipper
sd_card_content/badusb_extra_payloads/defense_evasion/Unix-like/macOS/directly_ready/Bruce-Scripts-Heaven_BAD/MacOS-narstybits/Obscurity/DarkNet Angel.txt,sd_card_content/badusb_extra_payloads/defense_evasion/Unix-like/macOS/directly_ready/Bruce-Scripts-Heaven_BAD/MacOS-narstybits/Obscurity/flipper_only/DarkNet Angel.txt,move_to_subfolder,works_only_on_flipper
sd_card_content/badusb_extra_payloads/defense_evasion/Unix-like/macOS/directly_ready/Bruce-Scripts-Heaven_BAD/MacOS-narstybits/Obscurity/MacNetGhost.txt,sd_card_content/badusb_extra_payloads/defense_evasion/Unix-like/macOS/directly_ready/Bruce-Scripts-Heaven_BAD/MacOS-narstybits/Obscurity/flipper_only/MacNetGhost.txt,move_to_subfolder,works_only_on_flipper
sd_card_content/badusb_extra_payloads/defense_evasion/Unix-like/macOS/directly_ready/Bruce-Scripts-Heaven_BAD/MacOS-narstybits/Obscurity/MacCloak.txt,sd_card_content/badusb_extra_payloads/defense_evasion/Unix-like/macOS/directly_ready/Bruce-Scripts-Heaven_BAD/MacOS-narstybits/Obscurity/flipper_only/MacCloak.txt,move_to_subfolder,works_only_on_flipper
sd_card_content/badusb_extra_payloads/defense_evasion/Unix-like/macOS/directly_ready/Bruce-Scripts-Heaven_BAD/MacOS-narstybits/Obscurity/Network Padding Fury.txt,sd_card_content/badusb_extra_payloads/defense_evasion/Unix-like/macOS/directly_ready/Bruce-Scripts-Heaven_BAD/MacOS-narstybits/Obscurity/flipper_only/Network Padding Fury.txt,move_to_subfolder,works_only_on_flipper
sd_card_content/badusb_extra_payloads/defense_evasion/Unix-like/macOS/directly_ready/Bruce-Scripts-Heaven_BAD/MacOS-narstybits/Obscurity/Silent Server Creator.txt,sd_card_content/badusb_extra_payloads/defense_evasion/Unix-like/macOS/directly_ready/Bruce-Scripts-Heaven_BAD/MacOS-narstybits/Obscurity/flipper_only/Silent Server Creator.txt,move_to_subfolder,works_only_on_flipper
sd_card_content/badusb_extra_payloads/defense_evasion/Unix-like/macOS/directly_ready/Bruce-Scripts-Heaven_BAD/MacOS-narstybits/Obscurity/DarkNet Angel Restore.txt,sd_card_content/badusb_extra_payloads/defense_evasion/Unix-like/macOS/directly_ready/Bruce-Scripts-Heaven_BAD/MacOS-narstybits/Obscurity/flipper_only/DarkNet Angel Restore.txt,move_to_subfolder,works_only_on_flipper
sd_card_content/badusb_extra_payloads/defense_evasion/Unix-like/macOS/directly_ready/Bruce-Scripts-Heaven_BAD/MacOS-narstybits/Obscurity/Shadowsocks Tor Proxy.txt,sd_card_content/badusb_extra_payloads/defense_evasion/Unix-like/macOS/directly_ready/Bruce-Scripts-Heaven_BAD/MacOS-narstybits/Obscurity/flipper_only/Shadowsocks Tor Proxy.txt,move_to_subfolder,works_only_on_flipper
sd_card_content/badusb_extra_payloads/defense_evasion/Unix-like/macOS/directly_ready/Bruce-Scripts-Heaven_BAD/MacOS-narstybits/Obscurity/TCP Randomizer.txt,sd_card_content/badusb_extra_payloads/defense_evasion/Unix-like/macOS/directly_ready/Bruce-Scripts-Heaven_BAD/MacOS-narstybits/Obscurity/flipper_only/TCP Randomizer.txt,move_to_subfolder,works_only_on_flipper
sd_card_content/badusb_extra_payloads/defense_evasion/Unix-like/macOS/directly_ready/Bruce-Scripts-Heaven_BAD/MacOS-narstybits/Obscurity/Fragmentation Traffic Generator.txt,sd_card_content/badusb_extra_payloads/defense_evasion/Unix-like/macOS/directly_ready/Bruce-Scripts-Heaven_BAD/MacOS-narstybits/Obscurity/flipper_only/Fragmentation Traffic Generator.txt,move_to_subfolder,works_only_on_flipper
sd_card_content/badusb_extra_payloads/defense_evasion/Unix-like/macOS/directly_ready/Bruce-Scripts-Heaven_BAD/MacOS-narstybits/Obscurity/MacNetGhostRestore.txt,sd_card_content/badusb_extra_payloads/defense_evasion/Unix-like/macOS/directly_ready/Bruce-Scripts-Heaven_BAD/MacOS-narstybits/Obscurity/flipper_only/MacNetGhostRestore.txt,move_to_subfolder,works_only_on_flipper
sd_card_content/badusb_extra_payloads/defense_evasion/Unix-like/macOS/directly_ready/Bruce-Scripts-Heaven_BAD/MacOS-narstybits/Obscurity/MacCloak Reverse.txt,sd_card_content/badusb_extra_payloads/defense_evasion/Unix-like/macOS/directly_ready/Bruce-Scripts-Heaven_BAD/MacOS-narstybits/Obscurity/flipper_only/MacCloak Reverse.txt,move_to_subfolder,works_only_on_flipper
sd_card_content/badusb_extra_payloads/defense_evasion/Unix-like/macOS/directly_ready/Bruce-Scripts-Heaven_BAD/MacOS-narstybits/Obscurity/Shadowsocks Proxy Ninja Reverse.txt,sd_card_content/badusb_extra_payloads/defense_evasion/Unix-like/macOS/directly_ready/Bruce-Scripts-Heaven_BAD/MacOS-narstybits/Obscurity/flipper_only/Shadowsocks Proxy Ninja Reverse.txt,move_to_subfolder,works_only_on_flipper
sd_card_content/badusb_extra_payloads/defense_evasion/Unix-like/macOS/configuration_needed/BadUsb-Library/Process-Hider-Telegram.txt,sd_card_content/badusb_extra_payloads/defense_evasion/Unix-like/macOS/configuration_needed/BadUsb-Library/sintaxe_extra_nao_suportada/Process-Hider-Telegram.txt,move_to_subfolder,unsupported_ds3_or_unrecognized_syntax
sd_card_content/badusb_extra_payloads/defense_evasion/Win/directly_ready/Bruce-Scripts-Heaven_BAD/BadUSB-FalsePhilosopher/OMG/Library/execution/FodCable2 - UAC Bypass/payload.txt,sd_card_content/badusb_extra_payloads/defense_evasion/Win/directly_ready/Bruce-Scripts-Heaven_BAD/BadUSB-FalsePhilosopher/OMG/Library/execution/FodCable2 - UAC Bypass/sintaxe_extra_nao_suportada/payload.txt,move_to_subfolder,unsupported_ds3_or_unrecognized_syntax
sd_card_content/badusb_extra_payloads/defense_evasion/Win/directly_ready/Bruce-Scripts-Heaven_BAD/omg-payloads-master/payloads/library/execution/FodCable2 - UAC Bypass/payload.txt,sd_card_content/badusb_extra_payloads/defense_evasion/Win/directly_ready/Bruce-Scripts-Heaven_BAD/omg-payloads-master/payloads/library/execution/FodCable2 - UAC Bypass/sintaxe_extra_nao_suportada/payload.txt,move_to_subfolder,unsupported_ds3_or_unrecognized_syntax
sd_card_content/badusb_extra_payloads/_unclassified/I-Am-Jakoby_BadUSB/Payloads/test.txt,sd_card_content/badusb_extra_payloads/_unclassified/I-Am-Jakoby_BadUSB/Payloads/sintaxe_extra_nao_suportada/test.txt,move_to_subfolder,unsupported_ds3_or_unrecognized_syntax
sd_card_content/badusb_extra_payloads/_unclassified/UberGuidoZ_BadUSB/emptythevoid-BadUSB/red_dead_redemption_2/rdr2_bond_with_horse.txt,sd_card_content/badusb_extra_payloads/_unclassified/UberGuidoZ_BadUSB/emptythevoid-BadUSB/red_dead_redemption_2/flipper_only/rdr2_bond_with_horse.txt,move_to_subfolder,works_only_on_flipper
sd_card_content/badusb_extra_payloads/_unclassified/UberGuidoZ_BadUSB/emptythevoid-BadUSB/red_dead_redemption_2/rdr2_spam_deadeye.txt,sd_card_content/badusb_extra_payloads/_unclassified/UberGuidoZ_BadUSB/emptythevoid-BadUSB/red_dead_redemption_2/flipper_only/rdr2_spam_deadeye.txt,move_to_subfolder,works_only_on_flipper
sd_card_content/badusb_extra_payloads/_unclassified/UberGuidoZ_BadUSB/emptythevoid-BadUSB/red_dead_redemption_2/Five_Finger_Filet/W/S/S/S/S/S/WSSSSS.txt,sd_card_content/badusb_extra_payloads/_unclassified/UberGuidoZ_BadUSB/emptythevoid-BadUSB/red_dead_redemption_2/Five_Finger_Filet/W/S/S/S/S/S/flipper_only/WSSSSS.txt,move_to_subfolder,works_only_on_flipper
sd_card_content/badusb_extra_payloads/_unclassified/UberGuidoZ_BadUSB/emptythevoid-BadUSB/red_dead_redemption_2/Five_Finger_Filet/W/S/S/S/S/A/WSSSSA.txt,sd_card_content/badusb_extra_payloads/_unclassified/UberGuidoZ_BadUSB/emptythevoid-BadUSB/red_dead_redemption_2/Five_Finger_Filet/W/S/S/S/S/A/flipper_only/WSSSSA.txt,move_to_subfolder,works_only_on_flipper
sd_card_content/badusb_extra_payloads/_unclassified/UberGuidoZ_BadUSB/emptythevoid-BadUSB/red_dead_redemption_2/Five_Finger_Filet/W/S/S/S/S/D/WSSSSD.txt,sd_card_content/badusb_extra_payloads/_unclassified/UberGuidoZ_BadUSB/emptythevoid-BadUSB/red_dead_redemption_2/Five_Finger_Filet/W/S/S/S/S/D/flipper_only/WSSSSD.txt,move_to_subfolder,works_only_on_flipper
sd_card_content/badusb_extra_payloads/_unclassified/UberGuidoZ_BadUSB/emptythevoid-BadUSB/red_dead_redemption_2/Five_Finger_Filet/W/S/S/S/A/S/WSSSAS.txt,sd_card_content/badusb_extra_payloads/_unclassified/UberGuidoZ_BadUSB/emptythevoid-BadUSB/red_dead_redemption_2/Five_Finger_Filet/W/S/S/S/A/S/flipper_only/WSSSAS.txt,move_to_subfolder,works_only_on_flipper
sd_card_content/badusb_extra_payloads/_unclassified/UberGuidoZ_BadUSB/emptythevoid-BadUSB/red_dead_redemption_2/Five_Finger_Filet/W/S/S/S/A/A/WSSSAA.txt,sd_card_content/badusb_extra_payloads/_unclassified/UberGuidoZ_BadUSB/emptythevoid-BadUSB/red_dead_redemption_2/Five_Finger_Filet/W/S/S/S/A/A/flipper_only/WSSSAA.txt,move_to_subfolder,works_only_on_flipper
sd_card_content/badusb_extra_payloads/_unclassified/UberGuidoZ_BadUSB/emptythevoid-BadUSB/red_dead_redemption_2/Five_Finger_Filet/W/S/S/S/A/D/WSSSAD.txt,sd_card_content/badusb_extra_payloads/_unclassified/UberGuidoZ_BadUSB/emptythevoid-BadUSB/red_dead_redemption_2/Five_Finger_Filet/W/S/S/S/A/D/flipper_only/WSSSAD.txt,move_to_subfolder,works_only_on_flipper
sd_card_content/badusb_extra_payloads/_unclassified/UberGuidoZ_BadUSB/emptythevoid-BadUSB/red_dead_redemption_2/Five_Finger_Filet/W/S/S/S/D/S/WSSSDS.txt,sd_card_content/badusb_extra_payloads/_unclassified/UberGuidoZ_BadUSB/emptythevoid-BadUSB/red_dead_redemption_2/Five_Finger_Filet/W/S/S/S/D/S/flipper_only/WSSSDS.txt,move_to_subfolder,works_only_on_flipper
sd_card_content/badusb_extra_payloads/_unclassified/UberGuidoZ_BadUSB/emptythevoid-BadUSB/red_dead_redemption_2/Five_Finger_Filet/W/S/S/S/D/A/WSSSDA.txt,sd_card_content/badusb_extra_payloads/_unclassified/UberGuidoZ_BadUSB/emptythevoid-BadUSB/red_dead_redemption_2/Five_Finger_Filet/W/S/S/S/D/A/flipper_only/WSSSDA.txt,move_to_subfolder,works_only_on_flipper
sd_card_content/badusb_extra_payloads/_unclassified/UberGuidoZ_BadUSB/emptythevoid-BadUSB/red_dead_redemption_2/Five_Finger_Filet/W/S/S/S/D/D/WSSSDD.txt,sd_card_content/badusb_extra_payloads/_unclassified/UberGuidoZ_BadUSB/emptythevoid-BadUSB/red_dead_redemption_2/Five_Finger_Filet/W/S/S/S/D/D/flipper_only/WSSSDD.txt,move_to_subfolder,works_only_on_flipper
sd_card_content/badusb_extra_payloads/_unclassified/UberGuidoZ_BadUSB/emptythevoid-BadUSB/red_dead_redemption_2/Five_Finger_Filet/W/S/S/A/S/S/WSSASS.txt,sd_card_content/badusb_extra_payloads/_unclassified/UberGuidoZ_BadUSB/emptythevoid-BadUSB/red_dead_redemption_2/Five_Finger_Filet/W/S/S/A/S/S/flipper_only/WSSASS.txt,move_to_subfolder,works_only_on_flipper
sd_card_content/badusb_extra_payloads/_unclassified/UberGuidoZ_BadUSB/emptythevoid-BadUSB/red_dead_redemption_2/Five_Finger_Filet/W/S/S/A/S/A/WSSASA.txt,sd_card_content/badusb_extra_payloads/_unclassified/UberGuidoZ_BadUSB/emptythevoid-BadUSB/red_dead_redemption_2/Five_Finger_Filet/W/S/S/A/S/A/flipper_only/WSSASA.txt,move_to_subfolder,works_only_on_flipper
sd_card_content/badusb_extra_payloads/_unclassified/UberGuidoZ_BadUSB/emptythevoid-BadUSB/red_dead_redemption_2/Five_Finger_Filet/W/S/S/A/S/D/WSSASD.txt,sd_card_content/badusb_extra_payloads/_unclassified/UberGuidoZ_BadUSB/emptythevoid-BadUSB/red_dead_redemption_2/Five_Finger_Filet/W/S/S/A/S/D/flipper_only/WSSASD.txt,move_to_subfolder,works_only_on_flipper
sd_card_content/badusb_extra_payloads/_unclassified/UberGuidoZ_BadUSB/emptythevoid-BadUSB/red_dead_redemption_2/Five_Finger_Filet/W/S/S/A/A/S/WSSAAS.txt,sd_card_content/badusb_extra_payloads/_unclassified/UberGuidoZ_BadUSB/emptythevoid-BadUSB/red_dead_redemption_2/Five_Finger_Filet/W/S/S/A/A/S/flipper_only/WSSAAS.txt,move_to_subfolder,works_only_on_flipper
sd_card_content/badusb_extra_payloads/_unclassified/UberGuidoZ_BadUSB/emptythevoid-BadUSB/red_dead_redemption_2/Five_Finger_Filet/W/S/S/A/A/A/WSSAAA.txt,sd_card_content/badusb_extra_payloads/_unclassified/UberGuidoZ_BadUSB/emptythevoid-BadUSB/red_dead_redemption_2/Five_Finger_Filet/W/S/S/A/A/A/flipper_only/WSSAAA.txt,move_to_subfolder,works_only_on_flipper
sd_card_content/badusb_extra_payloads/_unclassified/UberGuidoZ_BadUSB/emptythevoid-BadUSB/red_dead_redemption_2/Five_Finger_Filet/W/S/S/A/A/D/WSSAAD.txt,sd_card_content/badusb_extra_payloads/_unclassified/UberGuidoZ_BadUSB/emptythevoid-BadUSB/red_dead_redemption_2/Five_Finger_Filet/W/S/S/A/A/D/flipper_only/WSSAAD.txt,move_to_subfolder,works_only_on_flipper
sd_card_content/badusb_extra_payloads/_unclassified/UberGuidoZ_BadUSB/emptythevoid-BadUSB/red_dead_redemption_2/Five_Finger_Filet/W/S/S/A/D/S/WSSADS.txt,sd_card_content/badusb_extra_payloads/_unclassified/UberGuidoZ_BadUSB/emptythevoid-BadUSB/red_dead_redemption_2/Five_Finger_Filet/W/S/S/A/D/S/flipper_only/WSSADS.txt,move_to_subfolder,works_only_on_flipper
sd_card_content/badusb_extra_payloads/_unclassified/UberGuidoZ_BadUSB/emptythevoid-BadUSB/red_dead_redemption_2/Five_Finger_Filet/W/S/S/A/D/A/WSSADA.txt,sd_card_content/badusb_extra_payloads/_unclassified/UberGuidoZ_BadUSB/emptythevoid-BadUSB/red_dead_redemption_2/Five_Finger_Filet/W/S/S/A/D/A/flipper_only/WSSADA.txt,move_to_subfolder,works_only_on_flipper
sd_card_content/badusb_extra_payloads/_unclassified/UberGuidoZ_BadUSB/emptythevoid-BadUSB/red_dead_redemption_2/Five_Finger_Filet/W/S/S/A/D/D/WSSADD.txt,sd_card_content/badusb_extra_payloads/_unclassified/UberGuidoZ_BadUSB/emptythevoid-BadUSB/red_dead_redemption_2/Five_Finger_Filet/W/S/S/A/D/D/flipper_only/WSSADD.txt,move_to_subfolder,works_only_on_flipper
sd_card_content/badusb_extra_payloads/_unclassified/UberGuidoZ_BadUSB/emptythevoid-BadUSB/red_dead_redemption_2/Five_Finger_Filet/W/S/S/D/S/S/WSSDSS.txt,sd_card_content/badusb_extra_payloads/_unclassified/UberGuidoZ_BadUSB/emptythevoid-BadUSB/red_dead_redemption_2/Five_Finger_Filet/W/S/S/D/S/S/flipper_only/WSSDSS.txt,move_to_subfolder,works_only_on_flipper
sd_card_content/badusb_extra_payloads/_unclassified/UberGuidoZ_BadUSB/emptythevoid-BadUSB/red_dead_redemption_2/Five_Finger_Filet/W/S/S/D/S/A/WSSDSA.txt,sd_card_content/badusb_extra_payloads/_unclassified/UberGuidoZ_BadUSB/emptythevoid-BadUSB/red_dead_redemption_2/Five_Finger_Filet/W/S/S/D/S/A/flipper_only/WSSDSA.txt,move_to_subfolder,works_only_on_flipper
sd_card_content/badusb_extra_payloads/_unclassified/UberGuidoZ_BadUSB/emptythevoid-BadUSB/red_dead_redemption_2/Five_Finger_Filet/W/S/S/D/S/D/WSSDSD.txt,sd_card_content/badusb_extra_payloads/_unclassified/UberGuidoZ_BadUSB/emptythevoid-BadUSB/red_dead_redemption_2/Five_Finger_Filet/W/S/S/D/S/D/flipper_only/WSSDSD.txt,move_to_subfolder,works_only_on_flipper
sd_card_content/badusb_extra_payloads/_unclassified/UberGuidoZ_BadUSB/emptythevoid-BadUSB/red_dead_redemption_2/Five_Finger_Filet/W/S/S/D/A/S/WSSDAS.txt,sd_card_content/badusb_extra_payloads/_unclassified/UberGuidoZ_BadUSB/emptythevoid-BadUSB/red_dead_redemption_2/Five_Finger_Filet/W/S/S/D/A/S/flipper_only/WSSDAS.txt,move_to_subfolder,works_only_on_flipper
sd_card_content/badusb_extra_payloads/_unclassified/UberGuidoZ_BadUSB/emptythevoid-BadUSB/red_dead_redemption_2/Five_Finger_Filet/W/S/S/D/A/A/WSSDAA.txt,sd_card_content/badusb_extra_payloads/_unclassified/UberGuidoZ_BadUSB/emptythevoid-BadUSB/red_dead_redemption_2/Five_Finger_Filet/W/S/S/D/A/A/flipper_only/WSSDAA.txt,move_to_subfolder,works_only_on_flipper
sd_card_content/badusb_extra_payloads/_unclassified/UberGuidoZ_BadUSB/emptythevoid-BadUSB/red_dead_redemption_2/Five_Finger_Filet/W/S/S/D/A/D/WSSDAD.txt,sd_card_content/badusb_extra_payloads/_unclassified/UberGuidoZ_BadUSB/emptythevoid-BadUSB/red_dead_redemption_2/Five_Finger_Filet/W/S/S/D/A/D/flipper_only/WSSDAD.txt,move_to_subfolder,works_only_on_flipper
sd_card_content/badusb_extra_payloads/_unclassified/UberGuidoZ_BadUSB/emptythevoid-BadUSB/red_dead_redemption_2/Five_Finger_Filet/W/S/S/D/D/S/WSSDDS.txt,sd_card_content/badusb_extra_payloads/_unclassified/UberGuidoZ_BadUSB/emptythevoid-BadUSB/red_dead_redemption_2/Five_Finger_Filet/W/S/S/D/D/S/flipper_only/WSSDDS.txt,move_to_subfolder,works_only_on_flipper
sd_card_content/badusb_extra_payloads/_unclassified/UberGuidoZ_BadUSB/emptythevoid-BadUSB/red_dead_redemption_2/Five_Finger_Filet/W/S/S/D/D/A/WSSDDA.txt,sd_card_content/badusb_extra_payloads/_unclassified/UberGuidoZ_BadUSB/emptythevoid-BadUSB/red_dead_redemption_2/Five_Finger_Filet/W/S/S/D/D/A/flipper_only/WSSDDA.txt,move_to_subfolder,works_only_on_flipper
sd_card_content/badusb_extra_payloads/_unclassified/UberGuidoZ_BadUSB/emptythevoid-BadUSB/red_dead_redemption_2/Five_Finger_Filet/W/S/S/D/D/D/WSSDDD.txt,sd_card_content/badusb_extra_payloads/_unclassified/UberGuidoZ_BadUSB/emptythevoid-BadUSB/red_dead_redemption_2/Five_Finger_Filet/W/S/S/D/D/D/flipper_only/WSSDDD.txt,move_to_subfolder,works_only_on_flipper
sd_card_content/badusb_extra_payloads/_unclassified/UberGuidoZ_BadUSB/emptythevoid-BadUSB/red_dead_redemption_2/Five_Finger_Filet/W/S/A/S/S/S/WSASSS.txt,sd_card_content/badusb_extra_payloads/_unclassified/UberGuidoZ_BadUSB/emptythevoid-BadUSB/red_dead_redemption_2/Five_Finger_Filet/W/S/A/S/S/S/flipper_only/WSASSS.txt,move_to_subfolder,works_only_on_flipper
sd_card_content/badusb_extra_payloads/_unclassified/UberGuidoZ_BadUSB/emptythevoid-BadUSB/red_dead_redemption_2/Five_Finger_Filet/W/S/A/S/S/A/WSASSA.txt,sd_card_content/badusb_extra_payloads/_unclassified/UberGuidoZ_BadUSB/emptythevoid-BadUSB/red_dead_redemption_2/Five_Finger_Filet/W/S/A/S/S/A/flipper_only/WSASSA.txt,move_to_subfolder,works_only_on_flipper
sd_card_content/badusb_extra_payloads/_unclassified/UberGuidoZ_BadUSB/emptythevoid-BadUSB/red_dead_redemption_2/Five_Finger_Filet/W/S/A/S/S/D/WSASSD.txt,sd_card_content/badusb_extra_payloads/_unclassified/UberGuidoZ_BadUSB/emptythevoid-BadUSB/red_dead_redemption_2/Five_Finger_Filet/W/S/A/S/S/D/flipper_only/WSASSD.txt,move_to_subfolder,works_only_on_flipper
sd_card_content/badusb_extra_payloads/_unclassified/UberGuidoZ_BadUSB/emptythevoid-BadUSB/red_dead_redemption_2/Five_Finger_Filet/W/S/A/S/A/S/WSASAS.txt,sd_card_content/badusb_extra_payloads/_unclassified/UberGuidoZ_BadUSB/emptythevoid-BadUSB/red_dead_redemption_2/Five_Finger_Filet/W/S/A/S/A/S/flipper_only/WSASAS.txt,move_to_subfolder,works_only_on_flipper
sd_card_content/badusb_extra_payloads/_unclassified/UberGuidoZ_BadUSB/emptythevoid-BadUSB/red_dead_redemption_2/Five_Finger_Filet/W/S/A/S/A/A/WSASAA.txt,sd_card_content/badusb_extra_payloads/_unclassified/UberGuidoZ_BadUSB/emptythevoid-BadUSB/red_dead_redemption_2/Five_Finger_Filet/W/S/A/S/A/A/flipper_only/WSASAA.txt,move_to_subfolder,works_only_on_flipper
sd_card_content/badusb_extra_payloads/_unclassified/UberGuidoZ_BadUSB/emptythevoid-BadUSB/red_dead_redemption_2/Five_Finger_Filet/W/S/A/S/A/D/WSASAD.txt,sd_card_content/badusb_extra_payloads/_unclassified/UberGuidoZ_BadUSB/emptythevoid-BadUSB/red_dead_redemption_2/Five_Finger_Filet/W/S/A/S/A/D/flipper_only/WSASAD.txt,move_to_subfolder,works_only_on_flipper
sd_card_content/badusb_extra_payloads/_unclassified/UberGuidoZ_BadUSB/emptythevoid-BadUSB/red_dead_redemption_2/Five_Finger_Filet/W/S/A/S/D/S/WSASDS.txt,sd_card_content/badusb_extra_payloads/_unclassified/UberGuidoZ_BadUSB/emptythevoid-BadUSB/red_dead_redemption_2/Five_Finger_Filet/W/S/A/S/D/S/flipper_only/WSASDS.txt,move_to_subfolder,works_only_on_flipper
sd_card_content/badusb_extra_payloads/_unclassified/UberGuidoZ_BadUSB/emptythevoid-BadUSB/red_dead_redemption_2/Five_Finger_Filet/W/S/A/S/D/A/WSASDA.txt,sd_card_content/badusb_extra_payloads/_unclassified/UberGuidoZ_BadUSB/emptythevoid-BadUSB/red_dead_redemption_2/Five_Finger_Filet/W/S/A/S/D/A/flipper_only/WSASDA.txt,move_to_subfolder,works_only_on_flipper
sd_card_content/badusb_extra_payloads/_unclassified/UberGuidoZ_BadUSB/emptythevoid-BadUSB/red_dead_redemption_2/Five_Finger_Filet/W/S/A/S/D/D/WSASDD.txt,sd_card_content/badusb_extra_payloads/_unclassified/UberGuidoZ_BadUSB/emptythevoid-BadUSB/red_dead_redemption_2/Five_Finger_Filet/W/S/A/S/D/D/flipper_only/WSASDD.txt,move_to_subfolder,works_only_on_flipper
sd_card_content/badusb_extra_payloads/_unclassified/UberGuidoZ_BadUSB/emptythevoid-BadUSB/red_dead_redemption_2/Five_Finger_Filet/W/S/A/A/S/S/WSAASS.txt,sd_card_content/badusb_extra_payloads/_unclassified/UberGuidoZ_BadUSB/emptythevoid-BadUSB/red_dead_redemption_2/Five_Finger_Filet/W/S/A/A/S/S/flipper_only/WSAASS.txt,move_to_subfolder,works_only_on_flipper
sd_card_content/badusb_extra_payloads/_unclassified/UberGuidoZ_BadUSB/emptythevoid-BadUSB/red_dead_redemption_2/Five_Finger_Filet/W/S/A/A/S/A/WSAASA.txt,sd_card_content/badusb_extra_payloads/_unclassified/UberGuidoZ_BadUSB/emptythevoid-BadUSB/red_dead_redemption_2/Five_Finger_Filet/W/S/A/A/S/A/flipper_only/WSAASA.txt,move_to_subfolder,works_only_on_flipper
sd_card_content/badusb_extra_payloads/_unclassified/UberGuidoZ_BadUSB/emptythevoid-BadUSB/red_dead_redemption_2/Five_Finger_Filet/W/S/A/A/S/D/WSAASD.txt,sd_card_content/badusb_extra_payloads/_unclassified/UberGuidoZ_BadUSB/emptythevoid-BadUSB/red_dead_redemption_2/Five_Finger_Filet/W/S/A/A/S/D/flipper_only/WSAASD.txt,move_to_subfolder,works_only_on_flipper
sd_card_content/badusb_extra_payloads/_unclassified/UberGuidoZ_BadUSB/emptythevoid-BadUSB/red_dead_redemption_2/Five_Finger_Filet/W/S/A/A/A/S/WSAAAS.txt,sd_card_content/badusb_extra_payloads/_unclassified/UberGuidoZ_BadUSB/emptythevoid-BadUSB/red_dead_redemption_2/Five_Finger_Filet/W/S/A/A/A/S/flipper_only/WSAAAS.txt,move_to_subfolder,works_only_on_flipper
sd_card_content/badusb_extra_payloads/_unclassified/UberGuidoZ_BadUSB/emptythevoid-BadUSB/red_dead_redemption_2/Five_Finger_Filet/W/S/A/A/A/A/WSAAAA.txt,sd_card_content/badusb_extra_payloads/_unclassified/UberGuidoZ_BadUSB/emptythevoid-BadUSB/red_dead_redemption_2/Five_Finger_Filet/W/S/A/A/A/A/flipper_only/WSAAAA.txt,move_to_subfolder,works_only_on_flipper
sd_card_content/badusb_extra_payloads/_unclassified/UberGuidoZ_BadUSB/emptythevoid-BadUSB/red_dead_redemption_2/Five_Finger_Filet/W/S/A/A/A/D/WSAAAD.txt,sd_card_content/badusb_extra_payloads/_unclassified/UberGuidoZ_BadUSB/emptythevoid-BadUSB/red_dead_redemption_2/Five_Finger_Filet/W/S/A/A/A/D/flipper_only/WSAAAD.txt,move_to_subfolder,works_only_on_flipper
sd_card_content/badusb_extra_payloads/_unclassified/UberGuidoZ_BadUSB/emptythevoid-BadUSB/red_dead_redemption_2/Five_Finger_Filet/W/S/A/A/D/S/WSAADS.txt,sd_card_content/badusb_extra_payloads/_unclassified/UberGuidoZ_BadUSB/emptythevoid-BadUSB/red_dead_redemption_2/Five_Finger_Filet/W/S/A/A/D/S/flipper_only/WSAADS.txt,move_to_subfolder,works_only_on_flipper
sd_card_content/badusb_extra_payloads/_unclassified/UberGuidoZ_BadUSB/emptythevoid-BadUSB/red_dead_redemption_2/Five_Finger_Filet/W/S/A/A/D/A/WSAADA.txt,sd_card_content/badusb_extra_payloads/_unclassified/UberGuidoZ_BadUSB/emptythevoid-BadUSB/red_dead_redemption_2/Five_Finger_Filet/W/S/A/A/D/A/flipper_only/WSAADA.txt,move_to_subfolder,works_only_on_flipper
sd_card_content/badusb_extra_payloads/_unclassified/UberGuidoZ_BadUSB/emptythevoid-BadUSB/red_dead_redemption_2/Five_Finger_Filet/W/S/A/A/D/D/WSAADD.txt,sd_card_content/badusb_extra_payloads/_unclassified/UberGuidoZ_BadUSB/emptythevoid-BadUSB/red_dead_redemption_2/Five_Finger_Filet/W/S/A/A/D/D/flipper_only/WSAADD.txt,move_to_subfolder,works_only_on_flipper
sd_card_content/badusb_extra_payloads/_unclassified/UberGuidoZ_BadUSB/emptythevoid-BadUSB/red_dead_redemption_2/Five_Finger_Filet/W/S/A/D/S/S/WSADSS.txt,sd_card_content/badusb_extra_payloads/_unclassified/UberGuidoZ_BadUSB/emptythevoid-BadUSB/red_dead_redemption_2/Five_Finger_Filet/W/S/A/D/S/S/flipper_only/WSADSS.txt,move_to_subfolder,works_only_on_flipper
sd_card_content/badusb_extra_payloads/_unclassified/UberGuidoZ_BadUSB/emptythevoid-BadUSB/red_dead_redemption_2/Five_Finger_Filet/W/S/A/D/S/A/WSADSA.txt,sd_card_content/badusb_extra_payloads/_unclassified/UberGuidoZ_BadUSB/emptythevoid-BadUSB/red_dead_redemption_2/Five_Finger_Filet/W/S/A/D/S/A/flipper_only/WSADSA.txt,move_to_subfolder,works_only_on_flipper
sd_card_content/badusb_extra_payloads/_unclassified/UberGuidoZ_BadUSB/emptythevoid-BadUSB/red_dead_redemption_2/Five_Finger_Filet/W/S/A/D/S/D/WSADSD.txt,sd_card_content/badusb_extra_payloads/_unclassified/UberGuidoZ_BadUSB/emptythevoid-BadUSB/red_dead_redemption_2/Five_Finger_Filet/W/S/A/D/S/D/flipper_only/WSADSD.txt,move_to_subfolder,works_only_on_flipper
sd_card_content/badusb_extra_payloads/_unclassified/UberGuidoZ_BadUSB/emptythevoid-BadUSB/red_dead_redemption_2/Five_Finger_Filet/W/S/A/D/A/S/WSADAS.txt,sd_card_content/badusb_extra_payloads/_unclassified/UberGuidoZ_BadUSB/emptythevoid-BadUSB/red_dead_redemption_2/Five_Finger_Filet/W/S/A/D/A/S/flipper_only/WSADAS.txt,move_to_subfolder,works_only_on_flipper
sd_card_content/badusb_extra_payloads/_unclassified/UberGuidoZ_BadUSB/emptythevoid-BadUSB/red_dead_redemption_2/Five_Finger_Filet/W/S/A/D/A/A/WSADAA.txt,sd_card_content/badusb_extra_payloads/_unclassified/UberGuidoZ_BadUSB/emptythevoid-BadUSB/red_dead_redemption_2/Five_Finger_Filet/W/S/A/D/A/A/flipper_only/WSADAA.txt,move_to_subfolder,works_only_on_flipper
sd_card_content/badusb_extra_payloads/_unclassified/UberGuidoZ_BadUSB/emptythevoid-BadUSB/red_dead_redemption_2/Five_Finger_Filet/W/S/A/D/A/D/WSADAD.txt,sd_card_content/badusb_extra_payloads/_unclassified/UberGuidoZ_BadUSB/emptythevoid-BadUSB/red_dead_redemption_2/Five_Finger_Filet/W/S/A/D/A/D/flipper_only/WSADAD.txt,move_to_subfolder,works_only_on_flipper
sd_card_content/badusb_extra_payloads/_unclassified/UberGuidoZ_BadUSB/emptythevoid-BadUSB/red_dead_redemption_2/Five_Finger_Filet/W/S/A/D/D/S/WSADDS.txt,sd_card_content/badusb_extra_payloads/_unclassified/UberGuidoZ_BadUSB/emptythevoid-BadUSB/red_dead_redemption_2/Five_Finger_Filet/W/S/A/D/D/S/flipper_only/WSADDS.txt,move_to_subfolder,works_only_on_flipper
sd_card_content/badusb_extra_payloads/_unclassified/UberGuidoZ_BadUSB/emptythevoid-BadUSB/red_dead_redemption_2/Five_Finger_Filet/W/S/A/D/D/A/WSADDA.txt,sd_card_content/badusb_extra_payloads/_unclassified/UberGuidoZ_BadUSB/emptythevoid-BadUSB/red_dead_redemption_2/Five_Finger_Filet/W/S/A/D/D/A/flipper_only/WSADDA.txt,move_to_subfolder,works_only_on_flipper
sd_card_content/badusb_extra_payloads/_unclassified/UberGuidoZ_BadUSB/emptythevoid-BadUSB/red_dead_redemption_2/Five_Finger_Filet/W/S/A/D/D/D/WSADDD.txt,sd_card_content/badusb_extra_payloads/_unclassified/UberGuidoZ_BadUSB/emptythevoid-BadUSB/red_dead_redemption_2/Five_Finger_Filet/W/S/A/D/D/D/flipper_only/WSADDD.txt,move_to_subfolder,works_only_on_flipper
sd_card_content/badusb_extra_payloads/_unclassified/UberGuidoZ_BadUSB/emptythevoid-BadUSB/red_dead_redemption_2/Five_Finger_Filet/W/S/D/S/S/S/WSDSSS.txt,sd_card_content/badusb_extra_payloads/_unclassified/UberGuidoZ_BadUSB/emptythevoid-BadUSB/red_dead_redemption_2/Five_Finger_Filet/W/S/D/S/S/S/flipper_only/WSDSSS.txt,move_to_subfolder,works_only_on_flipper
sd_card_content/badusb_extra_payloads/_unclassified/UberGuidoZ_BadUSB/emptythevoid-BadUSB/red_dead_redemption_2/Five_Finger_Filet/W/S/D/S/S/A/WSDSSA.txt,sd_card_content/badusb_extra_payloads/_unclassified/UberGuidoZ_BadUSB/emptythevoid-BadUSB/red_dead_redemption_2/Five_Finger_Filet/W/S/D/S/S/A/flipper_only/WSDSSA.txt,move_to_subfolder,works_only_on_flipper
sd_card_content/badusb_extra_payloads/_unclassified/UberGuidoZ_BadUSB/emptythevoid-BadUSB/red_dead_redemption_2/Five_Finger_Filet/W/S/D/S/S/D/WSDSSD.txt,sd_card_content/badusb_extra_payloads/_unclassified/UberGuidoZ_BadUSB/emptythevoid-BadUSB/red_dead_redemption_2/Five_Finger_Filet/W/S/D/S/S/D/flipper_only/WSDSSD.txt,move_to_subfolder,works_only_on_flipper
sd_card_content/badusb_extra_payloads/_unclassified/UberGuidoZ_BadUSB/emptythevoid-BadUSB/red_dead_redemption_2/Five_Finger_Filet/W/S/D/S/A/S/WSDSAS.txt,sd_card_content/badusb_extra_payloads/_unclassified/UberGuidoZ_BadUSB/emptythevoid-BadUSB/red_dead_redemption_2/Five_Finger_Filet/W/S/D/S/A/S/flipper_only/WSDSAS.txt,move_to_subfolder,works_only_on_flipper
sd_card_content/badusb_extra_payloads/_unclassified/UberGuidoZ_BadUSB/emptythevoid-BadUSB/red_dead_redemption_2/Five_Finger_Filet/W/S/D/S/A/A/WSDSAA.txt,sd_card_content/badusb_extra_payloads/_unclassified/UberGuidoZ_BadUSB/emptythevoid-BadUSB/red_dead_redemption_2/Five_Finger_Filet/W/S/D/S/A/A/flipper_only/WSDSAA.txt,move_to_subfolder,works_only_on_flipper
sd_card_content/badusb_extra_payloads/_unclassified/UberGuidoZ_BadUSB/emptythevoid-BadUSB/red_dead_redemption_2/Five_Finger_Filet/W/S/D/S/A/D/WSDSAD.txt,sd_card_content/badusb_extra_payloads/_unclassified/UberGuidoZ_BadUSB/emptythevoid-BadUSB/red_dead_redemption_2/Five_Finger_Filet/W/S/D/S/A/D/flipper_only/WSDSAD.txt,move_to_subfolder,works_only_on_flipper
sd_card_content/badusb_extra_payloads/_unclassified/UberGuidoZ_BadUSB/emptythevoid-BadUSB/red_dead_redemption_2/Five_Finger_Filet/W/S/D/S/D/S/WSDSDS.txt,sd_card_content/badusb_extra_payloads/_unclassified/UberGuidoZ_BadUSB/emptythevoid-BadUSB/red_dead_redemption_2/Five_Finger_Filet/W/S/D/S/D/S/flipper_only/WSDSDS.txt,move_to_subfolder,works_only_on_flipper
sd_card_content/badusb_extra_payloads/_unclassified/UberGuidoZ_BadUSB/emptythevoid-BadUSB/red_dead_redemption_2/Five_Finger_Filet/W/S/D/S/D/A/WSDSDA.txt,sd_card_content/badusb_extra_payloads/_unclassified/UberGuidoZ_BadUSB/emptythevoid-BadUSB/red_dead_redemption_2/Five_Finger_Filet/W/S/D/S/D/A/flipper_only/WSDSDA.txt,move_to_subfolder,works_only_on_flipper
sd_card_content/badusb_extra_payloads/_unclassified/UberGuidoZ_BadUSB/emptythevoid-BadUSB/red_dead_redemption_2/Five_Finger_Filet/W/S/D/S/D/D/WSDSDD.txt,sd_card_content/badusb_extra_payloads/_unclassified/UberGuidoZ_BadUSB/emptythevoid-BadUSB/red_dead_redemption_2/Five_Finger_Filet/W/S/D/S/D/D/flipper_only/WSDSDD.txt,move_to_subfolder,works_only_on_flipper
sd_card_content/badusb_extra_payloads/_unclassified/UberGuidoZ_BadUSB/emptythevoid-BadUSB/red_dead_redemption_2/Five_Finger_Filet/W/S/D/A/S/S/WSDASS.txt,sd_card_content/badusb_extra_payloads/_unclassified/UberGuidoZ_BadUSB/emptythevoid-BadUSB/red_dead_redemption_2/Five_Finger_Filet/W/S/D/A/S/S/flipper_only/WSDASS.txt,move_to_subfolder,works_only_on_flipper
sd_card_content/badusb_extra_payloads/_unclassified/UberGuidoZ_BadUSB/emptythevoid-BadUSB/red_dead_redemption_2/Five_Finger_Filet/W/S/D/A/S/A/WSDASA.txt,sd_card_content/badusb_extra_payloads/_unclassified/UberGuidoZ_BadUSB/emptythevoid-BadUSB/red_dead_redemption_2/Five_Finger_Filet/W/S/D/A/S/A/flipper_only/WSDASA.txt,move_to_subfolder,works_only_on_flipper
sd_card_content/badusb_extra_payloads/_unclassified/UberGuidoZ_BadUSB/emptythevoid-BadUSB/red_dead_redemption_2/Five_Finger_Filet/W/S/D/A/S/D/WSDASD.txt,sd_card_content/badusb_extra_payloads/_unclassified/UberGuidoZ_BadUSB/emptythevoid-BadUSB/red_dead_redemption_2/Five_Finger_Filet/W/S/D/A/S/D/flipper_only/WSDASD.txt,move_to_subfolder,works_only_on_flipper
sd_card_content/badusb_extra_payloads/_unclassified/UberGuidoZ_BadUSB/emptythevoid-BadUSB/red_dead_redemption_2/Five_Finger_Filet/W/S/D/A/A/S/WSDAAS.txt,sd_card_content/badusb_extra_payloads/_unclassified/UberGuidoZ_BadUSB/emptythevoid-BadUSB/red_dead_redemption_2/Five_Finger_Filet/W/S/D/A/A/S/flipper_only/WSDAAS.txt,move_to_subfolder,works_only_on_flipper
sd_card_content/badusb_extra_payloads/_unclassified/UberGuidoZ_BadUSB/emptythevoid-BadUSB/red_dead_redemption_2/Five_Finger_Filet/W/S/D/A/A/A/WSDAAA.txt,sd_card_content/badusb_extra_payloads/_unclassified/UberGuidoZ_BadUSB/emptythevoid-BadUSB/red_dead_redemption_2/Five_Finger_Filet/W/S/D/A/A/A/flipper_only/WSDAAA.txt,move_to_subfolder,works_only_on_flipper
sd_card_content/badusb_extra_payloads/_unclassified/UberGuidoZ_BadUSB/emptythevoid-BadUSB/red_dead_redemption_2/Five_Finger_Filet/W/S/D/A/A/D/WSDAAD.txt,sd_card_content/badusb_extra_payloads/_unclassified/UberGuidoZ_BadUSB/emptythevoid-BadUSB/red_dead_redemption_2/Five_Finger_Filet/W/S/D/A/A/D/flipper_only/WSDAAD.txt,move_to_subfolder,works_only_on_flipper
sd_card_content/badusb_extra_payloads/_unclassified/UberGuidoZ_BadUSB/emptythevoid-BadUSB/red_dead_redemption_2/Five_Finger_Filet/W/S/D/A/D/S/WSDADS.txt,sd_card_content/badusb_extra_payloads/_unclassified/UberGuidoZ_BadUSB/emptythevoid-BadUSB/red_dead_redemption_2/Five_Finger_Filet/W/S/D/A/D/S/flipper_only/WSDADS.txt,move_to_subfolder,works_only_on_flipper
sd_card_content/badusb_extra_payloads/_unclassified/UberGuidoZ_BadUSB/emptythevoid-BadUSB/red_dead_redemption_2/Five_Finger_Filet/W/S/D/A/D/A/WSDADA.txt,sd_card_content/badusb_extra_payloads/_unclassified/UberGuidoZ_BadUSB/emptythevoid-BadUSB/red_dead_redemption_2/Five_Finger_Filet/W/S/D/A/D/A/flipper_only/WSDADA.txt,move_to_subfolder,works_only_on_flipper
sd_card_content/badusb_extra_payloads/_unclassified/UberGuidoZ_BadUSB/emptythevoid-BadUSB/red_dead_redemption_2/Five_Finger_Filet/W/S/D/A/D/D/WSDADD.txt,sd_card_content/badusb_extra_payloads/_unclassified/UberGuidoZ_BadUSB/emptythevoid-BadUSB/red_dead_redemption_2/Five_Finger_Filet/W/S/D/A/D/D/flipper_only/WSDADD.txt,move_to_subfolder,works_only_on_flipper
sd_card_content/badusb_extra_payloads/_unclassified/UberGuidoZ_BadUSB/emptythevoid-BadUSB/red_dead_redemption_2/Five_Finger_Filet/W/S/D/D/S/S/WSDDSS.txt,sd_card_content/badusb_extra_payloads/_unclassified/UberGuidoZ_BadUSB/emptythevoid-BadUSB/red_dead_redemption_2/Five_Finger_Filet/W/S/D/D/S/S/flipper_only/WSDDSS.txt,move_to_subfolder,works_only_on_flipper
sd_card_content/badusb_extra_payloads/_unclassified/UberGuidoZ_BadUSB/emptythevoid-BadUSB/red_dead_redemption_2/Five_Finger_Filet/W/S/D/D/S/A/WSDDSA.txt,sd_card_content/badusb_extra_payloads/_unclassified/UberGuidoZ_BadUSB/emptythevoid-BadUSB/red_dead_redemption_2/Five_Finger_Filet/W/S/D/D/S/A/flipper_only/WSDDSA.txt,move_to_subfolder,works_only_on_flipper
sd_card_content/badusb_extra_payloads/_unclassified/UberGuidoZ_BadUSB/emptythevoid-BadUSB/red_dead_redemption_2/Five_Finger_Filet/W/S/D/D/S/D/WSDDSD.txt,sd_card_content/badusb_extra_payloads/_unclassified/UberGuidoZ_BadUSB/emptythevoid-BadUSB/red_dead_redemption_2/Five_Finger_Filet/W/S/D/D/S/D/flipper_only/WSDDSD.txt,move_to_subfolder,works_only_on_flipper
sd_card_content/badusb_extra_payloads/_unclassified/UberGuidoZ_BadUSB/emptythevoid-BadUSB/red_dead_redemption_2/Five_Finger_Filet/W/S/D/D/A/S/WSDDAS.txt,sd_card_content/badusb_extra_payloads/_unclassified/UberGuidoZ_BadUSB/emptythevoid-BadUSB/red_dead_redemption_2/Five_Finger_Filet/W/S/D/D/A/S/flipper_only/WSDDAS.txt,move_to_subfolder,works_only_on_flipper
sd_card_content/badusb_extra_payloads/_unclassified/UberGuidoZ_BadUSB/emptythevoid-BadUSB/red_dead_redemption_2/Five_Finger_Filet/W/S/D/D/A/A/WSDDAA.txt,sd_card_content/badusb_extra_payloads/_unclassified/UberGuidoZ_BadUSB/emptythevoid-BadUSB/red_dead_redemption_2/Five_Finger_Filet/W/S/D/D/A/A/flipper_only/WSDDAA.txt,move_to_subfolder,works_only_on_flipper
sd_card_content/badusb_extra_payloads/_unclassified/UberGuidoZ_BadUSB/emptythevoid-BadUSB/red_dead_redemption_2/Five_Finger_Filet/W/S/D/D/A/D/WSDDAD.txt,sd_card_content/badusb_extra_payloads/_unclassified/UberGuidoZ_BadUSB/emptythevoid-BadUSB/red_dead_redemption_2/Five_Finger_Filet/W/S/D/D/A/D/flipper_only/WSDDAD.txt,move_to_subfolder,works_only_on_flipper
sd_card_content/badusb_extra_payloads/_unclassified/UberGuidoZ_BadUSB/emptythevoid-BadUSB/red_dead_redemption_2/Five_Finger_Filet/W/S/D/D/D/S/WSDDDS.txt,sd_card_content/badusb_extra_payloads/_unclassified/UberGuidoZ_BadUSB/emptythevoid-BadUSB/red_dead_redemption_2/Five_Finger_Filet/W/S/D/D/D/S/flipper_only/WSDDDS.txt,move_to_subfolder,works_only_on_flipper
sd_card_content/badusb_extra_payloads/_unclassified/UberGuidoZ_BadUSB/emptythevoid-BadUSB/red_dead_redemption_2/Five_Finger_Filet/W/S/D/D/D/A/WSDDDA.txt,sd_card_content/badusb_extra_payloads/_unclassified/UberGuidoZ_BadUSB/emptythevoid-BadUSB/red_dead_redemption_2/Five_Finger_Filet/W/S/D/D/D/A/flipper_only/WSDDDA.txt,move_to_subfolder,works_only_on_flipper
sd_card_content/badusb_extra_payloads/_unclassified/UberGuidoZ_BadUSB/emptythevoid-BadUSB/red_dead_redemption_2/Five_Finger_Filet/W/S/D/D/D/D/WSDDDD.txt,sd_card_content/badusb_extra_payloads/_unclassified/UberGuidoZ_BadUSB/emptythevoid-BadUSB/red_dead_redemption_2/Five_Finger_Filet/W/S/D/D/D/D/flipper_only/WSDDDD.txt,move_to_subfolder,works_only_on_flipper
sd_card_content/badusb_extra_payloads/_unclassified/UberGuidoZ_BadUSB/emptythevoid-BadUSB/red_dead_redemption_2/Five_Finger_Filet/W/A/S/S/S/S/WASSSS.txt,sd_card_content/badusb_extra_payloads/_unclassified/UberGuidoZ_BadUSB/emptythevoid-BadUSB/red_dead_redemption_2/Five_Finger_Filet/W/A/S/S/S/S/flipper_only/WASSSS.txt,move_to_subfolder,works_only_on_flipper
sd_card_content/badusb_extra_payloads/_unclassified/UberGuidoZ_BadUSB/emptythevoid-BadUSB/red_dead_redemption_2/Five_Finger_Filet/W/A/S/S/S/A/WASSSA.txt,sd_card_content/badusb_extra_payloads/_unclassified/UberGuidoZ_BadUSB/emptythevoid-BadUSB/red_dead_redemption_2/Five_Finger_Filet/W/A/S/S/S/A/flipper_only/WASSSA.txt,move_to_subfolder,works_only_on_flipper
sd_card_content/badusb_extra_payloads/_unclassified/UberGuidoZ_BadUSB/emptythevoid-BadUSB/red_dead_redemption_2/Five_Finger_Filet/W/A/S/S/S/D/WASSSD.txt,sd_card_content/badusb_extra_payloads/_unclassified/UberGuidoZ_BadUSB/emptythevoid-BadUSB/red_dead_redemption_2/Five_Finger_Filet/W/A/S/S/S/D/flipper_only/WASSSD.txt,move_to_subfolder,works_only_on_flipper
sd_card_content/badusb_extra_payloads/_unclassified/UberGuidoZ_BadUSB/emptythevoid-BadUSB/red_dead_redemption_2/Five_Finger_Filet/W/A/S/S/A/S/WASSAS.txt,sd_card_content/badusb_extra_payloads/_unclassified/UberGuidoZ_BadUSB/emptythevoid-BadUSB/red_dead_redemption_2/Five_Finger_Filet/W/A/S/S/A/S/flipper_only/WASSAS.txt,move_to_subfolder,works_only_on_flipper
sd_card_content/badusb_extra_payloads/_unclassified/UberGuidoZ_BadUSB/emptythevoid-BadUSB/red_dead_redemption_2/Five_Finger_Filet/W/A/S/S/A/A/WASSAA.txt,sd_card_content/badusb_extra_payloads/_unclassified/UberGuidoZ_BadUSB/emptythevoid-BadUSB/red_dead_redemption_2/Five_Finger_Filet/W/A/S/S/A/A/flipper_only/WASSAA.txt,move_to_subfolder,works_only_on_flipper
sd_card_content/badusb_extra_payloads/_unclassified/UberGuidoZ_BadUSB/emptythevoid-BadUSB/red_dead_redemption_2/Five_Finger_Filet/W/A/S/S/A/D/WASSAD.txt,sd_card_content/badusb_extra_payloads/_unclassified/UberGuidoZ_BadUSB/emptythevoid-BadUSB/red_dead_redemption_2/Five_Finger_Filet/W/A/S/S/A/D/flipper_only/WASSAD.txt,move_to_subfolder,works_only_on_flipper
sd_card_content/badusb_extra_payloads/_unclassified/UberGuidoZ_BadUSB/emptythevoid-BadUSB/red_dead_redemption_2/Five_Finger_Filet/W/A/S/S/D/S/WASSDS.txt,sd_card_content/badusb_extra_payloads/_unclassified/UberGuidoZ_BadUSB/emptythevoid-BadUSB/red_dead_redemption_2/Five_Finger_Filet/W/A/S/S/D/S/flipper_only/WASSDS.txt,move_to_subfolder,works_only_on_flipper
sd_card_content/badusb_extra_payloads/_unclassified/UberGuidoZ_BadUSB/emptythevoid-BadUSB/red_dead_redemption_2/Five_Finger_Filet/W/A/S/S/D/A/WASSDA.txt,sd_card_content/badusb_extra_payloads/_unclassified/UberGuidoZ_BadUSB/emptythevoid-BadUSB/red_dead_redemption_2/Five_Finger_Filet/W/A/S/S/D/A/flipper_only/WASSDA.txt,move_to_subfolder,works_only_on_flipper
sd_card_content/badusb_extra_payloads/_unclassified/UberGuidoZ_BadUSB/emptythevoid-BadUSB/red_dead_redemption_2/Five_Finger_Filet/W/A/S/S/D/D/WASSDD.txt,sd_card_content/badusb_extra_payloads/_unclassified/UberGuidoZ_BadUSB/emptythevoid-BadUSB/red_dead_redemption_2/Five_Finger_Filet/W/A/S/S/D/D/flipper_only/WASSDD.txt,move_to_subfolder,works_only_on_flipper
sd_card_content/badusb_extra_payloads/_unclassified/UberGuidoZ_BadUSB/emptythevoid-BadUSB/red_dead_redemption_2/Five_Finger_Filet/W/A/S/A/S/S/WASASS.txt,sd_card_content/badusb_extra_payloads/_unclassified/UberGuidoZ_BadUSB/emptythevoid-BadUSB/red_dead_redemption_2/Five_Finger_Filet/W/A/S/A/S/S/flipper_only/WASASS.txt,move_to_subfolder,works_only_on_flipper
sd_card_content/badusb_extra_payloads/_unclassified/UberGuidoZ_BadUSB/emptythevoid-BadUSB/red_dead_redemption_2/Five_Finger_Filet/W/A/S/A/S/A/WASASA.txt,sd_card_content/badusb_extra_payloads/_unclassified/UberGuidoZ_BadUSB/emptythevoid-BadUSB/red_dead_redemption_2/Five_Finger_Filet/W/A/S/A/S/A/flipper_only/WASASA.txt,move_to_subfolder,works_only_on_flipper
sd_card_content/badusb_extra_payloads/_unclassified/UberGuidoZ_BadUSB/emptythevoid-BadUSB/red_dead_redemption_2/Five_Finger_Filet/W/A/S/A/S/D/WASASD.txt,sd_card_content/badusb_extra_payloads/_unclassified/UberGuidoZ_BadUSB/emptythevoid-BadUSB/red_dead_redemption_2/Five_Finger_Filet/W/A/S/A/S/D/flipper_only/WASASD.txt,move_to_subfolder,works_only_on_flipper
sd_card_content/badusb_extra_payloads/_unclassified/UberGuidoZ_BadUSB/emptythevoid-BadUSB/red_dead_redemption_2/Five_Finger_Filet/W/A/S/A/A/S/WASAAS.txt,sd_card_content/badusb_extra_payloads/_unclassified/UberGuidoZ_BadUSB/emptythevoid-BadUSB/red_dead_redemption_2/Five_Finger_Filet/W/A/S/A/A/S/flipper_only/WASAAS.txt,move_to_subfolder,works_only_on_flipper
sd_card_content/badusb_extra_payloads/_unclassified/UberGuidoZ_BadUSB/emptythevoid-BadUSB/red_dead_redemption_2/Five_Finger_Filet/W/A/S/A/A/A/WASAAA.txt,sd_card_content/badusb_extra_payloads/_unclassified/UberGuidoZ_BadUSB/emptythevoid-BadUSB/red_dead_redemption_2/Five_Finger_Filet/W/A/S/A/A/A/flipper_only/WASAAA.txt,move_to_subfolder,works_only_on_flipper
sd_card_content/badusb_extra_payloads/_unclassified/UberGuidoZ_BadUSB/emptythevoid-BadUSB/red_dead_redemption_2/Five_Finger_Filet/W/A/S/A/A/D/WASAAD.txt,sd_card_content/badusb_extra_payloads/_unclassified/UberGuidoZ_BadUSB/emptythevoid-BadUSB/red_dead_redemption_2/Five_Finger_Filet/W/A/S/A/A/D/flipper_only/WASAAD.txt,move_to_subfolder,works_only_on_flipper
sd_card_content/badusb_extra_payloads/_unclassified/UberGuidoZ_BadUSB/emptythevoid-BadUSB/red_dead_redemption_2/Five_Finger_Filet/W/A/S/A/D/S/WASADS.txt,sd_card_content/badusb_extra_payloads/_unclassified/UberGuidoZ_BadUSB/emptythevoid-BadUSB/red_dead_redemption_2/Five_Finger_Filet/W/A/S/A/D/S/flipper_only/WASADS.txt,move_to_subfolder,works_only_on_flipper
sd_card_content/badusb_extra_payloads/_unclassified/UberGuidoZ_BadUSB/emptythevoid-BadUSB/red_dead_redemption_2/Five_Finger_Filet/W/A/S/A/D/A/WASADA.txt,sd_card_content/badusb_extra_payloads/_unclassified/UberGuidoZ_BadUSB/emptythevoid-BadUSB/red_dead_redemption_2/Five_Finger_Filet/W/A/S/A/D/A/flipper_only/WASADA.txt,move_to_subfolder,works_only_on_flipper
sd_card_content/badusb_extra_payloads/_unclassified/UberGuidoZ_BadUSB/emptythevoid-BadUSB/red_dead_redemption_2/Five_Finger_Filet/W/A/S/A/D/D/WASADD.txt,sd_card_content/badusb_extra_payloads/_unclassified/UberGuidoZ_BadUSB/emptythevoid-BadUSB/red_dead_redemption_2/Five_Finger_Filet/W/A/S/A/D/D/flipper_only/WASADD.txt,move_to_subfolder,works_only_on_flipper
sd_card_content/badusb_extra_payloads/_unclassified/UberGuidoZ_BadUSB/emptythevoid-BadUSB/red_dead_redemption_2/Five_Finger_Filet/W/A/S/D/S/S/WASDSS.txt,sd_card_content/badusb_extra_payloads/_unclassified/UberGuidoZ_BadUSB/emptythevoid-BadUSB/red_dead_redemption_2/Five_Finger_Filet/W/A/S/D/S/S/flipper_only/WASDSS.txt,move_to_subfolder,works_only_on_flipper
sd_card_content/badusb_extra_payloads/_unclassified/UberGuidoZ_BadUSB/emptythevoid-BadUSB/red_dead_redemption_2/Five_Finger_Filet/W/A/S/D/S/A/WASDSA.txt,sd_card_content/badusb_extra_payloads/_unclassified/UberGuidoZ_BadUSB/emptythevoid-BadUSB/red_dead_redemption_2/Five_Finger_Filet/W/A/S/D/S/A/flipper_only/WASDSA.txt,move_to_subfolder,works_only_on_flipper
sd_card_content/badusb_extra_payloads/_unclassified/UberGuidoZ_BadUSB/emptythevoid-BadUSB/red_dead_redemption_2/Five_Finger_Filet/W/A/S/D/S/D/WASDSD.txt,sd_card_content/badusb_extra_payloads/_unclassified/UberGuidoZ_BadUSB/emptythevoid-BadUSB/red_dead_redemption_2/Five_Finger_Filet/W/A/S/D/S/D/flipper_only/WASDSD.txt,move_to_subfolder,works_only_on_flipper
sd_card_content/badusb_extra_payloads/_unclassified/UberGuidoZ_BadUSB/emptythevoid-BadUSB/red_dead_redemption_2/Five_Finger_Filet/W/A/S/D/A/S/WASDAS.txt,sd_card_content/badusb_extra_payloads/_unclassified/UberGuidoZ_BadUSB/emptythevoid-BadUSB/red_dead_redemption_2/Five_Finger_Filet/W/A/S/D/A/S/flipper_only/WASDAS.txt,move_to_subfolder,works_only_on_flipper
sd_card_content/badusb_extra_payloads/_unclassified/UberGuidoZ_BadUSB/emptythevoid-BadUSB/red_dead_redemption_2/Five_Finger_Filet/W/A/S/D/A/A/WASDAA.txt,sd_card_content/badusb_extra_payloads/_unclassified/UberGuidoZ_BadUSB/emptythevoid-BadUSB/red_dead_redemption_2/Five_Finger_Filet/W/A/S/D/A/A/flipper_only/WASDAA.txt,move_to_subfolder,works_only_on_flipper
sd_card_content/badusb_extra_payloads/_unclassified/UberGuidoZ_BadUSB/emptythevoid-BadUSB/red_dead_redemption_2/Five_Finger_Filet/W/A/S/D/A/D/WASDAD.txt,sd_card_content/badusb_extra_payloads/_unclassified/UberGuidoZ_BadUSB/emptythevoid-BadUSB/red_dead_redemption_2/Five_Finger_Filet/W/A/S/D/A/D/flipper_only/WASDAD.txt,move_to_subfolder,works_only_on_flipper
sd_card_content/badusb_extra_payloads/_unclassified/UberGuidoZ_BadUSB/emptythevoid-BadUSB/red_dead_redemption_2/Five_Finger_Filet/W/A/S/D/D/S/WASDDS.txt,sd_card_content/badusb_extra_payloads/_unclassified/UberGuidoZ_BadUSB/emptythevoid-BadUSB/red_dead_redemption_2/Five_Finger_Filet/W/A/S/D/D/S/flipper_only/WASDDS.txt,move_to_subfolder,works_only_on_flipper
sd_card_content/badusb_extra_payloads/_unclassified/UberGuidoZ_BadUSB/emptythevoid-BadUSB/red_dead_redemption_2/Five_Finger_Filet/W/A/S/D/D/A/WASDDA.txt,sd_card_content/badusb_extra_payloads/_unclassified/UberGuidoZ_BadUSB/emptythevoid-BadUSB/red_dead_redemption_2/Five_Finger_Filet/W/A/S/D/D/A/flipper_only/WASDDA.txt,move_to_subfolder,works_only_on_flipper
sd_card_content/badusb_extra_payloads/_unclassified/UberGuidoZ_BadUSB/emptythevoid-BadUSB/red_dead_redemption_2/Five_Finger_Filet/W/A/S/D/D/D/WASDDD.txt,sd_card_content/badusb_extra_payloads/_unclassified/UberGuidoZ_BadUSB/emptythevoid-BadUSB/red_dead_redemption_2/Five_Finger_Filet/W/A/S/D/D/D/flipper_only/WASDDD.txt,move_to_subfolder,works_only_on_flipper
sd_card_content/badusb_extra_payloads/_unclassified/UberGuidoZ_BadUSB/emptythevoid-BadUSB/red_dead_redemption_2/Five_Finger_Filet/W/A/A/S/S/S/WAASSS.txt,sd_card_content/badusb_extra_payloads/_unclassified/UberGuidoZ_BadUSB/emptythevoid-BadUSB/red_dead_redemption_2/Five_Finger_Filet/W/A/A/S/S/S/flipper_only/WAASSS.txt,move_to_subfolder,works_only_on_flipper
sd_card_content/badusb_extra_payloads/_unclassified/UberGuidoZ_BadUSB/emptythevoid-BadUSB/red_dead_redemption_2/Five_Finger_Filet/W/A/A/S/S/A/WAASSA.txt,sd_card_content/badusb_extra_payloads/_unclassified/UberGuidoZ_BadUSB/emptythevoid-BadUSB/red_dead_redemption_2/Five_Finger_Filet/W/A/A/S/S/A/flipper_only/WAASSA.txt,move_to_subfolder,works_only_on_flipper
sd_card_content/badusb_extra_payloads/_unclassified/UberGuidoZ_BadUSB/emptythevoid-BadUSB/red_dead_redemption_2/Five_Finger_Filet/W/A/A/S/S/D/WAASSD.txt,sd_card_content/badusb_extra_payloads/_unclassified/UberGuidoZ_BadUSB/emptythevoid-BadUSB/red_dead_redemption_2/Five_Finger_Filet/W/A/A/S/S/D/flipper_only/WAASSD.txt,move_to_subfolder,works_only_on_flipper
sd_card_content/badusb_extra_payloads/_unclassified/UberGuidoZ_BadUSB/emptythevoid-BadUSB/red_dead_redemption_2/Five_Finger_Filet/W/A/A/S/A/S/WAASAS.txt,sd_card_content/badusb_extra_payloads/_unclassified/UberGuidoZ_BadUSB/emptythevoid-BadUSB/red_dead_redemption_2/Five_Finger_Filet/W/A/A/S/A/S/flipper_only/WAASAS.txt,move_to_subfolder,works_only_on_flipper
sd_card_content/badusb_extra_payloads/_unclassified/UberGuidoZ_BadUSB/emptythevoid-BadUSB/red_dead_redemption_2/Five_Finger_Filet/W/A/A/S/A/A/WAASAA.txt,sd_card_content/badusb_extra_payloads/_unclassified/UberGuidoZ_BadUSB/emptythevoid-BadUSB/red_dead_redemption_2/Five_Finger_Filet/W/A/A/S/A/A/flipper_only/WAASAA.txt,move_to_subfolder,works_only_on_flipper
sd_card_content/badusb_extra_payloads/_unclassified/UberGuidoZ_BadUSB/emptythevoid-BadUSB/red_dead_redemption_2/Five_Finger_Filet/W/A/A/S/A/D/WAASAD.txt,sd_card_content/badusb_extra_payloads/_unclassified/UberGuidoZ_BadUSB/emptythevoid-BadUSB/red_dead_redemption_2/Five_Finger_Filet/W/A/A/S/A/D/flipper_only/WAASAD.txt,move_to_subfolder,works_only_on_flipper
sd_card_content/badusb_extra_payloads/_unclassified/UberGuidoZ_BadUSB/emptythevoid-BadUSB/red_dead_redemption_2/Five_Finger_Filet/W/A/A/S/D/S/WAASDS.txt,sd_card_content/badusb_extra_payloads/_unclassified/UberGuidoZ_BadUSB/emptythevoid-BadUSB/red_dead_redemption_2/Five_Finger_Filet/W/A/A/S/D/S/flipper_only/WAASDS.txt,move_to_subfolder,works_only_on_flipper
sd_card_content/badusb_extra_payloads/_unclassified/UberGuidoZ_BadUSB/emptythevoid-BadUSB/red_dead_redemption_2/Five_Finger_Filet/W/A/A/S/D/A/WAASDA.txt,sd_card_content/badusb_extra_payloads/_unclassified/UberGuidoZ_BadUSB/emptythevoid-BadUSB/red_dead_redemption_2/Five_Finger_Filet/W/A/A/S/D/A/flipper_only/WAASDA.txt,move_to_subfolder,works_only_on_flipper
sd_card_content/badusb_extra_payloads/_unclassified/UberGuidoZ_BadUSB/emptythevoid-BadUSB/red_dead_redemption_2/Five_Finger_Filet/W/A/A/S/D/D/WAASDD.txt,sd_card_content/badusb_extra_payloads/_unclassified/UberGuidoZ_BadUSB/emptythevoid-BadUSB/red_dead_redemption_2/Five_Finger_Filet/W/A/A/S/D/D/flipper_only/WAASDD.txt,move_to_subfolder,works_only_on_flipper
sd_card_content/badusb_extra_payloads/_unclassified/UberGuidoZ_BadUSB/emptythevoid-BadUSB/red_dead_redemption_2/Five_Finger_Filet/W/A/A/A/S/S/WAAASS.txt,sd_card_content/badusb_extra_payloads/_unclassified/UberGuidoZ_BadUSB/emptythevoid-BadUSB/red_dead_redemption_2/Five_Finger_Filet/W/A/A/A/S/S/flipper_only/WAAASS.txt,move_to_subfolder,works_only_on_flipper
sd_card_content/badusb_extra_payloads/_unclassified/UberGuidoZ_BadUSB/emptythevoid-BadUSB/red_dead_redemption_2/Five_Finger_Filet/W/A/A/A/S/A/WAAASA.txt,sd_card_content/badusb_extra_payloads/_unclassified/UberGuidoZ_BadUSB/emptythevoid-BadUSB/red_dead_redemption_2/Five_Finger_Filet/W/A/A/A/S/A/flipper_only/WAAASA.txt,move_to_subfolder,works_only_on_flipper
sd_card_content/badusb_extra_payloads/_unclassified/UberGuidoZ_BadUSB/emptythevoid-BadUSB/red_dead_redemption_2/Five_Finger_Filet/W/A/A/A/S/D/WAAASD.txt,sd_card_content/badusb_extra_payloads/_unclassified/UberGuidoZ_BadUSB/emptythevoid-BadUSB/red_dead_redemption_2/Five_Finger_Filet/W/A/A/A/S/D/flipper_only/WAAASD.txt,move_to_subfolder,works_only_on_flipper
sd_card_content/badusb_extra_payloads/_unclassified/UberGuidoZ_BadUSB/emptythevoid-BadUSB/red_dead_redemption_2/Five_Finger_Filet/W/A/A/A/A/S/WAAAAS.txt,sd_card_content/badusb_extra_payloads/_unclassified/UberGuidoZ_BadUSB/emptythevoid-BadUSB/red_dead_redemption_2/Five_Finger_Filet/W/A/A/A/A/S/flipper_only/WAAAAS.txt,move_to_subfolder,works_only_on_flipper
sd_card_content/badusb_extra_payloads/_unclassified/UberGuidoZ_BadUSB/emptythevoid-BadUSB/red_dead_redemption_2/Five_Finger_Filet/W/A/A/A/A/A/WAAAAA.txt,sd_card_content/badusb_extra_payloads/_unclassified/UberGuidoZ_BadUSB/emptythevoid-BadUSB/red_dead_redemption_2/Five_Finger_Filet/W/A/A/A/A/A/flipper_only/WAAAAA.txt,move_to_subfolder,works_only_on_flipper
sd_card_content/badusb_extra_payloads/_unclassified/UberGuidoZ_BadUSB/emptythevoid-BadUSB/red_dead_redemption_2/Five_Finger_Filet/W/A/A/A/A/D/WAAAAD.txt,sd_card_content/badusb_extra_payloads/_unclassified/UberGuidoZ_BadUSB/emptythevoid-BadUSB/red_dead_redemption_2/Five_Finger_Filet/W/A/A/A/A/D/flipper_only/WAAAAD.txt,move_to_subfolder,works_only_on_flipper
sd_card_content/badusb_extra_payloads/_unclassified/UberGuidoZ_BadUSB/emptythevoid-BadUSB/red_dead_redemption_2/Five_Finger_Filet/W/A/A/A/D/S/WAAADS.txt,sd_card_content/badusb_extra_payloads/_unclassified/UberGuidoZ_BadUSB/emptythevoid-BadUSB/red_dead_redemption_2/Five_Finger_Filet/W/A/A/A/D/S/flipper_only/WAAADS.txt,move_to_subfolder,works_only_on_flipper
sd_card_content/badusb_extra_payloads/_unclassified/UberGuidoZ_BadUSB/emptythevoid-BadUSB/red_dead_redemption_2/Five_Finger_Filet/W/A/A/A/D/A/WAAADA.txt,sd_card_content/badusb_extra_payloads/_unclassified/UberGuidoZ_BadUSB/emptythevoid-BadUSB/red_dead_redemption_2/Five_Finger_Filet/W/A/A/A/D/A/flipper_only/WAAADA.txt,move_to_subfolder,works_only_on_flipper
sd_card_content/badusb_extra_payloads/_unclassified/UberGuidoZ_BadUSB/emptythevoid-BadUSB/red_dead_redemption_2/Five_Finger_Filet/W/A/A/A/D/D/WAAADD.txt,sd_card_content/badusb_extra_payloads/_unclassified/UberGuidoZ_BadUSB/emptythevoid-BadUSB/red_dead_redemption_2/Five_Finger_Filet/W/A/A/A/D/D/flipper_only/WAAADD.txt,move_to_subfolder,works_only_on_flipper
sd_card_content/badusb_extra_payloads/_unclassified/UberGuidoZ_BadUSB/emptythevoid-BadUSB/red_dead_redemption_2/Five_Finger_Filet/W/A/A/D/S/S/WAADSS.txt,sd_card_content/badusb_extra_payloads/_unclassified/UberGuidoZ_BadUSB/emptythevoid-BadUSB/red_dead_redemption_2/Five_Finger_Filet/W/A/A/D/S/S/flipper_only/WAADSS.txt,move_to_subfolder,works_only_on_flipper
sd_card_content/badusb_extra_payloads/_unclassified/UberGuidoZ_BadUSB/emptythevoid-BadUSB/red_dead_redemption_2/Five_Finger_Filet/W/A/A/D/S/A/WAADSA.txt,sd_card_content/badusb_extra_payloads/_unclassified/UberGuidoZ_BadUSB/emptythevoid-BadUSB/red_dead_redemption_2/Five_Finger_Filet/W/A/A/D/S/A/flipper_only/WAADSA.txt,move_to_subfolder,works_only_on_flipper
sd_card_content/badusb_extra_payloads/_unclassified/UberGuidoZ_BadUSB/emptythevoid-BadUSB/red_dead_redemption_2/Five_Finger_Filet/W/A/A/D/S/D/WAADSD.txt,sd_card_content/badusb_extra_payloads/_unclassified/UberGuidoZ_BadUSB/emptythevoid-BadUSB/red_dead_redemption_2/Five_Finger_Filet/W/A/A/D/S/D/flipper_only/WAADSD.txt,move_to_subfolder,works_only_on_flipper
sd_card_content/badusb_extra_payloads/_unclassified/UberGuidoZ_BadUSB/emptythevoid-BadUSB/red_dead_redemption_2/Five_Finger_Filet/W/A/A/D/A/S/WAADAS.txt,sd_card_content/badusb_extra_payloads/_unclassified/UberGuidoZ_BadUSB/emptythevoid-BadUSB/red_dead_redemption_2/Five_Finger_Filet/W/A/A/D/A/S/flipper_only/WAADAS.txt,move_to_subfolder,works_only_on_flipper
sd_card_content/badusb_extra_payloads/_unclassified/UberGuidoZ_BadUSB/emptythevoid-BadUSB/red_dead_redemption_2/Five_Finger_Filet/W/A/A/D/A/A/WAADAA.txt,sd_card_content/badusb_extra_payloads/_unclassified/UberGuidoZ_BadUSB/emptythevoid-BadUSB/red_dead_redemption_2/Five_Finger_Filet/W/A/A/D/A/A/flipper_only/WAADAA.txt,move_to_subfolder,works_only_on_flipper
sd_card_content/badusb_extra_payloads/_unclassified/UberGuidoZ_BadUSB/emptythevoid-BadUSB/red_dead_redemption_2/Five_Finger_Filet/W/A/A/D/A/D/WAADAD.txt,sd_card_content/badusb_extra_payloads/_unclassified/UberGuidoZ_BadUSB/emptythevoid-BadUSB/red_dead_redemption_2/Five_Finger_Filet/W/A/A/D/A/D/flipper_only/WAADAD.txt,move_to_subfolder,works_only_on_flipper
sd_card_content/badusb_extra_payloads/_unclassified/UberGuidoZ_BadUSB/emptythevoid-BadUSB/red_dead_redemption_2/Five_Finger_Filet/W/A/A/D/D/S/WAADDS.txt,sd_card_content/badusb_extra_payloads/_unclassified/UberGuidoZ_BadUSB/emptythevoid-BadUSB/red_dead_redemption_2/Five_Finger_Filet/W/A/A/D/D/S/flipper_only/WAADDS.txt,move_to_subfolder,works_only_on_flipper
sd_card_content/badusb_extra_payloads/_unclassified/UberGuidoZ_BadUSB/emptythevoid-BadUSB/red_dead_redemption_2/Five_Finger_Filet/W/A/A/D/D/A/WAADDA.txt,sd_card_content/badusb_extra_payloads/_unclassified/UberGuidoZ_BadUSB/emptythevoid-BadUSB/red_dead_redemption_2/Five_Finger_Filet/W/A/A/D/D/A/flipper_only/WAADDA.txt,move_to_subfolder,works_only_on_flipper
sd_card_content/badusb_extra_payloads/_unclassified/UberGuidoZ_BadUSB/emptythevoid-BadUSB/red_dead_redemption_2/Five_Finger_Filet/W/A/A/D/D/D/WAADDD.txt,sd_card_content/badusb_extra_payloads/_unclassified/UberGuidoZ_BadUSB/emptythevoid-BadUSB/red_dead_redemption_2/Five_Finger_Filet/W/A/A/D/D/D/flipper_only/WAADDD.txt,move_to_subfolder,works_only_on_flipper
sd_card_content/badusb_extra_payloads/_unclassified/UberGuidoZ_BadUSB/emptythevoid-BadUSB/red_dead_redemption_2/Five_Finger_Filet/W/A/D/S/S/S/WADSSS.txt,sd_card_content/badusb_extra_payloads/_unclassified/UberGuidoZ_BadUSB/emptythevoid-BadUSB/red_dead_redemption_2/Five_Finger_Filet/W/A/D/S/S/S/flipper_only/WADSSS.txt,move_to_subfolder,works_only_on_flipper
sd_card_content/badusb_extra_payloads/_unclassified/UberGuidoZ_BadUSB/emptythevoid-BadUSB/red_dead_redemption_2/Five_Finger_Filet/W/A/D/S/S/A/WADSSA.txt,sd_card_content/badusb_extra_payloads/_unclassified/UberGuidoZ_BadUSB/emptythevoid-BadUSB/red_dead_redemption_2/Five_Finger_Filet/W/A/D/S/S/A/flipper_only/WADSSA.txt,move_to_subfolder,works_only_on_flipper
sd_card_content/badusb_extra_payloads/_unclassified/UberGuidoZ_BadUSB/emptythevoid-BadUSB/red_dead_redemption_2/Five_Finger_Filet/W/A/D/S/S/D/WADSSD.txt,sd_card_content/badusb_extra_payloads/_unclassified/UberGuidoZ_BadUSB/emptythevoid-BadUSB/red_dead_redemption_2/Five_Finger_Filet/W/A/D/S/S/D/flipper_only/WADSSD.txt,move_to_subfolder,works_only_on_flipper
sd_card_content/badusb_extra_payloads/_unclassified/UberGuidoZ_BadUSB/emptythevoid-BadUSB/red_dead_redemption_2/Five_Finger_Filet/W/A/D/S/A/S/WADSAS.txt,sd_card_content/badusb_extra_payloads/_unclassified/UberGuidoZ_BadUSB/emptythevoid-BadUSB/red_dead_redemption_2/Five_Finger_Filet/W/A/D/S/A/S/flipper_only/WADSAS.txt,move_to_subfolder,works_only_on_flipper
sd_card_content/badusb_extra_payloads/_unclassified/UberGuidoZ_BadUSB/emptythevoid-BadUSB/red_dead_redemption_2/Five_Finger_Filet/W/A/D/S/A/A/WADSAA.txt,sd_card_content/badusb_extra_payloads/_unclassified/UberGuidoZ_BadUSB/emptythevoid-BadUSB/red_dead_redemption_2/Five_Finger_Filet/W/A/D/S/A/A/flipper_only/WADSAA.txt,move_to_subfolder,works_only_on_flipper
sd_card_content/badusb_extra_payloads/_unclassified/UberGuidoZ_BadUSB/emptythevoid-BadUSB/red_dead_redemption_2/Five_Finger_Filet/W/A/D/S/A/D/WADSAD.txt,sd_card_content/badusb_extra_payloads/_unclassified/UberGuidoZ_BadUSB/emptythevoid-BadUSB/red_dead_redemption_2/Five_Finger_Filet/W/A/D/S/A/D/flipper_only/WADSAD.txt,move_to_subfolder,works_only_on_flipper
sd_card_content/badusb_extra_payloads/_unclassified/UberGuidoZ_BadUSB/emptythevoid-BadUSB/red_dead_redemption_2/Five_Finger_Filet/W/A/D/S/D/S/WADSDS.txt,sd_card_content/badusb_extra_payloads/_unclassified/UberGuidoZ_BadUSB/emptythevoid-BadUSB/red_dead_redemption_2/Five_Finger_Filet/W/A/D/S/D/S/flipper_only/WADSDS.txt,move_to_subfolder,works_only_on_flipper
sd_card_content/badusb_extra_payloads/_unclassified/UberGuidoZ_BadUSB/emptythevoid-BadUSB/red_dead_redemption_2/Five_Finger_Filet/W/A/D/S/D/A/WADSDA.txt,sd_card_content/badusb_extra_payloads/_unclassified/UberGuidoZ_BadUSB/emptythevoid-BadUSB/red_dead_redemption_2/Five_Finger_Filet/W/A/D/S/D/A/flipper_only/WADSDA.txt,move_to_subfolder,works_only_on_flipper
sd_card_content/badusb_extra_payloads/_unclassified/UberGuidoZ_BadUSB/emptythevoid-BadUSB/red_dead_redemption_2/Five_Finger_Filet/W/A/D/S/D/D/WADSDD.txt,sd_card_content/badusb_extra_payloads/_unclassified/UberGuidoZ_BadUSB/emptythevoid-BadUSB/red_dead_redemption_2/Five_Finger_Filet/W/A/D/S/D/D/flipper_only/WADSDD.txt,move_to_subfolder,works_only_on_flipper
sd_card_content/badusb_extra_payloads/_unclassified/UberGuidoZ_BadUSB/emptythevoid-BadUSB/red_dead_redemption_2/Five_Finger_Filet/W/A/D/A/S/S/WADASS.txt,sd_card_content/badusb_extra_payloads/_unclassified/UberGuidoZ_BadUSB/emptythevoid-BadUSB/red_dead_redemption_2/Five_Finger_Filet/W/A/D/A/S/S/flipper_only/WADASS.txt,move_to_subfolder,works_only_on_flipper
sd_card_content/badusb_extra_payloads/_unclassified/UberGuidoZ_BadUSB/emptythevoid-BadUSB/red_dead_redemption_2/Five_Finger_Filet/W/A/D/A/S/A/WADASA.txt,sd_card_content/badusb_extra_payloads/_unclassified/UberGuidoZ_BadUSB/emptythevoid-BadUSB/red_dead_redemption_2/Five_Finger_Filet/W/A/D/A/S/A/flipper_only/WADASA.txt,move_to_subfolder,works_only_on_flipper
sd_card_content/badusb_extra_payloads/_unclassified/UberGuidoZ_BadUSB/emptythevoid-BadUSB/red_dead_redemption_2/Five_Finger_Filet/W/A/D/A/S/D/WADASD.txt,sd_card_content/badusb_extra_payloads/_unclassified/UberGuidoZ_BadUSB/emptythevoid-BadUSB/red_dead_redemption_2/Five_Finger_Filet/W/A/D/A/S/D/flipper_only/WADASD.txt,move_to_subfolder,works_only_on_flipper
sd_card_content/badusb_extra_payloads/_unclassified/UberGuidoZ_BadUSB/emptythevoid-BadUSB/red_dead_redemption_2/Five_Finger_Filet/W/A/D/A/A/S/WADAAS.txt,sd_card_content/badusb_extra_payloads/_unclassified/UberGuidoZ_BadUSB/emptythevoid-BadUSB/red_dead_redemption_2/Five_Finger_Filet/W/A/D/A/A/S/flipper_only/WADAAS.txt,move_to_subfolder,works_only_on_flipper
sd_card_content/badusb_extra_payloads/_unclassified/UberGuidoZ_BadUSB/emptythevoid-BadUSB/red_dead_redemption_2/Five_Finger_Filet/W/A/D/A/A/A/WADAAA.txt,sd_card_content/badusb_extra_payloads/_unclassified/UberGuidoZ_BadUSB/emptythevoid-BadUSB/red_dead_redemption_2/Five_Finger_Filet/W/A/D/A/A/A/flipper_only/WADAAA.txt,move_to_subfolder,works_only_on_flipper
sd_card_content/badusb_extra_payloads/_unclassified/UberGuidoZ_BadUSB/emptythevoid-BadUSB/red_dead_redemption_2/Five_Finger_Filet/W/A/D/A/A/D/WADAAD.txt,sd_card_content/badusb_extra_payloads/_unclassified/UberGuidoZ_BadUSB/emptythevoid-BadUSB/red_dead_redemption_2/Five_Finger_Filet/W/A/D/A/A/D/flipper_only/WADAAD.txt,move_to_subfolder,works_only_on_flipper
sd_card_content/badusb_extra_payloads/_unclassified/UberGuidoZ_BadUSB/emptythevoid-BadUSB/red_dead_redemption_2/Five_Finger_Filet/W/A/D/A/D/S/WADADS.txt,sd_card_content/badusb_extra_payloads/_unclassified/UberGuidoZ_BadUSB/emptythevoid-BadUSB/red_dead_redemption_2/Five_Finger_Filet/W/A/D/A/D/S/flipper_only/WADADS.txt,move_to_subfolder,works_only_on_flipper
sd_card_content/badusb_extra_payloads/_unclassified/UberGuidoZ_BadUSB/emptythevoid-BadUSB/red_dead_redemption_2/Five_Finger_Filet/W/A/D/A/D/A/WADADA.txt,sd_card_content/badusb_extra_payloads/_unclassified/UberGuidoZ_BadUSB/emptythevoid-BadUSB/red_dead_redemption_2/Five_Finger_Filet/W/A/D/A/D/A/flipper_only/WADADA.txt,move_to_subfolder,works_only_on_flipper
sd_card_content/badusb_extra_payloads/_unclassified/UberGuidoZ_BadUSB/emptythevoid-BadUSB/red_dead_redemption_2/Five_Finger_Filet/W/A/D/A/D/D/WADADD.txt,sd_card_content/badusb_extra_payloads/_unclassified/UberGuidoZ_BadUSB/emptythevoid-BadUSB/red_dead_redemption_2/Five_Finger_Filet/W/A/D/A/D/D/flipper_only/WADADD.txt,move_to_subfolder,works_only_on_flipper
sd_card_content/badusb_extra_payloads/_unclassified/UberGuidoZ_BadUSB/emptythevoid-BadUSB/red_dead_redemption_2/Five_Finger_Filet/W/A/D/D/S/S/WADDSS.txt,sd_card_content/badusb_extra_payloads/_unclassified/UberGuidoZ_BadUSB/emptythevoid-BadUSB/red_dead_redemption_2/Five_Finger_Filet/W/A/D/D/S/S/flipper_only/WADDSS.txt,move_to_subfolder,works_only_on_flipper
sd_card_content/badusb_extra_payloads/_unclassified/UberGuidoZ_BadUSB/emptythevoid-BadUSB/red_dead_redemption_2/Five_Finger_Filet/W/A/D/D/S/A/WADDSA.txt,sd_card_content/badusb_extra_payloads/_unclassified/UberGuidoZ_BadUSB/emptythevoid-BadUSB/red_dead_redemption_2/Five_Finger_Filet/W/A/D/D/S/A/flipper_only/WADDSA.txt,move_to_subfolder,works_only_on_flipper
sd_card_content/badusb_extra_payloads/_unclassified/UberGuidoZ_BadUSB/emptythevoid-BadUSB/red_dead_redemption_2/Five_Finger_Filet/W/A/D/D/S/D/WADDSD.txt,sd_card_content/badusb_extra_payloads/_unclassified/UberGuidoZ_BadUSB/emptythevoid-BadUSB/red_dead_redemption_2/Five_Finger_Filet/W/A/D/D/S/D/flipper_only/WADDSD.txt,move_to_subfolder,works_only_on_flipper
sd_card_content/badusb_extra_payloads/_unclassified/UberGuidoZ_BadUSB/emptythevoid-BadUSB/red_dead_redemption_2/Five_Finger_Filet/W/A/D/D/A/S/WADDAS.txt,sd_card_content/badusb_extra_payloads/_unclassified/UberGuidoZ_BadUSB/emptythevoid-BadUSB/red_dead_redemption_2/Five_Finger_Filet/W/A/D/D/A/S/flipper_only/WADDAS.txt,move_to_subfolder,works_only_on_flipper
sd_card_content/badusb_extra_payloads/_unclassified/UberGuidoZ_BadUSB/emptythevoid-BadUSB/red_dead_redemption_2/Five_Finger_Filet/W/A/D/D/A/A/WADDAA.txt,sd_card_content/badusb_extra_payloads/_unclassified/UberGuidoZ_BadUSB/emptythevoid-BadUSB/red_dead_redemption_2/Five_Finger_Filet/W/A/D/D/A/A/flipper_only/WADDAA.txt,move_to_subfolder,works_only_on_flipper
sd_card_content/badusb_extra_payloads/_unclassified/UberGuidoZ_BadUSB/emptythevoid-BadUSB/red_dead_redemption_2/Five_Finger_Filet/W/A/D/D/A/D/WADDAD.txt,sd_card_content/badusb_extra_payloads/_unclassified/UberGuidoZ_BadUSB/emptythevoid-BadUSB/red_dead_redemption_2/Five_Finger_Filet/W/A/D/D/A/D/flipper_only/WADDAD.txt,move_to_subfolder,works_only_on_flipper
sd_card_content/badusb_extra_payloads/_unclassified/UberGuidoZ_BadUSB/emptythevoid-BadUSB/red_dead_redemption_2/Five_Finger_Filet/W/A/D/D/D/S/WADDDS.txt,sd_card_content/badusb_extra_payloads/_unclassified/UberGuidoZ_BadUSB/emptythevoid-BadUSB/red_dead_redemption_2/Five_Finger_Filet/W/A/D/D/D/S/flipper_only/WADDDS.txt,move_to_subfolder,works_only_on_flipper
sd_card_content/badusb_extra_payloads/_unclassified/UberGuidoZ_BadUSB/emptythevoid-BadUSB/red_dead_redemption_2/Five_Finger_Filet/W/A/D/D/D/A/WADDDA.txt,sd_card_content/badusb_extra_payloads/_unclassified/UberGuidoZ_BadUSB/emptythevoid-BadUSB/red_dead_redemption_2/Five_Finger_Filet/W/A/D/D/D/A/flipper_only/WADDDA.txt,move_to_subfolder,works_only_on_flipper
sd_card_content/badusb_extra_payloads/_unclassified/UberGuidoZ_BadUSB/emptythevoid-BadUSB/red_dead_redemption_2/Five_Finger_Filet/W/A/D/D/D/D/WADDDD.txt,sd_card_content/badusb_extra_payloads/_unclassified/UberGuidoZ_BadUSB/emptythevoid-BadUSB/red_dead_redemption_2/Five_Finger_Filet/W/A/D/D/D/D/flipper_only/WADDDD.txt,move_to_subfolder,works_only_on_flipper
sd_card_content/badusb_extra_payloads/_unclassified/UberGuidoZ_BadUSB/emptythevoid-BadUSB/red_dead_redemption_2/Five_Finger_Filet/W/D/S/S/S/S/WDSSSS.txt,sd_card_content/badusb_extra_payloads/_unclassified/UberGuidoZ_BadUSB/emptythevoid-BadUSB/red_dead_redemption_2/Five_Finger_Filet/W/D/S/S/S/S/flipper_only/WDSSSS.txt,move_to_subfolder,works_only_on_flipper
sd_card_content/badusb_extra_payloads/_unclassified/UberGuidoZ_BadUSB/emptythevoid-BadUSB/red_dead_redemption_2/Five_Finger_Filet/W/D/S/S/S/A/WDSSSA.txt,sd_card_content/badusb_extra_payloads/_unclassified/UberGuidoZ_BadUSB/emptythevoid-BadUSB/red_dead_redemption_2/Five_Finger_Filet/W/D/S/S/S/A/flipper_only/WDSSSA.txt,move_to_subfolder,works_only_on_flipper
sd_card_content/badusb_extra_payloads/_unclassified/UberGuidoZ_BadUSB/emptythevoid-BadUSB/red_dead_redemption_2/Five_Finger_Filet/W/D/S/S/S/D/WDSSSD.txt,sd_card_content/badusb_extra_payloads/_unclassified/UberGuidoZ_BadUSB/emptythevoid-BadUSB/red_dead_redemption_2/Five_Finger_Filet/W/D/S/S/S/D/flipper_only/WDSSSD.txt,move_to_subfolder,works_only_on_flipper
sd_card_content/badusb_extra_payloads/_unclassified/UberGuidoZ_BadUSB/emptythevoid-BadUSB/red_dead_redemption_2/Five_Finger_Filet/W/D/S/S/A/S/WDSSAS.txt,sd_card_content/badusb_extra_payloads/_unclassified/UberGuidoZ_BadUSB/emptythevoid-BadUSB/red_dead_redemption_2/Five_Finger_Filet/W/D/S/S/A/S/flipper_only/WDSSAS.txt,move_to_subfolder,works_only_on_flipper
sd_card_content/badusb_extra_payloads/_unclassified/UberGuidoZ_BadUSB/emptythevoid-BadUSB/red_dead_redemption_2/Five_Finger_Filet/W/D/S/S/A/A/WDSSAA.txt,sd_card_content/badusb_extra_payloads/_unclassified/UberGuidoZ_BadUSB/emptythevoid-BadUSB/red_dead_redemption_2/Five_Finger_Filet/W/D/S/S/A/A/flipper_only/WDSSAA.txt,move_to_subfolder,works_only_on_flipper
sd_card_content/badusb_extra_payloads/_unclassified/UberGuidoZ_BadUSB/emptythevoid-BadUSB/red_dead_redemption_2/Five_Finger_Filet/W/D/S/S/A/D/WDSSAD.txt,sd_card_content/badusb_extra_payloads/_unclassified/UberGuidoZ_BadUSB/emptythevoid-BadUSB/red_dead_redemption_2/Five_Finger_Filet/W/D/S/S/A/D/flipper_only/WDSSAD.txt,move_to_subfolder,works_only_on_flipper
sd_card_content/badusb_extra_payloads/_unclassified/UberGuidoZ_BadUSB/emptythevoid-BadUSB/red_dead_redemption_2/Five_Finger_Filet/W/D/S/S/D/S/WDSSDS.txt,sd_card_content/badusb_extra_payloads/_unclassified/UberGuidoZ_BadUSB/emptythevoid-BadUSB/red_dead_redemption_2/Five_Finger_Filet/W/D/S/S/D/S/flipper_only/WDSSDS.txt,move_to_subfolder,works_only_on_flipper
sd_card_content/badusb_extra_payloads/_unclassified/UberGuidoZ_BadUSB/emptythevoid-BadUSB/red_dead_redemption_2/Five_Finger_Filet/W/D/S/S/D/A/WDSSDA.txt,sd_card_content/badusb_extra_payloads/_unclassified/UberGuidoZ_BadUSB/emptythevoid-BadUSB/red_dead_redemption_2/Five_Finger_Filet/W/D/S/S/D/A/flipper_only/WDSSDA.txt,move_to_subfolder,works_only_on_flipper
sd_card_content/badusb_extra_payloads/_unclassified/UberGuidoZ_BadUSB/emptythevoid-BadUSB/red_dead_redemption_2/Five_Finger_Filet/W/D/S/S/D/D/WDSSDD.txt,sd_card_content/badusb_extra_payloads/_unclassified/UberGuidoZ_BadUSB/emptythevoid-BadUSB/red_dead_redemption_2/Five_Finger_Filet/W/D/S/S/D/D/flipper_only/WDSSDD.txt,move_to_subfolder,works_only_on_flipper
sd_card_content/badusb_extra_payloads/_unclassified/UberGuidoZ_BadUSB/emptythevoid-BadUSB/red_dead_redemption_2/Five_Finger_Filet/W/D/S/A/S/S/WDSASS.txt,sd_card_content/badusb_extra_payloads/_unclassified/UberGuidoZ_BadUSB/emptythevoid-BadUSB/red_dead_redemption_2/Five_Finger_Filet/W/D/S/A/S/S/flipper_only/WDSASS.txt,move_to_subfolder,works_only_on_flipper
sd_card_content/badusb_extra_payloads/_unclassified/UberGuidoZ_BadUSB/emptythevoid-BadUSB/red_dead_redemption_2/Five_Finger_Filet/W/D/S/A/S/A/WDSASA.txt,sd_card_content/badusb_extra_payloads/_unclassified/UberGuidoZ_BadUSB/emptythevoid-BadUSB/red_dead_redemption_2/Five_Finger_Filet/W/D/S/A/S/A/flipper_only/WDSASA.txt,move_to_subfolder,works_only_on_flipper
sd_card_content/badusb_extra_payloads/_unclassified/UberGuidoZ_BadUSB/emptythevoid-BadUSB/red_dead_redemption_2/Five_Finger_Filet/W/D/S/A/S/D/WDSASD.txt,sd_card_content/badusb_extra_payloads/_unclassified/UberGuidoZ_BadUSB/emptythevoid-BadUSB/red_dead_redemption_2/Five_Finger_Filet/W/D/S/A/S/D/flipper_only/WDSASD.txt,move_to_subfolder,works_only_on_flipper
sd_card_content/badusb_extra_payloads/_unclassified/UberGuidoZ_BadUSB/emptythevoid-BadUSB/red_dead_redemption_2/Five_Finger_Filet/W/D/S/A/A/S/WDSAAS.txt,sd_card_content/badusb_extra_payloads/_unclassified/UberGuidoZ_BadUSB/emptythevoid-BadUSB/red_dead_redemption_2/Five_Finger_Filet/W/D/S/A/A/S/flipper_only/WDSAAS.txt,move_to_subfolder,works_only_on_flipper
sd_card_content/badusb_extra_payloads/_unclassified/UberGuidoZ_BadUSB/emptythevoid-BadUSB/red_dead_redemption_2/Five_Finger_Filet/W/D/S/A/A/A/WDSAAA.txt,sd_card_content/badusb_extra_payloads/_unclassified/UberGuidoZ_BadUSB/emptythevoid-BadUSB/red_dead_redemption_2/Five_Finger_Filet/W/D/S/A/A/A/flipper_only/WDSAAA.txt,move_to_subfolder,works_only_on_flipper
sd_card_content/badusb_extra_payloads/_unclassified/UberGuidoZ_BadUSB/emptythevoid-BadUSB/red_dead_redemption_2/Five_Finger_Filet/W/D/S/A/A/D/WDSAAD.txt,sd_card_content/badusb_extra_payloads/_unclassified/UberGuidoZ_BadUSB/emptythevoid-BadUSB/red_dead_redemption_2/Five_Finger_Filet/W/D/S/A/A/D/flipper_only/WDSAAD.txt,move_to_subfolder,works_only_on_flipper
sd_card_content/badusb_extra_payloads/_unclassified/UberGuidoZ_BadUSB/emptythevoid-BadUSB/red_dead_redemption_2/Five_Finger_Filet/W/D/S/A/D/S/WDSADS.txt,sd_card_content/badusb_extra_payloads/_unclassified/UberGuidoZ_BadUSB/emptythevoid-BadUSB/red_dead_redemption_2/Five_Finger_Filet/W/D/S/A/D/S/flipper_only/WDSADS.txt,move_to_subfolder,works_only_on_flipper
sd_card_content/badusb_extra_payloads/_unclassified/UberGuidoZ_BadUSB/emptythevoid-BadUSB/red_dead_redemption_2/Five_Finger_Filet/W/D/S/A/D/A/WDSADA.txt,sd_card_content/badusb_extra_payloads/_unclassified/UberGuidoZ_BadUSB/emptythevoid-BadUSB/red_dead_redemption_2/Five_Finger_Filet/W/D/S/A/D/A/flipper_only/WDSADA.txt,move_to_subfolder,works_only_on_flipper
sd_card_content/badusb_extra_payloads/_unclassified/UberGuidoZ_BadUSB/emptythevoid-BadUSB/red_dead_redemption_2/Five_Finger_Filet/W/D/S/A/D/D/WDSADD.txt,sd_card_content/badusb_extra_payloads/_unclassified/UberGuidoZ_BadUSB/emptythevoid-BadUSB/red_dead_redemption_2/Five_Finger_Filet/W/D/S/A/D/D/flipper_only/WDSADD.txt,move_to_subfolder,works_only_on_flipper
sd_card_content/badusb_extra_payloads/_unclassified/UberGuidoZ_BadUSB/emptythevoid-BadUSB/red_dead_redemption_2/Five_Finger_Filet/W/D/S/D/S/S/WDSDSS.txt,sd_card_content/badusb_extra_payloads/_unclassified/UberGuidoZ_BadUSB/emptythevoid-BadUSB/red_dead_redemption_2/Five_Finger_Filet/W/D/S/D/S/S/flipper_only/WDSDSS.txt,move_to_subfolder,works_only_on_flipper
sd_card_content/badusb_extra_payloads/_unclassified/UberGuidoZ_BadUSB/emptythevoid-BadUSB/red_dead_redemption_2/Five_Finger_Filet/W/D/S/D/S/A/WDSDSA.txt,sd_card_content/badusb_extra_payloads/_unclassified/UberGuidoZ_BadUSB/emptythevoid-BadUSB/red_dead_redemption_2/Five_Finger_Filet/W/D/S/D/S/A/flipper_only/WDSDSA.txt,move_to_subfolder,works_only_on_flipper
sd_card_content/badusb_extra_payloads/_unclassified/UberGuidoZ_BadUSB/emptythevoid-BadUSB/red_dead_redemption_2/Five_Finger_Filet/W/D/S/D/S/D/WDSDSD.txt,sd_card_content/badusb_extra_payloads/_unclassified/UberGuidoZ_BadUSB/emptythevoid-BadUSB/red_dead_redemption_2/Five_Finger_Filet/W/D/S/D/S/D/flipper_only/WDSDSD.txt,move_to_subfolder,works_only_on_flipper
sd_card_content/badusb_extra_payloads/_unclassified/UberGuidoZ_BadUSB/emptythevoid-BadUSB/red_dead_redemption_2/Five_Finger_Filet/W/D/S/D/A/S/WDSDAS.txt,sd_card_content/badusb_extra_payloads/_unclassified/UberGuidoZ_BadUSB/emptythevoid-BadUSB/red_dead_redemption_2/Five_Finger_Filet/W/D/S/D/A/S/flipper_only/WDSDAS.txt,move_to_subfolder,works_only_on_flipper
sd_card_content/badusb_extra_payloads/_unclassified/UberGuidoZ_BadUSB/emptythevoid-BadUSB/red_dead_redemption_2/Five_Finger_Filet/W/D/S/D/A/A/WDSDAA.txt,sd_card_content/badusb_extra_payloads/_unclassified/UberGuidoZ_BadUSB/emptythevoid-BadUSB/red_dead_redemption_2/Five_Finger_Filet/W/D/S/D/A/A/flipper_only/WDSDAA.txt,move_to_subfolder,works_only_on_flipper
sd_card_content/badusb_extra_payloads/_unclassified/UberGuidoZ_BadUSB/emptythevoid-BadUSB/red_dead_redemption_2/Five_Finger_Filet/W/D/S/D/A/D/WDSDAD.txt,sd_card_content/badusb_extra_payloads/_unclassified/UberGuidoZ_BadUSB/emptythevoid-BadUSB/red_dead_redemption_2/Five_Finger_Filet/W/D/S/D/A/D/flipper_only/WDSDAD.txt,move_to_subfolder,works_only_on_flipper
sd_card_content/badusb_extra_payloads/_unclassified/UberGuidoZ_BadUSB/emptythevoid-BadUSB/red_dead_redemption_2/Five_Finger_Filet/W/D/S/D/D/S/WDSDDS.txt,sd_card_content/badusb_extra_payloads/_unclassified/UberGuidoZ_BadUSB/emptythevoid-BadUSB/red_dead_redemption_2/Five_Finger_Filet/W/D/S/D/D/S/flipper_only/WDSDDS.txt,move_to_subfolder,works_only_on_flipper
sd_card_content/badusb_extra_payloads/_unclassified/UberGuidoZ_BadUSB/emptythevoid-BadUSB/red_dead_redemption_2/Five_Finger_Filet/W/D/S/D/D/A/WDSDDA.txt,sd_card_content/badusb_extra_payloads/_unclassified/UberGuidoZ_BadUSB/emptythevoid-BadUSB/red_dead_redemption_2/Five_Finger_Filet/W/D/S/D/D/A/flipper_only/WDSDDA.txt,move_to_subfolder,works_only_on_flipper
sd_card_content/badusb_extra_payloads/_unclassified/UberGuidoZ_BadUSB/emptythevoid-BadUSB/red_dead_redemption_2/Five_Finger_Filet/W/D/S/D/D/D/WDSDDD.txt,sd_card_content/badusb_extra_payloads/_unclassified/UberGuidoZ_BadUSB/emptythevoid-BadUSB/red_dead_redemption_2/Five_Finger_Filet/W/D/S/D/D/D/flipper_only/WDSDDD.txt,move_to_subfolder,works_only_on_flipper
sd_card_content/badusb_extra_payloads/_unclassified/UberGuidoZ_BadUSB/emptythevoid-BadUSB/red_dead_redemption_2/Five_Finger_Filet/W/D/A/S/S/S/WDASSS.txt,sd_card_content/badusb_extra_payloads/_unclassified/UberGuidoZ_BadUSB/emptythevoid-BadUSB/red_dead_redemption_2/Five_Finger_Filet/W/D/A/S/S/S/flipper_only/WDASSS.txt,move_to_subfolder,works_only_on_flipper
sd_card_content/badusb_extra_payloads/_unclassified/UberGuidoZ_BadUSB/emptythevoid-BadUSB/red_dead_redemption_2/Five_Finger_Filet/W/D/A/S/S/A/WDASSA.txt,sd_card_content/badusb_extra_payloads/_unclassified/UberGuidoZ_BadUSB/emptythevoid-BadUSB/red_dead_redemption_2/Five_Finger_Filet/W/D/A/S/S/A/flipper_only/WDASSA.txt,move_to_subfolder,works_only_on_flipper
sd_card_content/badusb_extra_payloads/_unclassified/UberGuidoZ_BadUSB/emptythevoid-BadUSB/red_dead_redemption_2/Five_Finger_Filet/W/D/A/S/S/D/WDASSD.txt,sd_card_content/badusb_extra_payloads/_unclassified/UberGuidoZ_BadUSB/emptythevoid-BadUSB/red_dead_redemption_2/Five_Finger_Filet/W/D/A/S/S/D/flipper_only/WDASSD.txt,move_to_subfolder,works_only_on_flipper
sd_card_content/badusb_extra_payloads/_unclassified/UberGuidoZ_BadUSB/emptythevoid-BadUSB/red_dead_redemption_2/Five_Finger_Filet/W/D/A/S/A/S/WDASAS.txt,sd_card_content/badusb_extra_payloads/_unclassified/UberGuidoZ_BadUSB/emptythevoid-BadUSB/red_dead_redemption_2/Five_Finger_Filet/W/D/A/S/A/S/flipper_only/WDASAS.txt,move_to_subfolder,works_only_on_flipper
sd_card_content/badusb_extra_payloads/_unclassified/UberGuidoZ_BadUSB/emptythevoid-BadUSB/red_dead_redemption_2/Five_Finger_Filet/W/D/A/S/A/A/WDASAA.txt,sd_card_content/badusb_extra_payloads/_unclassified/UberGuidoZ_BadUSB/emptythevoid-BadUSB/red_dead_redemption_2/Five_Finger_Filet/W/D/A/S/A/A/flipper_only/WDASAA.txt,move_to_subfolder,works_only_on_flipper
sd_card_content/badusb_extra_payloads/_unclassified/UberGuidoZ_BadUSB/emptythevoid-BadUSB/red_dead_redemption_2/Five_Finger_Filet/W/D/A/S/A/D/WDASAD.txt,sd_card_content/badusb_extra_payloads/_unclassified/UberGuidoZ_BadUSB/emptythevoid-BadUSB/red_dead_redemption_2/Five_Finger_Filet/W/D/A/S/A/D/flipper_only/WDASAD.txt,move_to_subfolder,works_only_on_flipper
sd_card_content/badusb_extra_payloads/_unclassified/UberGuidoZ_BadUSB/emptythevoid-BadUSB/red_dead_redemption_2/Five_Finger_Filet/W/D/A/S/D/S/WDASDS.txt,sd_card_content/badusb_extra_payloads/_unclassified/UberGuidoZ_BadUSB/emptythevoid-BadUSB/red_dead_redemption_2/Five_Finger_Filet/W/D/A/S/D/S/flipper_only/WDASDS.txt,move_to_subfolder,works_only_on_flipper
sd_card_content/badusb_extra_payloads/_unclassified/UberGuidoZ_BadUSB/emptythevoid-BadUSB/red_dead_redemption_2/Five_Finger_Filet/W/D/A/S/D/A/WDASDA.txt,sd_card_content/badusb_extra_payloads/_unclassified/UberGuidoZ_BadUSB/emptythevoid-BadUSB/red_dead_redemption_2/Five_Finger_Filet/W/D/A/S/D/A/flipper_only/WDASDA.txt,move_to_subfolder,works_only_on_flipper
sd_card_content/badusb_extra_payloads/_unclassified/UberGuidoZ_BadUSB/emptythevoid-BadUSB/red_dead_redemption_2/Five_Finger_Filet/W/D/A/S/D/D/WDASDD.txt,sd_card_content/badusb_extra_payloads/_unclassified/UberGuidoZ_BadUSB/emptythevoid-BadUSB/red_dead_redemption_2/Five_Finger_Filet/W/D/A/S/D/D/flipper_only/WDASDD.txt,move_to_subfolder,works_only_on_flipper
sd_card_content/badusb_extra_payloads/_unclassified/UberGuidoZ_BadUSB/emptythevoid-BadUSB/red_dead_redemption_2/Five_Finger_Filet/W/D/A/A/S/S/WDAASS.txt,sd_card_content/badusb_extra_payloads/_unclassified/UberGuidoZ_BadUSB/emptythevoid-BadUSB/red_dead_redemption_2/Five_Finger_Filet/W/D/A/A/S/S/flipper_only/WDAASS.txt,move_to_subfolder,works_only_on_flipper
sd_card_content/badusb_extra_payloads/_unclassified/UberGuidoZ_BadUSB/emptythevoid-BadUSB/red_dead_redemption_2/Five_Finger_Filet/W/D/A/A/S/A/WDAASA.txt,sd_card_content/badusb_extra_payloads/_unclassified/UberGuidoZ_BadUSB/emptythevoid-BadUSB/red_dead_redemption_2/Five_Finger_Filet/W/D/A/A/S/A/flipper_only/WDAASA.txt,move_to_subfolder,works_only_on_flipper
sd_card_content/badusb_extra_payloads/_unclassified/UberGuidoZ_BadUSB/emptythevoid-BadUSB/red_dead_redemption_2/Five_Finger_Filet/W/D/A/A/S/D/WDAASD.txt,sd_card_content/badusb_extra_payloads/_unclassified/UberGuidoZ_BadUSB/emptythevoid-BadUSB/red_dead_redemption_2/Five_Finger_Filet/W/D/A/A/S/D/flipper_only/WDAASD.txt,move_to_subfolder,works_only_on_flipper
sd_card_content/badusb_extra_payloads/_unclassified/UberGuidoZ_BadUSB/emptythevoid-BadUSB/red_dead_redemption_2/Five_Finger_Filet/W/D/A/A/A/S/WDAAAS.txt,sd_card_content/badusb_extra_payloads/_unclassified/UberGuidoZ_BadUSB/emptythevoid-BadUSB/red_dead_redemption_2/Five_Finger_Filet/W/D/A/A/A/S/flipper_only/WDAAAS.txt,move_to_subfolder,works_only_on_flipper
sd_card_content/badusb_extra_payloads/_unclassified/UberGuidoZ_BadUSB/emptythevoid-BadUSB/red_dead_redemption_2/Five_Finger_Filet/W/D/A/A/A/A/WDAAAA.txt,sd_card_content/badusb_extra_payloads/_unclassified/UberGuidoZ_BadUSB/emptythevoid-BadUSB/red_dead_redemption_2/Five_Finger_Filet/W/D/A/A/A/A/flipper_only/WDAAAA.txt,move_to_subfolder,works_only_on_flipper
sd_card_content/badusb_extra_payloads/_unclassified/UberGuidoZ_BadUSB/emptythevoid-BadUSB/red_dead_redemption_2/Five_Finger_Filet/W/D/A/A/A/D/WDAAAD.txt,sd_card_content/badusb_extra_payloads/_unclassified/UberGuidoZ_BadUSB/emptythevoid-BadUSB/red_dead_redemption_2/Five_Finger_Filet/W/D/A/A/A/D/flipper_only/WDAAAD.txt,move_to_subfolder,works_only_on_flipper
sd_card_content/badusb_extra_payloads/_unclassified/UberGuidoZ_BadUSB/emptythevoid-BadUSB/red_dead_redemption_2/Five_Finger_Filet/W/D/A/A/D/S/WDAADS.txt,sd_card_content/badusb_extra_payloads/_unclassified/UberGuidoZ_BadUSB/emptythevoid-BadUSB/red_dead_redemption_2/Five_Finger_Filet/W/D/A/A/D/S/flipper_only/WDAADS.txt,move_to_subfolder,works_only_on_flipper
sd_card_content/badusb_extra_payloads/_unclassified/UberGuidoZ_BadUSB/emptythevoid-BadUSB/red_dead_redemption_2/Five_Finger_Filet/W/D/A/A/D/A/WDAADA.txt,sd_card_content/badusb_extra_payloads/_unclassified/UberGuidoZ_BadUSB/emptythevoid-BadUSB/red_dead_redemption_2/Five_Finger_Filet/W/D/A/A/D/A/flipper_only/WDAADA.txt,move_to_subfolder,works_only_on_flipper
sd_card_content/badusb_extra_payloads/_unclassified/UberGuidoZ_BadUSB/emptythevoid-BadUSB/red_dead_redemption_2/Five_Finger_Filet/W/D/A/A/D/D/WDAADD.txt,sd_card_content/badusb_extra_payloads/_unclassified/UberGuidoZ_BadUSB/emptythevoid-BadUSB/red_dead_redemption_2/Five_Finger_Filet/W/D/A/A/D/D/flipper_only/WDAADD.txt,move_to_subfolder,works_only_on_flipper
sd_card_content/badusb_extra_payloads/_unclassified/UberGuidoZ_BadUSB/emptythevoid-BadUSB/red_dead_redemption_2/Five_Finger_Filet/W/D/A/D/S/S/WDADSS.txt,sd_card_content/badusb_extra_payloads/_unclassified/UberGuidoZ_BadUSB/emptythevoid-BadUSB/red_dead_redemption_2/Five_Finger_Filet/W/D/A/D/S/S/flipper_only/WDADSS.txt,move_to_subfolder,works_only_on_flipper
sd_card_content/badusb_extra_payloads/_unclassified/UberGuidoZ_BadUSB/emptythevoid-BadUSB/red_dead_redemption_2/Five_Finger_Filet/W/D/A/D/S/A/WDADSA.txt,sd_card_content/badusb_extra_payloads/_unclassified/UberGuidoZ_BadUSB/emptythevoid-BadUSB/red_dead_redemption_2/Five_Finger_Filet/W/D/A/D/S/A/flipper_only/WDADSA.txt,move_to_subfolder,works_only_on_flipper
sd_card_content/badusb_extra_payloads/_unclassified/UberGuidoZ_BadUSB/emptythevoid-BadUSB/red_dead_redemption_2/Five_Finger_Filet/W/D/A/D/S/D/WDADSD.txt,sd_card_content/badusb_extra_payloads/_unclassified/UberGuidoZ_BadUSB/emptythevoid-BadUSB/red_dead_redemption_2/Five_Finger_Filet/W/D/A/D/S/D/flipper_only/WDADSD.txt,move_to_subfolder,works_only_on_flipper
sd_card_content/badusb_extra_payloads/_unclassified/UberGuidoZ_BadUSB/emptythevoid-BadUSB/red_dead_redemption_2/Five_Finger_Filet/W/D/A/D/A/S/WDADAS.txt,sd_card_content/badusb_extra_payloads/_unclassified/UberGuidoZ_BadUSB/emptythevoid-BadUSB/red_dead_redemption_2/Five_Finger_Filet/W/D/A/D/A/S/flipper_only/WDADAS.txt,move_to_subfolder,works_only_on_flipper
sd_card_content/badusb_extra_payloads/_unclassified/UberGuidoZ_BadUSB/emptythevoid-BadUSB/red_dead_redemption_2/Five_Finger_Filet/W/D/A/D/A/A/WDADAA.txt,sd_card_content/badusb_extra_payloads/_unclassified/UberGuidoZ_BadUSB/emptythevoid-BadUSB/red_dead_redemption_2/Five_Finger_Filet/W/D/A/D/A/A/flipper_only/WDADAA.txt,move_to_subfolder,works_only_on_flipper
sd_card_content/badusb_extra_payloads/_unclassified/UberGuidoZ_BadUSB/emptythevoid-BadUSB/red_dead_redemption_2/Five_Finger_Filet/W/D/A/D/A/D/WDADAD.txt,sd_card_content/badusb_extra_payloads/_unclassified/UberGuidoZ_BadUSB/emptythevoid-BadUSB/red_dead_redemption_2/Five_Finger_Filet/W/D/A/D/A/D/flipper_only/WDADAD.txt,move_to_subfolder,works_only_on_flipper
sd_card_content/badusb_extra_payloads/_unclassified/UberGuidoZ_BadUSB/emptythevoid-BadUSB/red_dead_redemption_2/Five_Finger_Filet/W/D/A/D/D/S/WDADDS.txt,sd_card_content/badusb_extra_payloads/_unclassified/UberGuidoZ_BadUSB/emptythevoid-BadUSB/red_dead_redemption_2/Five_Finger_Filet/W/D/A/D/D/S/flipper_only/WDADDS.txt,move_to_subfolder,works_only_on_flipper
sd_card_content/badusb_extra_payloads/_unclassified/UberGuidoZ_BadUSB/emptythevoid-BadUSB/red_dead_redemption_2/Five_Finger_Filet/W/D/A/D/D/A/WDADDA.txt,sd_card_content/badusb_extra_payloads/_unclassified/UberGuidoZ_BadUSB/emptythevoid-BadUSB/red_dead_redemption_2/Five_Finger_Filet/W/D/A/D/D/A/flipper_only/WDADDA.txt,move_to_subfolder,works_only_on_flipper
sd_card_content/badusb_extra_payloads/_unclassified/UberGuidoZ_BadUSB/emptythevoid-BadUSB/red_dead_redemption_2/Five_Finger_Filet/W/D/A/D/D/D/WDADDD.txt,sd_card_content/badusb_extra_payloads/_unclassified/UberGuidoZ_BadUSB/emptythevoid-BadUSB/red_dead_redemption_2/Five_Finger_Filet/W/D/A/D/D/D/flipper_only/WDADDD.txt,move_to_subfolder,works_only_on_flipper
sd_card_content/badusb_extra_payloads/_unclassified/UberGuidoZ_BadUSB/emptythevoid-BadUSB/red_dead_redemption_2/Five_Finger_Filet/W/D/D/S/S/S/WDDSSS.txt,sd_card_content/badusb_extra_payloads/_unclassified/UberGuidoZ_BadUSB/emptythevoid-BadUSB/red_dead_redemption_2/Five_Finger_Filet/W/D/D/S/S/S/flipper_only/WDDSSS.txt,move_to_subfolder,works_only_on_flipper
sd_card_content/badusb_extra_payloads/_unclassified/UberGuidoZ_BadUSB/emptythevoid-BadUSB/red_dead_redemption_2/Five_Finger_Filet/W/D/D/S/S/A/WDDSSA.txt,sd_card_content/badusb_extra_payloads/_unclassified/UberGuidoZ_BadUSB/emptythevoid-BadUSB/red_dead_redemption_2/Five_Finger_Filet/W/D/D/S/S/A/flipper_only/WDDSSA.txt,move_to_subfolder,works_only_on_flipper
sd_card_content/badusb_extra_payloads/_unclassified/UberGuidoZ_BadUSB/emptythevoid-BadUSB/red_dead_redemption_2/Five_Finger_Filet/W/D/D/S/S/D/WDDSSD.txt,sd_card_content/badusb_extra_payloads/_unclassified/UberGuidoZ_BadUSB/emptythevoid-BadUSB/red_dead_redemption_2/Five_Finger_Filet/W/D/D/S/S/D/flipper_only/WDDSSD.txt,move_to_subfolder,works_only_on_flipper
sd_card_content/badusb_extra_payloads/_unclassified/UberGuidoZ_BadUSB/emptythevoid-BadUSB/red_dead_redemption_2/Five_Finger_Filet/W/D/D/S/A/S/WDDSAS.txt,sd_card_content/badusb_extra_payloads/_unclassified/UberGuidoZ_BadUSB/emptythevoid-BadUSB/red_dead_redemption_2/Five_Finger_Filet/W/D/D/S/A/S/flipper_only/WDDSAS.txt,move_to_subfolder,works_only_on_flipper
sd_card_content/badusb_extra_payloads/_unclassified/UberGuidoZ_BadUSB/emptythevoid-BadUSB/red_dead_redemption_2/Five_Finger_Filet/W/D/D/S/A/A/WDDSAA.txt,sd_card_content/badusb_extra_payloads/_unclassified/UberGuidoZ_BadUSB/emptythevoid-BadUSB/red_dead_redemption_2/Five_Finger_Filet/W/D/D/S/A/A/flipper_only/WDDSAA.txt,move_to_subfolder,works_only_on_flipper
sd_card_content/badusb_extra_payloads/_unclassified/UberGuidoZ_BadUSB/emptythevoid-BadUSB/red_dead_redemption_2/Five_Finger_Filet/W/D/D/S/A/D/WDDSAD.txt,sd_card_content/badusb_extra_payloads/_unclassified/UberGuidoZ_BadUSB/emptythevoid-BadUSB/red_dead_redemption_2/Five_Finger_Filet/W/D/D/S/A/D/flipper_only/WDDSAD.txt,move_to_subfolder,works_only_on_flipper
sd_card_content/badusb_extra_payloads/_unclassified/UberGuidoZ_BadUSB/emptythevoid-BadUSB/red_dead_redemption_2/Five_Finger_Filet/W/D/D/S/D/S/WDDSDS.txt,sd_card_content/badusb_extra_payloads/_unclassified/UberGuidoZ_BadUSB/emptythevoid-BadUSB/red_dead_redemption_2/Five_Finger_Filet/W/D/D/S/D/S/flipper_only/WDDSDS.txt,move_to_subfolder,works_only_on_flipper
sd_card_content/badusb_extra_payloads/_unclassified/UberGuidoZ_BadUSB/emptythevoid-BadUSB/red_dead_redemption_2/Five_Finger_Filet/W/D/D/S/D/A/WDDSDA.txt,sd_card_content/badusb_extra_payloads/_unclassified/UberGuidoZ_BadUSB/emptythevoid-BadUSB/red_dead_redemption_2/Five_Finger_Filet/W/D/D/S/D/A/flipper_only/WDDSDA.txt,move_to_subfolder,works_only_on_flipper
sd_card_content/badusb_extra_payloads/_unclassified/UberGuidoZ_BadUSB/emptythevoid-BadUSB/red_dead_redemption_2/Five_Finger_Filet/W/D/D/S/D/D/WDDSDD.txt,sd_card_content/badusb_extra_payloads/_unclassified/UberGuidoZ_BadUSB/emptythevoid-BadUSB/red_dead_redemption_2/Five_Finger_Filet/W/D/D/S/D/D/flipper_only/WDDSDD.txt,move_to_subfolder,works_only_on_flipper
sd_card_content/badusb_extra_payloads/_unclassified/UberGuidoZ_BadUSB/emptythevoid-BadUSB/red_dead_redemption_2/Five_Finger_Filet/W/D/D/A/S/S/WDDASS.txt,sd_card_content/badusb_extra_payloads/_unclassified/UberGuidoZ_BadUSB/emptythevoid-BadUSB/red_dead_redemption_2/Five_Finger_Filet/W/D/D/A/S/S/flipper_only/WDDASS.txt,move_to_subfolder,works_only_on_flipper
sd_card_content/badusb_extra_payloads/_unclassified/UberGuidoZ_BadUSB/emptythevoid-BadUSB/red_dead_redemption_2/Five_Finger_Filet/W/D/D/A/S/A/WDDASA.txt,sd_card_content/badusb_extra_payloads/_unclassified/UberGuidoZ_BadUSB/emptythevoid-BadUSB/red_dead_redemption_2/Five_Finger_Filet/W/D/D/A/S/A/flipper_only/WDDASA.txt,move_to_subfolder,works_only_on_flipper
sd_card_content/badusb_extra_payloads/_unclassified/UberGuidoZ_BadUSB/emptythevoid-BadUSB/red_dead_redemption_2/Five_Finger_Filet/W/D/D/A/S/D/WDDASD.txt,sd_card_content/badusb_extra_payloads/_unclassified/UberGuidoZ_BadUSB/emptythevoid-BadUSB/red_dead_redemption_2/Five_Finger_Filet/W/D/D/A/S/D/flipper_only/WDDASD.txt,move_to_subfolder,works_only_on_flipper
sd_card_content/badusb_extra_payloads/_unclassified/UberGuidoZ_BadUSB/emptythevoid-BadUSB/red_dead_redemption_2/Five_Finger_Filet/W/D/D/A/A/S/WDDAAS.txt,sd_card_content/badusb_extra_payloads/_unclassified/UberGuidoZ_BadUSB/emptythevoid-BadUSB/red_dead_redemption_2/Five_Finger_Filet/W/D/D/A/A/S/flipper_only/WDDAAS.txt,move_to_subfolder,works_only_on_flipper
sd_card_content/badusb_extra_payloads/_unclassified/UberGuidoZ_BadUSB/emptythevoid-BadUSB/red_dead_redemption_2/Five_Finger_Filet/W/D/D/A/A/A/WDDAAA.txt,sd_card_content/badusb_extra_payloads/_unclassified/UberGuidoZ_BadUSB/emptythevoid-BadUSB/red_dead_redemption_2/Five_Finger_Filet/W/D/D/A/A/A/flipper_only/WDDAAA.txt,move_to_subfolder,works_only_on_flipper
sd_card_content/badusb_extra_payloads/_unclassified/UberGuidoZ_BadUSB/emptythevoid-BadUSB/red_dead_redemption_2/Five_Finger_Filet/W/D/D/A/A/D/WDDAAD.txt,sd_card_content/badusb_extra_payloads/_unclassified/UberGuidoZ_BadUSB/emptythevoid-BadUSB/red_dead_redemption_2/Five_Finger_Filet/W/D/D/A/A/D/flipper_only/WDDAAD.txt,move_to_subfolder,works_only_on_flipper
sd_card_content/badusb_extra_payloads/_unclassified/UberGuidoZ_BadUSB/emptythevoid-BadUSB/red_dead_redemption_2/Five_Finger_Filet/W/D/D/A/D/S/WDDADS.txt,sd_card_content/badusb_extra_payloads/_unclassified/UberGuidoZ_BadUSB/emptythevoid-BadUSB/red_dead_redemption_2/Five_Finger_Filet/W/D/D/A/D/S/flipper_only/WDDADS.txt,move_to_subfolder,works_only_on_flipper
sd_card_content/badusb_extra_payloads/_unclassified/UberGuidoZ_BadUSB/emptythevoid-BadUSB/red_dead_redemption_2/Five_Finger_Filet/W/D/D/A/D/A/WDDADA.txt,sd_card_content/badusb_extra_payloads/_unclassified/UberGuidoZ_BadUSB/emptythevoid-BadUSB/red_dead_redemption_2/Five_Finger_Filet/W/D/D/A/D/A/flipper_only/WDDADA.txt,move_to_subfolder,works_only_on_flipper
sd_card_content/badusb_extra_payloads/_unclassified/UberGuidoZ_BadUSB/emptythevoid-BadUSB/red_dead_redemption_2/Five_Finger_Filet/W/D/D/A/D/D/WDDADD.txt,sd_card_content/badusb_extra_payloads/_unclassified/UberGuidoZ_BadUSB/emptythevoid-BadUSB/red_dead_redemption_2/Five_Finger_Filet/W/D/D/A/D/D/flipper_only/WDDADD.txt,move_to_subfolder,works_only_on_flipper
sd_card_content/badusb_extra_payloads/_unclassified/UberGuidoZ_BadUSB/emptythevoid-BadUSB/red_dead_redemption_2/Five_Finger_Filet/W/D/D/D/S/S/WDDDSS.txt,sd_card_content/badusb_extra_payloads/_unclassified/UberGuidoZ_BadUSB/emptythevoid-BadUSB/red_dead_redemption_2/Five_Finger_Filet/W/D/D/D/S/S/flipper_only/WDDDSS.txt,move_to_subfolder,works_only_on_flipper
sd_card_content/badusb_extra_payloads/_unclassified/UberGuidoZ_BadUSB/emptythevoid-BadUSB/red_dead_redemption_2/Five_Finger_Filet/W/D/D/D/S/A/WDDDSA.txt,sd_card_content/badusb_extra_payloads/_unclassified/UberGuidoZ_BadUSB/emptythevoid-BadUSB/red_dead_redemption_2/Five_Finger_Filet/W/D/D/D/S/A/flipper_only/WDDDSA.txt,move_to_subfolder,works_only_on_flipper
sd_card_content/badusb_extra_payloads/_unclassified/UberGuidoZ_BadUSB/emptythevoid-BadUSB/red_dead_redemption_2/Five_Finger_Filet/W/D/D/D/S/D/WDDDSD.txt,sd_card_content/badusb_extra_payloads/_unclassified/UberGuidoZ_BadUSB/emptythevoid-BadUSB/red_dead_redemption_2/Five_Finger_Filet/W/D/D/D/S/D/flipper_only/WDDDSD.txt,move_to_subfolder,works_only_on_flipper
sd_card_content/badusb_extra_payloads/_unclassified/UberGuidoZ_BadUSB/emptythevoid-BadUSB/red_dead_redemption_2/Five_Finger_Filet/W/D/D/D/A/S/WDDDAS.txt,sd_card_content/badusb_extra_payloads/_unclassified/UberGuidoZ_BadUSB/emptythevoid-BadUSB/red_dead_redemption_2/Five_Finger_Filet/W/D/D/D/A/S/flipper_only/WDDDAS.txt,move_to_subfolder,works_only_on_flipper
sd_card_content/badusb_extra_payloads/_unclassified/UberGuidoZ_BadUSB/emptythevoid-BadUSB/red_dead_redemption_2/Five_Finger_Filet/W/D/D/D/A/A/WDDDAA.txt,sd_card_content/badusb_extra_payloads/_unclassified/UberGuidoZ_BadUSB/emptythevoid-BadUSB/red_dead_redemption_2/Five_Finger_Filet/W/D/D/D/A/A/flipper_only/WDDDAA.txt,move_to_subfolder,works_only_on_flipper
sd_card_content/badusb_extra_payloads/_unclassified/UberGuidoZ_BadUSB/emptythevoid-BadUSB/red_dead_redemption_2/Five_Finger_Filet/W/D/D/D/A/D/WDDDAD.txt,sd_card_content/badusb_extra_payloads/_unclassified/UberGuidoZ_BadUSB/emptythevoid-BadUSB/red_dead_redemption_2/Five_Finger_Filet/W/D/D/D/A/D/flipper_only/WDDDAD.txt,move_to_subfolder,works_only_on_flipper
sd_card_content/badusb_extra_payloads/_unclassified/UberGuidoZ_BadUSB/emptythevoid-BadUSB/red_dead_redemption_2/Five_Finger_Filet/W/D/D/D/D/S/WDDDDS.txt,sd_card_content/badusb_extra_payloads/_unclassified/UberGuidoZ_BadUSB/emptythevoid-BadUSB/red_dead_redemption_2/Five_Finger_Filet/W/D/D/D/D/S/flipper_only/WDDDDS.txt,move_to_subfolder,works_only_on_flipper
sd_card_content/badusb_extra_payloads/_unclassified/UberGuidoZ_BadUSB/emptythevoid-BadUSB/red_dead_redemption_2/Five_Finger_Filet/W/D/D/D/D/A/WDDDDA.txt,sd_card_content/badusb_extra_payloads/_unclassified/UberGuidoZ_BadUSB/emptythevoid-BadUSB/red_dead_redemption_2/Five_Finger_Filet/W/D/D/D/D/A/flipper_only/WDDDDA.txt,move_to_subfolder,works_only_on_flipper
sd_card_content/badusb_extra_payloads/_unclassified/UberGuidoZ_BadUSB/emptythevoid-BadUSB/red_dead_redemption_2/Five_Finger_Filet/W/D/D/D/D/D/WDDDDD.txt,sd_card_content/badusb_extra_payloads/_unclassified/UberGuidoZ_BadUSB/emptythevoid-BadUSB/red_dead_redemption_2/Five_Finger_Filet/W/D/D/D/D/D/flipper_only/WDDDDD.txt,move_to_subfolder,works_only_on_flipper
sd_card_content/badusb_extra_payloads/_unclassified/UberGuidoZ_BadUSB/emptythevoid-BadUSB/red_dead_redemption_2/rdr2_craft_ammo/rdr2_craft_ammo.txt,sd_card_content/badusb_extra_payloads/_unclassified/UberGuidoZ_BadUSB/emptythevoid-BadUSB/red_dead_redemption_2/rdr2_craft_ammo/flipper_only/rdr2_craft_ammo.txt,move_to_subfolder,works_only_on_flipper
sd_card_content/badusb_extra_payloads/_unclassified/UberGuidoZ_BadUSB/emptythevoid-BadUSB/win11_install/oobe_bypass_part1.txt,sd_card_content/badusb_extra_payloads/_unclassified/UberGuidoZ_BadUSB/emptythevoid-BadUSB/win11_install/flipper_only/oobe_bypass_part1.txt,move_to_subfolder,works_only_on_flipper
sd_card_content/badusb_extra_payloads/_unclassified/Bruce-Scripts-Heaven_BAD/demo_macos.txt,sd_card_content/badusb_extra_payloads/_unclassified/Bruce-Scripts-Heaven_BAD/sintaxe_extra_nao_suportada/demo_macos.txt,move_to_subfolder,unsupported_ds3_or_unrecognized_syntax
sd_card_content/badusb_extra_payloads/_unclassified/Bruce-Scripts-Heaven_BAD/MacOS-narstybits/Executions/Screen Recorder MacOs.txt,sd_card_content/badusb_extra_payloads/_unclassified/Bruce-Scripts-Heaven_BAD/MacOS-narstybits/Executions/flipper_only/Screen Recorder MacOs.txt,move_to_subfolder,works_only_on_flipper
sd_card_content/badusb_extra_payloads/_unclassified/Bruce-Scripts-Heaven_BAD/MacOS-narstybits/Executions/File load Tester.txt,sd_card_content/badusb_extra_payloads/_unclassified/Bruce-Scripts-Heaven_BAD/MacOS-narstybits/Executions/flipper_only/File load Tester.txt,move_to_subfolder,works_only_on_flipper
sd_card_content/badusb_extra_payloads/_unclassified/Bruce-Scripts-Heaven_BAD/MacOS-narstybits/Executions/Eject DiskUtility.txt,sd_card_content/badusb_extra_payloads/_unclassified/Bruce-Scripts-Heaven_BAD/MacOS-narstybits/Executions/flipper_only/Eject DiskUtility.txt,move_to_subfolder,works_only_on_flipper
sd_card_content/badusb_extra_payloads/_unclassified/Bruce-Scripts-Heaven_BAD/MacOS-narstybits/Executions/Copy Pasta.txt,sd_card_content/badusb_extra_payloads/_unclassified/Bruce-Scripts-Heaven_BAD/MacOS-narstybits/Executions/flipper_only/Copy Pasta.txt,move_to_subfolder,works_only_on_flipper
sd_card_content/badusb_extra_payloads/_unclassified/Bruce-Scripts-Heaven_BAD/MacOS-narstybits/Executions/Infinite Dropdown list.txt,sd_card_content/badusb_extra_payloads/_unclassified/Bruce-Scripts-Heaven_BAD/MacOS-narstybits/Executions/flipper_only/Infinite Dropdown list.txt,move_to_subfolder,works_only_on_flipper
sd_card_content/badusb_extra_payloads/_unclassified/Bruce-Scripts-Heaven_BAD/MacOS-narstybits/Executions/Folder Fun Load tester.txt,sd_card_content/badusb_extra_payloads/_unclassified/Bruce-Scripts-Heaven_BAD/MacOS-narstybits/Executions/flipper_only/Folder Fun Load tester.txt,move_to_subfolder,works_only_on_flipper
sd_card_content/badusb_extra_payloads/_unclassified/Bruce-Scripts-Heaven_BAD/MacOS-narstybits/Executions/MacOs Website redirect.txt,sd_card_content/badusb_extra_payloads/_unclassified/Bruce-Scripts-Heaven_BAD/MacOS-narstybits/Executions/flipper_only/MacOs Website redirect.txt,move_to_subfolder,works_only_on_flipper
sd_card_content/badusb_extra_payloads/_unclassified/Bruce-Scripts-Heaven_BAD/MacOS-narstybits/Executions/System Disruption Loop.txt,sd_card_content/badusb_extra_payloads/_unclassified/Bruce-Scripts-Heaven_BAD/MacOS-narstybits/Executions/flipper_only/System Disruption Loop.txt,move_to_subfolder,works_only_on_flipper
sd_card_content/badusb_extra_payloads/_unclassified/Bruce-Scripts-Heaven_BAD/MacOS-narstybits/Executions/Infinite Dialog Box.txt,sd_card_content/badusb_extra_payloads/_unclassified/Bruce-Scripts-Heaven_BAD/MacOS-narstybits/Executions/flipper_only/Infinite Dialog Box.txt,move_to_subfolder,works_only_on_flipper
sd_card_content/badusb_extra_payloads/_unclassified/Bruce-Scripts-Heaven_BAD/MacOS-narstybits/Executions/Bluetooth On.txt,sd_card_content/badusb_extra_payloads/_unclassified/Bruce-Scripts-Heaven_BAD/MacOS-narstybits/Executions/flipper_only/Bluetooth On.txt,move_to_subfolder,works_only_on_flipper
sd_card_content/badusb_extra_payloads/_unclassified/Bruce-Scripts-Heaven_BAD/BadUSB-FalsePhilosopher/OMG/Library/execution/DNS-TXT-Run/payload.txt,sd_card_content/badusb_extra_payloads/_unclassified/Bruce-Scripts-Heaven_BAD/BadUSB-FalsePhilosopher/OMG/Library/execution/DNS-TXT-Run/sintaxe_extra_nao_suportada/payload.txt,move_to_subfolder,unsupported_ds3_or_unrecognized_syntax
sd_card_content/badusb_extra_payloads/_unclassified/Bruce-Scripts-Heaven_BAD/BadUSB-FalsePhilosopher/OMG/Library/execution/FodCable - UAC Bypass/payload.txt,sd_card_content/badusb_extra_payloads/_unclassified/Bruce-Scripts-Heaven_BAD/BadUSB-FalsePhilosopher/OMG/Library/execution/FodCable - UAC Bypass/sintaxe_extra_nao_suportada/payload.txt,move_to_subfolder,unsupported_ds3_or_unrecognized_syntax
sd_card_content/badusb_extra_payloads/_unclassified/Bruce-Scripts-Heaven_BAD/BadUSB-FalsePhilosopher/OMG/Library/incident_response/-OMG-ET-Phone-Home/ET-Phone-Home-Execute.txt,sd_card_content/badusb_extra_payloads/_unclassified/Bruce-Scripts-Heaven_BAD/BadUSB-FalsePhilosopher/OMG/Library/incident_response/-OMG-ET-Phone-Home/sintaxe_extra_nao_suportada/ET-Phone-Home-Execute.txt,move_to_subfolder,unsupported_ds3_or_unrecognized_syntax
sd_card_content/badusb_extra_payloads/_unclassified/Bruce-Scripts-Heaven_BAD/BadUSB-FalsePhilosopher/WHID/Library/Unix like/linux/LinuxIfconfig.txt,sd_card_content/badusb_extra_payloads/_unclassified/Bruce-Scripts-Heaven_BAD/BadUSB-FalsePhilosopher/WHID/Library/Unix like/linux/nao_e_duckyscript/whid_injector_syntax/LinuxIfconfig.txt,move_to_subfolder,whid_injector_syntax
sd_card_content/badusb_extra_payloads/_unclassified/Bruce-Scripts-Heaven_BAD/BadUSB-FalsePhilosopher/WHID/Library/Base/winhiddenpayload.txt,sd_card_content/badusb_extra_payloads/_unclassified/Bruce-Scripts-Heaven_BAD/BadUSB-FalsePhilosopher/WHID/Library/Base/nao_e_duckyscript/whid_injector_syntax/winhiddenpayload.txt,move_to_subfolder,whid_injector_syntax
sd_card_content/badusb_extra_payloads/_unclassified/Bruce-Scripts-Heaven_BAD/BadUSB-FalsePhilosopher/WHID/Library/Base/winkiOSKhack.txt,sd_card_content/badusb_extra_payloads/_unclassified/Bruce-Scripts-Heaven_BAD/BadUSB-FalsePhilosopher/WHID/Library/Base/nao_e_duckyscript/whid_injector_syntax/winkiOSKhack.txt,move_to_subfolder,whid_injector_syntax
sd_card_content/badusb_extra_payloads/_unclassified/Bruce-Scripts-Heaven_BAD/BadUSB-FalsePhilosopher/WHID/Library/Base/mousetest.txt,sd_card_content/badusb_extra_payloads/_unclassified/Bruce-Scripts-Heaven_BAD/BadUSB-FalsePhilosopher/WHID/Library/Base/nao_e_duckyscript/whid_injector_syntax/mousetest.txt,move_to_subfolder,whid_injector_syntax
sd_card_content/badusb_extra_payloads/_unclassified/Bruce-Scripts-Heaven_BAD/BadUSB-FalsePhilosopher/WHID/Library/Base/kali2hiddenpayld.txt,sd_card_content/badusb_extra_payloads/_unclassified/Bruce-Scripts-Heaven_BAD/BadUSB-FalsePhilosopher/WHID/Library/Base/nao_e_duckyscript/whid_injector_syntax/kali2hiddenpayld.txt,move_to_subfolder,whid_injector_syntax
sd_card_content/badusb_extra_payloads/_unclassified/Bruce-Scripts-Heaven_BAD/BadUSB-FalsePhilosopher/WHID/Library/Base/blink.txt,sd_card_content/badusb_extra_payloads/_unclassified/Bruce-Scripts-Heaven_BAD/BadUSB-FalsePhilosopher/WHID/Library/Base/sintaxe_extra_nao_suportada/blink.txt,move_to_subfolder,unsupported_ds3_or_unrecognized_syntax
sd_card_content/badusb_extra_payloads/_unclassified/Bruce-Scripts-Heaven_BAD/BadUSB-FalsePhilosopher/WHID/Library/windows/EmpireAgent.txt,sd_card_content/badusb_extra_payloads/_unclassified/Bruce-Scripts-Heaven_BAD/BadUSB-FalsePhilosopher/WHID/Library/windows/nao_e_duckyscript/whid_injector_syntax/EmpireAgent.txt,move_to_subfolder,whid_injector_syntax
sd_card_content/badusb_extra_payloads/_unclassified/Bruce-Scripts-Heaven_BAD/BadUSB-FalsePhilosopher/WHID/Library/windows/WinCalc.txt,sd_card_content/badusb_extra_payloads/_unclassified/Bruce-Scripts-Heaven_BAD/BadUSB-FalsePhilosopher/WHID/Library/windows/nao_e_duckyscript/whid_injector_syntax/WinCalc.txt,move_to_subfolder,whid_injector_syntax
sd_card_content/badusb_extra_payloads/_unclassified/Bruce-Scripts-Heaven_BAD/BadUSB-FalsePhilosopher/Malduino/Library/MACos_Malduino/Library/0110.txt,sd_card_content/badusb_extra_payloads/_unclassified/Bruce-Scripts-Heaven_BAD/BadUSB-FalsePhilosopher/Malduino/Library/MACos_Malduino/Library/sintaxe_extra_nao_suportada/0110.txt,move_to_subfolder,unsupported_ds3_or_unrecognized_syntax
sd_card_content/badusb_extra_payloads/_unclassified/Bruce-Scripts-Heaven_BAD/BadUSB-FalsePhilosopher/Ducky/Ducky-Framework/payloads/lin/sshKeyAccss/sshKeyAccss.txt,sd_card_content/badusb_extra_payloads/_unclassified/Bruce-Scripts-Heaven_BAD/BadUSB-FalsePhilosopher/Ducky/Ducky-Framework/payloads/lin/sshKeyAccss/sintaxe_extra_nao_suportada/sshKeyAccss.txt,move_to_subfolder,unsupported_ds3_or_unrecognized_syntax
sd_card_content/badusb_extra_payloads/_unclassified/Bruce-Scripts-Heaven_BAD/BadUSB-FalsePhilosopher/Ducky/Ducky-Framework/payloads/osx/sshKeyAccss/sshKeyAccss.txt,sd_card_content/badusb_extra_payloads/_unclassified/Bruce-Scripts-Heaven_BAD/BadUSB-FalsePhilosopher/Ducky/Ducky-Framework/payloads/osx/sshKeyAccss/sintaxe_extra_nao_suportada/sshKeyAccss.txt,move_to_subfolder,unsupported_ds3_or_unrecognized_syntax
sd_card_content/badusb_extra_payloads/_unclassified/Bruce-Scripts-Heaven_BAD/BadUSB-FalsePhilosopher/Ducky/USBRubberducky/execution/Win/Elevate_CMD/info.txt,sd_card_content/badusb_extra_payloads/_unclassified/Bruce-Scripts-Heaven_BAD/BadUSB-FalsePhilosopher/Ducky/USBRubberducky/execution/Win/Elevate_CMD/sintaxe_extra_nao_suportada/info.txt,move_to_subfolder,unsupported_ds3_or_unrecognized_syntax
sd_card_content/badusb_extra_payloads/_unclassified/Bruce-Scripts-Heaven_BAD/BadUSB-FalsePhilosopher/BashBunny/config.txt,sd_card_content/badusb_extra_payloads/_unclassified/Bruce-Scripts-Heaven_BAD/BadUSB-FalsePhilosopher/BashBunny/sintaxe_extra_nao_suportada/config.txt,move_to_subfolder,unsupported_ds3_or_unrecognized_syntax
sd_card_content/badusb_extra_payloads/_unclassified/Bruce-Scripts-Heaven_BAD/BadUSB-FalsePhilosopher/BashBunny/payloads/library/Incident_Response/Link_File_analysis/payload.txt,sd_card_content/badusb_extra_payloads/_unclassified/Bruce-Scripts-Heaven_BAD/BadUSB-FalsePhilosopher/BashBunny/payloads/library/Incident_Response/Link_File_analysis/nao_e_duckyscript/bashbunny_syntax/payload.txt,move_to_subfolder,bashbunny_syntax
sd_card_content/badusb_extra_payloads/_unclassified/Bruce-Scripts-Heaven_BAD/BadUSB-FalsePhilosopher/BashBunny/payloads/library/Incident_Response/Hidden_Images/payload.txt,sd_card_content/badusb_extra_payloads/_unclassified/Bruce-Scripts-Heaven_BAD/BadUSB-FalsePhilosopher/BashBunny/payloads/library/Incident_Response/Hidden_Images/nao_e_duckyscript/bashbunny_syntax/payload.txt,move_to_subfolder,bashbunny_syntax
sd_card_content/badusb_extra_payloads/_unclassified/Bruce-Scripts-Heaven_BAD/BadUSB-FalsePhilosopher/BashBunny/payloads/library/Incident_Response/-BB-ET-Phone-Home/payload.txt,sd_card_content/badusb_extra_payloads/_unclassified/Bruce-Scripts-Heaven_BAD/BadUSB-FalsePhilosopher/BashBunny/payloads/library/Incident_Response/-BB-ET-Phone-Home/nao_e_duckyscript/bashbunny_syntax/payload.txt,move_to_subfolder,bashbunny_syntax
sd_card_content/badusb_extra_payloads/_unclassified/Bruce-Scripts-Heaven_BAD/BadUSB-FalsePhilosopher/BashBunny/payloads/library/execution/psh_DownloadExec/payload.txt,sd_card_content/badusb_extra_payloads/_unclassified/Bruce-Scripts-Heaven_BAD/BadUSB-FalsePhilosopher/BashBunny/payloads/library/execution/psh_DownloadExec/nao_e_duckyscript/bashbunny_syntax/payload.txt,move_to_subfolder,bashbunny_syntax
sd_card_content/badusb_extra_payloads/_unclassified/Bruce-Scripts-Heaven_BAD/BadUSB-FalsePhilosopher/BashBunny/payloads/library/execution/psh_DownloadExec/p.txt,sd_card_content/badusb_extra_payloads/_unclassified/Bruce-Scripts-Heaven_BAD/BadUSB-FalsePhilosopher/BashBunny/payloads/library/execution/psh_DownloadExec/sintaxe_extra_nao_suportada/p.txt,move_to_subfolder,unsupported_ds3_or_unrecognized_syntax
sd_card_content/badusb_extra_payloads/_unclassified/Bruce-Scripts-Heaven_BAD/BadUSB-FalsePhilosopher/BashBunny/payloads/library/execution/DirtyPipe/payload.txt,sd_card_content/badusb_extra_payloads/_unclassified/Bruce-Scripts-Heaven_BAD/BadUSB-FalsePhilosopher/BashBunny/payloads/library/execution/DirtyPipe/nao_e_duckyscript/bashbunny_syntax/payload.txt,move_to_subfolder,bashbunny_syntax
sd_card_content/badusb_extra_payloads/_unclassified/Bruce-Scripts-Heaven_BAD/BadUSB-FalsePhilosopher/BashBunny/payloads/library/execution/ScreenGrab/switch2/payload.txt,sd_card_content/badusb_extra_payloads/_unclassified/Bruce-Scripts-Heaven_BAD/BadUSB-FalsePhilosopher/BashBunny/payloads/library/execution/ScreenGrab/switch2/nao_e_duckyscript/bashbunny_syntax/payload.txt,move_to_subfolder,bashbunny_syntax
sd_card_content/badusb_extra_payloads/_unclassified/Bruce-Scripts-Heaven_BAD/BadUSB-FalsePhilosopher/BashBunny/payloads/library/execution/ScreenGrab/switch1/payload.txt,sd_card_content/badusb_extra_payloads/_unclassified/Bruce-Scripts-Heaven_BAD/BadUSB-FalsePhilosopher/BashBunny/payloads/library/execution/ScreenGrab/switch1/nao_e_duckyscript/bashbunny_syntax/payload.txt,move_to_subfolder,bashbunny_syntax
sd_card_content/badusb_extra_payloads/_unclassified/Bruce-Scripts-Heaven_BAD/BadUSB-FalsePhilosopher/BashBunny/payloads/library/execution/FileRipper/payload.txt,sd_card_content/badusb_extra_payloads/_unclassified/Bruce-Scripts-Heaven_BAD/BadUSB-FalsePhilosopher/BashBunny/payloads/library/execution/FileRipper/nao_e_duckyscript/bashbunny_syntax/payload.txt,move_to_subfolder,bashbunny_syntax
sd_card_content/badusb_extra_payloads/_unclassified/Bruce-Scripts-Heaven_BAD/BadUSB-FalsePhilosopher/BashBunny/payloads/library/execution/PwnKit_LPE/payload.txt,sd_card_content/badusb_extra_payloads/_unclassified/Bruce-Scripts-Heaven_BAD/BadUSB-FalsePhilosopher/BashBunny/payloads/library/execution/PwnKit_LPE/nao_e_duckyscript/bashbunny_syntax/payload.txt,move_to_subfolder,bashbunny_syntax
sd_card_content/badusb_extra_payloads/_unclassified/Bruce-Scripts-Heaven_BAD/BadUSB-FalsePhilosopher/BashBunny/payloads/library/execution/Get-System/payload.txt,sd_card_content/badusb_extra_payloads/_unclassified/Bruce-Scripts-Heaven_BAD/BadUSB-FalsePhilosopher/BashBunny/payloads/library/execution/Get-System/nao_e_duckyscript/bashbunny_syntax/payload.txt,move_to_subfolder,bashbunny_syntax
sd_card_content/badusb_extra_payloads/_unclassified/Bruce-Scripts-Heaven_BAD/BadUSB-FalsePhilosopher/BashBunny/payloads/library/execution/Win_PoSH_SSHServer/payload.txt,sd_card_content/badusb_extra_payloads/_unclassified/Bruce-Scripts-Heaven_BAD/BadUSB-FalsePhilosopher/BashBunny/payloads/library/execution/Win_PoSH_SSHServer/nao_e_duckyscript/bashbunny_syntax/payload.txt,move_to_subfolder,bashbunny_syntax
sd_card_content/badusb_extra_payloads/_unclassified/Bruce-Scripts-Heaven_BAD/BadUSB-FalsePhilosopher/BashBunny/payloads/library/execution/-BB-Play-WAV/payload.txt,sd_card_content/badusb_extra_payloads/_unclassified/Bruce-Scripts-Heaven_BAD/BadUSB-FalsePhilosopher/BashBunny/payloads/library/execution/-BB-Play-WAV/nao_e_duckyscript/bashbunny_syntax/payload.txt,move_to_subfolder,bashbunny_syntax
sd_card_content/badusb_extra_payloads/_unclassified/Bruce-Scripts-Heaven_BAD/BadUSB-FalsePhilosopher/BashBunny/payloads/library/execution/StickyBunny/payload.txt,sd_card_content/badusb_extra_payloads/_unclassified/Bruce-Scripts-Heaven_BAD/BadUSB-FalsePhilosopher/BashBunny/payloads/library/execution/StickyBunny/nao_e_duckyscript/bashbunny_syntax/payload.txt,move_to_subfolder,bashbunny_syntax
sd_card_content/badusb_extra_payloads/_unclassified/Bruce-Scripts-Heaven_BAD/BadUSB-FalsePhilosopher/BashBunny/payloads/library/execution/-BB-SafeHaven/payload.txt,sd_card_content/badusb_extra_payloads/_unclassified/Bruce-Scripts-Heaven_BAD/BadUSB-FalsePhilosopher/BashBunny/payloads/library/execution/-BB-SafeHaven/nao_e_duckyscript/bashbunny_syntax/payload.txt,move_to_subfolder,bashbunny_syntax
sd_card_content/badusb_extra_payloads/_unclassified/Bruce-Scripts-Heaven_BAD/BadUSB-FalsePhilosopher/BashBunny/payloads/library/execution/exe_UACBypassD&E/payload.txt,sd_card_content/badusb_extra_payloads/_unclassified/Bruce-Scripts-Heaven_BAD/BadUSB-FalsePhilosopher/BashBunny/payloads/library/execution/exe_UACBypassD&E/nao_e_duckyscript/bashbunny_syntax/payload.txt,move_to_subfolder,bashbunny_syntax
sd_card_content/badusb_extra_payloads/_unclassified/Bruce-Scripts-Heaven_BAD/BadUSB-FalsePhilosopher/BashBunny/payloads/library/execution/bunnyDOS/payload.txt,sd_card_content/badusb_extra_payloads/_unclassified/Bruce-Scripts-Heaven_BAD/BadUSB-FalsePhilosopher/BashBunny/payloads/library/execution/bunnyDOS/nao_e_duckyscript/bashbunny_syntax/payload.txt,move_to_subfolder,bashbunny_syntax
sd_card_content/badusb_extra_payloads/_unclassified/Bruce-Scripts-Heaven_BAD/BadUSB-FalsePhilosopher/BashBunny/payloads/library/execution/PwnKit_LPE_Compiled/payload.txt,sd_card_content/badusb_extra_payloads/_unclassified/Bruce-Scripts-Heaven_BAD/BadUSB-FalsePhilosopher/BashBunny/payloads/library/execution/PwnKit_LPE_Compiled/nao_e_duckyscript/bashbunny_syntax/payload.txt,move_to_subfolder,bashbunny_syntax
sd_card_content/badusb_extra_payloads/_unclassified/Bruce-Scripts-Heaven_BAD/BadUSB-FalsePhilosopher/BashBunny/payloads/library/execution/psh_DownloadExecSMB/p.txt,sd_card_content/badusb_extra_payloads/_unclassified/Bruce-Scripts-Heaven_BAD/BadUSB-FalsePhilosopher/BashBunny/payloads/library/execution/psh_DownloadExecSMB/sintaxe_extra_nao_suportada/p.txt,move_to_subfolder,unsupported_ds3_or_unrecognized_syntax
sd_card_content/badusb_extra_payloads/_unclassified/Bruce-Scripts-Heaven_BAD/BadUSB-FalsePhilosopher/BashBunny/payloads/library/execution/RAZ_VBScript/listener_port.txt,sd_card_content/badusb_extra_payloads/_unclassified/Bruce-Scripts-Heaven_BAD/BadUSB-FalsePhilosopher/BashBunny/payloads/library/execution/RAZ_VBScript/sintaxe_extra_nao_suportada/listener_port.txt,move_to_subfolder,unsupported_ds3_or_unrecognized_syntax
sd_card_content/badusb_extra_payloads/_unclassified/Bruce-Scripts-Heaven_BAD/BadUSB-FalsePhilosopher/BashBunny/payloads/library/execution/RAZ_VBScript/payload.txt,sd_card_content/badusb_extra_payloads/_unclassified/Bruce-Scripts-Heaven_BAD/BadUSB-FalsePhilosopher/BashBunny/payloads/library/execution/RAZ_VBScript/nao_e_duckyscript/bashbunny_syntax/payload.txt,move_to_subfolder,bashbunny_syntax
sd_card_content/badusb_extra_payloads/_unclassified/Bruce-Scripts-Heaven_BAD/BadUSB-FalsePhilosopher/BashBunny/payloads/library/execution/RAZ_VBScript/listener_ip.txt,sd_card_content/badusb_extra_payloads/_unclassified/Bruce-Scripts-Heaven_BAD/BadUSB-FalsePhilosopher/BashBunny/payloads/library/execution/RAZ_VBScript/sintaxe_extra_nao_suportada/listener_ip.txt,move_to_subfolder,unsupported_ds3_or_unrecognized_syntax
sd_card_content/badusb_extra_payloads/_unclassified/Bruce-Scripts-Heaven_BAD/BadUSB-FalsePhilosopher/BashBunny/payloads/library/execution/mine4me/payload.txt,sd_card_content/badusb_extra_payloads/_unclassified/Bruce-Scripts-Heaven_BAD/BadUSB-FalsePhilosopher/BashBunny/payloads/library/execution/mine4me/nao_e_duckyscript/bashbunny_syntax/payload.txt,move_to_subfolder,bashbunny_syntax
sd_card_content/badusb_extra_payloads/_unclassified/Bruce-Scripts-Heaven_BAD/BadUSB-FalsePhilosopher/BashBunny/payloads/library/execution/ATNT/payload.txt,sd_card_content/badusb_extra_payloads/_unclassified/Bruce-Scripts-Heaven_BAD/BadUSB-FalsePhilosopher/BashBunny/payloads/library/execution/ATNT/nao_e_duckyscript/bashbunny_syntax/payload.txt,move_to_subfolder,bashbunny_syntax
sd_card_content/badusb_extra_payloads/_unclassified/Bruce-Scripts-Heaven_BAD/BadUSB-FalsePhilosopher/BashBunny/payloads/library/execution/camPeek/switch2/payload.txt,sd_card_content/badusb_extra_payloads/_unclassified/Bruce-Scripts-Heaven_BAD/BadUSB-FalsePhilosopher/BashBunny/payloads/library/execution/camPeek/switch2/nao_e_duckyscript/bashbunny_syntax/payload.txt,move_to_subfolder,bashbunny_syntax
sd_card_content/badusb_extra_payloads/_unclassified/Bruce-Scripts-Heaven_BAD/BadUSB-FalsePhilosopher/BashBunny/payloads/library/execution/camPeek/switch1/payload.txt,sd_card_content/badusb_extra_payloads/_unclassified/Bruce-Scripts-Heaven_BAD/BadUSB-FalsePhilosopher/BashBunny/payloads/library/execution/camPeek/switch1/nao_e_duckyscript/bashbunny_syntax/payload.txt,move_to_subfolder,bashbunny_syntax
sd_card_content/badusb_extra_payloads/_unclassified/Bruce-Scripts-Heaven_BAD/BadUSB-FalsePhilosopher/BashBunny/payloads/library/execution/-BB-UrAttaControl/payload.txt,sd_card_content/badusb_extra_payloads/_unclassified/Bruce-Scripts-Heaven_BAD/BadUSB-FalsePhilosopher/BashBunny/payloads/library/execution/-BB-UrAttaControl/nao_e_duckyscript/bashbunny_syntax/payload.txt,move_to_subfolder,bashbunny_syntax
sd_card_content/badusb_extra_payloads/_unclassified/Bruce-Scripts-Heaven_BAD/BadUSB-FalsePhilosopher/BashBunny/payloads/library/execution/ShellExec/payload.txt,sd_card_content/badusb_extra_payloads/_unclassified/Bruce-Scripts-Heaven_BAD/BadUSB-FalsePhilosopher/BashBunny/payloads/library/execution/ShellExec/nao_e_duckyscript/bashbunny_syntax/payload.txt,move_to_subfolder,bashbunny_syntax
sd_card_content/badusb_extra_payloads/_unclassified/Bruce-Scripts-Heaven_BAD/BadUSB-FalsePhilosopher/BashBunny/payloads/library/mobile/android/open_url/payload.txt,sd_card_content/badusb_extra_payloads/_unclassified/Bruce-Scripts-Heaven_BAD/BadUSB-FalsePhilosopher/BashBunny/payloads/library/mobile/android/open_url/nao_e_duckyscript/bashbunny_syntax/payload.txt,move_to_subfolder,bashbunny_syntax
sd_card_content/badusb_extra_payloads/_unclassified/Bruce-Scripts-Heaven_BAD/BadUSB-FalsePhilosopher/BashBunny/payloads/library/poc/MacOS_EICAR/payload.txt,sd_card_content/badusb_extra_payloads/_unclassified/Bruce-Scripts-Heaven_BAD/BadUSB-FalsePhilosopher/BashBunny/payloads/library/poc/MacOS_EICAR/nao_e_duckyscript/bashbunny_syntax/payload.txt,move_to_subfolder,bashbunny_syntax
sd_card_content/badusb_extra_payloads/_unclassified/Bruce-Scripts-Heaven_BAD/BadUSB-FalsePhilosopher/BashBunny/payloads/library/general/FICBunny/payload.txt,sd_card_content/badusb_extra_payloads/_unclassified/Bruce-Scripts-Heaven_BAD/BadUSB-FalsePhilosopher/BashBunny/payloads/library/general/FICBunny/nao_e_duckyscript/bashbunny_syntax/payload.txt,move_to_subfolder,bashbunny_syntax
sd_card_content/badusb_extra_payloads/_unclassified/Bruce-Scripts-Heaven_BAD/BadUSB-FalsePhilosopher/BashBunny/payloads/library/general/-BB-PineApple/payload.txt,sd_card_content/badusb_extra_payloads/_unclassified/Bruce-Scripts-Heaven_BAD/BadUSB-FalsePhilosopher/BashBunny/payloads/library/general/-BB-PineApple/nao_e_duckyscript/bashbunny_syntax/payload.txt,move_to_subfolder,bashbunny_syntax
sd_card_content/badusb_extra_payloads/_unclassified/Bruce-Scripts-Heaven_BAD/BadUSB-FalsePhilosopher/BashBunny/payloads/library/general/ALTCODE-TRANSCODER/img.txt,sd_card_content/badusb_extra_payloads/_unclassified/Bruce-Scripts-Heaven_BAD/BadUSB-FalsePhilosopher/BashBunny/payloads/library/general/ALTCODE-TRANSCODER/img.txt,edit_in_place,strip_utf8_bom
sd_card_content/badusb_extra_payloads/_unclassified/Bruce-Scripts-Heaven_BAD/BadUSB-FalsePhilosopher/BashBunny/payloads/library/general/ALTCODE-TRANSCODER/img.txt,sd_card_content/badusb_extra_payloads/_unclassified/Bruce-Scripts-Heaven_BAD/BadUSB-FalsePhilosopher/BashBunny/payloads/library/general/ALTCODE-TRANSCODER/sintaxe_extra_nao_suportada/img.txt,move_to_subfolder,unsupported_ds3_or_unrecognized_syntax
sd_card_content/badusb_extra_payloads/_unclassified/Bruce-Scripts-Heaven_BAD/BadUSB-FalsePhilosopher/BashBunny/payloads/library/general/ALTCODE-TRANSCODER/payload.txt,sd_card_content/badusb_extra_payloads/_unclassified/Bruce-Scripts-Heaven_BAD/BadUSB-FalsePhilosopher/BashBunny/payloads/library/general/ALTCODE-TRANSCODER/nao_e_duckyscript/bashbunny_syntax/payload.txt,move_to_subfolder,bashbunny_syntax
sd_card_content/badusb_extra_payloads/_unclassified/Bruce-Scripts-Heaven_BAD/BadUSB-FalsePhilosopher/BashBunny/payloads/library/general/ALTCODE-TRANSCODER/ansiDict.txt,sd_card_content/badusb_extra_payloads/_unclassified/Bruce-Scripts-Heaven_BAD/BadUSB-FalsePhilosopher/BashBunny/payloads/library/general/ALTCODE-TRANSCODER/ansiDict.txt,edit_in_place,strip_utf8_bom
sd_card_content/badusb_extra_payloads/_unclassified/Bruce-Scripts-Heaven_BAD/BadUSB-FalsePhilosopher/BashBunny/payloads/library/general/ALTCODE-TRANSCODER/ansiDict.txt,sd_card_content/badusb_extra_payloads/_unclassified/Bruce-Scripts-Heaven_BAD/BadUSB-FalsePhilosopher/BashBunny/payloads/library/general/ALTCODE-TRANSCODER/sintaxe_extra_nao_suportada/ansiDict.txt,move_to_subfolder,unsupported_ds3_or_unrecognized_syntax
sd_card_content/badusb_extra_payloads/_unclassified/Bruce-Scripts-Heaven_BAD/BadUSB-FalsePhilosopher/BashBunny/payloads/library/general/DuckyTemplate/payload.txt,sd_card_content/badusb_extra_payloads/_unclassified/Bruce-Scripts-Heaven_BAD/BadUSB-FalsePhilosopher/BashBunny/payloads/library/general/DuckyTemplate/nao_e_duckyscript/bashbunny_syntax/payload.txt,move_to_subfolder,bashbunny_syntax
sd_card_content/badusb_extra_payloads/_unclassified/Bruce-Scripts-Heaven_BAD/BadUSB-FalsePhilosopher/BashBunny/payloads/library/general/key-code-spammer/payload.txt,sd_card_content/badusb_extra_payloads/_unclassified/Bruce-Scripts-Heaven_BAD/BadUSB-FalsePhilosopher/BashBunny/payloads/library/general/key-code-spammer/nao_e_duckyscript/bashbunny_syntax/payload.txt,move_to_subfolder,bashbunny_syntax
sd_card_content/badusb_extra_payloads/_unclassified/Bruce-Scripts-Heaven_BAD/BadUSB-FalsePhilosopher/BashBunny/payloads/library/general/ExecutableInstaller/payload.txt,sd_card_content/badusb_extra_payloads/_unclassified/Bruce-Scripts-Heaven_BAD/BadUSB-FalsePhilosopher/BashBunny/payloads/library/general/ExecutableInstaller/nao_e_duckyscript/bashbunny_syntax/payload.txt,move_to_subfolder,bashbunny_syntax
sd_card_content/badusb_extra_payloads/_unclassified/Bruce-Scripts-Heaven_BAD/BadUSB-FalsePhilosopher/BashBunny/payloads/library/general/InfiniteControl/payload.txt,sd_card_content/badusb_extra_payloads/_unclassified/Bruce-Scripts-Heaven_BAD/BadUSB-FalsePhilosopher/BashBunny/payloads/library/general/InfiniteControl/nao_e_duckyscript/bashbunny_syntax/payload.txt,move_to_subfolder,bashbunny_syntax
sd_card_content/badusb_extra_payloads/_unclassified/Bruce-Scripts-Heaven_BAD/BadUSB-FalsePhilosopher/BashBunny/payloads/library/general/-BB-Subscribe/payload.txt,sd_card_content/badusb_extra_payloads/_unclassified/Bruce-Scripts-Heaven_BAD/BadUSB-FalsePhilosopher/BashBunny/payloads/library/general/-BB-Subscribe/nao_e_duckyscript/bashbunny_syntax/payload.txt,move_to_subfolder,bashbunny_syntax
sd_card_content/badusb_extra_payloads/_unclassified/Bruce-Scripts-Heaven_BAD/BadUSB-FalsePhilosopher/BashBunny/payloads/library/general/Single-Character-Quacker/payload.txt,sd_card_content/badusb_extra_payloads/_unclassified/Bruce-Scripts-Heaven_BAD/BadUSB-FalsePhilosopher/BashBunny/payloads/library/general/Single-Character-Quacker/nao_e_duckyscript/bashbunny_syntax/payload.txt,move_to_subfolder,bashbunny_syntax
sd_card_content/badusb_extra_payloads/_unclassified/Bruce-Scripts-Heaven_BAD/BadUSB-FalsePhilosopher/BashBunny/payloads/library/general/Proxy_Interceptor/payload.txt,sd_card_content/badusb_extra_payloads/_unclassified/Bruce-Scripts-Heaven_BAD/BadUSB-FalsePhilosopher/BashBunny/payloads/library/general/Proxy_Interceptor/nao_e_duckyscript/bashbunny_syntax/payload.txt,move_to_subfolder,bashbunny_syntax
sd_card_content/badusb_extra_payloads/_unclassified/Bruce-Scripts-Heaven_BAD/BadUSB-FalsePhilosopher/BashBunny/payloads/library/general/bluetooth-geofence-profiler/payload.txt,sd_card_content/badusb_extra_payloads/_unclassified/Bruce-Scripts-Heaven_BAD/BadUSB-FalsePhilosopher/BashBunny/payloads/library/general/bluetooth-geofence-profiler/nao_e_duckyscript/bashbunny_syntax/payload.txt,move_to_subfolder,bashbunny_syntax
sd_card_content/badusb_extra_payloads/_unclassified/Bruce-Scripts-Heaven_BAD/BadUSB-FalsePhilosopher/BashBunny/payloads/library/general/GitBunnyGit/payload.txt,sd_card_content/badusb_extra_payloads/_unclassified/Bruce-Scripts-Heaven_BAD/BadUSB-FalsePhilosopher/BashBunny/payloads/library/general/GitBunnyGit/nao_e_duckyscript/bashbunny_syntax/payload.txt,move_to_subfolder,bashbunny_syntax
sd_card_content/badusb_extra_payloads/_unclassified/Bruce-Scripts-Heaven_BAD/BadUSB-FalsePhilosopher/BashBunny/payloads/library/general/BashBunny_Manager/payload.txt,sd_card_content/badusb_extra_payloads/_unclassified/Bruce-Scripts-Heaven_BAD/BadUSB-FalsePhilosopher/BashBunny/payloads/library/general/BashBunny_Manager/nao_e_duckyscript/bashbunny_syntax/payload.txt,move_to_subfolder,bashbunny_syntax
sd_card_content/badusb_extra_payloads/_unclassified/Bruce-Scripts-Heaven_BAD/BadUSB-FalsePhilosopher/BashBunny/payloads/library/general/ALTCODE-DEMO/payload.txt,sd_card_content/badusb_extra_payloads/_unclassified/Bruce-Scripts-Heaven_BAD/BadUSB-FalsePhilosopher/BashBunny/payloads/library/general/ALTCODE-DEMO/nao_e_duckyscript/bashbunny_syntax/payload.txt,move_to_subfolder,bashbunny_syntax
sd_card_content/badusb_extra_payloads/_unclassified/Bruce-Scripts-Heaven_BAD/BadUSB-FalsePhilosopher/BashBunny/payloads/library/general/BlueTeamPCAudit/payload.txt,sd_card_content/badusb_extra_payloads/_unclassified/Bruce-Scripts-Heaven_BAD/BadUSB-FalsePhilosopher/BashBunny/payloads/library/general/BlueTeamPCAudit/nao_e_duckyscript/bashbunny_syntax/payload.txt,move_to_subfolder,bashbunny_syntax
sd_card_content/badusb_extra_payloads/_unclassified/Bruce-Scripts-Heaven_BAD/BadUSB-FalsePhilosopher/BashBunny/payloads/library/general/ChromeOSDeployment/payload.txt,sd_card_content/badusb_extra_payloads/_unclassified/Bruce-Scripts-Heaven_BAD/BadUSB-FalsePhilosopher/BashBunny/payloads/library/general/ChromeOSDeployment/nao_e_duckyscript/bashbunny_syntax/payload.txt,move_to_subfolder,bashbunny_syntax
sd_card_content/badusb_extra_payloads/_unclassified/Bruce-Scripts-Heaven_BAD/BadUSB-FalsePhilosopher/BashBunny/payloads/library/general/Win_PoSH_RandomVid/payload.txt,sd_card_content/badusb_extra_payloads/_unclassified/Bruce-Scripts-Heaven_BAD/BadUSB-FalsePhilosopher/BashBunny/payloads/library/general/Win_PoSH_RandomVid/nao_e_duckyscript/bashbunny_syntax/payload.txt,move_to_subfolder,bashbunny_syntax
sd_card_content/badusb_extra_payloads/_unclassified/Bruce-Scripts-Heaven_BAD/BadUSB-FalsePhilosopher/BashBunny/payloads/switch1/payload.txt,sd_card_content/badusb_extra_payloads/_unclassified/Bruce-Scripts-Heaven_BAD/BadUSB-FalsePhilosopher/BashBunny/payloads/switch1/nao_e_duckyscript/bashbunny_syntax/payload.txt,move_to_subfolder,bashbunny_syntax
sd_card_content/badusb_extra_payloads/_unclassified/Bruce-Scripts-Heaven_BAD/BadUSB-FalsePhilosopher/Misc/Cheat_Sheets/Awesome-cheatsheets/tools/xcode.txt,sd_card_content/badusb_extra_payloads/_unclassified/Bruce-Scripts-Heaven_BAD/BadUSB-FalsePhilosopher/Misc/Cheat_Sheets/Awesome-cheatsheets/tools/sintaxe_extra_nao_suportada/xcode.txt,move_to_subfolder,unsupported_ds3_or_unrecognized_syntax
sd_card_content/badusb_extra_payloads/_unclassified/Bruce-Scripts-Heaven_BAD/BadUSB-FalsePhilosopher/Misc/Cheat_Sheets/Dorks-collections-list/cctv.txt,sd_card_content/badusb_extra_payloads/_unclassified/Bruce-Scripts-Heaven_BAD/BadUSB-FalsePhilosopher/Misc/Cheat_Sheets/Dorks-collections-list/sintaxe_extra_nao_suportada/cctv.txt,move_to_subfolder,unsupported_ds3_or_unrecognized_syntax
sd_card_content/badusb_extra_payloads/_unclassified/Bruce-Scripts-Heaven_BAD/BadUSB-FalsePhilosopher/Misc/Cheat_Sheets/Dorks-collections-list/googslecloud.txt,sd_card_content/badusb_extra_payloads/_unclassified/Bruce-Scripts-Heaven_BAD/BadUSB-FalsePhilosopher/Misc/Cheat_Sheets/Dorks-collections-list/sintaxe_extra_nao_suportada/googslecloud.txt,move_to_subfolder,unsupported_ds3_or_unrecognized_syntax
sd_card_content/badusb_extra_payloads/_unclassified/Bruce-Scripts-Heaven_BAD/BadUSB-FalsePhilosopher/Misc/Cheat_Sheets/Dorks-collections-list/azure.txt,sd_card_content/badusb_extra_payloads/_unclassified/Bruce-Scripts-Heaven_BAD/BadUSB-FalsePhilosopher/Misc/Cheat_Sheets/Dorks-collections-list/sintaxe_extra_nao_suportada/azure.txt,move_to_subfolder,unsupported_ds3_or_unrecognized_syntax
sd_card_content/badusb_extra_payloads/_unclassified/Bruce-Scripts-Heaven_BAD/BadUSB-FalsePhilosopher/Misc/Cheat_Sheets/Dorks-collections-list/onion.txt,sd_card_content/badusb_extra_payloads/_unclassified/Bruce-Scripts-Heaven_BAD/BadUSB-FalsePhilosopher/Misc/Cheat_Sheets/Dorks-collections-list/sintaxe_extra_nao_suportada/onion.txt,move_to_subfolder,unsupported_ds3_or_unrecognized_syntax
sd_card_content/badusb_extra_payloads/_unclassified/Bruce-Scripts-Heaven_BAD/BadUSB-FalsePhilosopher/Misc/Cheat_Sheets/Dorks-collections-list/aws.txt,sd_card_content/badusb_extra_payloads/_unclassified/Bruce-Scripts-Heaven_BAD/BadUSB-FalsePhilosopher/Misc/Cheat_Sheets/Dorks-collections-list/sintaxe_extra_nao_suportada/aws.txt,move_to_subfolder,unsupported_ds3_or_unrecognized_syntax
sd_card_content/badusb_extra_payloads/_unclassified/Bruce-Scripts-Heaven_BAD/BadUSB-FalsePhilosopher/Misc/Cheat_Sheets/PayloadsAllTheThings/Insecure Management Interface/Intruder/springboot_actuator.txt,sd_card_content/badusb_extra_payloads/_unclassified/Bruce-Scripts-Heaven_BAD/BadUSB-FalsePhilosopher/Misc/Cheat_Sheets/PayloadsAllTheThings/Insecure Management Interface/Intruder/nao_e_duckyscript/reference_material_not_payload/springboot_actuator.txt,move_to_subfolder,reference_material_not_payload
sd_card_content/badusb_extra_payloads/_unclassified/Bruce-Scripts-Heaven_BAD/BadUSB-FalsePhilosopher/Misc/Cheat_Sheets/PayloadsAllTheThings/XXE Injection/Intruders/xml-attacks.txt,sd_card_content/badusb_extra_payloads/_unclassified/Bruce-Scripts-Heaven_BAD/BadUSB-FalsePhilosopher/Misc/Cheat_Sheets/PayloadsAllTheThings/XXE Injection/Intruders/nao_e_duckyscript/reference_material_not_payload/xml-attacks.txt,move_to_subfolder,reference_material_not_payload
sd_card_content/badusb_extra_payloads/_unclassified/Bruce-Scripts-Heaven_BAD/BadUSB-FalsePhilosopher/Misc/Cheat_Sheets/PayloadsAllTheThings/XXE Injection/Intruders/XXE_Fuzzing.txt,sd_card_content/badusb_extra_payloads/_unclassified/Bruce-Scripts-Heaven_BAD/BadUSB-FalsePhilosopher/Misc/Cheat_Sheets/PayloadsAllTheThings/XXE Injection/Intruders/nao_e_duckyscript/reference_material_not_payload/XXE_Fuzzing.txt,move_to_subfolder,reference_material_not_payload
sd_card_content/badusb_extra_payloads/_unclassified/Bruce-Scripts-Heaven_BAD/BadUSB-FalsePhilosopher/Misc/Cheat_Sheets/PayloadsAllTheThings/File Inclusion/Intruders/Linux-files.txt,sd_card_content/badusb_extra_payloads/_unclassified/Bruce-Scripts-Heaven_BAD/BadUSB-FalsePhilosopher/Misc/Cheat_Sheets/PayloadsAllTheThings/File Inclusion/Intruders/nao_e_duckyscript/reference_material_not_payload/Linux-files.txt,move_to_subfolder,reference_material_not_payload
sd_card_content/badusb_extra_payloads/_unclassified/Bruce-Scripts-Heaven_BAD/BadUSB-FalsePhilosopher/Misc/Cheat_Sheets/PayloadsAllTheThings/File Inclusion/Intruders/JHADDIX_LFI.txt,sd_card_content/badusb_extra_payloads/_unclassified/Bruce-Scripts-Heaven_BAD/BadUSB-FalsePhilosopher/Misc/Cheat_Sheets/PayloadsAllTheThings/File Inclusion/Intruders/nao_e_duckyscript/reference_material_not_payload/JHADDIX_LFI.txt,move_to_subfolder,reference_material_not_payload
sd_card_content/badusb_extra_payloads/_unclassified/Bruce-Scripts-Heaven_BAD/BadUSB-FalsePhilosopher/Misc/Cheat_Sheets/PayloadsAllTheThings/File Inclusion/Intruders/LFI-WindowsFileCheck.txt,sd_card_content/badusb_extra_payloads/_unclassified/Bruce-Scripts-Heaven_BAD/BadUSB-FalsePhilosopher/Misc/Cheat_Sheets/PayloadsAllTheThings/File Inclusion/Intruders/nao_e_duckyscript/reference_material_not_payload/LFI-WindowsFileCheck.txt,move_to_subfolder,reference_material_not_payload
sd_card_content/badusb_extra_payloads/_unclassified/Bruce-Scripts-Heaven_BAD/BadUSB-FalsePhilosopher/Misc/Cheat_Sheets/PayloadsAllTheThings/File Inclusion/Intruders/List_Of_File_To_Include.txt,sd_card_content/badusb_extra_payloads/_unclassified/Bruce-Scripts-Heaven_BAD/BadUSB-FalsePhilosopher/Misc/Cheat_Sheets/PayloadsAllTheThings/File Inclusion/Intruders/nao_e_duckyscript/reference_material_not_payload/List_Of_File_To_Include.txt,move_to_subfolder,reference_material_not_payload
sd_card_content/badusb_extra_payloads/_unclassified/Bruce-Scripts-Heaven_BAD/BadUSB-FalsePhilosopher/Misc/Cheat_Sheets/PayloadsAllTheThings/File Inclusion/Intruders/simple-check.txt,sd_card_content/badusb_extra_payloads/_unclassified/Bruce-Scripts-Heaven_BAD/BadUSB-FalsePhilosopher/Misc/Cheat_Sheets/PayloadsAllTheThings/File Inclusion/Intruders/nao_e_duckyscript/reference_material_not_payload/simple-check.txt,move_to_subfolder,reference_material_not_payload
sd_card_content/badusb_extra_payloads/_unclassified/Bruce-Scripts-Heaven_BAD/BadUSB-FalsePhilosopher/Misc/Cheat_Sheets/PayloadsAllTheThings/File Inclusion/Intruders/Web-files.txt,sd_card_content/badusb_extra_payloads/_unclassified/Bruce-Scripts-Heaven_BAD/BadUSB-FalsePhilosopher/Misc/Cheat_Sheets/PayloadsAllTheThings/File Inclusion/Intruders/nao_e_duckyscript/reference_material_not_payload/Web-files.txt,move_to_subfolder,reference_material_not_payload
sd_card_content/badusb_extra_payloads/_unclassified/Bruce-Scripts-Heaven_BAD/BadUSB-FalsePhilosopher/Misc/Cheat_Sheets/PayloadsAllTheThings/File Inclusion/Intruders/dot-slash-PathTraversal_and_LFI_pairing.txt,sd_card_content/badusb_extra_payloads/_unclassified/Bruce-Scripts-Heaven_BAD/BadUSB-FalsePhilosopher/Misc/Cheat_Sheets/PayloadsAllTheThings/File Inclusion/Intruders/nao_e_duckyscript/reference_material_not_payload/dot-slash-PathTraversal_and_LFI_pairing.txt,move_to_subfolder,reference_material_not_payload
sd_card_content/badusb_extra_payloads/_unclassified/Bruce-Scripts-Heaven_BAD/BadUSB-FalsePhilosopher/Misc/Cheat_Sheets/PayloadsAllTheThings/File Inclusion/Intruders/Traversal.txt,sd_card_content/badusb_extra_payloads/_unclassified/Bruce-Scripts-Heaven_BAD/BadUSB-FalsePhilosopher/Misc/Cheat_Sheets/PayloadsAllTheThings/File Inclusion/Intruders/nao_e_duckyscript/reference_material_not_payload/Traversal.txt,move_to_subfolder,reference_material_not_payload
sd_card_content/badusb_extra_payloads/_unclassified/Bruce-Scripts-Heaven_BAD/BadUSB-FalsePhilosopher/Misc/Cheat_Sheets/PayloadsAllTheThings/File Inclusion/Intruders/Mac-files.txt,sd_card_content/badusb_extra_payloads/_unclassified/Bruce-Scripts-Heaven_BAD/BadUSB-FalsePhilosopher/Misc/Cheat_Sheets/PayloadsAllTheThings/File Inclusion/Intruders/nao_e_duckyscript/reference_material_not_payload/Mac-files.txt,move_to_subfolder,reference_material_not_payload
sd_card_content/badusb_extra_payloads/_unclassified/Bruce-Scripts-Heaven_BAD/BadUSB-FalsePhilosopher/Misc/Cheat_Sheets/PayloadsAllTheThings/File Inclusion/Intruders/Windows-files.txt,sd_card_content/badusb_extra_payloads/_unclassified/Bruce-Scripts-Heaven_BAD/BadUSB-FalsePhilosopher/Misc/Cheat_Sheets/PayloadsAllTheThings/File Inclusion/Intruders/nao_e_duckyscript/reference_material_not_payload/Windows-files.txt,move_to_subfolder,reference_material_not_payload
sd_card_content/badusb_extra_payloads/_unclassified/Bruce-Scripts-Heaven_BAD/BadUSB-FalsePhilosopher/Misc/Cheat_Sheets/PayloadsAllTheThings/File Inclusion/Intruders/BSD-files.txt,sd_card_content/badusb_extra_payloads/_unclassified/Bruce-Scripts-Heaven_BAD/BadUSB-FalsePhilosopher/Misc/Cheat_Sheets/PayloadsAllTheThings/File Inclusion/Intruders/nao_e_duckyscript/reference_material_not_payload/BSD-files.txt,move_to_subfolder,reference_material_not_payload
sd_card_content/badusb_extra_payloads/_unclassified/Bruce-Scripts-Heaven_BAD/BadUSB-FalsePhilosopher/Misc/Cheat_Sheets/PayloadsAllTheThings/File Inclusion/Intruders/List_Of_File_To_Include_NullByteAdded.txt,sd_card_content/badusb_extra_payloads/_unclassified/Bruce-Scripts-Heaven_BAD/BadUSB-FalsePhilosopher/Misc/Cheat_Sheets/PayloadsAllTheThings/File Inclusion/Intruders/nao_e_duckyscript/reference_material_not_payload/List_Of_File_To_Include_NullByteAdded.txt,move_to_subfolder,reference_material_not_payload
sd_card_content/badusb_extra_payloads/_unclassified/Bruce-Scripts-Heaven_BAD/BadUSB-FalsePhilosopher/Misc/Cheat_Sheets/PayloadsAllTheThings/File Inclusion/Intruders/LFI-FD-check.txt,sd_card_content/badusb_extra_payloads/_unclassified/Bruce-Scripts-Heaven_BAD/BadUSB-FalsePhilosopher/Misc/Cheat_Sheets/PayloadsAllTheThings/File Inclusion/Intruders/nao_e_duckyscript/reference_material_not_payload/LFI-FD-check.txt,move_to_subfolder,reference_material_not_payload
sd_card_content/badusb_extra_payloads/_unclassified/Bruce-Scripts-Heaven_BAD/BadUSB-FalsePhilosopher/Misc/Cheat_Sheets/PayloadsAllTheThings/Directory Traversal/Intruder/deep_traversal.txt,sd_card_content/badusb_extra_payloads/_unclassified/Bruce-Scripts-Heaven_BAD/BadUSB-FalsePhilosopher/Misc/Cheat_Sheets/PayloadsAllTheThings/Directory Traversal/Intruder/nao_e_duckyscript/reference_material_not_payload/deep_traversal.txt,move_to_subfolder,reference_material_not_payload
sd_card_content/badusb_extra_payloads/_unclassified/Bruce-Scripts-Heaven_BAD/BadUSB-FalsePhilosopher/Misc/Cheat_Sheets/PayloadsAllTheThings/Directory Traversal/Intruder/dotdotpwn.txt,sd_card_content/badusb_extra_payloads/_unclassified/Bruce-Scripts-Heaven_BAD/BadUSB-FalsePhilosopher/Misc/Cheat_Sheets/PayloadsAllTheThings/Directory Traversal/Intruder/nao_e_duckyscript/reference_material_not_payload/dotdotpwn.txt,move_to_subfolder,reference_material_not_payload
sd_card_content/badusb_extra_payloads/_unclassified/Bruce-Scripts-Heaven_BAD/BadUSB-FalsePhilosopher/Misc/Cheat_Sheets/PayloadsAllTheThings/Directory Traversal/Intruder/directory_traversal.txt,sd_card_content/badusb_extra_payloads/_unclassified/Bruce-Scripts-Heaven_BAD/BadUSB-FalsePhilosopher/Misc/Cheat_Sheets/PayloadsAllTheThings/Directory Traversal/Intruder/nao_e_duckyscript/reference_material_not_payload/directory_traversal.txt,move_to_subfolder,reference_material_not_payload
sd_card_content/badusb_extra_payloads/_unclassified/Bruce-Scripts-Heaven_BAD/BadUSB-FalsePhilosopher/Misc/Cheat_Sheets/PayloadsAllTheThings/Directory Traversal/Intruder/traversals-8-deep-exotic-encoding.txt,sd_card_content/badusb_extra_payloads/_unclassified/Bruce-Scripts-Heaven_BAD/BadUSB-FalsePhilosopher/Misc/Cheat_Sheets/PayloadsAllTheThings/Directory Traversal/Intruder/nao_e_duckyscript/reference_material_not_payload/traversals-8-deep-exotic-encoding.txt,move_to_subfolder,reference_material_not_payload
sd_card_content/badusb_extra_payloads/_unclassified/Bruce-Scripts-Heaven_BAD/BadUSB-FalsePhilosopher/Misc/Cheat_Sheets/PayloadsAllTheThings/XSS Injection/Intruders/BRUTELOGIC-XSS-STRINGS.txt,sd_card_content/badusb_extra_payloads/_unclassified/Bruce-Scripts-Heaven_BAD/BadUSB-FalsePhilosopher/Misc/Cheat_Sheets/PayloadsAllTheThings/XSS Injection/Intruders/nao_e_duckyscript/reference_material_not_payload/BRUTELOGIC-XSS-STRINGS.txt,move_to_subfolder,reference_material_not_payload
sd_card_content/badusb_extra_payloads/_unclassified/Bruce-Scripts-Heaven_BAD/BadUSB-FalsePhilosopher/Misc/Cheat_Sheets/PayloadsAllTheThings/XSS Injection/Intruders/XSSDetection.txt,sd_card_content/badusb_extra_payloads/_unclassified/Bruce-Scripts-Heaven_BAD/BadUSB-FalsePhilosopher/Misc/Cheat_Sheets/PayloadsAllTheThings/XSS Injection/Intruders/nao_e_duckyscript/reference_material_not_payload/XSSDetection.txt,move_to_subfolder,reference_material_not_payload
sd_card_content/badusb_extra_payloads/_unclassified/Bruce-Scripts-Heaven_BAD/BadUSB-FalsePhilosopher/Misc/Cheat_Sheets/PayloadsAllTheThings/XSS Injection/Intruders/JHADDIX_XSS.txt,sd_card_content/badusb_extra_payloads/_unclassified/Bruce-Scripts-Heaven_BAD/BadUSB-FalsePhilosopher/Misc/Cheat_Sheets/PayloadsAllTheThings/XSS Injection/Intruders/nao_e_duckyscript/reference_material_not_payload/JHADDIX_XSS.txt,move_to_subfolder,reference_material_not_payload
sd_card_content/badusb_extra_payloads/_unclassified/Bruce-Scripts-Heaven_BAD/BadUSB-FalsePhilosopher/Misc/Cheat_Sheets/PayloadsAllTheThings/XSS Injection/Intruders/jsonp_endpoint.txt,sd_card_content/badusb_extra_payloads/_unclassified/Bruce-Scripts-Heaven_BAD/BadUSB-FalsePhilosopher/Misc/Cheat_Sheets/PayloadsAllTheThings/XSS Injection/Intruders/nao_e_duckyscript/reference_material_not_payload/jsonp_endpoint.txt,move_to_subfolder,reference_material_not_payload
sd_card_content/badusb_extra_payloads/_unclassified/Bruce-Scripts-Heaven_BAD/BadUSB-FalsePhilosopher/Misc/Cheat_Sheets/PayloadsAllTheThings/XSS Injection/Intruders/xss_payloads_quick.txt,sd_card_content/badusb_extra_payloads/_unclassified/Bruce-Scripts-Heaven_BAD/BadUSB-FalsePhilosopher/Misc/Cheat_Sheets/PayloadsAllTheThings/XSS Injection/Intruders/nao_e_duckyscript/reference_material_not_payload/xss_payloads_quick.txt,move_to_subfolder,reference_material_not_payload
sd_card_content/badusb_extra_payloads/_unclassified/Bruce-Scripts-Heaven_BAD/BadUSB-FalsePhilosopher/Misc/Cheat_Sheets/PayloadsAllTheThings/XSS Injection/Intruders/RSNAKE_XSS.txt,sd_card_content/badusb_extra_payloads/_unclassified/Bruce-Scripts-Heaven_BAD/BadUSB-FalsePhilosopher/Misc/Cheat_Sheets/PayloadsAllTheThings/XSS Injection/Intruders/nao_e_duckyscript/reference_material_not_payload/RSNAKE_XSS.txt,move_to_subfolder,reference_material_not_payload
sd_card_content/badusb_extra_payloads/_unclassified/Bruce-Scripts-Heaven_BAD/BadUSB-FalsePhilosopher/Misc/Cheat_Sheets/PayloadsAllTheThings/XSS Injection/Intruders/xss_swf_fuzz.txt,sd_card_content/badusb_extra_payloads/_unclassified/Bruce-Scripts-Heaven_BAD/BadUSB-FalsePhilosopher/Misc/Cheat_Sheets/PayloadsAllTheThings/XSS Injection/Intruders/nao_e_duckyscript/reference_material_not_payload/xss_swf_fuzz.txt,move_to_subfolder,reference_material_not_payload
sd_card_content/badusb_extra_payloads/_unclassified/Bruce-Scripts-Heaven_BAD/BadUSB-FalsePhilosopher/Misc/Cheat_Sheets/PayloadsAllTheThings/XSS Injection/Intruders/BRUTELOGIC-XSS-JS.txt,sd_card_content/badusb_extra_payloads/_unclassified/Bruce-Scripts-Heaven_BAD/BadUSB-FalsePhilosopher/Misc/Cheat_Sheets/PayloadsAllTheThings/XSS Injection/Intruders/nao_e_duckyscript/reference_material_not_payload/BRUTELOGIC-XSS-JS.txt,move_to_subfolder,reference_material_not_payload
sd_card_content/badusb_extra_payloads/_unclassified/Bruce-Scripts-Heaven_BAD/BadUSB-FalsePhilosopher/Misc/Cheat_Sheets/PayloadsAllTheThings/XSS Injection/Intruders/XSS_Polyglots.txt,sd_card_content/badusb_extra_payloads/_unclassified/Bruce-Scripts-Heaven_BAD/BadUSB-FalsePhilosopher/Misc/Cheat_Sheets/PayloadsAllTheThings/XSS Injection/Intruders/nao_e_duckyscript/reference_material_not_payload/XSS_Polyglots.txt,move_to_subfolder,reference_material_not_payload
sd_card_content/badusb_extra_payloads/_unclassified/Bruce-Scripts-Heaven_BAD/BadUSB-FalsePhilosopher/Misc/Cheat_Sheets/PayloadsAllTheThings/NoSQL Injection/Intruder/NoSQL.txt,sd_card_content/badusb_extra_payloads/_unclassified/Bruce-Scripts-Heaven_BAD/BadUSB-FalsePhilosopher/Misc/Cheat_Sheets/PayloadsAllTheThings/NoSQL Injection/Intruder/nao_e_duckyscript/reference_material_not_payload/NoSQL.txt,move_to_subfolder,reference_material_not_payload
sd_card_content/badusb_extra_payloads/_unclassified/Bruce-Scripts-Heaven_BAD/BadUSB-FalsePhilosopher/Misc/Cheat_Sheets/PayloadsAllTheThings/Open Redirect/Intruder/openredirects.txt,sd_card_content/badusb_extra_payloads/_unclassified/Bruce-Scripts-Heaven_BAD/BadUSB-FalsePhilosopher/Misc/Cheat_Sheets/PayloadsAllTheThings/Open Redirect/Intruder/nao_e_duckyscript/reference_material_not_payload/openredirects.txt,move_to_subfolder,reference_material_not_payload
sd_card_content/badusb_extra_payloads/_unclassified/Bruce-Scripts-Heaven_BAD/BadUSB-FalsePhilosopher/Misc/Cheat_Sheets/PayloadsAllTheThings/Open Redirect/Intruder/Open-Redirect-payloads.txt,sd_card_content/badusb_extra_payloads/_unclassified/Bruce-Scripts-Heaven_BAD/BadUSB-FalsePhilosopher/Misc/Cheat_Sheets/PayloadsAllTheThings/Open Redirect/Intruder/nao_e_duckyscript/reference_material_not_payload/Open-Redirect-payloads.txt,move_to_subfolder,reference_material_not_payload
sd_card_content/badusb_extra_payloads/_unclassified/Bruce-Scripts-Heaven_BAD/BadUSB-FalsePhilosopher/Misc/Cheat_Sheets/PayloadsAllTheThings/SQL Injection/Intruder/Generic_TimeBased.txt,sd_card_content/badusb_extra_payloads/_unclassified/Bruce-Scripts-Heaven_BAD/BadUSB-FalsePhilosopher/Misc/Cheat_Sheets/PayloadsAllTheThings/SQL Injection/Intruder/nao_e_duckyscript/reference_material_not_payload/Generic_TimeBased.txt,move_to_subfolder,reference_material_not_payload
sd_card_content/badusb_extra_payloads/_unclassified/Bruce-Scripts-Heaven_BAD/BadUSB-FalsePhilosopher/Misc/Cheat_Sheets/PayloadsAllTheThings/SQL Injection/Intruder/Generic_UnionSelect.txt,sd_card_content/badusb_extra_payloads/_unclassified/Bruce-Scripts-Heaven_BAD/BadUSB-FalsePhilosopher/Misc/Cheat_Sheets/PayloadsAllTheThings/SQL Injection/Intruder/nao_e_duckyscript/reference_material_not_payload/Generic_UnionSelect.txt,move_to_subfolder,reference_material_not_payload
sd_card_content/badusb_extra_payloads/_unclassified/Bruce-Scripts-Heaven_BAD/BadUSB-FalsePhilosopher/Misc/Cheat_Sheets/PayloadsAllTheThings/SQL Injection/Intruder/Auth_Bypass.txt,sd_card_content/badusb_extra_payloads/_unclassified/Bruce-Scripts-Heaven_BAD/BadUSB-FalsePhilosopher/Misc/Cheat_Sheets/PayloadsAllTheThings/SQL Injection/Intruder/nao_e_duckyscript/reference_material_not_payload/Auth_Bypass.txt,move_to_subfolder,reference_material_not_payload
sd_card_content/badusb_extra_payloads/_unclassified/Bruce-Scripts-Heaven_BAD/BadUSB-FalsePhilosopher/Misc/Cheat_Sheets/PayloadsAllTheThings/SQL Injection/Intruder/FUZZDB_MSSQL-WHERE_Time.txt,sd_card_content/badusb_extra_payloads/_unclassified/Bruce-Scripts-Heaven_BAD/BadUSB-FalsePhilosopher/Misc/Cheat_Sheets/PayloadsAllTheThings/SQL Injection/Intruder/nao_e_duckyscript/reference_material_not_payload/FUZZDB_MSSQL-WHERE_Time.txt,move_to_subfolder,reference_material_not_payload
sd_card_content/badusb_extra_payloads/_unclassified/Bruce-Scripts-Heaven_BAD/BadUSB-FalsePhilosopher/Misc/Cheat_Sheets/PayloadsAllTheThings/SQL Injection/Intruder/SQLi_Polyglots.txt,sd_card_content/badusb_extra_payloads/_unclassified/Bruce-Scripts-Heaven_BAD/BadUSB-FalsePhilosopher/Misc/Cheat_Sheets/PayloadsAllTheThings/SQL Injection/Intruder/nao_e_duckyscript/reference_material_not_payload/SQLi_Polyglots.txt,move_to_subfolder,reference_material_not_payload
sd_card_content/badusb_extra_payloads/_unclassified/Bruce-Scripts-Heaven_BAD/BadUSB-FalsePhilosopher/Misc/Cheat_Sheets/PayloadsAllTheThings/SQL Injection/Intruder/Auth_Bypass2.txt,sd_card_content/badusb_extra_payloads/_unclassified/Bruce-Scripts-Heaven_BAD/BadUSB-FalsePhilosopher/Misc/Cheat_Sheets/PayloadsAllTheThings/SQL Injection/Intruder/nao_e_duckyscript/reference_material_not_payload/Auth_Bypass2.txt,move_to_subfolder,reference_material_not_payload
sd_card_content/badusb_extra_payloads/_unclassified/Bruce-Scripts-Heaven_BAD/BadUSB-FalsePhilosopher/Misc/Cheat_Sheets/PayloadsAllTheThings/SQL Injection/Intruder/Generic_Fuzz.txt,sd_card_content/badusb_extra_payloads/_unclassified/Bruce-Scripts-Heaven_BAD/BadUSB-FalsePhilosopher/Misc/Cheat_Sheets/PayloadsAllTheThings/SQL Injection/Intruder/nao_e_duckyscript/reference_material_not_payload/Generic_Fuzz.txt,move_to_subfolder,reference_material_not_payload
sd_card_content/badusb_extra_payloads/_unclassified/Bruce-Scripts-Heaven_BAD/BadUSB-FalsePhilosopher/Misc/Cheat_Sheets/PayloadsAllTheThings/SQL Injection/Intruder/FUZZDB_MySQL_ReadLocalFiles.txt,sd_card_content/badusb_extra_payloads/_unclassified/Bruce-Scripts-Heaven_BAD/BadUSB-FalsePhilosopher/Misc/Cheat_Sheets/PayloadsAllTheThings/SQL Injection/Intruder/nao_e_duckyscript/reference_material_not_payload/FUZZDB_MySQL_ReadLocalFiles.txt,move_to_subfolder,reference_material_not_payload
sd_card_content/badusb_extra_payloads/_unclassified/Bruce-Scripts-Heaven_BAD/BadUSB-FalsePhilosopher/Misc/Cheat_Sheets/PayloadsAllTheThings/SQL Injection/Intruder/Generic_ErrorBased.txt,sd_card_content/badusb_extra_payloads/_unclassified/Bruce-Scripts-Heaven_BAD/BadUSB-FalsePhilosopher/Misc/Cheat_Sheets/PayloadsAllTheThings/SQL Injection/Intruder/nao_e_duckyscript/reference_material_not_payload/Generic_ErrorBased.txt,move_to_subfolder,reference_material_not_payload
sd_card_content/badusb_extra_payloads/_unclassified/Bruce-Scripts-Heaven_BAD/BadUSB-FalsePhilosopher/Misc/Cheat_Sheets/PayloadsAllTheThings/SQL Injection/Intruder/FUZZDB_MySQL-WHERE_Time.txt,sd_card_content/badusb_extra_payloads/_unclassified/Bruce-Scripts-Heaven_BAD/BadUSB-FalsePhilosopher/Misc/Cheat_Sheets/PayloadsAllTheThings/SQL Injection/Intruder/nao_e_duckyscript/reference_material_not_payload/FUZZDB_MySQL-WHERE_Time.txt,move_to_subfolder,reference_material_not_payload
sd_card_content/badusb_extra_payloads/_unclassified/Bruce-Scripts-Heaven_BAD/BadUSB-FalsePhilosopher/Misc/Cheat_Sheets/PayloadsAllTheThings/SQL Injection/Intruder/FUZZDB_MSSQL.txt,sd_card_content/badusb_extra_payloads/_unclassified/Bruce-Scripts-Heaven_BAD/BadUSB-FalsePhilosopher/Misc/Cheat_Sheets/PayloadsAllTheThings/SQL Injection/Intruder/nao_e_duckyscript/reference_material_not_payload/FUZZDB_MSSQL.txt,move_to_subfolder,reference_material_not_payload
sd_card_content/badusb_extra_payloads/_unclassified/Bruce-Scripts-Heaven_BAD/BadUSB-FalsePhilosopher/Misc/Cheat_Sheets/PayloadsAllTheThings/SQL Injection/Intruder/FUZZDB_MYSQL.txt,sd_card_content/badusb_extra_payloads/_unclassified/Bruce-Scripts-Heaven_BAD/BadUSB-FalsePhilosopher/Misc/Cheat_Sheets/PayloadsAllTheThings/SQL Injection/Intruder/nao_e_duckyscript/reference_material_not_payload/FUZZDB_MYSQL.txt,move_to_subfolder,reference_material_not_payload
sd_card_content/badusb_extra_payloads/_unclassified/Bruce-Scripts-Heaven_BAD/BadUSB-FalsePhilosopher/Misc/Cheat_Sheets/PayloadsAllTheThings/SQL Injection/Intruder/FUZZDB_Postgres_Enumeration.txt,sd_card_content/badusb_extra_payloads/_unclassified/Bruce-Scripts-Heaven_BAD/BadUSB-FalsePhilosopher/Misc/Cheat_Sheets/PayloadsAllTheThings/SQL Injection/Intruder/nao_e_duckyscript/reference_material_not_payload/FUZZDB_Postgres_Enumeration.txt,move_to_subfolder,reference_material_not_payload
sd_card_content/badusb_extra_payloads/_unclassified/Bruce-Scripts-Heaven_BAD/BadUSB-FalsePhilosopher/Misc/Cheat_Sheets/PayloadsAllTheThings/LDAP Injection/Intruder/LDAP_attributes.txt,sd_card_content/badusb_extra_payloads/_unclassified/Bruce-Scripts-Heaven_BAD/BadUSB-FalsePhilosopher/Misc/Cheat_Sheets/PayloadsAllTheThings/LDAP Injection/Intruder/nao_e_duckyscript/reference_material_not_payload/LDAP_attributes.txt,move_to_subfolder,reference_material_not_payload
sd_card_content/badusb_extra_payloads/_unclassified/Bruce-Scripts-Heaven_BAD/BadUSB-FalsePhilosopher/Misc/Cheat_Sheets/PayloadsAllTheThings/LDAP Injection/Intruder/LDAP_FUZZ.txt,sd_card_content/badusb_extra_payloads/_unclassified/Bruce-Scripts-Heaven_BAD/BadUSB-FalsePhilosopher/Misc/Cheat_Sheets/PayloadsAllTheThings/LDAP Injection/Intruder/nao_e_duckyscript/reference_material_not_payload/LDAP_FUZZ.txt,move_to_subfolder,reference_material_not_payload
sd_card_content/badusb_extra_payloads/_unclassified/Bruce-Scripts-Heaven_BAD/BadUSB-FalsePhilosopher/Misc/Cheat_Sheets/PayloadsAllTheThings/CRLF Injection/crlfinjection.txt,sd_card_content/badusb_extra_payloads/_unclassified/Bruce-Scripts-Heaven_BAD/BadUSB-FalsePhilosopher/Misc/Cheat_Sheets/PayloadsAllTheThings/CRLF Injection/nao_e_duckyscript/reference_material_not_payload/crlfinjection.txt,move_to_subfolder,reference_material_not_payload
sd_card_content/badusb_extra_payloads/_unclassified/Bruce-Scripts-Heaven_BAD/BadUSB-FalsePhilosopher/Misc/Cheat_Sheets/PayloadsAllTheThings/Command Injection/Intruder/command-execution-unix.txt,sd_card_content/badusb_extra_payloads/_unclassified/Bruce-Scripts-Heaven_BAD/BadUSB-FalsePhilosopher/Misc/Cheat_Sheets/PayloadsAllTheThings/Command Injection/Intruder/nao_e_duckyscript/reference_material_not_payload/command-execution-unix.txt,move_to_subfolder,reference_material_not_payload
sd_card_content/badusb_extra_payloads/_unclassified/Bruce-Scripts-Heaven_BAD/BadUSB-FalsePhilosopher/Misc/Web/Demiguise/LICENSE.txt,sd_card_content/badusb_extra_payloads/_unclassified/Bruce-Scripts-Heaven_BAD/BadUSB-FalsePhilosopher/Misc/Web/Demiguise/sintaxe_extra_nao_suportada/LICENSE.txt,move_to_subfolder,unsupported_ds3_or_unrecognized_syntax
sd_card_content/badusb_extra_payloads/_unclassified/Bruce-Scripts-Heaven_BAD/BadUSB-FalsePhilosopher/Misc/Web/Demiguise/templates/hta_template.txt,sd_card_content/badusb_extra_payloads/_unclassified/Bruce-Scripts-Heaven_BAD/BadUSB-FalsePhilosopher/Misc/Web/Demiguise/templates/sintaxe_extra_nao_suportada/hta_template.txt,move_to_subfolder,unsupported_ds3_or_unrecognized_syntax
sd_card_content/badusb_extra_payloads/_unclassified/Bruce-Scripts-Heaven_BAD/BadUSB-FalsePhilosopher/Misc/Web/Pasta/requirements.txt,sd_card_content/badusb_extra_payloads/_unclassified/Bruce-Scripts-Heaven_BAD/BadUSB-FalsePhilosopher/Misc/Web/Pasta/sintaxe_extra_nao_suportada/requirements.txt,move_to_subfolder,unsupported_ds3_or_unrecognized_syntax
sd_card_content/badusb_extra_payloads/_unclassified/Bruce-Scripts-Heaven_BAD/BadUSB-FalsePhilosopher/Misc/Web/Pasta/misc/art/art2.txt,sd_card_content/badusb_extra_payloads/_unclassified/Bruce-Scripts-Heaven_BAD/BadUSB-FalsePhilosopher/Misc/Web/Pasta/misc/art/sintaxe_extra_nao_suportada/art2.txt,move_to_subfolder,unsupported_ds3_or_unrecognized_syntax
sd_card_content/badusb_extra_payloads/_unclassified/Bruce-Scripts-Heaven_BAD/BadUSB-FalsePhilosopher/Misc/Web/Pasta/misc/art/art4.txt,sd_card_content/badusb_extra_payloads/_unclassified/Bruce-Scripts-Heaven_BAD/BadUSB-FalsePhilosopher/Misc/Web/Pasta/misc/art/sintaxe_extra_nao_suportada/art4.txt,move_to_subfolder,unsupported_ds3_or_unrecognized_syntax
sd_card_content/badusb_extra_payloads/_unclassified/Bruce-Scripts-Heaven_BAD/BadUSB-FalsePhilosopher/Misc/Web/Pasta/misc/art/art8.txt,sd_card_content/badusb_extra_payloads/_unclassified/Bruce-Scripts-Heaven_BAD/BadUSB-FalsePhilosopher/Misc/Web/Pasta/misc/art/sintaxe_extra_nao_suportada/art8.txt,move_to_subfolder,unsupported_ds3_or_unrecognized_syntax
sd_card_content/badusb_extra_payloads/_unclassified/Bruce-Scripts-Heaven_BAD/BadUSB-FalsePhilosopher/Misc/Web/Pasta/misc/art/art7.txt,sd_card_content/badusb_extra_payloads/_unclassified/Bruce-Scripts-Heaven_BAD/BadUSB-FalsePhilosopher/Misc/Web/Pasta/misc/art/sintaxe_extra_nao_suportada/art7.txt,move_to_subfolder,unsupported_ds3_or_unrecognized_syntax
sd_card_content/badusb_extra_payloads/_unclassified/Bruce-Scripts-Heaven_BAD/BadUSB-FalsePhilosopher/Misc/Web/Pasta/misc/art/art6.txt,sd_card_content/badusb_extra_payloads/_unclassified/Bruce-Scripts-Heaven_BAD/BadUSB-FalsePhilosopher/Misc/Web/Pasta/misc/art/sintaxe_extra_nao_suportada/art6.txt,move_to_subfolder,unsupported_ds3_or_unrecognized_syntax
sd_card_content/badusb_extra_payloads/_unclassified/Bruce-Scripts-Heaven_BAD/BadUSB-FalsePhilosopher/Misc/Web/Pasta/misc/art/art9.txt,sd_card_content/badusb_extra_payloads/_unclassified/Bruce-Scripts-Heaven_BAD/BadUSB-FalsePhilosopher/Misc/Web/Pasta/misc/art/sintaxe_extra_nao_suportada/art9.txt,move_to_subfolder,unsupported_ds3_or_unrecognized_syntax
sd_card_content/badusb_extra_payloads/_unclassified/Bruce-Scripts-Heaven_BAD/BadUSB-FalsePhilosopher/Misc/Web/Pasta/misc/art/art3.txt,sd_card_content/badusb_extra_payloads/_unclassified/Bruce-Scripts-Heaven_BAD/BadUSB-FalsePhilosopher/Misc/Web/Pasta/misc/art/sintaxe_extra_nao_suportada/art3.txt,move_to_subfolder,unsupported_ds3_or_unrecognized_syntax
sd_card_content/badusb_extra_payloads/_unclassified/Bruce-Scripts-Heaven_BAD/BadUSB-FalsePhilosopher/Misc/Web/Pasta/misc/art/art5.txt,sd_card_content/badusb_extra_payloads/_unclassified/Bruce-Scripts-Heaven_BAD/BadUSB-FalsePhilosopher/Misc/Web/Pasta/misc/art/sintaxe_extra_nao_suportada/art5.txt,move_to_subfolder,unsupported_ds3_or_unrecognized_syntax
sd_card_content/badusb_extra_payloads/_unclassified/Bruce-Scripts-Heaven_BAD/BadUSB-FalsePhilosopher/Misc/Web/Pasta/misc/art/art10.txt,sd_card_content/badusb_extra_payloads/_unclassified/Bruce-Scripts-Heaven_BAD/BadUSB-FalsePhilosopher/Misc/Web/Pasta/misc/art/sintaxe_extra_nao_suportada/art10.txt,move_to_subfolder,unsupported_ds3_or_unrecognized_syntax
sd_card_content/badusb_extra_payloads/_unclassified/Bruce-Scripts-Heaven_BAD/BadUSB-FalsePhilosopher/Misc/Web/Pasta/misc/art/art1.txt,sd_card_content/badusb_extra_payloads/_unclassified/Bruce-Scripts-Heaven_BAD/BadUSB-FalsePhilosopher/Misc/Web/Pasta/misc/art/sintaxe_extra_nao_suportada/art1.txt,move_to_subfolder,unsupported_ds3_or_unrecognized_syntax
sd_card_content/badusb_extra_payloads/_unclassified/Bruce-Scripts-Heaven_BAD/BadUSB-FalsePhilosopher/Misc/Web/Toolbox/requirements.txt,sd_card_content/badusb_extra_payloads/_unclassified/Bruce-Scripts-Heaven_BAD/BadUSB-FalsePhilosopher/Misc/Web/Toolbox/sintaxe_extra_nao_suportada/requirements.txt,move_to_subfolder,unsupported_ds3_or_unrecognized_syntax
sd_card_content/badusb_extra_payloads/_unclassified/Bruce-Scripts-Heaven_BAD/BadUSB-FalsePhilosopher/Misc/Web/Toolbox/tests/harnesses/simple/serve/simple.txt,sd_card_content/badusb_extra_payloads/_unclassified/Bruce-Scripts-Heaven_BAD/BadUSB-FalsePhilosopher/Misc/Web/Toolbox/tests/harnesses/simple/serve/sintaxe_extra_nao_suportada/simple.txt,move_to_subfolder,unsupported_ds3_or_unrecognized_syntax
sd_card_content/badusb_extra_payloads/_unclassified/Bruce-Scripts-Heaven_BAD/BadUSB-FalsePhilosopher/Misc/Web/Toolbox/tests/harnesses/simple/serve/folder/child.txt,sd_card_content/badusb_extra_payloads/_unclassified/Bruce-Scripts-Heaven_BAD/BadUSB-FalsePhilosopher/Misc/Web/Toolbox/tests/harnesses/simple/serve/folder/sintaxe_extra_nao_suportada/child.txt,move_to_subfolder,unsupported_ds3_or_unrecognized_syntax
sd_card_content/badusb_extra_payloads/_unclassified/Bruce-Scripts-Heaven_BAD/BadUSB-FalsePhilosopher/Misc/Web/Toolbox/tests/harnesses/simple/serve/folder/nested_folder/nested_child.txt,sd_card_content/badusb_extra_payloads/_unclassified/Bruce-Scripts-Heaven_BAD/BadUSB-FalsePhilosopher/Misc/Web/Toolbox/tests/harnesses/simple/serve/folder/nested_folder/sintaxe_extra_nao_suportada/nested_child.txt,move_to_subfolder,unsupported_ds3_or_unrecognized_syntax
sd_card_content/badusb_extra_payloads/_unclassified/Bruce-Scripts-Heaven_BAD/BadUSB-FalsePhilosopher/Misc/Web/Toolbox/tests/harnesses/simple/toolbox/third_party/arbitrary_file_read_test.txt,sd_card_content/badusb_extra_payloads/_unclassified/Bruce-Scripts-Heaven_BAD/BadUSB-FalsePhilosopher/Misc/Web/Toolbox/tests/harnesses/simple/toolbox/third_party/sintaxe_extra_nao_suportada/arbitrary_file_read_test.txt,move_to_subfolder,unsupported_ds3_or_unrecognized_syntax
sd_card_content/badusb_extra_payloads/_unclassified/Bruce-Scripts-Heaven_BAD/BadUSB-FalsePhilosopher/Misc/Web/API/dora/requirements.txt,sd_card_content/badusb_extra_payloads/_unclassified/Bruce-Scripts-Heaven_BAD/BadUSB-FalsePhilosopher/Misc/Web/API/dora/sintaxe_extra_nao_suportada/requirements.txt,move_to_subfolder,unsupported_ds3_or_unrecognized_syntax
sd_card_content/badusb_extra_payloads/_unclassified/Bruce-Scripts-Heaven_BAD/BadUSB-FalsePhilosopher/Misc/Web/Public-apis/scripts/requirements.txt,sd_card_content/badusb_extra_payloads/_unclassified/Bruce-Scripts-Heaven_BAD/BadUSB-FalsePhilosopher/Misc/Web/Public-apis/scripts/sintaxe_extra_nao_suportada/requirements.txt,move_to_subfolder,unsupported_ds3_or_unrecognized_syntax
sd_card_content/badusb_extra_payloads/_unclassified/Bruce-Scripts-Heaven_BAD/BadUSB-FalsePhilosopher/Misc/Web/CloudFlair/requirements.txt,sd_card_content/badusb_extra_payloads/_unclassified/Bruce-Scripts-Heaven_BAD/BadUSB-FalsePhilosopher/Misc/Web/CloudFlair/sintaxe_extra_nao_suportada/requirements.txt,move_to_subfolder,unsupported_ds3_or_unrecognized_syntax
sd_card_content/badusb_extra_payloads/_unclassified/Bruce-Scripts-Heaven_BAD/BadUSB-FalsePhilosopher/Misc/Win/BSOD/BruteBSOD.txt,sd_card_content/badusb_extra_payloads/_unclassified/Bruce-Scripts-Heaven_BAD/BadUSB-FalsePhilosopher/Misc/Win/BSOD/sintaxe_extra_nao_suportada/BruteBSOD.txt,move_to_subfolder,unsupported_ds3_or_unrecognized_syntax
sd_card_content/badusb_extra_payloads/_unclassified/Bruce-Scripts-Heaven_BAD/BadUSB-FalsePhilosopher/Misc/Scripting/PS/PSBits/LoLBIN/pirate.txt,sd_card_content/badusb_extra_payloads/_unclassified/Bruce-Scripts-Heaven_BAD/BadUSB-FalsePhilosopher/Misc/Scripting/PS/PSBits/LoLBIN/sintaxe_extra_nao_suportada/pirate.txt,move_to_subfolder,unsupported_ds3_or_unrecognized_syntax
sd_card_content/badusb_extra_payloads/_unclassified/Bruce-Scripts-Heaven_BAD/BadUSB-FalsePhilosopher/Misc/Scripting/PS/PSBits/NTDSdiff/resultJSON.txt,sd_card_content/badusb_extra_payloads/_unclassified/Bruce-Scripts-Heaven_BAD/BadUSB-FalsePhilosopher/Misc/Scripting/PS/PSBits/NTDSdiff/sintaxe_extra_nao_suportada/resultJSON.txt,move_to_subfolder,unsupported_ds3_or_unrecognized_syntax
sd_card_content/badusb_extra_payloads/_unclassified/Bruce-Scripts-Heaven_BAD/BadUSB-FalsePhilosopher/Misc/Scripting/PS/PSBits/WerSvc/WER2DDE.tmp.txt,sd_card_content/badusb_extra_payloads/_unclassified/Bruce-Scripts-Heaven_BAD/BadUSB-FalsePhilosopher/Misc/Scripting/PS/PSBits/WerSvc/sintaxe_extra_nao_suportada/WER2DDE.tmp.txt,move_to_subfolder,unsupported_ds3_or_unrecognized_syntax
sd_card_content/badusb_extra_payloads/_unclassified/Bruce-Scripts-Heaven_BAD/BadUSB-FalsePhilosopher/Misc/Scripting/PS/PSBits/ThreadDescription/WinDBGListDescribedThreads.txt,sd_card_content/badusb_extra_payloads/_unclassified/Bruce-Scripts-Heaven_BAD/BadUSB-FalsePhilosopher/Misc/Scripting/PS/PSBits/ThreadDescription/sintaxe_extra_nao_suportada/WinDBGListDescribedThreads.txt,move_to_subfolder,unsupported_ds3_or_unrecognized_syntax
sd_card_content/badusb_extra_payloads/_unclassified/Bruce-Scripts-Heaven_BAD/BadUSB-FalsePhilosopher/Misc/Scripting/PS/PowerShell-for-Hackers/Assets/Scripts/v.txt,sd_card_content/badusb_extra_payloads/_unclassified/Bruce-Scripts-Heaven_BAD/BadUSB-FalsePhilosopher/Misc/Scripting/PS/PowerShell-for-Hackers/Assets/Scripts/sintaxe_extra_nao_suportada/v.txt,move_to_subfolder,unsupported_ds3_or_unrecognized_syntax
sd_card_content/badusb_extra_payloads/_unclassified/Bruce-Scripts-Heaven_BAD/Flipper_Zero_Badusb_hack5_payloads/general/Hotfix_Warning/payload.txt,sd_card_content/badusb_extra_payloads/_unclassified/Bruce-Scripts-Heaven_BAD/Flipper_Zero_Badusb_hack5_payloads/general/Hotfix_Warning/payload.txt,edit_in_place,hash_comment_to_REM
sd_card_content/badusb_extra_payloads/_unclassified/Bruce-Scripts-Heaven_BAD/Lock Keys/Lock-Keys-example3.txt,sd_card_content/badusb_extra_payloads/_unclassified/Bruce-Scripts-Heaven_BAD/Lock Keys/nao_e_duckyscript/bashbunny_syntax/Lock-Keys-example3.txt,move_to_subfolder,bashbunny_syntax
sd_card_content/badusb_extra_payloads/_unclassified/Bruce-Scripts-Heaven_BAD/Lock Keys/Lock-Keys-example1.txt,sd_card_content/badusb_extra_payloads/_unclassified/Bruce-Scripts-Heaven_BAD/Lock Keys/nao_e_duckyscript/bashbunny_syntax/Lock-Keys-example1.txt,move_to_subfolder,bashbunny_syntax
sd_card_content/badusb_extra_payloads/_unclassified/Bruce-Scripts-Heaven_BAD/Lock Keys/Lock-Keys-example2.txt,sd_card_content/badusb_extra_payloads/_unclassified/Bruce-Scripts-Heaven_BAD/Lock Keys/nao_e_duckyscript/bashbunny_syntax/Lock-Keys-example2.txt,move_to_subfolder,bashbunny_syntax
sd_card_content/badusb_extra_payloads/_unclassified/Bruce-Scripts-Heaven_BAD/Windows/Execution/Install_And_Run_Any_Arbitrary_Executable-No_Internet_And_Root_Needed/assets/build/example/warn-example.txt,sd_card_content/badusb_extra_payloads/_unclassified/Bruce-Scripts-Heaven_BAD/Windows/Execution/Install_And_Run_Any_Arbitrary_Executable-No_Internet_And_Root_Needed/assets/build/example/sintaxe_extra_nao_suportada/warn-example.txt,move_to_subfolder,unsupported_ds3_or_unrecognized_syntax
sd_card_content/badusb_extra_payloads/_unclassified/Bruce-Scripts-Heaven_BAD/Windows/Execution/Install_Official_VSCode_Extension/payload.txt,sd_card_content/badusb_extra_payloads/_unclassified/Bruce-Scripts-Heaven_BAD/Windows/Execution/Install_Official_VSCode_Extension/sintaxe_extra_nao_suportada/payload.txt,move_to_subfolder,unsupported_ds3_or_unrecognized_syntax
sd_card_content/badusb_extra_payloads/_unclassified/Bruce-Scripts-Heaven_BAD/PC/KODBLOCK.txt,sd_card_content/badusb_extra_payloads/_unclassified/Bruce-Scripts-Heaven_BAD/PC/sintaxe_extra_nao_suportada/KODBLOCK.txt,move_to_subfolder,unsupported_ds3_or_unrecognized_syntax
sd_card_content/badusb_extra_payloads/_unclassified/Bruce-Scripts-Heaven_BAD/Payload Control/Payload-Control-example3.txt,sd_card_content/badusb_extra_payloads/_unclassified/Bruce-Scripts-Heaven_BAD/Payload Control/nao_e_duckyscript/bashbunny_syntax/Payload-Control-example3.txt,move_to_subfolder,bashbunny_syntax
sd_card_content/badusb_extra_payloads/_unclassified/Bruce-Scripts-Heaven_BAD/Payload Control/Payload-Control-example2.txt,sd_card_content/badusb_extra_payloads/_unclassified/Bruce-Scripts-Heaven_BAD/Payload Control/nao_e_duckyscript/bashbunny_syntax/Payload-Control-example2.txt,move_to_subfolder,bashbunny_syntax
sd_card_content/badusb_extra_payloads/_unclassified/Bruce-Scripts-Heaven_BAD/Batch/Desktop_Icon_Shuffle.txt,sd_card_content/badusb_extra_payloads/_unclassified/Bruce-Scripts-Heaven_BAD/Batch/sintaxe_extra_nao_suportada/Desktop_Icon_Shuffle.txt,move_to_subfolder,unsupported_ds3_or_unrecognized_syntax
sd_card_content/badusb_extra_payloads/_unclassified/Bruce-Scripts-Heaven_BAD/Batch/Fake_Shutdown.txt,sd_card_content/badusb_extra_payloads/_unclassified/Bruce-Scripts-Heaven_BAD/Batch/sintaxe_extra_nao_suportada/Fake_Shutdown.txt,move_to_subfolder,unsupported_ds3_or_unrecognized_syntax
sd_card_content/badusb_extra_payloads/_unclassified/Bruce-Scripts-Heaven_BAD/Batch/Silly_Question_Loop.txt,sd_card_content/badusb_extra_payloads/_unclassified/Bruce-Scripts-Heaven_BAD/Batch/sintaxe_extra_nao_suportada/Silly_Question_Loop.txt,move_to_subfolder,unsupported_ds3_or_unrecognized_syntax
sd_card_content/badusb_extra_payloads/_unclassified/Bruce-Scripts-Heaven_BAD/Batch/Mouse_Cursor_Toggle.txt,sd_card_content/badusb_extra_payloads/_unclassified/Bruce-Scripts-Heaven_BAD/Batch/sintaxe_extra_nao_suportada/Mouse_Cursor_Toggle.txt,move_to_subfolder,unsupported_ds3_or_unrecognized_syntax
sd_card_content/badusb_extra_payloads/_unclassified/Bruce-Scripts-Heaven_BAD/Operators/Operators-example3.txt,sd_card_content/badusb_extra_payloads/_unclassified/Bruce-Scripts-Heaven_BAD/Operators/nao_e_duckyscript/bashbunny_syntax/Operators-example3.txt,move_to_subfolder,bashbunny_syntax
sd_card_content/badusb_extra_payloads/_unclassified/Bruce-Scripts-Heaven_BAD/Operators/Operators-example2.txt,sd_card_content/badusb_extra_payloads/_unclassified/Bruce-Scripts-Heaven_BAD/Operators/sintaxe_extra_nao_suportada/Operators-example2.txt,move_to_subfolder,unsupported_ds3_or_unrecognized_syntax
sd_card_content/badusb_extra_payloads/_unclassified/Bruce-Scripts-Heaven_BAD/Operators/Operators-example1.txt,sd_card_content/badusb_extra_payloads/_unclassified/Bruce-Scripts-Heaven_BAD/Operators/sintaxe_extra_nao_suportada/Operators-example1.txt,move_to_subfolder,unsupported_ds3_or_unrecognized_syntax
sd_card_content/badusb_extra_payloads/_unclassified/Bruce-Scripts-Heaven_BAD/Win_PoSH_DesktopDuck/payload.txt,sd_card_content/badusb_extra_payloads/_unclassified/Bruce-Scripts-Heaven_BAD/Win_PoSH_DesktopDuck/nao_e_duckyscript/bashbunny_syntax/payload.txt,move_to_subfolder,bashbunny_syntax
sd_card_content/badusb_extra_payloads/_unclassified/Bruce-Scripts-Heaven_BAD/Starting_a_PowerShell_with_administrator_permissions_in_Windows/payload.txt,sd_card_content/badusb_extra_payloads/_unclassified/Bruce-Scripts-Heaven_BAD/Starting_a_PowerShell_with_administrator_permissions_in_Windows/sintaxe_extra_nao_suportada/payload.txt,move_to_subfolder,unsupported_ds3_or_unrecognized_syntax
sd_card_content/badusb_extra_payloads/_unclassified/Bruce-Scripts-Heaven_BAD/Button/Button-example4.txt,sd_card_content/badusb_extra_payloads/_unclassified/Bruce-Scripts-Heaven_BAD/Button/nao_e_duckyscript/bashbunny_syntax/Button-example4.txt,move_to_subfolder,bashbunny_syntax
sd_card_content/badusb_extra_payloads/_unclassified/Bruce-Scripts-Heaven_BAD/Button/Button-example5.txt,sd_card_content/badusb_extra_payloads/_unclassified/Bruce-Scripts-Heaven_BAD/Button/sintaxe_extra_nao_suportada/Button-example5.txt,move_to_subfolder,unsupported_ds3_or_unrecognized_syntax
sd_card_content/badusb_extra_payloads/_unclassified/Bruce-Scripts-Heaven_BAD/Button/Button-example8.txt,sd_card_content/badusb_extra_payloads/_unclassified/Bruce-Scripts-Heaven_BAD/Button/nao_e_duckyscript/bashbunny_syntax/Button-example8.txt,move_to_subfolder,bashbunny_syntax
sd_card_content/badusb_extra_payloads/_unclassified/Bruce-Scripts-Heaven_BAD/Button/Button-example7.txt,sd_card_content/badusb_extra_payloads/_unclassified/Bruce-Scripts-Heaven_BAD/Button/sintaxe_extra_nao_suportada/Button-example7.txt,move_to_subfolder,unsupported_ds3_or_unrecognized_syntax
sd_card_content/badusb_extra_payloads/_unclassified/Bruce-Scripts-Heaven_BAD/Button/Button-example3.txt,sd_card_content/badusb_extra_payloads/_unclassified/Bruce-Scripts-Heaven_BAD/Button/sintaxe_extra_nao_suportada/Button-example3.txt,move_to_subfolder,unsupported_ds3_or_unrecognized_syntax
sd_card_content/badusb_extra_payloads/_unclassified/Bruce-Scripts-Heaven_BAD/LED/LED-example2.txt,sd_card_content/badusb_extra_payloads/_unclassified/Bruce-Scripts-Heaven_BAD/LED/nao_e_duckyscript/bashbunny_syntax/LED-example2.txt,move_to_subfolder,bashbunny_syntax
sd_card_content/badusb_extra_payloads/_unclassified/Bruce-Scripts-Heaven_BAD/LED/LED-example1.txt,sd_card_content/badusb_extra_payloads/_unclassified/Bruce-Scripts-Heaven_BAD/LED/nao_e_duckyscript/bashbunny_syntax/LED-example1.txt,move_to_subfolder,bashbunny_syntax
sd_card_content/badusb_extra_payloads/_unclassified/Bruce-Scripts-Heaven_BAD/LED/LED-example3.txt,sd_card_content/badusb_extra_payloads/_unclassified/Bruce-Scripts-Heaven_BAD/LED/nao_e_duckyscript/bashbunny_syntax/LED-example3.txt,move_to_subfolder,bashbunny_syntax
sd_card_content/badusb_extra_payloads/_unclassified/Bruce-Scripts-Heaven_BAD/Payload Hiding/Payload-Hiding-example1.txt,sd_card_content/badusb_extra_payloads/_unclassified/Bruce-Scripts-Heaven_BAD/Payload Hiding/nao_e_duckyscript/bashbunny_syntax/Payload-Hiding-example1.txt,move_to_subfolder,bashbunny_syntax
sd_card_content/badusb_extra_payloads/_unclassified/Bruce-Scripts-Heaven_BAD/atomiczsec-BadUSB/OMG/payloads/De-Bloater/payload.txt,sd_card_content/badusb_extra_payloads/_unclassified/Bruce-Scripts-Heaven_BAD/atomiczsec-BadUSB/OMG/payloads/De-Bloater/sintaxe_extra_nao_suportada/payload.txt,move_to_subfolder,unsupported_ds3_or_unrecognized_syntax
sd_card_content/badusb_extra_payloads/_unclassified/Bruce-Scripts-Heaven_BAD/atomiczsec-BadUSB/FlipperZero/payloads/Water-UnMark/payload.txt,sd_card_content/badusb_extra_payloads/_unclassified/Bruce-Scripts-Heaven_BAD/atomiczsec-BadUSB/FlipperZero/payloads/Water-UnMark/payload.txt,edit_in_place,strip_utf8_bom
sd_card_content/badusb_extra_payloads/_unclassified/Bruce-Scripts-Heaven_BAD/atomiczsec-BadUSB/FlipperZero/payloads/De-Bloater/payload.txt,sd_card_content/badusb_extra_payloads/_unclassified/Bruce-Scripts-Heaven_BAD/atomiczsec-BadUSB/FlipperZero/payloads/De-Bloater/sintaxe_extra_nao_suportada/payload.txt,move_to_subfolder,unsupported_ds3_or_unrecognized_syntax
sd_card_content/badusb_extra_payloads/_unclassified/Bruce-Scripts-Heaven_BAD/Water-UnMark/payload.txt,sd_card_content/badusb_extra_payloads/_unclassified/Bruce-Scripts-Heaven_BAD/Water-UnMark/payload.txt,edit_in_place,strip_utf8_bom
sd_card_content/badusb_extra_payloads/_unclassified/Bruce-Scripts-Heaven_BAD/Holding Keys/Holding-Keys-example3.txt,sd_card_content/badusb_extra_payloads/_unclassified/Bruce-Scripts-Heaven_BAD/Holding Keys/nao_e_duckyscript/bashbunny_syntax/Holding-Keys-example3.txt,move_to_subfolder,bashbunny_syntax
sd_card_content/badusb_extra_payloads/_unclassified/Bruce-Scripts-Heaven_BAD/Holding Keys/Holding-Keys-example1.txt,sd_card_content/badusb_extra_payloads/_unclassified/Bruce-Scripts-Heaven_BAD/Holding Keys/nao_e_duckyscript/bashbunny_syntax/Holding-Keys-example1.txt,move_to_subfolder,bashbunny_syntax
sd_card_content/badusb_extra_payloads/_unclassified/Bruce-Scripts-Heaven_BAD/Holding Keys/Holding-Keys-example2.txt,sd_card_content/badusb_extra_payloads/_unclassified/Bruce-Scripts-Heaven_BAD/Holding Keys/nao_e_duckyscript/bashbunny_syntax/Holding-Keys-example2.txt,move_to_subfolder,bashbunny_syntax
sd_card_content/badusb_extra_payloads/_unclassified/Bruce-Scripts-Heaven_BAD/Loops/Loops-example1.txt,sd_card_content/badusb_extra_payloads/_unclassified/Bruce-Scripts-Heaven_BAD/Loops/nao_e_duckyscript/bashbunny_syntax/Loops-example1.txt,move_to_subfolder,bashbunny_syntax
sd_card_content/badusb_extra_payloads/_unclassified/Bruce-Scripts-Heaven_BAD/Loops/Loops-example3.txt,sd_card_content/badusb_extra_payloads/_unclassified/Bruce-Scripts-Heaven_BAD/Loops/sintaxe_extra_nao_suportada/Loops-example3.txt,move_to_subfolder,unsupported_ds3_or_unrecognized_syntax
sd_card_content/badusb_extra_payloads/_unclassified/Bruce-Scripts-Heaven_BAD/Pranh(ex)/assets/hexfile.txt,sd_card_content/badusb_extra_payloads/_unclassified/Bruce-Scripts-Heaven_BAD/Pranh(ex)/assets/sintaxe_extra_nao_suportada/hexfile.txt,move_to_subfolder,unsupported_ds3_or_unrecognized_syntax
sd_card_content/badusb_extra_payloads/_unclassified/Bruce-Scripts-Heaven_BAD/omg-payloads-master/payloads/library/execution/bypass-buddy/img/art.txt,sd_card_content/badusb_extra_payloads/_unclassified/Bruce-Scripts-Heaven_BAD/omg-payloads-master/payloads/library/execution/bypass-buddy/img/sintaxe_extra_nao_suportada/art.txt,move_to_subfolder,unsupported_ds3_or_unrecognized_syntax
sd_card_content/badusb_extra_payloads/_unclassified/Bruce-Scripts-Heaven_BAD/omg-payloads-master/payloads/library/execution/Blue_Harvester/payload.txt,sd_card_content/badusb_extra_payloads/_unclassified/Bruce-Scripts-Heaven_BAD/omg-payloads-master/payloads/library/execution/Blue_Harvester/sintaxe_extra_nao_suportada/payload.txt,move_to_subfolder,unsupported_ds3_or_unrecognized_syntax
sd_card_content/badusb_extra_payloads/_unclassified/Bruce-Scripts-Heaven_BAD/omg-payloads-master/payloads/library/execution/HideInWSL/payload.txt,sd_card_content/badusb_extra_payloads/_unclassified/Bruce-Scripts-Heaven_BAD/omg-payloads-master/payloads/library/execution/HideInWSL/sintaxe_extra_nao_suportada/payload.txt,move_to_subfolder,unsupported_ds3_or_unrecognized_syntax
sd_card_content/badusb_extra_payloads/_unclassified/Bruce-Scripts-Heaven_BAD/omg-payloads-master/payloads/library/mobile/ios/iOS-Facebook-Contact-Extractor/payload.txt,sd_card_content/badusb_extra_payloads/_unclassified/Bruce-Scripts-Heaven_BAD/omg-payloads-master/payloads/library/mobile/ios/iOS-Facebook-Contact-Extractor/sintaxe_extra_nao_suportada/payload.txt,move_to_subfolder,unsupported_ds3_or_unrecognized_syntax
sd_card_content/badusb_extra_payloads/_unclassified/Bruce-Scripts-Heaven_BAD/omg-payloads-master/payloads/library/general/Win_PoSH_BouncyCoil/payload.txt,sd_card_content/badusb_extra_payloads/_unclassified/Bruce-Scripts-Heaven_BAD/omg-payloads-master/payloads/library/general/Win_PoSH_BouncyCoil/sintaxe_extra_nao_suportada/payload.txt,move_to_subfolder,unsupported_ds3_or_unrecognized_syntax
sd_card_content/badusb_extra_payloads/_unclassified/Bruce-Scripts-Heaven_BAD/Phone/Tab LAG.txt,sd_card_content/badusb_extra_payloads/_unclassified/Bruce-Scripts-Heaven_BAD/Phone/sintaxe_extra_nao_suportada/Tab LAG.txt,move_to_subfolder,unsupported_ds3_or_unrecognized_syntax
sd_card_content/badusb_extra_payloads/_unclassified/Bruce-Scripts-Heaven_BAD/Phone/signout_CHROMEOS.txt,sd_card_content/badusb_extra_payloads/_unclassified/Bruce-Scripts-Heaven_BAD/Phone/flipper_only/signout_CHROMEOS.txt,move_to_subfolder,works_only_on_flipper
sd_card_content/badusb_extra_payloads/_unclassified/Bruce-Scripts-Heaven_BAD/chromeOS/croshrollback.txt,sd_card_content/badusb_extra_payloads/_unclassified/Bruce-Scripts-Heaven_BAD/chromeOS/sintaxe_extra_nao_suportada/croshrollback.txt,move_to_subfolder,unsupported_ds3_or_unrecognized_syntax
sd_card_content/badusb_extra_payloads/_unclassified/Bruce-Scripts-Heaven_BAD/chromeOS/wip/ROLLBACKNEW.txt,sd_card_content/badusb_extra_payloads/_unclassified/Bruce-Scripts-Heaven_BAD/chromeOS/wip/sintaxe_extra_nao_suportada/ROLLBACKNEW.txt,move_to_subfolder,unsupported_ds3_or_unrecognized_syntax
sd_card_content/badusb_extra_payloads/_unclassified/Bruce-Scripts-Heaven_BAD/Functions/Functions-example1.txt,sd_card_content/badusb_extra_payloads/_unclassified/Bruce-Scripts-Heaven_BAD/Functions/sintaxe_extra_nao_suportada/Functions-example1.txt,move_to_subfolder,unsupported_ds3_or_unrecognized_syntax
sd_card_content/badusb_extra_payloads/_unclassified/Bruce-Scripts-Heaven_BAD/BadUSB/FLIZZ3R/BUSY-GUI.txt,sd_card_content/badusb_extra_payloads/_unclassified/Bruce-Scripts-Heaven_BAD/BadUSB/FLIZZ3R/sintaxe_extra_nao_suportada/BUSY-GUI.txt,move_to_subfolder,unsupported_ds3_or_unrecognized_syntax
sd_card_content/badusb_extra_payloads/_unclassified/Bruce-Scripts-Heaven_BAD/BadUSB/Water-UnMark/payload.txt,sd_card_content/badusb_extra_payloads/_unclassified/Bruce-Scripts-Heaven_BAD/BadUSB/Water-UnMark/payload.txt,edit_in_place,strip_utf8_bom
sd_card_content/badusb_extra_payloads/_unclassified/Bruce-Scripts-Heaven_BAD/OneDuckToQuackThemAll/Docs/gpl.txt,sd_card_content/badusb_extra_payloads/_unclassified/Bruce-Scripts-Heaven_BAD/OneDuckToQuackThemAll/Docs/sintaxe_extra_nao_suportada/gpl.txt,move_to_subfolder,unsupported_ds3_or_unrecognized_syntax
sd_card_content/badusb_extra_payloads/_unclassified/Bruce-Scripts-Heaven_BAD/Conditions/Conditions-example4.txt,sd_card_content/badusb_extra_payloads/_unclassified/Bruce-Scripts-Heaven_BAD/Conditions/sintaxe_extra_nao_suportada/Conditions-example4.txt,move_to_subfolder,unsupported_ds3_or_unrecognized_syntax
sd_card_content/badusb_extra_payloads/_unclassified/Bruce-Scripts-Heaven_BAD/Conditions/Conditions-example3.txt,sd_card_content/badusb_extra_payloads/_unclassified/Bruce-Scripts-Heaven_BAD/Conditions/sintaxe_extra_nao_suportada/Conditions-example3.txt,move_to_subfolder,unsupported_ds3_or_unrecognized_syntax
sd_card_content/badusb_extra_payloads/_unclassified/Bruce-Scripts-Heaven_BAD/Conditions/Conditions-example1.txt,sd_card_content/badusb_extra_payloads/_unclassified/Bruce-Scripts-Heaven_BAD/Conditions/sintaxe_extra_nao_suportada/Conditions-example1.txt,move_to_subfolder,unsupported_ds3_or_unrecognized_syntax
sd_card_content/badusb_extra_payloads/_unclassified/Bruce-Scripts-Heaven_BAD/Conditions/Conditions-example5.txt,sd_card_content/badusb_extra_payloads/_unclassified/Bruce-Scripts-Heaven_BAD/Conditions/sintaxe_extra_nao_suportada/Conditions-example5.txt,move_to_subfolder,unsupported_ds3_or_unrecognized_syntax
sd_card_content/badusb_extra_payloads/_unclassified/Bruce-Scripts-Heaven_BAD/Conditions/Conditions-example2.txt,sd_card_content/badusb_extra_payloads/_unclassified/Bruce-Scripts-Heaven_BAD/Conditions/sintaxe_extra_nao_suportada/Conditions-example2.txt,move_to_subfolder,unsupported_ds3_or_unrecognized_syntax
sd_card_content/badusb_extra_payloads/_unclassified/Bruce-Scripts-Heaven_BAD/UNC0V3R3D-BadUSB/BadUsb-Collection/Windows_Badusb/Execution/ChangeWinUsername/ChangeWinUsername.txt,sd_card_content/badusb_extra_payloads/_unclassified/Bruce-Scripts-Heaven_BAD/UNC0V3R3D-BadUSB/BadUsb-Collection/Windows_Badusb/Execution/ChangeWinUsername/sintaxe_extra_nao_suportada/ChangeWinUsername.txt,move_to_subfolder,unsupported_ds3_or_unrecognized_syntax
sd_card_content/badusb_extra_payloads/_unclassified/Bruce-Scripts-Heaven_BAD/Randomization/Randomization-example3.txt,sd_card_content/badusb_extra_payloads/_unclassified/Bruce-Scripts-Heaven_BAD/Randomization/nao_e_duckyscript/bashbunny_syntax/Randomization-example3.txt,move_to_subfolder,bashbunny_syntax
sd_card_content/badusb_extra_payloads/_unclassified/Bruce-Scripts-Heaven_BAD/Randomization/Randomization-example2.txt,sd_card_content/badusb_extra_payloads/_unclassified/Bruce-Scripts-Heaven_BAD/Randomization/nao_e_duckyscript/bashbunny_syntax/Randomization-example2.txt,move_to_subfolder,bashbunny_syntax
sd_card_content/badusb_extra_payloads/_unclassified/Bruce-Scripts-Heaven_BAD/Telegram/Web2Telegram.txt,sd_card_content/badusb_extra_payloads/_unclassified/Bruce-Scripts-Heaven_BAD/Telegram/sintaxe_extra_nao_suportada/Web2Telegram.txt,move_to_subfolder,unsupported_ds3_or_unrecognized_syntax
sd_card_content/badusb_extra_payloads/_unclassified/Bruce-Scripts-Heaven_BAD/Win_PoSH_MorseCode/b.txt,sd_card_content/badusb_extra_payloads/_unclassified/Bruce-Scripts-Heaven_BAD/Win_PoSH_MorseCode/sintaxe_extra_nao_suportada/b.txt,move_to_subfolder,unsupported_ds3_or_unrecognized_syntax
sd_card_content/badusb_extra_payloads/destruction/Unix-like/macOS/directly_ready/BadUsb-Library/File-Bomber.txt,sd_card_content/badusb_extra_payloads/destruction/Unix-like/macOS/directly_ready/BadUsb-Library/sintaxe_extra_nao_suportada/File-Bomber.txt,move_to_subfolder,unsupported_ds3_or_unrecognized_syntax
sd_card_content/badusb_extra_payloads/destruction/Unix-like/macOS/directly_ready/BadUsb-Library/duckyreaperMAC.txt,sd_card_content/badusb_extra_payloads/destruction/Unix-like/macOS/directly_ready/BadUsb-Library/sintaxe_extra_nao_suportada/duckyreaperMAC.txt,move_to_subfolder,unsupported_ds3_or_unrecognized_syntax
sd_card_content/badusb_extra_payloads/destruction/Unix-like/macOS/directly_ready/Bruce-Scripts-Heaven_BAD/MacOS-narstybits/Executions/Desktop Deletion.txt,sd_card_content/badusb_extra_payloads/destruction/Unix-like/macOS/directly_ready/Bruce-Scripts-Heaven_BAD/MacOS-narstybits/Executions/flipper_only/Desktop Deletion.txt,move_to_subfolder,works_only_on_flipper
sd_card_content/badusb_extra_payloads/destruction/Unix-like/macOS/directly_ready/Bruce-Scripts-Heaven_BAD/MacOS-narstybits/Executions/Desktop Deletion V2.txt,sd_card_content/badusb_extra_payloads/destruction/Unix-like/macOS/directly_ready/Bruce-Scripts-Heaven_BAD/MacOS-narstybits/Executions/flipper_only/Desktop Deletion V2.txt,move_to_subfolder,works_only_on_flipper
sd_card_content/badusb_extra_payloads/destruction/Unix-like/macOS/directly_ready/Bruce-Scripts-Heaven_BAD/MacOS-narstybits/Executions/Delete Copy Pasta.txt,sd_card_content/badusb_extra_payloads/destruction/Unix-like/macOS/directly_ready/Bruce-Scripts-Heaven_BAD/MacOS-narstybits/Executions/flipper_only/Delete Copy Pasta.txt,move_to_subfolder,works_only_on_flipper
sd_card_content/badusb_extra_payloads/destruction/Unix-like/macOS/directly_ready/Bruce-Scripts-Heaven_BAD/MacOS-narstybits/Executions/Dropbox to Desktop Bomb.txt,sd_card_content/badusb_extra_payloads/destruction/Unix-like/macOS/directly_ready/Bruce-Scripts-Heaven_BAD/MacOS-narstybits/Executions/flipper_only/Dropbox to Desktop Bomb.txt,move_to_subfolder,works_only_on_flipper
sd_card_content/badusb_extra_payloads/destruction/Unix-like/macOS/directly_ready/Bruce-Scripts-Heaven_BAD/BadUSB-FalsePhilosopher/Ducky/Ducky-Framework/payloads/osx/wgetExec/wgetExec.txt,sd_card_content/badusb_extra_payloads/destruction/Unix-like/macOS/directly_ready/Bruce-Scripts-Heaven_BAD/BadUSB-FalsePhilosopher/Ducky/Ducky-Framework/payloads/osx/wgetExec/sintaxe_extra_nao_suportada/wgetExec.txt,move_to_subfolder,unsupported_ds3_or_unrecognized_syntax
sd_card_content/badusb_extra_payloads/destruction/Unix-like/macOS/directly_ready/Bruce-Scripts-Heaven_BAD/BadUSB-FalsePhilosopher/Ducky/USBRubberducky/destructive/Unix-like/OSX/OSX_no_more_hardrive_nyan_oldOSx.txt,sd_card_content/badusb_extra_payloads/destruction/Unix-like/macOS/directly_ready/Bruce-Scripts-Heaven_BAD/BadUSB-FalsePhilosopher/Ducky/USBRubberducky/destructive/Unix-like/OSX/sintaxe_extra_nao_suportada/OSX_no_more_hardrive_nyan_oldOSx.txt,move_to_subfolder,unsupported_ds3_or_unrecognized_syntax
sd_card_content/badusb_extra_payloads/destruction/Unix-like/macOS/directly_ready/Bruce-Scripts-Heaven_BAD/BadUSB-FalsePhilosopher/BashBunny/payloads/library/general/Revolver_BLE-Controlled-Attacks/payload.txt,sd_card_content/badusb_extra_payloads/destruction/Unix-like/macOS/directly_ready/Bruce-Scripts-Heaven_BAD/BadUSB-FalsePhilosopher/BashBunny/payloads/library/general/Revolver_BLE-Controlled-Attacks/nao_e_duckyscript/bashbunny_syntax/payload.txt,move_to_subfolder,bashbunny_syntax
sd_card_content/badusb_extra_payloads/destruction/Unix-like/macOS/directly_ready/Bruce-Scripts-Heaven_BAD/destructive/Unix-like/Osx/OSX_no_more_hardrive_nyan.txt,sd_card_content/badusb_extra_payloads/destruction/Unix-like/macOS/directly_ready/Bruce-Scripts-Heaven_BAD/destructive/Unix-like/Osx/sintaxe_extra_nao_suportada/OSX_no_more_hardrive_nyan.txt,move_to_subfolder,unsupported_ds3_or_unrecognized_syntax
sd_card_content/badusb_extra_payloads/destruction/Unix-like/macOS/directly_ready/Bruce-Scripts-Heaven_BAD/destructive/Unix-like/Osx/OSX_no_more_hardrive_oldOSx.txt,sd_card_content/badusb_extra_payloads/destruction/Unix-like/macOS/directly_ready/Bruce-Scripts-Heaven_BAD/destructive/Unix-like/Osx/sintaxe_extra_nao_suportada/OSX_no_more_hardrive_oldOSx.txt,move_to_subfolder,unsupported_ds3_or_unrecognized_syntax
sd_card_content/badusb_extra_payloads/destruction/Unix-like/macOS/directly_ready/Bruce-Scripts-Heaven_BAD/destructive/Unix-like/Osx/OSX_no_more_hardrive_nyan_oldOSx.txt,sd_card_content/badusb_extra_payloads/destruction/Unix-like/macOS/directly_ready/Bruce-Scripts-Heaven_BAD/destructive/Unix-like/Osx/sintaxe_extra_nao_suportada/OSX_no_more_hardrive_nyan_oldOSx.txt,move_to_subfolder,unsupported_ds3_or_unrecognized_syntax
sd_card_content/badusb_extra_payloads/destruction/Unix-like/macOS/directly_ready/Bruce-Scripts-Heaven_BAD/destructive/Unix-like/Osx/OSX_no_more_hardrive.txt,sd_card_content/badusb_extra_payloads/destruction/Unix-like/macOS/directly_ready/Bruce-Scripts-Heaven_BAD/destructive/Unix-like/Osx/sintaxe_extra_nao_suportada/OSX_no_more_hardrive.txt,move_to_subfolder,unsupported_ds3_or_unrecognized_syntax
sd_card_content/badusb_extra_payloads/destruction/Unix-like/macOS/directly_ready/Bruce-Scripts-Heaven_BAD/destructive/Unix-like/Osx/Bombs/termBomb/payload.txt,sd_card_content/badusb_extra_payloads/destruction/Unix-like/macOS/directly_ready/Bruce-Scripts-Heaven_BAD/destructive/Unix-like/Osx/Bombs/termBomb/nao_e_duckyscript/bashbunny_syntax/payload.txt,move_to_subfolder,bashbunny_syntax
sd_card_content/badusb_extra_payloads/destruction/Unix-like/macOS/directly_ready/Bruce-Scripts-Heaven_BAD/destructive/Unix-like/Osx/Bombs/zipbomb/quack.txt,sd_card_content/badusb_extra_payloads/destruction/Unix-like/macOS/directly_ready/Bruce-Scripts-Heaven_BAD/destructive/Unix-like/Osx/Bombs/zipbomb/sintaxe_extra_nao_suportada/quack.txt,move_to_subfolder,unsupported_ds3_or_unrecognized_syntax
sd_card_content/badusb_extra_payloads/destruction/Unix-like/Linux/directly_ready/Bruce-Scripts-Heaven_BAD/BadUSB-FalsePhilosopher/BashBunny/payloads/library/general/poc/LINUX_HID/payload.txt,sd_card_content/badusb_extra_payloads/destruction/Unix-like/Linux/directly_ready/Bruce-Scripts-Heaven_BAD/BadUSB-FalsePhilosopher/BashBunny/payloads/library/general/poc/LINUX_HID/nao_e_duckyscript/bashbunny_syntax/payload.txt,move_to_subfolder,bashbunny_syntax
sd_card_content/badusb_extra_payloads/destruction/Win/directly_ready/BadUsb-Library/quickfix.txt,sd_card_content/badusb_extra_payloads/destruction/Win/directly_ready/BadUsb-Library/sintaxe_extra_nao_suportada/quickfix.txt,move_to_subfolder,unsupported_ds3_or_unrecognized_syntax
sd_card_content/badusb_extra_payloads/destruction/Win/directly_ready/Bruce-Scripts-Heaven_BAD/BadUSB-FalsePhilosopher/OMG/Library/general/-OMG-PineApple/PineApple-KeyInjection.txt,sd_card_content/badusb_extra_payloads/destruction/Win/directly_ready/Bruce-Scripts-Heaven_BAD/BadUSB-FalsePhilosopher/OMG/Library/general/-OMG-PineApple/sintaxe_extra_nao_suportada/PineApple-KeyInjection.txt,move_to_subfolder,unsupported_ds3_or_unrecognized_syntax
sd_card_content/badusb_extra_payloads/destruction/Win/directly_ready/Bruce-Scripts-Heaven_BAD/BadUSB-FalsePhilosopher/Ducky/Ducky-Framework/payloads/win/ncReverseSh/ncReverseSh.txt,sd_card_content/badusb_extra_payloads/destruction/Win/directly_ready/Bruce-Scripts-Heaven_BAD/BadUSB-FalsePhilosopher/Ducky/Ducky-Framework/payloads/win/ncReverseSh/sintaxe_extra_nao_suportada/ncReverseSh.txt,move_to_subfolder,unsupported_ds3_or_unrecognized_syntax
sd_card_content/badusb_extra_payloads/destruction/Win/directly_ready/Bruce-Scripts-Heaven_BAD/BadUSB-FalsePhilosopher/BashBunny/payloads/library/general/Pineapple-Connect-Windows/payload.txt,sd_card_content/badusb_extra_payloads/destruction/Win/directly_ready/Bruce-Scripts-Heaven_BAD/BadUSB-FalsePhilosopher/BashBunny/payloads/library/general/Pineapple-Connect-Windows/nao_e_duckyscript/bashbunny_syntax/payload.txt,move_to_subfolder,bashbunny_syntax
sd_card_content/badusb_extra_payloads/destruction/Win/directly_ready/Bruce-Scripts-Heaven_BAD/BadUSB-FalsePhilosopher/BashBunny/payloads/library/general/dryClean/payload.txt,sd_card_content/badusb_extra_payloads/destruction/Win/directly_ready/Bruce-Scripts-Heaven_BAD/BadUSB-FalsePhilosopher/BashBunny/payloads/library/general/dryClean/nao_e_duckyscript/bashbunny_syntax/payload.txt,move_to_subfolder,bashbunny_syntax
sd_card_content/badusb_extra_payloads/destruction/Win/directly_ready/Bruce-Scripts-Heaven_BAD/BadUSB-FalsePhilosopher/Misc/Other/Negative_word_list.txt,sd_card_content/badusb_extra_payloads/destruction/Win/directly_ready/Bruce-Scripts-Heaven_BAD/BadUSB-FalsePhilosopher/Misc/Other/nao_e_duckyscript/bashbunny_syntax/Negative_word_list.txt,move_to_subfolder,bashbunny_syntax
sd_card_content/badusb_extra_payloads/destruction/Win/directly_ready/Bruce-Scripts-Heaven_BAD/BadUSB-FalsePhilosopher/Misc/Cheat_Sheets/Awesome-cheatsheets/tools/vim.txt,sd_card_content/badusb_extra_payloads/destruction/Win/directly_ready/Bruce-Scripts-Heaven_BAD/BadUSB-FalsePhilosopher/Misc/Cheat_Sheets/Awesome-cheatsheets/tools/sintaxe_extra_nao_suportada/vim.txt,move_to_subfolder,unsupported_ds3_or_unrecognized_syntax
sd_card_content/badusb_extra_payloads/destruction/Win/directly_ready/Bruce-Scripts-Heaven_BAD/BadUSB-FalsePhilosopher/Misc/Cheat_Sheets/PayloadsAllTheThings/XSS Injection/Intruders/0xcela_event_handlers.txt,sd_card_content/badusb_extra_payloads/destruction/Win/directly_ready/Bruce-Scripts-Heaven_BAD/BadUSB-FalsePhilosopher/Misc/Cheat_Sheets/PayloadsAllTheThings/XSS Injection/Intruders/nao_e_duckyscript/reference_material_not_payload/0xcela_event_handlers.txt,move_to_subfolder,reference_material_not_payload
sd_card_content/badusb_extra_payloads/destruction/Win/directly_ready/Bruce-Scripts-Heaven_BAD/BadUSB-FalsePhilosopher/Misc/Cheat_Sheets/PayloadsAllTheThings/Web Cache Deception/Intruders/param_miner_lowercase_headers.txt,sd_card_content/badusb_extra_payloads/destruction/Win/directly_ready/Bruce-Scripts-Heaven_BAD/BadUSB-FalsePhilosopher/Misc/Cheat_Sheets/PayloadsAllTheThings/Web Cache Deception/Intruders/nao_e_duckyscript/reference_material_not_payload/param_miner_lowercase_headers.txt,move_to_subfolder,reference_material_not_payload
sd_card_content/badusb_extra_payloads/destruction/Win/directly_ready/Bruce-Scripts-Heaven_BAD/BadUSB-FalsePhilosopher/Misc/Web/Demiguise/templates/xll_hta.txt,sd_card_content/badusb_extra_payloads/destruction/Win/directly_ready/Bruce-Scripts-Heaven_BAD/BadUSB-FalsePhilosopher/Misc/Web/Demiguise/templates/sintaxe_extra_nao_suportada/xll_hta.txt,move_to_subfolder,unsupported_ds3_or_unrecognized_syntax
sd_card_content/badusb_extra_payloads/destruction/iOS/directly_ready/Bruce-Scripts-Heaven_BAD/omg-payloads-master/payloads/library/mobile/ios/iOS-Logic-Bomb-Example/payload.txt,sd_card_content/badusb_extra_payloads/destruction/iOS/directly_ready/Bruce-Scripts-Heaven_BAD/omg-payloads-master/payloads/library/mobile/ios/iOS-Logic-Bomb-Example/sintaxe_extra_nao_suportada/payload.txt,move_to_subfolder,unsupported_ds3_or_unrecognized_syntax
sd_card_content/badusb_extra_payloads/authentication/Unix-like/macOS/directly_ready/BadUsb-Library/Clipboard-Monitor.txt,sd_card_content/badusb_extra_payloads/authentication/Unix-like/macOS/directly_ready/BadUsb-Library/sintaxe_extra_nao_suportada/Clipboard-Monitor.txt,move_to_subfolder,unsupported_ds3_or_unrecognized_syntax
sd_card_content/badusb_extra_payloads/authentication/Unix-like/macOS/configuration_needed/BadUsb-Library/Keychain-Stealer-Telegram.txt,sd_card_content/badusb_extra_payloads/authentication/Unix-like/macOS/configuration_needed/BadUsb-Library/sintaxe_extra_nao_suportada/Keychain-Stealer-Telegram.txt,move_to_subfolder,unsupported_ds3_or_unrecognized_syntax
sd_card_content/badusb_extra_payloads/authentication/Unix-like/macOS/configuration_needed/BadUsb-Library/Keylogger-Telegram.txt,sd_card_content/badusb_extra_payloads/authentication/Unix-like/macOS/configuration_needed/BadUsb-Library/sintaxe_extra_nao_suportada/Keylogger-Telegram.txt,move_to_subfolder,unsupported_ds3_or_unrecognized_syntax
sd_card_content/badusb_extra_payloads/authentication/Unix-like/macOS/configuration_needed/BadUsb-Library/WiFi-Password-Stealer-Telegram.txt,sd_card_content/badusb_extra_payloads/authentication/Unix-like/macOS/configuration_needed/BadUsb-Library/sintaxe_extra_nao_suportada/WiFi-Password-Stealer-Telegram.txt,move_to_subfolder,unsupported_ds3_or_unrecognized_syntax
sd_card_content/badusb_extra_payloads/authentication/Unix-like/Linux/configuration_needed/BadUsb-Library/Keylogger-Telegram.txt,sd_card_content/badusb_extra_payloads/authentication/Unix-like/Linux/configuration_needed/BadUsb-Library/sintaxe_extra_nao_suportada/Keylogger-Telegram.txt,move_to_subfolder,unsupported_ds3_or_unrecognized_syntax
sd_card_content/badusb_extra_payloads/authentication/Unix-like/Linux/configuration_needed/BadUsb-Library/Password-Harvester-Telegram.txt,sd_card_content/badusb_extra_payloads/authentication/Unix-like/Linux/configuration_needed/BadUsb-Library/sintaxe_extra_nao_suportada/Password-Harvester-Telegram.txt,move_to_subfolder,unsupported_ds3_or_unrecognized_syntax
sd_card_content/badusb_extra_payloads/authentication/Win/directly_ready/BadUsb-Library/BadUSB_keyloggerInjector.txt,sd_card_content/badusb_extra_payloads/authentication/Win/directly_ready/BadUsb-Library/sintaxe_extra_nao_suportada/BadUSB_keyloggerInjector.txt,move_to_subfolder,unsupported_ds3_or_unrecognized_syntax
sd_card_content/badusb_extra_payloads/authentication/Win/directly_ready/UberGuidoZ_BadUSB/emptythevoid-BadUSB/windows_login_bypass_utilman/win_login_bypass_pt2.txt,sd_card_content/badusb_extra_payloads/authentication/Win/directly_ready/UberGuidoZ_BadUSB/emptythevoid-BadUSB/windows_login_bypass_utilman/sintaxe_extra_nao_suportada/win_login_bypass_pt2.txt,move_to_subfolder,unsupported_ds3_or_unrecognized_syntax
sd_card_content/badusb_extra_payloads/authentication/Win/directly_ready/Bruce-Scripts-Heaven_BAD/BadUSB-FalsePhilosopher/Misc/Cheat_Sheets/PayloadsAllTheThings/SQL Injection/Intruder/FUZZDB_Oracle.txt,sd_card_content/badusb_extra_payloads/authentication/Win/directly_ready/Bruce-Scripts-Heaven_BAD/BadUSB-FalsePhilosopher/Misc/Cheat_Sheets/PayloadsAllTheThings/SQL Injection/Intruder/nao_e_duckyscript/reference_material_not_payload/FUZZDB_Oracle.txt,move_to_subfolder,reference_material_not_payload
sd_card_content/badusb_extra_payloads/authentication/Win/directly_ready/Bruce-Scripts-Heaven_BAD/execution/Win/Admin_Who_Never_Sleeps/payload.txt,sd_card_content/badusb_extra_payloads/authentication/Win/directly_ready/Bruce-Scripts-Heaven_BAD/execution/Win/Admin_Who_Never_Sleeps/sintaxe_extra_nao_suportada/payload.txt,move_to_subfolder,unsupported_ds3_or_unrecognized_syntax
sd_card_content/badusb_extra_payloads/authentication/Win/directly_ready/Bruce-Scripts-Heaven_BAD/Admin_Who_Never_Sleeps/payload.txt,sd_card_content/badusb_extra_payloads/authentication/Win/directly_ready/Bruce-Scripts-Heaven_BAD/Admin_Who_Never_Sleeps/sintaxe_extra_nao_suportada/payload.txt,move_to_subfolder,unsupported_ds3_or_unrecognized_syntax
sd_card_content/badusb_extra_payloads/authentication/Win/configuration_needed/BadUsb-Library/WindowsLicenseKeyExfiltration.txt,sd_card_content/badusb_extra_payloads/authentication/Win/configuration_needed/BadUsb-Library/nao_e_duckyscript/bashbunny_syntax/WindowsLicenseKeyExfiltration.txt,move_to_subfolder,bashbunny_syntax
sd_card_content/badusb_extra_payloads/remote_access/Unix-like/macOS/directly_ready/BadUsb-Library/SSH-Backdoor.txt,sd_card_content/badusb_extra_payloads/remote_access/Unix-like/macOS/directly_ready/BadUsb-Library/sintaxe_extra_nao_suportada/SSH-Backdoor.txt,move_to_subfolder,unsupported_ds3_or_unrecognized_syntax
sd_card_content/badusb_extra_payloads/remote_access/Unix-like/macOS/directly_ready/Bruce-Scripts-Heaven_BAD/MacOS-narstybits/RECON/Infinite Reverse Shell.txt,sd_card_content/badusb_extra_payloads/remote_access/Unix-like/macOS/directly_ready/Bruce-Scripts-Heaven_BAD/MacOS-narstybits/RECON/flipper_only/Infinite Reverse Shell.txt,move_to_subfolder,works_only_on_flipper
sd_card_content/badusb_extra_payloads/remote_access/Unix-like/macOS/directly_ready/Bruce-Scripts-Heaven_BAD/MacOS-narstybits/RECON/Reverse Shell.txt,sd_card_content/badusb_extra_payloads/remote_access/Unix-like/macOS/directly_ready/Bruce-Scripts-Heaven_BAD/MacOS-narstybits/RECON/flipper_only/Reverse Shell.txt,move_to_subfolder,works_only_on_flipper
sd_card_content/badusb_extra_payloads/remote_access/Unix-like/macOS/directly_ready/Bruce-Scripts-Heaven_BAD/MacOS-narstybits/Executions/Remote Shell.txt,sd_card_content/badusb_extra_payloads/remote_access/Unix-like/macOS/directly_ready/Bruce-Scripts-Heaven_BAD/MacOS-narstybits/Executions/flipper_only/Remote Shell.txt,move_to_subfolder,works_only_on_flipper
sd_card_content/badusb_extra_payloads/remote_access/Unix-like/macOS/directly_ready/Bruce-Scripts-Heaven_BAD/MacOS-narstybits/Executions/Virtual Network Remote Access.txt,sd_card_content/badusb_extra_payloads/remote_access/Unix-like/macOS/directly_ready/Bruce-Scripts-Heaven_BAD/MacOS-narstybits/Executions/flipper_only/Virtual Network Remote Access.txt,move_to_subfolder,works_only_on_flipper
sd_card_content/badusb_extra_payloads/remote_access/Unix-like/macOS/directly_ready/Bruce-Scripts-Heaven_BAD/BadUSB-FalsePhilosopher/WHID/Library/Unix like/osx/bash-reverseshell/payload.txt,sd_card_content/badusb_extra_payloads/remote_access/Unix-like/macOS/directly_ready/Bruce-Scripts-Heaven_BAD/BadUSB-FalsePhilosopher/WHID/Library/Unix like/osx/bash-reverseshell/nao_e_duckyscript/whid_injector_syntax/payload.txt,move_to_subfolder,whid_injector_syntax
sd_card_content/badusb_extra_payloads/remote_access/Unix-like/macOS/directly_ready/Bruce-Scripts-Heaven_BAD/BadUSB-FalsePhilosopher/WHID/Library/Unix like/osx/bash-reverseshell-alt/payload.txt,sd_card_content/badusb_extra_payloads/remote_access/Unix-like/macOS/directly_ready/Bruce-Scripts-Heaven_BAD/BadUSB-FalsePhilosopher/WHID/Library/Unix like/osx/bash-reverseshell-alt/nao_e_duckyscript/whid_injector_syntax/payload.txt,move_to_subfolder,whid_injector_syntax
sd_card_content/badusb_extra_payloads/remote_access/Unix-like/macOS/directly_ready/Bruce-Scripts-Heaven_BAD/BadUSB-FalsePhilosopher/Ducky/USBRubberducky/remote_access/Unix-like/OSX/OSRipper/requirements.txt,sd_card_content/badusb_extra_payloads/remote_access/Unix-like/macOS/directly_ready/Bruce-Scripts-Heaven_BAD/BadUSB-FalsePhilosopher/Ducky/USBRubberducky/remote_access/Unix-like/OSX/OSRipper/sintaxe_extra_nao_suportada/requirements.txt,move_to_subfolder,unsupported_ds3_or_unrecognized_syntax
sd_card_content/badusb_extra_payloads/remote_access/Unix-like/macOS/directly_ready/Bruce-Scripts-Heaven_BAD/BadUSB-FalsePhilosopher/BashBunny/payloads/library/credentials/SudoBackdoor/injector/payload.txt,sd_card_content/badusb_extra_payloads/remote_access/Unix-like/macOS/directly_ready/Bruce-Scripts-Heaven_BAD/BadUSB-FalsePhilosopher/BashBunny/payloads/library/credentials/SudoBackdoor/injector/nao_e_duckyscript/bashbunny_syntax/payload.txt,move_to_subfolder,bashbunny_syntax
sd_card_content/badusb_extra_payloads/remote_access/Unix-like/macOS/directly_ready/Bruce-Scripts-Heaven_BAD/BadUSB-FalsePhilosopher/BashBunny/payloads/library/credentials/SudoBackdoor/cleaner/payload.txt,sd_card_content/badusb_extra_payloads/remote_access/Unix-like/macOS/directly_ready/Bruce-Scripts-Heaven_BAD/BadUSB-FalsePhilosopher/BashBunny/payloads/library/credentials/SudoBackdoor/cleaner/nao_e_duckyscript/bashbunny_syntax/payload.txt,move_to_subfolder,bashbunny_syntax
sd_card_content/badusb_extra_payloads/remote_access/Unix-like/macOS/directly_ready/Bruce-Scripts-Heaven_BAD/BadUSB-FalsePhilosopher/BashBunny/payloads/library/remote_access/Hershell_MacLinuxWindows_ReverseShell/payload.txt,sd_card_content/badusb_extra_payloads/remote_access/Unix-like/macOS/directly_ready/Bruce-Scripts-Heaven_BAD/BadUSB-FalsePhilosopher/BashBunny/payloads/library/remote_access/Hershell_MacLinuxWindows_ReverseShell/nao_e_duckyscript/bashbunny_syntax/payload.txt,move_to_subfolder,bashbunny_syntax
sd_card_content/badusb_extra_payloads/remote_access/Unix-like/macOS/directly_ready/Bruce-Scripts-Heaven_BAD/BadUSB-FalsePhilosopher/BashBunny/payloads/library/remote_access/MacReverseShell/payload.txt,sd_card_content/badusb_extra_payloads/remote_access/Unix-like/macOS/directly_ready/Bruce-Scripts-Heaven_BAD/BadUSB-FalsePhilosopher/BashBunny/payloads/library/remote_access/MacReverseShell/nao_e_duckyscript/bashbunny_syntax/payload.txt,move_to_subfolder,bashbunny_syntax
sd_card_content/badusb_extra_payloads/remote_access/Unix-like/macOS/directly_ready/Bruce-Scripts-Heaven_BAD/BadUSB-FalsePhilosopher/BashBunny/payloads/library/remote_access/RAZ_MacReverseShell/payload.txt,sd_card_content/badusb_extra_payloads/remote_access/Unix-like/macOS/directly_ready/Bruce-Scripts-Heaven_BAD/BadUSB-FalsePhilosopher/BashBunny/payloads/library/remote_access/RAZ_MacReverseShell/nao_e_duckyscript/bashbunny_syntax/payload.txt,move_to_subfolder,bashbunny_syntax
sd_card_content/badusb_extra_payloads/remote_access/Unix-like/macOS/directly_ready/Bruce-Scripts-Heaven_BAD/BadUSB-FalsePhilosopher/BashBunny/payloads/library/remote_access/MacPersistentReverseShell/payload.txt,sd_card_content/badusb_extra_payloads/remote_access/Unix-like/macOS/directly_ready/Bruce-Scripts-Heaven_BAD/BadUSB-FalsePhilosopher/BashBunny/payloads/library/remote_access/MacPersistentReverseShell/nao_e_duckyscript/bashbunny_syntax/payload.txt,move_to_subfolder,bashbunny_syntax
sd_card_content/badusb_extra_payloads/remote_access/Unix-like/macOS/directly_ready/Bruce-Scripts-Heaven_BAD/BadUSB-FalsePhilosopher/Misc/Cheat_Sheets/PayloadsAllTheThings/XSS Injection/Intruders/xss_alert.txt,sd_card_content/badusb_extra_payloads/remote_access/Unix-like/macOS/directly_ready/Bruce-Scripts-Heaven_BAD/BadUSB-FalsePhilosopher/Misc/Cheat_Sheets/PayloadsAllTheThings/XSS Injection/Intruders/nao_e_duckyscript/reference_material_not_payload/xss_alert.txt,move_to_subfolder,reference_material_not_payload
sd_card_content/badusb_extra_payloads/remote_access/Unix-like/macOS/directly_ready/Bruce-Scripts-Heaven_BAD/remote_access/Unix-like/OSX/netcatbackdoor3.txt,sd_card_content/badusb_extra_payloads/remote_access/Unix-like/macOS/directly_ready/Bruce-Scripts-Heaven_BAD/remote_access/Unix-like/OSX/flipper_only/netcatbackdoor3.txt,move_to_subfolder,works_only_on_flipper
sd_card_content/badusb_extra_payloads/remote_access/Unix-like/macOS/directly_ready/Bruce-Scripts-Heaven_BAD/remote_access/Unix-like/OSX/Root_backdoor.txt,sd_card_content/badusb_extra_payloads/remote_access/Unix-like/macOS/directly_ready/Bruce-Scripts-Heaven_BAD/remote_access/Unix-like/OSX/flipper_only/Root_backdoor.txt,move_to_subfolder,works_only_on_flipper
sd_card_content/badusb_extra_payloads/remote_access/Unix-like/Linux/directly_ready/BadUsb-Library/SSH-Backdoor.txt,sd_card_content/badusb_extra_payloads/remote_access/Unix-like/Linux/directly_ready/BadUsb-Library/sintaxe_extra_nao_suportada/SSH-Backdoor.txt,move_to_subfolder,unsupported_ds3_or_unrecognized_syntax
sd_card_content/badusb_extra_payloads/remote_access/Unix-like/Linux/directly_ready/Bruce-Scripts-Heaven_BAD/BadUSB-FalsePhilosopher/OMG/Library/remote_access/ReverseCable II/payload.txt,sd_card_content/badusb_extra_payloads/remote_access/Unix-like/Linux/directly_ready/Bruce-Scripts-Heaven_BAD/BadUSB-FalsePhilosopher/OMG/Library/remote_access/ReverseCable II/sintaxe_extra_nao_suportada/payload.txt,move_to_subfolder,unsupported_ds3_or_unrecognized_syntax
sd_card_content/badusb_extra_payloads/remote_access/Unix-like/Linux/directly_ready/Bruce-Scripts-Heaven_BAD/BadUSB-FalsePhilosopher/OMG/Library/remote_access/ReverseCable/payload.txt,sd_card_content/badusb_extra_payloads/remote_access/Unix-like/Linux/directly_ready/Bruce-Scripts-Heaven_BAD/BadUSB-FalsePhilosopher/OMG/Library/remote_access/ReverseCable/sintaxe_extra_nao_suportada/payload.txt,move_to_subfolder,unsupported_ds3_or_unrecognized_syntax
sd_card_content/badusb_extra_payloads/remote_access/Unix-like/Linux/directly_ready/Bruce-Scripts-Heaven_BAD/BadUSB-FalsePhilosopher/Ducky/USBRubberducky/remote_access/Win/Python-backdoor/1/requirements.txt,sd_card_content/badusb_extra_payloads/remote_access/Unix-like/Linux/directly_ready/Bruce-Scripts-Heaven_BAD/BadUSB-FalsePhilosopher/Ducky/USBRubberducky/remote_access/Win/Python-backdoor/1/sintaxe_extra_nao_suportada/requirements.txt,move_to_subfolder,unsupported_ds3_or_unrecognized_syntax
sd_card_content/badusb_extra_payloads/remote_access/Unix-like/Linux/directly_ready/Bruce-Scripts-Heaven_BAD/BadUSB-FalsePhilosopher/BashBunny/payloads/library/remote_access/LinuxReverseShell/payload.txt,sd_card_content/badusb_extra_payloads/remote_access/Unix-like/Linux/directly_ready/Bruce-Scripts-Heaven_BAD/BadUSB-FalsePhilosopher/BashBunny/payloads/library/remote_access/LinuxReverseShell/nao_e_duckyscript/bashbunny_syntax/payload.txt,move_to_subfolder,bashbunny_syntax
sd_card_content/badusb_extra_payloads/remote_access/Unix-like/Linux/directly_ready/Bruce-Scripts-Heaven_BAD/BadUSB-FalsePhilosopher/BashBunny/payloads/library/remote_access/LinuxPreter/payload.txt,sd_card_content/badusb_extra_payloads/remote_access/Unix-like/Linux/directly_ready/Bruce-Scripts-Heaven_BAD/BadUSB-FalsePhilosopher/BashBunny/payloads/library/remote_access/LinuxPreter/nao_e_duckyscript/bashbunny_syntax/payload.txt,move_to_subfolder,bashbunny_syntax
sd_card_content/badusb_extra_payloads/remote_access/Unix-like/Linux/directly_ready/Bruce-Scripts-Heaven_BAD/omg-payloads-master/payloads/library/remote_access/ReverseCable II/payload.txt,sd_card_content/badusb_extra_payloads/remote_access/Unix-like/Linux/directly_ready/Bruce-Scripts-Heaven_BAD/omg-payloads-master/payloads/library/remote_access/ReverseCable II/sintaxe_extra_nao_suportada/payload.txt,move_to_subfolder,unsupported_ds3_or_unrecognized_syntax
sd_card_content/badusb_extra_payloads/remote_access/Win/directly_ready/BadUsb-Library/passlessSSH.txt,sd_card_content/badusb_extra_payloads/remote_access/Win/directly_ready/BadUsb-Library/sintaxe_extra_nao_suportada/passlessSSH.txt,move_to_subfolder,unsupported_ds3_or_unrecognized_syntax
sd_card_content/badusb_extra_payloads/remote_access/Win/directly_ready/BadUsb-Library/Basic_shell.txt,sd_card_content/badusb_extra_payloads/remote_access/Win/directly_ready/BadUsb-Library/flipper_only/Basic_shell.txt,move_to_subfolder,works_only_on_flipper
sd_card_content/badusb_extra_payloads/remote_access/Win/directly_ready/BadUsb-Library/BadUSB_reverseShellInjector.txt,sd_card_content/badusb_extra_payloads/remote_access/Win/directly_ready/BadUsb-Library/sintaxe_extra_nao_suportada/BadUSB_reverseShellInjector.txt,move_to_subfolder,unsupported_ds3_or_unrecognized_syntax
sd_card_content/badusb_extra_payloads/remote_access/Win/directly_ready/Bruce-Scripts-Heaven_BAD/BadUSB-FalsePhilosopher/OMG/Library/remote_access/win_smb-backdoor/payload.txt,sd_card_content/badusb_extra_payloads/remote_access/Win/directly_ready/Bruce-Scripts-Heaven_BAD/BadUSB-FalsePhilosopher/OMG/Library/remote_access/win_smb-backdoor/sintaxe_extra_nao_suportada/payload.txt,move_to_subfolder,unsupported_ds3_or_unrecognized_syntax
sd_card_content/badusb_extra_payloads/remote_access/Win/directly_ready/Bruce-Scripts-Heaven_BAD/BadUSB-FalsePhilosopher/OMG/Library/remote_access/RemoteDeskCable/payload.txt,sd_card_content/badusb_extra_payloads/remote_access/Win/directly_ready/Bruce-Scripts-Heaven_BAD/BadUSB-FalsePhilosopher/OMG/Library/remote_access/RemoteDeskCable/sintaxe_extra_nao_suportada/payload.txt,move_to_subfolder,unsupported_ds3_or_unrecognized_syntax
sd_card_content/badusb_extra_payloads/remote_access/Win/directly_ready/Bruce-Scripts-Heaven_BAD/BadUSB-FalsePhilosopher/OMG/Library/remote_access/ReverseCableSSL/payload.txt,sd_card_content/badusb_extra_payloads/remote_access/Win/directly_ready/Bruce-Scripts-Heaven_BAD/BadUSB-FalsePhilosopher/OMG/Library/remote_access/ReverseCableSSL/sintaxe_extra_nao_suportada/payload.txt,move_to_subfolder,unsupported_ds3_or_unrecognized_syntax
sd_card_content/badusb_extra_payloads/remote_access/Win/directly_ready/Bruce-Scripts-Heaven_BAD/BadUSB-FalsePhilosopher/Ducky/Ducky-Framework/payloads/win/fastMeterpreter/fastMeterpreter.txt,sd_card_content/badusb_extra_payloads/remote_access/Win/directly_ready/Bruce-Scripts-Heaven_BAD/BadUSB-FalsePhilosopher/Ducky/Ducky-Framework/payloads/win/fastMeterpreter/sintaxe_extra_nao_suportada/fastMeterpreter.txt,move_to_subfolder,unsupported_ds3_or_unrecognized_syntax
sd_card_content/badusb_extra_payloads/remote_access/Win/directly_ready/Bruce-Scripts-Heaven_BAD/BadUSB-FalsePhilosopher/Ducky/USBRubberducky/remote_access/Win/test.txt,sd_card_content/badusb_extra_payloads/remote_access/Win/directly_ready/Bruce-Scripts-Heaven_BAD/BadUSB-FalsePhilosopher/Ducky/USBRubberducky/remote_access/Win/sintaxe_extra_nao_suportada/test.txt,move_to_subfolder,unsupported_ds3_or_unrecognized_syntax
sd_card_content/badusb_extra_payloads/remote_access/Win/directly_ready/Bruce-Scripts-Heaven_BAD/BadUSB-FalsePhilosopher/Ducky/USBRubberducky/remote_access/Win/lockpick.txt,sd_card_content/badusb_extra_payloads/remote_access/Win/directly_ready/Bruce-Scripts-Heaven_BAD/BadUSB-FalsePhilosopher/Ducky/USBRubberducky/remote_access/Win/sintaxe_extra_nao_suportada/lockpick.txt,move_to_subfolder,unsupported_ds3_or_unrecognized_syntax
sd_card_content/badusb_extra_payloads/remote_access/Win/directly_ready/Bruce-Scripts-Heaven_BAD/BadUSB-FalsePhilosopher/Ducky/USBRubberducky/remote_access/Win/Python-backdoor/1/src/submodule/wesng/requirements.txt,sd_card_content/badusb_extra_payloads/remote_access/Win/directly_ready/Bruce-Scripts-Heaven_BAD/BadUSB-FalsePhilosopher/Ducky/USBRubberducky/remote_access/Win/Python-backdoor/1/src/submodule/wesng/sintaxe_extra_nao_suportada/requirements.txt,move_to_subfolder,unsupported_ds3_or_unrecognized_syntax
sd_card_content/badusb_extra_payloads/remote_access/Win/directly_ready/Bruce-Scripts-Heaven_BAD/BadUSB-FalsePhilosopher/BashBunny/payloads/library/execution/Metasploit-Autopwn/payload.txt,sd_card_content/badusb_extra_payloads/remote_access/Win/directly_ready/Bruce-Scripts-Heaven_BAD/BadUSB-FalsePhilosopher/BashBunny/payloads/library/execution/Metasploit-Autopwn/nao_e_duckyscript/bashbunny_syntax/payload.txt,move_to_subfolder,bashbunny_syntax
sd_card_content/badusb_extra_payloads/remote_access/Win/directly_ready/Bruce-Scripts-Heaven_BAD/BadUSB-FalsePhilosopher/BashBunny/payloads/library/remote_access/RDP-Enable/payload.txt,sd_card_content/badusb_extra_payloads/remote_access/Win/directly_ready/Bruce-Scripts-Heaven_BAD/BadUSB-FalsePhilosopher/BashBunny/payloads/library/remote_access/RDP-Enable/nao_e_duckyscript/bashbunny_syntax/payload.txt,move_to_subfolder,bashbunny_syntax
sd_card_content/badusb_extra_payloads/remote_access/Win/directly_ready/Bruce-Scripts-Heaven_BAD/BadUSB-FalsePhilosopher/BashBunny/payloads/library/remote_access/win_smb-backdoor/payload.txt,sd_card_content/badusb_extra_payloads/remote_access/Win/directly_ready/Bruce-Scripts-Heaven_BAD/BadUSB-FalsePhilosopher/BashBunny/payloads/library/remote_access/win_smb-backdoor/nao_e_duckyscript/bashbunny_syntax/payload.txt,move_to_subfolder,bashbunny_syntax
sd_card_content/badusb_extra_payloads/remote_access/Win/directly_ready/Bruce-Scripts-Heaven_BAD/BadUSB-FalsePhilosopher/BashBunny/payloads/library/remote_access/ReverseBunny/payload.txt,sd_card_content/badusb_extra_payloads/remote_access/Win/directly_ready/Bruce-Scripts-Heaven_BAD/BadUSB-FalsePhilosopher/BashBunny/payloads/library/remote_access/ReverseBunny/nao_e_duckyscript/bashbunny_syntax/payload.txt,move_to_subfolder,bashbunny_syntax
sd_card_content/badusb_extra_payloads/remote_access/Win/directly_ready/Bruce-Scripts-Heaven_BAD/BadUSB-FalsePhilosopher/BashBunny/payloads/library/remote_access/PingZhellBunny/payload.txt,sd_card_content/badusb_extra_payloads/remote_access/Win/directly_ready/Bruce-Scripts-Heaven_BAD/BadUSB-FalsePhilosopher/BashBunny/payloads/library/remote_access/PingZhellBunny/nao_e_duckyscript/bashbunny_syntax/payload.txt,move_to_subfolder,bashbunny_syntax
sd_card_content/badusb_extra_payloads/remote_access/Win/directly_ready/Bruce-Scripts-Heaven_BAD/BadUSB-FalsePhilosopher/BashBunny/payloads/library/remote_access/RAZ_ReverseShell/payload.txt,sd_card_content/badusb_extra_payloads/remote_access/Win/directly_ready/Bruce-Scripts-Heaven_BAD/BadUSB-FalsePhilosopher/BashBunny/payloads/library/remote_access/RAZ_ReverseShell/nao_e_duckyscript/bashbunny_syntax/payload.txt,move_to_subfolder,bashbunny_syntax
sd_card_content/badusb_extra_payloads/remote_access/Win/directly_ready/Bruce-Scripts-Heaven_BAD/BadUSB-FalsePhilosopher/BashBunny/payloads/library/remote_access/Unicorn_PowerShell_Injection/payload.txt,sd_card_content/badusb_extra_payloads/remote_access/Win/directly_ready/Bruce-Scripts-Heaven_BAD/BadUSB-FalsePhilosopher/BashBunny/payloads/library/remote_access/Unicorn_PowerShell_Injection/nao_e_duckyscript/bashbunny_syntax/payload.txt,move_to_subfolder,bashbunny_syntax
sd_card_content/badusb_extra_payloads/remote_access/Win/directly_ready/Bruce-Scripts-Heaven_BAD/BadUSB-FalsePhilosopher/BashBunny/payloads/library/remote_access/ReverseBunnySSL/payload.txt,sd_card_content/badusb_extra_payloads/remote_access/Win/directly_ready/Bruce-Scripts-Heaven_BAD/BadUSB-FalsePhilosopher/BashBunny/payloads/library/remote_access/ReverseBunnySSL/nao_e_duckyscript/bashbunny_syntax/payload.txt,move_to_subfolder,bashbunny_syntax
sd_card_content/badusb_extra_payloads/remote_access/Win/directly_ready/Bruce-Scripts-Heaven_BAD/BadUSB-FalsePhilosopher/BashBunny/payloads/library/remote_access/NothingLess/payload.txt,sd_card_content/badusb_extra_payloads/remote_access/Win/directly_ready/Bruce-Scripts-Heaven_BAD/BadUSB-FalsePhilosopher/BashBunny/payloads/library/remote_access/NothingLess/nao_e_duckyscript/bashbunny_syntax/payload.txt,move_to_subfolder,bashbunny_syntax
sd_card_content/badusb_extra_payloads/remote_access/Win/directly_ready/Bruce-Scripts-Heaven_BAD/BadUSB-FalsePhilosopher/BashBunny/payloads/library/remote_access/WindowsMeterpreterStaged/sc.txt,sd_card_content/badusb_extra_payloads/remote_access/Win/directly_ready/Bruce-Scripts-Heaven_BAD/BadUSB-FalsePhilosopher/BashBunny/payloads/library/remote_access/WindowsMeterpreterStaged/sintaxe_extra_nao_suportada/sc.txt,move_to_subfolder,unsupported_ds3_or_unrecognized_syntax
sd_card_content/badusb_extra_payloads/remote_access/Win/directly_ready/Bruce-Scripts-Heaven_BAD/BadUSB-FalsePhilosopher/BashBunny/payloads/library/remote_access/WindowsMeterpreterStaged/payload.txt,sd_card_content/badusb_extra_payloads/remote_access/Win/directly_ready/Bruce-Scripts-Heaven_BAD/BadUSB-FalsePhilosopher/BashBunny/payloads/library/remote_access/WindowsMeterpreterStaged/nao_e_duckyscript/bashbunny_syntax/payload.txt,move_to_subfolder,bashbunny_syntax
sd_card_content/badusb_extra_payloads/remote_access/Win/directly_ready/Bruce-Scripts-Heaven_BAD/BadUSB-FalsePhilosopher/BashBunny/payloads/library/remote_access/win_winrm-backdoor/payload.txt,sd_card_content/badusb_extra_payloads/remote_access/Win/directly_ready/Bruce-Scripts-Heaven_BAD/BadUSB-FalsePhilosopher/BashBunny/payloads/library/remote_access/win_winrm-backdoor/nao_e_duckyscript/bashbunny_syntax/payload.txt,move_to_subfolder,bashbunny_syntax
sd_card_content/badusb_extra_payloads/remote_access/Win/directly_ready/Bruce-Scripts-Heaven_BAD/BadUSB-FalsePhilosopher/BashBunny/payloads/library/remote_access/UndercoverBunny/payload.txt,sd_card_content/badusb_extra_payloads/remote_access/Win/directly_ready/Bruce-Scripts-Heaven_BAD/BadUSB-FalsePhilosopher/BashBunny/payloads/library/remote_access/UndercoverBunny/nao_e_duckyscript/bashbunny_syntax/payload.txt,move_to_subfolder,bashbunny_syntax
sd_card_content/badusb_extra_payloads/remote_access/Win/directly_ready/Bruce-Scripts-Heaven_BAD/BadUSB-FalsePhilosopher/BashBunny/payloads/library/remote_access/persistentReverseBunny/payload.txt,sd_card_content/badusb_extra_payloads/remote_access/Win/directly_ready/Bruce-Scripts-Heaven_BAD/BadUSB-FalsePhilosopher/BashBunny/payloads/library/remote_access/persistentReverseBunny/nao_e_duckyscript/bashbunny_syntax/payload.txt,move_to_subfolder,bashbunny_syntax
sd_card_content/badusb_extra_payloads/remote_access/Win/directly_ready/Bruce-Scripts-Heaven_BAD/BadUSB-FalsePhilosopher/BashBunny/payloads/library/remote_access/WindowsPersistentReverseShell/payload.txt,sd_card_content/badusb_extra_payloads/remote_access/Win/directly_ready/Bruce-Scripts-Heaven_BAD/BadUSB-FalsePhilosopher/BashBunny/payloads/library/remote_access/WindowsPersistentReverseShell/nao_e_duckyscript/bashbunny_syntax/payload.txt,move_to_subfolder,bashbunny_syntax
sd_card_content/badusb_extra_payloads/remote_access/Win/directly_ready/Bruce-Scripts-Heaven_BAD/BadUSB-FalsePhilosopher/BashBunny/payloads/library/remote_access/SingleSecondShell/payload.txt,sd_card_content/badusb_extra_payloads/remote_access/Win/directly_ready/Bruce-Scripts-Heaven_BAD/BadUSB-FalsePhilosopher/BashBunny/payloads/library/remote_access/SingleSecondShell/nao_e_duckyscript/bashbunny_syntax/payload.txt,move_to_subfolder,bashbunny_syntax
sd_card_content/badusb_extra_payloads/remote_access/Win/directly_ready/Bruce-Scripts-Heaven_BAD/BadUSB-FalsePhilosopher/BashBunny/payloads/library/remote_access/USB_Intruder/payload.txt,sd_card_content/badusb_extra_payloads/remote_access/Win/directly_ready/Bruce-Scripts-Heaven_BAD/BadUSB-FalsePhilosopher/BashBunny/payloads/library/remote_access/USB_Intruder/nao_e_duckyscript/bashbunny_syntax/payload.txt,move_to_subfolder,bashbunny_syntax
sd_card_content/badusb_extra_payloads/remote_access/Win/directly_ready/Bruce-Scripts-Heaven_BAD/BadUSB-FalsePhilosopher/Misc/Cheat_Sheets/PayloadsAllTheThings/API Key Leaks/Files/MachineKeys.txt,sd_card_content/badusb_extra_payloads/remote_access/Win/directly_ready/Bruce-Scripts-Heaven_BAD/BadUSB-FalsePhilosopher/Misc/Cheat_Sheets/PayloadsAllTheThings/API Key Leaks/Files/nao_e_duckyscript/reference_material_not_payload/MachineKeys.txt,move_to_subfolder,reference_material_not_payload
sd_card_content/badusb_extra_payloads/remote_access/Win/directly_ready/Bruce-Scripts-Heaven_BAD/BadUSB-FalsePhilosopher/Misc/Cheat_Sheets/PayloadsAllTheThings/Command Injection/Intruder/command_exec.txt,sd_card_content/badusb_extra_payloads/remote_access/Win/directly_ready/Bruce-Scripts-Heaven_BAD/BadUSB-FalsePhilosopher/Misc/Cheat_Sheets/PayloadsAllTheThings/Command Injection/Intruder/nao_e_duckyscript/reference_material_not_payload/command_exec.txt,move_to_subfolder,reference_material_not_payload
sd_card_content/badusb_extra_payloads/remote_access/Win/directly_ready/Bruce-Scripts-Heaven_BAD/ReverseShell/shelly.txt,sd_card_content/badusb_extra_payloads/remote_access/Win/directly_ready/Bruce-Scripts-Heaven_BAD/ReverseShell/sintaxe_extra_nao_suportada/shelly.txt,move_to_subfolder,unsupported_ds3_or_unrecognized_syntax
sd_card_content/badusb_extra_payloads/remote_access/Win/directly_ready/Bruce-Scripts-Heaven_BAD/omg-payloads-master/payloads/library/execution/C2-Payload-Loader/Bootstrap-pLoader.txt,sd_card_content/badusb_extra_payloads/remote_access/Win/directly_ready/Bruce-Scripts-Heaven_BAD/omg-payloads-master/payloads/library/execution/C2-Payload-Loader/sintaxe_extra_nao_suportada/Bootstrap-pLoader.txt,move_to_subfolder,unsupported_ds3_or_unrecognized_syntax
sd_card_content/badusb_extra_payloads/remote_access/Win/directly_ready/Bruce-Scripts-Heaven_BAD/omg-payloads-master/payloads/library/execution/C2-Payload-Loader/C2-pLoader.txt,sd_card_content/badusb_extra_payloads/remote_access/Win/directly_ready/Bruce-Scripts-Heaven_BAD/omg-payloads-master/payloads/library/execution/C2-Payload-Loader/sintaxe_extra_nao_suportada/C2-pLoader.txt,move_to_subfolder,unsupported_ds3_or_unrecognized_syntax
sd_card_content/badusb_extra_payloads/remote_access/Win/directly_ready/Bruce-Scripts-Heaven_BAD/omg-payloads-master/payloads/library/exfiltration/c2-data-exfil-discord/c2-data-exfil-discord.txt,sd_card_content/badusb_extra_payloads/remote_access/Win/directly_ready/Bruce-Scripts-Heaven_BAD/omg-payloads-master/payloads/library/exfiltration/c2-data-exfil-discord/sintaxe_extra_nao_suportada/c2-data-exfil-discord.txt,move_to_subfolder,unsupported_ds3_or_unrecognized_syntax
sd_card_content/badusb_extra_payloads/remote_access/Win/directly_ready/Bruce-Scripts-Heaven_BAD/omg-payloads-master/payloads/library/remote_access/PingZhellCable/payload.txt,sd_card_content/badusb_extra_payloads/remote_access/Win/directly_ready/Bruce-Scripts-Heaven_BAD/omg-payloads-master/payloads/library/remote_access/PingZhellCable/sintaxe_extra_nao_suportada/payload.txt,move_to_subfolder,unsupported_ds3_or_unrecognized_syntax
sd_card_content/badusb_extra_payloads/remote_access/Win/directly_ready/Bruce-Scripts-Heaven_BAD/omg-payloads-master/payloads/library/remote_access/win_winrm-backdoor/payload.txt,sd_card_content/badusb_extra_payloads/remote_access/Win/directly_ready/Bruce-Scripts-Heaven_BAD/omg-payloads-master/payloads/library/remote_access/win_winrm-backdoor/sintaxe_extra_nao_suportada/payload.txt,move_to_subfolder,unsupported_ds3_or_unrecognized_syntax
sd_card_content/badusb_extra_payloads/remote_access/Win/configuration_needed/BadUsb-Library/bella-ducky.txt,sd_card_content/badusb_extra_payloads/remote_access/Win/configuration_needed/BadUsb-Library/sintaxe_extra_nao_suportada/bella-ducky.txt,move_to_subfolder,unsupported_ds3_or_unrecognized_syntax
sd_card_content/badusb_extra_payloads/remote_access/Android/directly_ready/Bruce-Scripts-Heaven_BAD/BadUSB-FalsePhilosopher/BashBunny/payloads/library/mobile/android/fireytv/payload.txt,sd_card_content/badusb_extra_payloads/remote_access/Android/directly_ready/Bruce-Scripts-Heaven_BAD/BadUSB-FalsePhilosopher/BashBunny/payloads/library/mobile/android/fireytv/nao_e_duckyscript/bashbunny_syntax/payload.txt,move_to_subfolder,bashbunny_syntax
sd_card_content/badusb_extra_payloads/remote_access/Android/configuration_needed/Bruce-Scripts-Heaven_BAD/BadUSB-FalsePhilosopher/Misc/Cheat_Sheets/PayloadsAllTheThings/Insecure Source Code Management/Files/github-dorks.txt,sd_card_content/badusb_extra_payloads/remote_access/Android/configuration_needed/Bruce-Scripts-Heaven_BAD/BadUSB-FalsePhilosopher/Misc/Cheat_Sheets/PayloadsAllTheThings/Insecure Source Code Management/Files/nao_e_duckyscript/reference_material_not_payload/github-dorks.txt,move_to_subfolder,reference_material_not_payload
sd_card_content/badusb_extra_payloads/remote_access/iOS/directly_ready/Bruce-Scripts-Heaven_BAD/BadUSB-FalsePhilosopher/Misc/Cheat_Sheets/Big-list-of-naughty-strings/blns.base64.txt,sd_card_content/badusb_extra_payloads/remote_access/iOS/directly_ready/Bruce-Scripts-Heaven_BAD/BadUSB-FalsePhilosopher/Misc/Cheat_Sheets/Big-list-of-naughty-strings/sintaxe_extra_nao_suportada/blns.base64.txt,move_to_subfolder,unsupported_ds3_or_unrecognized_syntax
sd_card_content/badusb_extra_payloads/remote_access/iOS/directly_ready/Bruce-Scripts-Heaven_BAD/BadUSB-FalsePhilosopher/Misc/Cheat_Sheets/Big-list-of-naughty-strings/blns.txt,sd_card_content/badusb_extra_payloads/remote_access/iOS/directly_ready/Bruce-Scripts-Heaven_BAD/BadUSB-FalsePhilosopher/Misc/Cheat_Sheets/Big-list-of-naughty-strings/sintaxe_extra_nao_suportada/blns.txt,move_to_subfolder,unsupported_ds3_or_unrecognized_syntax
sd_card_content/badusb_extra_payloads/remote_access/iOS/directly_ready/Bruce-Scripts-Heaven_BAD/BadUSB-FalsePhilosopher/Misc/Scripting/PS/PSBits/LoLBIN/somebinarystuff.txt,sd_card_content/badusb_extra_payloads/remote_access/iOS/directly_ready/Bruce-Scripts-Heaven_BAD/BadUSB-FalsePhilosopher/Misc/Scripting/PS/PSBits/LoLBIN/sintaxe_extra_nao_suportada/somebinarystuff.txt,move_to_subfolder,unsupported_ds3_or_unrecognized_syntax
sd_card_content/badusb_extra_payloads/prank/Unix-like/macOS/directly_ready/BadUsb-Library/remap.ass.txt,sd_card_content/badusb_extra_payloads/prank/Unix-like/macOS/directly_ready/BadUsb-Library/remap.ass.txt,edit_in_place,hash_comment_to_REM
sd_card_content/badusb_extra_payloads/prank/Unix-like/macOS/directly_ready/BadUsb-Library/Mouse-Jiggler.txt,sd_card_content/badusb_extra_payloads/prank/Unix-like/macOS/directly_ready/BadUsb-Library/sintaxe_extra_nao_suportada/Mouse-Jiggler.txt,move_to_subfolder,unsupported_ds3_or_unrecognized_syntax
sd_card_content/badusb_extra_payloads/prank/Unix-like/macOS/directly_ready/BadUsb-Library/RickRollMac.txt,sd_card_content/badusb_extra_payloads/prank/Unix-like/macOS/directly_ready/BadUsb-Library/sintaxe_extra_nao_suportada/RickRollMac.txt,move_to_subfolder,unsupported_ds3_or_unrecognized_syntax
sd_card_content/badusb_extra_payloads/prank/Unix-like/macOS/directly_ready/Bruce-Scripts-Heaven_BAD/OSX_Rickroll.txt,sd_card_content/badusb_extra_payloads/prank/Unix-like/macOS/directly_ready/Bruce-Scripts-Heaven_BAD/sintaxe_extra_nao_suportada/OSX_Rickroll.txt,move_to_subfolder,unsupported_ds3_or_unrecognized_syntax
sd_card_content/badusb_extra_payloads/prank/Unix-like/macOS/directly_ready/Bruce-Scripts-Heaven_BAD/MacOS-narstybits/Pranks/Thomas The Train.txt,sd_card_content/badusb_extra_payloads/prank/Unix-like/macOS/directly_ready/Bruce-Scripts-Heaven_BAD/MacOS-narstybits/Pranks/flipper_only/Thomas The Train.txt,move_to_subfolder,works_only_on_flipper
sd_card_content/badusb_extra_payloads/prank/Unix-like/macOS/directly_ready/Bruce-Scripts-Heaven_BAD/MacOS-narstybits/Pranks/Hacker Typer Minecraft.txt,sd_card_content/badusb_extra_payloads/prank/Unix-like/macOS/directly_ready/Bruce-Scripts-Heaven_BAD/MacOS-narstybits/Pranks/flipper_only/Hacker Typer Minecraft.txt,move_to_subfolder,works_only_on_flipper
sd_card_content/badusb_extra_payloads/prank/Unix-like/macOS/directly_ready/Bruce-Scripts-Heaven_BAD/MacOS-narstybits/Pranks/MacWildRideV2.txt,sd_card_content/badusb_extra_payloads/prank/Unix-like/macOS/directly_ready/Bruce-Scripts-Heaven_BAD/MacOS-narstybits/Pranks/flipper_only/MacWildRideV2.txt,move_to_subfolder,works_only_on_flipper
sd_card_content/badusb_extra_payloads/prank/Unix-like/macOS/directly_ready/Bruce-Scripts-Heaven_BAD/MacOS-narstybits/Pranks/Hacker Typer F Society.txt,sd_card_content/badusb_extra_payloads/prank/Unix-like/macOS/directly_ready/Bruce-Scripts-Heaven_BAD/MacOS-narstybits/Pranks/flipper_only/Hacker Typer F Society.txt,move_to_subfolder,works_only_on_flipper
sd_card_content/badusb_extra_payloads/prank/Unix-like/macOS/directly_ready/Bruce-Scripts-Heaven_BAD/MacOS-narstybits/Pranks/Hacker Typer Blue.txt,sd_card_content/badusb_extra_payloads/prank/Unix-like/macOS/directly_ready/Bruce-Scripts-Heaven_BAD/MacOS-narstybits/Pranks/flipper_only/Hacker Typer Blue.txt,move_to_subfolder,works_only_on_flipper
sd_card_content/badusb_extra_payloads/prank/Unix-like/macOS/directly_ready/Bruce-Scripts-Heaven_BAD/MacOS-narstybits/Pranks/RIckRoll.txt,sd_card_content/badusb_extra_payloads/prank/Unix-like/macOS/directly_ready/Bruce-Scripts-Heaven_BAD/MacOS-narstybits/Pranks/flipper_only/RIckRoll.txt,move_to_subfolder,works_only_on_flipper
sd_card_content/badusb_extra_payloads/prank/Unix-like/macOS/directly_ready/Bruce-Scripts-Heaven_BAD/MacOS-narstybits/Pranks/Hacker Typer NASA.txt,sd_card_content/badusb_extra_payloads/prank/Unix-like/macOS/directly_ready/Bruce-Scripts-Heaven_BAD/MacOS-narstybits/Pranks/flipper_only/Hacker Typer NASA.txt,move_to_subfolder,works_only_on_flipper
sd_card_content/badusb_extra_payloads/prank/Unix-like/macOS/directly_ready/Bruce-Scripts-Heaven_BAD/MacOS-narstybits/Pranks/pipeseroni.txt,sd_card_content/badusb_extra_payloads/prank/Unix-like/macOS/directly_ready/Bruce-Scripts-Heaven_BAD/MacOS-narstybits/Pranks/flipper_only/pipeseroni.txt,move_to_subfolder,works_only_on_flipper
sd_card_content/badusb_extra_payloads/prank/Unix-like/macOS/directly_ready/Bruce-Scripts-Heaven_BAD/MacOS-narstybits/Pranks/Cat Flickering Terminal.txt,sd_card_content/badusb_extra_payloads/prank/Unix-like/macOS/directly_ready/Bruce-Scripts-Heaven_BAD/MacOS-narstybits/Pranks/flipper_only/Cat Flickering Terminal.txt,move_to_subfolder,works_only_on_flipper
sd_card_content/badusb_extra_payloads/prank/Unix-like/macOS/directly_ready/Bruce-Scripts-Heaven_BAD/MacOS-narstybits/Pranks/Hacker Typer Tegnio.txt,sd_card_content/badusb_extra_payloads/prank/Unix-like/macOS/directly_ready/Bruce-Scripts-Heaven_BAD/MacOS-narstybits/Pranks/flipper_only/Hacker Typer Tegnio.txt,move_to_subfolder,works_only_on_flipper
sd_card_content/badusb_extra_payloads/prank/Unix-like/macOS/directly_ready/Bruce-Scripts-Heaven_BAD/MacOS-narstybits/Pranks/Random Noises.txt,sd_card_content/badusb_extra_payloads/prank/Unix-like/macOS/directly_ready/Bruce-Scripts-Heaven_BAD/MacOS-narstybits/Pranks/flipper_only/Random Noises.txt,move_to_subfolder,works_only_on_flipper
sd_card_content/badusb_extra_payloads/prank/Unix-like/macOS/directly_ready/Bruce-Scripts-Heaven_BAD/MacOS-narstybits/Pranks/JasonBourneMessage Hack.txt,sd_card_content/badusb_extra_payloads/prank/Unix-like/macOS/directly_ready/Bruce-Scripts-Heaven_BAD/MacOS-narstybits/Pranks/flipper_only/JasonBourneMessage Hack.txt,move_to_subfolder,works_only_on_flipper
sd_card_content/badusb_extra_payloads/prank/Unix-like/macOS/directly_ready/Bruce-Scripts-Heaven_BAD/MacOS-narstybits/Pranks/Hacke3 Typer.txt,sd_card_content/badusb_extra_payloads/prank/Unix-like/macOS/directly_ready/Bruce-Scripts-Heaven_BAD/MacOS-narstybits/Pranks/flipper_only/Hacke3 Typer.txt,move_to_subfolder,works_only_on_flipper
sd_card_content/badusb_extra_payloads/prank/Unix-like/macOS/directly_ready/Bruce-Scripts-Heaven_BAD/MacOS-narstybits/Pranks/colorful Date and time display.txt,sd_card_content/badusb_extra_payloads/prank/Unix-like/macOS/directly_ready/Bruce-Scripts-Heaven_BAD/MacOS-narstybits/Pranks/flipper_only/colorful Date and time display.txt,move_to_subfolder,works_only_on_flipper
sd_card_content/badusb_extra_payloads/prank/Unix-like/macOS/directly_ready/Bruce-Scripts-Heaven_BAD/MacOS-narstybits/Pranks/ASCII Aquarium.txt,sd_card_content/badusb_extra_payloads/prank/Unix-like/macOS/directly_ready/Bruce-Scripts-Heaven_BAD/MacOS-narstybits/Pranks/flipper_only/ASCII Aquarium.txt,move_to_subfolder,works_only_on_flipper
sd_card_content/badusb_extra_payloads/prank/Unix-like/macOS/directly_ready/Bruce-Scripts-Heaven_BAD/MacOS-narstybits/Pranks/Rainbow Matrix.txt,sd_card_content/badusb_extra_payloads/prank/Unix-like/macOS/directly_ready/Bruce-Scripts-Heaven_BAD/MacOS-narstybits/Pranks/flipper_only/Rainbow Matrix.txt,move_to_subfolder,works_only_on_flipper
sd_card_content/badusb_extra_payloads/prank/Unix-like/macOS/directly_ready/Bruce-Scripts-Heaven_BAD/MacOS-narstybits/Pranks/Terminal Tetris.txt,sd_card_content/badusb_extra_payloads/prank/Unix-like/macOS/directly_ready/Bruce-Scripts-Heaven_BAD/MacOS-narstybits/Pranks/flipper_only/Terminal Tetris.txt,move_to_subfolder,works_only_on_flipper
sd_card_content/badusb_extra_payloads/prank/Unix-like/macOS/directly_ready/Bruce-Scripts-Heaven_BAD/MacOS-narstybits/Pranks/Hacker Typer Umbrella.txt,sd_card_content/badusb_extra_payloads/prank/Unix-like/macOS/directly_ready/Bruce-Scripts-Heaven_BAD/MacOS-narstybits/Pranks/flipper_only/Hacker Typer Umbrella.txt,move_to_subfolder,works_only_on_flipper
sd_card_content/badusb_extra_payloads/prank/Unix-like/macOS/directly_ready/Bruce-Scripts-Heaven_BAD/BadUSB-FalsePhilosopher/OMG/Library/prank/OMG-TTS-MacOS.txt,sd_card_content/badusb_extra_payloads/prank/Unix-like/macOS/directly_ready/Bruce-Scripts-Heaven_BAD/BadUSB-FalsePhilosopher/OMG/Library/prank/sintaxe_extra_nao_suportada/OMG-TTS-MacOS.txt,move_to_subfolder,unsupported_ds3_or_unrecognized_syntax
sd_card_content/badusb_extra_payloads/prank/Unix-like/macOS/directly_ready/Bruce-Scripts-Heaven_BAD/BadUSB-FalsePhilosopher/WHID/Library/Unix like/osx/rickrollosx-rickroll-ducky-payload.txt,sd_card_content/badusb_extra_payloads/prank/Unix-like/macOS/directly_ready/Bruce-Scripts-Heaven_BAD/BadUSB-FalsePhilosopher/WHID/Library/Unix like/osx/nao_e_duckyscript/whid_injector_syntax/rickrollosx-rickroll-ducky-payload.txt,move_to_subfolder,whid_injector_syntax
sd_card_content/badusb_extra_payloads/prank/Unix-like/macOS/directly_ready/Bruce-Scripts-Heaven_BAD/BadUSB-FalsePhilosopher/Malduino/Library/MACos_Malduino/Library/windowsJoke.txt,sd_card_content/badusb_extra_payloads/prank/Unix-like/macOS/directly_ready/Bruce-Scripts-Heaven_BAD/BadUSB-FalsePhilosopher/Malduino/Library/MACos_Malduino/Library/sintaxe_extra_nao_suportada/windowsJoke.txt,move_to_subfolder,unsupported_ds3_or_unrecognized_syntax
sd_card_content/badusb_extra_payloads/prank/Unix-like/macOS/directly_ready/Bruce-Scripts-Heaven_BAD/BadUSB-FalsePhilosopher/Ducky/USBRubberducky/library/prank/Unix-like/Osx/zipbomb/quack.txt,sd_card_content/badusb_extra_payloads/prank/Unix-like/macOS/directly_ready/Bruce-Scripts-Heaven_BAD/BadUSB-FalsePhilosopher/Ducky/USBRubberducky/library/prank/Unix-like/Osx/zipbomb/sintaxe_extra_nao_suportada/quack.txt,move_to_subfolder,unsupported_ds3_or_unrecognized_syntax
sd_card_content/badusb_extra_payloads/prank/Unix-like/macOS/directly_ready/Bruce-Scripts-Heaven_BAD/BadUSB-FalsePhilosopher/BashBunny/payloads/library/prank/macDesktop/payload.txt,sd_card_content/badusb_extra_payloads/prank/Unix-like/macOS/directly_ready/Bruce-Scripts-Heaven_BAD/BadUSB-FalsePhilosopher/BashBunny/payloads/library/prank/macDesktop/nao_e_duckyscript/bashbunny_syntax/payload.txt,move_to_subfolder,bashbunny_syntax
sd_card_content/badusb_extra_payloads/prank/Unix-like/macOS/directly_ready/Bruce-Scripts-Heaven_BAD/BadUSB-FalsePhilosopher/BashBunny/payloads/library/prank/ncage/payload.txt,sd_card_content/badusb_extra_payloads/prank/Unix-like/macOS/directly_ready/Bruce-Scripts-Heaven_BAD/BadUSB-FalsePhilosopher/BashBunny/payloads/library/prank/ncage/nao_e_duckyscript/bashbunny_syntax/payload.txt,move_to_subfolder,bashbunny_syntax
sd_card_content/badusb_extra_payloads/prank/Unix-like/macOS/directly_ready/Bruce-Scripts-Heaven_BAD/BadUSB-FalsePhilosopher/BashBunny/payloads/library/prank/win93/payload.txt,sd_card_content/badusb_extra_payloads/prank/Unix-like/macOS/directly_ready/Bruce-Scripts-Heaven_BAD/BadUSB-FalsePhilosopher/BashBunny/payloads/library/prank/win93/nao_e_duckyscript/bashbunny_syntax/payload.txt,move_to_subfolder,bashbunny_syntax
sd_card_content/badusb_extra_payloads/prank/Unix-like/macOS/directly_ready/Bruce-Scripts-Heaven_BAD/BadUSB-FalsePhilosopher/BashBunny/payloads/library/prank/lockpc/payload.txt,sd_card_content/badusb_extra_payloads/prank/Unix-like/macOS/directly_ready/Bruce-Scripts-Heaven_BAD/BadUSB-FalsePhilosopher/BashBunny/payloads/library/prank/lockpc/nao_e_duckyscript/bashbunny_syntax/payload.txt,move_to_subfolder,bashbunny_syntax
sd_card_content/badusb_extra_payloads/prank/Unix-like/macOS/directly_ready/Bruce-Scripts-Heaven_BAD/BadUSB-FalsePhilosopher/BashBunny/payloads/library/prank/cross_platform_lockout/payload.txt,sd_card_content/badusb_extra_payloads/prank/Unix-like/macOS/directly_ready/Bruce-Scripts-Heaven_BAD/BadUSB-FalsePhilosopher/BashBunny/payloads/library/prank/cross_platform_lockout/nao_e_duckyscript/bashbunny_syntax/payload.txt,move_to_subfolder,bashbunny_syntax
sd_card_content/badusb_extra_payloads/prank/Unix-like/macOS/directly_ready/Bruce-Scripts-Heaven_BAD/Set_VSCode_theme_light/payload.txt,sd_card_content/badusb_extra_payloads/prank/Unix-like/macOS/directly_ready/Bruce-Scripts-Heaven_BAD/Set_VSCode_theme_light/nao_e_duckyscript/bashbunny_syntax/payload.txt,move_to_subfolder,bashbunny_syntax
sd_card_content/badusb_extra_payloads/prank/Unix-like/macOS/directly_ready/Bruce-Scripts-Heaven_BAD/macOS_rickroll/payload.txt,sd_card_content/badusb_extra_payloads/prank/Unix-like/macOS/directly_ready/Bruce-Scripts-Heaven_BAD/macOS_rickroll/sintaxe_extra_nao_suportada/payload.txt,move_to_subfolder,unsupported_ds3_or_unrecognized_syntax
sd_card_content/badusb_extra_payloads/prank/Unix-like/macOS/directly_ready/Bruce-Scripts-Heaven_BAD/Windows_MacOS_ascii-live_CMD_Rickroll/MacOS Terminal Rickroll.txt,sd_card_content/badusb_extra_payloads/prank/Unix-like/macOS/directly_ready/Bruce-Scripts-Heaven_BAD/Windows_MacOS_ascii-live_CMD_Rickroll/flipper_only/MacOS Terminal Rickroll.txt,move_to_subfolder,works_only_on_flipper
sd_card_content/badusb_extra_payloads/prank/Unix-like/macOS/directly_ready/Bruce-Scripts-Heaven_BAD/prank/Unix-like/OSx/SayPoop/quack.txt,sd_card_content/badusb_extra_payloads/prank/Unix-like/macOS/directly_ready/Bruce-Scripts-Heaven_BAD/prank/Unix-like/OSx/SayPoop/sintaxe_extra_nao_suportada/quack.txt,move_to_subfolder,unsupported_ds3_or_unrecognized_syntax
sd_card_content/badusb_extra_payloads/prank/Unix-like/macOS/directly_ready/Bruce-Scripts-Heaven_BAD/prank/Unix-like/OSx/Hacker_Typer/Apple.txt,sd_card_content/badusb_extra_payloads/prank/Unix-like/macOS/directly_ready/Bruce-Scripts-Heaven_BAD/prank/Unix-like/OSx/Hacker_Typer/sintaxe_extra_nao_suportada/Apple.txt,move_to_subfolder,unsupported_ds3_or_unrecognized_syntax
sd_card_content/badusb_extra_payloads/prank/Unix-like/macOS/directly_ready/Bruce-Scripts-Heaven_BAD/prank/Unix-like/OSx/Anti-Browser/Fuck_your_tabs.txt,sd_card_content/badusb_extra_payloads/prank/Unix-like/macOS/directly_ready/Bruce-Scripts-Heaven_BAD/prank/Unix-like/OSx/Anti-Browser/sintaxe_extra_nao_suportada/Fuck_your_tabs.txt,move_to_subfolder,unsupported_ds3_or_unrecognized_syntax
sd_card_content/badusb_extra_payloads/prank/Unix-like/macOS/directly_ready/Bruce-Scripts-Heaven_BAD/prank/Unix-like/OSx/Anti-Browser/Fuck_your_tabs+startup.txt,sd_card_content/badusb_extra_payloads/prank/Unix-like/macOS/directly_ready/Bruce-Scripts-Heaven_BAD/prank/Unix-like/OSx/Anti-Browser/sintaxe_extra_nao_suportada/Fuck_your_tabs+startup.txt,move_to_subfolder,unsupported_ds3_or_unrecognized_syntax
sd_card_content/badusb_extra_payloads/prank/Unix-like/macOS/directly_ready/Bruce-Scripts-Heaven_BAD/prank/Unix-like/OSx/Anti-Browser/Efftabsbasic.txt,sd_card_content/badusb_extra_payloads/prank/Unix-like/macOS/directly_ready/Bruce-Scripts-Heaven_BAD/prank/Unix-like/OSx/Anti-Browser/sintaxe_extra_nao_suportada/Efftabsbasic.txt,move_to_subfolder,unsupported_ds3_or_unrecognized_syntax
sd_card_content/badusb_extra_payloads/prank/Unix-like/macOS/directly_ready/Bruce-Scripts-Heaven_BAD/prank/Unix-like/OSx/Anti-Browser/Fuck_your_tabs+ALTF4.txt,sd_card_content/badusb_extra_payloads/prank/Unix-like/macOS/directly_ready/Bruce-Scripts-Heaven_BAD/prank/Unix-like/OSx/Anti-Browser/sintaxe_extra_nao_suportada/Fuck_your_tabs+ALTF4.txt,move_to_subfolder,unsupported_ds3_or_unrecognized_syntax
sd_card_content/badusb_extra_payloads/prank/Unix-like/macOS/directly_ready/Bruce-Scripts-Heaven_BAD/prank/Unix-like/OSx/Anti-Browser/Fuck_your_tabs+ALTF4+Startup.txt,sd_card_content/badusb_extra_payloads/prank/Unix-like/macOS/directly_ready/Bruce-Scripts-Heaven_BAD/prank/Unix-like/OSx/Anti-Browser/sintaxe_extra_nao_suportada/Fuck_your_tabs+ALTF4+Startup.txt,move_to_subfolder,unsupported_ds3_or_unrecognized_syntax
sd_card_content/badusb_extra_payloads/prank/Unix-like/macOS/directly_ready/Bruce-Scripts-Heaven_BAD/prank/Unix-like/OSx/Digital_Rain/payload.txt,sd_card_content/badusb_extra_payloads/prank/Unix-like/macOS/directly_ready/Bruce-Scripts-Heaven_BAD/prank/Unix-like/OSx/Digital_Rain/flipper_only/payload.txt,move_to_subfolder,works_only_on_flipper
sd_card_content/badusb_extra_payloads/prank/Unix-like/macOS/directly_ready/Bruce-Scripts-Heaven_BAD/prank/Unix-like/OSx/TerminalRickRoll/Quackmean.txt,sd_card_content/badusb_extra_payloads/prank/Unix-like/macOS/directly_ready/Bruce-Scripts-Heaven_BAD/prank/Unix-like/OSx/TerminalRickRoll/sintaxe_extra_nao_suportada/Quackmean.txt,move_to_subfolder,unsupported_ds3_or_unrecognized_syntax
sd_card_content/badusb_extra_payloads/prank/Unix-like/macOS/directly_ready/Bruce-Scripts-Heaven_BAD/prank/Unix-like/OSx/TerminalRickRoll/Quack.txt,sd_card_content/badusb_extra_payloads/prank/Unix-like/macOS/directly_ready/Bruce-Scripts-Heaven_BAD/prank/Unix-like/OSx/TerminalRickRoll/sintaxe_extra_nao_suportada/Quack.txt,move_to_subfolder,unsupported_ds3_or_unrecognized_syntax
sd_card_content/badusb_extra_payloads/prank/Unix-like/Linux/directly_ready/BadUsb-Library/Mouse-Jiggler.txt,sd_card_content/badusb_extra_payloads/prank/Unix-like/Linux/directly_ready/BadUsb-Library/sintaxe_extra_nao_suportada/Mouse-Jiggler.txt,move_to_subfolder,unsupported_ds3_or_unrecognized_syntax
sd_card_content/badusb_extra_payloads/prank/Win/directly_ready/I-Am-Jakoby_BadUSB/Payloads/Flip-ADV-RickRoll/StageOne.txt,sd_card_content/badusb_extra_payloads/prank/Win/directly_ready/I-Am-Jakoby_BadUSB/Payloads/Flip-ADV-RickRoll/sintaxe_extra_nao_suportada/StageOne.txt,move_to_subfolder,unsupported_ds3_or_unrecognized_syntax
sd_card_content/badusb_extra_payloads/prank/Win/directly_ready/BadUsb-Library/Quackmean.txt,sd_card_content/badusb_extra_payloads/prank/Win/directly_ready/BadUsb-Library/sintaxe_extra_nao_suportada/Quackmean.txt,move_to_subfolder,unsupported_ds3_or_unrecognized_syntax
sd_card_content/badusb_extra_payloads/prank/Win/directly_ready/BadUsb-Library/Efftabsbasic.txt,sd_card_content/badusb_extra_payloads/prank/Win/directly_ready/BadUsb-Library/sintaxe_extra_nao_suportada/Efftabsbasic.txt,move_to_subfolder,unsupported_ds3_or_unrecognized_syntax
sd_card_content/badusb_extra_payloads/prank/Win/directly_ready/BadUsb-Library/ChromeOS_forkbomb.txt,sd_card_content/badusb_extra_payloads/prank/Win/directly_ready/BadUsb-Library/sintaxe_extra_nao_suportada/ChromeOS_forkbomb.txt,move_to_subfolder,unsupported_ds3_or_unrecognized_syntax
sd_card_content/badusb_extra_payloads/prank/Win/directly_ready/BadUsb-Library/Mute-Button-Spam.txt,sd_card_content/badusb_extra_payloads/prank/Win/directly_ready/BadUsb-Library/sintaxe_extra_nao_suportada/Mute-Button-Spam.txt,move_to_subfolder,unsupported_ds3_or_unrecognized_syntax
sd_card_content/badusb_extra_payloads/prank/Win/directly_ready/BadUsb-Library/English_Please.txt,sd_card_content/badusb_extra_payloads/prank/Win/directly_ready/BadUsb-Library/sintaxe_extra_nao_suportada/English_Please.txt,move_to_subfolder,unsupported_ds3_or_unrecognized_syntax
sd_card_content/badusb_extra_payloads/prank/Win/directly_ready/BadUsb-Library/ADV-RickRoll.txt,sd_card_content/badusb_extra_payloads/prank/Win/directly_ready/BadUsb-Library/sintaxe_extra_nao_suportada/ADV-RickRoll.txt,move_to_subfolder,unsupported_ds3_or_unrecognized_syntax
sd_card_content/badusb_extra_payloads/prank/Win/directly_ready/BadUsb-Library/Learn_Arabic_the_hard_way.txt,sd_card_content/badusb_extra_payloads/prank/Win/directly_ready/BadUsb-Library/sintaxe_extra_nao_suportada/Learn_Arabic_the_hard_way.txt,move_to_subfolder,unsupported_ds3_or_unrecognized_syntax
sd_card_content/badusb_extra_payloads/prank/Win/directly_ready/BadUsb-Library/android_rickroll.txt,sd_card_content/badusb_extra_payloads/prank/Win/directly_ready/BadUsb-Library/sintaxe_extra_nao_suportada/android_rickroll.txt,move_to_subfolder,unsupported_ds3_or_unrecognized_syntax
sd_card_content/badusb_extra_payloads/prank/Win/directly_ready/BadUsb-Library/Apple.txt,sd_card_content/badusb_extra_payloads/prank/Win/directly_ready/BadUsb-Library/sintaxe_extra_nao_suportada/Apple.txt,move_to_subfolder,unsupported_ds3_or_unrecognized_syntax
sd_card_content/badusb_extra_payloads/prank/Win/directly_ready/Bruce-Scripts-Heaven_BAD/BadUSB-FalsePhilosopher/OMG/Library/prank/Webcam_Fun/payload.txt,sd_card_content/badusb_extra_payloads/prank/Win/directly_ready/Bruce-Scripts-Heaven_BAD/BadUSB-FalsePhilosopher/OMG/Library/prank/Webcam_Fun/sintaxe_extra_nao_suportada/payload.txt,move_to_subfolder,unsupported_ds3_or_unrecognized_syntax
sd_card_content/badusb_extra_payloads/prank/Win/directly_ready/Bruce-Scripts-Heaven_BAD/BadUSB-FalsePhilosopher/OMG/Library/prank/BlueScreenOfDeath/payload.txt,sd_card_content/badusb_extra_payloads/prank/Win/directly_ready/Bruce-Scripts-Heaven_BAD/BadUSB-FalsePhilosopher/OMG/Library/prank/BlueScreenOfDeath/sintaxe_extra_nao_suportada/payload.txt,move_to_subfolder,unsupported_ds3_or_unrecognized_syntax
sd_card_content/badusb_extra_payloads/prank/Win/directly_ready/Bruce-Scripts-Heaven_BAD/BadUSB-FalsePhilosopher/OMG/Library/prank/Win_Hid_HideIcons/payload.txt,sd_card_content/badusb_extra_payloads/prank/Win/directly_ready/Bruce-Scripts-Heaven_BAD/BadUSB-FalsePhilosopher/OMG/Library/prank/Win_Hid_HideIcons/sintaxe_extra_nao_suportada/payload.txt,move_to_subfolder,unsupported_ds3_or_unrecognized_syntax
sd_card_content/badusb_extra_payloads/prank/Win/directly_ready/Bruce-Scripts-Heaven_BAD/BadUSB-FalsePhilosopher/WHID/Library/Base/winpropopups.txt,sd_card_content/badusb_extra_payloads/prank/Win/directly_ready/Bruce-Scripts-Heaven_BAD/BadUSB-FalsePhilosopher/WHID/Library/Base/nao_e_duckyscript/whid_injector_syntax/winpropopups.txt,move_to_subfolder,whid_injector_syntax
sd_card_content/badusb_extra_payloads/prank/Win/directly_ready/Bruce-Scripts-Heaven_BAD/BadUSB-FalsePhilosopher/WHID/Library/windows/TravisPooley/Windows/Change Desktop Background/Payload.txt,sd_card_content/badusb_extra_payloads/prank/Win/directly_ready/Bruce-Scripts-Heaven_BAD/BadUSB-FalsePhilosopher/WHID/Library/windows/TravisPooley/Windows/Change Desktop Background/nao_e_duckyscript/whid_injector_syntax/Payload.txt,move_to_subfolder,whid_injector_syntax
sd_card_content/badusb_extra_payloads/prank/Win/directly_ready/Bruce-Scripts-Heaven_BAD/BadUSB-FalsePhilosopher/Ducky/USBRubberducky/prank/Win/Windows Down/quackmean.txt,sd_card_content/badusb_extra_payloads/prank/Win/directly_ready/Bruce-Scripts-Heaven_BAD/BadUSB-FalsePhilosopher/Ducky/USBRubberducky/prank/Win/Windows Down/sintaxe_extra_nao_suportada/quackmean.txt,move_to_subfolder,unsupported_ds3_or_unrecognized_syntax
sd_card_content/badusb_extra_payloads/prank/Win/directly_ready/Bruce-Scripts-Heaven_BAD/BadUSB-FalsePhilosopher/Ducky/USBRubberducky/prank/Win/Windows Down/quackmeaner.txt,sd_card_content/badusb_extra_payloads/prank/Win/directly_ready/Bruce-Scripts-Heaven_BAD/BadUSB-FalsePhilosopher/Ducky/USBRubberducky/prank/Win/Windows Down/sintaxe_extra_nao_suportada/quackmeaner.txt,move_to_subfolder,unsupported_ds3_or_unrecognized_syntax
sd_card_content/badusb_extra_payloads/prank/Win/directly_ready/Bruce-Scripts-Heaven_BAD/BadUSB-FalsePhilosopher/Ducky/USBRubberducky/prank/Win/Musical_monitors/quackmean.txt,sd_card_content/badusb_extra_payloads/prank/Win/directly_ready/Bruce-Scripts-Heaven_BAD/BadUSB-FalsePhilosopher/Ducky/USBRubberducky/prank/Win/Musical_monitors/sintaxe_extra_nao_suportada/quackmean.txt,move_to_subfolder,unsupported_ds3_or_unrecognized_syntax
sd_card_content/badusb_extra_payloads/prank/Win/directly_ready/Bruce-Scripts-Heaven_BAD/BadUSB-FalsePhilosopher/Ducky/USBRubberducky/prank/Win/Musical_monitors/quackmeaner.txt,sd_card_content/badusb_extra_payloads/prank/Win/directly_ready/Bruce-Scripts-Heaven_BAD/BadUSB-FalsePhilosopher/Ducky/USBRubberducky/prank/Win/Musical_monitors/sintaxe_extra_nao_suportada/quackmeaner.txt,move_to_subfolder,unsupported_ds3_or_unrecognized_syntax
sd_card_content/badusb_extra_payloads/prank/Win/directly_ready/Bruce-Scripts-Heaven_BAD/BadUSB-FalsePhilosopher/Ducky/USBRubberducky/prank/Win/Mouse_Goes_Up/quackmean.txt,sd_card_content/badusb_extra_payloads/prank/Win/directly_ready/Bruce-Scripts-Heaven_BAD/BadUSB-FalsePhilosopher/Ducky/USBRubberducky/prank/Win/Mouse_Goes_Up/sintaxe_extra_nao_suportada/quackmean.txt,move_to_subfolder,unsupported_ds3_or_unrecognized_syntax
sd_card_content/badusb_extra_payloads/prank/Win/directly_ready/Bruce-Scripts-Heaven_BAD/BadUSB-FalsePhilosopher/Ducky/USBRubberducky/prank/Win/Mouse_Goes_Up/quackmeaner.txt,sd_card_content/badusb_extra_payloads/prank/Win/directly_ready/Bruce-Scripts-Heaven_BAD/BadUSB-FalsePhilosopher/Ducky/USBRubberducky/prank/Win/Mouse_Goes_Up/sintaxe_extra_nao_suportada/quackmeaner.txt,move_to_subfolder,unsupported_ds3_or_unrecognized_syntax
sd_card_content/badusb_extra_payloads/prank/Win/directly_ready/Bruce-Scripts-Heaven_BAD/BadUSB-FalsePhilosopher/Ducky/USBRubberducky/prank/Win/Mouse_Goes_Up/quack.txt,sd_card_content/badusb_extra_payloads/prank/Win/directly_ready/Bruce-Scripts-Heaven_BAD/BadUSB-FalsePhilosopher/Ducky/USBRubberducky/prank/Win/Mouse_Goes_Up/sintaxe_extra_nao_suportada/quack.txt,move_to_subfolder,unsupported_ds3_or_unrecognized_syntax
sd_card_content/badusb_extra_payloads/prank/Win/directly_ready/Bruce-Scripts-Heaven_BAD/BadUSB-FalsePhilosopher/Ducky/USBRubberducky/prank/Win/Eyespy/quack.txt,sd_card_content/badusb_extra_payloads/prank/Win/directly_ready/Bruce-Scripts-Heaven_BAD/BadUSB-FalsePhilosopher/Ducky/USBRubberducky/prank/Win/Eyespy/sintaxe_extra_nao_suportada/quack.txt,move_to_subfolder,unsupported_ds3_or_unrecognized_syntax
sd_card_content/badusb_extra_payloads/prank/Win/directly_ready/Bruce-Scripts-Heaven_BAD/BadUSB-FalsePhilosopher/Ducky/USBRubberducky/prank/Win/High_Contrast/quack.txt,sd_card_content/badusb_extra_payloads/prank/Win/directly_ready/Bruce-Scripts-Heaven_BAD/BadUSB-FalsePhilosopher/Ducky/USBRubberducky/prank/Win/High_Contrast/sintaxe_extra_nao_suportada/quack.txt,move_to_subfolder,unsupported_ds3_or_unrecognized_syntax
sd_card_content/badusb_extra_payloads/prank/Win/directly_ready/Bruce-Scripts-Heaven_BAD/BadUSB-FalsePhilosopher/BashBunny/payloads/library/execution/FollinaBunny/payload.txt,sd_card_content/badusb_extra_payloads/prank/Win/directly_ready/Bruce-Scripts-Heaven_BAD/BadUSB-FalsePhilosopher/BashBunny/payloads/library/execution/FollinaBunny/nao_e_duckyscript/bashbunny_syntax/payload.txt,move_to_subfolder,bashbunny_syntax
sd_card_content/badusb_extra_payloads/prank/Win/directly_ready/Bruce-Scripts-Heaven_BAD/BadUSB-FalsePhilosopher/BashBunny/payloads/library/prank/90sMode/payload.txt,sd_card_content/badusb_extra_payloads/prank/Win/directly_ready/Bruce-Scripts-Heaven_BAD/BadUSB-FalsePhilosopher/BashBunny/payloads/library/prank/90sMode/nao_e_duckyscript/bashbunny_syntax/payload.txt,move_to_subfolder,bashbunny_syntax
sd_card_content/badusb_extra_payloads/prank/Win/directly_ready/Bruce-Scripts-Heaven_BAD/BadUSB-FalsePhilosopher/BashBunny/payloads/library/prank/UnifiedRickRollWindows/payload.txt,sd_card_content/badusb_extra_payloads/prank/Win/directly_ready/Bruce-Scripts-Heaven_BAD/BadUSB-FalsePhilosopher/BashBunny/payloads/library/prank/UnifiedRickRollWindows/nao_e_duckyscript/bashbunny_syntax/payload.txt,move_to_subfolder,bashbunny_syntax
sd_card_content/badusb_extra_payloads/prank/Win/directly_ready/Bruce-Scripts-Heaven_BAD/BadUSB-FalsePhilosopher/BashBunny/payloads/library/prank/UnifiedRickRoll/payload.txt,sd_card_content/badusb_extra_payloads/prank/Win/directly_ready/Bruce-Scripts-Heaven_BAD/BadUSB-FalsePhilosopher/BashBunny/payloads/library/prank/UnifiedRickRoll/nao_e_duckyscript/bashbunny_syntax/payload.txt,move_to_subfolder,bashbunny_syntax
sd_card_content/badusb_extra_payloads/prank/Win/directly_ready/Bruce-Scripts-Heaven_BAD/BadUSB-FalsePhilosopher/BashBunny/payloads/library/prank/Photo-Booth-Ugly-Prank/payload.txt,sd_card_content/badusb_extra_payloads/prank/Win/directly_ready/Bruce-Scripts-Heaven_BAD/BadUSB-FalsePhilosopher/BashBunny/payloads/library/prank/Photo-Booth-Ugly-Prank/nao_e_duckyscript/bashbunny_syntax/payload.txt,move_to_subfolder,bashbunny_syntax
sd_card_content/badusb_extra_payloads/prank/Win/directly_ready/Bruce-Scripts-Heaven_BAD/BadUSB-FalsePhilosopher/BashBunny/payloads/library/prank/wallpaper-changer-of-doom/payload.txt,sd_card_content/badusb_extra_payloads/prank/Win/directly_ready/Bruce-Scripts-Heaven_BAD/BadUSB-FalsePhilosopher/BashBunny/payloads/library/prank/wallpaper-changer-of-doom/nao_e_duckyscript/bashbunny_syntax/payload.txt,move_to_subfolder,bashbunny_syntax
sd_card_content/badusb_extra_payloads/prank/Win/directly_ready/Bruce-Scripts-Heaven_BAD/BadUSB-FalsePhilosopher/BashBunny/payloads/library/prank/WallpaperChanger/payload.txt,sd_card_content/badusb_extra_payloads/prank/Win/directly_ready/Bruce-Scripts-Heaven_BAD/BadUSB-FalsePhilosopher/BashBunny/payloads/library/prank/WallpaperChanger/nao_e_duckyscript/bashbunny_syntax/payload.txt,move_to_subfolder,bashbunny_syntax
sd_card_content/badusb_extra_payloads/prank/Win/directly_ready/Bruce-Scripts-Heaven_BAD/BadUSB-FalsePhilosopher/BashBunny/payloads/library/prank/Bunny-Flip/payload.txt,sd_card_content/badusb_extra_payloads/prank/Win/directly_ready/Bruce-Scripts-Heaven_BAD/BadUSB-FalsePhilosopher/BashBunny/payloads/library/prank/Bunny-Flip/nao_e_duckyscript/bashbunny_syntax/payload.txt,move_to_subfolder,bashbunny_syntax
sd_card_content/badusb_extra_payloads/prank/Win/directly_ready/Bruce-Scripts-Heaven_BAD/BadUSB-FalsePhilosopher/BashBunny/payloads/library/prank/-BB-Wallpaper-Troll/payload.txt,sd_card_content/badusb_extra_payloads/prank/Win/directly_ready/Bruce-Scripts-Heaven_BAD/BadUSB-FalsePhilosopher/BashBunny/payloads/library/prank/-BB-Wallpaper-Troll/nao_e_duckyscript/bashbunny_syntax/payload.txt,move_to_subfolder,bashbunny_syntax
sd_card_content/badusb_extra_payloads/prank/Win/directly_ready/Bruce-Scripts-Heaven_BAD/BadUSB-FalsePhilosopher/BashBunny/payloads/library/prank/Win_PoSH_AnsiSebsCow/payload.txt,sd_card_content/badusb_extra_payloads/prank/Win/directly_ready/Bruce-Scripts-Heaven_BAD/BadUSB-FalsePhilosopher/BashBunny/payloads/library/prank/Win_PoSH_AnsiSebsCow/nao_e_duckyscript/bashbunny_syntax/payload.txt,move_to_subfolder,bashbunny_syntax
sd_card_content/badusb_extra_payloads/prank/Win/directly_ready/Bruce-Scripts-Heaven_BAD/BadUSB-FalsePhilosopher/BashBunny/payloads/library/prank/Startup-Message/payload.txt,sd_card_content/badusb_extra_payloads/prank/Win/directly_ready/Bruce-Scripts-Heaven_BAD/BadUSB-FalsePhilosopher/BashBunny/payloads/library/prank/Startup-Message/nao_e_duckyscript/bashbunny_syntax/payload.txt,move_to_subfolder,bashbunny_syntax
sd_card_content/badusb_extra_payloads/prank/Win/directly_ready/Bruce-Scripts-Heaven_BAD/BadUSB-FalsePhilosopher/BashBunny/payloads/library/prank/RAZ_ThemeChanger/payload.txt,sd_card_content/badusb_extra_payloads/prank/Win/directly_ready/Bruce-Scripts-Heaven_BAD/BadUSB-FalsePhilosopher/BashBunny/payloads/library/prank/RAZ_ThemeChanger/nao_e_duckyscript/bashbunny_syntax/payload.txt,move_to_subfolder,bashbunny_syntax
sd_card_content/badusb_extra_payloads/prank/Win/directly_ready/Bruce-Scripts-Heaven_BAD/BadUSB-FalsePhilosopher/BashBunny/payloads/library/prank/DesktopFlood/payload.txt,sd_card_content/badusb_extra_payloads/prank/Win/directly_ready/Bruce-Scripts-Heaven_BAD/BadUSB-FalsePhilosopher/BashBunny/payloads/library/prank/DesktopFlood/nao_e_duckyscript/bashbunny_syntax/payload.txt,move_to_subfolder,bashbunny_syntax
sd_card_content/badusb_extra_payloads/prank/Win/directly_ready/Bruce-Scripts-Heaven_BAD/BadUSB-FalsePhilosopher/BashBunny/payloads/library/prank/Win_PoSH_MyPictures2AsciiArt/payload.txt,sd_card_content/badusb_extra_payloads/prank/Win/directly_ready/Bruce-Scripts-Heaven_BAD/BadUSB-FalsePhilosopher/BashBunny/payloads/library/prank/Win_PoSH_MyPictures2AsciiArt/nao_e_duckyscript/bashbunny_syntax/payload.txt,move_to_subfolder,bashbunny_syntax
sd_card_content/badusb_extra_payloads/prank/Win/directly_ready/Bruce-Scripts-Heaven_BAD/BadUSB-FalsePhilosopher/BashBunny/payloads/library/prank/Win_HID_BeAPest/payload.txt,sd_card_content/badusb_extra_payloads/prank/Win/directly_ready/Bruce-Scripts-Heaven_BAD/BadUSB-FalsePhilosopher/BashBunny/payloads/library/prank/Win_HID_BeAPest/nao_e_duckyscript/bashbunny_syntax/payload.txt,move_to_subfolder,bashbunny_syntax
sd_card_content/badusb_extra_payloads/prank/Win/directly_ready/Bruce-Scripts-Heaven_BAD/BadUSB-FalsePhilosopher/BashBunny/payloads/library/prank/Win_PoSH_SpinningAround/payload.txt,sd_card_content/badusb_extra_payloads/prank/Win/directly_ready/Bruce-Scripts-Heaven_BAD/BadUSB-FalsePhilosopher/BashBunny/payloads/library/prank/Win_PoSH_SpinningAround/nao_e_duckyscript/bashbunny_syntax/payload.txt,move_to_subfolder,bashbunny_syntax
sd_card_content/badusb_extra_payloads/prank/Win/directly_ready/Bruce-Scripts-Heaven_BAD/BadUSB-FalsePhilosopher/BashBunny/payloads/library/prank/Win_PoSh_HiThere/payload.txt,sd_card_content/badusb_extra_payloads/prank/Win/directly_ready/Bruce-Scripts-Heaven_BAD/BadUSB-FalsePhilosopher/BashBunny/payloads/library/prank/Win_PoSh_HiThere/nao_e_duckyscript/bashbunny_syntax/payload.txt,move_to_subfolder,bashbunny_syntax
sd_card_content/badusb_extra_payloads/prank/Win/directly_ready/Bruce-Scripts-Heaven_BAD/BadUSB-FalsePhilosopher/BashBunny/payloads/library/prank/hide-startbar/payload.txt,sd_card_content/badusb_extra_payloads/prank/Win/directly_ready/Bruce-Scripts-Heaven_BAD/BadUSB-FalsePhilosopher/BashBunny/payloads/library/prank/hide-startbar/nao_e_duckyscript/bashbunny_syntax/payload.txt,move_to_subfolder,bashbunny_syntax
sd_card_content/badusb_extra_payloads/prank/Win/directly_ready/Bruce-Scripts-Heaven_BAD/BadUSB-FalsePhilosopher/BashBunny/payloads/library/prank/-BB-We-Found-You/payload.txt,sd_card_content/badusb_extra_payloads/prank/Win/directly_ready/Bruce-Scripts-Heaven_BAD/BadUSB-FalsePhilosopher/BashBunny/payloads/library/prank/-BB-We-Found-You/nao_e_duckyscript/bashbunny_syntax/payload.txt,move_to_subfolder,bashbunny_syntax
sd_card_content/badusb_extra_payloads/prank/Win/directly_ready/Bruce-Scripts-Heaven_BAD/BadUSB-FalsePhilosopher/BashBunny/payloads/library/prank/NiceShutdown/payload.txt,sd_card_content/badusb_extra_payloads/prank/Win/directly_ready/Bruce-Scripts-Heaven_BAD/BadUSB-FalsePhilosopher/BashBunny/payloads/library/prank/NiceShutdown/nao_e_duckyscript/bashbunny_syntax/payload.txt,move_to_subfolder,bashbunny_syntax
sd_card_content/badusb_extra_payloads/prank/Win/directly_ready/Bruce-Scripts-Heaven_BAD/BadUSB-FalsePhilosopher/BashBunny/payloads/library/prank/-BB-PS-Draw/payload.txt,sd_card_content/badusb_extra_payloads/prank/Win/directly_ready/Bruce-Scripts-Heaven_BAD/BadUSB-FalsePhilosopher/BashBunny/payloads/library/prank/-BB-PS-Draw/nao_e_duckyscript/bashbunny_syntax/payload.txt,move_to_subfolder,bashbunny_syntax
sd_card_content/badusb_extra_payloads/prank/Win/directly_ready/Bruce-Scripts-Heaven_BAD/BadUSB-FalsePhilosopher/BashBunny/payloads/library/prank/Notepad_fun/payload.txt,sd_card_content/badusb_extra_payloads/prank/Win/directly_ready/Bruce-Scripts-Heaven_BAD/BadUSB-FalsePhilosopher/BashBunny/payloads/library/prank/Notepad_fun/nao_e_duckyscript/bashbunny_syntax/payload.txt,move_to_subfolder,bashbunny_syntax
sd_card_content/badusb_extra_payloads/prank/Win/directly_ready/Bruce-Scripts-Heaven_BAD/BadUSB-FalsePhilosopher/BashBunny/payloads/library/prank/WIN_powershell_ProgressBar-and-Popup/payload.txt,sd_card_content/badusb_extra_payloads/prank/Win/directly_ready/Bruce-Scripts-Heaven_BAD/BadUSB-FalsePhilosopher/BashBunny/payloads/library/prank/WIN_powershell_ProgressBar-and-Popup/nao_e_duckyscript/bashbunny_syntax/payload.txt,move_to_subfolder,bashbunny_syntax
sd_card_content/badusb_extra_payloads/prank/Win/directly_ready/Bruce-Scripts-Heaven_BAD/BadUSB-FalsePhilosopher/BashBunny/payloads/library/prank/ScreenSaver_FuNNN_b-b/payload.txt,sd_card_content/badusb_extra_payloads/prank/Win/directly_ready/Bruce-Scripts-Heaven_BAD/BadUSB-FalsePhilosopher/BashBunny/payloads/library/prank/ScreenSaver_FuNNN_b-b/nao_e_duckyscript/bashbunny_syntax/payload.txt,move_to_subfolder,bashbunny_syntax
sd_card_content/badusb_extra_payloads/prank/Win/directly_ready/Bruce-Scripts-Heaven_BAD/BadUSB-FalsePhilosopher/BashBunny/payloads/library/prank/-BB-AcidBurn/payload.txt,sd_card_content/badusb_extra_payloads/prank/Win/directly_ready/Bruce-Scripts-Heaven_BAD/BadUSB-FalsePhilosopher/BashBunny/payloads/library/prank/-BB-AcidBurn/nao_e_duckyscript/bashbunny_syntax/payload.txt,move_to_subfolder,bashbunny_syntax
sd_card_content/badusb_extra_payloads/prank/Win/directly_ready/Bruce-Scripts-Heaven_BAD/BadUSB-FalsePhilosopher/BashBunny/payloads/library/prank/cross-platform_continuous_locker/payload.txt,sd_card_content/badusb_extra_payloads/prank/Win/directly_ready/Bruce-Scripts-Heaven_BAD/BadUSB-FalsePhilosopher/BashBunny/payloads/library/prank/cross-platform_continuous_locker/nao_e_duckyscript/bashbunny_syntax/payload.txt,move_to_subfolder,bashbunny_syntax
sd_card_content/badusb_extra_payloads/prank/Win/directly_ready/Bruce-Scripts-Heaven_BAD/BadUSB-FalsePhilosopher/BashBunny/payloads/library/prank/Ascii-Prank/payload.txt,sd_card_content/badusb_extra_payloads/prank/Win/directly_ready/Bruce-Scripts-Heaven_BAD/BadUSB-FalsePhilosopher/BashBunny/payloads/library/prank/Ascii-Prank/nao_e_duckyscript/bashbunny_syntax/payload.txt,move_to_subfolder,bashbunny_syntax
sd_card_content/badusb_extra_payloads/prank/Win/directly_ready/Bruce-Scripts-Heaven_BAD/BadUSB-FalsePhilosopher/BashBunny/payloads/library/prank/-BB-Rage-PopUps/payload.txt,sd_card_content/badusb_extra_payloads/prank/Win/directly_ready/Bruce-Scripts-Heaven_BAD/BadUSB-FalsePhilosopher/BashBunny/payloads/library/prank/-BB-Rage-PopUps/nao_e_duckyscript/bashbunny_syntax/payload.txt,move_to_subfolder,bashbunny_syntax
sd_card_content/badusb_extra_payloads/prank/Win/directly_ready/Bruce-Scripts-Heaven_BAD/BadUSB-FalsePhilosopher/BashBunny/payloads/library/prank/-BB-JumpScare/payload.txt,sd_card_content/badusb_extra_payloads/prank/Win/directly_ready/Bruce-Scripts-Heaven_BAD/BadUSB-FalsePhilosopher/BashBunny/payloads/library/prank/-BB-JumpScare/nao_e_duckyscript/bashbunny_syntax/payload.txt,move_to_subfolder,bashbunny_syntax
sd_card_content/badusb_extra_payloads/prank/Win/directly_ready/Bruce-Scripts-Heaven_BAD/BadUSB-FalsePhilosopher/BashBunny/payloads/library/prank/Win_PoSH_ExcelQRRickroll/payload.txt,sd_card_content/badusb_extra_payloads/prank/Win/directly_ready/Bruce-Scripts-Heaven_BAD/BadUSB-FalsePhilosopher/BashBunny/payloads/library/prank/Win_PoSH_ExcelQRRickroll/nao_e_duckyscript/bashbunny_syntax/payload.txt,move_to_subfolder,bashbunny_syntax
sd_card_content/badusb_extra_payloads/prank/Win/directly_ready/Bruce-Scripts-Heaven_BAD/BadUSB-FalsePhilosopher/BashBunny/payloads/library/prank/Win_PoSH_ReplaceCursor/payload.txt,sd_card_content/badusb_extra_payloads/prank/Win/directly_ready/Bruce-Scripts-Heaven_BAD/BadUSB-FalsePhilosopher/BashBunny/payloads/library/prank/Win_PoSH_ReplaceCursor/nao_e_duckyscript/bashbunny_syntax/payload.txt,move_to_subfolder,bashbunny_syntax
sd_card_content/badusb_extra_payloads/prank/Win/directly_ready/Bruce-Scripts-Heaven_BAD/The_Matrix-Wake_Up/payload.txt,sd_card_content/badusb_extra_payloads/prank/Win/directly_ready/Bruce-Scripts-Heaven_BAD/The_Matrix-Wake_Up/nao_e_duckyscript/bashbunny_syntax/payload.txt,move_to_subfolder,bashbunny_syntax
sd_card_content/badusb_extra_payloads/prank/Win/directly_ready/Bruce-Scripts-Heaven_BAD/Lock Keys/Lock-Keys-example4.txt,sd_card_content/badusb_extra_payloads/prank/Win/directly_ready/Bruce-Scripts-Heaven_BAD/Lock Keys/nao_e_duckyscript/bashbunny_syntax/Lock-Keys-example4.txt,move_to_subfolder,bashbunny_syntax
sd_card_content/badusb_extra_payloads/prank/Win/directly_ready/Bruce-Scripts-Heaven_BAD/Windows/Prank/Pranh(ex)/assets/transformation/build/pranh(ex)/warn-pranh(ex).txt,sd_card_content/badusb_extra_payloads/prank/Win/directly_ready/Bruce-Scripts-Heaven_BAD/Windows/Prank/Pranh(ex)/assets/transformation/build/pranh(ex)/sintaxe_extra_nao_suportada/warn-pranh(ex).txt,move_to_subfolder,unsupported_ds3_or_unrecognized_syntax
sd_card_content/badusb_extra_payloads/prank/Win/directly_ready/Bruce-Scripts-Heaven_BAD/Batch/Typing_Prank.txt,sd_card_content/badusb_extra_payloads/prank/Win/directly_ready/Bruce-Scripts-Heaven_BAD/Batch/sintaxe_extra_nao_suportada/Typing_Prank.txt,move_to_subfolder,unsupported_ds3_or_unrecognized_syntax
sd_card_content/badusb_extra_payloads/prank/Win/directly_ready/Bruce-Scripts-Heaven_BAD/Batch/Random_Beeps.txt,sd_card_content/badusb_extra_payloads/prank/Win/directly_ready/Bruce-Scripts-Heaven_BAD/Batch/sintaxe_extra_nao_suportada/Random_Beeps.txt,move_to_subfolder,unsupported_ds3_or_unrecognized_syntax
sd_card_content/badusb_extra_payloads/prank/Win/directly_ready/Bruce-Scripts-Heaven_BAD/Batch/Infinite_Loop_Message.txt,sd_card_content/badusb_extra_payloads/prank/Win/directly_ready/Bruce-Scripts-Heaven_BAD/Batch/sintaxe_extra_nao_suportada/Infinite_Loop_Message.txt,move_to_subfolder,unsupported_ds3_or_unrecognized_syntax
sd_card_content/badusb_extra_payloads/prank/Win/directly_ready/Bruce-Scripts-Heaven_BAD/Batch/Fake_Virus_Warning.txt,sd_card_content/badusb_extra_payloads/prank/Win/directly_ready/Bruce-Scripts-Heaven_BAD/Batch/sintaxe_extra_nao_suportada/Fake_Virus_Warning.txt,move_to_subfolder,unsupported_ds3_or_unrecognized_syntax
sd_card_content/badusb_extra_payloads/prank/Win/directly_ready/Bruce-Scripts-Heaven_BAD/Rick_Rolling_Forever/payload.txt,sd_card_content/badusb_extra_payloads/prank/Win/directly_ready/Bruce-Scripts-Heaven_BAD/Rick_Rolling_Forever/nao_e_duckyscript/bashbunny_syntax/payload.txt,move_to_subfolder,bashbunny_syntax
sd_card_content/badusb_extra_payloads/prank/Win/directly_ready/Bruce-Scripts-Heaven_BAD/Hacker_Typer/payload.txt,sd_card_content/badusb_extra_payloads/prank/Win/directly_ready/Bruce-Scripts-Heaven_BAD/Hacker_Typer/nao_e_duckyscript/bashbunny_syntax/payload.txt,move_to_subfolder,bashbunny_syntax
sd_card_content/badusb_extra_payloads/prank/Win/directly_ready/Bruce-Scripts-Heaven_BAD/Wallpaper-Jumpscare/Wallpaper-Jumpscare.txt,sd_card_content/badusb_extra_payloads/prank/Win/directly_ready/Bruce-Scripts-Heaven_BAD/Wallpaper-Jumpscare/sintaxe_extra_nao_suportada/Wallpaper-Jumpscare.txt,move_to_subfolder,unsupported_ds3_or_unrecognized_syntax
sd_card_content/badusb_extra_payloads/prank/Win/directly_ready/Bruce-Scripts-Heaven_BAD/QuacKed_Again/payload.txt,sd_card_content/badusb_extra_payloads/prank/Win/directly_ready/Bruce-Scripts-Heaven_BAD/QuacKed_Again/nao_e_duckyscript/bashbunny_syntax/payload.txt,move_to_subfolder,bashbunny_syntax
sd_card_content/badusb_extra_payloads/prank/Win/directly_ready/Bruce-Scripts-Heaven_BAD/omg-payloads-master/payloads/library/prank/Seniors_Webcam_Prank/payload.txt,sd_card_content/badusb_extra_payloads/prank/Win/directly_ready/Bruce-Scripts-Heaven_BAD/omg-payloads-master/payloads/library/prank/Seniors_Webcam_Prank/payload.txt,edit_in_place,hash_comment_to_REM
sd_card_content/badusb_extra_payloads/prank/Win/directly_ready/Bruce-Scripts-Heaven_BAD/omg-payloads-master/payloads/library/prank/BlueScreenOfDeath/payload.txt,sd_card_content/badusb_extra_payloads/prank/Win/directly_ready/Bruce-Scripts-Heaven_BAD/omg-payloads-master/payloads/library/prank/BlueScreenOfDeath/sintaxe_extra_nao_suportada/payload.txt,move_to_subfolder,unsupported_ds3_or_unrecognized_syntax
sd_card_content/badusb_extra_payloads/prank/Win/directly_ready/Bruce-Scripts-Heaven_BAD/omg-payloads-master/payloads/library/prank/Skynet_pOpUp_Prank/payload.txt,sd_card_content/badusb_extra_payloads/prank/Win/directly_ready/Bruce-Scripts-Heaven_BAD/omg-payloads-master/payloads/library/prank/Skynet_pOpUp_Prank/sintaxe_extra_nao_suportada/payload.txt,move_to_subfolder,unsupported_ds3_or_unrecognized_syntax
sd_card_content/badusb_extra_payloads/prank/Win/directly_ready/Bruce-Scripts-Heaven_BAD/omg-payloads-master/payloads/library/prank/-OMG-ADV-RickRoll/ADV-RickRoll.txt,sd_card_content/badusb_extra_payloads/prank/Win/directly_ready/Bruce-Scripts-Heaven_BAD/omg-payloads-master/payloads/library/prank/-OMG-ADV-RickRoll/sintaxe_extra_nao_suportada/ADV-RickRoll.txt,move_to_subfolder,unsupported_ds3_or_unrecognized_syntax
sd_card_content/badusb_extra_payloads/prank/Win/directly_ready/Bruce-Scripts-Heaven_BAD/omg-payloads-master/payloads/library/prank/-OMG-JumpScare-2.0/JumpScare2.0.txt,sd_card_content/badusb_extra_payloads/prank/Win/directly_ready/Bruce-Scripts-Heaven_BAD/omg-payloads-master/payloads/library/prank/-OMG-JumpScare-2.0/sintaxe_extra_nao_suportada/JumpScare2.0.txt,move_to_subfolder,unsupported_ds3_or_unrecognized_syntax
sd_card_content/badusb_extra_payloads/prank/Win/directly_ready/Bruce-Scripts-Heaven_BAD/prank/Win/Broken_capslock/quack.txt,sd_card_content/badusb_extra_payloads/prank/Win/directly_ready/Bruce-Scripts-Heaven_BAD/prank/Win/Broken_capslock/sintaxe_extra_nao_suportada/quack.txt,move_to_subfolder,unsupported_ds3_or_unrecognized_syntax
sd_card_content/badusb_extra_payloads/prank/iOS/directly_ready/BadUsb-Library/Volume-Max.txt,sd_card_content/badusb_extra_payloads/prank/iOS/directly_ready/BadUsb-Library/sintaxe_extra_nao_suportada/Volume-Max.txt,move_to_subfolder,unsupported_ds3_or_unrecognized_syntax
sd_card_content/badusb_extra_payloads/prank/iOS/directly_ready/Bruce-Scripts-Heaven_BAD/FalsePhilosopher/prank/Unix-like/iOS/RickRoll_Apple/payload.txt,sd_card_content/badusb_extra_payloads/prank/iOS/directly_ready/Bruce-Scripts-Heaven_BAD/FalsePhilosopher/prank/Unix-like/iOS/RickRoll_Apple/sintaxe_extra_nao_suportada/payload.txt,move_to_subfolder,unsupported_ds3_or_unrecognized_syntax
sd_card_content/badusb_extra_payloads/prank/iOS/directly_ready/Bruce-Scripts-Heaven_BAD/omg-payloads-master/payloads/library/mobile/ios/RickRoll_Apple/payload.txt,sd_card_content/badusb_extra_payloads/prank/iOS/directly_ready/Bruce-Scripts-Heaven_BAD/omg-payloads-master/payloads/library/mobile/ios/RickRoll_Apple/sintaxe_extra_nao_suportada/payload.txt,move_to_subfolder,unsupported_ds3_or_unrecognized_syntax
