source_path,dest_path_on_card,bucket
sd_card_content/badusb_extra_payloads/command_control/Unix-like/macOS/directly_ready/BadUsb-Library/Reverse-Shell.txt,sd_card_mirror/badusb/!repo/works_both/command_control/Unix-like/macOS/directly_ready/BadUsb-Library/Reverse-Shell.txt,works_both
sd_card_content/badusb_extra_payloads/command_control/Unix-like/macOS/configuration_needed/BadUsb-Library/Telegram-Bot.txt,sd_card_mirror/badusb/!repo/works_both/command_control/Unix-like/macOS/configuration_needed/BadUsb-Library/Telegram-Bot.txt,works_both
sd_card_content/badusb_extra_payloads/command_control/Unix-like/Linux/directly_ready/BadUsb-Library/Reverse-Shell.txt,sd_card_mirror/badusb/!repo/works_both/command_control/Unix-like/Linux/directly_ready/BadUsb-Library/Reverse-Shell.txt,works_both
sd_card_content/badusb_extra_payloads/command_control/Unix-like/Linux/configuration_needed/BadUsb-Library/Telegram-Bot.txt,sd_card_mirror/badusb/!repo/works_both/command_control/Unix-like/Linux/configuration_needed/BadUsb-Library/Telegram-Bot.txt,works_both
sd_card_content/badusb_extra_payloads/command_control/Win/directly_ready/BadUsb-Library/payloadonline.txt,sd_card_mirror/badusb/!repo/works_both/command_control/Win/directly_ready/BadUsb-Library/payloadonline.txt,works_both
sd_card_content/badusb_extra_payloads/command_control/Win/directly_ready/BadUsb-Library/Disable_Windows_Defender22H2.txt,sd_card_mirror/badusb/!repo/works_both/command_control/Win/directly_ready/BadUsb-Library/Disable_Windows_Defender22H2.txt,works_both
sd_card_content/badusb_extra_payloads/command_control/Win/directly_ready/BadUsb-Library/ADD_ADMIN.txt,sd_card_mirror/badusb/!repo/works_both/command_control/Win/directly_ready/BadUsb-Library/ADD_ADMIN.txt,works_both
sd_card_content/badusb_extra_payloads/command_control/Win/directly_ready/BadUsb-Library/DuckyHelper.txt,sd_card_mirror/badusb/!repo/works_both/command_control/Win/directly_ready/BadUsb-Library/DuckyHelper.txt,works_both
sd_card_content/badusb_extra_payloads/command_control/Win/directly_ready/UberGuidoZ_BadUSB/NullSec-BadUSB/10_Persistence.txt,sd_card_mirror/badusb/!repo/works_both/command_control/Win/directly_ready/UberGuidoZ_BadUSB/NullSec-BadUSB/10_Persistence.txt,works_both
sd_card_content/badusb_extra_payloads/command_control/Win/directly_ready/Bruce-Scripts-Heaven_BAD/Defeat_Defender/payload.txt,sd_card_mirror/badusb/!repo/works_both/command_control/Win/directly_ready/Bruce-Scripts-Heaven_BAD/Defeat_Defender/payload.txt,works_both
sd_card_content/badusb_extra_payloads/command_control/Win/directly_ready/Bruce-Scripts-Heaven_BAD/Flipper_Zero_Badusb_hack5_payloads/general/Defeat_Defender/payload.txt,sd_card_mirror/badusb/!repo/works_both/command_control/Win/directly_ready/Bruce-Scripts-Heaven_BAD/Flipper_Zero_Badusb_hack5_payloads/general/Defeat_Defender/payload.txt,works_both
sd_card_content/badusb_extra_payloads/command_control/Win/directly_ready/Bruce-Scripts-Heaven_BAD/BadUSB/BadUSB-MarkCyber/HackStuff/VulnerabilityScanner.txt,sd_card_mirror/badusb/!repo/works_both/command_control/Win/directly_ready/Bruce-Scripts-Heaven_BAD/BadUSB/BadUSB-MarkCyber/HackStuff/VulnerabilityScanner.txt,works_both
sd_card_content/badusb_extra_payloads/command_control/Win/directly_ready/Bruce-Scripts-Heaven_BAD/BadUSB/HackStuff/VulnerabilityScanner.txt,sd_card_mirror/badusb/!repo/works_both/command_control/Win/directly_ready/Bruce-Scripts-Heaven_BAD/BadUSB/HackStuff/VulnerabilityScanner.txt,works_both
sd_card_content/badusb_extra_payloads/command_control/Win/configuration_needed/BadUsb-Library/Telegram Reverse Shell.txt,sd_card_mirror/badusb/!repo/works_both/command_control/Win/configuration_needed/BadUsb-Library/Telegram Reverse Shell.txt,works_both
sd_card_content/badusb_extra_payloads/command_control/Win/configuration_needed/BadUsb-Library/Discord-Reverse-Shell.txt,sd_card_mirror/badusb/!repo/works_both/command_control/Win/configuration_needed/BadUsb-Library/Discord-Reverse-Shell.txt,works_both
sd_card_content/badusb_extra_payloads/command_control/Win/configuration_needed/BadUsb-Library/Discord C2 Client.txt,sd_card_mirror/badusb/!repo/works_both/command_control/Win/configuration_needed/BadUsb-Library/Discord C2 Client.txt,works_both
sd_card_content/badusb_extra_payloads/command_control/Win/configuration_needed/BadUsb-Library/Desktop Screenshare over Netcat.txt,sd_card_mirror/badusb/!repo/works_both/command_control/Win/configuration_needed/BadUsb-Library/Desktop Screenshare over Netcat.txt,works_both
sd_card_content/badusb_extra_payloads/command_control/Win/configuration_needed/BadUsb-Library/Uvnc-Remote-Desktop.txt,sd_card_mirror/badusb/!repo/works_both/command_control/Win/configuration_needed/BadUsb-Library/Uvnc-Remote-Desktop.txt,works_both
sd_card_content/badusb_extra_payloads/command_control/Win/configuration_needed/BadUsb-Library/Simple-Netcat-Client.txt,sd_card_mirror/badusb/!repo/works_both/command_control/Win/configuration_needed/BadUsb-Library/Simple-Netcat-Client.txt,works_both
sd_card_content/badusb_extra_payloads/command_control/Android/directly_ready/BadUsb-Library/ADB-Backdoor.txt,sd_card_mirror/badusb/!repo/works_both/command_control/Android/directly_ready/BadUsb-Library/ADB-Backdoor.txt,works_both
sd_card_content/badusb_extra_payloads/command_control/Android/directly_ready/Bruce-Scripts-Heaven_BAD/BadUSB-FalsePhilosopher/OMG/Library/mobile/android/Gmail_Forwarding_Persistence/gmail_forward_script.txt,sd_card_mirror/badusb/!repo/works_both/command_control/Android/directly_ready/Bruce-Scripts-Heaven_BAD/BadUSB-FalsePhilosopher/OMG/Library/mobile/android/Gmail_Forwarding_Persistence/gmail_forward_script.txt,works_both
sd_card_content/badusb_extra_payloads/data_exfiltration/Unix-like/macOS/directly_ready/BadUsb-Library/Documents-Stealer.txt,sd_card_mirror/badusb/!repo/works_both/data_exfiltration/Unix-like/macOS/directly_ready/BadUsb-Library/Documents-Stealer.txt,works_both
sd_card_content/badusb_extra_payloads/data_exfiltration/Unix-like/macOS/directly_ready/BadUsb-Library/Desktop-Copier.txt,sd_card_mirror/badusb/!repo/works_both/data_exfiltration/Unix-like/macOS/directly_ready/BadUsb-Library/Desktop-Copier.txt,works_both
sd_card_content/badusb_extra_payloads/data_exfiltration/Unix-like/macOS/directly_ready/Bruce-Scripts-Heaven_BAD/MacOS-narstybits/RECON/Document to Dropbox API.txt,sd_card_mirror/badusb/!repo/works_both/data_exfiltration/Unix-like/macOS/directly_ready/Bruce-Scripts-Heaven_BAD/MacOS-narstybits/RECON/Document to Dropbox API.txt,works_both
sd_card_content/badusb_extra_payloads/data_exfiltration/Unix-like/macOS/directly_ready/Bruce-Scripts-Heaven_BAD/MacOS-narstybits/RECON/flipper_only/Network Recon to Dropbox.txt,sd_card_mirror/badusb/!repo/flipper_only/data_exfiltration/Unix-like/macOS/directly_ready/Bruce-Scripts-Heaven_BAD/MacOS-narstybits/RECON/flipper_only/Network Recon to Dropbox.txt,flipper_only
sd_card_content/badusb_extra_payloads/data_exfiltration/Unix-like/macOS/directly_ready/Bruce-Scripts-Heaven_BAD/MacOS-narstybits/RECON/flipper_only/Public I.P. Finder to Dropbox.txt,sd_card_mirror/badusb/!repo/flipper_only/data_exfiltration/Unix-like/macOS/directly_ready/Bruce-Scripts-Heaven_BAD/MacOS-narstybits/RECON/flipper_only/Public I.P. Finder to Dropbox.txt,flipper_only
sd_card_content/badusb_extra_payloads/data_exfiltration/Unix-like/macOS/directly_ready/Bruce-Scripts-Heaven_BAD/MacOS-narstybits/RECON/flipper_only/Desktop Data to Dropbox.txt,sd_card_mirror/badusb/!repo/flipper_only/data_exfiltration/Unix-like/macOS/directly_ready/Bruce-Scripts-Heaven_BAD/MacOS-narstybits/RECON/flipper_only/Desktop Data to Dropbox.txt,flipper_only
sd_card_content/badusb_extra_payloads/data_exfiltration/Unix-like/macOS/directly_ready/Bruce-Scripts-Heaven_BAD/MacOS-narstybits/RECON/flipper_only/Dropbox File Downloader.txt,sd_card_mirror/badusb/!repo/flipper_only/data_exfiltration/Unix-like/macOS/directly_ready/Bruce-Scripts-Heaven_BAD/MacOS-narstybits/RECON/flipper_only/Dropbox File Downloader.txt,flipper_only
sd_card_content/badusb_extra_payloads/data_exfiltration/Unix-like/macOS/directly_ready/Bruce-Scripts-Heaven_BAD/MacOS-narstybits/Executions/flipper_only/Screen Recorder MacOs to Dropbox.txt,sd_card_mirror/badusb/!repo/flipper_only/data_exfiltration/Unix-like/macOS/directly_ready/Bruce-Scripts-Heaven_BAD/MacOS-narstybits/Executions/flipper_only/Screen Recorder MacOs to Dropbox.txt,flipper_only
sd_card_content/badusb_extra_payloads/data_exfiltration/Unix-like/macOS/directly_ready/Bruce-Scripts-Heaven_BAD/MacOS-narstybits/Executions/flipper_only/Cookies to Dropbox.txt,sd_card_mirror/badusb/!repo/flipper_only/data_exfiltration/Unix-like/macOS/directly_ready/Bruce-Scripts-Heaven_BAD/MacOS-narstybits/Executions/flipper_only/Cookies to Dropbox.txt,flipper_only
sd_card_content/badusb_extra_payloads/data_exfiltration/Unix-like/macOS/directly_ready/Bruce-Scripts-Heaven_BAD/MacOS-narstybits/Executions/flipper_only/EAPOL Handshake to Dropbox.txt,sd_card_mirror/badusb/!repo/flipper_only/data_exfiltration/Unix-like/macOS/directly_ready/Bruce-Scripts-Heaven_BAD/MacOS-narstybits/Executions/flipper_only/EAPOL Handshake to Dropbox.txt,flipper_only
sd_card_content/badusb_extra_payloads/data_exfiltration/Unix-like/macOS/directly_ready/Bruce-Scripts-Heaven_BAD/MacOS-narstybits/Executions/flipper_only/Imessage Attachments to Dropbox.txt,sd_card_mirror/badusb/!repo/flipper_only/data_exfiltration/Unix-like/macOS/directly_ready/Bruce-Scripts-Heaven_BAD/MacOS-narstybits/Executions/flipper_only/Imessage Attachments to Dropbox.txt,flipper_only
sd_card_content/badusb_extra_payloads/data_exfiltration/Unix-like/macOS/directly_ready/Bruce-Scripts-Heaven_BAD/MacOS-narstybits/Executions/flipper_only/iCloud Photos to Dropbox.txt,sd_card_mirror/badusb/!repo/flipper_only/data_exfiltration/Unix-like/macOS/directly_ready/Bruce-Scripts-Heaven_BAD/MacOS-narstybits/Executions/flipper_only/iCloud Photos to Dropbox.txt,flipper_only
sd_card_content/badusb_extra_payloads/data_exfiltration/Unix-like/macOS/directly_ready/Bruce-Scripts-Heaven_BAD/MacOS-narstybits/Executions/flipper_only/Icloud Documents to Dropbox .txt,sd_card_mirror/badusb/!repo/flipper_only/data_exfiltration/Unix-like/macOS/directly_ready/Bruce-Scripts-Heaven_BAD/MacOS-narstybits/Executions/flipper_only/Icloud Documents to Dropbox .txt,flipper_only
sd_card_content/badusb_extra_payloads/data_exfiltration/Unix-like/macOS/directly_ready/Bruce-Scripts-Heaven_BAD/MacOS-narstybits/Executions/flipper_only/Docs and Desktop to Dropbox API.txt,sd_card_mirror/badusb/!repo/flipper_only/data_exfiltration/Unix-like/macOS/directly_ready/Bruce-Scripts-Heaven_BAD/MacOS-narstybits/Executions/flipper_only/Docs and Desktop to Dropbox API.txt,flipper_only
sd_card_content/badusb_extra_payloads/data_exfiltration/Unix-like/macOS/directly_ready/Bruce-Scripts-Heaven_BAD/BadUSB-FalsePhilosopher/Misc/Web/Pasta/pasta.py,sd_card_mirror/badusb/!repo/works_both/data_exfiltration/Unix-like/macOS/directly_ready/Bruce-Scripts-Heaven_BAD/BadUSB-FalsePhilosopher/Misc/Web/Pasta/pasta.py,works_both
sd_card_content/badusb_extra_payloads/data_exfiltration/Unix-like/macOS/directly_ready/Bruce-Scripts-Heaven_BAD/Flipper_Zero_Badusb_hack5_payloads/exfiltration/History-Grabber/payload.txt,sd_card_mirror/badusb/!repo/works_both/data_exfiltration/Unix-like/macOS/directly_ready/Bruce-Scripts-Heaven_BAD/Flipper_Zero_Badusb_hack5_payloads/exfiltration/History-Grabber/payload.txt,works_both
sd_card_content/badusb_extra_payloads/data_exfiltration/Unix-like/macOS/directly_ready/Bruce-Scripts-Heaven_BAD/Flipper_Zero_Badusb_hack5_payloads/exfiltration/iMessage-Data-Grabber/payload.txt,sd_card_mirror/badusb/!repo/works_both/data_exfiltration/Unix-like/macOS/directly_ready/Bruce-Scripts-Heaven_BAD/Flipper_Zero_Badusb_hack5_payloads/exfiltration/iMessage-Data-Grabber/payload.txt,works_both
sd_card_content/badusb_extra_payloads/data_exfiltration/Unix-like/macOS/directly_ready/Bruce-Scripts-Heaven_BAD/Flipper_Zero_Badusb_hack5_payloads/exfiltration/Mail-Grabber/payload.txt,sd_card_mirror/badusb/!repo/works_both/data_exfiltration/Unix-like/macOS/directly_ready/Bruce-Scripts-Heaven_BAD/Flipper_Zero_Badusb_hack5_payloads/exfiltration/Mail-Grabber/payload.txt,works_both
sd_card_content/badusb_extra_payloads/data_exfiltration/Unix-like/macOS/directly_ready/Bruce-Scripts-Heaven_BAD/Flipper_Zero_Badusb_hack5_payloads/exfiltration/Public-IP-Grabber/payload.txt,sd_card_mirror/badusb/!repo/works_both/data_exfiltration/Unix-like/macOS/directly_ready/Bruce-Scripts-Heaven_BAD/Flipper_Zero_Badusb_hack5_payloads/exfiltration/Public-IP-Grabber/payload.txt,works_both
sd_card_content/badusb_extra_payloads/data_exfiltration/Unix-like/macOS/directly_ready/Bruce-Scripts-Heaven_BAD/MacOS_Silent_Exfiltration_Important_Files/payload.txt,sd_card_mirror/badusb/!repo/works_both/data_exfiltration/Unix-like/macOS/directly_ready/Bruce-Scripts-Heaven_BAD/MacOS_Silent_Exfiltration_Important_Files/payload.txt,works_both
sd_card_content/badusb_extra_payloads/data_exfiltration/Unix-like/macOS/directly_ready/Bruce-Scripts-Heaven_BAD/exfiltration/Unix-like/OSX/iMessage-Data-Grabber/flipper_only/payload.txt,sd_card_mirror/badusb/!repo/flipper_only/data_exfiltration/Unix-like/macOS/directly_ready/Bruce-Scripts-Heaven_BAD/exfiltration/Unix-like/OSX/iMessage-Data-Grabber/flipper_only/payload.txt,flipper_only
sd_card_content/badusb_extra_payloads/data_exfiltration/Unix-like/macOS/directly_ready/Bruce-Scripts-Heaven_BAD/exfiltration/iMessage-Data-Grabber/payload.txt,sd_card_mirror/badusb/!repo/works_both/data_exfiltration/Unix-like/macOS/directly_ready/Bruce-Scripts-Heaven_BAD/exfiltration/iMessage-Data-Grabber/payload.txt,works_both
sd_card_content/badusb_extra_payloads/data_exfiltration/Unix-like/macOS/directly_ready/Bruce-Scripts-Heaven_BAD/MacOS/Execution/IPLogger-Discord_Webhook-by_bst04/IPLogger-Discord_Webhook-by_bst04.txt,sd_card_mirror/badusb/!repo/works_both/data_exfiltration/Unix-like/macOS/directly_ready/Bruce-Scripts-Heaven_BAD/MacOS/Execution/IPLogger-Discord_Webhook-by_bst04/IPLogger-Discord_Webhook-by_bst04.txt,works_both
sd_card_content/badusb_extra_payloads/data_exfiltration/Unix-like/macOS/configuration_needed/BadUsb-Library/File-Uploader-Telegram.txt,sd_card_mirror/badusb/!repo/works_both/data_exfiltration/Unix-like/macOS/configuration_needed/BadUsb-Library/File-Uploader-Telegram.txt,works_both
sd_card_content/badusb_extra_payloads/data_exfiltration/Unix-like/Linux/directly_ready/BadUsb-Library/Desktop-Copier.txt,sd_card_mirror/badusb/!repo/works_both/data_exfiltration/Unix-like/Linux/directly_ready/BadUsb-Library/Desktop-Copier.txt,works_both
sd_card_content/badusb_extra_payloads/data_exfiltration/Unix-like/Linux/directly_ready/BadUsb-Library/Config-Files-Stealer.txt,sd_card_mirror/badusb/!repo/works_both/data_exfiltration/Unix-like/Linux/directly_ready/BadUsb-Library/Config-Files-Stealer.txt,works_both
sd_card_content/badusb_extra_payloads/data_exfiltration/Unix-like/Linux/directly_ready/Bruce-Scripts-Heaven_BAD/BadUSB-FalsePhilosopher/OMG/Library/exfiltration/WiFi2DNS_AES256/README.txt,sd_card_mirror/badusb/!repo/works_both/data_exfiltration/Unix-like/Linux/directly_ready/Bruce-Scripts-Heaven_BAD/BadUSB-FalsePhilosopher/OMG/Library/exfiltration/WiFi2DNS_AES256/README.txt,works_both
sd_card_content/badusb_extra_payloads/data_exfiltration/Unix-like/Linux/directly_ready/Bruce-Scripts-Heaven_BAD/GNU-Linux/Execution/EncryptAllDocuments_Linux/EncryptAllDocumentsScript.py,sd_card_mirror/badusb/!repo/works_both/data_exfiltration/Unix-like/Linux/directly_ready/Bruce-Scripts-Heaven_BAD/GNU-Linux/Execution/EncryptAllDocuments_Linux/EncryptAllDocumentsScript.py,works_both
sd_card_content/badusb_extra_payloads/data_exfiltration/Unix-like/Linux/directly_ready/Bruce-Scripts-Heaven_BAD/GNU-Linux/Exfiltration/ExfiltrateDocumentsFolder_Linux/payload.txt,sd_card_mirror/badusb/!repo/works_both/data_exfiltration/Unix-like/Linux/directly_ready/Bruce-Scripts-Heaven_BAD/GNU-Linux/Exfiltration/ExfiltrateDocumentsFolder_Linux/payload.txt,works_both
sd_card_content/badusb_extra_payloads/data_exfiltration/Unix-like/Linux/directly_ready/Bruce-Scripts-Heaven_BAD/GNU-Linux/Exfiltration/ExfiltrateEmailAndPasswordByPhising_Linux/payload.txt,sd_card_mirror/badusb/!repo/works_both/data_exfiltration/Unix-like/Linux/directly_ready/Bruce-Scripts-Heaven_BAD/GNU-Linux/Exfiltration/ExfiltrateEmailAndPasswordByPhising_Linux/payload.txt,works_both
sd_card_content/badusb_extra_payloads/data_exfiltration/Unix-like/Linux/directly_ready/Bruce-Scripts-Heaven_BAD/GNU-Linux/Exfiltration/ExfiltrateSudoPasswordByPhising_Linux/payload.txt,sd_card_mirror/badusb/!repo/works_both/data_exfiltration/Unix-like/Linux/directly_ready/Bruce-Scripts-Heaven_BAD/GNU-Linux/Exfiltration/ExfiltrateSudoPasswordByPhising_Linux/payload.txt,works_both
sd_card_content/badusb_extra_payloads/data_exfiltration/Unix-like/Linux/directly_ready/Bruce-Scripts-Heaven_BAD/GNU-Linux/Exfiltration/ExfiltrateWiFiPasswords_Linux/payload.txt,sd_card_mirror/badusb/!repo/works_both/data_exfiltration/Unix-like/Linux/directly_ready/Bruce-Scripts-Heaven_BAD/GNU-Linux/Exfiltration/ExfiltrateWiFiPasswords_Linux/payload.txt,works_both
sd_card_content/badusb_extra_payloads/data_exfiltration/Unix-like/Linux/directly_ready/Bruce-Scripts-Heaven_BAD/GNU-Linux/Exfiltration/ExfiltrateLogFiles_Linux/payload.txt,sd_card_mirror/badusb/!repo/works_both/data_exfiltration/Unix-like/Linux/directly_ready/Bruce-Scripts-Heaven_BAD/GNU-Linux/Exfiltration/ExfiltrateLogFiles_Linux/payload.txt,works_both
sd_card_content/badusb_extra_payloads/data_exfiltration/Unix-like/Linux/directly_ready/Bruce-Scripts-Heaven_BAD/omg-payloads-master/payloads/library/exfiltration/mysql_dump/payload.txt,sd_card_mirror/badusb/!repo/works_both/data_exfiltration/Unix-like/Linux/directly_ready/Bruce-Scripts-Heaven_BAD/omg-payloads-master/payloads/library/exfiltration/mysql_dump/payload.txt,works_both
sd_card_content/badusb_extra_payloads/data_exfiltration/Unix-like/Linux/directly_ready/Bruce-Scripts-Heaven_BAD/omg-payloads-master/payloads/library/exfiltration/network_surveillance/payload.txt,sd_card_mirror/badusb/!repo/works_both/data_exfiltration/Unix-like/Linux/directly_ready/Bruce-Scripts-Heaven_BAD/omg-payloads-master/payloads/library/exfiltration/network_surveillance/payload.txt,works_both
sd_card_content/badusb_extra_payloads/data_exfiltration/Unix-like/Linux/configuration_needed/BadUsb-Library/File-Uploader-Telegram.txt,sd_card_mirror/badusb/!repo/works_both/data_exfiltration/Unix-like/Linux/configuration_needed/BadUsb-Library/File-Uploader-Telegram.txt,works_both
sd_card_content/badusb_extra_payloads/data_exfiltration/Win/directly_ready/I-Am-Jakoby_BadUSB/Payloads/Flip-Credz-Plz/Credz-Plz-Execute.txt,sd_card_mirror/badusb/!repo/works_both/data_exfiltration/Win/directly_ready/I-Am-Jakoby_BadUSB/Payloads/Flip-Credz-Plz/Credz-Plz-Execute.txt,works_both
sd_card_content/badusb_extra_payloads/data_exfiltration/Win/directly_ready/I-Am-Jakoby_BadUSB/Payloads/Flip-Credz-Plz/README.md,sd_card_mirror/badusb/!repo/works_both/data_exfiltration/Win/directly_ready/I-Am-Jakoby_BadUSB/Payloads/Flip-Credz-Plz/README.md,works_both
sd_card_content/badusb_extra_payloads/data_exfiltration/Win/directly_ready/I-Am-Jakoby_BadUSB/Payloads/VoiceLogger/VoiceLogger.txt,sd_card_mirror/badusb/!repo/works_both/data_exfiltration/Win/directly_ready/I-Am-Jakoby_BadUSB/Payloads/VoiceLogger/VoiceLogger.txt,works_both
sd_card_content/badusb_extra_payloads/data_exfiltration/Win/directly_ready/I-Am-Jakoby_BadUSB/Payloads/VoiceLogger/VL.ps1,sd_card_mirror/badusb/!repo/works_both/data_exfiltration/Win/directly_ready/I-Am-Jakoby_BadUSB/Payloads/VoiceLogger/VL.ps1,works_both
sd_card_content/badusb_extra_payloads/data_exfiltration/Win/directly_ready/I-Am-Jakoby_BadUSB/Payloads/Flip-BrowserData/browserData.txt,sd_card_mirror/badusb/!repo/works_both/data_exfiltration/Win/directly_ready/I-Am-Jakoby_BadUSB/Payloads/Flip-BrowserData/browserData.txt,works_both
sd_card_content/badusb_extra_payloads/data_exfiltration/Win/directly_ready/I-Am-Jakoby_BadUSB/Payloads/Flip-BrowserData/browserData.ps1,sd_card_mirror/badusb/!repo/works_both/data_exfiltration/Win/directly_ready/I-Am-Jakoby_BadUSB/Payloads/Flip-BrowserData/browserData.ps1,works_both
sd_card_content/badusb_extra_payloads/data_exfiltration/Win/directly_ready/I-Am-Jakoby_BadUSB/Payloads/Flip-BrowserData/README.md,sd_card_mirror/badusb/!repo/works_both/data_exfiltration/Win/directly_ready/I-Am-Jakoby_BadUSB/Payloads/Flip-BrowserData/README.md,works_both
sd_card_content/badusb_extra_payloads/data_exfiltration/Win/directly_ready/I-Am-Jakoby_BadUSB/Payloads/Flip-YT-Tripwire/YouTube-TripWire.txt,sd_card_mirror/badusb/!repo/works_both/data_exfiltration/Win/directly_ready/I-Am-Jakoby_BadUSB/Payloads/Flip-YT-Tripwire/YouTube-TripWire.txt,works_both
sd_card_content/badusb_extra_payloads/data_exfiltration/Win/directly_ready/I-Am-Jakoby_BadUSB/Payloads/Flip-PS-Draw/PS-Draw.ps1,sd_card_mirror/badusb/!repo/works_both/data_exfiltration/Win/directly_ready/I-Am-Jakoby_BadUSB/Payloads/Flip-PS-Draw/PS-Draw.ps1,works_both
sd_card_content/badusb_extra_payloads/data_exfiltration/Win/directly_ready/I-Am-Jakoby_BadUSB/Payloads/Flip-PS-Draw/README.md,sd_card_mirror/badusb/!repo/works_both/data_exfiltration/Win/directly_ready/I-Am-Jakoby_BadUSB/Payloads/Flip-PS-Draw/README.md,works_both
sd_card_content/badusb_extra_payloads/data_exfiltration/Win/directly_ready/I-Am-Jakoby_BadUSB/Payloads/Flip-ShortcutJacker/Shortcut-Jacker-Execute.txt,sd_card_mirror/badusb/!repo/works_both/data_exfiltration/Win/directly_ready/I-Am-Jakoby_BadUSB/Payloads/Flip-ShortcutJacker/Shortcut-Jacker-Execute.txt,works_both
sd_card_content/badusb_extra_payloads/data_exfiltration/Win/directly_ready/BadUsb-Library/Exfiltrate-to-USB.txt,sd_card_mirror/badusb/!repo/works_both/data_exfiltration/Win/directly_ready/BadUsb-Library/Exfiltrate-to-USB.txt,works_both
sd_card_content/badusb_extra_payloads/data_exfiltration/Win/directly_ready/BadUsb-Library/duckyscript.txt,sd_card_mirror/badusb/!repo/works_both/data_exfiltration/Win/directly_ready/BadUsb-Library/duckyscript.txt,works_both
sd_card_content/badusb_extra_payloads/data_exfiltration/Win/directly_ready/UberGuidoZ_BadUSB/UNC0V3R3D-BadUSB-Collection/Windows_Badusb/PasswordStuff/ChromePasswords/readme.md,sd_card_mirror/badusb/!repo/works_both/data_exfiltration/Win/directly_ready/UberGuidoZ_BadUSB/UNC0V3R3D-BadUSB-Collection/Windows_Badusb/PasswordStuff/ChromePasswords/readme.md,works_both
sd_card_content/badusb_extra_payloads/data_exfiltration/Win/directly_ready/UberGuidoZ_BadUSB/UNC0V3R3D-BadUSB-Collection/Windows_Badusb/PasswordStuff/StealWifiKeys_Discord/readme.md,sd_card_mirror/badusb/!repo/works_both/data_exfiltration/Win/directly_ready/UberGuidoZ_BadUSB/UNC0V3R3D-BadUSB-Collection/Windows_Badusb/PasswordStuff/StealWifiKeys_Discord/readme.md,works_both
sd_card_content/badusb_extra_payloads/data_exfiltration/Win/directly_ready/UberGuidoZ_BadUSB/UNC0V3R3D-BadUSB-Collection/Windows_Badusb/Exfiltration/Document_Exfil/readme.md,sd_card_mirror/badusb/!repo/works_both/data_exfiltration/Win/directly_ready/UberGuidoZ_BadUSB/UNC0V3R3D-BadUSB-Collection/Windows_Badusb/Exfiltration/Document_Exfil/readme.md,works_both
sd_card_content/badusb_extra_payloads/data_exfiltration/Win/directly_ready/UberGuidoZ_BadUSB/UNC0V3R3D-BadUSB-Collection/Windows_Badusb/Exfiltration/USB_And_Harddrive_Information/readme.md,sd_card_mirror/badusb/!repo/works_both/data_exfiltration/Win/directly_ready/UberGuidoZ_BadUSB/UNC0V3R3D-BadUSB-Collection/Windows_Badusb/Exfiltration/USB_And_Harddrive_Information/readme.md,works_both
sd_card_content/badusb_extra_payloads/data_exfiltration/Win/directly_ready/UberGuidoZ_BadUSB/UNC0V3R3D-BadUSB-Collection/Windows_Badusb/Exfiltration/ListWindowsUpdates/readme.md,sd_card_mirror/badusb/!repo/works_both/data_exfiltration/Win/directly_ready/UberGuidoZ_BadUSB/UNC0V3R3D-BadUSB-Collection/Windows_Badusb/Exfiltration/ListWindowsUpdates/readme.md,works_both
sd_card_content/badusb_extra_payloads/data_exfiltration/Win/directly_ready/UberGuidoZ_BadUSB/UNC0V3R3D-BadUSB-Collection/Windows_Badusb/Exfiltration/Keylogger/readme.md,sd_card_mirror/badusb/!repo/works_both/data_exfiltration/Win/directly_ready/UberGuidoZ_BadUSB/UNC0V3R3D-BadUSB-Collection/Windows_Badusb/Exfiltration/Keylogger/readme.md,works_both
sd_card_content/badusb_extra_payloads/data_exfiltration/Win/directly_ready/UberGuidoZ_BadUSB/UNC0V3R3D-BadUSB-Collection/Windows_Badusb/Exfiltration/Network_Exfiltration/readme.md,sd_card_mirror/badusb/!repo/works_both/data_exfiltration/Win/directly_ready/UberGuidoZ_BadUSB/UNC0V3R3D-BadUSB-Collection/Windows_Badusb/Exfiltration/Network_Exfiltration/readme.md,works_both
sd_card_content/badusb_extra_payloads/data_exfiltration/Win/directly_ready/UberGuidoZ_BadUSB/UNC0V3R3D-BadUSB-Collection/Windows_Badusb/Exfiltration/GetAllComputerInfo/readme.md,sd_card_mirror/badusb/!repo/works_both/data_exfiltration/Win/directly_ready/UberGuidoZ_BadUSB/UNC0V3R3D-BadUSB-Collection/Windows_Badusb/Exfiltration/GetAllComputerInfo/readme.md,works_both
sd_card_content/badusb_extra_payloads/data_exfiltration/Win/directly_ready/UberGuidoZ_BadUSB/UNC0V3R3D-BadUSB-Collection/Windows_Badusb/Exfiltration/Win_User_Info/readme.md,sd_card_mirror/badusb/!repo/works_both/data_exfiltration/Win/directly_ready/UberGuidoZ_BadUSB/UNC0V3R3D-BadUSB-Collection/Windows_Badusb/Exfiltration/Win_User_Info/readme.md,works_both
sd_card_content/badusb_extra_payloads/data_exfiltration/Win/directly_ready/UberGuidoZ_BadUSB/UNC0V3R3D-BadUSB-Collection/Windows_Badusb/Exfiltration/ExfilFirefox/readme.md,sd_card_mirror/badusb/!repo/works_both/data_exfiltration/Win/directly_ready/UberGuidoZ_BadUSB/UNC0V3R3D-BadUSB-Collection/Windows_Badusb/Exfiltration/ExfilFirefox/readme.md,works_both
sd_card_content/badusb_extra_payloads/data_exfiltration/Win/directly_ready/UberGuidoZ_BadUSB/UNC0V3R3D-BadUSB-Collection/Windows_Badusb/Exfiltration/General_PC_Information/readme.md,sd_card_mirror/badusb/!repo/works_both/data_exfiltration/Win/directly_ready/UberGuidoZ_BadUSB/UNC0V3R3D-BadUSB-Collection/Windows_Badusb/Exfiltration/General_PC_Information/readme.md,works_both
sd_card_content/badusb_extra_payloads/data_exfiltration/Win/directly_ready/UberGuidoZ_BadUSB/UNC0V3R3D-BadUSB-Collection/Windows_Badusb/Exfiltration/SAMexfil/readme.md,sd_card_mirror/badusb/!repo/works_both/data_exfiltration/Win/directly_ready/UberGuidoZ_BadUSB/UNC0V3R3D-BadUSB-Collection/Windows_Badusb/Exfiltration/SAMexfil/readme.md,works_both
sd_card_content/badusb_extra_payloads/data_exfiltration/Win/directly_ready/UberGuidoZ_BadUSB/UNC0V3R3D-BadUSB-Collection/Windows_Badusb/Exfiltration/IP_To_Discord/readme.md,sd_card_mirror/badusb/!repo/works_both/data_exfiltration/Win/directly_ready/UberGuidoZ_BadUSB/UNC0V3R3D-BadUSB-Collection/Windows_Badusb/Exfiltration/IP_To_Discord/readme.md,works_both
sd_card_content/badusb_extra_payloads/data_exfiltration/Win/directly_ready/UberGuidoZ_BadUSB/Bookmark-Hog/BH.ps1,sd_card_mirror/badusb/!repo/works_both/data_exfiltration/Win/directly_ready/UberGuidoZ_BadUSB/Bookmark-Hog/BH.ps1,works_both
sd_card_content/badusb_extra_payloads/data_exfiltration/Win/directly_ready/UberGuidoZ_BadUSB/Bookmark-Hog/README.md,sd_card_mirror/badusb/!repo/works_both/data_exfiltration/Win/directly_ready/UberGuidoZ_BadUSB/Bookmark-Hog/README.md,works_both
sd_card_content/badusb_extra_payloads/data_exfiltration/Win/directly_ready/UberGuidoZ_BadUSB/s4dic - BadUSB/passwordgrabber/ReadMe.md,sd_card_mirror/badusb/!repo/works_both/data_exfiltration/Win/directly_ready/UberGuidoZ_BadUSB/s4dic - BadUSB/passwordgrabber/ReadMe.md,works_both
sd_card_content/badusb_extra_payloads/data_exfiltration/Win/directly_ready/UberGuidoZ_BadUSB/Zero-Lazagne/README.md,sd_card_mirror/badusb/!repo/works_both/data_exfiltration/Win/directly_ready/UberGuidoZ_BadUSB/Zero-Lazagne/README.md,works_both
sd_card_content/badusb_extra_payloads/data_exfiltration/Win/directly_ready/UberGuidoZ_BadUSB/History-Pig/README.md,sd_card_mirror/badusb/!repo/works_both/data_exfiltration/Win/directly_ready/UberGuidoZ_BadUSB/History-Pig/README.md,works_both
sd_card_content/badusb_extra_payloads/data_exfiltration/Win/directly_ready/UberGuidoZ_BadUSB/History-Pig/HP.ps1,sd_card_mirror/badusb/!repo/works_both/data_exfiltration/Win/directly_ready/UberGuidoZ_BadUSB/History-Pig/HP.ps1,works_both
sd_card_content/badusb_extra_payloads/data_exfiltration/Win/directly_ready/UberGuidoZ_BadUSB/Screen-Shock/README.md,sd_card_mirror/badusb/!repo/works_both/data_exfiltration/Win/directly_ready/UberGuidoZ_BadUSB/Screen-Shock/README.md,works_both
sd_card_content/badusb_extra_payloads/data_exfiltration/Win/directly_ready/UberGuidoZ_BadUSB/Copy-And-Waste/README.md,sd_card_mirror/badusb/!repo/works_both/data_exfiltration/Win/directly_ready/UberGuidoZ_BadUSB/Copy-And-Waste/README.md,works_both
sd_card_content/badusb_extra_payloads/data_exfiltration/Win/directly_ready/UberGuidoZ_BadUSB/Pwn-Drive/README.md,sd_card_mirror/badusb/!repo/works_both/data_exfiltration/Win/directly_ready/UberGuidoZ_BadUSB/Pwn-Drive/README.md,works_both
sd_card_content/badusb_extra_payloads/data_exfiltration/Win/directly_ready/UberGuidoZ_BadUSB/emptythevoid-BadUSB/save-to-flipper/latest_no_altstring.txt,sd_card_mirror/badusb/!repo/works_both/data_exfiltration/Win/directly_ready/UberGuidoZ_BadUSB/emptythevoid-BadUSB/save-to-flipper/latest_no_altstring.txt,works_both
sd_card_content/badusb_extra_payloads/data_exfiltration/Win/directly_ready/UberGuidoZ_BadUSB/emptythevoid-BadUSB/save-to-flipper/latest.txt,sd_card_mirror/badusb/!repo/works_both/data_exfiltration/Win/directly_ready/UberGuidoZ_BadUSB/emptythevoid-BadUSB/save-to-flipper/latest.txt,works_both
sd_card_content/badusb_extra_payloads/data_exfiltration/Win/directly_ready/UberGuidoZ_BadUSB/emptythevoid-BadUSB/save-to-flipper/readme.md,sd_card_mirror/badusb/!repo/works_both/data_exfiltration/Win/directly_ready/UberGuidoZ_BadUSB/emptythevoid-BadUSB/save-to-flipper/readme.md,works_both
sd_card_content/badusb_extra_payloads/data_exfiltration/Win/directly_ready/UberGuidoZ_BadUSB/emptythevoid-BadUSB/popos_wifi/popos_wifi.txt,sd_card_mirror/badusb/!repo/works_both/data_exfiltration/Win/directly_ready/UberGuidoZ_BadUSB/emptythevoid-BadUSB/popos_wifi/popos_wifi.txt,works_both
sd_card_content/badusb_extra_payloads/data_exfiltration/Win/directly_ready/UberGuidoZ_BadUSB/emptythevoid-BadUSB/popos_wifi/README.md,sd_card_mirror/badusb/!repo/works_both/data_exfiltration/Win/directly_ready/UberGuidoZ_BadUSB/emptythevoid-BadUSB/popos_wifi/README.md,works_both
sd_card_content/badusb_extra_payloads/data_exfiltration/Win/directly_ready/UberGuidoZ_BadUSB/emptythevoid-BadUSB/exfiltrate forticlient/exfil_forticlient_vpn.txt,sd_card_mirror/badusb/!repo/works_both/data_exfiltration/Win/directly_ready/UberGuidoZ_BadUSB/emptythevoid-BadUSB/exfiltrate forticlient/exfil_forticlient_vpn.txt,works_both
sd_card_content/badusb_extra_payloads/data_exfiltration/Win/directly_ready/UberGuidoZ_BadUSB/emptythevoid-BadUSB/exfiltrate forticlient/readme.md,sd_card_mirror/badusb/!repo/works_both/data_exfiltration/Win/directly_ready/UberGuidoZ_BadUSB/emptythevoid-BadUSB/exfiltrate forticlient/readme.md,works_both
sd_card_content/badusb_extra_payloads/data_exfiltration/Win/directly_ready/UberGuidoZ_BadUSB/emptythevoid-BadUSB/save_to_flipper_poc/save_to_flipper_fast.txt,sd_card_mirror/badusb/!repo/works_both/data_exfiltration/Win/directly_ready/UberGuidoZ_BadUSB/emptythevoid-BadUSB/save_to_flipper_poc/save_to_flipper_fast.txt,works_both
sd_card_content/badusb_extra_payloads/data_exfiltration/Win/directly_ready/UberGuidoZ_BadUSB/emptythevoid-BadUSB/save_to_flipper_poc/README.md,sd_card_mirror/badusb/!repo/works_both/data_exfiltration/Win/directly_ready/UberGuidoZ_BadUSB/emptythevoid-BadUSB/save_to_flipper_poc/README.md,works_both
sd_card_content/badusb_extra_payloads/data_exfiltration/Win/directly_ready/UberGuidoZ_BadUSB/emptythevoid-BadUSB/badusb-js/save_wifi_serial.js,sd_card_mirror/badusb/!repo/works_both/data_exfiltration/Win/directly_ready/UberGuidoZ_BadUSB/emptythevoid-BadUSB/badusb-js/save_wifi_serial.js,works_both
sd_card_content/badusb_extra_payloads/data_exfiltration/Win/directly_ready/UberGuidoZ_BadUSB/emptythevoid-BadUSB/badusb-js/save_computerinfo_serial.js,sd_card_mirror/badusb/!repo/works_both/data_exfiltration/Win/directly_ready/UberGuidoZ_BadUSB/emptythevoid-BadUSB/badusb-js/save_computerinfo_serial.js,works_both
sd_card_content/badusb_extra_payloads/data_exfiltration/Win/directly_ready/UberGuidoZ_BadUSB/NullSec-BadUSB/15_USBExfil.txt,sd_card_mirror/badusb/!repo/works_both/data_exfiltration/Win/directly_ready/UberGuidoZ_BadUSB/NullSec-BadUSB/15_USBExfil.txt,works_both
sd_card_content/badusb_extra_payloads/data_exfiltration/Win/directly_ready/Bruce-Scripts-Heaven_BAD/Grabber-Discord_Webhook.txt,sd_card_mirror/badusb/!repo/works_both/data_exfiltration/Win/directly_ready/Bruce-Scripts-Heaven_BAD/Grabber-Discord_Webhook.txt,works_both
sd_card_content/badusb_extra_payloads/data_exfiltration/Win/directly_ready/Bruce-Scripts-Heaven_BAD/Wifi_for_Flipper.txt,sd_card_mirror/badusb/!repo/works_both/data_exfiltration/Win/directly_ready/Bruce-Scripts-Heaven_BAD/Wifi_for_Flipper.txt,works_both
sd_card_content/badusb_extra_payloads/data_exfiltration/Win/directly_ready/Bruce-Scripts-Heaven_BAD/PoC_Discord_Webhook.txt,sd_card_mirror/badusb/!repo/works_both/data_exfiltration/Win/directly_ready/Bruce-Scripts-Heaven_BAD/PoC_Discord_Webhook.txt,works_both
sd_card_content/badusb_extra_payloads/data_exfiltration/Win/directly_ready/Bruce-Scripts-Heaven_BAD/Chrome2Discord/chrome2Discord.txt,sd_card_mirror/badusb/!repo/works_both/data_exfiltration/Win/directly_ready/Bruce-Scripts-Heaven_BAD/Chrome2Discord/chrome2Discord.txt,works_both
sd_card_content/badusb_extra_payloads/data_exfiltration/Win/directly_ready/Bruce-Scripts-Heaven_BAD/BadUSB-FalsePhilosopher/Ducky/Ducky-Framework/payloads/win/websiteLockWin7/websiteLockWin7.txt,sd_card_mirror/badusb/!repo/works_both/data_exfiltration/Win/directly_ready/Bruce-Scripts-Heaven_BAD/BadUSB-FalsePhilosopher/Ducky/Ducky-Framework/payloads/win/websiteLockWin7/websiteLockWin7.txt,works_both
sd_card_content/badusb_extra_payloads/data_exfiltration/Win/directly_ready/Bruce-Scripts-Heaven_BAD/BadUSB-FalsePhilosopher/Ducky/USBRubberducky/exfiltration/Win/Nivistealer/duck.txt,sd_card_mirror/badusb/!repo/works_both/data_exfiltration/Win/directly_ready/Bruce-Scripts-Heaven_BAD/BadUSB-FalsePhilosopher/Ducky/USBRubberducky/exfiltration/Win/Nivistealer/duck.txt,works_both
sd_card_content/badusb_extra_payloads/data_exfiltration/Win/directly_ready/Bruce-Scripts-Heaven_BAD/BadUSB-FalsePhilosopher/Ducky/USBRubberducky/exfiltration/Win/Nivistealer/python_flask/nivistealer.py,sd_card_mirror/badusb/!repo/works_both/data_exfiltration/Win/directly_ready/Bruce-Scripts-Heaven_BAD/BadUSB-FalsePhilosopher/Ducky/USBRubberducky/exfiltration/Win/Nivistealer/python_flask/nivistealer.py,works_both
sd_card_content/badusb_extra_payloads/data_exfiltration/Win/directly_ready/Bruce-Scripts-Heaven_BAD/BadUSB-FalsePhilosopher/BashBunny/payloads/library/exfiltration/FileInfoExfil/ducky_script.txt,sd_card_mirror/badusb/!repo/works_both/data_exfiltration/Win/directly_ready/Bruce-Scripts-Heaven_BAD/BadUSB-FalsePhilosopher/BashBunny/payloads/library/exfiltration/FileInfoExfil/ducky_script.txt,works_both
sd_card_content/badusb_extra_payloads/data_exfiltration/Win/directly_ready/Bruce-Scripts-Heaven_BAD/BadUSB-FalsePhilosopher/Misc/Cheat_Sheets/PayloadsAllTheThings/CVE Exploits/Heartbleed CVE-2014-0160.py,sd_card_mirror/badusb/!repo/works_both/data_exfiltration/Win/directly_ready/Bruce-Scripts-Heaven_BAD/BadUSB-FalsePhilosopher/Misc/Cheat_Sheets/PayloadsAllTheThings/CVE Exploits/Heartbleed CVE-2014-0160.py,works_both
sd_card_content/badusb_extra_payloads/data_exfiltration/Win/directly_ready/Bruce-Scripts-Heaven_BAD/WIFIPASS-to-Dropbox/payload.txt,sd_card_mirror/badusb/!repo/works_both/data_exfiltration/Win/directly_ready/Bruce-Scripts-Heaven_BAD/WIFIPASS-to-Dropbox/payload.txt,works_both
sd_card_content/badusb_extra_payloads/data_exfiltration/Win/directly_ready/Bruce-Scripts-Heaven_BAD/-RD-YT-Tripwire/YouTube-TripWire.txt,sd_card_mirror/badusb/!repo/works_both/data_exfiltration/Win/directly_ready/Bruce-Scripts-Heaven_BAD/-RD-YT-Tripwire/YouTube-TripWire.txt,works_both
sd_card_content/badusb_extra_payloads/data_exfiltration/Win/directly_ready/Bruce-Scripts-Heaven_BAD/OSINT/Discord-Infostealer.txt.txt,sd_card_mirror/badusb/!repo/works_both/data_exfiltration/Win/directly_ready/Bruce-Scripts-Heaven_BAD/OSINT/Discord-Infostealer.txt.txt,works_both
sd_card_content/badusb_extra_payloads/data_exfiltration/Win/directly_ready/Bruce-Scripts-Heaven_BAD/Flipper_Zero_Badusb_hack5_payloads/exfiltration/screenshot_exfil/payload.txt,sd_card_mirror/badusb/!repo/works_both/data_exfiltration/Win/directly_ready/Bruce-Scripts-Heaven_BAD/Flipper_Zero_Badusb_hack5_payloads/exfiltration/screenshot_exfil/payload.txt,works_both
sd_card_content/badusb_extra_payloads/data_exfiltration/Win/directly_ready/Bruce-Scripts-Heaven_BAD/Flipper_Zero_Badusb_hack5_payloads/exfiltration/Discord_Windows_Wifi_IP-Info/payload.txt,sd_card_mirror/badusb/!repo/works_both/data_exfiltration/Win/directly_ready/Bruce-Scripts-Heaven_BAD/Flipper_Zero_Badusb_hack5_payloads/exfiltration/Discord_Windows_Wifi_IP-Info/payload.txt,works_both
sd_card_content/badusb_extra_payloads/data_exfiltration/Win/directly_ready/Bruce-Scripts-Heaven_BAD/Flipper_Zero_Badusb_hack5_payloads/exfiltration/Ducky_Crab/payload.txt,sd_card_mirror/badusb/!repo/works_both/data_exfiltration/Win/directly_ready/Bruce-Scripts-Heaven_BAD/Flipper_Zero_Badusb_hack5_payloads/exfiltration/Ducky_Crab/payload.txt,works_both
sd_card_content/badusb_extra_payloads/data_exfiltration/Win/directly_ready/Bruce-Scripts-Heaven_BAD/Flipper_Zero_Badusb_hack5_payloads/exfiltration/Poor_Mans_Nmap/payload.txt,sd_card_mirror/badusb/!repo/works_both/data_exfiltration/Win/directly_ready/Bruce-Scripts-Heaven_BAD/Flipper_Zero_Badusb_hack5_payloads/exfiltration/Poor_Mans_Nmap/payload.txt,works_both
sd_card_content/badusb_extra_payloads/data_exfiltration/Win/directly_ready/Bruce-Scripts-Heaven_BAD/-RD-Credz-Plz/Credz-Plz-Execute.txt,sd_card_mirror/badusb/!repo/works_both/data_exfiltration/Win/directly_ready/Bruce-Scripts-Heaven_BAD/-RD-Credz-Plz/Credz-Plz-Execute.txt,works_both
sd_card_content/badusb_extra_payloads/data_exfiltration/Win/directly_ready/Bruce-Scripts-Heaven_BAD/Spotify-Spy/payload.txt,sd_card_mirror/badusb/!repo/works_both/data_exfiltration/Win/directly_ready/Bruce-Scripts-Heaven_BAD/Spotify-Spy/payload.txt,works_both
sd_card_content/badusb_extra_payloads/data_exfiltration/Win/directly_ready/Bruce-Scripts-Heaven_BAD/Windows/Exfiltration/ProtonVPNConfigFile_Windows/payload.txt,sd_card_mirror/badusb/!repo/works_both/data_exfiltration/Win/directly_ready/Bruce-Scripts-Heaven_BAD/Windows/Exfiltration/ProtonVPNConfigFile_Windows/payload.txt,works_both
sd_card_content/badusb_extra_payloads/data_exfiltration/Win/directly_ready/Bruce-Scripts-Heaven_BAD/Windows/Exfiltration/Netstat_Windows/payload.txt,sd_card_mirror/badusb/!repo/works_both/data_exfiltration/Win/directly_ready/Bruce-Scripts-Heaven_BAD/Windows/Exfiltration/Netstat_Windows/payload.txt,works_both
sd_card_content/badusb_extra_payloads/data_exfiltration/Win/directly_ready/Bruce-Scripts-Heaven_BAD/Windows/Exfiltration/Exfiltrate_Windows_Product_Key/payload.txt,sd_card_mirror/badusb/!repo/works_both/data_exfiltration/Win/directly_ready/Bruce-Scripts-Heaven_BAD/Windows/Exfiltration/Exfiltrate_Windows_Product_Key/payload.txt,works_both
sd_card_content/badusb_extra_payloads/data_exfiltration/Win/directly_ready/Bruce-Scripts-Heaven_BAD/Windows/Exfiltration/Save_Your_Thunderbird_Settings/payload.txt,sd_card_mirror/badusb/!repo/works_both/data_exfiltration/Win/directly_ready/Bruce-Scripts-Heaven_BAD/Windows/Exfiltration/Save_Your_Thunderbird_Settings/payload.txt,works_both
sd_card_content/badusb_extra_payloads/data_exfiltration/Win/directly_ready/Bruce-Scripts-Heaven_BAD/Powershell-History/payload.txt,sd_card_mirror/badusb/!repo/works_both/data_exfiltration/Win/directly_ready/Bruce-Scripts-Heaven_BAD/Powershell-History/payload.txt,works_both
sd_card_content/badusb_extra_payloads/data_exfiltration/Win/directly_ready/Bruce-Scripts-Heaven_BAD/Image-to-Console/Image-to-Console.txt,sd_card_mirror/badusb/!repo/works_both/data_exfiltration/Win/directly_ready/Bruce-Scripts-Heaven_BAD/Image-to-Console/Image-to-Console.txt,works_both
sd_card_content/badusb_extra_payloads/data_exfiltration/Win/directly_ready/Bruce-Scripts-Heaven_BAD/Record-Screen-to-Discord/Record-Screen-to-Discord.txt,sd_card_mirror/badusb/!repo/works_both/data_exfiltration/Win/directly_ready/Bruce-Scripts-Heaven_BAD/Record-Screen-to-Discord/Record-Screen-to-Discord.txt,works_both
sd_card_content/badusb_extra_payloads/data_exfiltration/Win/directly_ready/Bruce-Scripts-Heaven_BAD/Chrome-Extension-Keylogger/Chrome-Extension-Keylogger.txt,sd_card_mirror/badusb/!repo/works_both/data_exfiltration/Win/directly_ready/Bruce-Scripts-Heaven_BAD/Chrome-Extension-Keylogger/Chrome-Extension-Keylogger.txt,works_both
sd_card_content/badusb_extra_payloads/data_exfiltration/Win/directly_ready/Bruce-Scripts-Heaven_BAD/Webhook-Spammer-GUI/Webhook-Spammer-GUI.txt,sd_card_mirror/badusb/!repo/works_both/data_exfiltration/Win/directly_ready/Bruce-Scripts-Heaven_BAD/Webhook-Spammer-GUI/Webhook-Spammer-GUI.txt,works_both
sd_card_content/badusb_extra_payloads/data_exfiltration/Win/directly_ready/Bruce-Scripts-Heaven_BAD/Browser-Passwords-Dropbox-Exfiltration/payload.txt,sd_card_mirror/badusb/!repo/works_both/data_exfiltration/Win/directly_ready/Bruce-Scripts-Heaven_BAD/Browser-Passwords-Dropbox-Exfiltration/payload.txt,works_both
sd_card_content/badusb_extra_payloads/data_exfiltration/Win/directly_ready/Bruce-Scripts-Heaven_BAD/Bookmark-Hog/payload.txt,sd_card_mirror/badusb/!repo/works_both/data_exfiltration/Win/directly_ready/Bruce-Scripts-Heaven_BAD/Bookmark-Hog/payload.txt,works_both
sd_card_content/badusb_extra_payloads/data_exfiltration/Win/directly_ready/Bruce-Scripts-Heaven_BAD/chrome-exfil/payload.txt,sd_card_mirror/badusb/!repo/works_both/data_exfiltration/Win/directly_ready/Bruce-Scripts-Heaven_BAD/chrome-exfil/payload.txt,works_both
sd_card_content/badusb_extra_payloads/data_exfiltration/Win/directly_ready/Bruce-Scripts-Heaven_BAD/Discord-Infostealer/System-Info-to-Discord.txt,sd_card_mirror/badusb/!repo/works_both/data_exfiltration/Win/directly_ready/Bruce-Scripts-Heaven_BAD/Discord-Infostealer/System-Info-to-Discord.txt,works_both
sd_card_content/badusb_extra_payloads/data_exfiltration/Win/directly_ready/Bruce-Scripts-Heaven_BAD/Clean-History/Clean-History.txt,sd_card_mirror/badusb/!repo/works_both/data_exfiltration/Win/directly_ready/Bruce-Scripts-Heaven_BAD/Clean-History/Clean-History.txt,works_both
sd_card_content/badusb_extra_payloads/data_exfiltration/Win/directly_ready/Bruce-Scripts-Heaven_BAD/Dropbox-Bandit/payload_duckyscript_old.txt,sd_card_mirror/badusb/!repo/works_both/data_exfiltration/Win/directly_ready/Bruce-Scripts-Heaven_BAD/Dropbox-Bandit/payload_duckyscript_old.txt,works_both
sd_card_content/badusb_extra_payloads/data_exfiltration/Win/directly_ready/Bruce-Scripts-Heaven_BAD/MOAB/MOAB.txt,sd_card_mirror/badusb/!repo/works_both/data_exfiltration/Win/directly_ready/Bruce-Scripts-Heaven_BAD/MOAB/MOAB.txt,works_both
sd_card_content/badusb_extra_payloads/data_exfiltration/Win/directly_ready/Bruce-Scripts-Heaven_BAD/exfiltration/DUCKY-WIFI_GRABER/payload.txt,sd_card_mirror/badusb/!repo/works_both/data_exfiltration/Win/directly_ready/Bruce-Scripts-Heaven_BAD/exfiltration/DUCKY-WIFI_GRABER/payload.txt,works_both
sd_card_content/badusb_extra_payloads/data_exfiltration/Win/directly_ready/Bruce-Scripts-Heaven_BAD/exfiltration/Win/Bookmark-Hog/payload.txt,sd_card_mirror/badusb/!repo/works_both/data_exfiltration/Win/directly_ready/Bruce-Scripts-Heaven_BAD/exfiltration/Win/Bookmark-Hog/payload.txt,works_both
sd_card_content/badusb_extra_payloads/data_exfiltration/Win/directly_ready/Bruce-Scripts-Heaven_BAD/exfiltration/Win/History-Pig/payload.txt,sd_card_mirror/badusb/!repo/works_both/data_exfiltration/Win/directly_ready/Bruce-Scripts-Heaven_BAD/exfiltration/Win/History-Pig/payload.txt,works_both
sd_card_content/badusb_extra_payloads/data_exfiltration/Win/directly_ready/Bruce-Scripts-Heaven_BAD/exfiltration/Win/Copy-And-Waste/payload.txt,sd_card_mirror/badusb/!repo/works_both/data_exfiltration/Win/directly_ready/Bruce-Scripts-Heaven_BAD/exfiltration/Win/Copy-And-Waste/payload.txt,works_both
sd_card_content/badusb_extra_payloads/data_exfiltration/Win/directly_ready/Bruce-Scripts-Heaven_BAD/exfiltration/Win/Snaffler/snaffler.txt,sd_card_mirror/badusb/!repo/works_both/data_exfiltration/Win/directly_ready/Bruce-Scripts-Heaven_BAD/exfiltration/Win/Snaffler/snaffler.txt,works_both
sd_card_content/badusb_extra_payloads/data_exfiltration/Win/directly_ready/Bruce-Scripts-Heaven_BAD/Zero-Lazagne/Zero-Lazagne.txt,sd_card_mirror/badusb/!repo/works_both/data_exfiltration/Win/directly_ready/Bruce-Scripts-Heaven_BAD/Zero-Lazagne/Zero-Lazagne.txt,works_both
sd_card_content/badusb_extra_payloads/data_exfiltration/Win/directly_ready/Bruce-Scripts-Heaven_BAD/atomiczsec-BadUSB/OMG/payloads/Priv-Paths/payload.txt,sd_card_mirror/badusb/!repo/works_both/data_exfiltration/Win/directly_ready/Bruce-Scripts-Heaven_BAD/atomiczsec-BadUSB/OMG/payloads/Priv-Paths/payload.txt,works_both
sd_card_content/badusb_extra_payloads/data_exfiltration/Win/directly_ready/Bruce-Scripts-Heaven_BAD/atomiczsec-BadUSB/OMG/payloads/Proton-Hog/payload.txt,sd_card_mirror/badusb/!repo/works_both/data_exfiltration/Win/directly_ready/Bruce-Scripts-Heaven_BAD/atomiczsec-BadUSB/OMG/payloads/Proton-Hog/payload.txt,works_both
sd_card_content/badusb_extra_payloads/data_exfiltration/Win/directly_ready/Bruce-Scripts-Heaven_BAD/atomiczsec-BadUSB/OMG/payloads/Browser-Grab/payload.txt,sd_card_mirror/badusb/!repo/works_both/data_exfiltration/Win/directly_ready/Bruce-Scripts-Heaven_BAD/atomiczsec-BadUSB/OMG/payloads/Browser-Grab/payload.txt,works_both
sd_card_content/badusb_extra_payloads/data_exfiltration/Win/directly_ready/Bruce-Scripts-Heaven_BAD/atomiczsec-BadUSB/FlipperZero/payloads/Priv-Paths/payload.txt,sd_card_mirror/badusb/!repo/works_both/data_exfiltration/Win/directly_ready/Bruce-Scripts-Heaven_BAD/atomiczsec-BadUSB/FlipperZero/payloads/Priv-Paths/payload.txt,works_both
sd_card_content/badusb_extra_payloads/data_exfiltration/Win/directly_ready/Bruce-Scripts-Heaven_BAD/atomiczsec-BadUSB/FlipperZero/payloads/Spotify-Spy/payload.txt,sd_card_mirror/badusb/!repo/works_both/data_exfiltration/Win/directly_ready/Bruce-Scripts-Heaven_BAD/atomiczsec-BadUSB/FlipperZero/payloads/Spotify-Spy/payload.txt,works_both
sd_card_content/badusb_extra_payloads/data_exfiltration/Win/directly_ready/Bruce-Scripts-Heaven_BAD/atomiczsec-BadUSB/FlipperZero/payloads/Powershell-History/payload.txt,sd_card_mirror/badusb/!repo/works_both/data_exfiltration/Win/directly_ready/Bruce-Scripts-Heaven_BAD/atomiczsec-BadUSB/FlipperZero/payloads/Powershell-History/payload.txt,works_both
sd_card_content/badusb_extra_payloads/data_exfiltration/Win/directly_ready/Bruce-Scripts-Heaven_BAD/atomiczsec-BadUSB/FlipperZero/payloads/Browser-Devil/Browser-Devil/payload.txt,sd_card_mirror/badusb/!repo/works_both/data_exfiltration/Win/directly_ready/Bruce-Scripts-Heaven_BAD/atomiczsec-BadUSB/FlipperZero/payloads/Browser-Devil/Browser-Devil/payload.txt,works_both
sd_card_content/badusb_extra_payloads/data_exfiltration/Win/directly_ready/Bruce-Scripts-Heaven_BAD/atomiczsec-BadUSB/FlipperZero/payloads/Bookmark-Hog/payload.txt,sd_card_mirror/badusb/!repo/works_both/data_exfiltration/Win/directly_ready/Bruce-Scripts-Heaven_BAD/atomiczsec-BadUSB/FlipperZero/payloads/Bookmark-Hog/payload.txt,works_both
sd_card_content/badusb_extra_payloads/data_exfiltration/Win/directly_ready/Bruce-Scripts-Heaven_BAD/atomiczsec-BadUSB/FlipperZero/payloads/Proton-Hog/payload.txt,sd_card_mirror/badusb/!repo/works_both/data_exfiltration/Win/directly_ready/Bruce-Scripts-Heaven_BAD/atomiczsec-BadUSB/FlipperZero/payloads/Proton-Hog/payload.txt,works_both
sd_card_content/badusb_extra_payloads/data_exfiltration/Win/directly_ready/Bruce-Scripts-Heaven_BAD/atomiczsec-BadUSB/FlipperZero/payloads/Screen-Shock/payload.txt,sd_card_mirror/badusb/!repo/works_both/data_exfiltration/Win/directly_ready/Bruce-Scripts-Heaven_BAD/atomiczsec-BadUSB/FlipperZero/payloads/Screen-Shock/payload.txt,works_both
sd_card_content/badusb_extra_payloads/data_exfiltration/Win/directly_ready/Bruce-Scripts-Heaven_BAD/atomiczsec-BadUSB/FlipperZero/payloads/Copy-And-Waste/payload.txt,sd_card_mirror/badusb/!repo/works_both/data_exfiltration/Win/directly_ready/Bruce-Scripts-Heaven_BAD/atomiczsec-BadUSB/FlipperZero/payloads/Copy-And-Waste/payload.txt,works_both
sd_card_content/badusb_extra_payloads/data_exfiltration/Win/directly_ready/Bruce-Scripts-Heaven_BAD/atomiczsec-BadUSB/FlipperZero/payloads/Pwn-Drive/payload.txt,sd_card_mirror/badusb/!repo/works_both/data_exfiltration/Win/directly_ready/Bruce-Scripts-Heaven_BAD/atomiczsec-BadUSB/FlipperZero/payloads/Pwn-Drive/payload.txt,works_both
sd_card_content/badusb_extra_payloads/data_exfiltration/Win/directly_ready/Bruce-Scripts-Heaven_BAD/atomiczsec-BadUSB/RubberDucky/payloads/Browser-Grab/payload.txt,sd_card_mirror/badusb/!repo/works_both/data_exfiltration/Win/directly_ready/Bruce-Scripts-Heaven_BAD/atomiczsec-BadUSB/RubberDucky/payloads/Browser-Grab/payload.txt,works_both
sd_card_content/badusb_extra_payloads/data_exfiltration/Win/directly_ready/Bruce-Scripts-Heaven_BAD/Global-PS-Trascription-to-Discord/Global-PS-Trascript-to-DC.txt,sd_card_mirror/badusb/!repo/works_both/data_exfiltration/Win/directly_ready/Bruce-Scripts-Heaven_BAD/Global-PS-Trascription-to-Discord/Global-PS-Trascript-to-DC.txt,works_both
sd_card_content/badusb_extra_payloads/data_exfiltration/Win/directly_ready/Bruce-Scripts-Heaven_BAD/Mouse-Monitor-to-Discord/Mouse-Activity-to-Discord.txt,sd_card_mirror/badusb/!repo/works_both/data_exfiltration/Win/directly_ready/Bruce-Scripts-Heaven_BAD/Mouse-Monitor-to-Discord/Mouse-Activity-to-Discord.txt,works_both
sd_card_content/badusb_extra_payloads/data_exfiltration/Win/directly_ready/Bruce-Scripts-Heaven_BAD/History-Pig/payload.txt,sd_card_mirror/badusb/!repo/works_both/data_exfiltration/Win/directly_ready/Bruce-Scripts-Heaven_BAD/History-Pig/payload.txt,works_both
sd_card_content/badusb_extra_payloads/data_exfiltration/Win/directly_ready/Bruce-Scripts-Heaven_BAD/quackberry/exfil_documents.txt,sd_card_mirror/badusb/!repo/works_both/data_exfiltration/Win/directly_ready/Bruce-Scripts-Heaven_BAD/quackberry/exfil_documents.txt,works_both
sd_card_content/badusb_extra_payloads/data_exfiltration/Win/directly_ready/Bruce-Scripts-Heaven_BAD/Hasta lasagna!/payload.txt,sd_card_mirror/badusb/!repo/works_both/data_exfiltration/Win/directly_ready/Bruce-Scripts-Heaven_BAD/Hasta lasagna!/payload.txt,works_both
sd_card_content/badusb_extra_payloads/data_exfiltration/Win/directly_ready/Bruce-Scripts-Heaven_BAD/Discord-Keylogger/Keylogger-to-Discord.txt,sd_card_mirror/badusb/!repo/works_both/data_exfiltration/Win/directly_ready/Bruce-Scripts-Heaven_BAD/Discord-Keylogger/Keylogger-to-Discord.txt,works_both
sd_card_content/badusb_extra_payloads/data_exfiltration/Win/directly_ready/Bruce-Scripts-Heaven_BAD/screenshot_exfil/payload.txt,sd_card_mirror/badusb/!repo/works_both/data_exfiltration/Win/directly_ready/Bruce-Scripts-Heaven_BAD/screenshot_exfil/payload.txt,works_both
sd_card_content/badusb_extra_payloads/data_exfiltration/Win/directly_ready/Bruce-Scripts-Heaven_BAD/Screen-Shock/payload.txt,sd_card_mirror/badusb/!repo/works_both/data_exfiltration/Win/directly_ready/Bruce-Scripts-Heaven_BAD/Screen-Shock/payload.txt,works_both
sd_card_content/badusb_extra_payloads/data_exfiltration/Win/directly_ready/Bruce-Scripts-Heaven_BAD/Copy-And-Waste/payload.txt,sd_card_mirror/badusb/!repo/works_both/data_exfiltration/Win/directly_ready/Bruce-Scripts-Heaven_BAD/Copy-And-Waste/payload.txt,works_both
sd_card_content/badusb_extra_payloads/data_exfiltration/Win/directly_ready/Bruce-Scripts-Heaven_BAD/PassVault/PassVault2Discord.txt,sd_card_mirror/badusb/!repo/works_both/data_exfiltration/Win/directly_ready/Bruce-Scripts-Heaven_BAD/PassVault/PassVault2Discord.txt,works_both
sd_card_content/badusb_extra_payloads/data_exfiltration/Win/directly_ready/Bruce-Scripts-Heaven_BAD/File-Monitor-to-Discord/File-Changes-to-Discord.txt,sd_card_mirror/badusb/!repo/works_both/data_exfiltration/Win/directly_ready/Bruce-Scripts-Heaven_BAD/File-Monitor-to-Discord/File-Changes-to-Discord.txt,works_both
sd_card_content/badusb_extra_payloads/data_exfiltration/Win/directly_ready/Bruce-Scripts-Heaven_BAD/Chrome-DB-to-Discord/Chrome-DB-to-Discord.txt,sd_card_mirror/badusb/!repo/works_both/data_exfiltration/Win/directly_ready/Bruce-Scripts-Heaven_BAD/Chrome-DB-to-Discord/Chrome-DB-to-Discord.txt,works_both
sd_card_content/badusb_extra_payloads/data_exfiltration/Win/directly_ready/Bruce-Scripts-Heaven_BAD/web2Discord/Web2Discord.txt,sd_card_mirror/badusb/!repo/works_both/data_exfiltration/Win/directly_ready/Bruce-Scripts-Heaven_BAD/web2Discord/Web2Discord.txt,works_both
sd_card_content/badusb_extra_payloads/data_exfiltration/Win/directly_ready/Bruce-Scripts-Heaven_BAD/Webcam-to-Discord/Webcam-to-Discord.txt,sd_card_mirror/badusb/!repo/works_both/data_exfiltration/Win/directly_ready/Bruce-Scripts-Heaven_BAD/Webcam-to-Discord/Webcam-to-Discord.txt,works_both
sd_card_content/badusb_extra_payloads/data_exfiltration/Win/directly_ready/Bruce-Scripts-Heaven_BAD/Unsaved-Notepad-to-Discord/Notepad-Tabs-to-Discord.txt,sd_card_mirror/badusb/!repo/works_both/data_exfiltration/Win/directly_ready/Bruce-Scripts-Heaven_BAD/Unsaved-Notepad-to-Discord/Notepad-Tabs-to-Discord.txt,works_both
sd_card_content/badusb_extra_payloads/data_exfiltration/Win/directly_ready/Bruce-Scripts-Heaven_BAD/Discord_Windows_Wifi_IP-Info/payload.txt,sd_card_mirror/badusb/!repo/works_both/data_exfiltration/Win/directly_ready/Bruce-Scripts-Heaven_BAD/Discord_Windows_Wifi_IP-Info/payload.txt,works_both
sd_card_content/badusb_extra_payloads/data_exfiltration/Win/directly_ready/Bruce-Scripts-Heaven_BAD/omg-payloads-master/payloads/library/exfiltration/Exfil-to-Plug/payload.txt,sd_card_mirror/badusb/!repo/works_both/data_exfiltration/Win/directly_ready/Bruce-Scripts-Heaven_BAD/omg-payloads-master/payloads/library/exfiltration/Exfil-to-Plug/payload.txt,works_both
sd_card_content/badusb_extra_payloads/data_exfiltration/Win/directly_ready/Bruce-Scripts-Heaven_BAD/omg-payloads-master/payloads/library/exfiltration/Everything-Password-Stealer/payload.txt,sd_card_mirror/badusb/!repo/works_both/data_exfiltration/Win/directly_ready/Bruce-Scripts-Heaven_BAD/omg-payloads-master/payloads/library/exfiltration/Everything-Password-Stealer/payload.txt,works_both
sd_card_content/badusb_extra_payloads/data_exfiltration/Win/directly_ready/Bruce-Scripts-Heaven_BAD/BadUSB/Grabber-Discord_Webhook.txt,sd_card_mirror/badusb/!repo/works_both/data_exfiltration/Win/directly_ready/Bruce-Scripts-Heaven_BAD/BadUSB/Grabber-Discord_Webhook.txt,works_both
sd_card_content/badusb_extra_payloads/data_exfiltration/Win/directly_ready/Bruce-Scripts-Heaven_BAD/BadUSB/UNC0V3R3D-BadUSB-Collection/Windows_Badusb/PasswordStuff/ChromePasswords/chrome_passwords_discord.txt,sd_card_mirror/badusb/!repo/works_both/data_exfiltration/Win/directly_ready/Bruce-Scripts-Heaven_BAD/BadUSB/UNC0V3R3D-BadUSB-Collection/Windows_Badusb/PasswordStuff/ChromePasswords/chrome_passwords_discord.txt,works_both
sd_card_content/badusb_extra_payloads/data_exfiltration/Win/directly_ready/Bruce-Scripts-Heaven_BAD/BadUSB/UNC0V3R3D-BadUSB-Collection/Windows_Badusb/PasswordStuff/StealWifiKeys_Discord/StealWifiKeys_Discord.txt,sd_card_mirror/badusb/!repo/works_both/data_exfiltration/Win/directly_ready/Bruce-Scripts-Heaven_BAD/BadUSB/UNC0V3R3D-BadUSB-Collection/Windows_Badusb/PasswordStuff/StealWifiKeys_Discord/StealWifiKeys_Discord.txt,works_both
sd_card_content/badusb_extra_payloads/data_exfiltration/Win/directly_ready/Bruce-Scripts-Heaven_BAD/BadUSB/UNC0V3R3D-BadUSB-Collection/Windows_Badusb/Exfiltration/Document_Exfil/Exfiltrate_Documents.txt,sd_card_mirror/badusb/!repo/works_both/data_exfiltration/Win/directly_ready/Bruce-Scripts-Heaven_BAD/BadUSB/UNC0V3R3D-BadUSB-Collection/Windows_Badusb/Exfiltration/Document_Exfil/Exfiltrate_Documents.txt,works_both
sd_card_content/badusb_extra_payloads/data_exfiltration/Win/directly_ready/Bruce-Scripts-Heaven_BAD/BadUSB/UNC0V3R3D-BadUSB-Collection/Windows_Badusb/Exfiltration/Network_Exfiltration/Network_Exfiltration.txt,sd_card_mirror/badusb/!repo/works_both/data_exfiltration/Win/directly_ready/Bruce-Scripts-Heaven_BAD/BadUSB/UNC0V3R3D-BadUSB-Collection/Windows_Badusb/Exfiltration/Network_Exfiltration/Network_Exfiltration.txt,works_both
sd_card_content/badusb_extra_payloads/data_exfiltration/Win/directly_ready/Bruce-Scripts-Heaven_BAD/BadUSB/UNC0V3R3D-BadUSB-Collection/Windows_Badusb/Exfiltration/SAMexfil/SAMexfil.txt,sd_card_mirror/badusb/!repo/works_both/data_exfiltration/Win/directly_ready/Bruce-Scripts-Heaven_BAD/BadUSB/UNC0V3R3D-BadUSB-Collection/Windows_Badusb/Exfiltration/SAMexfil/SAMexfil.txt,works_both
sd_card_content/badusb_extra_payloads/data_exfiltration/Win/directly_ready/Bruce-Scripts-Heaven_BAD/BadUSB/Copy-And-Waste/payload.txt,sd_card_mirror/badusb/!repo/works_both/data_exfiltration/Win/directly_ready/Bruce-Scripts-Heaven_BAD/BadUSB/Copy-And-Waste/payload.txt,works_both
sd_card_content/badusb_extra_payloads/data_exfiltration/Win/directly_ready/Bruce-Scripts-Heaven_BAD/Exfiltrate-to-Discord/Exfiltrate-to-Discord.txt,sd_card_mirror/badusb/!repo/works_both/data_exfiltration/Win/directly_ready/Bruce-Scripts-Heaven_BAD/Exfiltrate-to-Discord/Exfiltrate-to-Discord.txt,works_both
sd_card_content/badusb_extra_payloads/data_exfiltration/Win/directly_ready/Bruce-Scripts-Heaven_BAD/Exfiltrate-to-Dropbox/Exfiltrate-to-Dropbox.txt,sd_card_mirror/badusb/!repo/works_both/data_exfiltration/Win/directly_ready/Bruce-Scripts-Heaven_BAD/Exfiltrate-to-Dropbox/Exfiltrate-to-Dropbox.txt,works_both
sd_card_content/badusb_extra_payloads/data_exfiltration/Win/directly_ready/Bruce-Scripts-Heaven_BAD/Exfiltrate-to-Telegram/Exfiltrate-to-Telegram.txt,sd_card_mirror/badusb/!repo/works_both/data_exfiltration/Win/directly_ready/Bruce-Scripts-Heaven_BAD/Exfiltrate-to-Telegram/Exfiltrate-to-Telegram.txt,works_both
sd_card_content/badusb_extra_payloads/data_exfiltration/Win/directly_ready/Bruce-Scripts-Heaven_BAD/Pwn-Drive/payload.txt,sd_card_mirror/badusb/!repo/works_both/data_exfiltration/Win/directly_ready/Bruce-Scripts-Heaven_BAD/Pwn-Drive/payload.txt,works_both
sd_card_content/badusb_extra_payloads/data_exfiltration/Win/directly_ready/Bruce-Scripts-Heaven_BAD/Speech-to-Discord/Speech-to-Discord.txt,sd_card_mirror/badusb/!repo/works_both/data_exfiltration/Win/directly_ready/Bruce-Scripts-Heaven_BAD/Speech-to-Discord/Speech-to-Discord.txt,works_both
sd_card_content/badusb_extra_payloads/data_exfiltration/Win/directly_ready/Bruce-Scripts-Heaven_BAD/Poor_Mans_Nmap/payload.txt,sd_card_mirror/badusb/!repo/works_both/data_exfiltration/Win/directly_ready/Bruce-Scripts-Heaven_BAD/Poor_Mans_Nmap/payload.txt,works_both
sd_card_content/badusb_extra_payloads/data_exfiltration/Win/directly_ready/Bruce-Scripts-Heaven_BAD/UNC0V3R3D-BadUSB/BadUsb-Collection/Windows_Badusb/PasswordStuff/ChromePasswords/chrome_passwords_discord.txt,sd_card_mirror/badusb/!repo/works_both/data_exfiltration/Win/directly_ready/Bruce-Scripts-Heaven_BAD/UNC0V3R3D-BadUSB/BadUsb-Collection/Windows_Badusb/PasswordStuff/ChromePasswords/chrome_passwords_discord.txt,works_both
sd_card_content/badusb_extra_payloads/data_exfiltration/Win/directly_ready/Bruce-Scripts-Heaven_BAD/UNC0V3R3D-BadUSB/BadUsb-Collection/Windows_Badusb/Exfiltration/USB_And_Harddrive_Information/USB_And_Harddrive_Information.txt,sd_card_mirror/badusb/!repo/works_both/data_exfiltration/Win/directly_ready/Bruce-Scripts-Heaven_BAD/UNC0V3R3D-BadUSB/BadUsb-Collection/Windows_Badusb/Exfiltration/USB_And_Harddrive_Information/USB_And_Harddrive_Information.txt,works_both
sd_card_content/badusb_extra_payloads/data_exfiltration/Win/directly_ready/Bruce-Scripts-Heaven_BAD/UNC0V3R3D-BadUSB/BadUsb-Collection/Windows_Badusb/Exfiltration/ListWindowsUpdates/ListWindowsUpdates.txt,sd_card_mirror/badusb/!repo/works_both/data_exfiltration/Win/directly_ready/Bruce-Scripts-Heaven_BAD/UNC0V3R3D-BadUSB/BadUsb-Collection/Windows_Badusb/Exfiltration/ListWindowsUpdates/ListWindowsUpdates.txt,works_both
sd_card_content/badusb_extra_payloads/data_exfiltration/Win/directly_ready/Bruce-Scripts-Heaven_BAD/UNC0V3R3D-BadUSB/BadUsb-Collection/Windows_Badusb/Exfiltration/Keylogger/Keylogger.txt,sd_card_mirror/badusb/!repo/works_both/data_exfiltration/Win/directly_ready/Bruce-Scripts-Heaven_BAD/UNC0V3R3D-BadUSB/BadUsb-Collection/Windows_Badusb/Exfiltration/Keylogger/Keylogger.txt,works_both
sd_card_content/badusb_extra_payloads/data_exfiltration/Win/directly_ready/Bruce-Scripts-Heaven_BAD/UNC0V3R3D-BadUSB/BadUsb-Collection/Windows_Badusb/Exfiltration/GetAllComputerInfo/GetAllComputerInfo.txt,sd_card_mirror/badusb/!repo/works_both/data_exfiltration/Win/directly_ready/Bruce-Scripts-Heaven_BAD/UNC0V3R3D-BadUSB/BadUsb-Collection/Windows_Badusb/Exfiltration/GetAllComputerInfo/GetAllComputerInfo.txt,works_both
sd_card_content/badusb_extra_payloads/data_exfiltration/Win/directly_ready/Bruce-Scripts-Heaven_BAD/UNC0V3R3D-BadUSB/BadUsb-Collection/Windows_Badusb/Exfiltration/Win_User_Info/Win_User_Info.txt,sd_card_mirror/badusb/!repo/works_both/data_exfiltration/Win/directly_ready/Bruce-Scripts-Heaven_BAD/UNC0V3R3D-BadUSB/BadUsb-Collection/Windows_Badusb/Exfiltration/Win_User_Info/Win_User_Info.txt,works_both
sd_card_content/badusb_extra_payloads/data_exfiltration/Win/directly_ready/Bruce-Scripts-Heaven_BAD/UNC0V3R3D-BadUSB/BadUsb-Collection/Windows_Badusb/Exfiltration/ExfilFirefox/ExfilFirefox.txt,sd_card_mirror/badusb/!repo/works_both/data_exfiltration/Win/directly_ready/Bruce-Scripts-Heaven_BAD/UNC0V3R3D-BadUSB/BadUsb-Collection/Windows_Badusb/Exfiltration/ExfilFirefox/ExfilFirefox.txt,works_both
sd_card_content/badusb_extra_payloads/data_exfiltration/Win/directly_ready/Bruce-Scripts-Heaven_BAD/UNC0V3R3D-BadUSB/BadUsb-Collection/Windows_Badusb/Exfiltration/General_PC_Information/General_PC_Information.txt,sd_card_mirror/badusb/!repo/works_both/data_exfiltration/Win/directly_ready/Bruce-Scripts-Heaven_BAD/UNC0V3R3D-BadUSB/BadUsb-Collection/Windows_Badusb/Exfiltration/General_PC_Information/General_PC_Information.txt,works_both
sd_card_content/badusb_extra_payloads/data_exfiltration/Win/directly_ready/Bruce-Scripts-Heaven_BAD/UNC0V3R3D-BadUSB/BadUsb-Collection/Windows_Badusb/Exfiltration/SAMexfil/SAMexfil.txt,sd_card_mirror/badusb/!repo/works_both/data_exfiltration/Win/directly_ready/Bruce-Scripts-Heaven_BAD/UNC0V3R3D-BadUSB/BadUsb-Collection/Windows_Badusb/Exfiltration/SAMexfil/SAMexfil.txt,works_both
sd_card_content/badusb_extra_payloads/data_exfiltration/Win/directly_ready/Bruce-Scripts-Heaven_BAD/UNC0V3R3D-BadUSB/BadUsb-Collection/Windows_Badusb/Exfiltration/IP_To_Discord/SaveIP_ToDiscordWebhook.txt,sd_card_mirror/badusb/!repo/works_both/data_exfiltration/Win/directly_ready/Bruce-Scripts-Heaven_BAD/UNC0V3R3D-BadUSB/BadUsb-Collection/Windows_Badusb/Exfiltration/IP_To_Discord/SaveIP_ToDiscordWebhook.txt,works_both
sd_card_content/badusb_extra_payloads/data_exfiltration/Win/directly_ready/Bruce-Scripts-Heaven_BAD/Telegram/Wifi2Telegram.txt,sd_card_mirror/badusb/!repo/works_both/data_exfiltration/Win/directly_ready/Bruce-Scripts-Heaven_BAD/Telegram/Wifi2Telegram.txt,works_both
sd_card_content/badusb_extra_payloads/data_exfiltration/Win/directly_ready/Bruce-Scripts-Heaven_BAD/-RD-ShortcutJacker/Shortcut-Jacker-Execute.txt,sd_card_mirror/badusb/!repo/works_both/data_exfiltration/Win/directly_ready/Bruce-Scripts-Heaven_BAD/-RD-ShortcutJacker/Shortcut-Jacker-Execute.txt,works_both
sd_card_content/badusb_extra_payloads/data_exfiltration/Win/directly_ready/Bruce-Scripts-Heaven_BAD/Record-Mic-to-Discord/Record-Mic-to-Discord.txt,sd_card_mirror/badusb/!repo/works_both/data_exfiltration/Win/directly_ready/Bruce-Scripts-Heaven_BAD/Record-Mic-to-Discord/Record-Mic-to-Discord.txt,works_both
sd_card_content/badusb_extra_payloads/data_exfiltration/Win/configuration_needed/BadUsb-Library/Webcam-to-Discord.txt,sd_card_mirror/badusb/!repo/works_both/data_exfiltration/Win/configuration_needed/BadUsb-Library/Webcam-to-Discord.txt,works_both
sd_card_content/badusb_extra_payloads/data_exfiltration/Win/configuration_needed/BadUsb-Library/Exfiltrate-to-Telegram.txt,sd_card_mirror/badusb/!repo/works_both/data_exfiltration/Win/configuration_needed/BadUsb-Library/Exfiltrate-to-Telegram.txt,works_both
sd_card_content/badusb_extra_payloads/data_exfiltration/Win/configuration_needed/BadUsb-Library/Screenshot-to-Telegram.txt,sd_card_mirror/badusb/!repo/works_both/data_exfiltration/Win/configuration_needed/BadUsb-Library/Screenshot-to-Telegram.txt,works_both
sd_card_content/badusb_extra_payloads/data_exfiltration/Win/configuration_needed/BadUsb-Library/Exfiltrate-to-Discord.txt,sd_card_mirror/badusb/!repo/works_both/data_exfiltration/Win/configuration_needed/BadUsb-Library/Exfiltrate-to-Discord.txt,works_both
sd_card_content/badusb_extra_payloads/data_exfiltration/Win/configuration_needed/BadUsb-Library/Screenshot-to-Discord.txt,sd_card_mirror/badusb/!repo/works_both/data_exfiltration/Win/configuration_needed/BadUsb-Library/Screenshot-to-Discord.txt,works_both
sd_card_content/badusb_extra_payloads/data_exfiltration/Win/configuration_needed/BadUsb-Library/Record-Mic-to-Discord.txt,sd_card_mirror/badusb/!repo/works_both/data_exfiltration/Win/configuration_needed/BadUsb-Library/Record-Mic-to-Discord.txt,works_both
sd_card_content/badusb_extra_payloads/data_exfiltration/Win/configuration_needed/BadUsb-Library/Exfiltrate-to-Dropbox.txt,sd_card_mirror/badusb/!repo/works_both/data_exfiltration/Win/configuration_needed/BadUsb-Library/Exfiltrate-to-Dropbox.txt,works_both
sd_card_content/badusb_extra_payloads/data_exfiltration/Win/configuration_needed/BadUsb-Library/Record-Screen-to-Discord.txt,sd_card_mirror/badusb/!repo/works_both/data_exfiltration/Win/configuration_needed/BadUsb-Library/Record-Screen-to-Discord.txt,works_both
sd_card_content/badusb_extra_payloads/data_exfiltration/Win/configuration_needed/BadUsb-Library/Browser-History-to-Discord.txt,sd_card_mirror/badusb/!repo/works_both/data_exfiltration/Win/configuration_needed/BadUsb-Library/Browser-History-to-Discord.txt,works_both
sd_card_content/badusb_extra_payloads/data_exfiltration/Win/configuration_needed/Bruce-Scripts-Heaven_BAD/Browser-Passwords-Dropbox-Exfiltration/Version 01/payload.txt,sd_card_mirror/badusb/!repo/works_both/data_exfiltration/Win/configuration_needed/Bruce-Scripts-Heaven_BAD/Browser-Passwords-Dropbox-Exfiltration/Version 01/payload.txt,works_both
sd_card_content/badusb_extra_payloads/data_exfiltration/Win/configuration_needed/Bruce-Scripts-Heaven_BAD/Dropbox-Bandit/payload.txt,sd_card_mirror/badusb/!repo/works_both/data_exfiltration/Win/configuration_needed/Bruce-Scripts-Heaven_BAD/Dropbox-Bandit/payload.txt,works_both
sd_card_content/badusb_extra_payloads/data_exfiltration/Win/configuration_needed/Bruce-Scripts-Heaven_BAD/exfiltration/Exfiltration-example3.txt,sd_card_mirror/badusb/!repo/works_both/data_exfiltration/Win/configuration_needed/Bruce-Scripts-Heaven_BAD/exfiltration/Exfiltration-example3.txt,works_both
sd_card_content/badusb_extra_payloads/data_exfiltration/Android/directly_ready/BadUsb-Library/File-Explorer-Stealer.txt,sd_card_mirror/badusb/!repo/works_both/data_exfiltration/Android/directly_ready/BadUsb-Library/File-Explorer-Stealer.txt,works_both
sd_card_content/badusb_extra_payloads/data_exfiltration/iOS/directly_ready/Bruce-Scripts-Heaven_BAD/omg-payloads-master/payloads/library/mobile/ios/ActiveSync-Exfil/payload.txt,sd_card_mirror/badusb/!repo/works_both/data_exfiltration/iOS/directly_ready/Bruce-Scripts-Heaven_BAD/omg-payloads-master/payloads/library/mobile/ios/ActiveSync-Exfil/payload.txt,works_both
sd_card_content/badusb_extra_payloads/data_exfiltration/iOS/directly_ready/Bruce-Scripts-Heaven_BAD/omg-payloads-master/payloads/library/mobile/ios/ActiveSync-Exfil-(EXCHANGE)/payload.txt,sd_card_mirror/badusb/!repo/works_both/data_exfiltration/iOS/directly_ready/Bruce-Scripts-Heaven_BAD/omg-payloads-master/payloads/library/mobile/ios/ActiveSync-Exfil-(EXCHANGE)/payload.txt,works_both
sd_card_content/badusb_extra_payloads/utilities/Unix-like/macOS/directly_ready/BadUsb-Library/System-Cleaner.txt,sd_card_mirror/badusb/!repo/works_both/utilities/Unix-like/macOS/directly_ready/BadUsb-Library/System-Cleaner.txt,works_both
sd_card_content/badusb_extra_payloads/utilities/Unix-like/macOS/directly_ready/BadUsb-Library/System-Monitor.txt,sd_card_mirror/badusb/!repo/works_both/utilities/Unix-like/macOS/directly_ready/BadUsb-Library/System-Monitor.txt,works_both
sd_card_content/badusb_extra_payloads/utilities/Unix-like/macOS/directly_ready/BadUsb-Library/System-Info.txt,sd_card_mirror/badusb/!repo/works_both/utilities/Unix-like/macOS/directly_ready/BadUsb-Library/System-Info.txt,works_both
sd_card_content/badusb_extra_payloads/utilities/Unix-like/macOS/directly_ready/UberGuidoZ_BadUSB/MacOS-narstybits/GoodUSB Readme.md,sd_card_mirror/badusb/!repo/works_both/utilities/Unix-like/macOS/directly_ready/UberGuidoZ_BadUSB/MacOS-narstybits/GoodUSB Readme.md,works_both
sd_card_content/badusb_extra_payloads/utilities/Unix-like/macOS/directly_ready/Bruce-Scripts-Heaven_BAD/MacOS-narstybits/Goodusb/Git Repository Updater.txt,sd_card_mirror/badusb/!repo/works_both/utilities/Unix-like/macOS/directly_ready/Bruce-Scripts-Heaven_BAD/MacOS-narstybits/Goodusb/Git Repository Updater.txt,works_both
sd_card_content/badusb_extra_payloads/utilities/Unix-like/macOS/directly_ready/Bruce-Scripts-Heaven_BAD/MacOS-narstybits/Goodusb/Weather Check.txt,sd_card_mirror/badusb/!repo/works_both/utilities/Unix-like/macOS/directly_ready/Bruce-Scripts-Heaven_BAD/MacOS-narstybits/Goodusb/Weather Check.txt,works_both
sd_card_content/badusb_extra_payloads/utilities/Unix-like/macOS/directly_ready/Bruce-Scripts-Heaven_BAD/MacOS-narstybits/Goodusb/Live Chart and price ticker.txt,sd_card_mirror/badusb/!repo/works_both/utilities/Unix-like/macOS/directly_ready/Bruce-Scripts-Heaven_BAD/MacOS-narstybits/Goodusb/Live Chart and price ticker.txt,works_both
sd_card_content/badusb_extra_payloads/utilities/Unix-like/macOS/directly_ready/Bruce-Scripts-Heaven_BAD/MacOS-narstybits/Goodusb/flipper_only/All Applications at once.txt,sd_card_mirror/badusb/!repo/flipper_only/utilities/Unix-like/macOS/directly_ready/Bruce-Scripts-Heaven_BAD/MacOS-narstybits/Goodusb/flipper_only/All Applications at once.txt,flipper_only
sd_card_content/badusb_extra_payloads/utilities/Unix-like/macOS/directly_ready/Bruce-Scripts-Heaven_BAD/MacOS-narstybits/Goodusb/flipper_only/AudioInfo.ducky.txt,sd_card_mirror/badusb/!repo/flipper_only/utilities/Unix-like/macOS/directly_ready/Bruce-Scripts-Heaven_BAD/MacOS-narstybits/Goodusb/flipper_only/AudioInfo.ducky.txt,flipper_only
sd_card_content/badusb_extra_payloads/utilities/Unix-like/macOS/directly_ready/Bruce-Scripts-Heaven_BAD/MacOS-narstybits/Goodusb/flipper_only/Gmail Address Generator.txt,sd_card_mirror/badusb/!repo/flipper_only/utilities/Unix-like/macOS/directly_ready/Bruce-Scripts-Heaven_BAD/MacOS-narstybits/Goodusb/flipper_only/Gmail Address Generator.txt,flipper_only
sd_card_content/badusb_extra_payloads/utilities/Unix-like/macOS/directly_ready/Bruce-Scripts-Heaven_BAD/MacOS-narstybits/Goodusb/flipper_only/Htop Digital Dashboard.txt,sd_card_mirror/badusb/!repo/flipper_only/utilities/Unix-like/macOS/directly_ready/Bruce-Scripts-Heaven_BAD/MacOS-narstybits/Goodusb/flipper_only/Htop Digital Dashboard.txt,flipper_only
sd_card_content/badusb_extra_payloads/utilities/Unix-like/macOS/directly_ready/Bruce-Scripts-Heaven_BAD/MacOS-narstybits/Goodusb/flipper_only/MacUpdaterBot+.txt,sd_card_mirror/badusb/!repo/flipper_only/utilities/Unix-like/macOS/directly_ready/Bruce-Scripts-Heaven_BAD/MacOS-narstybits/Goodusb/flipper_only/MacUpdaterBot+.txt,flipper_only
sd_card_content/badusb_extra_payloads/utilities/Unix-like/macOS/directly_ready/Bruce-Scripts-Heaven_BAD/MacOS-narstybits/Goodusb/flipper_only/Toggle Wifi.txt,sd_card_mirror/badusb/!repo/flipper_only/utilities/Unix-like/macOS/directly_ready/Bruce-Scripts-Heaven_BAD/MacOS-narstybits/Goodusb/flipper_only/Toggle Wifi.txt,flipper_only
sd_card_content/badusb_extra_payloads/utilities/Unix-like/macOS/directly_ready/Bruce-Scripts-Heaven_BAD/MacOS-narstybits/Goodusb/flipper_only/Vtop Enhanced Dashboard.txt,sd_card_mirror/badusb/!repo/flipper_only/utilities/Unix-like/macOS/directly_ready/Bruce-Scripts-Heaven_BAD/MacOS-narstybits/Goodusb/flipper_only/Vtop Enhanced Dashboard.txt,flipper_only
sd_card_content/badusb_extra_payloads/utilities/Unix-like/macOS/directly_ready/Bruce-Scripts-Heaven_BAD/MacOS-narstybits/Goodusb/flipper_only/Quick Lock Screen.txt,sd_card_mirror/badusb/!repo/flipper_only/utilities/Unix-like/macOS/directly_ready/Bruce-Scripts-Heaven_BAD/MacOS-narstybits/Goodusb/flipper_only/Quick Lock Screen.txt,flipper_only
sd_card_content/badusb_extra_payloads/utilities/Unix-like/macOS/directly_ready/Bruce-Scripts-Heaven_BAD/MacOS-narstybits/Goodusb/flipper_only/GTOP Monitoring Dashboard.txt,sd_card_mirror/badusb/!repo/flipper_only/utilities/Unix-like/macOS/directly_ready/Bruce-Scripts-Heaven_BAD/MacOS-narstybits/Goodusb/flipper_only/GTOP Monitoring Dashboard.txt,flipper_only
sd_card_content/badusb_extra_payloads/utilities/Unix-like/macOS/directly_ready/Bruce-Scripts-Heaven_BAD/MacOS-narstybits/Goodusb/flipper_only/ClearNotCLose.txt,sd_card_mirror/badusb/!repo/flipper_only/utilities/Unix-like/macOS/directly_ready/Bruce-Scripts-Heaven_BAD/MacOS-narstybits/Goodusb/flipper_only/ClearNotCLose.txt,flipper_only
sd_card_content/badusb_extra_payloads/utilities/Unix-like/macOS/directly_ready/Bruce-Scripts-Heaven_BAD/MacOS-narstybits/Goodusb/flipper_only/Homebrew Manager - Streamline Your macOS Package Updates.txt,sd_card_mirror/badusb/!repo/flipper_only/utilities/Unix-like/macOS/directly_ready/Bruce-Scripts-Heaven_BAD/MacOS-narstybits/Goodusb/flipper_only/Homebrew Manager - Streamline Your macOS Package Updates.txt,flipper_only
sd_card_content/badusb_extra_payloads/utilities/Unix-like/macOS/directly_ready/Bruce-Scripts-Heaven_BAD/MacOS-narstybits/Goodusb/flipper_only/Dark Mode Toggler.txt,sd_card_mirror/badusb/!repo/flipper_only/utilities/Unix-like/macOS/directly_ready/Bruce-Scripts-Heaven_BAD/MacOS-narstybits/Goodusb/flipper_only/Dark Mode Toggler.txt,flipper_only
sd_card_content/badusb_extra_payloads/utilities/Unix-like/macOS/directly_ready/Bruce-Scripts-Heaven_BAD/MacOS-narstybits/Goodusb/flipper_only/Desktop Organizer.txt,sd_card_mirror/badusb/!repo/flipper_only/utilities/Unix-like/macOS/directly_ready/Bruce-Scripts-Heaven_BAD/MacOS-narstybits/Goodusb/flipper_only/Desktop Organizer.txt,flipper_only
sd_card_content/badusb_extra_payloads/utilities/Unix-like/macOS/directly_ready/Bruce-Scripts-Heaven_BAD/MacOS-narstybits/Goodusb/flipper_only/Password Generator.txt,sd_card_mirror/badusb/!repo/flipper_only/utilities/Unix-like/macOS/directly_ready/Bruce-Scripts-Heaven_BAD/MacOS-narstybits/Goodusb/flipper_only/Password Generator.txt,flipper_only
sd_card_content/badusb_extra_payloads/utilities/Unix-like/macOS/directly_ready/Bruce-Scripts-Heaven_BAD/MacOS-narstybits/Goodusb/flipper_only/WIndow Organizer.txt,sd_card_mirror/badusb/!repo/flipper_only/utilities/Unix-like/macOS/directly_ready/Bruce-Scripts-Heaven_BAD/MacOS-narstybits/Goodusb/flipper_only/WIndow Organizer.txt,flipper_only
sd_card_content/badusb_extra_payloads/utilities/Unix-like/macOS/directly_ready/Bruce-Scripts-Heaven_BAD/MacOS-narstybits/Goodusb/flipper_only/MacUpdaterBot.txt,sd_card_mirror/badusb/!repo/flipper_only/utilities/Unix-like/macOS/directly_ready/Bruce-Scripts-Heaven_BAD/MacOS-narstybits/Goodusb/flipper_only/MacUpdaterBot.txt,flipper_only
sd_card_content/badusb_extra_payloads/utilities/Unix-like/macOS/directly_ready/Bruce-Scripts-Heaven_BAD/MacOS-narstybits/Executions/flipper_only/DarkStorm bruteforce I.P.txt,sd_card_mirror/badusb/!repo/flipper_only/utilities/Unix-like/macOS/directly_ready/Bruce-Scripts-Heaven_BAD/MacOS-narstybits/Executions/flipper_only/DarkStorm bruteforce I.P.txt,flipper_only
sd_card_content/badusb_extra_payloads/utilities/Unix-like/macOS/directly_ready/Bruce-Scripts-Heaven_BAD/BadUSB-FalsePhilosopher/Malduino/Library/MACos_Malduino/Library/0010.txt,sd_card_mirror/badusb/!repo/works_both/utilities/Unix-like/macOS/directly_ready/Bruce-Scripts-Heaven_BAD/BadUSB-FalsePhilosopher/Malduino/Library/MACos_Malduino/Library/0010.txt,works_both
sd_card_content/badusb_extra_payloads/utilities/Unix-like/macOS/configuration_needed/BadUsb-Library/Remote-Info-Telegram.txt,sd_card_mirror/badusb/!repo/works_both/utilities/Unix-like/macOS/configuration_needed/BadUsb-Library/Remote-Info-Telegram.txt,works_both
sd_card_content/badusb_extra_payloads/utilities/Unix-like/macOS/configuration_needed/Bruce-Scripts-Heaven_BAD/MacOS-narstybits/Goodusb/Desktop Organizer Plus.txt,sd_card_mirror/badusb/!repo/works_both/utilities/Unix-like/macOS/configuration_needed/Bruce-Scripts-Heaven_BAD/MacOS-narstybits/Goodusb/Desktop Organizer Plus.txt,works_both
sd_card_content/badusb_extra_payloads/utilities/Unix-like/Linux/directly_ready/BadUsb-Library/System-Optimizer.txt,sd_card_mirror/badusb/!repo/works_both/utilities/Unix-like/Linux/directly_ready/BadUsb-Library/System-Optimizer.txt,works_both
sd_card_content/badusb_extra_payloads/utilities/Unix-like/Linux/directly_ready/BadUsb-Library/System-Monitor.txt,sd_card_mirror/badusb/!repo/works_both/utilities/Unix-like/Linux/directly_ready/BadUsb-Library/System-Monitor.txt,works_both
sd_card_content/badusb_extra_payloads/utilities/Unix-like/Linux/directly_ready/Bruce-Scripts-Heaven_BAD/BadUSB-FalsePhilosopher/Misc/Web/CloudFlair/cloudflair.py,sd_card_mirror/badusb/!repo/works_both/utilities/Unix-like/Linux/directly_ready/Bruce-Scripts-Heaven_BAD/BadUSB-FalsePhilosopher/Misc/Web/CloudFlair/cloudflair.py,works_both
sd_card_content/badusb_extra_payloads/utilities/Win/directly_ready/BadUsb-Library/Download-Execute from Run Prompt.txt,sd_card_mirror/badusb/!repo/works_both/utilities/Win/directly_ready/BadUsb-Library/Download-Execute from Run Prompt.txt,works_both
sd_card_content/badusb_extra_payloads/utilities/Win/directly_ready/BadUsb-Library/Disable RT-Protection through GUI.txt,sd_card_mirror/badusb/!repo/works_both/utilities/Win/directly_ready/BadUsb-Library/Disable RT-Protection through GUI.txt,works_both
sd_card_content/badusb_extra_payloads/utilities/Win/directly_ready/BadUsb-Library/Add Exclusion C-drive.txt,sd_card_mirror/badusb/!repo/works_both/utilities/Win/directly_ready/BadUsb-Library/Add Exclusion C-drive.txt,works_both
sd_card_content/badusb_extra_payloads/utilities/Win/directly_ready/BadUsb-Library/Subscribe.txt,sd_card_mirror/badusb/!repo/works_both/utilities/Win/directly_ready/BadUsb-Library/Subscribe.txt,works_both
sd_card_content/badusb_extra_payloads/utilities/Win/directly_ready/BadUsb-Library/Downgrade-PS-Win11.txt,sd_card_mirror/badusb/!repo/works_both/utilities/Win/directly_ready/BadUsb-Library/Downgrade-PS-Win11.txt,works_both
sd_card_content/badusb_extra_payloads/utilities/Win/directly_ready/BadUsb-Library/Update Windows in Powershell.txt,sd_card_mirror/badusb/!repo/works_both/utilities/Win/directly_ready/BadUsb-Library/Update Windows in Powershell.txt,works_both
sd_card_content/badusb_extra_payloads/utilities/Win/directly_ready/BadUsb-Library/Local-FileServer-for-Exfiltration.txt,sd_card_mirror/badusb/!repo/works_both/utilities/Win/directly_ready/BadUsb-Library/Local-FileServer-for-Exfiltration.txt,works_both
sd_card_content/badusb_extra_payloads/utilities/Win/directly_ready/BadUsb-Library/Hotfixes-List-Warning.txt,sd_card_mirror/badusb/!repo/works_both/utilities/Win/directly_ready/BadUsb-Library/Hotfixes-List-Warning.txt,works_both
sd_card_content/badusb_extra_payloads/utilities/Win/directly_ready/BadUsb-Library/Set US Keyboard & System Language.txt,sd_card_mirror/badusb/!repo/works_both/utilities/Win/directly_ready/BadUsb-Library/Set US Keyboard & System Language.txt,works_both
sd_card_content/badusb_extra_payloads/utilities/Win/directly_ready/BadUsb-Library/Base64 Decode & Execute.txt,sd_card_mirror/badusb/!repo/works_both/utilities/Win/directly_ready/BadUsb-Library/Base64 Decode & Execute.txt,works_both
sd_card_content/badusb_extra_payloads/utilities/Win/directly_ready/BadUsb-Library/Webhook-Test-Tool.txt,sd_card_mirror/badusb/!repo/works_both/utilities/Win/directly_ready/BadUsb-Library/Webhook-Test-Tool.txt,works_both
sd_card_content/badusb_extra_payloads/utilities/Win/directly_ready/BadUsb-Library/Filetype-Organizer.txt,sd_card_mirror/badusb/!repo/works_both/utilities/Win/directly_ready/BadUsb-Library/Filetype-Organizer.txt,works_both
sd_card_content/badusb_extra_payloads/utilities/Win/directly_ready/BadUsb-Library/US-Keyboard.txt,sd_card_mirror/badusb/!repo/works_both/utilities/Win/directly_ready/BadUsb-Library/US-Keyboard.txt,works_both
sd_card_content/badusb_extra_payloads/utilities/Win/directly_ready/BadUsb-Library/Clean-History.txt,sd_card_mirror/badusb/!repo/works_both/utilities/Win/directly_ready/BadUsb-Library/Clean-History.txt,works_both
sd_card_content/badusb_extra_payloads/utilities/Win/directly_ready/BadUsb-Library/MonaLisa.txt,sd_card_mirror/badusb/!repo/works_both/utilities/Win/directly_ready/BadUsb-Library/MonaLisa.txt,works_both
sd_card_content/badusb_extra_payloads/utilities/Win/directly_ready/UberGuidoZ_BadUSB/UNC0V3R3D-BadUSB-Collection/Windows_Badusb/GoodUSB/Enable_Cortana/readme.md,sd_card_mirror/badusb/!repo/works_both/utilities/Win/directly_ready/UberGuidoZ_BadUSB/UNC0V3R3D-BadUSB-Collection/Windows_Badusb/GoodUSB/Enable_Cortana/readme.md,works_both
sd_card_content/badusb_extra_payloads/utilities/Win/directly_ready/UberGuidoZ_BadUSB/UNC0V3R3D-BadUSB-Collection/Windows_Badusb/GoodUSB/Disable_Cortana/readme.md,sd_card_mirror/badusb/!repo/works_both/utilities/Win/directly_ready/UberGuidoZ_BadUSB/UNC0V3R3D-BadUSB-Collection/Windows_Badusb/GoodUSB/Disable_Cortana/readme.md,works_both
sd_card_content/badusb_extra_payloads/utilities/Win/directly_ready/UberGuidoZ_BadUSB/UNC0V3R3D-BadUSB-Collection/Windows_Badusb/GoodUSB/Win_Debloater/readme.md,sd_card_mirror/badusb/!repo/works_both/utilities/Win/directly_ready/UberGuidoZ_BadUSB/UNC0V3R3D-BadUSB-Collection/Windows_Badusb/GoodUSB/Win_Debloater/readme.md,works_both
sd_card_content/badusb_extra_payloads/utilities/Win/directly_ready/UberGuidoZ_BadUSB/UNC0V3R3D-BadUSB-Collection/Windows_Badusb/GoodUSB/Bloatware_removal/readme.md,sd_card_mirror/badusb/!repo/works_both/utilities/Win/directly_ready/UberGuidoZ_BadUSB/UNC0V3R3D-BadUSB-Collection/Windows_Badusb/GoodUSB/Bloatware_removal/readme.md,works_both
sd_card_content/badusb_extra_payloads/utilities/Win/directly_ready/UberGuidoZ_BadUSB/UNC0V3R3D-BadUSB-Collection/Windows_Badusb/GoodUSB/Clear_Explorer/readme.md,sd_card_mirror/badusb/!repo/works_both/utilities/Win/directly_ready/UberGuidoZ_BadUSB/UNC0V3R3D-BadUSB-Collection/Windows_Badusb/GoodUSB/Clear_Explorer/readme.md,works_both
sd_card_content/badusb_extra_payloads/utilities/Win/directly_ready/UberGuidoZ_BadUSB/UNC0V3R3D-BadUSB-Collection/Windows_Badusb/GoodUSB/Privacy_Windows/readme.md,sd_card_mirror/badusb/!repo/works_both/utilities/Win/directly_ready/UberGuidoZ_BadUSB/UNC0V3R3D-BadUSB-Collection/Windows_Badusb/GoodUSB/Privacy_Windows/readme.md,works_both
sd_card_content/badusb_extra_payloads/utilities/Win/directly_ready/UberGuidoZ_BadUSB/UNC0V3R3D-BadUSB-Collection/Windows_Badusb/GoodUSB/Activate_Windows/readme.md,sd_card_mirror/badusb/!repo/works_both/utilities/Win/directly_ready/UberGuidoZ_BadUSB/UNC0V3R3D-BadUSB-Collection/Windows_Badusb/GoodUSB/Activate_Windows/readme.md,works_both
sd_card_content/badusb_extra_payloads/utilities/Win/directly_ready/UberGuidoZ_BadUSB/UNC0V3R3D-BadUSB-Collection/Windows_Badusb/GoodUSB/OneDrive_Removal/readme.md,sd_card_mirror/badusb/!repo/works_both/utilities/Win/directly_ready/UberGuidoZ_BadUSB/UNC0V3R3D-BadUSB-Collection/Windows_Badusb/GoodUSB/OneDrive_Removal/readme.md,works_both
sd_card_content/badusb_extra_payloads/utilities/Win/directly_ready/UberGuidoZ_BadUSB/emptythevoid-BadUSB/win10_install/win10_part2.txt,sd_card_mirror/badusb/!repo/works_both/utilities/Win/directly_ready/UberGuidoZ_BadUSB/emptythevoid-BadUSB/win10_install/win10_part2.txt,works_both
sd_card_content/badusb_extra_payloads/utilities/Win/directly_ready/Bruce-Scripts-Heaven_BAD/demo_windows.txt,sd_card_mirror/badusb/!repo/works_both/utilities/Win/directly_ready/Bruce-Scripts-Heaven_BAD/demo_windows.txt,works_both
sd_card_content/badusb_extra_payloads/utilities/Win/directly_ready/Bruce-Scripts-Heaven_BAD/GoodUSB.txt,sd_card_mirror/badusb/!repo/works_both/utilities/Win/directly_ready/Bruce-Scripts-Heaven_BAD/GoodUSB.txt,works_both
sd_card_content/badusb_extra_payloads/utilities/Win/directly_ready/Bruce-Scripts-Heaven_BAD/Char_Test_ALTSTRING.txt,sd_card_mirror/badusb/!repo/works_both/utilities/Win/directly_ready/Bruce-Scripts-Heaven_BAD/Char_Test_ALTSTRING.txt,works_both
sd_card_content/badusb_extra_payloads/utilities/Win/directly_ready/Bruce-Scripts-Heaven_BAD/Char_Test.txt,sd_card_mirror/badusb/!repo/works_both/utilities/Win/directly_ready/Bruce-Scripts-Heaven_BAD/Char_Test.txt,works_both
sd_card_content/badusb_extra_payloads/utilities/Win/directly_ready/Bruce-Scripts-Heaven_BAD/BadUSB-FalsePhilosopher/BashBunny/payloads/library/general/BashBunny_Manager/panel/sites/index.py,sd_card_mirror/badusb/!repo/works_both/utilities/Win/directly_ready/Bruce-Scripts-Heaven_BAD/BadUSB-FalsePhilosopher/BashBunny/payloads/library/general/BashBunny_Manager/panel/sites/index.py,works_both
sd_card_content/badusb_extra_payloads/utilities/Win/directly_ready/Bruce-Scripts-Heaven_BAD/BadUSB-FalsePhilosopher/Misc/Cheat_Sheets/PayloadsAllTheThings/Upload Insecure Files/Configuration Python __init__.py/python-generate-init.py,sd_card_mirror/badusb/!repo/works_both/utilities/Win/directly_ready/Bruce-Scripts-Heaven_BAD/BadUSB-FalsePhilosopher/Misc/Cheat_Sheets/PayloadsAllTheThings/Upload Insecure Files/Configuration Python __init__.py/python-generate-init.py,works_both
sd_card_content/badusb_extra_payloads/utilities/Win/directly_ready/Bruce-Scripts-Heaven_BAD/BadUSB-FalsePhilosopher/Misc/Web/CloudFlair/cloudflare_utils.py,sd_card_mirror/badusb/!repo/works_both/utilities/Win/directly_ready/Bruce-Scripts-Heaven_BAD/BadUSB-FalsePhilosopher/Misc/Web/CloudFlair/cloudflare_utils.py,works_both
sd_card_content/badusb_extra_payloads/utilities/Win/directly_ready/Bruce-Scripts-Heaven_BAD/BadUSB-FalsePhilosopher/Misc/Web/CloudFlair/dns_utils.py,sd_card_mirror/badusb/!repo/works_both/utilities/Win/directly_ready/Bruce-Scripts-Heaven_BAD/BadUSB-FalsePhilosopher/Misc/Web/CloudFlair/dns_utils.py,works_both
sd_card_content/badusb_extra_payloads/utilities/Win/directly_ready/Bruce-Scripts-Heaven_BAD/windows10/you_have_been_hacked_desktop.txt,sd_card_mirror/badusb/!repo/works_both/utilities/Win/directly_ready/Bruce-Scripts-Heaven_BAD/windows10/you_have_been_hacked_desktop.txt,works_both
sd_card_content/badusb_extra_payloads/utilities/Win/directly_ready/Bruce-Scripts-Heaven_BAD/windows10/matrix.txt,sd_card_mirror/badusb/!repo/works_both/utilities/Win/directly_ready/Bruce-Scripts-Heaven_BAD/windows10/matrix.txt,works_both
sd_card_content/badusb_extra_payloads/utilities/Win/directly_ready/Bruce-Scripts-Heaven_BAD/windows10/matrix ps hidden.txt,sd_card_mirror/badusb/!repo/works_both/utilities/Win/directly_ready/Bruce-Scripts-Heaven_BAD/windows10/matrix ps hidden.txt,works_both
sd_card_content/badusb_extra_payloads/utilities/Win/directly_ready/Bruce-Scripts-Heaven_BAD/windows10/start_infinite_cmd.txt,sd_card_mirror/badusb/!repo/works_both/utilities/Win/directly_ready/Bruce-Scripts-Heaven_BAD/windows10/start_infinite_cmd.txt,works_both
sd_card_content/badusb_extra_payloads/utilities/Win/directly_ready/Bruce-Scripts-Heaven_BAD/Network-Enumeration-GUI/Network-Enumeration-GUI.txt,sd_card_mirror/badusb/!repo/works_both/utilities/Win/directly_ready/Bruce-Scripts-Heaven_BAD/Network-Enumeration-GUI/Network-Enumeration-GUI.txt,works_both
sd_card_content/badusb_extra_payloads/utilities/Win/directly_ready/Bruce-Scripts-Heaven_BAD/PC/File-Load_BadUSB.txt,sd_card_mirror/badusb/!repo/works_both/utilities/Win/directly_ready/Bruce-Scripts-Heaven_BAD/PC/File-Load_BadUSB.txt,works_both
sd_card_content/badusb_extra_payloads/utilities/Win/directly_ready/Bruce-Scripts-Heaven_BAD/PC/GoodUSB/clear_explorer.txt,sd_card_mirror/badusb/!repo/works_both/utilities/Win/directly_ready/Bruce-Scripts-Heaven_BAD/PC/GoodUSB/clear_explorer.txt,works_both
sd_card_content/badusb_extra_payloads/utilities/Win/directly_ready/Bruce-Scripts-Heaven_BAD/PC/GoodUSB/privacy.txt,sd_card_mirror/badusb/!repo/works_both/utilities/Win/directly_ready/Bruce-Scripts-Heaven_BAD/PC/GoodUSB/privacy.txt,works_both
sd_card_content/badusb_extra_payloads/utilities/Win/directly_ready/Bruce-Scripts-Heaven_BAD/PC/GoodUSB/activate_windows.txt,sd_card_mirror/badusb/!repo/works_both/utilities/Win/directly_ready/Bruce-Scripts-Heaven_BAD/PC/GoodUSB/activate_windows.txt,works_both
sd_card_content/badusb_extra_payloads/utilities/Win/directly_ready/Bruce-Scripts-Heaven_BAD/PC/GoodUSB/enable_cortana.txt,sd_card_mirror/badusb/!repo/works_both/utilities/Win/directly_ready/Bruce-Scripts-Heaven_BAD/PC/GoodUSB/enable_cortana.txt,works_both
sd_card_content/badusb_extra_payloads/utilities/Win/directly_ready/Bruce-Scripts-Heaven_BAD/PC/GoodUSB/disable_cortana.txt,sd_card_mirror/badusb/!repo/works_both/utilities/Win/directly_ready/Bruce-Scripts-Heaven_BAD/PC/GoodUSB/disable_cortana.txt,works_both
sd_card_content/badusb_extra_payloads/utilities/Win/directly_ready/Bruce-Scripts-Heaven_BAD/PC/GoodUSB/bloatware_remover.txt,sd_card_mirror/badusb/!repo/works_both/utilities/Win/directly_ready/Bruce-Scripts-Heaven_BAD/PC/GoodUSB/bloatware_remover.txt,works_both
sd_card_content/badusb_extra_payloads/utilities/Win/directly_ready/Bruce-Scripts-Heaven_BAD/Tools/Anti-AFK-Tool.txt,sd_card_mirror/badusb/!repo/works_both/utilities/Win/directly_ready/Bruce-Scripts-Heaven_BAD/Tools/Anti-AFK-Tool.txt,works_both
sd_card_content/badusb_extra_payloads/utilities/Win/directly_ready/Bruce-Scripts-Heaven_BAD/Record-Screen-GUI/Record-Screen-GUI.txt,sd_card_mirror/badusb/!repo/works_both/utilities/Win/directly_ready/Bruce-Scripts-Heaven_BAD/Record-Screen-GUI/Record-Screen-GUI.txt,works_both
sd_card_content/badusb_extra_payloads/utilities/Win/directly_ready/Bruce-Scripts-Heaven_BAD/Social-Search-GUI/Username-Search-GUI.txt,sd_card_mirror/badusb/!repo/works_both/utilities/Win/directly_ready/Bruce-Scripts-Heaven_BAD/Social-Search-GUI/Username-Search-GUI.txt,works_both
sd_card_content/badusb_extra_payloads/utilities/Win/directly_ready/Bruce-Scripts-Heaven_BAD/GoodUSB/payload.txt,sd_card_mirror/badusb/!repo/works_both/utilities/Win/directly_ready/Bruce-Scripts-Heaven_BAD/GoodUSB/payload.txt,works_both
sd_card_content/badusb_extra_payloads/utilities/Win/directly_ready/Bruce-Scripts-Heaven_BAD/incident_response/GoodUSB/payload.txt,sd_card_mirror/badusb/!repo/works_both/utilities/Win/directly_ready/Bruce-Scripts-Heaven_BAD/incident_response/GoodUSB/payload.txt,works_both
sd_card_content/badusb_extra_payloads/utilities/Win/directly_ready/Bruce-Scripts-Heaven_BAD/UNC0V3R3D-BadUSB/BadUsb-Collection/Windows_Badusb/GoodUSB/Win_Debloater/win_debloat.txt,sd_card_mirror/badusb/!repo/works_both/utilities/Win/directly_ready/Bruce-Scripts-Heaven_BAD/UNC0V3R3D-BadUSB/BadUsb-Collection/Windows_Badusb/GoodUSB/Win_Debloater/win_debloat.txt,works_both
sd_card_content/badusb_extra_payloads/utilities/Win/directly_ready/Bruce-Scripts-Heaven_BAD/UNC0V3R3D-BadUSB/BadUsb-Collection/Windows_Badusb/GoodUSB/Activate_Windows/activate_windows.txt,sd_card_mirror/badusb/!repo/works_both/utilities/Win/directly_ready/Bruce-Scripts-Heaven_BAD/UNC0V3R3D-BadUSB/BadUsb-Collection/Windows_Badusb/GoodUSB/Activate_Windows/activate_windows.txt,works_both
sd_card_content/badusb_extra_payloads/utilities/Win/directly_ready/Bruce-Scripts-Heaven_BAD/UNC0V3R3D-BadUSB/BadUsb-Collection/Windows_Badusb/GoodUSB/OneDrive_Removal/uninstall_onedrive.txt,sd_card_mirror/badusb/!repo/works_both/utilities/Win/directly_ready/Bruce-Scripts-Heaven_BAD/UNC0V3R3D-BadUSB/BadUsb-Collection/Windows_Badusb/GoodUSB/OneDrive_Removal/uninstall_onedrive.txt,works_both
sd_card_content/badusb_extra_payloads/utilities/Win/directly_ready/Bruce-Scripts-Heaven_BAD/windows11/You have been hacked desktop.txt,sd_card_mirror/badusb/!repo/works_both/utilities/Win/directly_ready/Bruce-Scripts-Heaven_BAD/windows11/You have been hacked desktop.txt,works_both
sd_card_content/badusb_extra_payloads/utilities/Win/directly_ready/Bruce-Scripts-Heaven_BAD/windows11/nyancat.txt,sd_card_mirror/badusb/!repo/works_both/utilities/Win/directly_ready/Bruce-Scripts-Heaven_BAD/windows11/nyancat.txt,works_both
sd_card_content/badusb_extra_payloads/utilities/Win/directly_ready/Bruce-Scripts-Heaven_BAD/windows11/matrix.txt,sd_card_mirror/badusb/!repo/works_both/utilities/Win/directly_ready/Bruce-Scripts-Heaven_BAD/windows11/matrix.txt,works_both
sd_card_content/badusb_extra_payloads/utilities/Win/configuration_needed/BadUsb-Library/Beigeworms-Tool-Suite.txt,sd_card_mirror/badusb/!repo/works_both/utilities/Win/configuration_needed/BadUsb-Library/Beigeworms-Tool-Suite.txt,works_both
sd_card_content/badusb_extra_payloads/utilities/iOS/directly_ready/Bruce-Scripts-Heaven_BAD/IOS/BadOS TEST Misc Tools/Web Tool.txt,sd_card_mirror/badusb/!repo/works_both/utilities/iOS/directly_ready/Bruce-Scripts-Heaven_BAD/IOS/BadOS TEST Misc Tools/Web Tool.txt,works_both
sd_card_content/badusb_extra_payloads/collection/Unix-like/macOS/directly_ready/I-Am-Jakoby_BadUSB/Payloads/Flip-IP-Grabber/IP-Grabber.ps1,sd_card_mirror/badusb/!repo/works_both/collection/Unix-like/macOS/directly_ready/I-Am-Jakoby_BadUSB/Payloads/Flip-IP-Grabber/IP-Grabber.ps1,works_both
sd_card_content/badusb_extra_payloads/collection/Unix-like/macOS/directly_ready/BadUsb-Library/Camera-Capture.txt,sd_card_mirror/badusb/!repo/works_both/collection/Unix-like/macOS/directly_ready/BadUsb-Library/Camera-Capture.txt,works_both
sd_card_content/badusb_extra_payloads/collection/Unix-like/macOS/directly_ready/BadUsb-Library/Screenshot-Taker.txt,sd_card_mirror/badusb/!repo/works_both/collection/Unix-like/macOS/directly_ready/BadUsb-Library/Screenshot-Taker.txt,works_both
sd_card_content/badusb_extra_payloads/collection/Unix-like/macOS/directly_ready/Bruce-Scripts-Heaven_BAD/MacOS-narstybits/Goodusb/flipper_only/MacOS ScreenShot.txt,sd_card_mirror/badusb/!repo/flipper_only/collection/Unix-like/macOS/directly_ready/Bruce-Scripts-Heaven_BAD/MacOS-narstybits/Goodusb/flipper_only/MacOS ScreenShot.txt,flipper_only
sd_card_content/badusb_extra_payloads/collection/Unix-like/macOS/directly_ready/Bruce-Scripts-Heaven_BAD/BadUSB-FalsePhilosopher/Malduino/Library/MACos_Malduino/Library/0101.txt,sd_card_mirror/badusb/!repo/works_both/collection/Unix-like/macOS/directly_ready/Bruce-Scripts-Heaven_BAD/BadUSB-FalsePhilosopher/Malduino/Library/MACos_Malduino/Library/0101.txt,works_both
sd_card_content/badusb_extra_payloads/collection/Unix-like/macOS/directly_ready/Bruce-Scripts-Heaven_BAD/BadUSB-FalsePhilosopher/Malduino/Library/MACos_Malduino/Library/0100.txt,sd_card_mirror/badusb/!repo/works_both/collection/Unix-like/macOS/directly_ready/Bruce-Scripts-Heaven_BAD/BadUSB-FalsePhilosopher/Malduino/Library/MACos_Malduino/Library/0100.txt,works_both
sd_card_content/badusb_extra_payloads/collection/Unix-like/macOS/directly_ready/Bruce-Scripts-Heaven_BAD/BadUSB-FalsePhilosopher/Ducky/Ducky-Framework/payloads/lin/sudoPassGrabber/sudoPassGrabber.txt,sd_card_mirror/badusb/!repo/works_both/collection/Unix-like/macOS/directly_ready/Bruce-Scripts-Heaven_BAD/BadUSB-FalsePhilosopher/Ducky/Ducky-Framework/payloads/lin/sudoPassGrabber/sudoPassGrabber.txt,works_both
sd_card_content/badusb_extra_payloads/collection/Unix-like/macOS/directly_ready/Bruce-Scripts-Heaven_BAD/BadUSB-FalsePhilosopher/Ducky/Ducky-Framework/payloads/osx/sudoPassGrabber/sudoPassGrabber.txt,sd_card_mirror/badusb/!repo/works_both/collection/Unix-like/macOS/directly_ready/Bruce-Scripts-Heaven_BAD/BadUSB-FalsePhilosopher/Ducky/Ducky-Framework/payloads/osx/sudoPassGrabber/sudoPassGrabber.txt,works_both
sd_card_content/badusb_extra_payloads/collection/Unix-like/macOS/directly_ready/Bruce-Scripts-Heaven_BAD/BadUSB-FalsePhilosopher/BashBunny/payloads/library/credentials/BunnyTap/js/ajax.googleapis.com__ajax__libs__dojo__1.6.1__dojo__dojo.js,sd_card_mirror/badusb/!repo/works_both/collection/Unix-like/macOS/directly_ready/Bruce-Scripts-Heaven_BAD/BadUSB-FalsePhilosopher/BashBunny/payloads/library/credentials/BunnyTap/js/ajax.googleapis.com__ajax__libs__dojo__1.6.1__dojo__dojo.js,works_both
sd_card_content/badusb_extra_payloads/collection/Unix-like/macOS/directly_ready/Bruce-Scripts-Heaven_BAD/BadUSB-FalsePhilosopher/BashBunny/payloads/library/credentials/BunnyTap/js/ajax.googleapis.com__ajax__libs__dojo__1.4.0__dojo__dojo.js,sd_card_mirror/badusb/!repo/works_both/collection/Unix-like/macOS/directly_ready/Bruce-Scripts-Heaven_BAD/BadUSB-FalsePhilosopher/BashBunny/payloads/library/credentials/BunnyTap/js/ajax.googleapis.com__ajax__libs__dojo__1.4.0__dojo__dojo.js,works_both
sd_card_content/badusb_extra_payloads/collection/Unix-like/macOS/directly_ready/Bruce-Scripts-Heaven_BAD/BadUSB-FalsePhilosopher/BashBunny/payloads/library/credentials/BunnyTap/js/ajax.googleapis.com__ajax__libs__dojo__1.5.1__dojo__dojo.js,sd_card_mirror/badusb/!repo/works_both/collection/Unix-like/macOS/directly_ready/Bruce-Scripts-Heaven_BAD/BadUSB-FalsePhilosopher/BashBunny/payloads/library/credentials/BunnyTap/js/ajax.googleapis.com__ajax__libs__dojo__1.5.1__dojo__dojo.js,works_both
sd_card_content/badusb_extra_payloads/collection/Unix-like/macOS/directly_ready/Bruce-Scripts-Heaven_BAD/BadUSB-FalsePhilosopher/BashBunny/payloads/library/credentials/BunnyTap/js/ajax.googleapis.com__ajax__libs__dojo__1.5.3__dojo__dojo.js,sd_card_mirror/badusb/!repo/works_both/collection/Unix-like/macOS/directly_ready/Bruce-Scripts-Heaven_BAD/BadUSB-FalsePhilosopher/BashBunny/payloads/library/credentials/BunnyTap/js/ajax.googleapis.com__ajax__libs__dojo__1.5.3__dojo__dojo.js,works_both
sd_card_content/badusb_extra_payloads/collection/Unix-like/macOS/directly_ready/Bruce-Scripts-Heaven_BAD/BadUSB-FalsePhilosopher/BashBunny/payloads/library/credentials/BunnyTap/js/ajax.googleapis.com__ajax__libs__dojo__1.5.4__dojo__dojo.js,sd_card_mirror/badusb/!repo/works_both/collection/Unix-like/macOS/directly_ready/Bruce-Scripts-Heaven_BAD/BadUSB-FalsePhilosopher/BashBunny/payloads/library/credentials/BunnyTap/js/ajax.googleapis.com__ajax__libs__dojo__1.5.4__dojo__dojo.js,works_both
sd_card_content/badusb_extra_payloads/collection/Unix-like/macOS/directly_ready/Bruce-Scripts-Heaven_BAD/BadUSB-FalsePhilosopher/BashBunny/payloads/library/credentials/BunnyTap/js/ajax.googleapis.com__ajax__libs__ext-core__3.1.0__ext-core.js,sd_card_mirror/badusb/!repo/works_both/collection/Unix-like/macOS/directly_ready/Bruce-Scripts-Heaven_BAD/BadUSB-FalsePhilosopher/BashBunny/payloads/library/credentials/BunnyTap/js/ajax.googleapis.com__ajax__libs__ext-core__3.1.0__ext-core.js,works_both
sd_card_content/badusb_extra_payloads/collection/Unix-like/macOS/directly_ready/Bruce-Scripts-Heaven_BAD/BadUSB-FalsePhilosopher/BashBunny/payloads/library/credentials/BunnyTap/js/ajax.googleapis.com__ajax__libs__ext-core__3.0.0__ext-core.js,sd_card_mirror/badusb/!repo/works_both/collection/Unix-like/macOS/directly_ready/Bruce-Scripts-Heaven_BAD/BadUSB-FalsePhilosopher/BashBunny/payloads/library/credentials/BunnyTap/js/ajax.googleapis.com__ajax__libs__ext-core__3.0.0__ext-core.js,works_both
sd_card_content/badusb_extra_payloads/collection/Unix-like/macOS/directly_ready/Bruce-Scripts-Heaven_BAD/BadUSB-FalsePhilosopher/BashBunny/payloads/library/credentials/BunnyTap/js/ajax.googleapis.com__ajax__libs__dojo__1.4.1__dojo__dojo.js,sd_card_mirror/badusb/!repo/works_both/collection/Unix-like/macOS/directly_ready/Bruce-Scripts-Heaven_BAD/BadUSB-FalsePhilosopher/BashBunny/payloads/library/credentials/BunnyTap/js/ajax.googleapis.com__ajax__libs__dojo__1.4.1__dojo__dojo.js,works_both
sd_card_content/badusb_extra_payloads/collection/Unix-like/macOS/directly_ready/Bruce-Scripts-Heaven_BAD/BadUSB-FalsePhilosopher/BashBunny/payloads/library/credentials/BunnyTap/js/ajax.googleapis.com__ajax__libs__swfobject__2.1__swfobject.js,sd_card_mirror/badusb/!repo/works_both/collection/Unix-like/macOS/directly_ready/Bruce-Scripts-Heaven_BAD/BadUSB-FalsePhilosopher/BashBunny/payloads/library/credentials/BunnyTap/js/ajax.googleapis.com__ajax__libs__swfobject__2.1__swfobject.js,works_both
sd_card_content/badusb_extra_payloads/collection/Unix-like/macOS/directly_ready/Bruce-Scripts-Heaven_BAD/BadUSB-FalsePhilosopher/BashBunny/payloads/library/credentials/BunnyTap/js/ajax.googleapis.com__ajax__libs__swfobject__2.2__swfobject.js,sd_card_mirror/badusb/!repo/works_both/collection/Unix-like/macOS/directly_ready/Bruce-Scripts-Heaven_BAD/BadUSB-FalsePhilosopher/BashBunny/payloads/library/credentials/BunnyTap/js/ajax.googleapis.com__ajax__libs__swfobject__2.2__swfobject.js,works_both
sd_card_content/badusb_extra_payloads/collection/Unix-like/macOS/directly_ready/Bruce-Scripts-Heaven_BAD/BadUSB-FalsePhilosopher/BashBunny/payloads/library/credentials/BunnyTap/js/ajax.googleapis.com__ajax__libs__dojo__1.4.3__dojo__dojo.js,sd_card_mirror/badusb/!repo/works_both/collection/Unix-like/macOS/directly_ready/Bruce-Scripts-Heaven_BAD/BadUSB-FalsePhilosopher/BashBunny/payloads/library/credentials/BunnyTap/js/ajax.googleapis.com__ajax__libs__dojo__1.4.3__dojo__dojo.js,works_both
sd_card_content/badusb_extra_payloads/collection/Unix-like/macOS/directly_ready/Bruce-Scripts-Heaven_BAD/BadUSB-FalsePhilosopher/BashBunny/payloads/library/credentials/BunnyTap/js/ajax.googleapis.com__ajax__libs__dojo__1.5.0__dojo__dojo.js,sd_card_mirror/badusb/!repo/works_both/collection/Unix-like/macOS/directly_ready/Bruce-Scripts-Heaven_BAD/BadUSB-FalsePhilosopher/BashBunny/payloads/library/credentials/BunnyTap/js/ajax.googleapis.com__ajax__libs__dojo__1.5.0__dojo__dojo.js,works_both
sd_card_content/badusb_extra_payloads/collection/Unix-like/macOS/directly_ready/Bruce-Scripts-Heaven_BAD/BadUSB-FalsePhilosopher/BashBunny/payloads/library/credentials/BunnyTap/js/ajax.googleapis.com__ajax__libs__dojo__1.6.0__dojo__dojo.js,sd_card_mirror/badusb/!repo/works_both/collection/Unix-like/macOS/directly_ready/Bruce-Scripts-Heaven_BAD/BadUSB-FalsePhilosopher/BashBunny/payloads/library/credentials/BunnyTap/js/ajax.googleapis.com__ajax__libs__dojo__1.6.0__dojo__dojo.js,works_both
sd_card_content/badusb_extra_payloads/collection/Unix-like/macOS/directly_ready/Bruce-Scripts-Heaven_BAD/BadUSB-FalsePhilosopher/BashBunny/payloads/library/credentials/BunnyTap/js/ajax.googleapis.com__ajax__libs__dojo__1.4.4__dojo__dojo.js,sd_card_mirror/badusb/!repo/works_both/collection/Unix-like/macOS/directly_ready/Bruce-Scripts-Heaven_BAD/BadUSB-FalsePhilosopher/BashBunny/payloads/library/credentials/BunnyTap/js/ajax.googleapis.com__ajax__libs__dojo__1.4.4__dojo__dojo.js,works_both
sd_card_content/badusb_extra_payloads/collection/Unix-like/macOS/directly_ready/Bruce-Scripts-Heaven_BAD/BadUSB-FalsePhilosopher/BashBunny/payloads/library/credentials/BunnyTap/js/ajax.googleapis.com__ajax__libs__dojo__1.5.2__dojo__dojo.js,sd_card_mirror/badusb/!repo/works_both/collection/Unix-like/macOS/directly_ready/Bruce-Scripts-Heaven_BAD/BadUSB-FalsePhilosopher/BashBunny/payloads/library/credentials/BunnyTap/js/ajax.googleapis.com__ajax__libs__dojo__1.5.2__dojo__dojo.js,works_both
sd_card_content/badusb_extra_payloads/collection/Unix-like/macOS/directly_ready/Bruce-Scripts-Heaven_BAD/BadUSB-FalsePhilosopher/BashBunny/payloads/library/credentials/BunnyTap/js/ajax.googleapis.com__ajax__libs__dojo__1.4.6__dojo__dojo.js,sd_card_mirror/badusb/!repo/works_both/collection/Unix-like/macOS/directly_ready/Bruce-Scripts-Heaven_BAD/BadUSB-FalsePhilosopher/BashBunny/payloads/library/credentials/BunnyTap/js/ajax.googleapis.com__ajax__libs__dojo__1.4.6__dojo__dojo.js,works_both
sd_card_content/badusb_extra_payloads/collection/Unix-like/macOS/directly_ready/Bruce-Scripts-Heaven_BAD/BadUSB-FalsePhilosopher/BashBunny/payloads/library/credentials/BunnyTap/js/ajax.googleapis.com__ajax__libs__dojo__1.6.3__dojo__dojo.js,sd_card_mirror/badusb/!repo/works_both/collection/Unix-like/macOS/directly_ready/Bruce-Scripts-Heaven_BAD/BadUSB-FalsePhilosopher/BashBunny/payloads/library/credentials/BunnyTap/js/ajax.googleapis.com__ajax__libs__dojo__1.6.3__dojo__dojo.js,works_both
sd_card_content/badusb_extra_payloads/collection/Unix-like/macOS/directly_ready/Bruce-Scripts-Heaven_BAD/BadUSB-FalsePhilosopher/BashBunny/payloads/library/credentials/BunnyTap/js/ajax.googleapis.com__ajax__libs__dojo__1.4.5__dojo__dojo.js,sd_card_mirror/badusb/!repo/works_both/collection/Unix-like/macOS/directly_ready/Bruce-Scripts-Heaven_BAD/BadUSB-FalsePhilosopher/BashBunny/payloads/library/credentials/BunnyTap/js/ajax.googleapis.com__ajax__libs__dojo__1.4.5__dojo__dojo.js,works_both
sd_card_content/badusb_extra_payloads/collection/Unix-like/macOS/directly_ready/Bruce-Scripts-Heaven_BAD/BadUSB-FalsePhilosopher/BashBunny/payloads/library/credentials/BunnyTap/js/ajax.googleapis.com__ajax__libs__dojo__1.6.2__dojo__dojo.js,sd_card_mirror/badusb/!repo/works_both/collection/Unix-like/macOS/directly_ready/Bruce-Scripts-Heaven_BAD/BadUSB-FalsePhilosopher/BashBunny/payloads/library/credentials/BunnyTap/js/ajax.googleapis.com__ajax__libs__dojo__1.6.2__dojo__dojo.js,works_both
sd_card_content/badusb_extra_payloads/collection/Unix-like/macOS/directly_ready/Bruce-Scripts-Heaven_BAD/History-Grabber/payload.txt,sd_card_mirror/badusb/!repo/works_both/collection/Unix-like/macOS/directly_ready/Bruce-Scripts-Heaven_BAD/History-Grabber/payload.txt,works_both
sd_card_content/badusb_extra_payloads/collection/Unix-like/macOS/directly_ready/Bruce-Scripts-Heaven_BAD/iMessage-Data-Grabber/payload.txt,sd_card_mirror/badusb/!repo/works_both/collection/Unix-like/macOS/directly_ready/Bruce-Scripts-Heaven_BAD/iMessage-Data-Grabber/payload.txt,works_both
sd_card_content/badusb_extra_payloads/collection/Unix-like/macOS/directly_ready/Bruce-Scripts-Heaven_BAD/Mail-Grabber/payload.txt,sd_card_mirror/badusb/!repo/works_both/collection/Unix-like/macOS/directly_ready/Bruce-Scripts-Heaven_BAD/Mail-Grabber/payload.txt,works_both
sd_card_content/badusb_extra_payloads/collection/Unix-like/macOS/directly_ready/Bruce-Scripts-Heaven_BAD/Public-IP-Grabber/payload.txt,sd_card_mirror/badusb/!repo/works_both/collection/Unix-like/macOS/directly_ready/Bruce-Scripts-Heaven_BAD/Public-IP-Grabber/payload.txt,works_both
sd_card_content/badusb_extra_payloads/collection/Unix-like/macOS/configuration_needed/BadUsb-Library/System-Info-Telegram.txt,sd_card_mirror/badusb/!repo/works_both/collection/Unix-like/macOS/configuration_needed/BadUsb-Library/System-Info-Telegram.txt,works_both
sd_card_content/badusb_extra_payloads/collection/Unix-like/Linux/directly_ready/BadUsb-Library/Screenshot-Taker.txt,sd_card_mirror/badusb/!repo/works_both/collection/Unix-like/Linux/directly_ready/BadUsb-Library/Screenshot-Taker.txt,works_both
sd_card_content/badusb_extra_payloads/collection/Unix-like/Linux/directly_ready/BadUsb-Library/Webcam-Capture.txt,sd_card_mirror/badusb/!repo/works_both/collection/Unix-like/Linux/directly_ready/BadUsb-Library/Webcam-Capture.txt,works_both
sd_card_content/badusb_extra_payloads/collection/Unix-like/Linux/directly_ready/Bruce-Scripts-Heaven_BAD/BadUSB-FalsePhilosopher/Ducky/USBRubberducky/prank/Unix-like/Linux/ETH_Stealer/eth.py,sd_card_mirror/badusb/!repo/works_both/collection/Unix-like/Linux/directly_ready/Bruce-Scripts-Heaven_BAD/BadUSB-FalsePhilosopher/Ducky/USBRubberducky/prank/Unix-like/Linux/ETH_Stealer/eth.py,works_both
sd_card_content/badusb_extra_payloads/collection/Unix-like/Linux/directly_ready/Bruce-Scripts-Heaven_BAD/BadUSB-FalsePhilosopher/Ducky/USBRubberducky/prank/Unix-like/Linux/ETH_Stealer/quack.txt,sd_card_mirror/badusb/!repo/works_both/collection/Unix-like/Linux/directly_ready/Bruce-Scripts-Heaven_BAD/BadUSB-FalsePhilosopher/Ducky/USBRubberducky/prank/Unix-like/Linux/ETH_Stealer/quack.txt,works_both
sd_card_content/badusb_extra_payloads/collection/Unix-like/Linux/configuration_needed/BadUsb-Library/System-Info-Telegram.txt,sd_card_mirror/badusb/!repo/works_both/collection/Unix-like/Linux/configuration_needed/BadUsb-Library/System-Info-Telegram.txt,works_both
sd_card_content/badusb_extra_payloads/collection/Win/directly_ready/I-Am-Jakoby_BadUSB/Payloads/Scripts/WifiPasswords.ps1,sd_card_mirror/badusb/!repo/works_both/collection/Win/directly_ready/I-Am-Jakoby_BadUSB/Payloads/Scripts/WifiPasswords.ps1,works_both
sd_card_content/badusb_extra_payloads/collection/Win/directly_ready/I-Am-Jakoby_BadUSB/Payloads/Flip-AcidBurn/README.md,sd_card_mirror/badusb/!repo/works_both/collection/Win/directly_ready/I-Am-Jakoby_BadUSB/Payloads/Flip-AcidBurn/README.md,works_both
sd_card_content/badusb_extra_payloads/collection/Win/directly_ready/I-Am-Jakoby_BadUSB/Payloads/Flip-WifiGrabber/WifiGrabber.txt,sd_card_mirror/badusb/!repo/works_both/collection/Win/directly_ready/I-Am-Jakoby_BadUSB/Payloads/Flip-WifiGrabber/WifiGrabber.txt,works_both
sd_card_content/badusb_extra_payloads/collection/Win/directly_ready/I-Am-Jakoby_BadUSB/Payloads/Flip-WifiGrabber/WifiGrabber.ps1,sd_card_mirror/badusb/!repo/works_both/collection/Win/directly_ready/I-Am-Jakoby_BadUSB/Payloads/Flip-WifiGrabber/WifiGrabber.ps1,works_both
sd_card_content/badusb_extra_payloads/collection/Win/directly_ready/I-Am-Jakoby_BadUSB/Payloads/Flip-WifiGrabber/README.md,sd_card_mirror/badusb/!repo/works_both/collection/Win/directly_ready/I-Am-Jakoby_BadUSB/Payloads/Flip-WifiGrabber/README.md,works_both
sd_card_content/badusb_extra_payloads/collection/Win/directly_ready/I-Am-Jakoby_BadUSB/Payloads/Flip-IP-Grabber/IP-Grabber.txt,sd_card_mirror/badusb/!repo/works_both/collection/Win/directly_ready/I-Am-Jakoby_BadUSB/Payloads/Flip-IP-Grabber/IP-Grabber.txt,works_both
sd_card_content/badusb_extra_payloads/collection/Win/directly_ready/I-Am-Jakoby_BadUSB/Payloads/Flip-IP-Grabber/ReadMe.md,sd_card_mirror/badusb/!repo/works_both/collection/Win/directly_ready/I-Am-Jakoby_BadUSB/Payloads/Flip-IP-Grabber/ReadMe.md,works_both
sd_card_content/badusb_extra_payloads/collection/Win/directly_ready/magikh0e_BadUSB/Information Stealer.txt,sd_card_mirror/badusb/!repo/works_both/collection/Win/directly_ready/magikh0e_BadUSB/Information Stealer.txt,works_both
sd_card_content/badusb_extra_payloads/collection/Win/directly_ready/BadUsb-Library/VM-Detection-Report.txt,sd_card_mirror/badusb/!repo/works_both/collection/Win/directly_ready/BadUsb-Library/VM-Detection-Report.txt,works_both
sd_card_content/badusb_extra_payloads/collection/Win/directly_ready/UberGuidoZ_BadUSB/UNC0V3R3D-BadUSB-Collection/Windows_Badusb/PasswordStuff/StealWifiKeys_onUSB/readme.md,sd_card_mirror/badusb/!repo/works_both/collection/Win/directly_ready/UberGuidoZ_BadUSB/UNC0V3R3D-BadUSB-Collection/Windows_Badusb/PasswordStuff/StealWifiKeys_onUSB/readme.md,works_both
sd_card_content/badusb_extra_payloads/collection/Win/directly_ready/UberGuidoZ_BadUSB/UNC0V3R3D-BadUSB-Collection/Windows_Badusb/PasswordStuff/Show_Saved_Password/readme.md,sd_card_mirror/badusb/!repo/works_both/collection/Win/directly_ready/UberGuidoZ_BadUSB/UNC0V3R3D-BadUSB-Collection/Windows_Badusb/PasswordStuff/Show_Saved_Password/readme.md,works_both
sd_card_content/badusb_extra_payloads/collection/Win/directly_ready/UberGuidoZ_BadUSB/UNC0V3R3D-BadUSB-Collection/Windows_Badusb/PasswordStuff/StealWifiKeys/readme.md,sd_card_mirror/badusb/!repo/works_both/collection/Win/directly_ready/UberGuidoZ_BadUSB/UNC0V3R3D-BadUSB-Collection/Windows_Badusb/PasswordStuff/StealWifiKeys/readme.md,works_both
sd_card_content/badusb_extra_payloads/collection/Win/directly_ready/UberGuidoZ_BadUSB/s4dic - BadUSB/DiscordGrabber/ReadMe.md,sd_card_mirror/badusb/!repo/works_both/collection/Win/directly_ready/UberGuidoZ_BadUSB/s4dic - BadUSB/DiscordGrabber/ReadMe.md,works_both
sd_card_content/badusb_extra_payloads/collection/Win/directly_ready/UberGuidoZ_BadUSB/Pwn-Drive/c.ps1,sd_card_mirror/badusb/!repo/works_both/collection/Win/directly_ready/UberGuidoZ_BadUSB/Pwn-Drive/c.ps1,works_both
sd_card_content/badusb_extra_payloads/collection/Win/directly_ready/UberGuidoZ_BadUSB/NullSec-BadUSB/13_ClipboardStealer.txt,sd_card_mirror/badusb/!repo/works_both/collection/Win/directly_ready/UberGuidoZ_BadUSB/NullSec-BadUSB/13_ClipboardStealer.txt,works_both
sd_card_content/badusb_extra_payloads/collection/Win/directly_ready/UberGuidoZ_BadUSB/NullSec-BadUSB/02_WiFiStealer.txt,sd_card_mirror/badusb/!repo/works_both/collection/Win/directly_ready/UberGuidoZ_BadUSB/NullSec-BadUSB/02_WiFiStealer.txt,works_both
sd_card_content/badusb_extra_payloads/collection/Win/directly_ready/UberGuidoZ_BadUSB/NullSec-BadUSB/14_ScreenCapture.txt,sd_card_mirror/badusb/!repo/works_both/collection/Win/directly_ready/UberGuidoZ_BadUSB/NullSec-BadUSB/14_ScreenCapture.txt,works_both
sd_card_content/badusb_extra_payloads/collection/Win/directly_ready/UberGuidoZ_BadUSB/NullSec-BadUSB/05_CredDump.txt,sd_card_mirror/badusb/!repo/works_both/collection/Win/directly_ready/UberGuidoZ_BadUSB/NullSec-BadUSB/05_CredDump.txt,works_both
sd_card_content/badusb_extra_payloads/collection/Win/directly_ready/Bruce-Scripts-Heaven_BAD/Wifi_and_Show_Passwords_for_Flipper.txt,sd_card_mirror/badusb/!repo/works_both/collection/Win/directly_ready/Bruce-Scripts-Heaven_BAD/Wifi_and_Show_Passwords_for_Flipper.txt,works_both
sd_card_content/badusb_extra_payloads/collection/Win/directly_ready/Bruce-Scripts-Heaven_BAD/Wifi-Stealer-Discord-Improved.txt,sd_card_mirror/badusb/!repo/works_both/collection/Win/directly_ready/Bruce-Scripts-Heaven_BAD/Wifi-Stealer-Discord-Improved.txt,works_both
sd_card_content/badusb_extra_payloads/collection/Win/directly_ready/Bruce-Scripts-Heaven_BAD/Wifi-Stealer_ORG.txt,sd_card_mirror/badusb/!repo/works_both/collection/Win/directly_ready/Bruce-Scripts-Heaven_BAD/Wifi-Stealer_ORG.txt,works_both
sd_card_content/badusb_extra_payloads/collection/Win/directly_ready/Bruce-Scripts-Heaven_BAD/Show_WiFi_Passwords.txt,sd_card_mirror/badusb/!repo/works_both/collection/Win/directly_ready/Bruce-Scripts-Heaven_BAD/Show_WiFi_Passwords.txt,works_both
sd_card_content/badusb_extra_payloads/collection/Win/directly_ready/Bruce-Scripts-Heaven_BAD/Wifi-Stealer_Discord.txt,sd_card_mirror/badusb/!repo/works_both/collection/Win/directly_ready/Bruce-Scripts-Heaven_BAD/Wifi-Stealer_Discord.txt,works_both
sd_card_content/badusb_extra_payloads/collection/Win/directly_ready/Bruce-Scripts-Heaven_BAD/Wifi-Stealer_Zoom.txt,sd_card_mirror/badusb/!repo/works_both/collection/Win/directly_ready/Bruce-Scripts-Heaven_BAD/Wifi-Stealer_Zoom.txt,works_both
sd_card_content/badusb_extra_payloads/collection/Win/directly_ready/Bruce-Scripts-Heaven_BAD/Show_Saved_Passwords.txt,sd_card_mirror/badusb/!repo/works_both/collection/Win/directly_ready/Bruce-Scripts-Heaven_BAD/Show_Saved_Passwords.txt,works_both
sd_card_content/badusb_extra_payloads/collection/Win/directly_ready/Bruce-Scripts-Heaven_BAD/Wifi-Stealer_Hook.txt,sd_card_mirror/badusb/!repo/works_both/collection/Win/directly_ready/Bruce-Scripts-Heaven_BAD/Wifi-Stealer_Hook.txt,works_both
sd_card_content/badusb_extra_payloads/collection/Win/directly_ready/Bruce-Scripts-Heaven_BAD/BadUSB-FalsePhilosopher/OMG/Library/credentials/OMGLogger/payload.txt,sd_card_mirror/badusb/!repo/works_both/collection/Win/directly_ready/Bruce-Scripts-Heaven_BAD/BadUSB-FalsePhilosopher/OMG/Library/credentials/OMGLogger/payload.txt,works_both
sd_card_content/badusb_extra_payloads/collection/Win/directly_ready/Bruce-Scripts-Heaven_BAD/BadUSB-FalsePhilosopher/OMG/Library/credentials/SudoSnatch/payload.txt,sd_card_mirror/badusb/!repo/works_both/collection/Win/directly_ready/Bruce-Scripts-Heaven_BAD/BadUSB-FalsePhilosopher/OMG/Library/credentials/SudoSnatch/payload.txt,works_both
sd_card_content/badusb_extra_payloads/collection/Win/directly_ready/Bruce-Scripts-Heaven_BAD/BadUSB-FalsePhilosopher/Malduino/Library/Win/DuckDuinoScripts/WiFiGrabberNoEmail.ino,sd_card_mirror/badusb/!repo/works_both/collection/Win/directly_ready/Bruce-Scripts-Heaven_BAD/BadUSB-FalsePhilosopher/Malduino/Library/Win/DuckDuinoScripts/WiFiGrabberNoEmail.ino,works_both
sd_card_content/badusb_extra_payloads/collection/Win/directly_ready/Bruce-Scripts-Heaven_BAD/BadUSB-FalsePhilosopher/Malduino/Library/Win/DuckDuinoScripts/WiFiGrabberEmail.ino,sd_card_mirror/badusb/!repo/works_both/collection/Win/directly_ready/Bruce-Scripts-Heaven_BAD/BadUSB-FalsePhilosopher/Malduino/Library/Win/DuckDuinoScripts/WiFiGrabberEmail.ino,works_both
sd_card_content/badusb_extra_payloads/collection/Win/directly_ready/Bruce-Scripts-Heaven_BAD/BadUSB-FalsePhilosopher/Ducky/Ducky-Framework/payloads/win/downloadAndExecMimikatz/downloadAndExecMimikatz.txt,sd_card_mirror/badusb/!repo/works_both/collection/Win/directly_ready/Bruce-Scripts-Heaven_BAD/BadUSB-FalsePhilosopher/Ducky/Ducky-Framework/payloads/win/downloadAndExecMimikatz/downloadAndExecMimikatz.txt,works_both
sd_card_content/badusb_extra_payloads/collection/Win/directly_ready/Bruce-Scripts-Heaven_BAD/BadUSB-FalsePhilosopher/Ducky/Ducky-Framework/payloads/win/mimikatzPay/mimikatzPay.txt,sd_card_mirror/badusb/!repo/works_both/collection/Win/directly_ready/Bruce-Scripts-Heaven_BAD/BadUSB-FalsePhilosopher/Ducky/Ducky-Framework/payloads/win/mimikatzPay/mimikatzPay.txt,works_both
sd_card_content/badusb_extra_payloads/collection/Win/directly_ready/Bruce-Scripts-Heaven_BAD/BadUSB-FalsePhilosopher/Ducky/Ducky-Framework/payloads/win/chromeStealer/chromeStealer.txt,sd_card_mirror/badusb/!repo/works_both/collection/Win/directly_ready/Bruce-Scripts-Heaven_BAD/BadUSB-FalsePhilosopher/Ducky/Ducky-Framework/payloads/win/chromeStealer/chromeStealer.txt,works_both
sd_card_content/badusb_extra_payloads/collection/Win/directly_ready/Bruce-Scripts-Heaven_BAD/BadUSB-FalsePhilosopher/Ducky/USBRubberducky/credentials/Win/Rubber_Ducky_Password_Stealer/payloads/payload_[slow][dutch].txt,sd_card_mirror/badusb/!repo/works_both/collection/Win/directly_ready/Bruce-Scripts-Heaven_BAD/BadUSB-FalsePhilosopher/Ducky/USBRubberducky/credentials/Win/Rubber_Ducky_Password_Stealer/payloads/payload_[slow][dutch].txt,works_both
sd_card_content/badusb_extra_payloads/collection/Win/directly_ready/Bruce-Scripts-Heaven_BAD/BadUSB-FalsePhilosopher/Ducky/USBRubberducky/credentials/Win/Rubber_Ducky_Password_Stealer/payloads/payload_[slow][english].txt,sd_card_mirror/badusb/!repo/works_both/collection/Win/directly_ready/Bruce-Scripts-Heaven_BAD/BadUSB-FalsePhilosopher/Ducky/USBRubberducky/credentials/Win/Rubber_Ducky_Password_Stealer/payloads/payload_[slow][english].txt,works_both
sd_card_content/badusb_extra_payloads/collection/Win/directly_ready/Bruce-Scripts-Heaven_BAD/BadUSB-FalsePhilosopher/BashBunny/payloads/library/credentials/WindowsCookies/server.py,sd_card_mirror/badusb/!repo/works_both/collection/Win/directly_ready/Bruce-Scripts-Heaven_BAD/BadUSB-FalsePhilosopher/BashBunny/payloads/library/credentials/WindowsCookies/server.py,works_both
sd_card_content/badusb_extra_payloads/collection/Win/directly_ready/Bruce-Scripts-Heaven_BAD/BadUSB-FalsePhilosopher/BashBunny/payloads/library/credentials/SMBruteBunny/mmcbrute/mmcbrute.py,sd_card_mirror/badusb/!repo/works_both/collection/Win/directly_ready/Bruce-Scripts-Heaven_BAD/BadUSB-FalsePhilosopher/BashBunny/payloads/library/credentials/SMBruteBunny/mmcbrute/mmcbrute.py,works_both
sd_card_content/badusb_extra_payloads/collection/Win/directly_ready/Bruce-Scripts-Heaven_BAD/BadUSB-FalsePhilosopher/BashBunny/payloads/library/credentials/BunnyTap/bunnytap.js,sd_card_mirror/badusb/!repo/works_both/collection/Win/directly_ready/Bruce-Scripts-Heaven_BAD/BadUSB-FalsePhilosopher/BashBunny/payloads/library/credentials/BunnyTap/bunnytap.js,works_both
sd_card_content/badusb_extra_payloads/collection/Win/directly_ready/Bruce-Scripts-Heaven_BAD/BadUSB-FalsePhilosopher/BashBunny/payloads/library/credentials/BunnyTap/backend_server.js,sd_card_mirror/badusb/!repo/works_both/collection/Win/directly_ready/Bruce-Scripts-Heaven_BAD/BadUSB-FalsePhilosopher/BashBunny/payloads/library/credentials/BunnyTap/backend_server.js,works_both
sd_card_content/badusb_extra_payloads/collection/Win/directly_ready/Bruce-Scripts-Heaven_BAD/BadUSB-FalsePhilosopher/BashBunny/payloads/library/credentials/BunnyTap/js/ajax.googleapis.com__ajax__libs__jquery__1.7.1__jquery.min.js,sd_card_mirror/badusb/!repo/works_both/collection/Win/directly_ready/Bruce-Scripts-Heaven_BAD/BadUSB-FalsePhilosopher/BashBunny/payloads/library/credentials/BunnyTap/js/ajax.googleapis.com__ajax__libs__jquery__1.7.1__jquery.min.js,works_both
sd_card_content/badusb_extra_payloads/collection/Win/directly_ready/Bruce-Scripts-Heaven_BAD/BadUSB-FalsePhilosopher/BashBunny/payloads/library/credentials/BunnyTap/js/ajax.googleapis.com__ajax__libs__jqueryui__1.8.21__jquery-ui.min.js,sd_card_mirror/badusb/!repo/works_both/collection/Win/directly_ready/Bruce-Scripts-Heaven_BAD/BadUSB-FalsePhilosopher/BashBunny/payloads/library/credentials/BunnyTap/js/ajax.googleapis.com__ajax__libs__jqueryui__1.8.21__jquery-ui.min.js,works_both
sd_card_content/badusb_extra_payloads/collection/Win/directly_ready/Bruce-Scripts-Heaven_BAD/BadUSB-FalsePhilosopher/BashBunny/payloads/library/credentials/BunnyTap/js/ajax.googleapis.com__ajax__libs__jquery__1.8.1__jquery.min.js,sd_card_mirror/badusb/!repo/works_both/collection/Win/directly_ready/Bruce-Scripts-Heaven_BAD/BadUSB-FalsePhilosopher/BashBunny/payloads/library/credentials/BunnyTap/js/ajax.googleapis.com__ajax__libs__jquery__1.8.1__jquery.min.js,works_both
sd_card_content/badusb_extra_payloads/collection/Win/directly_ready/Bruce-Scripts-Heaven_BAD/BadUSB-FalsePhilosopher/BashBunny/payloads/library/credentials/BunnyTap/js/ajax.googleapis.com__ajax__libs__jqueryui__1.11.3__jquery-ui.min.js,sd_card_mirror/badusb/!repo/works_both/collection/Win/directly_ready/Bruce-Scripts-Heaven_BAD/BadUSB-FalsePhilosopher/BashBunny/payloads/library/credentials/BunnyTap/js/ajax.googleapis.com__ajax__libs__jqueryui__1.11.3__jquery-ui.min.js,works_both
sd_card_content/badusb_extra_payloads/collection/Win/directly_ready/Bruce-Scripts-Heaven_BAD/BadUSB-FalsePhilosopher/BashBunny/payloads/library/credentials/BunnyTap/js/ajax.googleapis.com__ajax__libs__jquery__1.2.3__jquery.min.js,sd_card_mirror/badusb/!repo/works_both/collection/Win/directly_ready/Bruce-Scripts-Heaven_BAD/BadUSB-FalsePhilosopher/BashBunny/payloads/library/credentials/BunnyTap/js/ajax.googleapis.com__ajax__libs__jquery__1.2.3__jquery.min.js,works_both
sd_card_content/badusb_extra_payloads/collection/Win/directly_ready/Bruce-Scripts-Heaven_BAD/BadUSB-FalsePhilosopher/BashBunny/payloads/library/credentials/BunnyTap/js/ajax.googleapis.com__ajax__libs__jquery__2.0.1__jquery.min.js,sd_card_mirror/badusb/!repo/works_both/collection/Win/directly_ready/Bruce-Scripts-Heaven_BAD/BadUSB-FalsePhilosopher/BashBunny/payloads/library/credentials/BunnyTap/js/ajax.googleapis.com__ajax__libs__jquery__2.0.1__jquery.min.js,works_both
sd_card_content/badusb_extra_payloads/collection/Win/directly_ready/Bruce-Scripts-Heaven_BAD/BadUSB-FalsePhilosopher/BashBunny/payloads/library/credentials/BunnyTap/js/ajax.googleapis.com__ajax__libs__jquery__1.10.1__jquery.min.js,sd_card_mirror/badusb/!repo/works_both/collection/Win/directly_ready/Bruce-Scripts-Heaven_BAD/BadUSB-FalsePhilosopher/BashBunny/payloads/library/credentials/BunnyTap/js/ajax.googleapis.com__ajax__libs__jquery__1.10.1__jquery.min.js,works_both
sd_card_content/badusb_extra_payloads/collection/Win/directly_ready/Bruce-Scripts-Heaven_BAD/BadUSB-FalsePhilosopher/BashBunny/payloads/library/credentials/BunnyTap/js/ajax.googleapis.com__ajax__libs__dojo__1.3.2__dojo__dojo.js,sd_card_mirror/badusb/!repo/works_both/collection/Win/directly_ready/Bruce-Scripts-Heaven_BAD/BadUSB-FalsePhilosopher/BashBunny/payloads/library/credentials/BunnyTap/js/ajax.googleapis.com__ajax__libs__dojo__1.3.2__dojo__dojo.js,works_both
sd_card_content/badusb_extra_payloads/collection/Win/directly_ready/Bruce-Scripts-Heaven_BAD/BadUSB-FalsePhilosopher/BashBunny/payloads/library/credentials/BunnyTap/js/ajax.googleapis.com__ajax__libs__spf__2.1.0__spf.js,sd_card_mirror/badusb/!repo/works_both/collection/Win/directly_ready/Bruce-Scripts-Heaven_BAD/BadUSB-FalsePhilosopher/BashBunny/payloads/library/credentials/BunnyTap/js/ajax.googleapis.com__ajax__libs__spf__2.1.0__spf.js,works_both
sd_card_content/badusb_extra_payloads/collection/Win/directly_ready/Bruce-Scripts-Heaven_BAD/BadUSB-FalsePhilosopher/BashBunny/payloads/library/credentials/BunnyTap/js/ajax.googleapis.com__ajax__libs__jquery__1.8.3__jquery.min.js,sd_card_mirror/badusb/!repo/works_both/collection/Win/directly_ready/Bruce-Scripts-Heaven_BAD/BadUSB-FalsePhilosopher/BashBunny/payloads/library/credentials/BunnyTap/js/ajax.googleapis.com__ajax__libs__jquery__1.8.3__jquery.min.js,works_both
sd_card_content/badusb_extra_payloads/collection/Win/directly_ready/Bruce-Scripts-Heaven_BAD/BadUSB-FalsePhilosopher/BashBunny/payloads/library/credentials/BunnyTap/js/ajax.googleapis.com__ajax__libs__jquery__2.2.0__jquery.min.js,sd_card_mirror/badusb/!repo/works_both/collection/Win/directly_ready/Bruce-Scripts-Heaven_BAD/BadUSB-FalsePhilosopher/BashBunny/payloads/library/credentials/BunnyTap/js/ajax.googleapis.com__ajax__libs__jquery__2.2.0__jquery.min.js,works_both
sd_card_content/badusb_extra_payloads/collection/Win/directly_ready/Bruce-Scripts-Heaven_BAD/BadUSB-FalsePhilosopher/BashBunny/payloads/library/credentials/BunnyTap/js/ajax.googleapis.com__ajax__libs__threejs__r67__three.min.js,sd_card_mirror/badusb/!repo/works_both/collection/Win/directly_ready/Bruce-Scripts-Heaven_BAD/BadUSB-FalsePhilosopher/BashBunny/payloads/library/credentials/BunnyTap/js/ajax.googleapis.com__ajax__libs__threejs__r67__three.min.js,works_both
sd_card_content/badusb_extra_payloads/collection/Win/directly_ready/Bruce-Scripts-Heaven_BAD/BadUSB-FalsePhilosopher/BashBunny/payloads/library/credentials/BunnyTap/js/ajax.googleapis.com__ajax__libs__jqueryui__1.7.2__jquery-ui.min.js,sd_card_mirror/badusb/!repo/works_both/collection/Win/directly_ready/Bruce-Scripts-Heaven_BAD/BadUSB-FalsePhilosopher/BashBunny/payloads/library/credentials/BunnyTap/js/ajax.googleapis.com__ajax__libs__jqueryui__1.7.2__jquery-ui.min.js,works_both
sd_card_content/badusb_extra_payloads/collection/Win/directly_ready/Bruce-Scripts-Heaven_BAD/BadUSB-FalsePhilosopher/BashBunny/payloads/library/credentials/BunnyTap/js/ajax.googleapis.com__ajax__libs__jquery__1.7.0__jquery.min.js,sd_card_mirror/badusb/!repo/works_both/collection/Win/directly_ready/Bruce-Scripts-Heaven_BAD/BadUSB-FalsePhilosopher/BashBunny/payloads/library/credentials/BunnyTap/js/ajax.googleapis.com__ajax__libs__jquery__1.7.0__jquery.min.js,works_both
sd_card_content/badusb_extra_payloads/collection/Win/directly_ready/Bruce-Scripts-Heaven_BAD/BadUSB-FalsePhilosopher/BashBunny/payloads/library/credentials/BunnyTap/js/ajax.googleapis.com__ajax__libs__jqueryui__1.11.1__jquery-ui.min.js,sd_card_mirror/badusb/!repo/works_both/collection/Win/directly_ready/Bruce-Scripts-Heaven_BAD/BadUSB-FalsePhilosopher/BashBunny/payloads/library/credentials/BunnyTap/js/ajax.googleapis.com__ajax__libs__jqueryui__1.11.1__jquery-ui.min.js,works_both
sd_card_content/badusb_extra_payloads/collection/Win/directly_ready/Bruce-Scripts-Heaven_BAD/BadUSB-FalsePhilosopher/BashBunny/payloads/library/credentials/BunnyTap/js/ajax.googleapis.com__ajax__libs__jquery__1.10.2__jquery.min.js,sd_card_mirror/badusb/!repo/works_both/collection/Win/directly_ready/Bruce-Scripts-Heaven_BAD/BadUSB-FalsePhilosopher/BashBunny/payloads/library/credentials/BunnyTap/js/ajax.googleapis.com__ajax__libs__jquery__1.10.2__jquery.min.js,works_both
sd_card_content/badusb_extra_payloads/collection/Win/directly_ready/Bruce-Scripts-Heaven_BAD/BadUSB-FalsePhilosopher/BashBunny/payloads/library/credentials/BunnyTap/js/ajax.googleapis.com__ajax__libs__jqueryui__1.5.2__jquery-ui.min.js,sd_card_mirror/badusb/!repo/works_both/collection/Win/directly_ready/Bruce-Scripts-Heaven_BAD/BadUSB-FalsePhilosopher/BashBunny/payloads/library/credentials/BunnyTap/js/ajax.googleapis.com__ajax__libs__jqueryui__1.5.2__jquery-ui.min.js,works_both
sd_card_content/badusb_extra_payloads/collection/Win/directly_ready/Bruce-Scripts-Heaven_BAD/BadUSB-FalsePhilosopher/BashBunny/payloads/library/credentials/BunnyTap/js/ajax.googleapis.com__ajax__libs__jqueryui__1.5.3__jquery-ui.min.js,sd_card_mirror/badusb/!repo/works_both/collection/Win/directly_ready/Bruce-Scripts-Heaven_BAD/BadUSB-FalsePhilosopher/BashBunny/payloads/library/credentials/BunnyTap/js/ajax.googleapis.com__ajax__libs__jqueryui__1.5.3__jquery-ui.min.js,works_both
sd_card_content/badusb_extra_payloads/collection/Win/directly_ready/Bruce-Scripts-Heaven_BAD/BadUSB-FalsePhilosopher/BashBunny/payloads/library/credentials/BunnyTap/js/ajax.googleapis.com__ajax__libs__jquery__2.1.4__jquery.min.js,sd_card_mirror/badusb/!repo/works_both/collection/Win/directly_ready/Bruce-Scripts-Heaven_BAD/BadUSB-FalsePhilosopher/BashBunny/payloads/library/credentials/BunnyTap/js/ajax.googleapis.com__ajax__libs__jquery__2.1.4__jquery.min.js,works_both
sd_card_content/badusb_extra_payloads/collection/Win/directly_ready/Bruce-Scripts-Heaven_BAD/BadUSB-FalsePhilosopher/BashBunny/payloads/library/credentials/BunnyTap/js/ajax.googleapis.com__ajax__libs__jqueryui__1.8.2__jquery-ui.min.js,sd_card_mirror/badusb/!repo/works_both/collection/Win/directly_ready/Bruce-Scripts-Heaven_BAD/BadUSB-FalsePhilosopher/BashBunny/payloads/library/credentials/BunnyTap/js/ajax.googleapis.com__ajax__libs__jqueryui__1.8.2__jquery-ui.min.js,works_both
sd_card_content/badusb_extra_payloads/collection/Win/directly_ready/Bruce-Scripts-Heaven_BAD/BadUSB-FalsePhilosopher/BashBunny/payloads/library/credentials/BunnyTap/js/ajax.googleapis.com__ajax__libs__spf__2.3.0__spf.js,sd_card_mirror/badusb/!repo/works_both/collection/Win/directly_ready/Bruce-Scripts-Heaven_BAD/BadUSB-FalsePhilosopher/BashBunny/payloads/library/credentials/BunnyTap/js/ajax.googleapis.com__ajax__libs__spf__2.3.0__spf.js,works_both
sd_card_content/badusb_extra_payloads/collection/Win/directly_ready/Bruce-Scripts-Heaven_BAD/BadUSB-FalsePhilosopher/BashBunny/payloads/library/credentials/BunnyTap/js/ajax.googleapis.com__ajax__libs__jquery__1.5.1__jquery.min.js,sd_card_mirror/badusb/!repo/works_both/collection/Win/directly_ready/Bruce-Scripts-Heaven_BAD/BadUSB-FalsePhilosopher/BashBunny/payloads/library/credentials/BunnyTap/js/ajax.googleapis.com__ajax__libs__jquery__1.5.1__jquery.min.js,works_both
sd_card_content/badusb_extra_payloads/collection/Win/directly_ready/Bruce-Scripts-Heaven_BAD/BadUSB-FalsePhilosopher/BashBunny/payloads/library/credentials/BunnyTap/js/ajax.googleapis.com__ajax__libs__jqueryui__1.8.14__jquery-ui.min.js,sd_card_mirror/badusb/!repo/works_both/collection/Win/directly_ready/Bruce-Scripts-Heaven_BAD/BadUSB-FalsePhilosopher/BashBunny/payloads/library/credentials/BunnyTap/js/ajax.googleapis.com__ajax__libs__jqueryui__1.8.14__jquery-ui.min.js,works_both
sd_card_content/badusb_extra_payloads/collection/Win/directly_ready/Bruce-Scripts-Heaven_BAD/BadUSB-FalsePhilosopher/BashBunny/payloads/library/credentials/BunnyTap/js/ajax.googleapis.com__ajax__libs__spf__2.0.0__spf.js,sd_card_mirror/badusb/!repo/works_both/collection/Win/directly_ready/Bruce-Scripts-Heaven_BAD/BadUSB-FalsePhilosopher/BashBunny/payloads/library/credentials/BunnyTap/js/ajax.googleapis.com__ajax__libs__spf__2.0.0__spf.js,works_both
sd_card_content/badusb_extra_payloads/collection/Win/directly_ready/Bruce-Scripts-Heaven_BAD/BadUSB-FalsePhilosopher/BashBunny/payloads/library/credentials/BunnyTap/js/ajax.googleapis.com__ajax__libs__jqueryui__1.10.2__jquery-ui.min.js,sd_card_mirror/badusb/!repo/works_both/collection/Win/directly_ready/Bruce-Scripts-Heaven_BAD/BadUSB-FalsePhilosopher/BashBunny/payloads/library/credentials/BunnyTap/js/ajax.googleapis.com__ajax__libs__jqueryui__1.10.2__jquery-ui.min.js,works_both
sd_card_content/badusb_extra_payloads/collection/Win/directly_ready/Bruce-Scripts-Heaven_BAD/BadUSB-FalsePhilosopher/BashBunny/payloads/library/credentials/BunnyTap/js/ajax.googleapis.com__ajax__libs__jquery__1.2.6__jquery.min.js,sd_card_mirror/badusb/!repo/works_both/collection/Win/directly_ready/Bruce-Scripts-Heaven_BAD/BadUSB-FalsePhilosopher/BashBunny/payloads/library/credentials/BunnyTap/js/ajax.googleapis.com__ajax__libs__jquery__1.2.6__jquery.min.js,works_both
sd_card_content/badusb_extra_payloads/collection/Win/directly_ready/Bruce-Scripts-Heaven_BAD/BadUSB-FalsePhilosopher/BashBunny/payloads/library/credentials/BunnyTap/js/ajax.googleapis.com__ajax__libs__jquery__1.11.0__jquery.min.js,sd_card_mirror/badusb/!repo/works_both/collection/Win/directly_ready/Bruce-Scripts-Heaven_BAD/BadUSB-FalsePhilosopher/BashBunny/payloads/library/credentials/BunnyTap/js/ajax.googleapis.com__ajax__libs__jquery__1.11.0__jquery.min.js,works_both
sd_card_content/badusb_extra_payloads/collection/Win/directly_ready/Bruce-Scripts-Heaven_BAD/BadUSB-FalsePhilosopher/BashBunny/payloads/library/credentials/BunnyTap/js/ajax.googleapis.com__ajax__libs__jqueryui__1.8.5__jquery-ui.min.js,sd_card_mirror/badusb/!repo/works_both/collection/Win/directly_ready/Bruce-Scripts-Heaven_BAD/BadUSB-FalsePhilosopher/BashBunny/payloads/library/credentials/BunnyTap/js/ajax.googleapis.com__ajax__libs__jqueryui__1.8.5__jquery-ui.min.js,works_both
sd_card_content/badusb_extra_payloads/collection/Win/directly_ready/Bruce-Scripts-Heaven_BAD/BadUSB-FalsePhilosopher/BashBunny/payloads/library/credentials/BunnyTap/js/ajax.googleapis.com__ajax__libs__jquery__1.4.1__jquery.min.js,sd_card_mirror/badusb/!repo/works_both/collection/Win/directly_ready/Bruce-Scripts-Heaven_BAD/BadUSB-FalsePhilosopher/BashBunny/payloads/library/credentials/BunnyTap/js/ajax.googleapis.com__ajax__libs__jquery__1.4.1__jquery.min.js,works_both
sd_card_content/badusb_extra_payloads/collection/Win/directly_ready/Bruce-Scripts-Heaven_BAD/BadUSB-FalsePhilosopher/BashBunny/payloads/library/credentials/BunnyTap/js/ajax.googleapis.com__ajax__libs__webfont__1.6.16__webfont.js,sd_card_mirror/badusb/!repo/works_both/collection/Win/directly_ready/Bruce-Scripts-Heaven_BAD/BadUSB-FalsePhilosopher/BashBunny/payloads/library/credentials/BunnyTap/js/ajax.googleapis.com__ajax__libs__webfont__1.6.16__webfont.js,works_both
sd_card_content/badusb_extra_payloads/collection/Win/directly_ready/Bruce-Scripts-Heaven_BAD/BadUSB-FalsePhilosopher/BashBunny/payloads/library/credentials/BunnyTap/js/ajax.googleapis.com__ajax__libs__dojo__1.2.0__dojo__dojo.js,sd_card_mirror/badusb/!repo/works_both/collection/Win/directly_ready/Bruce-Scripts-Heaven_BAD/BadUSB-FalsePhilosopher/BashBunny/payloads/library/credentials/BunnyTap/js/ajax.googleapis.com__ajax__libs__dojo__1.2.0__dojo__dojo.js,works_both
sd_card_content/badusb_extra_payloads/collection/Win/directly_ready/Bruce-Scripts-Heaven_BAD/BadUSB-FalsePhilosopher/BashBunny/payloads/library/credentials/BunnyTap/js/ajax.googleapis.com__ajax__libs__jquery__2.0.3__jquery.min.js,sd_card_mirror/badusb/!repo/works_both/collection/Win/directly_ready/Bruce-Scripts-Heaven_BAD/BadUSB-FalsePhilosopher/BashBunny/payloads/library/credentials/BunnyTap/js/ajax.googleapis.com__ajax__libs__jquery__2.0.3__jquery.min.js,works_both
sd_card_content/badusb_extra_payloads/collection/Win/directly_ready/Bruce-Scripts-Heaven_BAD/BadUSB-FalsePhilosopher/BashBunny/payloads/library/credentials/BunnyTap/js/ajax.googleapis.com__ajax__libs__jqueryui__1.8.9__jquery-ui.min.js,sd_card_mirror/badusb/!repo/works_both/collection/Win/directly_ready/Bruce-Scripts-Heaven_BAD/BadUSB-FalsePhilosopher/BashBunny/payloads/library/credentials/BunnyTap/js/ajax.googleapis.com__ajax__libs__jqueryui__1.8.9__jquery-ui.min.js,works_both
sd_card_content/badusb_extra_payloads/collection/Win/directly_ready/Bruce-Scripts-Heaven_BAD/BadUSB-FalsePhilosopher/BashBunny/payloads/library/credentials/BunnyTap/js/ajax.googleapis.com__ajax__libs__jquery__1.6.4__jquery.min.js,sd_card_mirror/badusb/!repo/works_both/collection/Win/directly_ready/Bruce-Scripts-Heaven_BAD/BadUSB-FalsePhilosopher/BashBunny/payloads/library/credentials/BunnyTap/js/ajax.googleapis.com__ajax__libs__jquery__1.6.4__jquery.min.js,works_both
sd_card_content/badusb_extra_payloads/collection/Win/directly_ready/Bruce-Scripts-Heaven_BAD/BadUSB-FalsePhilosopher/BashBunny/payloads/library/credentials/BunnyTap/js/ajax.googleapis.com__ajax__libs__spf__2.0.1__spf.js,sd_card_mirror/badusb/!repo/works_both/collection/Win/directly_ready/Bruce-Scripts-Heaven_BAD/BadUSB-FalsePhilosopher/BashBunny/payloads/library/credentials/BunnyTap/js/ajax.googleapis.com__ajax__libs__spf__2.0.1__spf.js,works_both
sd_card_content/badusb_extra_payloads/collection/Win/directly_ready/Bruce-Scripts-Heaven_BAD/BadUSB-FalsePhilosopher/BashBunny/payloads/library/credentials/BunnyTap/js/ajax.googleapis.com__ajax__libs__jqueryui__1.11.2__jquery-ui.min.js,sd_card_mirror/badusb/!repo/works_both/collection/Win/directly_ready/Bruce-Scripts-Heaven_BAD/BadUSB-FalsePhilosopher/BashBunny/payloads/library/credentials/BunnyTap/js/ajax.googleapis.com__ajax__libs__jqueryui__1.11.2__jquery-ui.min.js,works_both
sd_card_content/badusb_extra_payloads/collection/Win/directly_ready/Bruce-Scripts-Heaven_BAD/BadUSB-FalsePhilosopher/BashBunny/payloads/library/credentials/BunnyTap/js/ajax.googleapis.com__ajax__libs__jquery__1.6.3__jquery.min.js,sd_card_mirror/badusb/!repo/works_both/collection/Win/directly_ready/Bruce-Scripts-Heaven_BAD/BadUSB-FalsePhilosopher/BashBunny/payloads/library/credentials/BunnyTap/js/ajax.googleapis.com__ajax__libs__jquery__1.6.3__jquery.min.js,works_both
sd_card_content/badusb_extra_payloads/collection/Win/directly_ready/Bruce-Scripts-Heaven_BAD/BadUSB-FalsePhilosopher/BashBunny/payloads/library/credentials/BunnyTap/js/ajax.googleapis.com__ajax__libs__jquery__1.7.2__jquery.min.js,sd_card_mirror/badusb/!repo/works_both/collection/Win/directly_ready/Bruce-Scripts-Heaven_BAD/BadUSB-FalsePhilosopher/BashBunny/payloads/library/credentials/BunnyTap/js/ajax.googleapis.com__ajax__libs__jquery__1.7.2__jquery.min.js,works_both
sd_card_content/badusb_extra_payloads/collection/Win/directly_ready/Bruce-Scripts-Heaven_BAD/BadUSB-FalsePhilosopher/BashBunny/payloads/library/credentials/BunnyTap/js/ajax.googleapis.com__ajax__libs__jquery__2.1.1__jquery.min.js,sd_card_mirror/badusb/!repo/works_both/collection/Win/directly_ready/Bruce-Scripts-Heaven_BAD/BadUSB-FalsePhilosopher/BashBunny/payloads/library/credentials/BunnyTap/js/ajax.googleapis.com__ajax__libs__jquery__2.1.1__jquery.min.js,works_both
sd_card_content/badusb_extra_payloads/collection/Win/directly_ready/Bruce-Scripts-Heaven_BAD/BadUSB-FalsePhilosopher/BashBunny/payloads/library/credentials/BunnyTap/js/ajax.googleapis.com__ajax__libs__jquery__1.3.0__jquery.min.js,sd_card_mirror/badusb/!repo/works_both/collection/Win/directly_ready/Bruce-Scripts-Heaven_BAD/BadUSB-FalsePhilosopher/BashBunny/payloads/library/credentials/BunnyTap/js/ajax.googleapis.com__ajax__libs__jquery__1.3.0__jquery.min.js,works_both
sd_card_content/badusb_extra_payloads/collection/Win/directly_ready/Bruce-Scripts-Heaven_BAD/BadUSB-FalsePhilosopher/BashBunny/payloads/library/credentials/BunnyTap/js/ajax.googleapis.com__ajax__libs__jqueryui__1.10.0__jquery-ui.min.js,sd_card_mirror/badusb/!repo/works_both/collection/Win/directly_ready/Bruce-Scripts-Heaven_BAD/BadUSB-FalsePhilosopher/BashBunny/payloads/library/credentials/BunnyTap/js/ajax.googleapis.com__ajax__libs__jqueryui__1.10.0__jquery-ui.min.js,works_both
sd_card_content/badusb_extra_payloads/collection/Win/directly_ready/Bruce-Scripts-Heaven_BAD/BadUSB-FalsePhilosopher/BashBunny/payloads/library/credentials/BunnyTap/js/ajax.googleapis.com__ajax__libs__jquery__1.11.3__jquery.min.js,sd_card_mirror/badusb/!repo/works_both/collection/Win/directly_ready/Bruce-Scripts-Heaven_BAD/BadUSB-FalsePhilosopher/BashBunny/payloads/library/credentials/BunnyTap/js/ajax.googleapis.com__ajax__libs__jquery__1.11.3__jquery.min.js,works_both
sd_card_content/badusb_extra_payloads/collection/Win/directly_ready/Bruce-Scripts-Heaven_BAD/BadUSB-FalsePhilosopher/BashBunny/payloads/library/credentials/BunnyTap/js/ajax.googleapis.com__ajax__libs__jqueryui__1.8.13__jquery-ui.min.js,sd_card_mirror/badusb/!repo/works_both/collection/Win/directly_ready/Bruce-Scripts-Heaven_BAD/BadUSB-FalsePhilosopher/BashBunny/payloads/library/credentials/BunnyTap/js/ajax.googleapis.com__ajax__libs__jqueryui__1.8.13__jquery-ui.min.js,works_both
sd_card_content/badusb_extra_payloads/collection/Win/directly_ready/Bruce-Scripts-Heaven_BAD/BadUSB-FalsePhilosopher/BashBunny/payloads/library/credentials/BunnyTap/js/ajax.googleapis.com__ajax__libs__jquery__2.1.3__jquery.min.js,sd_card_mirror/badusb/!repo/works_both/collection/Win/directly_ready/Bruce-Scripts-Heaven_BAD/BadUSB-FalsePhilosopher/BashBunny/payloads/library/credentials/BunnyTap/js/ajax.googleapis.com__ajax__libs__jquery__2.1.3__jquery.min.js,works_both
sd_card_content/badusb_extra_payloads/collection/Win/directly_ready/Bruce-Scripts-Heaven_BAD/BadUSB-FalsePhilosopher/BashBunny/payloads/library/credentials/BunnyTap/js/ajax.googleapis.com__ajax__libs__scriptaculous__1.9.0__scriptaculous.js,sd_card_mirror/badusb/!repo/works_both/collection/Win/directly_ready/Bruce-Scripts-Heaven_BAD/BadUSB-FalsePhilosopher/BashBunny/payloads/library/credentials/BunnyTap/js/ajax.googleapis.com__ajax__libs__scriptaculous__1.9.0__scriptaculous.js,works_both
sd_card_content/badusb_extra_payloads/collection/Win/directly_ready/Bruce-Scripts-Heaven_BAD/BadUSB-FalsePhilosopher/BashBunny/payloads/library/credentials/BunnyTap/js/ajax.googleapis.com__ajax__libs__threejs__r68__three.min.js,sd_card_mirror/badusb/!repo/works_both/collection/Win/directly_ready/Bruce-Scripts-Heaven_BAD/BadUSB-FalsePhilosopher/BashBunny/payloads/library/credentials/BunnyTap/js/ajax.googleapis.com__ajax__libs__threejs__r68__three.min.js,works_both
sd_card_content/badusb_extra_payloads/collection/Win/directly_ready/Bruce-Scripts-Heaven_BAD/BadUSB-FalsePhilosopher/BashBunny/payloads/library/credentials/BunnyTap/js/ajax.googleapis.com__ajax__libs__jquery__1.5.2__jquery.min.js,sd_card_mirror/badusb/!repo/works_both/collection/Win/directly_ready/Bruce-Scripts-Heaven_BAD/BadUSB-FalsePhilosopher/BashBunny/payloads/library/credentials/BunnyTap/js/ajax.googleapis.com__ajax__libs__jquery__1.5.2__jquery.min.js,works_both
sd_card_content/badusb_extra_payloads/collection/Win/directly_ready/Bruce-Scripts-Heaven_BAD/BadUSB-FalsePhilosopher/BashBunny/payloads/library/credentials/BunnyTap/js/ajax.googleapis.com__ajax__libs__jqueryui__1.8.11__jquery-ui.min.js,sd_card_mirror/badusb/!repo/works_both/collection/Win/directly_ready/Bruce-Scripts-Heaven_BAD/BadUSB-FalsePhilosopher/BashBunny/payloads/library/credentials/BunnyTap/js/ajax.googleapis.com__ajax__libs__jqueryui__1.8.11__jquery-ui.min.js,works_both
sd_card_content/badusb_extra_payloads/collection/Win/directly_ready/Bruce-Scripts-Heaven_BAD/BadUSB-FalsePhilosopher/BashBunny/payloads/library/credentials/BunnyTap/js/ajax.googleapis.com__ajax__libs__jqueryui__1.11.4__jquery-ui.min.js,sd_card_mirror/badusb/!repo/works_both/collection/Win/directly_ready/Bruce-Scripts-Heaven_BAD/BadUSB-FalsePhilosopher/BashBunny/payloads/library/credentials/BunnyTap/js/ajax.googleapis.com__ajax__libs__jqueryui__1.11.4__jquery-ui.min.js,works_both
sd_card_content/badusb_extra_payloads/collection/Win/directly_ready/Bruce-Scripts-Heaven_BAD/BadUSB-FalsePhilosopher/BashBunny/payloads/library/credentials/BunnyTap/js/ajax.googleapis.com__ajax__libs__scriptaculous__1.8.1__scriptaculous.js,sd_card_mirror/badusb/!repo/works_both/collection/Win/directly_ready/Bruce-Scripts-Heaven_BAD/BadUSB-FalsePhilosopher/BashBunny/payloads/library/credentials/BunnyTap/js/ajax.googleapis.com__ajax__libs__scriptaculous__1.8.1__scriptaculous.js,works_both
sd_card_content/badusb_extra_payloads/collection/Win/directly_ready/Bruce-Scripts-Heaven_BAD/BadUSB-FalsePhilosopher/BashBunny/payloads/library/credentials/BunnyTap/js/ajax.googleapis.com__ajax__libs__dojo__1.3.0__dojo__dojo.js,sd_card_mirror/badusb/!repo/works_both/collection/Win/directly_ready/Bruce-Scripts-Heaven_BAD/BadUSB-FalsePhilosopher/BashBunny/payloads/library/credentials/BunnyTap/js/ajax.googleapis.com__ajax__libs__dojo__1.3.0__dojo__dojo.js,works_both
sd_card_content/badusb_extra_payloads/collection/Win/directly_ready/Bruce-Scripts-Heaven_BAD/BadUSB-FalsePhilosopher/BashBunny/payloads/library/credentials/BunnyTap/js/ajax.googleapis.com__ajax__libs__jquery__1.3.1__jquery.min.js,sd_card_mirror/badusb/!repo/works_both/collection/Win/directly_ready/Bruce-Scripts-Heaven_BAD/BadUSB-FalsePhilosopher/BashBunny/payloads/library/credentials/BunnyTap/js/ajax.googleapis.com__ajax__libs__jquery__1.3.1__jquery.min.js,works_both
sd_card_content/badusb_extra_payloads/collection/Win/directly_ready/Bruce-Scripts-Heaven_BAD/BadUSB-FalsePhilosopher/BashBunny/payloads/library/credentials/BunnyTap/js/ajax.googleapis.com__ajax__libs__jqueryui__1.8.16__jquery-ui.min.js,sd_card_mirror/badusb/!repo/works_both/collection/Win/directly_ready/Bruce-Scripts-Heaven_BAD/BadUSB-FalsePhilosopher/BashBunny/payloads/library/credentials/BunnyTap/js/ajax.googleapis.com__ajax__libs__jqueryui__1.8.16__jquery-ui.min.js,works_both
sd_card_content/badusb_extra_payloads/collection/Win/directly_ready/Bruce-Scripts-Heaven_BAD/BadUSB-FalsePhilosopher/BashBunny/payloads/library/credentials/BunnyTap/js/ajax.googleapis.com__ajax__libs__jquery__2.2.1__jquery.min.js,sd_card_mirror/badusb/!repo/works_both/collection/Win/directly_ready/Bruce-Scripts-Heaven_BAD/BadUSB-FalsePhilosopher/BashBunny/payloads/library/credentials/BunnyTap/js/ajax.googleapis.com__ajax__libs__jquery__2.2.1__jquery.min.js,works_both
sd_card_content/badusb_extra_payloads/collection/Win/directly_ready/Bruce-Scripts-Heaven_BAD/BadUSB-FalsePhilosopher/BashBunny/payloads/library/credentials/BunnyTap/js/ajax.googleapis.com__ajax__libs__jqueryui__1.8.15__jquery-ui.min.js,sd_card_mirror/badusb/!repo/works_both/collection/Win/directly_ready/Bruce-Scripts-Heaven_BAD/BadUSB-FalsePhilosopher/BashBunny/payloads/library/credentials/BunnyTap/js/ajax.googleapis.com__ajax__libs__jqueryui__1.8.15__jquery-ui.min.js,works_both
sd_card_content/badusb_extra_payloads/collection/Win/directly_ready/Bruce-Scripts-Heaven_BAD/BadUSB-FalsePhilosopher/BashBunny/payloads/library/credentials/BunnyTap/js/ajax.googleapis.com__ajax__libs__spf__2.3.2__spf.js,sd_card_mirror/badusb/!repo/works_both/collection/Win/directly_ready/Bruce-Scripts-Heaven_BAD/BadUSB-FalsePhilosopher/BashBunny/payloads/library/credentials/BunnyTap/js/ajax.googleapis.com__ajax__libs__spf__2.3.2__spf.js,works_both
sd_card_content/badusb_extra_payloads/collection/Win/directly_ready/Bruce-Scripts-Heaven_BAD/BadUSB-FalsePhilosopher/BashBunny/payloads/library/credentials/BunnyTap/js/ajax.googleapis.com__ajax__libs__spf__2.1.2__spf.js,sd_card_mirror/badusb/!repo/works_both/collection/Win/directly_ready/Bruce-Scripts-Heaven_BAD/BadUSB-FalsePhilosopher/BashBunny/payloads/library/credentials/BunnyTap/js/ajax.googleapis.com__ajax__libs__spf__2.1.2__spf.js,works_both
sd_card_content/badusb_extra_payloads/collection/Win/directly_ready/Bruce-Scripts-Heaven_BAD/BadUSB-FalsePhilosopher/BashBunny/payloads/library/credentials/BunnyTap/js/ajax.googleapis.com__ajax__libs__prototype__1.7.2.0__prototype.js,sd_card_mirror/badusb/!repo/works_both/collection/Win/directly_ready/Bruce-Scripts-Heaven_BAD/BadUSB-FalsePhilosopher/BashBunny/payloads/library/credentials/BunnyTap/js/ajax.googleapis.com__ajax__libs__prototype__1.7.2.0__prototype.js,works_both
sd_card_content/badusb_extra_payloads/collection/Win/directly_ready/Bruce-Scripts-Heaven_BAD/BadUSB-FalsePhilosopher/BashBunny/payloads/library/credentials/BunnyTap/js/ajax.googleapis.com__ajax__libs__prototype__1.7.1.0__prototype.js,sd_card_mirror/badusb/!repo/works_both/collection/Win/directly_ready/Bruce-Scripts-Heaven_BAD/BadUSB-FalsePhilosopher/BashBunny/payloads/library/credentials/BunnyTap/js/ajax.googleapis.com__ajax__libs__prototype__1.7.1.0__prototype.js,works_both
sd_card_content/badusb_extra_payloads/collection/Win/directly_ready/Bruce-Scripts-Heaven_BAD/BadUSB-FalsePhilosopher/BashBunny/payloads/library/credentials/BunnyTap/js/ajax.googleapis.com__ajax__libs__jquery__2.0.2__jquery.min.js,sd_card_mirror/badusb/!repo/works_both/collection/Win/directly_ready/Bruce-Scripts-Heaven_BAD/BadUSB-FalsePhilosopher/BashBunny/payloads/library/credentials/BunnyTap/js/ajax.googleapis.com__ajax__libs__jquery__2.0.2__jquery.min.js,works_both
sd_card_content/badusb_extra_payloads/collection/Win/directly_ready/Bruce-Scripts-Heaven_BAD/BadUSB-FalsePhilosopher/BashBunny/payloads/library/credentials/BunnyTap/js/ajax.googleapis.com__ajax__libs__jqueryui__1.8.4__jquery-ui.min.js,sd_card_mirror/badusb/!repo/works_both/collection/Win/directly_ready/Bruce-Scripts-Heaven_BAD/BadUSB-FalsePhilosopher/BashBunny/payloads/library/credentials/BunnyTap/js/ajax.googleapis.com__ajax__libs__jqueryui__1.8.4__jquery-ui.min.js,works_both
sd_card_content/badusb_extra_payloads/collection/Win/directly_ready/Bruce-Scripts-Heaven_BAD/BadUSB-FalsePhilosopher/BashBunny/payloads/library/credentials/BunnyTap/js/ajax.googleapis.com__ajax__libs__jqueryui__1.6.0__jquery-ui.min.js,sd_card_mirror/badusb/!repo/works_both/collection/Win/directly_ready/Bruce-Scripts-Heaven_BAD/BadUSB-FalsePhilosopher/BashBunny/payloads/library/credentials/BunnyTap/js/ajax.googleapis.com__ajax__libs__jqueryui__1.6.0__jquery-ui.min.js,works_both
sd_card_content/badusb_extra_payloads/collection/Win/directly_ready/Bruce-Scripts-Heaven_BAD/BadUSB-FalsePhilosopher/BashBunny/payloads/library/credentials/BunnyTap/js/ajax.googleapis.com__ajax__libs__angular_material__0.6__angular-material.min.js,sd_card_mirror/badusb/!repo/works_both/collection/Win/directly_ready/Bruce-Scripts-Heaven_BAD/BadUSB-FalsePhilosopher/BashBunny/payloads/library/credentials/BunnyTap/js/ajax.googleapis.com__ajax__libs__angular_material__0.6__angular-material.min.js,works_both
sd_card_content/badusb_extra_payloads/collection/Win/directly_ready/Bruce-Scripts-Heaven_BAD/BadUSB-FalsePhilosopher/BashBunny/payloads/library/credentials/BunnyTap/js/ajax.googleapis.com__ajax__libs__jquery__1.11.1__jquery.min.js,sd_card_mirror/badusb/!repo/works_both/collection/Win/directly_ready/Bruce-Scripts-Heaven_BAD/BadUSB-FalsePhilosopher/BashBunny/payloads/library/credentials/BunnyTap/js/ajax.googleapis.com__ajax__libs__jquery__1.11.1__jquery.min.js,works_both
sd_card_content/badusb_extra_payloads/collection/Win/directly_ready/Bruce-Scripts-Heaven_BAD/BadUSB-FalsePhilosopher/BashBunny/payloads/library/credentials/BunnyTap/js/ajax.googleapis.com__ajax__libs__spf__2.2.0__spf.js,sd_card_mirror/badusb/!repo/works_both/collection/Win/directly_ready/Bruce-Scripts-Heaven_BAD/BadUSB-FalsePhilosopher/BashBunny/payloads/library/credentials/BunnyTap/js/ajax.googleapis.com__ajax__libs__spf__2.2.0__spf.js,works_both
sd_card_content/badusb_extra_payloads/collection/Win/directly_ready/Bruce-Scripts-Heaven_BAD/BadUSB-FalsePhilosopher/BashBunny/payloads/library/credentials/BunnyTap/js/ajax.googleapis.com__ajax__libs__spf__2.3.1__spf.js,sd_card_mirror/badusb/!repo/works_both/collection/Win/directly_ready/Bruce-Scripts-Heaven_BAD/BadUSB-FalsePhilosopher/BashBunny/payloads/library/credentials/BunnyTap/js/ajax.googleapis.com__ajax__libs__spf__2.3.1__spf.js,works_both
sd_card_content/badusb_extra_payloads/collection/Win/directly_ready/Bruce-Scripts-Heaven_BAD/BadUSB-FalsePhilosopher/BashBunny/payloads/library/credentials/BunnyTap/js/ajax.googleapis.com__ajax__libs__jquery__1.12.1__jquery.min.js,sd_card_mirror/badusb/!repo/works_both/collection/Win/directly_ready/Bruce-Scripts-Heaven_BAD/BadUSB-FalsePhilosopher/BashBunny/payloads/library/credentials/BunnyTap/js/ajax.googleapis.com__ajax__libs__jquery__1.12.1__jquery.min.js,works_both
sd_card_content/badusb_extra_payloads/collection/Win/directly_ready/Bruce-Scripts-Heaven_BAD/BadUSB-FalsePhilosopher/BashBunny/payloads/library/credentials/BunnyTap/js/ajax.googleapis.com__ajax__libs__jqueryui__1.8.17__jquery-ui.min.js,sd_card_mirror/badusb/!repo/works_both/collection/Win/directly_ready/Bruce-Scripts-Heaven_BAD/BadUSB-FalsePhilosopher/BashBunny/payloads/library/credentials/BunnyTap/js/ajax.googleapis.com__ajax__libs__jqueryui__1.8.17__jquery-ui.min.js,works_both
sd_card_content/badusb_extra_payloads/collection/Win/directly_ready/Bruce-Scripts-Heaven_BAD/BadUSB-FalsePhilosopher/BashBunny/payloads/library/credentials/BunnyTap/js/ajax.googleapis.com__ajax__libs__dojo__1.1.1__dojo__dojo.js,sd_card_mirror/badusb/!repo/works_both/collection/Win/directly_ready/Bruce-Scripts-Heaven_BAD/BadUSB-FalsePhilosopher/BashBunny/payloads/library/credentials/BunnyTap/js/ajax.googleapis.com__ajax__libs__dojo__1.1.1__dojo__dojo.js,works_both
sd_card_content/badusb_extra_payloads/collection/Win/directly_ready/Bruce-Scripts-Heaven_BAD/BadUSB-FalsePhilosopher/BashBunny/payloads/library/credentials/BunnyTap/js/ajax.googleapis.com__ajax__libs__jqueryui__1.8.10__jquery-ui.min.js,sd_card_mirror/badusb/!repo/works_both/collection/Win/directly_ready/Bruce-Scripts-Heaven_BAD/BadUSB-FalsePhilosopher/BashBunny/payloads/library/credentials/BunnyTap/js/ajax.googleapis.com__ajax__libs__jqueryui__1.8.10__jquery-ui.min.js,works_both
sd_card_content/badusb_extra_payloads/collection/Win/directly_ready/Bruce-Scripts-Heaven_BAD/BadUSB-FalsePhilosopher/BashBunny/payloads/library/credentials/BunnyTap/js/ajax.googleapis.com__ajax__libs__jqueryui__1.8.20__jquery-ui.min.js,sd_card_mirror/badusb/!repo/works_both/collection/Win/directly_ready/Bruce-Scripts-Heaven_BAD/BadUSB-FalsePhilosopher/BashBunny/payloads/library/credentials/BunnyTap/js/ajax.googleapis.com__ajax__libs__jqueryui__1.8.20__jquery-ui.min.js,works_both
sd_card_content/badusb_extra_payloads/collection/Win/directly_ready/Bruce-Scripts-Heaven_BAD/BadUSB-FalsePhilosopher/BashBunny/payloads/library/credentials/BunnyTap/js/ajax.googleapis.com__ajax__libs__prototype__1.6.0.2__prototype.js,sd_card_mirror/badusb/!repo/works_both/collection/Win/directly_ready/Bruce-Scripts-Heaven_BAD/BadUSB-FalsePhilosopher/BashBunny/payloads/library/credentials/BunnyTap/js/ajax.googleapis.com__ajax__libs__prototype__1.6.0.2__prototype.js,works_both
sd_card_content/badusb_extra_payloads/collection/Win/directly_ready/Bruce-Scripts-Heaven_BAD/BadUSB-FalsePhilosopher/BashBunny/payloads/library/credentials/BunnyTap/js/ajax.googleapis.com__ajax__libs__jqueryui__1.10.1__jquery-ui.min.js,sd_card_mirror/badusb/!repo/works_both/collection/Win/directly_ready/Bruce-Scripts-Heaven_BAD/BadUSB-FalsePhilosopher/BashBunny/payloads/library/credentials/BunnyTap/js/ajax.googleapis.com__ajax__libs__jqueryui__1.10.1__jquery-ui.min.js,works_both
sd_card_content/badusb_extra_payloads/collection/Win/directly_ready/Bruce-Scripts-Heaven_BAD/BadUSB-FalsePhilosopher/BashBunny/payloads/library/credentials/BunnyTap/js/ajax.googleapis.com__ajax__libs__jqueryui__1.8.0__jquery-ui.min.js,sd_card_mirror/badusb/!repo/works_both/collection/Win/directly_ready/Bruce-Scripts-Heaven_BAD/BadUSB-FalsePhilosopher/BashBunny/payloads/library/credentials/BunnyTap/js/ajax.googleapis.com__ajax__libs__jqueryui__1.8.0__jquery-ui.min.js,works_both
sd_card_content/badusb_extra_payloads/collection/Win/directly_ready/Bruce-Scripts-Heaven_BAD/BadUSB-FalsePhilosopher/BashBunny/payloads/library/credentials/BunnyTap/js/ajax.googleapis.com__ajax__libs__jquery__1.3.2__jquery.min.js,sd_card_mirror/badusb/!repo/works_both/collection/Win/directly_ready/Bruce-Scripts-Heaven_BAD/BadUSB-FalsePhilosopher/BashBunny/payloads/library/credentials/BunnyTap/js/ajax.googleapis.com__ajax__libs__jquery__1.3.2__jquery.min.js,works_both
sd_card_content/badusb_extra_payloads/collection/Win/directly_ready/Bruce-Scripts-Heaven_BAD/BadUSB-FalsePhilosopher/BashBunny/payloads/library/credentials/BunnyTap/js/ajax.googleapis.com__ajax__libs__scriptaculous__1.8.2__scriptaculous.js,sd_card_mirror/badusb/!repo/works_both/collection/Win/directly_ready/Bruce-Scripts-Heaven_BAD/BadUSB-FalsePhilosopher/BashBunny/payloads/library/credentials/BunnyTap/js/ajax.googleapis.com__ajax__libs__scriptaculous__1.8.2__scriptaculous.js,works_both
sd_card_content/badusb_extra_payloads/collection/Win/directly_ready/Bruce-Scripts-Heaven_BAD/BadUSB-FalsePhilosopher/BashBunny/payloads/library/credentials/BunnyTap/js/ajax.googleapis.com__ajax__libs__jqueryui__1.9.2__jquery-ui.min.js,sd_card_mirror/badusb/!repo/works_both/collection/Win/directly_ready/Bruce-Scripts-Heaven_BAD/BadUSB-FalsePhilosopher/BashBunny/payloads/library/credentials/BunnyTap/js/ajax.googleapis.com__ajax__libs__jqueryui__1.9.2__jquery-ui.min.js,works_both
sd_card_content/badusb_extra_payloads/collection/Win/directly_ready/Bruce-Scripts-Heaven_BAD/BadUSB-FalsePhilosopher/BashBunny/payloads/library/credentials/BunnyTap/js/ajax.googleapis.com__ajax__libs__jquery__2.0.0__jquery.min.js,sd_card_mirror/badusb/!repo/works_both/collection/Win/directly_ready/Bruce-Scripts-Heaven_BAD/BadUSB-FalsePhilosopher/BashBunny/payloads/library/credentials/BunnyTap/js/ajax.googleapis.com__ajax__libs__jquery__2.0.0__jquery.min.js,works_both
sd_card_content/badusb_extra_payloads/collection/Win/directly_ready/Bruce-Scripts-Heaven_BAD/BadUSB-FalsePhilosopher/BashBunny/payloads/library/credentials/BunnyTap/js/ajax.googleapis.com__ajax__libs__jqueryui__1.10.4__jquery-ui.min.js,sd_card_mirror/badusb/!repo/works_both/collection/Win/directly_ready/Bruce-Scripts-Heaven_BAD/BadUSB-FalsePhilosopher/BashBunny/payloads/library/credentials/BunnyTap/js/ajax.googleapis.com__ajax__libs__jqueryui__1.10.4__jquery-ui.min.js,works_both
sd_card_content/badusb_extra_payloads/collection/Win/directly_ready/Bruce-Scripts-Heaven_BAD/BadUSB-FalsePhilosopher/BashBunny/payloads/library/credentials/BunnyTap/js/ajax.googleapis.com__ajax__libs__jquery__1.4.3__jquery.min.js,sd_card_mirror/badusb/!repo/works_both/collection/Win/directly_ready/Bruce-Scripts-Heaven_BAD/BadUSB-FalsePhilosopher/BashBunny/payloads/library/credentials/BunnyTap/js/ajax.googleapis.com__ajax__libs__jquery__1.4.3__jquery.min.js,works_both
sd_card_content/badusb_extra_payloads/collection/Win/directly_ready/Bruce-Scripts-Heaven_BAD/BadUSB-FalsePhilosopher/BashBunny/payloads/library/credentials/BunnyTap/js/ajax.googleapis.com__ajax__libs__jqueryui__1.9.1__jquery-ui.min.js,sd_card_mirror/badusb/!repo/works_both/collection/Win/directly_ready/Bruce-Scripts-Heaven_BAD/BadUSB-FalsePhilosopher/BashBunny/payloads/library/credentials/BunnyTap/js/ajax.googleapis.com__ajax__libs__jqueryui__1.9.1__jquery-ui.min.js,works_both
sd_card_content/badusb_extra_payloads/collection/Win/directly_ready/Bruce-Scripts-Heaven_BAD/BadUSB-FalsePhilosopher/BashBunny/payloads/library/credentials/BunnyTap/js/ajax.googleapis.com__ajax__libs__jquery__1.6.1__jquery.min.js,sd_card_mirror/badusb/!repo/works_both/collection/Win/directly_ready/Bruce-Scripts-Heaven_BAD/BadUSB-FalsePhilosopher/BashBunny/payloads/library/credentials/BunnyTap/js/ajax.googleapis.com__ajax__libs__jquery__1.6.1__jquery.min.js,works_both
sd_card_content/badusb_extra_payloads/collection/Win/directly_ready/Bruce-Scripts-Heaven_BAD/BadUSB-FalsePhilosopher/BashBunny/payloads/library/credentials/BunnyTap/js/ajax.googleapis.com__ajax__libs__jqueryui__1.7.1__jquery-ui.min.js,sd_card_mirror/badusb/!repo/works_both/collection/Win/directly_ready/Bruce-Scripts-Heaven_BAD/BadUSB-FalsePhilosopher/BashBunny/payloads/library/credentials/BunnyTap/js/ajax.googleapis.com__ajax__libs__jqueryui__1.7.1__jquery-ui.min.js,works_both
sd_card_content/badusb_extra_payloads/collection/Win/directly_ready/Bruce-Scripts-Heaven_BAD/BadUSB-FalsePhilosopher/BashBunny/payloads/library/credentials/BunnyTap/js/ajax.googleapis.com__ajax__libs__dojo__1.3.1__dojo__dojo.js,sd_card_mirror/badusb/!repo/works_both/collection/Win/directly_ready/Bruce-Scripts-Heaven_BAD/BadUSB-FalsePhilosopher/BashBunny/payloads/library/credentials/BunnyTap/js/ajax.googleapis.com__ajax__libs__dojo__1.3.1__dojo__dojo.js,works_both
sd_card_content/badusb_extra_payloads/collection/Win/directly_ready/Bruce-Scripts-Heaven_BAD/BadUSB-FalsePhilosopher/BashBunny/payloads/library/credentials/BunnyTap/js/ajax.googleapis.com__ajax__libs__prototype__1.7.0.0__prototype.js,sd_card_mirror/badusb/!repo/works_both/collection/Win/directly_ready/Bruce-Scripts-Heaven_BAD/BadUSB-FalsePhilosopher/BashBunny/payloads/library/credentials/BunnyTap/js/ajax.googleapis.com__ajax__libs__prototype__1.7.0.0__prototype.js,works_both
sd_card_content/badusb_extra_payloads/collection/Win/directly_ready/Bruce-Scripts-Heaven_BAD/BadUSB-FalsePhilosopher/BashBunny/payloads/library/credentials/BunnyTap/js/ajax.googleapis.com__ajax__libs__jqueryui__1.8.24__jquery-ui.min.js,sd_card_mirror/badusb/!repo/works_both/collection/Win/directly_ready/Bruce-Scripts-Heaven_BAD/BadUSB-FalsePhilosopher/BashBunny/payloads/library/credentials/BunnyTap/js/ajax.googleapis.com__ajax__libs__jqueryui__1.8.24__jquery-ui.min.js,works_both
sd_card_content/badusb_extra_payloads/collection/Win/directly_ready/Bruce-Scripts-Heaven_BAD/BadUSB-FalsePhilosopher/BashBunny/payloads/library/credentials/BunnyTap/js/ajax.googleapis.com__ajax__libs__jqueryui__1.8.18__jquery-ui.min.js,sd_card_mirror/badusb/!repo/works_both/collection/Win/directly_ready/Bruce-Scripts-Heaven_BAD/BadUSB-FalsePhilosopher/BashBunny/payloads/library/credentials/BunnyTap/js/ajax.googleapis.com__ajax__libs__jqueryui__1.8.18__jquery-ui.min.js,works_both
sd_card_content/badusb_extra_payloads/collection/Win/directly_ready/Bruce-Scripts-Heaven_BAD/BadUSB-FalsePhilosopher/BashBunny/payloads/library/credentials/BunnyTap/js/ajax.googleapis.com__ajax__libs__jqueryui__1.8.7__jquery-ui.min.js,sd_card_mirror/badusb/!repo/works_both/collection/Win/directly_ready/Bruce-Scripts-Heaven_BAD/BadUSB-FalsePhilosopher/BashBunny/payloads/library/credentials/BunnyTap/js/ajax.googleapis.com__ajax__libs__jqueryui__1.8.7__jquery-ui.min.js,works_both
sd_card_content/badusb_extra_payloads/collection/Win/directly_ready/Bruce-Scripts-Heaven_BAD/BadUSB-FalsePhilosopher/BashBunny/payloads/library/credentials/BunnyTap/js/ajax.googleapis.com__ajax__libs__jqueryui__1.9.0__jquery-ui.min.js,sd_card_mirror/badusb/!repo/works_both/collection/Win/directly_ready/Bruce-Scripts-Heaven_BAD/BadUSB-FalsePhilosopher/BashBunny/payloads/library/credentials/BunnyTap/js/ajax.googleapis.com__ajax__libs__jqueryui__1.9.0__jquery-ui.min.js,works_both
sd_card_content/badusb_extra_payloads/collection/Win/directly_ready/Bruce-Scripts-Heaven_BAD/BadUSB-FalsePhilosopher/BashBunny/payloads/library/credentials/BunnyTap/js/ajax.googleapis.com__ajax__libs__jquery__1.6.2__jquery.min.js,sd_card_mirror/badusb/!repo/works_both/collection/Win/directly_ready/Bruce-Scripts-Heaven_BAD/BadUSB-FalsePhilosopher/BashBunny/payloads/library/credentials/BunnyTap/js/ajax.googleapis.com__ajax__libs__jquery__1.6.2__jquery.min.js,works_both
sd_card_content/badusb_extra_payloads/collection/Win/directly_ready/Bruce-Scripts-Heaven_BAD/BadUSB-FalsePhilosopher/BashBunny/payloads/library/credentials/BunnyTap/js/ajax.googleapis.com__ajax__libs__jquery__1.5.0__jquery.min.js,sd_card_mirror/badusb/!repo/works_both/collection/Win/directly_ready/Bruce-Scripts-Heaven_BAD/BadUSB-FalsePhilosopher/BashBunny/payloads/library/credentials/BunnyTap/js/ajax.googleapis.com__ajax__libs__jquery__1.5.0__jquery.min.js,works_both
sd_card_content/badusb_extra_payloads/collection/Win/directly_ready/Bruce-Scripts-Heaven_BAD/BadUSB-FalsePhilosopher/BashBunny/payloads/library/credentials/BunnyTap/js/ajax.googleapis.com__ajax__libs__jquery__2.2.2__jquery.min.js,sd_card_mirror/badusb/!repo/works_both/collection/Win/directly_ready/Bruce-Scripts-Heaven_BAD/BadUSB-FalsePhilosopher/BashBunny/payloads/library/credentials/BunnyTap/js/ajax.googleapis.com__ajax__libs__jquery__2.2.2__jquery.min.js,works_both
sd_card_content/badusb_extra_payloads/collection/Win/directly_ready/Bruce-Scripts-Heaven_BAD/BadUSB-FalsePhilosopher/BashBunny/payloads/library/credentials/BunnyTap/js/ajax.googleapis.com__ajax__libs__dojo__1.2.3__dojo__dojo.js,sd_card_mirror/badusb/!repo/works_both/collection/Win/directly_ready/Bruce-Scripts-Heaven_BAD/BadUSB-FalsePhilosopher/BashBunny/payloads/library/credentials/BunnyTap/js/ajax.googleapis.com__ajax__libs__dojo__1.2.3__dojo__dojo.js,works_both
sd_card_content/badusb_extra_payloads/collection/Win/directly_ready/Bruce-Scripts-Heaven_BAD/BadUSB-FalsePhilosopher/BashBunny/payloads/library/credentials/BunnyTap/js/ajax.googleapis.com__ajax__libs__jquery__1.8.0__jquery.min.js,sd_card_mirror/badusb/!repo/works_both/collection/Win/directly_ready/Bruce-Scripts-Heaven_BAD/BadUSB-FalsePhilosopher/BashBunny/payloads/library/credentials/BunnyTap/js/ajax.googleapis.com__ajax__libs__jquery__1.8.0__jquery.min.js,works_both
sd_card_content/badusb_extra_payloads/collection/Win/directly_ready/Bruce-Scripts-Heaven_BAD/BadUSB-FalsePhilosopher/BashBunny/payloads/library/credentials/BunnyTap/js/ajax.googleapis.com__ajax__libs__spf__2.1.1__spf.js,sd_card_mirror/badusb/!repo/works_both/collection/Win/directly_ready/Bruce-Scripts-Heaven_BAD/BadUSB-FalsePhilosopher/BashBunny/payloads/library/credentials/BunnyTap/js/ajax.googleapis.com__ajax__libs__spf__2.1.1__spf.js,works_both
sd_card_content/badusb_extra_payloads/collection/Win/directly_ready/Bruce-Scripts-Heaven_BAD/BadUSB-FalsePhilosopher/BashBunny/payloads/library/credentials/BunnyTap/js/ajax.googleapis.com__ajax__libs__jquery__1.6.0__jquery.min.js,sd_card_mirror/badusb/!repo/works_both/collection/Win/directly_ready/Bruce-Scripts-Heaven_BAD/BadUSB-FalsePhilosopher/BashBunny/payloads/library/credentials/BunnyTap/js/ajax.googleapis.com__ajax__libs__jquery__1.6.0__jquery.min.js,works_both
sd_card_content/badusb_extra_payloads/collection/Win/directly_ready/Bruce-Scripts-Heaven_BAD/BadUSB-FalsePhilosopher/BashBunny/payloads/library/credentials/BunnyTap/js/ajax.googleapis.com__ajax__libs__scriptaculous__1.8.3__scriptaculous.js,sd_card_mirror/badusb/!repo/works_both/collection/Win/directly_ready/Bruce-Scripts-Heaven_BAD/BadUSB-FalsePhilosopher/BashBunny/payloads/library/credentials/BunnyTap/js/ajax.googleapis.com__ajax__libs__scriptaculous__1.8.3__scriptaculous.js,works_both
sd_card_content/badusb_extra_payloads/collection/Win/directly_ready/Bruce-Scripts-Heaven_BAD/BadUSB-FalsePhilosopher/BashBunny/payloads/library/credentials/BunnyTap/js/ajax.googleapis.com__ajax__libs__jqueryui__1.8.23__jquery-ui.min.js,sd_card_mirror/badusb/!repo/works_both/collection/Win/directly_ready/Bruce-Scripts-Heaven_BAD/BadUSB-FalsePhilosopher/BashBunny/payloads/library/credentials/BunnyTap/js/ajax.googleapis.com__ajax__libs__jqueryui__1.8.23__jquery-ui.min.js,works_both
sd_card_content/badusb_extra_payloads/collection/Win/directly_ready/Bruce-Scripts-Heaven_BAD/BadUSB-FalsePhilosopher/BashBunny/payloads/library/credentials/BunnyTap/js/ajax.googleapis.com__ajax__libs__jquery__1.4.2__jquery.min.js,sd_card_mirror/badusb/!repo/works_both/collection/Win/directly_ready/Bruce-Scripts-Heaven_BAD/BadUSB-FalsePhilosopher/BashBunny/payloads/library/credentials/BunnyTap/js/ajax.googleapis.com__ajax__libs__jquery__1.4.2__jquery.min.js,works_both
sd_card_content/badusb_extra_payloads/collection/Win/directly_ready/Bruce-Scripts-Heaven_BAD/BadUSB-FalsePhilosopher/BashBunny/payloads/library/credentials/BunnyTap/js/ajax.googleapis.com__ajax__libs__jqueryui__1.8.12__jquery-ui.min.js,sd_card_mirror/badusb/!repo/works_both/collection/Win/directly_ready/Bruce-Scripts-Heaven_BAD/BadUSB-FalsePhilosopher/BashBunny/payloads/library/credentials/BunnyTap/js/ajax.googleapis.com__ajax__libs__jqueryui__1.8.12__jquery-ui.min.js,works_both
sd_card_content/badusb_extra_payloads/collection/Win/directly_ready/Bruce-Scripts-Heaven_BAD/BadUSB-FalsePhilosopher/BashBunny/payloads/library/credentials/BunnyTap/js/ajax.googleapis.com__ajax__libs__jqueryui__1.8.19__jquery-ui.min.js,sd_card_mirror/badusb/!repo/works_both/collection/Win/directly_ready/Bruce-Scripts-Heaven_BAD/BadUSB-FalsePhilosopher/BashBunny/payloads/library/credentials/BunnyTap/js/ajax.googleapis.com__ajax__libs__jqueryui__1.8.19__jquery-ui.min.js,works_both
sd_card_content/badusb_extra_payloads/collection/Win/directly_ready/Bruce-Scripts-Heaven_BAD/BadUSB-FalsePhilosopher/BashBunny/payloads/library/credentials/BunnyTap/js/ajax.googleapis.com__ajax__libs__jquery__1.8.2__jquery.min.js,sd_card_mirror/badusb/!repo/works_both/collection/Win/directly_ready/Bruce-Scripts-Heaven_BAD/BadUSB-FalsePhilosopher/BashBunny/payloads/library/credentials/BunnyTap/js/ajax.googleapis.com__ajax__libs__jquery__1.8.2__jquery.min.js,works_both
sd_card_content/badusb_extra_payloads/collection/Win/directly_ready/Bruce-Scripts-Heaven_BAD/BadUSB-FalsePhilosopher/BashBunny/payloads/library/credentials/BunnyTap/js/ajax.googleapis.com__ajax__libs__jqueryui__1.10.3__jquery-ui.min.js,sd_card_mirror/badusb/!repo/works_both/collection/Win/directly_ready/Bruce-Scripts-Heaven_BAD/BadUSB-FalsePhilosopher/BashBunny/payloads/library/credentials/BunnyTap/js/ajax.googleapis.com__ajax__libs__jqueryui__1.10.3__jquery-ui.min.js,works_both
sd_card_content/badusb_extra_payloads/collection/Win/directly_ready/Bruce-Scripts-Heaven_BAD/BadUSB-FalsePhilosopher/BashBunny/payloads/library/credentials/BunnyTap/js/ajax.googleapis.com__ajax__libs__jqueryui__1.8.1__jquery-ui.min.js,sd_card_mirror/badusb/!repo/works_both/collection/Win/directly_ready/Bruce-Scripts-Heaven_BAD/BadUSB-FalsePhilosopher/BashBunny/payloads/library/credentials/BunnyTap/js/ajax.googleapis.com__ajax__libs__jqueryui__1.8.1__jquery-ui.min.js,works_both
sd_card_content/badusb_extra_payloads/collection/Win/directly_ready/Bruce-Scripts-Heaven_BAD/BadUSB-FalsePhilosopher/BashBunny/payloads/library/credentials/BunnyTap/js/ajax.googleapis.com__ajax__libs__angular_material__0.6.1__angular-material.min.js,sd_card_mirror/badusb/!repo/works_both/collection/Win/directly_ready/Bruce-Scripts-Heaven_BAD/BadUSB-FalsePhilosopher/BashBunny/payloads/library/credentials/BunnyTap/js/ajax.googleapis.com__ajax__libs__angular_material__0.6.1__angular-material.min.js,works_both
sd_card_content/badusb_extra_payloads/collection/Win/directly_ready/Bruce-Scripts-Heaven_BAD/BadUSB-FalsePhilosopher/BashBunny/payloads/library/credentials/BunnyTap/js/ajax.googleapis.com__ajax__libs__jqueryui__1.7.3__jquery-ui.min.js,sd_card_mirror/badusb/!repo/works_both/collection/Win/directly_ready/Bruce-Scripts-Heaven_BAD/BadUSB-FalsePhilosopher/BashBunny/payloads/library/credentials/BunnyTap/js/ajax.googleapis.com__ajax__libs__jqueryui__1.7.3__jquery-ui.min.js,works_both
sd_card_content/badusb_extra_payloads/collection/Win/directly_ready/Bruce-Scripts-Heaven_BAD/BadUSB-FalsePhilosopher/BashBunny/payloads/library/credentials/BunnyTap/js/ajax.googleapis.com__ajax__libs__prototype__1.6.0.3__prototype.js,sd_card_mirror/badusb/!repo/works_both/collection/Win/directly_ready/Bruce-Scripts-Heaven_BAD/BadUSB-FalsePhilosopher/BashBunny/payloads/library/credentials/BunnyTap/js/ajax.googleapis.com__ajax__libs__prototype__1.6.0.3__prototype.js,works_both
sd_card_content/badusb_extra_payloads/collection/Win/directly_ready/Bruce-Scripts-Heaven_BAD/BadUSB-FalsePhilosopher/BashBunny/payloads/library/credentials/BunnyTap/js/ajax.googleapis.com__ajax__libs__jquery__1.12.0__jquery.min.js,sd_card_mirror/badusb/!repo/works_both/collection/Win/directly_ready/Bruce-Scripts-Heaven_BAD/BadUSB-FalsePhilosopher/BashBunny/payloads/library/credentials/BunnyTap/js/ajax.googleapis.com__ajax__libs__jquery__1.12.0__jquery.min.js,works_both
sd_card_content/badusb_extra_payloads/collection/Win/directly_ready/Bruce-Scripts-Heaven_BAD/BadUSB-FalsePhilosopher/BashBunny/payloads/library/credentials/BunnyTap/js/ajax.googleapis.com__ajax__libs__jqueryui__1.8.8__jquery-ui.min.js,sd_card_mirror/badusb/!repo/works_both/collection/Win/directly_ready/Bruce-Scripts-Heaven_BAD/BadUSB-FalsePhilosopher/BashBunny/payloads/library/credentials/BunnyTap/js/ajax.googleapis.com__ajax__libs__jqueryui__1.8.8__jquery-ui.min.js,works_both
sd_card_content/badusb_extra_payloads/collection/Win/directly_ready/Bruce-Scripts-Heaven_BAD/BadUSB-FalsePhilosopher/BashBunny/payloads/library/credentials/BunnyTap/js/ajax.googleapis.com__ajax__libs__jquery__1.9.1__jquery.min.js,sd_card_mirror/badusb/!repo/works_both/collection/Win/directly_ready/Bruce-Scripts-Heaven_BAD/BadUSB-FalsePhilosopher/BashBunny/payloads/library/credentials/BunnyTap/js/ajax.googleapis.com__ajax__libs__jquery__1.9.1__jquery.min.js,works_both
sd_card_content/badusb_extra_payloads/collection/Win/directly_ready/Bruce-Scripts-Heaven_BAD/BadUSB-FalsePhilosopher/BashBunny/payloads/library/credentials/BunnyTap/js/ajax.googleapis.com__ajax__libs__jquery__1.4.4__jquery.min.js,sd_card_mirror/badusb/!repo/works_both/collection/Win/directly_ready/Bruce-Scripts-Heaven_BAD/BadUSB-FalsePhilosopher/BashBunny/payloads/library/credentials/BunnyTap/js/ajax.googleapis.com__ajax__libs__jquery__1.4.4__jquery.min.js,works_both
sd_card_content/badusb_extra_payloads/collection/Win/directly_ready/Bruce-Scripts-Heaven_BAD/BadUSB-FalsePhilosopher/BashBunny/payloads/library/credentials/BunnyTap/js/ajax.googleapis.com__ajax__libs__jquery__1.11.2__jquery.min.js,sd_card_mirror/badusb/!repo/works_both/collection/Win/directly_ready/Bruce-Scripts-Heaven_BAD/BadUSB-FalsePhilosopher/BashBunny/payloads/library/credentials/BunnyTap/js/ajax.googleapis.com__ajax__libs__jquery__1.11.2__jquery.min.js,works_both
sd_card_content/badusb_extra_payloads/collection/Win/directly_ready/Bruce-Scripts-Heaven_BAD/BadUSB-FalsePhilosopher/BashBunny/payloads/library/credentials/BunnyTap/js/ajax.googleapis.com__ajax__libs__jquery__1.12.2__jquery.min.js,sd_card_mirror/badusb/!repo/works_both/collection/Win/directly_ready/Bruce-Scripts-Heaven_BAD/BadUSB-FalsePhilosopher/BashBunny/payloads/library/credentials/BunnyTap/js/ajax.googleapis.com__ajax__libs__jquery__1.12.2__jquery.min.js,works_both
sd_card_content/badusb_extra_payloads/collection/Win/directly_ready/Bruce-Scripts-Heaven_BAD/BadUSB-FalsePhilosopher/BashBunny/payloads/library/credentials/BunnyTap/js/ajax.googleapis.com__ajax__libs__jqueryui__1.11.0__jquery-ui.min.js,sd_card_mirror/badusb/!repo/works_both/collection/Win/directly_ready/Bruce-Scripts-Heaven_BAD/BadUSB-FalsePhilosopher/BashBunny/payloads/library/credentials/BunnyTap/js/ajax.googleapis.com__ajax__libs__jqueryui__1.11.0__jquery-ui.min.js,works_both
sd_card_content/badusb_extra_payloads/collection/Win/directly_ready/Bruce-Scripts-Heaven_BAD/BadUSB-FalsePhilosopher/BashBunny/payloads/library/credentials/BunnyTap/js/ajax.googleapis.com__ajax__libs__prototype__1.6.1.0__prototype.js,sd_card_mirror/badusb/!repo/works_both/collection/Win/directly_ready/Bruce-Scripts-Heaven_BAD/BadUSB-FalsePhilosopher/BashBunny/payloads/library/credentials/BunnyTap/js/ajax.googleapis.com__ajax__libs__prototype__1.6.1.0__prototype.js,works_both
sd_card_content/badusb_extra_payloads/collection/Win/directly_ready/Bruce-Scripts-Heaven_BAD/BadUSB-FalsePhilosopher/BashBunny/payloads/library/credentials/BunnyTap/js/ajax.googleapis.com__ajax__libs__jquery__1.4.0__jquery.min.js,sd_card_mirror/badusb/!repo/works_both/collection/Win/directly_ready/Bruce-Scripts-Heaven_BAD/BadUSB-FalsePhilosopher/BashBunny/payloads/library/credentials/BunnyTap/js/ajax.googleapis.com__ajax__libs__jquery__1.4.0__jquery.min.js,works_both
sd_card_content/badusb_extra_payloads/collection/Win/directly_ready/Bruce-Scripts-Heaven_BAD/BadUSB-FalsePhilosopher/BashBunny/payloads/library/credentials/BunnyTap/js/ajax.googleapis.com__ajax__libs__jqueryui__1.8.22__jquery-ui.min.js,sd_card_mirror/badusb/!repo/works_both/collection/Win/directly_ready/Bruce-Scripts-Heaven_BAD/BadUSB-FalsePhilosopher/BashBunny/payloads/library/credentials/BunnyTap/js/ajax.googleapis.com__ajax__libs__jqueryui__1.8.22__jquery-ui.min.js,works_both
sd_card_content/badusb_extra_payloads/collection/Win/directly_ready/Bruce-Scripts-Heaven_BAD/BadUSB-FalsePhilosopher/BashBunny/payloads/library/credentials/BunnyTap/js/ajax.googleapis.com__ajax__libs__jqueryui__1.7.0__jquery-ui.min.js,sd_card_mirror/badusb/!repo/works_both/collection/Win/directly_ready/Bruce-Scripts-Heaven_BAD/BadUSB-FalsePhilosopher/BashBunny/payloads/library/credentials/BunnyTap/js/ajax.googleapis.com__ajax__libs__jqueryui__1.7.0__jquery-ui.min.js,works_both
sd_card_content/badusb_extra_payloads/collection/Win/directly_ready/Bruce-Scripts-Heaven_BAD/BadUSB-FalsePhilosopher/BashBunny/payloads/library/credentials/BunnyTap/js/ajax.googleapis.com__ajax__libs__angular_material__0.7.0__angular-material.min.js,sd_card_mirror/badusb/!repo/works_both/collection/Win/directly_ready/Bruce-Scripts-Heaven_BAD/BadUSB-FalsePhilosopher/BashBunny/payloads/library/credentials/BunnyTap/js/ajax.googleapis.com__ajax__libs__angular_material__0.7.0__angular-material.min.js,works_both
sd_card_content/badusb_extra_payloads/collection/Win/directly_ready/Bruce-Scripts-Heaven_BAD/BadUSB-FalsePhilosopher/BashBunny/payloads/library/credentials/BunnyTap/js/ajax.googleapis.com__ajax__libs__jquery__2.1.0__jquery.min.js,sd_card_mirror/badusb/!repo/works_both/collection/Win/directly_ready/Bruce-Scripts-Heaven_BAD/BadUSB-FalsePhilosopher/BashBunny/payloads/library/credentials/BunnyTap/js/ajax.googleapis.com__ajax__libs__jquery__2.1.0__jquery.min.js,works_both
sd_card_content/badusb_extra_payloads/collection/Win/directly_ready/Bruce-Scripts-Heaven_BAD/BadUSB-FalsePhilosopher/BashBunny/payloads/library/credentials/BunnyTap/js/ajax.googleapis.com__ajax__libs__prototype__1.7.3.0__prototype.js,sd_card_mirror/badusb/!repo/works_both/collection/Win/directly_ready/Bruce-Scripts-Heaven_BAD/BadUSB-FalsePhilosopher/BashBunny/payloads/library/credentials/BunnyTap/js/ajax.googleapis.com__ajax__libs__prototype__1.7.3.0__prototype.js,works_both
sd_card_content/badusb_extra_payloads/collection/Win/directly_ready/Bruce-Scripts-Heaven_BAD/BadUSB-FalsePhilosopher/BashBunny/payloads/library/credentials/BunnyTap/js/ajax.googleapis.com__ajax__libs__jqueryui__1.8.6__jquery-ui.min.js,sd_card_mirror/badusb/!repo/works_both/collection/Win/directly_ready/Bruce-Scripts-Heaven_BAD/BadUSB-FalsePhilosopher/BashBunny/payloads/library/credentials/BunnyTap/js/ajax.googleapis.com__ajax__libs__jqueryui__1.8.6__jquery-ui.min.js,works_both
sd_card_content/badusb_extra_payloads/collection/Win/directly_ready/Bruce-Scripts-Heaven_BAD/BadUSB-FalsePhilosopher/BashBunny/payloads/library/credentials/BunnyTap/js/ajax.googleapis.com__ajax__libs__jquery__1.10.0__jquery.min.js,sd_card_mirror/badusb/!repo/works_both/collection/Win/directly_ready/Bruce-Scripts-Heaven_BAD/BadUSB-FalsePhilosopher/BashBunny/payloads/library/credentials/BunnyTap/js/ajax.googleapis.com__ajax__libs__jquery__1.10.0__jquery.min.js,works_both
sd_card_content/badusb_extra_payloads/collection/Win/directly_ready/Bruce-Scripts-Heaven_BAD/BadUSB-FalsePhilosopher/BashBunny/payloads/library/credentials/BunnyTap/js/ajax.googleapis.com__ajax__libs__jquery__1.9.0__jquery.min.js,sd_card_mirror/badusb/!repo/works_both/collection/Win/directly_ready/Bruce-Scripts-Heaven_BAD/BadUSB-FalsePhilosopher/BashBunny/payloads/library/credentials/BunnyTap/js/ajax.googleapis.com__ajax__libs__jquery__1.9.0__jquery.min.js,works_both
sd_card_content/badusb_extra_payloads/collection/Win/directly_ready/Bruce-Scripts-Heaven_BAD/BadUSB-FalsePhilosopher/BashBunny/payloads/library/credentials/BunnyTap/js/ajax.googleapis.com__ajax__libs__threejs__r69__three.min.js,sd_card_mirror/badusb/!repo/works_both/collection/Win/directly_ready/Bruce-Scripts-Heaven_BAD/BadUSB-FalsePhilosopher/BashBunny/payloads/library/credentials/BunnyTap/js/ajax.googleapis.com__ajax__libs__threejs__r69__three.min.js,works_both
sd_card_content/badusb_extra_payloads/collection/Win/directly_ready/Bruce-Scripts-Heaven_BAD/BadUSB-FalsePhilosopher/BashBunny/payloads/library/credentials/ducked/duck_code.txt,sd_card_mirror/badusb/!repo/works_both/collection/Win/directly_ready/Bruce-Scripts-Heaven_BAD/BadUSB-FalsePhilosopher/BashBunny/payloads/library/credentials/ducked/duck_code.txt,works_both
sd_card_content/badusb_extra_payloads/collection/Win/directly_ready/Bruce-Scripts-Heaven_BAD/BadUSB-FalsePhilosopher/BashBunny/payloads/library/credentials/bushingsBlueTurtle/shell.py,sd_card_mirror/badusb/!repo/works_both/collection/Win/directly_ready/Bruce-Scripts-Heaven_BAD/BadUSB-FalsePhilosopher/BashBunny/payloads/library/credentials/bushingsBlueTurtle/shell.py,works_both
sd_card_content/badusb_extra_payloads/collection/Win/directly_ready/Bruce-Scripts-Heaven_BAD/BadUSB-FalsePhilosopher/BashBunny/payloads/library/credentials/bushingsBlueTurtle/blueTurtle.py,sd_card_mirror/badusb/!repo/works_both/collection/Win/directly_ready/Bruce-Scripts-Heaven_BAD/BadUSB-FalsePhilosopher/BashBunny/payloads/library/credentials/bushingsBlueTurtle/blueTurtle.py,works_both
sd_card_content/badusb_extra_payloads/collection/Win/directly_ready/Bruce-Scripts-Heaven_BAD/BadUSB-FalsePhilosopher/BashBunny/payloads/library/credentials/bushingsBlueTurtle/shellSmuggler.py,sd_card_mirror/badusb/!repo/works_both/collection/Win/directly_ready/Bruce-Scripts-Heaven_BAD/BadUSB-FalsePhilosopher/BashBunny/payloads/library/credentials/bushingsBlueTurtle/shellSmuggler.py,works_both
sd_card_content/badusb_extra_payloads/collection/Win/directly_ready/Bruce-Scripts-Heaven_BAD/BadUSB-FalsePhilosopher/BashBunny/payloads/library/credentials/WifiGrabber/ducky_script.txt,sd_card_mirror/badusb/!repo/works_both/collection/Win/directly_ready/Bruce-Scripts-Heaven_BAD/BadUSB-FalsePhilosopher/BashBunny/payloads/library/credentials/WifiGrabber/ducky_script.txt,works_both
sd_card_content/badusb_extra_payloads/collection/Win/directly_ready/Bruce-Scripts-Heaven_BAD/BadUSB-FalsePhilosopher/BashBunny/payloads/library/general/BashBunny_Manager/panel/main.py,sd_card_mirror/badusb/!repo/works_both/collection/Win/directly_ready/Bruce-Scripts-Heaven_BAD/BadUSB-FalsePhilosopher/BashBunny/payloads/library/general/BashBunny_Manager/panel/main.py,works_both
sd_card_content/badusb_extra_payloads/collection/Win/directly_ready/Bruce-Scripts-Heaven_BAD/BadUSB-FalsePhilosopher/BashBunny/payloads/library/general/BashBunny_Manager/panel/sites/users.py,sd_card_mirror/badusb/!repo/works_both/collection/Win/directly_ready/Bruce-Scripts-Heaven_BAD/BadUSB-FalsePhilosopher/BashBunny/payloads/library/general/BashBunny_Manager/panel/sites/users.py,works_both
sd_card_content/badusb_extra_payloads/collection/Win/directly_ready/Bruce-Scripts-Heaven_BAD/BadUSB-FalsePhilosopher/Misc/Web/Toolbox/toolbox/server/make_app.py,sd_card_mirror/badusb/!repo/works_both/collection/Win/directly_ready/Bruce-Scripts-Heaven_BAD/BadUSB-FalsePhilosopher/Misc/Web/Toolbox/toolbox/server/make_app.py,works_both
sd_card_content/badusb_extra_payloads/collection/Win/directly_ready/Bruce-Scripts-Heaven_BAD/BadUSB-FalsePhilosopher/Misc/Web/CloudFlair/censys_search.py,sd_card_mirror/badusb/!repo/works_both/collection/Win/directly_ready/Bruce-Scripts-Heaven_BAD/BadUSB-FalsePhilosopher/Misc/Web/CloudFlair/censys_search.py,works_both
sd_card_content/badusb_extra_payloads/collection/Win/directly_ready/Bruce-Scripts-Heaven_BAD/Mimikatz/Mimikatz.txt,sd_card_mirror/badusb/!repo/works_both/collection/Win/directly_ready/Bruce-Scripts-Heaven_BAD/Mimikatz/Mimikatz.txt,works_both
sd_card_content/badusb_extra_payloads/collection/Win/directly_ready/Bruce-Scripts-Heaven_BAD/Flipper_Zero_Badusb_hack5_payloads/credentials/-RD-Credz-Plz/Credz-Plz-Execute.txt,sd_card_mirror/badusb/!repo/works_both/collection/Win/directly_ready/Bruce-Scripts-Heaven_BAD/Flipper_Zero_Badusb_hack5_payloads/credentials/-RD-Credz-Plz/Credz-Plz-Execute.txt,works_both
sd_card_content/badusb_extra_payloads/collection/Win/directly_ready/Bruce-Scripts-Heaven_BAD/Flipper_Zero_Badusb_hack5_payloads/credentials/DuckyLogger/payload.txt,sd_card_mirror/badusb/!repo/works_both/collection/Win/directly_ready/Bruce-Scripts-Heaven_BAD/Flipper_Zero_Badusb_hack5_payloads/credentials/DuckyLogger/payload.txt,works_both
sd_card_content/badusb_extra_payloads/collection/Win/directly_ready/Bruce-Scripts-Heaven_BAD/Flipper_Zero_Badusb_hack5_payloads/credentials/sudoSnatch/payload.txt,sd_card_mirror/badusb/!repo/works_both/collection/Win/directly_ready/Bruce-Scripts-Heaven_BAD/Flipper_Zero_Badusb_hack5_payloads/credentials/sudoSnatch/payload.txt,works_both
sd_card_content/badusb_extra_payloads/collection/Win/directly_ready/Bruce-Scripts-Heaven_BAD/ExfiltrateWindowsCredentials/NetworkMedium/server.py,sd_card_mirror/badusb/!repo/works_both/collection/Win/directly_ready/Bruce-Scripts-Heaven_BAD/ExfiltrateWindowsCredentials/NetworkMedium/server.py,works_both
sd_card_content/badusb_extra_payloads/collection/Win/directly_ready/Bruce-Scripts-Heaven_BAD/Windows/Credentials/WiFiPasswords_Windows/payload.txt,sd_card_mirror/badusb/!repo/works_both/collection/Win/directly_ready/Bruce-Scripts-Heaven_BAD/Windows/Credentials/WiFiPasswords_Windows/payload.txt,works_both
sd_card_content/badusb_extra_payloads/collection/Win/directly_ready/Bruce-Scripts-Heaven_BAD/PC/instant-screenshot.txt,sd_card_mirror/badusb/!repo/works_both/collection/Win/directly_ready/Bruce-Scripts-Heaven_BAD/PC/instant-screenshot.txt,works_both
sd_card_content/badusb_extra_payloads/collection/Win/directly_ready/Bruce-Scripts-Heaven_BAD/Change Wallpaper With Screenshot/script.py,sd_card_mirror/badusb/!repo/works_both/collection/Win/directly_ready/Bruce-Scripts-Heaven_BAD/Change Wallpaper With Screenshot/script.py,works_both
sd_card_content/badusb_extra_payloads/collection/Win/directly_ready/Bruce-Scripts-Heaven_BAD/Screen-to-Discord/Screenshot-to-Discord.txt,sd_card_mirror/badusb/!repo/works_both/collection/Win/directly_ready/Bruce-Scripts-Heaven_BAD/Screen-to-Discord/Screenshot-to-Discord.txt,works_both
sd_card_content/badusb_extra_payloads/collection/Win/directly_ready/Bruce-Scripts-Heaven_BAD/WifiPassGrabberPOST/payload.txt,sd_card_mirror/badusb/!repo/works_both/collection/Win/directly_ready/Bruce-Scripts-Heaven_BAD/WifiPassGrabberPOST/payload.txt,works_both
sd_card_content/badusb_extra_payloads/collection/Win/directly_ready/Bruce-Scripts-Heaven_BAD/credentials/DuckyLogger/payload.txt,sd_card_mirror/badusb/!repo/works_both/collection/Win/directly_ready/Bruce-Scripts-Heaven_BAD/credentials/DuckyLogger/payload.txt,works_both
sd_card_content/badusb_extra_payloads/collection/Win/directly_ready/Bruce-Scripts-Heaven_BAD/credentials/Win/open_smb_share_to_steal_creds.txt,sd_card_mirror/badusb/!repo/works_both/collection/Win/directly_ready/Bruce-Scripts-Heaven_BAD/credentials/Win/open_smb_share_to_steal_creds.txt,works_both
sd_card_content/badusb_extra_payloads/collection/Win/directly_ready/Bruce-Scripts-Heaven_BAD/Screen-to-Telegram/Screenshot-to-Telegram.txt,sd_card_mirror/badusb/!repo/works_both/collection/Win/directly_ready/Bruce-Scripts-Heaven_BAD/Screen-to-Telegram/Screenshot-to-Telegram.txt,works_both
sd_card_content/badusb_extra_payloads/collection/Win/directly_ready/Bruce-Scripts-Heaven_BAD/Wifi-Networks-to-Discord/Discord-WiFi-Grabber.txt,sd_card_mirror/badusb/!repo/works_both/collection/Win/directly_ready/Bruce-Scripts-Heaven_BAD/Wifi-Networks-to-Discord/Discord-WiFi-Grabber.txt,works_both
sd_card_content/badusb_extra_payloads/collection/Win/directly_ready/Bruce-Scripts-Heaven_BAD/Exfiltrate Computer Screenshots/script.py,sd_card_mirror/badusb/!repo/works_both/collection/Win/directly_ready/Bruce-Scripts-Heaven_BAD/Exfiltrate Computer Screenshots/script.py,works_both
sd_card_content/badusb_extra_payloads/collection/Win/directly_ready/Bruce-Scripts-Heaven_BAD/recon/Win/Misc/Show_WiFi_Passwords.txt,sd_card_mirror/badusb/!repo/works_both/collection/Win/directly_ready/Bruce-Scripts-Heaven_BAD/recon/Win/Misc/Show_WiFi_Passwords.txt,works_both
sd_card_content/badusb_extra_payloads/collection/Win/directly_ready/Bruce-Scripts-Heaven_BAD/Automailer/payload.txt,sd_card_mirror/badusb/!repo/works_both/collection/Win/directly_ready/Bruce-Scripts-Heaven_BAD/Automailer/payload.txt,works_both
sd_card_content/badusb_extra_payloads/collection/Win/directly_ready/Bruce-Scripts-Heaven_BAD/quackberry/wifi_stealer_to_web.txt,sd_card_mirror/badusb/!repo/works_both/collection/Win/directly_ready/Bruce-Scripts-Heaven_BAD/quackberry/wifi_stealer_to_web.txt,works_both
sd_card_content/badusb_extra_payloads/collection/Win/directly_ready/Bruce-Scripts-Heaven_BAD/Discord-Media-Hog/Discord-Media-Hog.txt,sd_card_mirror/badusb/!repo/works_both/collection/Win/directly_ready/Bruce-Scripts-Heaven_BAD/Discord-Media-Hog/Discord-Media-Hog.txt,works_both
sd_card_content/badusb_extra_payloads/collection/Win/directly_ready/Bruce-Scripts-Heaven_BAD/BadUSB/Show_Saved_Passwords_UPDATED.txt,sd_card_mirror/badusb/!repo/works_both/collection/Win/directly_ready/Bruce-Scripts-Heaven_BAD/BadUSB/Show_Saved_Passwords_UPDATED.txt,works_both
sd_card_content/badusb_extra_payloads/collection/Win/directly_ready/Bruce-Scripts-Heaven_BAD/BadUSB/Credential_Harvester_MarkCyber.txt,sd_card_mirror/badusb/!repo/works_both/collection/Win/directly_ready/Bruce-Scripts-Heaven_BAD/BadUSB/Credential_Harvester_MarkCyber.txt,works_both
sd_card_content/badusb_extra_payloads/collection/Win/directly_ready/Bruce-Scripts-Heaven_BAD/BadUSB/UNC0V3R3D-BadUSB-Collection/Windows_Badusb/PasswordStuff/Show_Saved_Password/Show_Saved_Passwords.txt,sd_card_mirror/badusb/!repo/works_both/collection/Win/directly_ready/Bruce-Scripts-Heaven_BAD/BadUSB/UNC0V3R3D-BadUSB-Collection/Windows_Badusb/PasswordStuff/Show_Saved_Password/Show_Saved_Passwords.txt,works_both
sd_card_content/badusb_extra_payloads/collection/Win/directly_ready/Bruce-Scripts-Heaven_BAD/BadUSB/s4dic - BadUSB/DiscordGrabber/DiscordGrabber.txt,sd_card_mirror/badusb/!repo/works_both/collection/Win/directly_ready/Bruce-Scripts-Heaven_BAD/BadUSB/s4dic - BadUSB/DiscordGrabber/DiscordGrabber.txt,works_both
sd_card_content/badusb_extra_payloads/collection/Win/directly_ready/Bruce-Scripts-Heaven_BAD/BadUSB/BadUSB-MarkCyber/HackStuff/CredentialHarvester.txt,sd_card_mirror/badusb/!repo/works_both/collection/Win/directly_ready/Bruce-Scripts-Heaven_BAD/BadUSB/BadUSB-MarkCyber/HackStuff/CredentialHarvester.txt,works_both
sd_card_content/badusb_extra_payloads/collection/Win/directly_ready/Bruce-Scripts-Heaven_BAD/BadUSB/HackStuff/CredentialHarvester.txt,sd_card_mirror/badusb/!repo/works_both/collection/Win/directly_ready/Bruce-Scripts-Heaven_BAD/BadUSB/HackStuff/CredentialHarvester.txt,works_both
sd_card_content/badusb_extra_payloads/collection/Win/directly_ready/Bruce-Scripts-Heaven_BAD/UNC0V3R3D-BadUSB/BadUsb-Collection/Windows_Badusb/PasswordStuff/StealWifiKeys_onUSB/StealWifiKeys_onUSB.txt,sd_card_mirror/badusb/!repo/works_both/collection/Win/directly_ready/Bruce-Scripts-Heaven_BAD/UNC0V3R3D-BadUSB/BadUsb-Collection/Windows_Badusb/PasswordStuff/StealWifiKeys_onUSB/StealWifiKeys_onUSB.txt,works_both
sd_card_content/badusb_extra_payloads/collection/Win/directly_ready/Bruce-Scripts-Heaven_BAD/UNC0V3R3D-BadUSB/BadUsb-Collection/Windows_Badusb/PasswordStuff/Show_Saved_Password/Show_Saved_Passwords.txt,sd_card_mirror/badusb/!repo/works_both/collection/Win/directly_ready/Bruce-Scripts-Heaven_BAD/UNC0V3R3D-BadUSB/BadUsb-Collection/Windows_Badusb/PasswordStuff/Show_Saved_Password/Show_Saved_Passwords.txt,works_both
sd_card_content/badusb_extra_payloads/collection/Win/directly_ready/Bruce-Scripts-Heaven_BAD/UNC0V3R3D-BadUSB/BadUsb-Collection/Windows_Badusb/PasswordStuff/StealWifiKeys_Email/StealWifiKeys_Email.txt,sd_card_mirror/badusb/!repo/works_both/collection/Win/directly_ready/Bruce-Scripts-Heaven_BAD/UNC0V3R3D-BadUSB/BadUsb-Collection/Windows_Badusb/PasswordStuff/StealWifiKeys_Email/StealWifiKeys_Email.txt,works_both
sd_card_content/badusb_extra_payloads/collection/Win/directly_ready/Bruce-Scripts-Heaven_BAD/UNC0V3R3D-BadUSB/BadUsb-Collection/Windows_Badusb/PasswordStuff/StealWifiKeys/StealWifiKeys.txt,sd_card_mirror/badusb/!repo/works_both/collection/Win/directly_ready/Bruce-Scripts-Heaven_BAD/UNC0V3R3D-BadUSB/BadUsb-Collection/Windows_Badusb/PasswordStuff/StealWifiKeys/StealWifiKeys.txt,works_both
sd_card_content/badusb_extra_payloads/collection/Win/directly_ready/Bruce-Scripts-Heaven_BAD/UNC0V3R3D-BadUSB/BadUsb-Collection/Windows_Badusb/PasswordStuff/Simple_User_Password_Grabber/Simple_User_Password_Grabber.txt,sd_card_mirror/badusb/!repo/works_both/collection/Win/directly_ready/Bruce-Scripts-Heaven_BAD/UNC0V3R3D-BadUSB/BadUsb-Collection/Windows_Badusb/PasswordStuff/Simple_User_Password_Grabber/Simple_User_Password_Grabber.txt,works_both
sd_card_content/badusb_extra_payloads/collection/Win/directly_ready/Bruce-Scripts-Heaven_BAD/EmailAndTextMessage/wifi2Message.txt,sd_card_mirror/badusb/!repo/works_both/collection/Win/directly_ready/Bruce-Scripts-Heaven_BAD/EmailAndTextMessage/wifi2Message.txt,works_both
sd_card_content/badusb_extra_payloads/collection/Win/configuration_needed/BadUsb-Library/File-Changes-to-Discord.txt,sd_card_mirror/badusb/!repo/works_both/collection/Win/configuration_needed/BadUsb-Library/File-Changes-to-Discord.txt,works_both
sd_card_content/badusb_extra_payloads/collection/Win/configuration_needed/BadUsb-Library/Mouse-Activity-to-Discord.txt,sd_card_mirror/badusb/!repo/works_both/collection/Win/configuration_needed/BadUsb-Library/Mouse-Activity-to-Discord.txt,works_both
sd_card_content/badusb_extra_payloads/collection/Win/configuration_needed/Bruce-Scripts-Heaven_BAD/EngagementDucky/payload.txt,sd_card_mirror/badusb/!repo/works_both/collection/Win/configuration_needed/Bruce-Scripts-Heaven_BAD/EngagementDucky/payload.txt,works_both
sd_card_content/badusb_extra_payloads/collection/Android/directly_ready/BadUsb-Library/Contact-Stealer.txt,sd_card_mirror/badusb/!repo/works_both/collection/Android/directly_ready/BadUsb-Library/Contact-Stealer.txt,works_both
sd_card_content/badusb_extra_payloads/collection/Android/directly_ready/Bruce-Scripts-Heaven_BAD/BadUSB-FalsePhilosopher/BashBunny/payloads/library/credentials/MacPass/get-pip.py,sd_card_mirror/badusb/!repo/works_both/collection/Android/directly_ready/Bruce-Scripts-Heaven_BAD/BadUSB-FalsePhilosopher/BashBunny/payloads/library/credentials/MacPass/get-pip.py,works_both
sd_card_content/badusb_extra_payloads/collection/Android/directly_ready/Bruce-Scripts-Heaven_BAD/BadUSB-FalsePhilosopher/BashBunny/payloads/library/credentials/BunnyTap/js/ajax.googleapis.com__ajax__libs__webfont__1.5.0__webfont.js,sd_card_mirror/badusb/!repo/works_both/collection/Android/directly_ready/Bruce-Scripts-Heaven_BAD/BadUSB-FalsePhilosopher/BashBunny/payloads/library/credentials/BunnyTap/js/ajax.googleapis.com__ajax__libs__webfont__1.5.0__webfont.js,works_both
sd_card_content/badusb_extra_payloads/collection/Android/directly_ready/Bruce-Scripts-Heaven_BAD/BadUSB-FalsePhilosopher/BashBunny/payloads/library/credentials/BunnyTap/js/ajax.googleapis.com__ajax__libs__dojo__1.8.9__dojo__dojo.js,sd_card_mirror/badusb/!repo/works_both/collection/Android/directly_ready/Bruce-Scripts-Heaven_BAD/BadUSB-FalsePhilosopher/BashBunny/payloads/library/credentials/BunnyTap/js/ajax.googleapis.com__ajax__libs__dojo__1.8.9__dojo__dojo.js,works_both
sd_card_content/badusb_extra_payloads/collection/Android/directly_ready/Bruce-Scripts-Heaven_BAD/BadUSB-FalsePhilosopher/BashBunny/payloads/library/credentials/BunnyTap/js/ajax.googleapis.com__ajax__libs__angularjs__1.3.0-beta.14__angular.min.js,sd_card_mirror/badusb/!repo/works_both/collection/Android/directly_ready/Bruce-Scripts-Heaven_BAD/BadUSB-FalsePhilosopher/BashBunny/payloads/library/credentials/BunnyTap/js/ajax.googleapis.com__ajax__libs__angularjs__1.3.0-beta.14__angular.min.js,works_both
sd_card_content/badusb_extra_payloads/collection/Android/directly_ready/Bruce-Scripts-Heaven_BAD/BadUSB-FalsePhilosopher/BashBunny/payloads/library/credentials/BunnyTap/js/ajax.googleapis.com__ajax__libs__angularjs__1.2.3__angular.min.js,sd_card_mirror/badusb/!repo/works_both/collection/Android/directly_ready/Bruce-Scripts-Heaven_BAD/BadUSB-FalsePhilosopher/BashBunny/payloads/library/credentials/BunnyTap/js/ajax.googleapis.com__ajax__libs__angularjs__1.2.3__angular.min.js,works_both
sd_card_content/badusb_extra_payloads/collection/Android/directly_ready/Bruce-Scripts-Heaven_BAD/BadUSB-FalsePhilosopher/BashBunny/payloads/library/credentials/BunnyTap/js/ajax.googleapis.com__ajax__libs__angularjs__1.5.0-beta.0__angular.min.js,sd_card_mirror/badusb/!repo/works_both/collection/Android/directly_ready/Bruce-Scripts-Heaven_BAD/BadUSB-FalsePhilosopher/BashBunny/payloads/library/credentials/BunnyTap/js/ajax.googleapis.com__ajax__libs__angularjs__1.5.0-beta.0__angular.min.js,works_both
sd_card_content/badusb_extra_payloads/collection/Android/directly_ready/Bruce-Scripts-Heaven_BAD/BadUSB-FalsePhilosopher/BashBunny/payloads/library/credentials/BunnyTap/js/ajax.googleapis.com__ajax__libs__angularjs__1.3.13__angular.min.js,sd_card_mirror/badusb/!repo/works_both/collection/Android/directly_ready/Bruce-Scripts-Heaven_BAD/BadUSB-FalsePhilosopher/BashBunny/payloads/library/credentials/BunnyTap/js/ajax.googleapis.com__ajax__libs__angularjs__1.3.13__angular.min.js,works_both
sd_card_content/badusb_extra_payloads/collection/Android/directly_ready/Bruce-Scripts-Heaven_BAD/BadUSB-FalsePhilosopher/BashBunny/payloads/library/credentials/BunnyTap/js/ajax.googleapis.com__ajax__libs__dojo__1.7.4__dojo__dojo.js,sd_card_mirror/badusb/!repo/works_both/collection/Android/directly_ready/Bruce-Scripts-Heaven_BAD/BadUSB-FalsePhilosopher/BashBunny/payloads/library/credentials/BunnyTap/js/ajax.googleapis.com__ajax__libs__dojo__1.7.4__dojo__dojo.js,works_both
sd_card_content/badusb_extra_payloads/collection/Android/directly_ready/Bruce-Scripts-Heaven_BAD/BadUSB-FalsePhilosopher/BashBunny/payloads/library/credentials/BunnyTap/js/ajax.googleapis.com__ajax__libs__angularjs__1.4.0-rc.1__angular.min.js,sd_card_mirror/badusb/!repo/works_both/collection/Android/directly_ready/Bruce-Scripts-Heaven_BAD/BadUSB-FalsePhilosopher/BashBunny/payloads/library/credentials/BunnyTap/js/ajax.googleapis.com__ajax__libs__angularjs__1.4.0-rc.1__angular.min.js,works_both
sd_card_content/badusb_extra_payloads/collection/Android/directly_ready/Bruce-Scripts-Heaven_BAD/BadUSB-FalsePhilosopher/BashBunny/payloads/library/credentials/BunnyTap/js/ajax.googleapis.com__ajax__libs__angular_material__0.7.1__angular-material.min.js,sd_card_mirror/badusb/!repo/works_both/collection/Android/directly_ready/Bruce-Scripts-Heaven_BAD/BadUSB-FalsePhilosopher/BashBunny/payloads/library/credentials/BunnyTap/js/ajax.googleapis.com__ajax__libs__angular_material__0.7.1__angular-material.min.js,works_both
sd_card_content/badusb_extra_payloads/collection/Android/directly_ready/Bruce-Scripts-Heaven_BAD/BadUSB-FalsePhilosopher/BashBunny/payloads/library/credentials/BunnyTap/js/ajax.googleapis.com__ajax__libs__angularjs__1.2.1__angular.min.js,sd_card_mirror/badusb/!repo/works_both/collection/Android/directly_ready/Bruce-Scripts-Heaven_BAD/BadUSB-FalsePhilosopher/BashBunny/payloads/library/credentials/BunnyTap/js/ajax.googleapis.com__ajax__libs__angularjs__1.2.1__angular.min.js,works_both
sd_card_content/badusb_extra_payloads/collection/Android/directly_ready/Bruce-Scripts-Heaven_BAD/BadUSB-FalsePhilosopher/BashBunny/payloads/library/credentials/BunnyTap/js/ajax.googleapis.com__ajax__libs__angularjs__1.3.17__angular.min.js,sd_card_mirror/badusb/!repo/works_both/collection/Android/directly_ready/Bruce-Scripts-Heaven_BAD/BadUSB-FalsePhilosopher/BashBunny/payloads/library/credentials/BunnyTap/js/ajax.googleapis.com__ajax__libs__angularjs__1.3.17__angular.min.js,works_both
sd_card_content/badusb_extra_payloads/collection/Android/directly_ready/Bruce-Scripts-Heaven_BAD/BadUSB-FalsePhilosopher/BashBunny/payloads/library/credentials/BunnyTap/js/ajax.googleapis.com__ajax__libs__angularjs__1.3.5__angular.min.js,sd_card_mirror/badusb/!repo/works_both/collection/Android/directly_ready/Bruce-Scripts-Heaven_BAD/BadUSB-FalsePhilosopher/BashBunny/payloads/library/credentials/BunnyTap/js/ajax.googleapis.com__ajax__libs__angularjs__1.3.5__angular.min.js,works_both
sd_card_content/badusb_extra_payloads/collection/Android/directly_ready/Bruce-Scripts-Heaven_BAD/BadUSB-FalsePhilosopher/BashBunny/payloads/library/credentials/BunnyTap/js/ajax.googleapis.com__ajax__libs__dojo__1.9.6__dojo__dojo.js,sd_card_mirror/badusb/!repo/works_both/collection/Android/directly_ready/Bruce-Scripts-Heaven_BAD/BadUSB-FalsePhilosopher/BashBunny/payloads/library/credentials/BunnyTap/js/ajax.googleapis.com__ajax__libs__dojo__1.9.6__dojo__dojo.js,works_both
sd_card_content/badusb_extra_payloads/collection/Android/directly_ready/Bruce-Scripts-Heaven_BAD/BadUSB-FalsePhilosopher/BashBunny/payloads/library/credentials/BunnyTap/js/ajax.googleapis.com__ajax__libs__dojo__1.7.0__dojo__dojo.js,sd_card_mirror/badusb/!repo/works_both/collection/Android/directly_ready/Bruce-Scripts-Heaven_BAD/BadUSB-FalsePhilosopher/BashBunny/payloads/library/credentials/BunnyTap/js/ajax.googleapis.com__ajax__libs__dojo__1.7.0__dojo__dojo.js,works_both
sd_card_content/badusb_extra_payloads/collection/Android/directly_ready/Bruce-Scripts-Heaven_BAD/BadUSB-FalsePhilosopher/BashBunny/payloads/library/credentials/BunnyTap/js/ajax.googleapis.com__ajax__libs__dojo__1.8.7__dojo__dojo.js,sd_card_mirror/badusb/!repo/works_both/collection/Android/directly_ready/Bruce-Scripts-Heaven_BAD/BadUSB-FalsePhilosopher/BashBunny/payloads/library/credentials/BunnyTap/js/ajax.googleapis.com__ajax__libs__dojo__1.8.7__dojo__dojo.js,works_both
sd_card_content/badusb_extra_payloads/collection/Android/directly_ready/Bruce-Scripts-Heaven_BAD/BadUSB-FalsePhilosopher/BashBunny/payloads/library/credentials/BunnyTap/js/ajax.googleapis.com__ajax__libs__angularjs__1.3.2__angular.min.js,sd_card_mirror/badusb/!repo/works_both/collection/Android/directly_ready/Bruce-Scripts-Heaven_BAD/BadUSB-FalsePhilosopher/BashBunny/payloads/library/credentials/BunnyTap/js/ajax.googleapis.com__ajax__libs__angularjs__1.3.2__angular.min.js,works_both
sd_card_content/badusb_extra_payloads/collection/Android/directly_ready/Bruce-Scripts-Heaven_BAD/BadUSB-FalsePhilosopher/BashBunny/payloads/library/credentials/BunnyTap/js/ajax.googleapis.com__ajax__libs__angularjs__1.4.0-beta.1__angular.min.js,sd_card_mirror/badusb/!repo/works_both/collection/Android/directly_ready/Bruce-Scripts-Heaven_BAD/BadUSB-FalsePhilosopher/BashBunny/payloads/library/credentials/BunnyTap/js/ajax.googleapis.com__ajax__libs__angularjs__1.4.0-beta.1__angular.min.js,works_both
sd_card_content/badusb_extra_payloads/collection/Android/directly_ready/Bruce-Scripts-Heaven_BAD/BadUSB-FalsePhilosopher/BashBunny/payloads/library/credentials/BunnyTap/js/ajax.googleapis.com__ajax__libs__angularjs__1.3.0-beta.2__angular.min.js,sd_card_mirror/badusb/!repo/works_both/collection/Android/directly_ready/Bruce-Scripts-Heaven_BAD/BadUSB-FalsePhilosopher/BashBunny/payloads/library/credentials/BunnyTap/js/ajax.googleapis.com__ajax__libs__angularjs__1.3.0-beta.2__angular.min.js,works_both
sd_card_content/badusb_extra_payloads/collection/Android/directly_ready/Bruce-Scripts-Heaven_BAD/BadUSB-FalsePhilosopher/BashBunny/payloads/library/credentials/BunnyTap/js/ajax.googleapis.com__ajax__libs__angularjs__1.5.0-rc.0__angular.min.js,sd_card_mirror/badusb/!repo/works_both/collection/Android/directly_ready/Bruce-Scripts-Heaven_BAD/BadUSB-FalsePhilosopher/BashBunny/payloads/library/credentials/BunnyTap/js/ajax.googleapis.com__ajax__libs__angularjs__1.5.0-rc.0__angular.min.js,works_both
sd_card_content/badusb_extra_payloads/collection/Android/directly_ready/Bruce-Scripts-Heaven_BAD/BadUSB-FalsePhilosopher/BashBunny/payloads/library/credentials/BunnyTap/js/ajax.googleapis.com__ajax__libs__angularjs__1.3.15__angular.min.js,sd_card_mirror/badusb/!repo/works_both/collection/Android/directly_ready/Bruce-Scripts-Heaven_BAD/BadUSB-FalsePhilosopher/BashBunny/payloads/library/credentials/BunnyTap/js/ajax.googleapis.com__ajax__libs__angularjs__1.3.15__angular.min.js,works_both
sd_card_content/badusb_extra_payloads/collection/Android/directly_ready/Bruce-Scripts-Heaven_BAD/BadUSB-FalsePhilosopher/BashBunny/payloads/library/credentials/BunnyTap/js/ajax.googleapis.com__ajax__libs__angularjs__1.2.13__angular.min.js,sd_card_mirror/badusb/!repo/works_both/collection/Android/directly_ready/Bruce-Scripts-Heaven_BAD/BadUSB-FalsePhilosopher/BashBunny/payloads/library/credentials/BunnyTap/js/ajax.googleapis.com__ajax__libs__angularjs__1.2.13__angular.min.js,works_both
sd_card_content/badusb_extra_payloads/collection/Android/directly_ready/Bruce-Scripts-Heaven_BAD/BadUSB-FalsePhilosopher/BashBunny/payloads/library/credentials/BunnyTap/js/ajax.googleapis.com__ajax__libs__webfont__1.5.3__webfont.js,sd_card_mirror/badusb/!repo/works_both/collection/Android/directly_ready/Bruce-Scripts-Heaven_BAD/BadUSB-FalsePhilosopher/BashBunny/payloads/library/credentials/BunnyTap/js/ajax.googleapis.com__ajax__libs__webfont__1.5.3__webfont.js,works_both
sd_card_content/badusb_extra_payloads/collection/Android/directly_ready/Bruce-Scripts-Heaven_BAD/BadUSB-FalsePhilosopher/BashBunny/payloads/library/credentials/BunnyTap/js/ajax.googleapis.com__ajax__libs__angularjs__1.0.8__angular.min.js,sd_card_mirror/badusb/!repo/works_both/collection/Android/directly_ready/Bruce-Scripts-Heaven_BAD/BadUSB-FalsePhilosopher/BashBunny/payloads/library/credentials/BunnyTap/js/ajax.googleapis.com__ajax__libs__angularjs__1.0.8__angular.min.js,works_both
sd_card_content/badusb_extra_payloads/collection/Android/directly_ready/Bruce-Scripts-Heaven_BAD/BadUSB-FalsePhilosopher/BashBunny/payloads/library/credentials/BunnyTap/js/ajax.googleapis.com__ajax__libs__angularjs__1.0.1__angular.min.js,sd_card_mirror/badusb/!repo/works_both/collection/Android/directly_ready/Bruce-Scripts-Heaven_BAD/BadUSB-FalsePhilosopher/BashBunny/payloads/library/credentials/BunnyTap/js/ajax.googleapis.com__ajax__libs__angularjs__1.0.1__angular.min.js,works_both
sd_card_content/badusb_extra_payloads/collection/Android/directly_ready/Bruce-Scripts-Heaven_BAD/BadUSB-FalsePhilosopher/BashBunny/payloads/library/credentials/BunnyTap/js/ajax.googleapis.com__ajax__libs__angularjs__1.2.17__angular.min.js,sd_card_mirror/badusb/!repo/works_both/collection/Android/directly_ready/Bruce-Scripts-Heaven_BAD/BadUSB-FalsePhilosopher/BashBunny/payloads/library/credentials/BunnyTap/js/ajax.googleapis.com__ajax__libs__angularjs__1.2.17__angular.min.js,works_both
sd_card_content/badusb_extra_payloads/collection/Android/directly_ready/Bruce-Scripts-Heaven_BAD/BadUSB-FalsePhilosopher/BashBunny/payloads/library/credentials/BunnyTap/js/ajax.googleapis.com__ajax__libs__angularjs__1.3.0-rc.3__angular.min.js,sd_card_mirror/badusb/!repo/works_both/collection/Android/directly_ready/Bruce-Scripts-Heaven_BAD/BadUSB-FalsePhilosopher/BashBunny/payloads/library/credentials/BunnyTap/js/ajax.googleapis.com__ajax__libs__angularjs__1.3.0-rc.3__angular.min.js,works_both
sd_card_content/badusb_extra_payloads/collection/Android/directly_ready/Bruce-Scripts-Heaven_BAD/BadUSB-FalsePhilosopher/BashBunny/payloads/library/credentials/BunnyTap/js/ajax.googleapis.com__ajax__libs__webfont__1.5.18__webfont.js,sd_card_mirror/badusb/!repo/works_both/collection/Android/directly_ready/Bruce-Scripts-Heaven_BAD/BadUSB-FalsePhilosopher/BashBunny/payloads/library/credentials/BunnyTap/js/ajax.googleapis.com__ajax__libs__webfont__1.5.18__webfont.js,works_both
sd_card_content/badusb_extra_payloads/collection/Android/directly_ready/Bruce-Scripts-Heaven_BAD/BadUSB-FalsePhilosopher/BashBunny/payloads/library/credentials/BunnyTap/js/ajax.googleapis.com__ajax__libs__angularjs__1.2.5__angular.min.js,sd_card_mirror/badusb/!repo/works_both/collection/Android/directly_ready/Bruce-Scripts-Heaven_BAD/BadUSB-FalsePhilosopher/BashBunny/payloads/library/credentials/BunnyTap/js/ajax.googleapis.com__ajax__libs__angularjs__1.2.5__angular.min.js,works_both
sd_card_content/badusb_extra_payloads/collection/Android/directly_ready/Bruce-Scripts-Heaven_BAD/BadUSB-FalsePhilosopher/BashBunny/payloads/library/credentials/BunnyTap/js/ajax.googleapis.com__ajax__libs__angularjs__1.3.12__angular.min.js,sd_card_mirror/badusb/!repo/works_both/collection/Android/directly_ready/Bruce-Scripts-Heaven_BAD/BadUSB-FalsePhilosopher/BashBunny/payloads/library/credentials/BunnyTap/js/ajax.googleapis.com__ajax__libs__angularjs__1.3.12__angular.min.js,works_both
sd_card_content/badusb_extra_payloads/collection/Android/directly_ready/Bruce-Scripts-Heaven_BAD/BadUSB-FalsePhilosopher/BashBunny/payloads/library/credentials/BunnyTap/js/ajax.googleapis.com__ajax__libs__angular_material__0.8.3__angular-material.min.js,sd_card_mirror/badusb/!repo/works_both/collection/Android/directly_ready/Bruce-Scripts-Heaven_BAD/BadUSB-FalsePhilosopher/BashBunny/payloads/library/credentials/BunnyTap/js/ajax.googleapis.com__ajax__libs__angular_material__0.8.3__angular-material.min.js,works_both
sd_card_content/badusb_extra_payloads/collection/Android/directly_ready/Bruce-Scripts-Heaven_BAD/BadUSB-FalsePhilosopher/BashBunny/payloads/library/credentials/BunnyTap/js/ajax.googleapis.com__ajax__libs__angularjs__1.2.6__angular.min.js,sd_card_mirror/badusb/!repo/works_both/collection/Android/directly_ready/Bruce-Scripts-Heaven_BAD/BadUSB-FalsePhilosopher/BashBunny/payloads/library/credentials/BunnyTap/js/ajax.googleapis.com__ajax__libs__angularjs__1.2.6__angular.min.js,works_both
sd_card_content/badusb_extra_payloads/collection/Android/directly_ready/Bruce-Scripts-Heaven_BAD/BadUSB-FalsePhilosopher/BashBunny/payloads/library/credentials/BunnyTap/js/ajax.googleapis.com__ajax__libs__angularjs__1.2.0__angular.min.js,sd_card_mirror/badusb/!repo/works_both/collection/Android/directly_ready/Bruce-Scripts-Heaven_BAD/BadUSB-FalsePhilosopher/BashBunny/payloads/library/credentials/BunnyTap/js/ajax.googleapis.com__ajax__libs__angularjs__1.2.0__angular.min.js,works_both
sd_card_content/badusb_extra_payloads/collection/Android/directly_ready/Bruce-Scripts-Heaven_BAD/BadUSB-FalsePhilosopher/BashBunny/payloads/library/credentials/BunnyTap/js/ajax.googleapis.com__ajax__libs__dojo__1.7.5__dojo__dojo.js,sd_card_mirror/badusb/!repo/works_both/collection/Android/directly_ready/Bruce-Scripts-Heaven_BAD/BadUSB-FalsePhilosopher/BashBunny/payloads/library/credentials/BunnyTap/js/ajax.googleapis.com__ajax__libs__dojo__1.7.5__dojo__dojo.js,works_both
sd_card_content/badusb_extra_payloads/collection/Android/directly_ready/Bruce-Scripts-Heaven_BAD/BadUSB-FalsePhilosopher/BashBunny/payloads/library/credentials/BunnyTap/js/ajax.googleapis.com__ajax__libs__angular_material__1.0.3__angular-material.min.js,sd_card_mirror/badusb/!repo/works_both/collection/Android/directly_ready/Bruce-Scripts-Heaven_BAD/BadUSB-FalsePhilosopher/BashBunny/payloads/library/credentials/BunnyTap/js/ajax.googleapis.com__ajax__libs__angular_material__1.0.3__angular-material.min.js,works_both
sd_card_content/badusb_extra_payloads/collection/Android/directly_ready/Bruce-Scripts-Heaven_BAD/BadUSB-FalsePhilosopher/BashBunny/payloads/library/credentials/BunnyTap/js/ajax.googleapis.com__ajax__libs__angular_material__0.8.2__angular-material.min.js,sd_card_mirror/badusb/!repo/works_both/collection/Android/directly_ready/Bruce-Scripts-Heaven_BAD/BadUSB-FalsePhilosopher/BashBunny/payloads/library/credentials/BunnyTap/js/ajax.googleapis.com__ajax__libs__angular_material__0.8.2__angular-material.min.js,works_both
sd_card_content/badusb_extra_payloads/collection/Android/directly_ready/Bruce-Scripts-Heaven_BAD/BadUSB-FalsePhilosopher/BashBunny/payloads/library/credentials/BunnyTap/js/ajax.googleapis.com__ajax__libs__dojo__1.7.8__dojo__dojo.js,sd_card_mirror/badusb/!repo/works_both/collection/Android/directly_ready/Bruce-Scripts-Heaven_BAD/BadUSB-FalsePhilosopher/BashBunny/payloads/library/credentials/BunnyTap/js/ajax.googleapis.com__ajax__libs__dojo__1.7.8__dojo__dojo.js,works_both
sd_card_content/badusb_extra_payloads/collection/Android/directly_ready/Bruce-Scripts-Heaven_BAD/BadUSB-FalsePhilosopher/BashBunny/payloads/library/credentials/BunnyTap/js/ajax.googleapis.com__ajax__libs__angularjs__1.0.4__angular.min.js,sd_card_mirror/badusb/!repo/works_both/collection/Android/directly_ready/Bruce-Scripts-Heaven_BAD/BadUSB-FalsePhilosopher/BashBunny/payloads/library/credentials/BunnyTap/js/ajax.googleapis.com__ajax__libs__angularjs__1.0.4__angular.min.js,works_both
sd_card_content/badusb_extra_payloads/collection/Android/directly_ready/Bruce-Scripts-Heaven_BAD/BadUSB-FalsePhilosopher/BashBunny/payloads/library/credentials/BunnyTap/js/ajax.googleapis.com__ajax__libs__angular_material__1.0.0__angular-material.min.js,sd_card_mirror/badusb/!repo/works_both/collection/Android/directly_ready/Bruce-Scripts-Heaven_BAD/BadUSB-FalsePhilosopher/BashBunny/payloads/library/credentials/BunnyTap/js/ajax.googleapis.com__ajax__libs__angular_material__1.0.0__angular-material.min.js,works_both
sd_card_content/badusb_extra_payloads/collection/Android/directly_ready/Bruce-Scripts-Heaven_BAD/BadUSB-FalsePhilosopher/BashBunny/payloads/library/credentials/BunnyTap/js/ajax.googleapis.com__ajax__libs__angularjs__1.3.0-rc.1__angular.min.js,sd_card_mirror/badusb/!repo/works_both/collection/Android/directly_ready/Bruce-Scripts-Heaven_BAD/BadUSB-FalsePhilosopher/BashBunny/payloads/library/credentials/BunnyTap/js/ajax.googleapis.com__ajax__libs__angularjs__1.3.0-rc.1__angular.min.js,works_both
sd_card_content/badusb_extra_payloads/collection/Android/directly_ready/Bruce-Scripts-Heaven_BAD/BadUSB-FalsePhilosopher/BashBunny/payloads/library/credentials/BunnyTap/js/ajax.googleapis.com__ajax__libs__mootools__1.6.0__mootools.min.js,sd_card_mirror/badusb/!repo/works_both/collection/Android/directly_ready/Bruce-Scripts-Heaven_BAD/BadUSB-FalsePhilosopher/BashBunny/payloads/library/credentials/BunnyTap/js/ajax.googleapis.com__ajax__libs__mootools__1.6.0__mootools.min.js,works_both
sd_card_content/badusb_extra_payloads/collection/Android/directly_ready/Bruce-Scripts-Heaven_BAD/BadUSB-FalsePhilosopher/BashBunny/payloads/library/credentials/BunnyTap/js/ajax.googleapis.com__ajax__libs__dojo__1.8.4__dojo__dojo.js,sd_card_mirror/badusb/!repo/works_both/collection/Android/directly_ready/Bruce-Scripts-Heaven_BAD/BadUSB-FalsePhilosopher/BashBunny/payloads/library/credentials/BunnyTap/js/ajax.googleapis.com__ajax__libs__dojo__1.8.4__dojo__dojo.js,works_both
sd_card_content/badusb_extra_payloads/collection/Android/directly_ready/Bruce-Scripts-Heaven_BAD/BadUSB-FalsePhilosopher/BashBunny/payloads/library/credentials/BunnyTap/js/ajax.googleapis.com__ajax__libs__angular_material__0.9.4__angular-material.min.js,sd_card_mirror/badusb/!repo/works_both/collection/Android/directly_ready/Bruce-Scripts-Heaven_BAD/BadUSB-FalsePhilosopher/BashBunny/payloads/library/credentials/BunnyTap/js/ajax.googleapis.com__ajax__libs__angular_material__0.9.4__angular-material.min.js,works_both
sd_card_content/badusb_extra_payloads/collection/Android/directly_ready/Bruce-Scripts-Heaven_BAD/BadUSB-FalsePhilosopher/BashBunny/payloads/library/credentials/BunnyTap/js/ajax.googleapis.com__ajax__libs__angularjs__1.3.8__angular.min.js,sd_card_mirror/badusb/!repo/works_both/collection/Android/directly_ready/Bruce-Scripts-Heaven_BAD/BadUSB-FalsePhilosopher/BashBunny/payloads/library/credentials/BunnyTap/js/ajax.googleapis.com__ajax__libs__angularjs__1.3.8__angular.min.js,works_both
sd_card_content/badusb_extra_payloads/collection/Android/directly_ready/Bruce-Scripts-Heaven_BAD/BadUSB-FalsePhilosopher/BashBunny/payloads/library/credentials/BunnyTap/js/ajax.googleapis.com__ajax__libs__angularjs__1.5.0-rc.2__angular.min.js,sd_card_mirror/badusb/!repo/works_both/collection/Android/directly_ready/Bruce-Scripts-Heaven_BAD/BadUSB-FalsePhilosopher/BashBunny/payloads/library/credentials/BunnyTap/js/ajax.googleapis.com__ajax__libs__angularjs__1.5.0-rc.2__angular.min.js,works_both
sd_card_content/badusb_extra_payloads/collection/Android/directly_ready/Bruce-Scripts-Heaven_BAD/BadUSB-FalsePhilosopher/BashBunny/payloads/library/credentials/BunnyTap/js/ajax.googleapis.com__ajax__libs__angularjs__1.3.1__angular.min.js,sd_card_mirror/badusb/!repo/works_both/collection/Android/directly_ready/Bruce-Scripts-Heaven_BAD/BadUSB-FalsePhilosopher/BashBunny/payloads/library/credentials/BunnyTap/js/ajax.googleapis.com__ajax__libs__angularjs__1.3.1__angular.min.js,works_both
sd_card_content/badusb_extra_payloads/collection/Android/directly_ready/Bruce-Scripts-Heaven_BAD/BadUSB-FalsePhilosopher/BashBunny/payloads/library/credentials/BunnyTap/js/ajax.googleapis.com__ajax__libs__angularjs__1.4.4__angular.min.js,sd_card_mirror/badusb/!repo/works_both/collection/Android/directly_ready/Bruce-Scripts-Heaven_BAD/BadUSB-FalsePhilosopher/BashBunny/payloads/library/credentials/BunnyTap/js/ajax.googleapis.com__ajax__libs__angularjs__1.4.4__angular.min.js,works_both
sd_card_content/badusb_extra_payloads/collection/Android/directly_ready/Bruce-Scripts-Heaven_BAD/BadUSB-FalsePhilosopher/BashBunny/payloads/library/credentials/BunnyTap/js/ajax.googleapis.com__ajax__libs__angularjs__1.2.7__angular.min.js,sd_card_mirror/badusb/!repo/works_both/collection/Android/directly_ready/Bruce-Scripts-Heaven_BAD/BadUSB-FalsePhilosopher/BashBunny/payloads/library/credentials/BunnyTap/js/ajax.googleapis.com__ajax__libs__angularjs__1.2.7__angular.min.js,works_both
sd_card_content/badusb_extra_payloads/collection/Android/directly_ready/Bruce-Scripts-Heaven_BAD/BadUSB-FalsePhilosopher/BashBunny/payloads/library/credentials/BunnyTap/js/ajax.googleapis.com__ajax__libs__angularjs__1.3.0-beta.6__angular.min.js,sd_card_mirror/badusb/!repo/works_both/collection/Android/directly_ready/Bruce-Scripts-Heaven_BAD/BadUSB-FalsePhilosopher/BashBunny/payloads/library/credentials/BunnyTap/js/ajax.googleapis.com__ajax__libs__angularjs__1.3.0-beta.6__angular.min.js,works_both
sd_card_content/badusb_extra_payloads/collection/Android/directly_ready/Bruce-Scripts-Heaven_BAD/BadUSB-FalsePhilosopher/BashBunny/payloads/library/credentials/BunnyTap/js/ajax.googleapis.com__ajax__libs__angular_material__0.11.4__angular-material.min.js,sd_card_mirror/badusb/!repo/works_both/collection/Android/directly_ready/Bruce-Scripts-Heaven_BAD/BadUSB-FalsePhilosopher/BashBunny/payloads/library/credentials/BunnyTap/js/ajax.googleapis.com__ajax__libs__angular_material__0.11.4__angular-material.min.js,works_both
sd_card_content/badusb_extra_payloads/collection/Android/directly_ready/Bruce-Scripts-Heaven_BAD/BadUSB-FalsePhilosopher/BashBunny/payloads/library/credentials/BunnyTap/js/ajax.googleapis.com__ajax__libs__dojo__1.10.4__dojo__dojo.js,sd_card_mirror/badusb/!repo/works_both/collection/Android/directly_ready/Bruce-Scripts-Heaven_BAD/BadUSB-FalsePhilosopher/BashBunny/payloads/library/credentials/BunnyTap/js/ajax.googleapis.com__ajax__libs__dojo__1.10.4__dojo__dojo.js,works_both
sd_card_content/badusb_extra_payloads/collection/Android/directly_ready/Bruce-Scripts-Heaven_BAD/BadUSB-FalsePhilosopher/BashBunny/payloads/library/credentials/BunnyTap/js/ajax.googleapis.com__ajax__libs__jquerymobile__1.4.2__jquery.mobile.min.js,sd_card_mirror/badusb/!repo/works_both/collection/Android/directly_ready/Bruce-Scripts-Heaven_BAD/BadUSB-FalsePhilosopher/BashBunny/payloads/library/credentials/BunnyTap/js/ajax.googleapis.com__ajax__libs__jquerymobile__1.4.2__jquery.mobile.min.js,works_both
sd_card_content/badusb_extra_payloads/collection/Android/directly_ready/Bruce-Scripts-Heaven_BAD/BadUSB-FalsePhilosopher/BashBunny/payloads/library/credentials/BunnyTap/js/ajax.googleapis.com__ajax__libs__angularjs__1.5.0-beta.1__angular.min.js,sd_card_mirror/badusb/!repo/works_both/collection/Android/directly_ready/Bruce-Scripts-Heaven_BAD/BadUSB-FalsePhilosopher/BashBunny/payloads/library/credentials/BunnyTap/js/ajax.googleapis.com__ajax__libs__angularjs__1.5.0-beta.1__angular.min.js,works_both
sd_card_content/badusb_extra_payloads/collection/Android/directly_ready/Bruce-Scripts-Heaven_BAD/BadUSB-FalsePhilosopher/BashBunny/payloads/library/credentials/BunnyTap/js/ajax.googleapis.com__ajax__libs__dojo__1.7.1__dojo__dojo.js,sd_card_mirror/badusb/!repo/works_both/collection/Android/directly_ready/Bruce-Scripts-Heaven_BAD/BadUSB-FalsePhilosopher/BashBunny/payloads/library/credentials/BunnyTap/js/ajax.googleapis.com__ajax__libs__dojo__1.7.1__dojo__dojo.js,works_both
sd_card_content/badusb_extra_payloads/collection/Android/directly_ready/Bruce-Scripts-Heaven_BAD/BadUSB-FalsePhilosopher/BashBunny/payloads/library/credentials/BunnyTap/js/ajax.googleapis.com__ajax__libs__dojo__1.9.2__dojo__dojo.js,sd_card_mirror/badusb/!repo/works_both/collection/Android/directly_ready/Bruce-Scripts-Heaven_BAD/BadUSB-FalsePhilosopher/BashBunny/payloads/library/credentials/BunnyTap/js/ajax.googleapis.com__ajax__libs__dojo__1.9.2__dojo__dojo.js,works_both
sd_card_content/badusb_extra_payloads/collection/Android/directly_ready/Bruce-Scripts-Heaven_BAD/BadUSB-FalsePhilosopher/BashBunny/payloads/library/credentials/BunnyTap/js/ajax.googleapis.com__ajax__libs__angularjs__1.2.25__angular.min.js,sd_card_mirror/badusb/!repo/works_both/collection/Android/directly_ready/Bruce-Scripts-Heaven_BAD/BadUSB-FalsePhilosopher/BashBunny/payloads/library/credentials/BunnyTap/js/ajax.googleapis.com__ajax__libs__angularjs__1.2.25__angular.min.js,works_both
sd_card_content/badusb_extra_payloads/collection/Android/directly_ready/Bruce-Scripts-Heaven_BAD/BadUSB-FalsePhilosopher/BashBunny/payloads/library/credentials/BunnyTap/js/ajax.googleapis.com__ajax__libs__angularjs__1.3.9__angular.min.js,sd_card_mirror/badusb/!repo/works_both/collection/Android/directly_ready/Bruce-Scripts-Heaven_BAD/BadUSB-FalsePhilosopher/BashBunny/payloads/library/credentials/BunnyTap/js/ajax.googleapis.com__ajax__libs__angularjs__1.3.9__angular.min.js,works_both
sd_card_content/badusb_extra_payloads/collection/Android/directly_ready/Bruce-Scripts-Heaven_BAD/BadUSB-FalsePhilosopher/BashBunny/payloads/library/credentials/BunnyTap/js/ajax.googleapis.com__ajax__libs__angularjs__1.2.9__angular.min.js,sd_card_mirror/badusb/!repo/works_both/collection/Android/directly_ready/Bruce-Scripts-Heaven_BAD/BadUSB-FalsePhilosopher/BashBunny/payloads/library/credentials/BunnyTap/js/ajax.googleapis.com__ajax__libs__angularjs__1.2.9__angular.min.js,works_both
sd_card_content/badusb_extra_payloads/collection/Android/directly_ready/Bruce-Scripts-Heaven_BAD/BadUSB-FalsePhilosopher/BashBunny/payloads/library/credentials/BunnyTap/js/ajax.googleapis.com__ajax__libs__angularjs__1.2.27__angular.min.js,sd_card_mirror/badusb/!repo/works_both/collection/Android/directly_ready/Bruce-Scripts-Heaven_BAD/BadUSB-FalsePhilosopher/BashBunny/payloads/library/credentials/BunnyTap/js/ajax.googleapis.com__ajax__libs__angularjs__1.2.27__angular.min.js,works_both
sd_card_content/badusb_extra_payloads/collection/Android/directly_ready/Bruce-Scripts-Heaven_BAD/BadUSB-FalsePhilosopher/BashBunny/payloads/library/credentials/BunnyTap/js/ajax.googleapis.com__ajax__libs__dojo__1.7.3__dojo__dojo.js,sd_card_mirror/badusb/!repo/works_both/collection/Android/directly_ready/Bruce-Scripts-Heaven_BAD/BadUSB-FalsePhilosopher/BashBunny/payloads/library/credentials/BunnyTap/js/ajax.googleapis.com__ajax__libs__dojo__1.7.3__dojo__dojo.js,works_both
sd_card_content/badusb_extra_payloads/collection/Android/directly_ready/Bruce-Scripts-Heaven_BAD/BadUSB-FalsePhilosopher/BashBunny/payloads/library/credentials/BunnyTap/js/ajax.googleapis.com__ajax__libs__angularjs__1.2.19__angular.min.js,sd_card_mirror/badusb/!repo/works_both/collection/Android/directly_ready/Bruce-Scripts-Heaven_BAD/BadUSB-FalsePhilosopher/BashBunny/payloads/library/credentials/BunnyTap/js/ajax.googleapis.com__ajax__libs__angularjs__1.2.19__angular.min.js,works_both
sd_card_content/badusb_extra_payloads/collection/Android/directly_ready/Bruce-Scripts-Heaven_BAD/BadUSB-FalsePhilosopher/BashBunny/payloads/library/credentials/BunnyTap/js/ajax.googleapis.com__ajax__libs__angularjs__1.0.5__angular.min.js,sd_card_mirror/badusb/!repo/works_both/collection/Android/directly_ready/Bruce-Scripts-Heaven_BAD/BadUSB-FalsePhilosopher/BashBunny/payloads/library/credentials/BunnyTap/js/ajax.googleapis.com__ajax__libs__angularjs__1.0.5__angular.min.js,works_both
sd_card_content/badusb_extra_payloads/collection/Android/directly_ready/Bruce-Scripts-Heaven_BAD/BadUSB-FalsePhilosopher/BashBunny/payloads/library/credentials/BunnyTap/js/ajax.googleapis.com__ajax__libs__angular_material__0.11.2__angular-material.min.js,sd_card_mirror/badusb/!repo/works_both/collection/Android/directly_ready/Bruce-Scripts-Heaven_BAD/BadUSB-FalsePhilosopher/BashBunny/payloads/library/credentials/BunnyTap/js/ajax.googleapis.com__ajax__libs__angular_material__0.11.2__angular-material.min.js,works_both
sd_card_content/badusb_extra_payloads/collection/Android/directly_ready/Bruce-Scripts-Heaven_BAD/BadUSB-FalsePhilosopher/BashBunny/payloads/library/credentials/BunnyTap/js/ajax.googleapis.com__ajax__libs__angular_material__0.8.0__angular-material.min.js,sd_card_mirror/badusb/!repo/works_both/collection/Android/directly_ready/Bruce-Scripts-Heaven_BAD/BadUSB-FalsePhilosopher/BashBunny/payloads/library/credentials/BunnyTap/js/ajax.googleapis.com__ajax__libs__angular_material__0.8.0__angular-material.min.js,works_both
sd_card_content/badusb_extra_payloads/collection/Android/directly_ready/Bruce-Scripts-Heaven_BAD/BadUSB-FalsePhilosopher/BashBunny/payloads/library/credentials/BunnyTap/js/ajax.googleapis.com__ajax__libs__angularjs__1.4.9__angular.min.js,sd_card_mirror/badusb/!repo/works_both/collection/Android/directly_ready/Bruce-Scripts-Heaven_BAD/BadUSB-FalsePhilosopher/BashBunny/payloads/library/credentials/BunnyTap/js/ajax.googleapis.com__ajax__libs__angularjs__1.4.9__angular.min.js,works_both
sd_card_content/badusb_extra_payloads/collection/Android/directly_ready/Bruce-Scripts-Heaven_BAD/BadUSB-FalsePhilosopher/BashBunny/payloads/library/credentials/BunnyTap/js/ajax.googleapis.com__ajax__libs__angularjs__1.4.0-beta.4__angular.min.js,sd_card_mirror/badusb/!repo/works_both/collection/Android/directly_ready/Bruce-Scripts-Heaven_BAD/BadUSB-FalsePhilosopher/BashBunny/payloads/library/credentials/BunnyTap/js/ajax.googleapis.com__ajax__libs__angularjs__1.4.0-beta.4__angular.min.js,works_both
sd_card_content/badusb_extra_payloads/collection/Android/directly_ready/Bruce-Scripts-Heaven_BAD/BadUSB-FalsePhilosopher/BashBunny/payloads/library/credentials/BunnyTap/js/ajax.googleapis.com__ajax__libs__jquerymobile__1.4.1__jquery.mobile.min.js,sd_card_mirror/badusb/!repo/works_both/collection/Android/directly_ready/Bruce-Scripts-Heaven_BAD/BadUSB-FalsePhilosopher/BashBunny/payloads/library/credentials/BunnyTap/js/ajax.googleapis.com__ajax__libs__jquerymobile__1.4.1__jquery.mobile.min.js,works_both
sd_card_content/badusb_extra_payloads/collection/Android/directly_ready/Bruce-Scripts-Heaven_BAD/BadUSB-FalsePhilosopher/BashBunny/payloads/library/credentials/BunnyTap/js/ajax.googleapis.com__ajax__libs__angularjs__1.4.5__angular.min.js,sd_card_mirror/badusb/!repo/works_both/collection/Android/directly_ready/Bruce-Scripts-Heaven_BAD/BadUSB-FalsePhilosopher/BashBunny/payloads/library/credentials/BunnyTap/js/ajax.googleapis.com__ajax__libs__angularjs__1.4.5__angular.min.js,works_both
sd_card_content/badusb_extra_payloads/collection/Android/directly_ready/Bruce-Scripts-Heaven_BAD/BadUSB-FalsePhilosopher/BashBunny/payloads/library/credentials/BunnyTap/js/ajax.googleapis.com__ajax__libs__dojo__1.9.1__dojo__dojo.js,sd_card_mirror/badusb/!repo/works_both/collection/Android/directly_ready/Bruce-Scripts-Heaven_BAD/BadUSB-FalsePhilosopher/BashBunny/payloads/library/credentials/BunnyTap/js/ajax.googleapis.com__ajax__libs__dojo__1.9.1__dojo__dojo.js,works_both
sd_card_content/badusb_extra_payloads/collection/Android/directly_ready/Bruce-Scripts-Heaven_BAD/BadUSB-FalsePhilosopher/BashBunny/payloads/library/credentials/BunnyTap/js/ajax.googleapis.com__ajax__libs__dojo__1.9.3__dojo__dojo.js,sd_card_mirror/badusb/!repo/works_both/collection/Android/directly_ready/Bruce-Scripts-Heaven_BAD/BadUSB-FalsePhilosopher/BashBunny/payloads/library/credentials/BunnyTap/js/ajax.googleapis.com__ajax__libs__dojo__1.9.3__dojo__dojo.js,works_both
sd_card_content/badusb_extra_payloads/collection/Android/directly_ready/Bruce-Scripts-Heaven_BAD/BadUSB-FalsePhilosopher/BashBunny/payloads/library/credentials/BunnyTap/js/ajax.googleapis.com__ajax__libs__angular_material__1.0.1__angular-material.min.js,sd_card_mirror/badusb/!repo/works_both/collection/Android/directly_ready/Bruce-Scripts-Heaven_BAD/BadUSB-FalsePhilosopher/BashBunny/payloads/library/credentials/BunnyTap/js/ajax.googleapis.com__ajax__libs__angular_material__1.0.1__angular-material.min.js,works_both
sd_card_content/badusb_extra_payloads/collection/Android/directly_ready/Bruce-Scripts-Heaven_BAD/BadUSB-FalsePhilosopher/BashBunny/payloads/library/credentials/BunnyTap/js/ajax.googleapis.com__ajax__libs__angular_material__1.0.2__angular-material.min.js,sd_card_mirror/badusb/!repo/works_both/collection/Android/directly_ready/Bruce-Scripts-Heaven_BAD/BadUSB-FalsePhilosopher/BashBunny/payloads/library/credentials/BunnyTap/js/ajax.googleapis.com__ajax__libs__angular_material__1.0.2__angular-material.min.js,works_both
sd_card_content/badusb_extra_payloads/collection/Android/directly_ready/Bruce-Scripts-Heaven_BAD/BadUSB-FalsePhilosopher/BashBunny/payloads/library/credentials/BunnyTap/js/ajax.googleapis.com__ajax__libs__angularjs__1.4.0-beta.2__angular.min.js,sd_card_mirror/badusb/!repo/works_both/collection/Android/directly_ready/Bruce-Scripts-Heaven_BAD/BadUSB-FalsePhilosopher/BashBunny/payloads/library/credentials/BunnyTap/js/ajax.googleapis.com__ajax__libs__angularjs__1.4.0-beta.2__angular.min.js,works_both
sd_card_content/badusb_extra_payloads/collection/Android/directly_ready/Bruce-Scripts-Heaven_BAD/BadUSB-FalsePhilosopher/BashBunny/payloads/library/credentials/BunnyTap/js/ajax.googleapis.com__ajax__libs__angularjs__1.3.0-beta.8__angular.min.js,sd_card_mirror/badusb/!repo/works_both/collection/Android/directly_ready/Bruce-Scripts-Heaven_BAD/BadUSB-FalsePhilosopher/BashBunny/payloads/library/credentials/BunnyTap/js/ajax.googleapis.com__ajax__libs__angularjs__1.3.0-beta.8__angular.min.js,works_both
sd_card_content/badusb_extra_payloads/collection/Android/directly_ready/Bruce-Scripts-Heaven_BAD/BadUSB-FalsePhilosopher/BashBunny/payloads/library/credentials/BunnyTap/js/ajax.googleapis.com__ajax__libs__angularjs__1.3.0-beta.19__angular.min.js,sd_card_mirror/badusb/!repo/works_both/collection/Android/directly_ready/Bruce-Scripts-Heaven_BAD/BadUSB-FalsePhilosopher/BashBunny/payloads/library/credentials/BunnyTap/js/ajax.googleapis.com__ajax__libs__angularjs__1.3.0-beta.19__angular.min.js,works_both
sd_card_content/badusb_extra_payloads/collection/Android/directly_ready/Bruce-Scripts-Heaven_BAD/BadUSB-FalsePhilosopher/BashBunny/payloads/library/credentials/BunnyTap/js/ajax.googleapis.com__ajax__libs__dojo__1.9.4__dojo__dojo.js,sd_card_mirror/badusb/!repo/works_both/collection/Android/directly_ready/Bruce-Scripts-Heaven_BAD/BadUSB-FalsePhilosopher/BashBunny/payloads/library/credentials/BunnyTap/js/ajax.googleapis.com__ajax__libs__dojo__1.9.4__dojo__dojo.js,works_both
sd_card_content/badusb_extra_payloads/collection/Android/directly_ready/Bruce-Scripts-Heaven_BAD/BadUSB-FalsePhilosopher/BashBunny/payloads/library/credentials/BunnyTap/js/ajax.googleapis.com__ajax__libs__angularjs__1.4.3__angular.min.js,sd_card_mirror/badusb/!repo/works_both/collection/Android/directly_ready/Bruce-Scripts-Heaven_BAD/BadUSB-FalsePhilosopher/BashBunny/payloads/library/credentials/BunnyTap/js/ajax.googleapis.com__ajax__libs__angularjs__1.4.3__angular.min.js,works_both
sd_card_content/badusb_extra_payloads/collection/Android/directly_ready/Bruce-Scripts-Heaven_BAD/BadUSB-FalsePhilosopher/BashBunny/payloads/library/credentials/BunnyTap/js/ajax.googleapis.com__ajax__libs__angularjs__1.3.7__angular.min.js,sd_card_mirror/badusb/!repo/works_both/collection/Android/directly_ready/Bruce-Scripts-Heaven_BAD/BadUSB-FalsePhilosopher/BashBunny/payloads/library/credentials/BunnyTap/js/ajax.googleapis.com__ajax__libs__angularjs__1.3.7__angular.min.js,works_both
sd_card_content/badusb_extra_payloads/collection/Android/directly_ready/Bruce-Scripts-Heaven_BAD/BadUSB-FalsePhilosopher/BashBunny/payloads/library/credentials/BunnyTap/js/ajax.googleapis.com__ajax__libs__angularjs__1.3.0-beta.12__angular.min.js,sd_card_mirror/badusb/!repo/works_both/collection/Android/directly_ready/Bruce-Scripts-Heaven_BAD/BadUSB-FalsePhilosopher/BashBunny/payloads/library/credentials/BunnyTap/js/ajax.googleapis.com__ajax__libs__angularjs__1.3.0-beta.12__angular.min.js,works_both
sd_card_content/badusb_extra_payloads/collection/Android/directly_ready/Bruce-Scripts-Heaven_BAD/BadUSB-FalsePhilosopher/BashBunny/payloads/library/credentials/BunnyTap/js/ajax.googleapis.com__ajax__libs__dojo__1.8.3__dojo__dojo.js,sd_card_mirror/badusb/!repo/works_both/collection/Android/directly_ready/Bruce-Scripts-Heaven_BAD/BadUSB-FalsePhilosopher/BashBunny/payloads/library/credentials/BunnyTap/js/ajax.googleapis.com__ajax__libs__dojo__1.8.3__dojo__dojo.js,works_both
sd_card_content/badusb_extra_payloads/collection/Android/directly_ready/Bruce-Scripts-Heaven_BAD/BadUSB-FalsePhilosopher/BashBunny/payloads/library/credentials/BunnyTap/js/ajax.googleapis.com__ajax__libs__dojo__1.8.6__dojo__dojo.js,sd_card_mirror/badusb/!repo/works_both/collection/Android/directly_ready/Bruce-Scripts-Heaven_BAD/BadUSB-FalsePhilosopher/BashBunny/payloads/library/credentials/BunnyTap/js/ajax.googleapis.com__ajax__libs__dojo__1.8.6__dojo__dojo.js,works_both
sd_card_content/badusb_extra_payloads/collection/Android/directly_ready/Bruce-Scripts-Heaven_BAD/BadUSB-FalsePhilosopher/BashBunny/payloads/library/credentials/BunnyTap/js/ajax.googleapis.com__ajax__libs__angular_material__0.11.1__angular-material.min.js,sd_card_mirror/badusb/!repo/works_both/collection/Android/directly_ready/Bruce-Scripts-Heaven_BAD/BadUSB-FalsePhilosopher/BashBunny/payloads/library/credentials/BunnyTap/js/ajax.googleapis.com__ajax__libs__angular_material__0.11.1__angular-material.min.js,works_both
sd_card_content/badusb_extra_payloads/collection/Android/directly_ready/Bruce-Scripts-Heaven_BAD/BadUSB-FalsePhilosopher/BashBunny/payloads/library/credentials/BunnyTap/js/ajax.googleapis.com__ajax__libs__angularjs__1.3.0-beta.11__angular.min.js,sd_card_mirror/badusb/!repo/works_both/collection/Android/directly_ready/Bruce-Scripts-Heaven_BAD/BadUSB-FalsePhilosopher/BashBunny/payloads/library/credentials/BunnyTap/js/ajax.googleapis.com__ajax__libs__angularjs__1.3.0-beta.11__angular.min.js,works_both
sd_card_content/badusb_extra_payloads/collection/Android/directly_ready/Bruce-Scripts-Heaven_BAD/BadUSB-FalsePhilosopher/BashBunny/payloads/library/credentials/BunnyTap/js/ajax.googleapis.com__ajax__libs__angularjs__1.3.0-beta.17__angular.min.js,sd_card_mirror/badusb/!repo/works_both/collection/Android/directly_ready/Bruce-Scripts-Heaven_BAD/BadUSB-FalsePhilosopher/BashBunny/payloads/library/credentials/BunnyTap/js/ajax.googleapis.com__ajax__libs__angularjs__1.3.0-beta.17__angular.min.js,works_both
sd_card_content/badusb_extra_payloads/collection/Android/directly_ready/Bruce-Scripts-Heaven_BAD/BadUSB-FalsePhilosopher/BashBunny/payloads/library/credentials/BunnyTap/js/ajax.googleapis.com__ajax__libs__angularjs__1.3.0-rc.4__angular.min.js,sd_card_mirror/badusb/!repo/works_both/collection/Android/directly_ready/Bruce-Scripts-Heaven_BAD/BadUSB-FalsePhilosopher/BashBunny/payloads/library/credentials/BunnyTap/js/ajax.googleapis.com__ajax__libs__angularjs__1.3.0-rc.4__angular.min.js,works_both
sd_card_content/badusb_extra_payloads/collection/Android/directly_ready/Bruce-Scripts-Heaven_BAD/BadUSB-FalsePhilosopher/BashBunny/payloads/library/credentials/BunnyTap/js/ajax.googleapis.com__ajax__libs__dojo__1.8.0__dojo__dojo.js,sd_card_mirror/badusb/!repo/works_both/collection/Android/directly_ready/Bruce-Scripts-Heaven_BAD/BadUSB-FalsePhilosopher/BashBunny/payloads/library/credentials/BunnyTap/js/ajax.googleapis.com__ajax__libs__dojo__1.8.0__dojo__dojo.js,works_both
sd_card_content/badusb_extra_payloads/collection/Android/directly_ready/Bruce-Scripts-Heaven_BAD/BadUSB-FalsePhilosopher/BashBunny/payloads/library/credentials/BunnyTap/js/ajax.googleapis.com__ajax__libs__angularjs__1.2.20__angular.min.js,sd_card_mirror/badusb/!repo/works_both/collection/Android/directly_ready/Bruce-Scripts-Heaven_BAD/BadUSB-FalsePhilosopher/BashBunny/payloads/library/credentials/BunnyTap/js/ajax.googleapis.com__ajax__libs__angularjs__1.2.20__angular.min.js,works_both
sd_card_content/badusb_extra_payloads/collection/Android/directly_ready/Bruce-Scripts-Heaven_BAD/BadUSB-FalsePhilosopher/BashBunny/payloads/library/credentials/BunnyTap/js/ajax.googleapis.com__ajax__libs__dojo__1.8.2__dojo__dojo.js,sd_card_mirror/badusb/!repo/works_both/collection/Android/directly_ready/Bruce-Scripts-Heaven_BAD/BadUSB-FalsePhilosopher/BashBunny/payloads/library/credentials/BunnyTap/js/ajax.googleapis.com__ajax__libs__dojo__1.8.2__dojo__dojo.js,works_both
sd_card_content/badusb_extra_payloads/collection/Android/directly_ready/Bruce-Scripts-Heaven_BAD/BadUSB-FalsePhilosopher/BashBunny/payloads/library/credentials/BunnyTap/js/ajax.googleapis.com__ajax__libs__angularjs__1.3.0-beta.4__angular.min.js,sd_card_mirror/badusb/!repo/works_both/collection/Android/directly_ready/Bruce-Scripts-Heaven_BAD/BadUSB-FalsePhilosopher/BashBunny/payloads/library/credentials/BunnyTap/js/ajax.googleapis.com__ajax__libs__angularjs__1.3.0-beta.4__angular.min.js,works_both
sd_card_content/badusb_extra_payloads/collection/Android/directly_ready/Bruce-Scripts-Heaven_BAD/BadUSB-FalsePhilosopher/BashBunny/payloads/library/credentials/BunnyTap/js/ajax.googleapis.com__ajax__libs__angularjs__1.2.8__angular.min.js,sd_card_mirror/badusb/!repo/works_both/collection/Android/directly_ready/Bruce-Scripts-Heaven_BAD/BadUSB-FalsePhilosopher/BashBunny/payloads/library/credentials/BunnyTap/js/ajax.googleapis.com__ajax__libs__angularjs__1.2.8__angular.min.js,works_both
sd_card_content/badusb_extra_payloads/collection/Android/directly_ready/Bruce-Scripts-Heaven_BAD/BadUSB-FalsePhilosopher/BashBunny/payloads/library/credentials/BunnyTap/js/ajax.googleapis.com__ajax__libs__angularjs__1.4.0-beta.5__angular.min.js,sd_card_mirror/badusb/!repo/works_both/collection/Android/directly_ready/Bruce-Scripts-Heaven_BAD/BadUSB-FalsePhilosopher/BashBunny/payloads/library/credentials/BunnyTap/js/ajax.googleapis.com__ajax__libs__angularjs__1.4.0-beta.5__angular.min.js,works_both
sd_card_content/badusb_extra_payloads/collection/Android/directly_ready/Bruce-Scripts-Heaven_BAD/BadUSB-FalsePhilosopher/BashBunny/payloads/library/credentials/BunnyTap/js/ajax.googleapis.com__ajax__libs__angularjs__1.3.11__angular.min.js,sd_card_mirror/badusb/!repo/works_both/collection/Android/directly_ready/Bruce-Scripts-Heaven_BAD/BadUSB-FalsePhilosopher/BashBunny/payloads/library/credentials/BunnyTap/js/ajax.googleapis.com__ajax__libs__angularjs__1.3.11__angular.min.js,works_both
sd_card_content/badusb_extra_payloads/collection/Android/directly_ready/Bruce-Scripts-Heaven_BAD/BadUSB-FalsePhilosopher/BashBunny/payloads/library/credentials/BunnyTap/js/ajax.googleapis.com__ajax__libs__angularjs__1.3.0-beta.1__angular.min.js,sd_card_mirror/badusb/!repo/works_both/collection/Android/directly_ready/Bruce-Scripts-Heaven_BAD/BadUSB-FalsePhilosopher/BashBunny/payloads/library/credentials/BunnyTap/js/ajax.googleapis.com__ajax__libs__angularjs__1.3.0-beta.1__angular.min.js,works_both
sd_card_content/badusb_extra_payloads/collection/Android/directly_ready/Bruce-Scripts-Heaven_BAD/BadUSB-FalsePhilosopher/BashBunny/payloads/library/credentials/BunnyTap/js/ajax.googleapis.com__ajax__libs__angularjs__1.3.3__angular.min.js,sd_card_mirror/badusb/!repo/works_both/collection/Android/directly_ready/Bruce-Scripts-Heaven_BAD/BadUSB-FalsePhilosopher/BashBunny/payloads/library/credentials/BunnyTap/js/ajax.googleapis.com__ajax__libs__angularjs__1.3.3__angular.min.js,works_both
sd_card_content/badusb_extra_payloads/collection/Android/directly_ready/Bruce-Scripts-Heaven_BAD/BadUSB-FalsePhilosopher/BashBunny/payloads/library/credentials/BunnyTap/js/ajax.googleapis.com__ajax__libs__dojo__1.10.2__dojo__dojo.js,sd_card_mirror/badusb/!repo/works_both/collection/Android/directly_ready/Bruce-Scripts-Heaven_BAD/BadUSB-FalsePhilosopher/BashBunny/payloads/library/credentials/BunnyTap/js/ajax.googleapis.com__ajax__libs__dojo__1.10.2__dojo__dojo.js,works_both
sd_card_content/badusb_extra_payloads/collection/Android/directly_ready/Bruce-Scripts-Heaven_BAD/BadUSB-FalsePhilosopher/BashBunny/payloads/library/credentials/BunnyTap/js/ajax.googleapis.com__ajax__libs__angular_material__0.8.1__angular-material.min.js,sd_card_mirror/badusb/!repo/works_both/collection/Android/directly_ready/Bruce-Scripts-Heaven_BAD/BadUSB-FalsePhilosopher/BashBunny/payloads/library/credentials/BunnyTap/js/ajax.googleapis.com__ajax__libs__angular_material__0.8.1__angular-material.min.js,works_both
sd_card_content/badusb_extra_payloads/collection/Android/directly_ready/Bruce-Scripts-Heaven_BAD/BadUSB-FalsePhilosopher/BashBunny/payloads/library/credentials/BunnyTap/js/ajax.googleapis.com__ajax__libs__angularjs__1.3.0-beta.3__angular.min.js,sd_card_mirror/badusb/!repo/works_both/collection/Android/directly_ready/Bruce-Scripts-Heaven_BAD/BadUSB-FalsePhilosopher/BashBunny/payloads/library/credentials/BunnyTap/js/ajax.googleapis.com__ajax__libs__angularjs__1.3.0-beta.3__angular.min.js,works_both
sd_card_content/badusb_extra_payloads/collection/Android/directly_ready/Bruce-Scripts-Heaven_BAD/BadUSB-FalsePhilosopher/BashBunny/payloads/library/credentials/BunnyTap/js/ajax.googleapis.com__ajax__libs__angularjs__1.3.0-beta.18__angular.min.js,sd_card_mirror/badusb/!repo/works_both/collection/Android/directly_ready/Bruce-Scripts-Heaven_BAD/BadUSB-FalsePhilosopher/BashBunny/payloads/library/credentials/BunnyTap/js/ajax.googleapis.com__ajax__libs__angularjs__1.3.0-beta.18__angular.min.js,works_both
sd_card_content/badusb_extra_payloads/collection/Android/directly_ready/Bruce-Scripts-Heaven_BAD/BadUSB-FalsePhilosopher/BashBunny/payloads/library/credentials/BunnyTap/js/ajax.googleapis.com__ajax__libs__dojo__1.8.1__dojo__dojo.js,sd_card_mirror/badusb/!repo/works_both/collection/Android/directly_ready/Bruce-Scripts-Heaven_BAD/BadUSB-FalsePhilosopher/BashBunny/payloads/library/credentials/BunnyTap/js/ajax.googleapis.com__ajax__libs__dojo__1.8.1__dojo__dojo.js,works_both
sd_card_content/badusb_extra_payloads/collection/Android/directly_ready/Bruce-Scripts-Heaven_BAD/BadUSB-FalsePhilosopher/BashBunny/payloads/library/credentials/BunnyTap/js/ajax.googleapis.com__ajax__libs__angularjs__1.4.7__angular.min.js,sd_card_mirror/badusb/!repo/works_both/collection/Android/directly_ready/Bruce-Scripts-Heaven_BAD/BadUSB-FalsePhilosopher/BashBunny/payloads/library/credentials/BunnyTap/js/ajax.googleapis.com__ajax__libs__angularjs__1.4.7__angular.min.js,works_both
sd_card_content/badusb_extra_payloads/collection/Android/directly_ready/Bruce-Scripts-Heaven_BAD/BadUSB-FalsePhilosopher/BashBunny/payloads/library/credentials/BunnyTap/js/ajax.googleapis.com__ajax__libs__angularjs__1.2.10__angular.min.js,sd_card_mirror/badusb/!repo/works_both/collection/Android/directly_ready/Bruce-Scripts-Heaven_BAD/BadUSB-FalsePhilosopher/BashBunny/payloads/library/credentials/BunnyTap/js/ajax.googleapis.com__ajax__libs__angularjs__1.2.10__angular.min.js,works_both
sd_card_content/badusb_extra_payloads/collection/Android/directly_ready/Bruce-Scripts-Heaven_BAD/BadUSB-FalsePhilosopher/BashBunny/payloads/library/credentials/BunnyTap/js/ajax.googleapis.com__ajax__libs__angularjs__1.3.4__angular.min.js,sd_card_mirror/badusb/!repo/works_both/collection/Android/directly_ready/Bruce-Scripts-Heaven_BAD/BadUSB-FalsePhilosopher/BashBunny/payloads/library/credentials/BunnyTap/js/ajax.googleapis.com__ajax__libs__angularjs__1.3.4__angular.min.js,works_both
sd_card_content/badusb_extra_payloads/collection/Android/directly_ready/Bruce-Scripts-Heaven_BAD/BadUSB-FalsePhilosopher/BashBunny/payloads/library/credentials/BunnyTap/js/ajax.googleapis.com__ajax__libs__mootools__1.5.2__mootools.min.js,sd_card_mirror/badusb/!repo/works_both/collection/Android/directly_ready/Bruce-Scripts-Heaven_BAD/BadUSB-FalsePhilosopher/BashBunny/payloads/library/credentials/BunnyTap/js/ajax.googleapis.com__ajax__libs__mootools__1.5.2__mootools.min.js,works_both
sd_card_content/badusb_extra_payloads/collection/Android/directly_ready/Bruce-Scripts-Heaven_BAD/BadUSB-FalsePhilosopher/BashBunny/payloads/library/credentials/BunnyTap/js/ajax.googleapis.com__ajax__libs__angularjs__1.3.16__angular.min.js,sd_card_mirror/badusb/!repo/works_both/collection/Android/directly_ready/Bruce-Scripts-Heaven_BAD/BadUSB-FalsePhilosopher/BashBunny/payloads/library/credentials/BunnyTap/js/ajax.googleapis.com__ajax__libs__angularjs__1.3.16__angular.min.js,works_both
sd_card_content/badusb_extra_payloads/collection/Android/directly_ready/Bruce-Scripts-Heaven_BAD/BadUSB-FalsePhilosopher/BashBunny/payloads/library/credentials/BunnyTap/js/ajax.googleapis.com__ajax__libs__angularjs__1.3.0-beta.15__angular.min.js,sd_card_mirror/badusb/!repo/works_both/collection/Android/directly_ready/Bruce-Scripts-Heaven_BAD/BadUSB-FalsePhilosopher/BashBunny/payloads/library/credentials/BunnyTap/js/ajax.googleapis.com__ajax__libs__angularjs__1.3.0-beta.15__angular.min.js,works_both
sd_card_content/badusb_extra_payloads/collection/Android/directly_ready/Bruce-Scripts-Heaven_BAD/BadUSB-FalsePhilosopher/BashBunny/payloads/library/credentials/BunnyTap/js/ajax.googleapis.com__ajax__libs__angularjs__1.4.1__angular.min.js,sd_card_mirror/badusb/!repo/works_both/collection/Android/directly_ready/Bruce-Scripts-Heaven_BAD/BadUSB-FalsePhilosopher/BashBunny/payloads/library/credentials/BunnyTap/js/ajax.googleapis.com__ajax__libs__angularjs__1.4.1__angular.min.js,works_both
sd_card_content/badusb_extra_payloads/collection/Android/directly_ready/Bruce-Scripts-Heaven_BAD/BadUSB-FalsePhilosopher/BashBunny/payloads/library/credentials/BunnyTap/js/ajax.googleapis.com__ajax__libs__angularjs__1.4.6__angular.min.js,sd_card_mirror/badusb/!repo/works_both/collection/Android/directly_ready/Bruce-Scripts-Heaven_BAD/BadUSB-FalsePhilosopher/BashBunny/payloads/library/credentials/BunnyTap/js/ajax.googleapis.com__ajax__libs__angularjs__1.4.6__angular.min.js,works_both
sd_card_content/badusb_extra_payloads/collection/Android/directly_ready/Bruce-Scripts-Heaven_BAD/BadUSB-FalsePhilosopher/BashBunny/payloads/library/credentials/BunnyTap/js/ajax.googleapis.com__ajax__libs__angular_material__0.9.0__angular-material.min.js,sd_card_mirror/badusb/!repo/works_both/collection/Android/directly_ready/Bruce-Scripts-Heaven_BAD/BadUSB-FalsePhilosopher/BashBunny/payloads/library/credentials/BunnyTap/js/ajax.googleapis.com__ajax__libs__angular_material__0.9.0__angular-material.min.js,works_both
sd_card_content/badusb_extra_payloads/collection/Android/directly_ready/Bruce-Scripts-Heaven_BAD/BadUSB-FalsePhilosopher/BashBunny/payloads/library/credentials/BunnyTap/js/ajax.googleapis.com__ajax__libs__angularjs__1.3.0-rc.5__angular.min.js,sd_card_mirror/badusb/!repo/works_both/collection/Android/directly_ready/Bruce-Scripts-Heaven_BAD/BadUSB-FalsePhilosopher/BashBunny/payloads/library/credentials/BunnyTap/js/ajax.googleapis.com__ajax__libs__angularjs__1.3.0-rc.5__angular.min.js,works_both
sd_card_content/badusb_extra_payloads/collection/Android/directly_ready/Bruce-Scripts-Heaven_BAD/BadUSB-FalsePhilosopher/BashBunny/payloads/library/credentials/BunnyTap/js/ajax.googleapis.com__ajax__libs__angularjs__1.3.0-beta.10__angular.min.js,sd_card_mirror/badusb/!repo/works_both/collection/Android/directly_ready/Bruce-Scripts-Heaven_BAD/BadUSB-FalsePhilosopher/BashBunny/payloads/library/credentials/BunnyTap/js/ajax.googleapis.com__ajax__libs__angularjs__1.3.0-beta.10__angular.min.js,works_both
sd_card_content/badusb_extra_payloads/collection/Android/directly_ready/Bruce-Scripts-Heaven_BAD/BadUSB-FalsePhilosopher/BashBunny/payloads/library/credentials/BunnyTap/js/ajax.googleapis.com__ajax__libs__angularjs__1.2.22__angular.min.js,sd_card_mirror/badusb/!repo/works_both/collection/Android/directly_ready/Bruce-Scripts-Heaven_BAD/BadUSB-FalsePhilosopher/BashBunny/payloads/library/credentials/BunnyTap/js/ajax.googleapis.com__ajax__libs__angularjs__1.2.22__angular.min.js,works_both
sd_card_content/badusb_extra_payloads/collection/Android/directly_ready/Bruce-Scripts-Heaven_BAD/BadUSB-FalsePhilosopher/BashBunny/payloads/library/credentials/BunnyTap/js/ajax.googleapis.com__ajax__libs__angularjs__1.2.23__angular.min.js,sd_card_mirror/badusb/!repo/works_both/collection/Android/directly_ready/Bruce-Scripts-Heaven_BAD/BadUSB-FalsePhilosopher/BashBunny/payloads/library/credentials/BunnyTap/js/ajax.googleapis.com__ajax__libs__angularjs__1.2.23__angular.min.js,works_both
sd_card_content/badusb_extra_payloads/collection/Android/directly_ready/Bruce-Scripts-Heaven_BAD/BadUSB-FalsePhilosopher/BashBunny/payloads/library/credentials/BunnyTap/js/ajax.googleapis.com__ajax__libs__jquerymobile__1.4.5__jquery.mobile.min.js,sd_card_mirror/badusb/!repo/works_both/collection/Android/directly_ready/Bruce-Scripts-Heaven_BAD/BadUSB-FalsePhilosopher/BashBunny/payloads/library/credentials/BunnyTap/js/ajax.googleapis.com__ajax__libs__jquerymobile__1.4.5__jquery.mobile.min.js,works_both
sd_card_content/badusb_extra_payloads/collection/Android/directly_ready/Bruce-Scripts-Heaven_BAD/BadUSB-FalsePhilosopher/BashBunny/payloads/library/credentials/BunnyTap/js/ajax.googleapis.com__ajax__libs__angularjs__1.2.4__angular.min.js,sd_card_mirror/badusb/!repo/works_both/collection/Android/directly_ready/Bruce-Scripts-Heaven_BAD/BadUSB-FalsePhilosopher/BashBunny/payloads/library/credentials/BunnyTap/js/ajax.googleapis.com__ajax__libs__angularjs__1.2.4__angular.min.js,works_both
sd_card_content/badusb_extra_payloads/collection/Android/directly_ready/Bruce-Scripts-Heaven_BAD/BadUSB-FalsePhilosopher/BashBunny/payloads/library/credentials/BunnyTap/js/ajax.googleapis.com__ajax__libs__angularjs__1.0.6__angular.min.js,sd_card_mirror/badusb/!repo/works_both/collection/Android/directly_ready/Bruce-Scripts-Heaven_BAD/BadUSB-FalsePhilosopher/BashBunny/payloads/library/credentials/BunnyTap/js/ajax.googleapis.com__ajax__libs__angularjs__1.0.6__angular.min.js,works_both
sd_card_content/badusb_extra_payloads/collection/Android/directly_ready/Bruce-Scripts-Heaven_BAD/BadUSB-FalsePhilosopher/BashBunny/payloads/library/credentials/BunnyTap/js/ajax.googleapis.com__ajax__libs__jquerymobile__1.4.3__jquery.mobile.min.js,sd_card_mirror/badusb/!repo/works_both/collection/Android/directly_ready/Bruce-Scripts-Heaven_BAD/BadUSB-FalsePhilosopher/BashBunny/payloads/library/credentials/BunnyTap/js/ajax.googleapis.com__ajax__libs__jquerymobile__1.4.3__jquery.mobile.min.js,works_both
sd_card_content/badusb_extra_payloads/collection/Android/directly_ready/Bruce-Scripts-Heaven_BAD/BadUSB-FalsePhilosopher/BashBunny/payloads/library/credentials/BunnyTap/js/ajax.googleapis.com__ajax__libs__angularjs__1.5.0-rc.1__angular.min.js,sd_card_mirror/badusb/!repo/works_both/collection/Android/directly_ready/Bruce-Scripts-Heaven_BAD/BadUSB-FalsePhilosopher/BashBunny/payloads/library/credentials/BunnyTap/js/ajax.googleapis.com__ajax__libs__angularjs__1.5.0-rc.1__angular.min.js,works_both
sd_card_content/badusb_extra_payloads/collection/Android/directly_ready/Bruce-Scripts-Heaven_BAD/BadUSB-FalsePhilosopher/BashBunny/payloads/library/credentials/BunnyTap/js/ajax.googleapis.com__ajax__libs__angularjs__1.5.0-beta.2__angular.min.js,sd_card_mirror/badusb/!repo/works_both/collection/Android/directly_ready/Bruce-Scripts-Heaven_BAD/BadUSB-FalsePhilosopher/BashBunny/payloads/library/credentials/BunnyTap/js/ajax.googleapis.com__ajax__libs__angularjs__1.5.0-beta.2__angular.min.js,works_both
sd_card_content/badusb_extra_payloads/collection/Android/directly_ready/Bruce-Scripts-Heaven_BAD/BadUSB-FalsePhilosopher/BashBunny/payloads/library/credentials/BunnyTap/js/ajax.googleapis.com__ajax__libs__angular_material__0.11.0__angular-material.min.js,sd_card_mirror/badusb/!repo/works_both/collection/Android/directly_ready/Bruce-Scripts-Heaven_BAD/BadUSB-FalsePhilosopher/BashBunny/payloads/library/credentials/BunnyTap/js/ajax.googleapis.com__ajax__libs__angular_material__0.11.0__angular-material.min.js,works_both
sd_card_content/badusb_extra_payloads/collection/Android/directly_ready/Bruce-Scripts-Heaven_BAD/BadUSB-FalsePhilosopher/BashBunny/payloads/library/credentials/BunnyTap/js/ajax.googleapis.com__ajax__libs__dojo__1.8.10__dojo__dojo.js,sd_card_mirror/badusb/!repo/works_both/collection/Android/directly_ready/Bruce-Scripts-Heaven_BAD/BadUSB-FalsePhilosopher/BashBunny/payloads/library/credentials/BunnyTap/js/ajax.googleapis.com__ajax__libs__dojo__1.8.10__dojo__dojo.js,works_both
sd_card_content/badusb_extra_payloads/collection/Android/directly_ready/Bruce-Scripts-Heaven_BAD/BadUSB-FalsePhilosopher/BashBunny/payloads/library/credentials/BunnyTap/js/ajax.googleapis.com__ajax__libs__angular_material__0.10.1__angular-material.min.js,sd_card_mirror/badusb/!repo/works_both/collection/Android/directly_ready/Bruce-Scripts-Heaven_BAD/BadUSB-FalsePhilosopher/BashBunny/payloads/library/credentials/BunnyTap/js/ajax.googleapis.com__ajax__libs__angular_material__0.10.1__angular-material.min.js,works_both
sd_card_content/badusb_extra_payloads/collection/Android/directly_ready/Bruce-Scripts-Heaven_BAD/BadUSB-FalsePhilosopher/BashBunny/payloads/library/credentials/BunnyTap/js/ajax.googleapis.com__ajax__libs__angular_material__1.0.4__angular-material.min.js,sd_card_mirror/badusb/!repo/works_both/collection/Android/directly_ready/Bruce-Scripts-Heaven_BAD/BadUSB-FalsePhilosopher/BashBunny/payloads/library/credentials/BunnyTap/js/ajax.googleapis.com__ajax__libs__angular_material__1.0.4__angular-material.min.js,works_both
sd_card_content/badusb_extra_payloads/collection/Android/directly_ready/Bruce-Scripts-Heaven_BAD/BadUSB-FalsePhilosopher/BashBunny/payloads/library/credentials/BunnyTap/js/ajax.googleapis.com__ajax__libs__angularjs__1.2.26__angular.min.js,sd_card_mirror/badusb/!repo/works_both/collection/Android/directly_ready/Bruce-Scripts-Heaven_BAD/BadUSB-FalsePhilosopher/BashBunny/payloads/library/credentials/BunnyTap/js/ajax.googleapis.com__ajax__libs__angularjs__1.2.26__angular.min.js,works_both
sd_card_content/badusb_extra_payloads/collection/Android/directly_ready/Bruce-Scripts-Heaven_BAD/BadUSB-FalsePhilosopher/BashBunny/payloads/library/credentials/BunnyTap/js/ajax.googleapis.com__ajax__libs__angularjs__1.2.21__angular.min.js,sd_card_mirror/badusb/!repo/works_both/collection/Android/directly_ready/Bruce-Scripts-Heaven_BAD/BadUSB-FalsePhilosopher/BashBunny/payloads/library/credentials/BunnyTap/js/ajax.googleapis.com__ajax__libs__angularjs__1.2.21__angular.min.js,works_both
sd_card_content/badusb_extra_payloads/collection/Android/directly_ready/Bruce-Scripts-Heaven_BAD/BadUSB-FalsePhilosopher/BashBunny/payloads/library/credentials/BunnyTap/js/ajax.googleapis.com__ajax__libs__webfont__1.5.2__webfont.js,sd_card_mirror/badusb/!repo/works_both/collection/Android/directly_ready/Bruce-Scripts-Heaven_BAD/BadUSB-FalsePhilosopher/BashBunny/payloads/library/credentials/BunnyTap/js/ajax.googleapis.com__ajax__libs__webfont__1.5.2__webfont.js,works_both
sd_card_content/badusb_extra_payloads/collection/Android/directly_ready/Bruce-Scripts-Heaven_BAD/BadUSB-FalsePhilosopher/BashBunny/payloads/library/credentials/BunnyTap/js/ajax.googleapis.com__ajax__libs__angularjs__1.3.0-beta.7__angular.min.js,sd_card_mirror/badusb/!repo/works_both/collection/Android/directly_ready/Bruce-Scripts-Heaven_BAD/BadUSB-FalsePhilosopher/BashBunny/payloads/library/credentials/BunnyTap/js/ajax.googleapis.com__ajax__libs__angularjs__1.3.0-beta.7__angular.min.js,works_both
sd_card_content/badusb_extra_payloads/collection/Android/directly_ready/Bruce-Scripts-Heaven_BAD/BadUSB-FalsePhilosopher/BashBunny/payloads/library/credentials/BunnyTap/js/ajax.googleapis.com__ajax__libs__angularjs__1.4.0-rc.0__angular.min.js,sd_card_mirror/badusb/!repo/works_both/collection/Android/directly_ready/Bruce-Scripts-Heaven_BAD/BadUSB-FalsePhilosopher/BashBunny/payloads/library/credentials/BunnyTap/js/ajax.googleapis.com__ajax__libs__angularjs__1.4.0-rc.0__angular.min.js,works_both
sd_card_content/badusb_extra_payloads/collection/Android/directly_ready/Bruce-Scripts-Heaven_BAD/BadUSB-FalsePhilosopher/BashBunny/payloads/library/credentials/BunnyTap/js/ajax.googleapis.com__ajax__libs__angularjs__1.2.24__angular.min.js,sd_card_mirror/badusb/!repo/works_both/collection/Android/directly_ready/Bruce-Scripts-Heaven_BAD/BadUSB-FalsePhilosopher/BashBunny/payloads/library/credentials/BunnyTap/js/ajax.googleapis.com__ajax__libs__angularjs__1.2.24__angular.min.js,works_both
sd_card_content/badusb_extra_payloads/collection/Android/directly_ready/Bruce-Scripts-Heaven_BAD/BadUSB-FalsePhilosopher/BashBunny/payloads/library/credentials/BunnyTap/js/ajax.googleapis.com__ajax__libs__dojo__1.8.5__dojo__dojo.js,sd_card_mirror/badusb/!repo/works_both/collection/Android/directly_ready/Bruce-Scripts-Heaven_BAD/BadUSB-FalsePhilosopher/BashBunny/payloads/library/credentials/BunnyTap/js/ajax.googleapis.com__ajax__libs__dojo__1.8.5__dojo__dojo.js,works_both
sd_card_content/badusb_extra_payloads/collection/Android/directly_ready/Bruce-Scripts-Heaven_BAD/BadUSB-FalsePhilosopher/BashBunny/payloads/library/credentials/BunnyTap/js/ajax.googleapis.com__ajax__libs__dojo__1.10.1__dojo__dojo.js,sd_card_mirror/badusb/!repo/works_both/collection/Android/directly_ready/Bruce-Scripts-Heaven_BAD/BadUSB-FalsePhilosopher/BashBunny/payloads/library/credentials/BunnyTap/js/ajax.googleapis.com__ajax__libs__dojo__1.10.1__dojo__dojo.js,works_both
sd_card_content/badusb_extra_payloads/collection/Android/directly_ready/Bruce-Scripts-Heaven_BAD/BadUSB-FalsePhilosopher/BashBunny/payloads/library/credentials/BunnyTap/js/ajax.googleapis.com__ajax__libs__angularjs__1.0.7__angular.min.js,sd_card_mirror/badusb/!repo/works_both/collection/Android/directly_ready/Bruce-Scripts-Heaven_BAD/BadUSB-FalsePhilosopher/BashBunny/payloads/library/credentials/BunnyTap/js/ajax.googleapis.com__ajax__libs__angularjs__1.0.7__angular.min.js,works_both
sd_card_content/badusb_extra_payloads/collection/Android/directly_ready/Bruce-Scripts-Heaven_BAD/BadUSB-FalsePhilosopher/BashBunny/payloads/library/credentials/BunnyTap/js/ajax.googleapis.com__ajax__libs__angularjs__1.3.0-rc.0__angular.min.js,sd_card_mirror/badusb/!repo/works_both/collection/Android/directly_ready/Bruce-Scripts-Heaven_BAD/BadUSB-FalsePhilosopher/BashBunny/payloads/library/credentials/BunnyTap/js/ajax.googleapis.com__ajax__libs__angularjs__1.3.0-rc.0__angular.min.js,works_both
sd_card_content/badusb_extra_payloads/collection/Android/directly_ready/Bruce-Scripts-Heaven_BAD/BadUSB-FalsePhilosopher/BashBunny/payloads/library/credentials/BunnyTap/js/ajax.googleapis.com__ajax__libs__angularjs__1.4.2__angular.min.js,sd_card_mirror/badusb/!repo/works_both/collection/Android/directly_ready/Bruce-Scripts-Heaven_BAD/BadUSB-FalsePhilosopher/BashBunny/payloads/library/credentials/BunnyTap/js/ajax.googleapis.com__ajax__libs__angularjs__1.4.2__angular.min.js,works_both
sd_card_content/badusb_extra_payloads/collection/Android/directly_ready/Bruce-Scripts-Heaven_BAD/BadUSB-FalsePhilosopher/BashBunny/payloads/library/credentials/BunnyTap/js/ajax.googleapis.com__ajax__libs__angularjs__1.0.2__angular.min.js,sd_card_mirror/badusb/!repo/works_both/collection/Android/directly_ready/Bruce-Scripts-Heaven_BAD/BadUSB-FalsePhilosopher/BashBunny/payloads/library/credentials/BunnyTap/js/ajax.googleapis.com__ajax__libs__angularjs__1.0.2__angular.min.js,works_both
sd_card_content/badusb_extra_payloads/collection/Android/directly_ready/Bruce-Scripts-Heaven_BAD/BadUSB-FalsePhilosopher/BashBunny/payloads/library/credentials/BunnyTap/js/ajax.googleapis.com__ajax__libs__angularjs__1.2.11__angular.min.js,sd_card_mirror/badusb/!repo/works_both/collection/Android/directly_ready/Bruce-Scripts-Heaven_BAD/BadUSB-FalsePhilosopher/BashBunny/payloads/library/credentials/BunnyTap/js/ajax.googleapis.com__ajax__libs__angularjs__1.2.11__angular.min.js,works_both
sd_card_content/badusb_extra_payloads/collection/Android/directly_ready/Bruce-Scripts-Heaven_BAD/BadUSB-FalsePhilosopher/BashBunny/payloads/library/credentials/BunnyTap/js/ajax.googleapis.com__ajax__libs__angularjs__1.4.0-beta.3__angular.min.js,sd_card_mirror/badusb/!repo/works_both/collection/Android/directly_ready/Bruce-Scripts-Heaven_BAD/BadUSB-FalsePhilosopher/BashBunny/payloads/library/credentials/BunnyTap/js/ajax.googleapis.com__ajax__libs__angularjs__1.4.0-beta.3__angular.min.js,works_both
sd_card_content/badusb_extra_payloads/collection/Android/directly_ready/Bruce-Scripts-Heaven_BAD/BadUSB-FalsePhilosopher/BashBunny/payloads/library/credentials/BunnyTap/js/ajax.googleapis.com__ajax__libs__angular_material__0.10.0__angular-material.min.js,sd_card_mirror/badusb/!repo/works_both/collection/Android/directly_ready/Bruce-Scripts-Heaven_BAD/BadUSB-FalsePhilosopher/BashBunny/payloads/library/credentials/BunnyTap/js/ajax.googleapis.com__ajax__libs__angular_material__0.10.0__angular-material.min.js,works_both
sd_card_content/badusb_extra_payloads/collection/Android/directly_ready/Bruce-Scripts-Heaven_BAD/BadUSB-FalsePhilosopher/BashBunny/payloads/library/credentials/BunnyTap/js/ajax.googleapis.com__ajax__libs__dojo__1.10.3__dojo__dojo.js,sd_card_mirror/badusb/!repo/works_both/collection/Android/directly_ready/Bruce-Scripts-Heaven_BAD/BadUSB-FalsePhilosopher/BashBunny/payloads/library/credentials/BunnyTap/js/ajax.googleapis.com__ajax__libs__dojo__1.10.3__dojo__dojo.js,works_both
sd_card_content/badusb_extra_payloads/collection/Android/directly_ready/Bruce-Scripts-Heaven_BAD/BadUSB-FalsePhilosopher/BashBunny/payloads/library/credentials/BunnyTap/js/ajax.googleapis.com__ajax__libs__angularjs__1.3.0-beta.5__angular.min.js,sd_card_mirror/badusb/!repo/works_both/collection/Android/directly_ready/Bruce-Scripts-Heaven_BAD/BadUSB-FalsePhilosopher/BashBunny/payloads/library/credentials/BunnyTap/js/ajax.googleapis.com__ajax__libs__angularjs__1.3.0-beta.5__angular.min.js,works_both
sd_card_content/badusb_extra_payloads/collection/Android/directly_ready/Bruce-Scripts-Heaven_BAD/BadUSB-FalsePhilosopher/BashBunny/payloads/library/credentials/BunnyTap/js/ajax.googleapis.com__ajax__libs__angularjs__1.3.0__angular.min.js,sd_card_mirror/badusb/!repo/works_both/collection/Android/directly_ready/Bruce-Scripts-Heaven_BAD/BadUSB-FalsePhilosopher/BashBunny/payloads/library/credentials/BunnyTap/js/ajax.googleapis.com__ajax__libs__angularjs__1.3.0__angular.min.js,works_both
sd_card_content/badusb_extra_payloads/collection/Android/directly_ready/Bruce-Scripts-Heaven_BAD/BadUSB-FalsePhilosopher/BashBunny/payloads/library/credentials/BunnyTap/js/ajax.googleapis.com__ajax__libs__jquerymobile__1.4.4__jquery.mobile.min.js,sd_card_mirror/badusb/!repo/works_both/collection/Android/directly_ready/Bruce-Scripts-Heaven_BAD/BadUSB-FalsePhilosopher/BashBunny/payloads/library/credentials/BunnyTap/js/ajax.googleapis.com__ajax__libs__jquerymobile__1.4.4__jquery.mobile.min.js,works_both
sd_card_content/badusb_extra_payloads/collection/Android/directly_ready/Bruce-Scripts-Heaven_BAD/BadUSB-FalsePhilosopher/BashBunny/payloads/library/credentials/BunnyTap/js/ajax.googleapis.com__ajax__libs__angularjs__1.4.0-beta.0__angular.min.js,sd_card_mirror/badusb/!repo/works_both/collection/Android/directly_ready/Bruce-Scripts-Heaven_BAD/BadUSB-FalsePhilosopher/BashBunny/payloads/library/credentials/BunnyTap/js/ajax.googleapis.com__ajax__libs__angularjs__1.4.0-beta.0__angular.min.js,works_both
sd_card_content/badusb_extra_payloads/collection/Android/directly_ready/Bruce-Scripts-Heaven_BAD/BadUSB-FalsePhilosopher/BashBunny/payloads/library/credentials/BunnyTap/js/ajax.googleapis.com__ajax__libs__jquerymobile__1.4.0__jquery.mobile.min.js,sd_card_mirror/badusb/!repo/works_both/collection/Android/directly_ready/Bruce-Scripts-Heaven_BAD/BadUSB-FalsePhilosopher/BashBunny/payloads/library/credentials/BunnyTap/js/ajax.googleapis.com__ajax__libs__jquerymobile__1.4.0__jquery.mobile.min.js,works_both
sd_card_content/badusb_extra_payloads/collection/Android/directly_ready/Bruce-Scripts-Heaven_BAD/BadUSB-FalsePhilosopher/BashBunny/payloads/library/credentials/BunnyTap/js/ajax.googleapis.com__ajax__libs__angularjs__1.2.18__angular.min.js,sd_card_mirror/badusb/!repo/works_both/collection/Android/directly_ready/Bruce-Scripts-Heaven_BAD/BadUSB-FalsePhilosopher/BashBunny/payloads/library/credentials/BunnyTap/js/ajax.googleapis.com__ajax__libs__angularjs__1.2.18__angular.min.js,works_both
sd_card_content/badusb_extra_payloads/collection/Android/directly_ready/Bruce-Scripts-Heaven_BAD/BadUSB-FalsePhilosopher/BashBunny/payloads/library/credentials/BunnyTap/js/ajax.googleapis.com__ajax__libs__angularjs__1.4.0__angular.min.js,sd_card_mirror/badusb/!repo/works_both/collection/Android/directly_ready/Bruce-Scripts-Heaven_BAD/BadUSB-FalsePhilosopher/BashBunny/payloads/library/credentials/BunnyTap/js/ajax.googleapis.com__ajax__libs__angularjs__1.4.0__angular.min.js,works_both
sd_card_content/badusb_extra_payloads/collection/Android/directly_ready/Bruce-Scripts-Heaven_BAD/BadUSB-FalsePhilosopher/BashBunny/payloads/library/credentials/BunnyTap/js/ajax.googleapis.com__ajax__libs__dojo__1.7.6__dojo__dojo.js,sd_card_mirror/badusb/!repo/works_both/collection/Android/directly_ready/Bruce-Scripts-Heaven_BAD/BadUSB-FalsePhilosopher/BashBunny/payloads/library/credentials/BunnyTap/js/ajax.googleapis.com__ajax__libs__dojo__1.7.6__dojo__dojo.js,works_both
sd_card_content/badusb_extra_payloads/collection/Android/directly_ready/Bruce-Scripts-Heaven_BAD/BadUSB-FalsePhilosopher/BashBunny/payloads/library/credentials/BunnyTap/js/ajax.googleapis.com__ajax__libs__angularjs__1.2.12__angular.min.js,sd_card_mirror/badusb/!repo/works_both/collection/Android/directly_ready/Bruce-Scripts-Heaven_BAD/BadUSB-FalsePhilosopher/BashBunny/payloads/library/credentials/BunnyTap/js/ajax.googleapis.com__ajax__libs__angularjs__1.2.12__angular.min.js,works_both
sd_card_content/badusb_extra_payloads/collection/Android/directly_ready/Bruce-Scripts-Heaven_BAD/BadUSB-FalsePhilosopher/BashBunny/payloads/library/credentials/BunnyTap/js/ajax.googleapis.com__ajax__libs__dojo__1.7.2__dojo__dojo.js,sd_card_mirror/badusb/!repo/works_both/collection/Android/directly_ready/Bruce-Scripts-Heaven_BAD/BadUSB-FalsePhilosopher/BashBunny/payloads/library/credentials/BunnyTap/js/ajax.googleapis.com__ajax__libs__dojo__1.7.2__dojo__dojo.js,works_both
sd_card_content/badusb_extra_payloads/collection/Android/directly_ready/Bruce-Scripts-Heaven_BAD/BadUSB-FalsePhilosopher/BashBunny/payloads/library/credentials/BunnyTap/js/ajax.googleapis.com__ajax__libs__angularjs__1.2.2__angular.min.js,sd_card_mirror/badusb/!repo/works_both/collection/Android/directly_ready/Bruce-Scripts-Heaven_BAD/BadUSB-FalsePhilosopher/BashBunny/payloads/library/credentials/BunnyTap/js/ajax.googleapis.com__ajax__libs__angularjs__1.2.2__angular.min.js,works_both
sd_card_content/badusb_extra_payloads/collection/Android/directly_ready/Bruce-Scripts-Heaven_BAD/BadUSB-FalsePhilosopher/BashBunny/payloads/library/credentials/BunnyTap/js/ajax.googleapis.com__ajax__libs__angularjs__1.3.6__angular.min.js,sd_card_mirror/badusb/!repo/works_both/collection/Android/directly_ready/Bruce-Scripts-Heaven_BAD/BadUSB-FalsePhilosopher/BashBunny/payloads/library/credentials/BunnyTap/js/ajax.googleapis.com__ajax__libs__angularjs__1.3.6__angular.min.js,works_both
sd_card_content/badusb_extra_payloads/collection/Android/directly_ready/Bruce-Scripts-Heaven_BAD/BadUSB-FalsePhilosopher/BashBunny/payloads/library/credentials/BunnyTap/js/ajax.googleapis.com__ajax__libs__dojo__1.9.5__dojo__dojo.js,sd_card_mirror/badusb/!repo/works_both/collection/Android/directly_ready/Bruce-Scripts-Heaven_BAD/BadUSB-FalsePhilosopher/BashBunny/payloads/library/credentials/BunnyTap/js/ajax.googleapis.com__ajax__libs__dojo__1.9.5__dojo__dojo.js,works_both
sd_card_content/badusb_extra_payloads/collection/Android/directly_ready/Bruce-Scripts-Heaven_BAD/BadUSB-FalsePhilosopher/BashBunny/payloads/library/credentials/BunnyTap/js/ajax.googleapis.com__ajax__libs__dojo__1.7.7__dojo__dojo.js,sd_card_mirror/badusb/!repo/works_both/collection/Android/directly_ready/Bruce-Scripts-Heaven_BAD/BadUSB-FalsePhilosopher/BashBunny/payloads/library/credentials/BunnyTap/js/ajax.googleapis.com__ajax__libs__dojo__1.7.7__dojo__dojo.js,works_both
sd_card_content/badusb_extra_payloads/collection/Android/directly_ready/Bruce-Scripts-Heaven_BAD/BadUSB-FalsePhilosopher/BashBunny/payloads/library/credentials/BunnyTap/js/ajax.googleapis.com__ajax__libs__webfont__1.5.6__webfont.js,sd_card_mirror/badusb/!repo/works_both/collection/Android/directly_ready/Bruce-Scripts-Heaven_BAD/BadUSB-FalsePhilosopher/BashBunny/payloads/library/credentials/BunnyTap/js/ajax.googleapis.com__ajax__libs__webfont__1.5.6__webfont.js,works_both
sd_card_content/badusb_extra_payloads/collection/Android/directly_ready/Bruce-Scripts-Heaven_BAD/BadUSB-FalsePhilosopher/BashBunny/payloads/library/credentials/BunnyTap/js/ajax.googleapis.com__ajax__libs__angularjs__1.2.16__angular.min.js,sd_card_mirror/badusb/!repo/works_both/collection/Android/directly_ready/Bruce-Scripts-Heaven_BAD/BadUSB-FalsePhilosopher/BashBunny/payloads/library/credentials/BunnyTap/js/ajax.googleapis.com__ajax__libs__angularjs__1.2.16__angular.min.js,works_both
sd_card_content/badusb_extra_payloads/collection/Android/directly_ready/Bruce-Scripts-Heaven_BAD/BadUSB-FalsePhilosopher/BashBunny/payloads/library/credentials/BunnyTap/js/ajax.googleapis.com__ajax__libs__dojo__1.8.8__dojo__dojo.js,sd_card_mirror/badusb/!repo/works_both/collection/Android/directly_ready/Bruce-Scripts-Heaven_BAD/BadUSB-FalsePhilosopher/BashBunny/payloads/library/credentials/BunnyTap/js/ajax.googleapis.com__ajax__libs__dojo__1.8.8__dojo__dojo.js,works_both
sd_card_content/badusb_extra_payloads/collection/Android/directly_ready/Bruce-Scripts-Heaven_BAD/BadUSB-FalsePhilosopher/BashBunny/payloads/library/credentials/BunnyTap/js/ajax.googleapis.com__ajax__libs__dojo__1.9.7__dojo__dojo.js,sd_card_mirror/badusb/!repo/works_both/collection/Android/directly_ready/Bruce-Scripts-Heaven_BAD/BadUSB-FalsePhilosopher/BashBunny/payloads/library/credentials/BunnyTap/js/ajax.googleapis.com__ajax__libs__dojo__1.9.7__dojo__dojo.js,works_both
sd_card_content/badusb_extra_payloads/collection/Android/directly_ready/Bruce-Scripts-Heaven_BAD/BadUSB-FalsePhilosopher/BashBunny/payloads/library/credentials/BunnyTap/js/ajax.googleapis.com__ajax__libs__dojo__1.9.0__dojo__dojo.js,sd_card_mirror/badusb/!repo/works_both/collection/Android/directly_ready/Bruce-Scripts-Heaven_BAD/BadUSB-FalsePhilosopher/BashBunny/payloads/library/credentials/BunnyTap/js/ajax.googleapis.com__ajax__libs__dojo__1.9.0__dojo__dojo.js,works_both
sd_card_content/badusb_extra_payloads/collection/Android/directly_ready/Bruce-Scripts-Heaven_BAD/BadUSB-FalsePhilosopher/BashBunny/payloads/library/credentials/BunnyTap/js/ajax.googleapis.com__ajax__libs__angularjs__1.3.0-rc.2__angular.min.js,sd_card_mirror/badusb/!repo/works_both/collection/Android/directly_ready/Bruce-Scripts-Heaven_BAD/BadUSB-FalsePhilosopher/BashBunny/payloads/library/credentials/BunnyTap/js/ajax.googleapis.com__ajax__libs__angularjs__1.3.0-rc.2__angular.min.js,works_both
sd_card_content/badusb_extra_payloads/collection/Android/directly_ready/Bruce-Scripts-Heaven_BAD/BadUSB-FalsePhilosopher/BashBunny/payloads/library/credentials/BunnyTap/js/ajax.googleapis.com__ajax__libs__angularjs__1.3.14__angular.min.js,sd_card_mirror/badusb/!repo/works_both/collection/Android/directly_ready/Bruce-Scripts-Heaven_BAD/BadUSB-FalsePhilosopher/BashBunny/payloads/library/credentials/BunnyTap/js/ajax.googleapis.com__ajax__libs__angularjs__1.3.14__angular.min.js,works_both
sd_card_content/badusb_extra_payloads/collection/Android/directly_ready/Bruce-Scripts-Heaven_BAD/BadUSB-FalsePhilosopher/BashBunny/payloads/library/credentials/BunnyTap/js/ajax.googleapis.com__ajax__libs__angularjs__1.3.10__angular.min.js,sd_card_mirror/badusb/!repo/works_both/collection/Android/directly_ready/Bruce-Scripts-Heaven_BAD/BadUSB-FalsePhilosopher/BashBunny/payloads/library/credentials/BunnyTap/js/ajax.googleapis.com__ajax__libs__angularjs__1.3.10__angular.min.js,works_both
sd_card_content/badusb_extra_payloads/collection/Android/directly_ready/Bruce-Scripts-Heaven_BAD/BadUSB-FalsePhilosopher/BashBunny/payloads/library/credentials/BunnyTap/js/ajax.googleapis.com__ajax__libs__angularjs__1.4.0-rc.2__angular.min.js,sd_card_mirror/badusb/!repo/works_both/collection/Android/directly_ready/Bruce-Scripts-Heaven_BAD/BadUSB-FalsePhilosopher/BashBunny/payloads/library/credentials/BunnyTap/js/ajax.googleapis.com__ajax__libs__angularjs__1.4.0-rc.2__angular.min.js,works_both
sd_card_content/badusb_extra_payloads/collection/Android/directly_ready/Bruce-Scripts-Heaven_BAD/BadUSB-FalsePhilosopher/BashBunny/payloads/library/credentials/BunnyTap/js/ajax.googleapis.com__ajax__libs__angularjs__1.0.3__angular.min.js,sd_card_mirror/badusb/!repo/works_both/collection/Android/directly_ready/Bruce-Scripts-Heaven_BAD/BadUSB-FalsePhilosopher/BashBunny/payloads/library/credentials/BunnyTap/js/ajax.googleapis.com__ajax__libs__angularjs__1.0.3__angular.min.js,works_both
sd_card_content/badusb_extra_payloads/collection/Android/directly_ready/Bruce-Scripts-Heaven_BAD/BadUSB-FalsePhilosopher/BashBunny/payloads/library/credentials/BunnyTap/js/ajax.googleapis.com__ajax__libs__webfont__1.5.10__webfont.js,sd_card_mirror/badusb/!repo/works_both/collection/Android/directly_ready/Bruce-Scripts-Heaven_BAD/BadUSB-FalsePhilosopher/BashBunny/payloads/library/credentials/BunnyTap/js/ajax.googleapis.com__ajax__libs__webfont__1.5.10__webfont.js,works_both
sd_card_content/badusb_extra_payloads/collection/Android/directly_ready/Bruce-Scripts-Heaven_BAD/BadUSB-FalsePhilosopher/BashBunny/payloads/library/credentials/BunnyTap/js/ajax.googleapis.com__ajax__libs__angularjs__1.3.0-beta.13__angular.min.js,sd_card_mirror/badusb/!repo/works_both/collection/Android/directly_ready/Bruce-Scripts-Heaven_BAD/BadUSB-FalsePhilosopher/BashBunny/payloads/library/credentials/BunnyTap/js/ajax.googleapis.com__ajax__libs__angularjs__1.3.0-beta.13__angular.min.js,works_both
sd_card_content/badusb_extra_payloads/collection/Android/directly_ready/Bruce-Scripts-Heaven_BAD/BadUSB-FalsePhilosopher/BashBunny/payloads/library/credentials/BunnyTap/js/ajax.googleapis.com__ajax__libs__angularjs__1.4.8__angular.min.js,sd_card_mirror/badusb/!repo/works_both/collection/Android/directly_ready/Bruce-Scripts-Heaven_BAD/BadUSB-FalsePhilosopher/BashBunny/payloads/library/credentials/BunnyTap/js/ajax.googleapis.com__ajax__libs__angularjs__1.4.8__angular.min.js,works_both
sd_card_content/badusb_extra_payloads/collection/Android/directly_ready/Bruce-Scripts-Heaven_BAD/BadUSB-FalsePhilosopher/BashBunny/payloads/library/credentials/BunnyTap/js/ajax.googleapis.com__ajax__libs__angularjs__1.3.0-beta.9__angular.min.js,sd_card_mirror/badusb/!repo/works_both/collection/Android/directly_ready/Bruce-Scripts-Heaven_BAD/BadUSB-FalsePhilosopher/BashBunny/payloads/library/credentials/BunnyTap/js/ajax.googleapis.com__ajax__libs__angularjs__1.3.0-beta.9__angular.min.js,works_both
sd_card_content/badusb_extra_payloads/collection/Android/directly_ready/Bruce-Scripts-Heaven_BAD/BadUSB-FalsePhilosopher/BashBunny/payloads/library/credentials/BunnyTap/js/ajax.googleapis.com__ajax__libs__dojo__1.10.0__dojo__dojo.js,sd_card_mirror/badusb/!repo/works_both/collection/Android/directly_ready/Bruce-Scripts-Heaven_BAD/BadUSB-FalsePhilosopher/BashBunny/payloads/library/credentials/BunnyTap/js/ajax.googleapis.com__ajax__libs__dojo__1.10.0__dojo__dojo.js,works_both
sd_card_content/badusb_extra_payloads/collection/Android/directly_ready/Bruce-Scripts-Heaven_BAD/BadUSB-FalsePhilosopher/BashBunny/payloads/library/credentials/BunnyTap/js/ajax.googleapis.com__ajax__libs__angular_material__1.0.5__angular-material.min.js,sd_card_mirror/badusb/!repo/works_both/collection/Android/directly_ready/Bruce-Scripts-Heaven_BAD/BadUSB-FalsePhilosopher/BashBunny/payloads/library/credentials/BunnyTap/js/ajax.googleapis.com__ajax__libs__angular_material__1.0.5__angular-material.min.js,works_both
sd_card_content/badusb_extra_payloads/collection/Android/directly_ready/Bruce-Scripts-Heaven_BAD/BadUSB-FalsePhilosopher/BashBunny/payloads/library/credentials/BunnyTap/js/ajax.googleapis.com__ajax__libs__angularjs__1.2.14__angular.min.js,sd_card_mirror/badusb/!repo/works_both/collection/Android/directly_ready/Bruce-Scripts-Heaven_BAD/BadUSB-FalsePhilosopher/BashBunny/payloads/library/credentials/BunnyTap/js/ajax.googleapis.com__ajax__libs__angularjs__1.2.14__angular.min.js,works_both
sd_card_content/badusb_extra_payloads/collection/Android/directly_ready/Bruce-Scripts-Heaven_BAD/BadUSB-FalsePhilosopher/BashBunny/payloads/library/credentials/BunnyTap/js/ajax.googleapis.com__ajax__libs__angularjs__1.2.15__angular.min.js,sd_card_mirror/badusb/!repo/works_both/collection/Android/directly_ready/Bruce-Scripts-Heaven_BAD/BadUSB-FalsePhilosopher/BashBunny/payloads/library/credentials/BunnyTap/js/ajax.googleapis.com__ajax__libs__angularjs__1.2.15__angular.min.js,works_both
sd_card_content/badusb_extra_payloads/collection/Android/directly_ready/Bruce-Scripts-Heaven_BAD/BadUSB-FalsePhilosopher/BashBunny/payloads/library/credentials/BunnyTap/js/ajax.googleapis.com__ajax__libs__angularjs__1.3.0-beta.16__angular.min.js,sd_card_mirror/badusb/!repo/works_both/collection/Android/directly_ready/Bruce-Scripts-Heaven_BAD/BadUSB-FalsePhilosopher/BashBunny/payloads/library/credentials/BunnyTap/js/ajax.googleapis.com__ajax__libs__angularjs__1.3.0-beta.16__angular.min.js,works_both
sd_card_content/badusb_extra_payloads/collection/Android/directly_ready/Bruce-Scripts-Heaven_BAD/Phone/android-crasher.txt,sd_card_mirror/badusb/!repo/works_both/collection/Android/directly_ready/Bruce-Scripts-Heaven_BAD/Phone/android-crasher.txt,works_both
sd_card_content/badusb_extra_payloads/collection/Android/configuration_needed/BadUsb-Library/Device-Info-Telegram.txt,sd_card_mirror/badusb/!repo/works_both/collection/Android/configuration_needed/BadUsb-Library/Device-Info-Telegram.txt,works_both
sd_card_content/badusb_extra_payloads/collection/Android/configuration_needed/BadUsb-Library/Media-Stealer-Telegram.txt,sd_card_mirror/badusb/!repo/works_both/collection/Android/configuration_needed/BadUsb-Library/Media-Stealer-Telegram.txt,works_both
sd_card_content/badusb_extra_payloads/collection/iOS/directly_ready/BadUsb-Library/Photo-Stealer.txt,sd_card_mirror/badusb/!repo/works_both/collection/iOS/directly_ready/BadUsb-Library/Photo-Stealer.txt,works_both
sd_card_content/badusb_extra_payloads/collection/iOS/configuration_needed/BadUsb-Library/Device-Info-Telegram.txt,sd_card_mirror/badusb/!repo/works_both/collection/iOS/configuration_needed/BadUsb-Library/Device-Info-Telegram.txt,works_both
sd_card_content/badusb_extra_payloads/social_engineering/Unix-like/macOS/directly_ready/Bruce-Scripts-Heaven_BAD/MacOS-narstybits/Pranks/flipper_only/Fake Update.txt,sd_card_mirror/badusb/!repo/flipper_only/social_engineering/Unix-like/macOS/directly_ready/Bruce-Scripts-Heaven_BAD/MacOS-narstybits/Pranks/flipper_only/Fake Update.txt,flipper_only
sd_card_content/badusb_extra_payloads/social_engineering/Unix-like/macOS/configuration_needed/BadUsb-Library/Phishing-Site-Opener.txt,sd_card_mirror/badusb/!repo/works_both/social_engineering/Unix-like/macOS/configuration_needed/BadUsb-Library/Phishing-Site-Opener.txt,works_both
sd_card_content/badusb_extra_payloads/social_engineering/Unix-like/Linux/directly_ready/Bruce-Scripts-Heaven_BAD/GNU-Linux/Phishing/StandardPhishingAttack_Linux/script.js,sd_card_mirror/badusb/!repo/works_both/social_engineering/Unix-like/Linux/directly_ready/Bruce-Scripts-Heaven_BAD/GNU-Linux/Phishing/StandardPhishingAttack_Linux/script.js,works_both
sd_card_content/badusb_extra_payloads/social_engineering/Unix-like/Linux/directly_ready/Bruce-Scripts-Heaven_BAD/omg-payloads-master/payloads/library/phishing/StandardPhishingCampaign_Linux/script.js,sd_card_mirror/badusb/!repo/works_both/social_engineering/Unix-like/Linux/directly_ready/Bruce-Scripts-Heaven_BAD/omg-payloads-master/payloads/library/phishing/StandardPhishingCampaign_Linux/script.js,works_both
sd_card_content/badusb_extra_payloads/social_engineering/Unix-like/Linux/configuration_needed/BadUsb-Library/Phishing-Site-Opener.txt,sd_card_mirror/badusb/!repo/works_both/social_engineering/Unix-like/Linux/configuration_needed/BadUsb-Library/Phishing-Site-Opener.txt,works_both
sd_card_content/badusb_extra_payloads/social_engineering/Win/directly_ready/I-Am-Jakoby_BadUSB/README.md,sd_card_mirror/badusb/!repo/works_both/social_engineering/Win/directly_ready/I-Am-Jakoby_BadUSB/README.md,works_both
sd_card_content/badusb_extra_payloads/social_engineering/Win/directly_ready/UberGuidoZ_BadUSB/UNC0V3R3D-BadUSB-Collection/Windows_Badusb/FUN/FakeUpdateWindows/readme.md,sd_card_mirror/badusb/!repo/works_both/social_engineering/Win/directly_ready/UberGuidoZ_BadUSB/UNC0V3R3D-BadUSB-Collection/Windows_Badusb/FUN/FakeUpdateWindows/readme.md,works_both
sd_card_content/badusb_extra_payloads/social_engineering/Win/directly_ready/UberGuidoZ_BadUSB/NullSec-BadUSB/11_FakeUpdate.txt,sd_card_mirror/badusb/!repo/works_both/social_engineering/Win/directly_ready/UberGuidoZ_BadUSB/NullSec-BadUSB/11_FakeUpdate.txt,works_both
sd_card_content/badusb_extra_payloads/social_engineering/Win/directly_ready/Bruce-Scripts-Heaven_BAD/BadUSB-FalsePhilosopher/Ducky/Ducky-Framework/payloads/win/fakeUpdate/fakeUpdate.txt,sd_card_mirror/badusb/!repo/works_both/social_engineering/Win/directly_ready/Bruce-Scripts-Heaven_BAD/BadUSB-FalsePhilosopher/Ducky/Ducky-Framework/payloads/win/fakeUpdate/fakeUpdate.txt,works_both
sd_card_content/badusb_extra_payloads/social_engineering/Win/directly_ready/Bruce-Scripts-Heaven_BAD/BadUSB-FalsePhilosopher/Ducky/Ducky-Framework/payloads/win/duckyPhisherWin7/duckyPhisherWin7.txt,sd_card_mirror/badusb/!repo/works_both/social_engineering/Win/directly_ready/Bruce-Scripts-Heaven_BAD/BadUSB-FalsePhilosopher/Ducky/Ducky-Framework/payloads/win/duckyPhisherWin7/duckyPhisherWin7.txt,works_both
sd_card_content/badusb_extra_payloads/social_engineering/Win/directly_ready/Bruce-Scripts-Heaven_BAD/BadUSB-FalsePhilosopher/Ducky/USBRubberducky/prank/Unix-like/Steamdeck/Fake_Update/Vapor.txt,sd_card_mirror/badusb/!repo/works_both/social_engineering/Win/directly_ready/Bruce-Scripts-Heaven_BAD/BadUSB-FalsePhilosopher/Ducky/USBRubberducky/prank/Unix-like/Steamdeck/Fake_Update/Vapor.txt,works_both
sd_card_content/badusb_extra_payloads/social_engineering/Win/directly_ready/Bruce-Scripts-Heaven_BAD/BadUSB-FalsePhilosopher/BashBunny/payloads/library/phishing/windows10_fakelogonscreen/phishing_files/assets/js/dispatch.js,sd_card_mirror/badusb/!repo/works_both/social_engineering/Win/directly_ready/Bruce-Scripts-Heaven_BAD/BadUSB-FalsePhilosopher/BashBunny/payloads/library/phishing/windows10_fakelogonscreen/phishing_files/assets/js/dispatch.js,works_both
sd_card_content/badusb_extra_payloads/social_engineering/Win/directly_ready/Bruce-Scripts-Heaven_BAD/BadUSB-FalsePhilosopher/BashBunny/payloads/library/phishing/windows10_fakelogonscreen/phishing_files/assets/js/fullscreen.js,sd_card_mirror/badusb/!repo/works_both/social_engineering/Win/directly_ready/Bruce-Scripts-Heaven_BAD/BadUSB-FalsePhilosopher/BashBunny/payloads/library/phishing/windows10_fakelogonscreen/phishing_files/assets/js/fullscreen.js,works_both
sd_card_content/badusb_extra_payloads/social_engineering/Win/directly_ready/Bruce-Scripts-Heaven_BAD/BadUSB-FalsePhilosopher/BashBunny/payloads/library/phishing/windows10_fakelogonscreen/phishing_files/assets/js/randomwall.js,sd_card_mirror/badusb/!repo/works_both/social_engineering/Win/directly_ready/Bruce-Scripts-Heaven_BAD/BadUSB-FalsePhilosopher/BashBunny/payloads/library/phishing/windows10_fakelogonscreen/phishing_files/assets/js/randomwall.js,works_both
sd_card_content/badusb_extra_payloads/social_engineering/Win/directly_ready/Bruce-Scripts-Heaven_BAD/BadUSB-FalsePhilosopher/BashBunny/payloads/library/phishing/windows10_fakelogonscreen/phishing_files/assets/js/rightclick.js,sd_card_mirror/badusb/!repo/works_both/social_engineering/Win/directly_ready/Bruce-Scripts-Heaven_BAD/BadUSB-FalsePhilosopher/BashBunny/payloads/library/phishing/windows10_fakelogonscreen/phishing_files/assets/js/rightclick.js,works_both
sd_card_content/badusb_extra_payloads/social_engineering/Win/directly_ready/Bruce-Scripts-Heaven_BAD/BadUSB-FalsePhilosopher/BashBunny/payloads/library/phishing/windows_browser-in-the-browser/phishing_files/assets/js/dispatch.js,sd_card_mirror/badusb/!repo/works_both/social_engineering/Win/directly_ready/Bruce-Scripts-Heaven_BAD/BadUSB-FalsePhilosopher/BashBunny/payloads/library/phishing/windows_browser-in-the-browser/phishing_files/assets/js/dispatch.js,works_both
sd_card_content/badusb_extra_payloads/social_engineering/Win/directly_ready/Bruce-Scripts-Heaven_BAD/BadUSB-FalsePhilosopher/BashBunny/payloads/library/phishing/windows_browser-in-the-browser/phishing_files/assets/js/actions.js,sd_card_mirror/badusb/!repo/works_both/social_engineering/Win/directly_ready/Bruce-Scripts-Heaven_BAD/BadUSB-FalsePhilosopher/BashBunny/payloads/library/phishing/windows_browser-in-the-browser/phishing_files/assets/js/actions.js,works_both
sd_card_content/badusb_extra_payloads/social_engineering/Win/directly_ready/Bruce-Scripts-Heaven_BAD/BadUSB-FalsePhilosopher/BashBunny/payloads/library/phishing/windows_browser-in-the-browser/phishing_files/assets/libraries/jquery-ui.min.js,sd_card_mirror/badusb/!repo/works_both/social_engineering/Win/directly_ready/Bruce-Scripts-Heaven_BAD/BadUSB-FalsePhilosopher/BashBunny/payloads/library/phishing/windows_browser-in-the-browser/phishing_files/assets/libraries/jquery-ui.min.js,works_both
sd_card_content/badusb_extra_payloads/social_engineering/Win/directly_ready/Bruce-Scripts-Heaven_BAD/BadUSB-FalsePhilosopher/BashBunny/payloads/library/phishing/windows_browser-in-the-browser/phishing_files/assets/libraries/jquery-3.6.0.min.js,sd_card_mirror/badusb/!repo/works_both/social_engineering/Win/directly_ready/Bruce-Scripts-Heaven_BAD/BadUSB-FalsePhilosopher/BashBunny/payloads/library/phishing/windows_browser-in-the-browser/phishing_files/assets/libraries/jquery-3.6.0.min.js,works_both
sd_card_content/badusb_extra_payloads/social_engineering/Win/directly_ready/Bruce-Scripts-Heaven_BAD/PC/fake-update.txt,sd_card_mirror/badusb/!repo/works_both/social_engineering/Win/directly_ready/Bruce-Scripts-Heaven_BAD/PC/fake-update.txt,works_both
sd_card_content/badusb_extra_payloads/social_engineering/Win/directly_ready/Bruce-Scripts-Heaven_BAD/Google-Phishing/Google-Phish-to-Discord.txt,sd_card_mirror/badusb/!repo/works_both/social_engineering/Win/directly_ready/Bruce-Scripts-Heaven_BAD/Google-Phishing/Google-Phish-to-Discord.txt,works_both
sd_card_content/badusb_extra_payloads/social_engineering/Win/directly_ready/Bruce-Scripts-Heaven_BAD/phishing/duckyphish/duckyphish.txt,sd_card_mirror/badusb/!repo/works_both/social_engineering/Win/directly_ready/Bruce-Scripts-Heaven_BAD/phishing/duckyphish/duckyphish.txt,works_both
sd_card_content/badusb_extra_payloads/social_engineering/Win/directly_ready/Bruce-Scripts-Heaven_BAD/phishing/Win/ducky-phisher.txt,sd_card_mirror/badusb/!repo/works_both/social_engineering/Win/directly_ready/Bruce-Scripts-Heaven_BAD/phishing/Win/ducky-phisher.txt,works_both
sd_card_content/badusb_extra_payloads/social_engineering/Win/directly_ready/Bruce-Scripts-Heaven_BAD/phishing/Win/DNSpoisoning.txt,sd_card_mirror/badusb/!repo/works_both/social_engineering/Win/directly_ready/Bruce-Scripts-Heaven_BAD/phishing/Win/DNSpoisoning.txt,works_both
sd_card_content/badusb_extra_payloads/social_engineering/Win/directly_ready/Bruce-Scripts-Heaven_BAD/phishing/Win/duckyphish/duckyphish.txt,sd_card_mirror/badusb/!repo/works_both/social_engineering/Win/directly_ready/Bruce-Scripts-Heaven_BAD/phishing/Win/duckyphish/duckyphish.txt,works_both
sd_card_content/badusb_extra_payloads/social_engineering/Win/directly_ready/Bruce-Scripts-Heaven_BAD/UNC0V3R3D-BadUSB/BadUsb-Collection/Windows_Badusb/FUN/FakeUpdateWindows/FakeUpdateWindows.txt,sd_card_mirror/badusb/!repo/works_both/social_engineering/Win/directly_ready/Bruce-Scripts-Heaven_BAD/UNC0V3R3D-BadUSB/BadUsb-Collection/Windows_Badusb/FUN/FakeUpdateWindows/FakeUpdateWindows.txt,works_both
sd_card_content/badusb_extra_payloads/social_engineering/Win/configuration_needed/BadUsb-Library/Google-Phish-to-Discord.txt,sd_card_mirror/badusb/!repo/works_both/social_engineering/Win/configuration_needed/BadUsb-Library/Google-Phish-to-Discord.txt,works_both
sd_card_content/badusb_extra_payloads/social_engineering/Win/configuration_needed/BadUsb-Library/Webhook-Spammer-GUI.txt,sd_card_mirror/badusb/!repo/works_both/social_engineering/Win/configuration_needed/BadUsb-Library/Webhook-Spammer-GUI.txt,works_both
sd_card_content/badusb_extra_payloads/social_engineering/iOS/directly_ready/Bruce-Scripts-Heaven_BAD/MacOS-narstybits/Pranks/flipper_only/IPHONE Fake Update.txt,sd_card_mirror/badusb/!repo/flipper_only/social_engineering/iOS/directly_ready/Bruce-Scripts-Heaven_BAD/MacOS-narstybits/Pranks/flipper_only/IPHONE Fake Update.txt,flipper_only
sd_card_content/badusb_extra_payloads/discovery/Unix-like/macOS/directly_ready/BadUsb-Library/Network-Info.txt,sd_card_mirror/badusb/!repo/works_both/discovery/Unix-like/macOS/directly_ready/BadUsb-Library/Network-Info.txt,works_both
sd_card_content/badusb_extra_payloads/discovery/Unix-like/macOS/directly_ready/BadUsb-Library/System-Profiler.txt,sd_card_mirror/badusb/!repo/works_both/discovery/Unix-like/macOS/directly_ready/BadUsb-Library/System-Profiler.txt,works_both
sd_card_content/badusb_extra_payloads/discovery/Unix-like/macOS/configuration_needed/BadUsb-Library/System-Info-Telegram.txt,sd_card_mirror/badusb/!repo/works_both/discovery/Unix-like/macOS/configuration_needed/BadUsb-Library/System-Info-Telegram.txt,works_both
sd_card_content/badusb_extra_payloads/discovery/Unix-like/Linux/directly_ready/BadUsb-Library/System-Info-Gatherer.txt,sd_card_mirror/badusb/!repo/works_both/discovery/Unix-like/Linux/directly_ready/BadUsb-Library/System-Info-Gatherer.txt,works_both
sd_card_content/badusb_extra_payloads/discovery/Unix-like/Linux/directly_ready/Bruce-Scripts-Heaven_BAD/BadUSB-FalsePhilosopher/Misc/Web/Toolbox/tests/test_file_server.py,sd_card_mirror/badusb/!repo/works_both/discovery/Unix-like/Linux/directly_ready/Bruce-Scripts-Heaven_BAD/BadUSB-FalsePhilosopher/Misc/Web/Toolbox/tests/test_file_server.py,works_both
sd_card_content/badusb_extra_payloads/discovery/Unix-like/Linux/directly_ready/Bruce-Scripts-Heaven_BAD/GNU-Linux/Execution/ExploitingAnExecutableFile/payload.txt,sd_card_mirror/badusb/!repo/works_both/discovery/Unix-like/Linux/directly_ready/Bruce-Scripts-Heaven_BAD/GNU-Linux/Execution/ExploitingAnExecutableFile/payload.txt,works_both
sd_card_content/badusb_extra_payloads/discovery/Unix-like/Linux/directly_ready/Bruce-Scripts-Heaven_BAD/omg-payloads-master/payloads/library/execution/rename_entropy/payload.txt,sd_card_mirror/badusb/!repo/works_both/discovery/Unix-like/Linux/directly_ready/Bruce-Scripts-Heaven_BAD/omg-payloads-master/payloads/library/execution/rename_entropy/payload.txt,works_both
sd_card_content/badusb_extra_payloads/discovery/Win/directly_ready/BadUsb-Library/Network-Enumeration-GUI.txt,sd_card_mirror/badusb/!repo/works_both/discovery/Win/directly_ready/BadUsb-Library/Network-Enumeration-GUI.txt,works_both
sd_card_content/badusb_extra_payloads/discovery/Win/directly_ready/UberGuidoZ_BadUSB/emptythevoid-BadUSB/windows_helpers/ipconfig_renew.txt,sd_card_mirror/badusb/!repo/works_both/discovery/Win/directly_ready/UberGuidoZ_BadUSB/emptythevoid-BadUSB/windows_helpers/ipconfig_renew.txt,works_both
sd_card_content/badusb_extra_payloads/discovery/Win/directly_ready/UberGuidoZ_BadUSB/emptythevoid-BadUSB/win11_install/win11_install_part2.txt,sd_card_mirror/badusb/!repo/works_both/discovery/Win/directly_ready/UberGuidoZ_BadUSB/emptythevoid-BadUSB/win11_install/win11_install_part2.txt,works_both
sd_card_content/badusb_extra_payloads/discovery/Win/directly_ready/UberGuidoZ_BadUSB/emptythevoid-BadUSB/win11_install/flipper_only/oobe_bypass_part2.txt,sd_card_mirror/badusb/!repo/flipper_only/discovery/Win/directly_ready/UberGuidoZ_BadUSB/emptythevoid-BadUSB/win11_install/flipper_only/oobe_bypass_part2.txt,flipper_only
sd_card_content/badusb_extra_payloads/discovery/Win/directly_ready/Bruce-Scripts-Heaven_BAD/Get-Connected-USBs.txt,sd_card_mirror/badusb/!repo/works_both/discovery/Win/directly_ready/Bruce-Scripts-Heaven_BAD/Get-Connected-USBs.txt,works_both
sd_card_content/badusb_extra_payloads/discovery/Win/directly_ready/Bruce-Scripts-Heaven_BAD/BadUSB-FalsePhilosopher/Misc/Cheat_Sheets/Awesome-cheatsheets/frontend/react.js,sd_card_mirror/badusb/!repo/works_both/discovery/Win/directly_ready/Bruce-Scripts-Heaven_BAD/BadUSB-FalsePhilosopher/Misc/Cheat_Sheets/Awesome-cheatsheets/frontend/react.js,works_both
sd_card_content/badusb_extra_payloads/discovery/Win/directly_ready/Bruce-Scripts-Heaven_BAD/Gather_Network_Info/payload.txt,sd_card_mirror/badusb/!repo/works_both/discovery/Win/directly_ready/Bruce-Scripts-Heaven_BAD/Gather_Network_Info/payload.txt,works_both
sd_card_content/badusb_extra_payloads/discovery/Win/directly_ready/Bruce-Scripts-Heaven_BAD/Exfiltrate-to-USB/Exfiltrate-to-USB.txt,sd_card_mirror/badusb/!repo/works_both/discovery/Win/directly_ready/Bruce-Scripts-Heaven_BAD/Exfiltrate-to-USB/Exfiltrate-to-USB.txt,works_both
sd_card_content/badusb_extra_payloads/discovery/Win/directly_ready/Bruce-Scripts-Heaven_BAD/Bad GPT/PentestGPT.txt,sd_card_mirror/badusb/!repo/works_both/discovery/Win/directly_ready/Bruce-Scripts-Heaven_BAD/Bad GPT/PentestGPT.txt,works_both
sd_card_content/badusb_extra_payloads/reconnaissance/Unix-like/macOS/directly_ready/I-Am-Jakoby_BadUSB/Payloads/Flip-ADV-Recon/ADV-Recon.ps1,sd_card_mirror/badusb/!repo/works_both/reconnaissance/Unix-like/macOS/directly_ready/I-Am-Jakoby_BadUSB/Payloads/Flip-ADV-Recon/ADV-Recon.ps1,works_both
sd_card_content/badusb_extra_payloads/reconnaissance/Unix-like/macOS/directly_ready/I-Am-Jakoby_BadUSB/Payloads/Flip-ADV-Recon/README.md,sd_card_mirror/badusb/!repo/works_both/reconnaissance/Unix-like/macOS/directly_ready/I-Am-Jakoby_BadUSB/Payloads/Flip-ADV-Recon/README.md,works_both
sd_card_content/badusb_extra_payloads/reconnaissance/Unix-like/macOS/directly_ready/BadUsb-Library/Network-Scanner.txt,sd_card_mirror/badusb/!repo/works_both/reconnaissance/Unix-like/macOS/directly_ready/BadUsb-Library/Network-Scanner.txt,works_both
sd_card_content/badusb_extra_payloads/reconnaissance/Unix-like/macOS/directly_ready/BadUsb-Library/Network-Mapper.txt,sd_card_mirror/badusb/!repo/works_both/reconnaissance/Unix-like/macOS/directly_ready/BadUsb-Library/Network-Mapper.txt,works_both
sd_card_content/badusb_extra_payloads/reconnaissance/Unix-like/macOS/directly_ready/UberGuidoZ_BadUSB/MacOS-narstybits/RECON Readme.md,sd_card_mirror/badusb/!repo/works_both/reconnaissance/Unix-like/macOS/directly_ready/UberGuidoZ_BadUSB/MacOS-narstybits/RECON Readme.md,works_both
sd_card_content/badusb_extra_payloads/reconnaissance/Unix-like/macOS/directly_ready/UberGuidoZ_BadUSB/NullSec-BadUSB/01_SystemRecon.txt,sd_card_mirror/badusb/!repo/works_both/reconnaissance/Unix-like/macOS/directly_ready/UberGuidoZ_BadUSB/NullSec-BadUSB/01_SystemRecon.txt,works_both
sd_card_content/badusb_extra_payloads/reconnaissance/Unix-like/macOS/directly_ready/UberGuidoZ_BadUSB/NullSec-BadUSB/23_MacOSRecon.txt,sd_card_mirror/badusb/!repo/works_both/reconnaissance/Unix-like/macOS/directly_ready/UberGuidoZ_BadUSB/NullSec-BadUSB/23_MacOSRecon.txt,works_both
sd_card_content/badusb_extra_payloads/reconnaissance/Unix-like/macOS/directly_ready/Bruce-Scripts-Heaven_BAD/MacOS-narstybits/RECON/Web Scraper.txt,sd_card_mirror/badusb/!repo/works_both/reconnaissance/Unix-like/macOS/directly_ready/Bruce-Scripts-Heaven_BAD/MacOS-narstybits/RECON/Web Scraper.txt,works_both
sd_card_content/badusb_extra_payloads/reconnaissance/Unix-like/macOS/directly_ready/Bruce-Scripts-Heaven_BAD/MacOS-narstybits/RECON/flipper_only/SentinelStrike.txt,sd_card_mirror/badusb/!repo/flipper_only/reconnaissance/Unix-like/macOS/directly_ready/Bruce-Scripts-Heaven_BAD/MacOS-narstybits/RECON/flipper_only/SentinelStrike.txt,flipper_only
sd_card_content/badusb_extra_payloads/reconnaissance/Unix-like/macOS/directly_ready/Bruce-Scripts-Heaven_BAD/MacOS-narstybits/RECON/flipper_only/Network Recon Plus.txt,sd_card_mirror/badusb/!repo/flipper_only/reconnaissance/Unix-like/macOS/directly_ready/Bruce-Scripts-Heaven_BAD/MacOS-narstybits/RECON/flipper_only/Network Recon Plus.txt,flipper_only
sd_card_content/badusb_extra_payloads/reconnaissance/Unix-like/macOS/directly_ready/Bruce-Scripts-Heaven_BAD/MacOS-narstybits/RECON/flipper_only/Public I.P. Finder.txt,sd_card_mirror/badusb/!repo/flipper_only/reconnaissance/Unix-like/macOS/directly_ready/Bruce-Scripts-Heaven_BAD/MacOS-narstybits/RECON/flipper_only/Public I.P. Finder.txt,flipper_only
sd_card_content/badusb_extra_payloads/reconnaissance/Unix-like/macOS/directly_ready/Bruce-Scripts-Heaven_BAD/MacOS-narstybits/RECON/flipper_only/GuardianForge.txt,sd_card_mirror/badusb/!repo/flipper_only/reconnaissance/Unix-like/macOS/directly_ready/Bruce-Scripts-Heaven_BAD/MacOS-narstybits/RECON/flipper_only/GuardianForge.txt,flipper_only
sd_card_content/badusb_extra_payloads/reconnaissance/Unix-like/macOS/directly_ready/Bruce-Scripts-Heaven_BAD/MacOS-narstybits/RECON/flipper_only/StealthSeeker.txt,sd_card_mirror/badusb/!repo/flipper_only/reconnaissance/Unix-like/macOS/directly_ready/Bruce-Scripts-Heaven_BAD/MacOS-narstybits/RECON/flipper_only/StealthSeeker.txt,flipper_only
sd_card_content/badusb_extra_payloads/reconnaissance/Unix-like/macOS/directly_ready/Bruce-Scripts-Heaven_BAD/MacOS-narstybits/RECON/flipper_only/SocatShell.txt,sd_card_mirror/badusb/!repo/flipper_only/reconnaissance/Unix-like/macOS/directly_ready/Bruce-Scripts-Heaven_BAD/MacOS-narstybits/RECON/flipper_only/SocatShell.txt,flipper_only
sd_card_content/badusb_extra_payloads/reconnaissance/Unix-like/macOS/directly_ready/Bruce-Scripts-Heaven_BAD/MacOS-narstybits/RECON/flipper_only/Copy All JPEG Images.txt,sd_card_mirror/badusb/!repo/flipper_only/reconnaissance/Unix-like/macOS/directly_ready/Bruce-Scripts-Heaven_BAD/MacOS-narstybits/RECON/flipper_only/Copy All JPEG Images.txt,flipper_only
sd_card_content/badusb_extra_payloads/reconnaissance/Unix-like/macOS/directly_ready/Bruce-Scripts-Heaven_BAD/MacOS-narstybits/RECON/flipper_only/Voice Logger.txt,sd_card_mirror/badusb/!repo/flipper_only/reconnaissance/Unix-like/macOS/directly_ready/Bruce-Scripts-Heaven_BAD/MacOS-narstybits/RECON/flipper_only/Voice Logger.txt,flipper_only
sd_card_content/badusb_extra_payloads/reconnaissance/Unix-like/macOS/directly_ready/Bruce-Scripts-Heaven_BAD/MacOS-narstybits/RECON/flipper_only/SysNet Info.txt,sd_card_mirror/badusb/!repo/flipper_only/reconnaissance/Unix-like/macOS/directly_ready/Bruce-Scripts-Heaven_BAD/MacOS-narstybits/RECON/flipper_only/SysNet Info.txt,flipper_only
sd_card_content/badusb_extra_payloads/reconnaissance/Unix-like/macOS/directly_ready/Bruce-Scripts-Heaven_BAD/MacOS-narstybits/RECON/flipper_only/Network Reconnaissance.txt,sd_card_mirror/badusb/!repo/flipper_only/reconnaissance/Unix-like/macOS/directly_ready/Bruce-Scripts-Heaven_BAD/MacOS-narstybits/RECON/flipper_only/Network Reconnaissance.txt,flipper_only
sd_card_content/badusb_extra_payloads/reconnaissance/Unix-like/Linux/directly_ready/BadUsb-Library/Network-Scanner.txt,sd_card_mirror/badusb/!repo/works_both/reconnaissance/Unix-like/Linux/directly_ready/BadUsb-Library/Network-Scanner.txt,works_both
sd_card_content/badusb_extra_payloads/reconnaissance/Unix-like/Linux/directly_ready/BadUsb-Library/Network-Scanner-Advanced.txt,sd_card_mirror/badusb/!repo/works_both/reconnaissance/Unix-like/Linux/directly_ready/BadUsb-Library/Network-Scanner-Advanced.txt,works_both
sd_card_content/badusb_extra_payloads/reconnaissance/Unix-like/Linux/directly_ready/UberGuidoZ_BadUSB/NullSec-BadUSB/21_LinuxRecon.txt,sd_card_mirror/badusb/!repo/works_both/reconnaissance/Unix-like/Linux/directly_ready/UberGuidoZ_BadUSB/NullSec-BadUSB/21_LinuxRecon.txt,works_both
sd_card_content/badusb_extra_payloads/reconnaissance/Win/directly_ready/I-Am-Jakoby_BadUSB/Payloads/Flip-AcidBurn/AcidBurn.txt,sd_card_mirror/badusb/!repo/works_both/reconnaissance/Win/directly_ready/I-Am-Jakoby_BadUSB/Payloads/Flip-AcidBurn/AcidBurn.txt,works_both
sd_card_content/badusb_extra_payloads/reconnaissance/Win/directly_ready/I-Am-Jakoby_BadUSB/Payloads/Flip-ADV-Recon/ADV-Recon.txt,sd_card_mirror/badusb/!repo/works_both/reconnaissance/Win/directly_ready/I-Am-Jakoby_BadUSB/Payloads/Flip-ADV-Recon/ADV-Recon.txt,works_both
sd_card_content/badusb_extra_payloads/reconnaissance/Win/directly_ready/I-Am-Jakoby_BadUSB/Payloads/Flip-We-Found-You/README.md,sd_card_mirror/badusb/!repo/works_both/reconnaissance/Win/directly_ready/I-Am-Jakoby_BadUSB/Payloads/Flip-We-Found-You/README.md,works_both
sd_card_content/badusb_extra_payloads/reconnaissance/Win/directly_ready/BadUsb-Library/quackwget.txt,sd_card_mirror/badusb/!repo/works_both/reconnaissance/Win/directly_ready/BadUsb-Library/quackwget.txt,works_both
sd_card_content/badusb_extra_payloads/reconnaissance/Win/directly_ready/BadUsb-Library/payload.txt,sd_card_mirror/badusb/!repo/works_both/reconnaissance/Win/directly_ready/BadUsb-Library/payload.txt,works_both
sd_card_content/badusb_extra_payloads/reconnaissance/Win/directly_ready/BadUsb-Library/quackgitexfil.txt,sd_card_mirror/badusb/!repo/works_both/reconnaissance/Win/directly_ready/BadUsb-Library/quackgitexfil.txt,works_both
sd_card_content/badusb_extra_payloads/reconnaissance/Win/directly_ready/BadUsb-Library/quackncexfil.txt,sd_card_mirror/badusb/!repo/works_both/reconnaissance/Win/directly_ready/BadUsb-Library/quackncexfil.txt,works_both
sd_card_content/badusb_extra_payloads/reconnaissance/Win/directly_ready/BadUsb-Library/quackpostexfil.txt,sd_card_mirror/badusb/!repo/works_both/reconnaissance/Win/directly_ready/BadUsb-Library/quackpostexfil.txt,works_both
sd_card_content/badusb_extra_payloads/reconnaissance/Win/directly_ready/UberGuidoZ_BadUSB/NullSec-BadUSB/08_NetworkScan.txt,sd_card_mirror/badusb/!repo/works_both/reconnaissance/Win/directly_ready/UberGuidoZ_BadUSB/NullSec-BadUSB/08_NetworkScan.txt,works_both
sd_card_content/badusb_extra_payloads/reconnaissance/Win/directly_ready/Bruce-Scripts-Heaven_BAD/BadUSB-FalsePhilosopher/Ducky/USBRubberducky/recon/Win/Winpeas/quacklocal.txt,sd_card_mirror/badusb/!repo/works_both/reconnaissance/Win/directly_ready/Bruce-Scripts-Heaven_BAD/BadUSB-FalsePhilosopher/Ducky/USBRubberducky/recon/Win/Winpeas/quacklocal.txt,works_both
sd_card_content/badusb_extra_payloads/reconnaissance/Win/directly_ready/Bruce-Scripts-Heaven_BAD/BadUSB-FalsePhilosopher/Ducky/USBRubberducky/recon/Win/Winpeas/quackDBExfil.txt,sd_card_mirror/badusb/!repo/works_both/reconnaissance/Win/directly_ready/Bruce-Scripts-Heaven_BAD/BadUSB-FalsePhilosopher/Ducky/USBRubberducky/recon/Win/Winpeas/quackDBExfil.txt,works_both
sd_card_content/badusb_extra_payloads/reconnaissance/Win/directly_ready/Bruce-Scripts-Heaven_BAD/BadUSB-FalsePhilosopher/FlipperZero_ducky_payload/recon/Win/Flip-ADV-Recon/ADV-Recon.txt,sd_card_mirror/badusb/!repo/works_both/reconnaissance/Win/directly_ready/Bruce-Scripts-Heaven_BAD/BadUSB-FalsePhilosopher/FlipperZero_ducky_payload/recon/Win/Flip-ADV-Recon/ADV-Recon.txt,works_both
sd_card_content/badusb_extra_payloads/reconnaissance/Win/directly_ready/Bruce-Scripts-Heaven_BAD/-RD-AcidBurn/payload.txt,sd_card_mirror/badusb/!repo/works_both/reconnaissance/Win/directly_ready/Bruce-Scripts-Heaven_BAD/-RD-AcidBurn/payload.txt,works_both
sd_card_content/badusb_extra_payloads/reconnaissance/Win/directly_ready/Bruce-Scripts-Heaven_BAD/Flip-AcidBurn/AcidBurn.txt,sd_card_mirror/badusb/!repo/works_both/reconnaissance/Win/directly_ready/Bruce-Scripts-Heaven_BAD/Flip-AcidBurn/AcidBurn.txt,works_both
sd_card_content/badusb_extra_payloads/reconnaissance/Win/directly_ready/Bruce-Scripts-Heaven_BAD/Tree_of_Knowledge/-RD-ADV-Recon/payload.txt,sd_card_mirror/badusb/!repo/works_both/reconnaissance/Win/directly_ready/Bruce-Scripts-Heaven_BAD/Tree_of_Knowledge/-RD-ADV-Recon/payload.txt,works_both
sd_card_content/badusb_extra_payloads/reconnaissance/Win/directly_ready/Bruce-Scripts-Heaven_BAD/Flip-ADV-Recon/ADV-Recon.txt,sd_card_mirror/badusb/!repo/works_both/reconnaissance/Win/directly_ready/Bruce-Scripts-Heaven_BAD/Flip-ADV-Recon/ADV-Recon.txt,works_both
sd_card_content/badusb_extra_payloads/reconnaissance/Win/directly_ready/Bruce-Scripts-Heaven_BAD/atomiczsec-BadUSB/OMG/payloads/Printer-Recon/payload.txt,sd_card_mirror/badusb/!repo/works_both/reconnaissance/Win/directly_ready/Bruce-Scripts-Heaven_BAD/atomiczsec-BadUSB/OMG/payloads/Printer-Recon/payload.txt,works_both
sd_card_content/badusb_extra_payloads/reconnaissance/Win/directly_ready/Bruce-Scripts-Heaven_BAD/atomiczsec-BadUSB/FlipperZero/payloads/Printer-Recon/payload.txt,sd_card_mirror/badusb/!repo/works_both/reconnaissance/Win/directly_ready/Bruce-Scripts-Heaven_BAD/atomiczsec-BadUSB/FlipperZero/payloads/Printer-Recon/payload.txt,works_both
sd_card_content/badusb_extra_payloads/reconnaissance/Win/directly_ready/Bruce-Scripts-Heaven_BAD/x-frame-options_scanner/recon_files/assets/js/constants.js,sd_card_mirror/badusb/!repo/works_both/reconnaissance/Win/directly_ready/Bruce-Scripts-Heaven_BAD/x-frame-options_scanner/recon_files/assets/js/constants.js,works_both
sd_card_content/badusb_extra_payloads/reconnaissance/Win/directly_ready/Bruce-Scripts-Heaven_BAD/x-frame-options_scanner/recon_files/assets/js/main.js,sd_card_mirror/badusb/!repo/works_both/reconnaissance/Win/directly_ready/Bruce-Scripts-Heaven_BAD/x-frame-options_scanner/recon_files/assets/js/main.js,works_both
sd_card_content/badusb_extra_payloads/reconnaissance/Win/directly_ready/Bruce-Scripts-Heaven_BAD/x-frame-options_scanner/recon_files/assets/js/functions/sleep.js,sd_card_mirror/badusb/!repo/works_both/reconnaissance/Win/directly_ready/Bruce-Scripts-Heaven_BAD/x-frame-options_scanner/recon_files/assets/js/functions/sleep.js,works_both
sd_card_content/badusb_extra_payloads/reconnaissance/Win/directly_ready/Bruce-Scripts-Heaven_BAD/x-frame-options_scanner/recon_files/assets/js/functions/targets.js,sd_card_mirror/badusb/!repo/works_both/reconnaissance/Win/directly_ready/Bruce-Scripts-Heaven_BAD/x-frame-options_scanner/recon_files/assets/js/functions/targets.js,works_both
sd_card_content/badusb_extra_payloads/reconnaissance/Win/directly_ready/Bruce-Scripts-Heaven_BAD/x-frame-options_scanner/recon_files/assets/js/functions/recon.js,sd_card_mirror/badusb/!repo/works_both/reconnaissance/Win/directly_ready/Bruce-Scripts-Heaven_BAD/x-frame-options_scanner/recon_files/assets/js/functions/recon.js,works_both
sd_card_content/badusb_extra_payloads/reconnaissance/Win/configuration_needed/BadUsb-Library/Desktop Screenshare over LAN.txt,sd_card_mirror/badusb/!repo/works_both/reconnaissance/Win/configuration_needed/BadUsb-Library/Desktop Screenshare over LAN.txt,works_both
sd_card_content/badusb_extra_payloads/reconnaissance/Win/configuration_needed/BadUsb-Library/Record-Screen-to-Discord.txt.txt,sd_card_mirror/badusb/!repo/works_both/reconnaissance/Win/configuration_needed/BadUsb-Library/Record-Screen-to-Discord.txt.txt,works_both
sd_card_content/badusb_extra_payloads/reconnaissance/Win/configuration_needed/BadUsb-Library/Exfiltrate Files to USB Drive.txt,sd_card_mirror/badusb/!repo/works_both/reconnaissance/Win/configuration_needed/BadUsb-Library/Exfiltrate Files to USB Drive.txt,works_both
sd_card_content/badusb_extra_payloads/reconnaissance/Win/configuration_needed/BadUsb-Library/Exfiltrate files to DropBox.txt,sd_card_mirror/badusb/!repo/works_both/reconnaissance/Win/configuration_needed/BadUsb-Library/Exfiltrate files to DropBox.txt,works_both
sd_card_content/badusb_extra_payloads/reconnaissance/Win/configuration_needed/BadUsb-Library/Record-Mic-to-Discord.txt.txt,sd_card_mirror/badusb/!repo/works_both/reconnaissance/Win/configuration_needed/BadUsb-Library/Record-Mic-to-Discord.txt.txt,works_both
sd_card_content/badusb_extra_payloads/reconnaissance/Win/configuration_needed/BadUsb-Library/Discord WiFi Grabber 2.txt,sd_card_mirror/badusb/!repo/works_both/reconnaissance/Win/configuration_needed/BadUsb-Library/Discord WiFi Grabber 2.txt,works_both
sd_card_content/badusb_extra_payloads/reconnaissance/Win/configuration_needed/BadUsb-Library/Discord WiFi Grabber.txt,sd_card_mirror/badusb/!repo/works_both/reconnaissance/Win/configuration_needed/BadUsb-Library/Discord WiFi Grabber.txt,works_both
sd_card_content/badusb_extra_payloads/reconnaissance/Win/configuration_needed/BadUsb-Library/Email System & User Information.txt,sd_card_mirror/badusb/!repo/works_both/reconnaissance/Win/configuration_needed/BadUsb-Library/Email System & User Information.txt,works_both
sd_card_content/badusb_extra_payloads/reconnaissance/Win/configuration_needed/BadUsb-Library/Desktop Screenshare over Netcat.txt,sd_card_mirror/badusb/!repo/works_both/reconnaissance/Win/configuration_needed/BadUsb-Library/Desktop Screenshare over Netcat.txt,works_both
sd_card_content/badusb_extra_payloads/reconnaissance/Win/configuration_needed/BadUsb-Library/Installed Programs and Eventlogs to File.txt,sd_card_mirror/badusb/!repo/works_both/reconnaissance/Win/configuration_needed/BadUsb-Library/Installed Programs and Eventlogs to File.txt,works_both
sd_card_content/badusb_extra_payloads/reconnaissance/Win/configuration_needed/BadUsb-Library/Exfiltrate files to Discord.txt,sd_card_mirror/badusb/!repo/works_both/reconnaissance/Win/configuration_needed/BadUsb-Library/Exfiltrate files to Discord.txt,works_both
sd_card_content/badusb_extra_payloads/reconnaissance/Win/configuration_needed/BadUsb-Library/Exfiltrate files to Telegram.txt,sd_card_mirror/badusb/!repo/works_both/reconnaissance/Win/configuration_needed/BadUsb-Library/Exfiltrate files to Telegram.txt,works_both
sd_card_content/badusb_extra_payloads/reconnaissance/Win/configuration_needed/BadUsb-Library/Speech-to-Discord.txt.txt,sd_card_mirror/badusb/!repo/works_both/reconnaissance/Win/configuration_needed/BadUsb-Library/Speech-to-Discord.txt.txt,works_both
sd_card_content/badusb_extra_payloads/reconnaissance/Win/configuration_needed/BadUsb-Library/Email System Info with Screenshot.txt,sd_card_mirror/badusb/!repo/works_both/reconnaissance/Win/configuration_needed/BadUsb-Library/Email System Info with Screenshot.txt,works_both
sd_card_content/badusb_extra_payloads/reconnaissance/Win/configuration_needed/BadUsb-Library/Screenshot to Telegram.txt,sd_card_mirror/badusb/!repo/works_both/reconnaissance/Win/configuration_needed/BadUsb-Library/Screenshot to Telegram.txt,works_both
sd_card_content/badusb_extra_payloads/reconnaissance/iOS/directly_ready/Bruce-Scripts-Heaven_BAD/MacOS-narstybits/RECON/flipper_only/Nmap Scan to Iphone.txt,sd_card_mirror/badusb/!repo/flipper_only/reconnaissance/iOS/directly_ready/Bruce-Scripts-Heaven_BAD/MacOS-narstybits/RECON/flipper_only/Nmap Scan to Iphone.txt,flipper_only
sd_card_content/badusb_extra_payloads/reconnaissance/iOS/directly_ready/Bruce-Scripts-Heaven_BAD/MacOS-narstybits/RECON/flipper_only/Info Infiltrator to Iphone.txt,sd_card_mirror/badusb/!repo/flipper_only/reconnaissance/iOS/directly_ready/Bruce-Scripts-Heaven_BAD/MacOS-narstybits/RECON/flipper_only/Info Infiltrator to Iphone.txt,flipper_only
sd_card_content/badusb_extra_payloads/reconnaissance/iOS/directly_ready/Bruce-Scripts-Heaven_BAD/MacOS-narstybits/RECON/flipper_only/Arp table to Iphone.txt,sd_card_mirror/badusb/!repo/flipper_only/reconnaissance/iOS/directly_ready/Bruce-Scripts-Heaven_BAD/MacOS-narstybits/RECON/flipper_only/Arp table to Iphone.txt,flipper_only
sd_card_content/badusb_extra_payloads/reconnaissance/iOS/directly_ready/Bruce-Scripts-Heaven_BAD/MacOS-narstybits/RECON/flipper_only/Desktop file list to iPhone.txt,sd_card_mirror/badusb/!repo/flipper_only/reconnaissance/iOS/directly_ready/Bruce-Scripts-Heaven_BAD/MacOS-narstybits/RECON/flipper_only/Desktop file list to iPhone.txt,flipper_only
sd_card_content/badusb_extra_payloads/reconnaissance/iOS/directly_ready/Bruce-Scripts-Heaven_BAD/MacOS-narstybits/RECON/flipper_only/Public I.P. to Iphone.txt,sd_card_mirror/badusb/!repo/flipper_only/reconnaissance/iOS/directly_ready/Bruce-Scripts-Heaven_BAD/MacOS-narstybits/RECON/flipper_only/Public I.P. to Iphone.txt,flipper_only
sd_card_content/badusb_extra_payloads/reconnaissance/iOS/directly_ready/Bruce-Scripts-Heaven_BAD/MacOS-narstybits/RECON/flipper_only/Documents file list to iPhone.txt,sd_card_mirror/badusb/!repo/flipper_only/reconnaissance/iOS/directly_ready/Bruce-Scripts-Heaven_BAD/MacOS-narstybits/RECON/flipper_only/Documents file list to iPhone.txt,flipper_only
sd_card_content/badusb_extra_payloads/reconnaissance/iOS/directly_ready/Bruce-Scripts-Heaven_BAD/MacOS-narstybits/RECON/flipper_only/macOS System Log to iPhone.txt,sd_card_mirror/badusb/!repo/flipper_only/reconnaissance/iOS/directly_ready/Bruce-Scripts-Heaven_BAD/MacOS-narstybits/RECON/flipper_only/macOS System Log to iPhone.txt,flipper_only
sd_card_content/badusb_extra_payloads/BadUsb-Library/README.md,sd_card_mirror/badusb/!repo/works_both/BadUsb-Library/README.md,works_both
sd_card_content/badusb_extra_payloads/defense_evasion/Unix-like/macOS/directly_ready/BadUsb-Library/History-Cleaner.txt,sd_card_mirror/badusb/!repo/works_both/defense_evasion/Unix-like/macOS/directly_ready/BadUsb-Library/History-Cleaner.txt,works_both
sd_card_content/badusb_extra_payloads/defense_evasion/Unix-like/macOS/directly_ready/UberGuidoZ_BadUSB/MacOS-narstybits/README.md,sd_card_mirror/badusb/!repo/works_both/defense_evasion/Unix-like/macOS/directly_ready/UberGuidoZ_BadUSB/MacOS-narstybits/README.md,works_both
sd_card_content/badusb_extra_payloads/defense_evasion/Unix-like/macOS/directly_ready/UberGuidoZ_BadUSB/MacOS-narstybits/Obscurity Readme.md,sd_card_mirror/badusb/!repo/works_both/defense_evasion/Unix-like/macOS/directly_ready/UberGuidoZ_BadUSB/MacOS-narstybits/Obscurity Readme.md,works_both
sd_card_content/badusb_extra_payloads/defense_evasion/Unix-like/macOS/directly_ready/UberGuidoZ_BadUSB/NullSec-BadUSB/README.md,sd_card_mirror/badusb/!repo/works_both/defense_evasion/Unix-like/macOS/directly_ready/UberGuidoZ_BadUSB/NullSec-BadUSB/README.md,works_both
sd_card_content/badusb_extra_payloads/defense_evasion/Unix-like/macOS/directly_ready/Bruce-Scripts-Heaven_BAD/MacOS-narstybits/Obscurity/File Encryption.txt,sd_card_mirror/badusb/!repo/works_both/defense_evasion/Unix-like/macOS/directly_ready/Bruce-Scripts-Heaven_BAD/MacOS-narstybits/Obscurity/File Encryption.txt,works_both
sd_card_content/badusb_extra_payloads/defense_evasion/Unix-like/macOS/directly_ready/Bruce-Scripts-Heaven_BAD/MacOS-narstybits/Obscurity/flipper_only/Shadowsocks Tor Proxy Reverse.txt,sd_card_mirror/badusb/!repo/flipper_only/defense_evasion/Unix-like/macOS/directly_ready/Bruce-Scripts-Heaven_BAD/MacOS-narstybits/Obscurity/flipper_only/Shadowsocks Tor Proxy Reverse.txt,flipper_only
sd_card_content/badusb_extra_payloads/defense_evasion/Unix-like/macOS/directly_ready/Bruce-Scripts-Heaven_BAD/MacOS-narstybits/Obscurity/flipper_only/Shadowsocks Proxy Ninja.txt,sd_card_mirror/badusb/!repo/flipper_only/defense_evasion/Unix-like/macOS/directly_ready/Bruce-Scripts-Heaven_BAD/MacOS-narstybits/Obscurity/flipper_only/Shadowsocks Proxy Ninja.txt,flipper_only
sd_card_content/badusb_extra_payloads/defense_evasion/Unix-like/macOS/directly_ready/Bruce-Scripts-Heaven_BAD/MacOS-narstybits/Obscurity/flipper_only/DarkNet Angel.txt,sd_card_mirror/badusb/!repo/flipper_only/defense_evasion/Unix-like/macOS/directly_ready/Bruce-Scripts-Heaven_BAD/MacOS-narstybits/Obscurity/flipper_only/DarkNet Angel.txt,flipper_only
sd_card_content/badusb_extra_payloads/defense_evasion/Unix-like/macOS/directly_ready/Bruce-Scripts-Heaven_BAD/MacOS-narstybits/Obscurity/flipper_only/MacNetGhost.txt,sd_card_mirror/badusb/!repo/flipper_only/defense_evasion/Unix-like/macOS/directly_ready/Bruce-Scripts-Heaven_BAD/MacOS-narstybits/Obscurity/flipper_only/MacNetGhost.txt,flipper_only
sd_card_content/badusb_extra_payloads/defense_evasion/Unix-like/macOS/directly_ready/Bruce-Scripts-Heaven_BAD/MacOS-narstybits/Obscurity/flipper_only/MacCloak.txt,sd_card_mirror/badusb/!repo/flipper_only/defense_evasion/Unix-like/macOS/directly_ready/Bruce-Scripts-Heaven_BAD/MacOS-narstybits/Obscurity/flipper_only/MacCloak.txt,flipper_only
sd_card_content/badusb_extra_payloads/defense_evasion/Unix-like/macOS/directly_ready/Bruce-Scripts-Heaven_BAD/MacOS-narstybits/Obscurity/flipper_only/Network Padding Fury.txt,sd_card_mirror/badusb/!repo/flipper_only/defense_evasion/Unix-like/macOS/directly_ready/Bruce-Scripts-Heaven_BAD/MacOS-narstybits/Obscurity/flipper_only/Network Padding Fury.txt,flipper_only
sd_card_content/badusb_extra_payloads/defense_evasion/Unix-like/macOS/directly_ready/Bruce-Scripts-Heaven_BAD/MacOS-narstybits/Obscurity/flipper_only/Silent Server Creator.txt,sd_card_mirror/badusb/!repo/flipper_only/defense_evasion/Unix-like/macOS/directly_ready/Bruce-Scripts-Heaven_BAD/MacOS-narstybits/Obscurity/flipper_only/Silent Server Creator.txt,flipper_only
sd_card_content/badusb_extra_payloads/defense_evasion/Unix-like/macOS/directly_ready/Bruce-Scripts-Heaven_BAD/MacOS-narstybits/Obscurity/flipper_only/DarkNet Angel Restore.txt,sd_card_mirror/badusb/!repo/flipper_only/defense_evasion/Unix-like/macOS/directly_ready/Bruce-Scripts-Heaven_BAD/MacOS-narstybits/Obscurity/flipper_only/DarkNet Angel Restore.txt,flipper_only
sd_card_content/badusb_extra_payloads/defense_evasion/Unix-like/macOS/directly_ready/Bruce-Scripts-Heaven_BAD/MacOS-narstybits/Obscurity/flipper_only/Shadowsocks Tor Proxy.txt,sd_card_mirror/badusb/!repo/flipper_only/defense_evasion/Unix-like/macOS/directly_ready/Bruce-Scripts-Heaven_BAD/MacOS-narstybits/Obscurity/flipper_only/Shadowsocks Tor Proxy.txt,flipper_only
sd_card_content/badusb_extra_payloads/defense_evasion/Unix-like/macOS/directly_ready/Bruce-Scripts-Heaven_BAD/MacOS-narstybits/Obscurity/flipper_only/TCP Randomizer.txt,sd_card_mirror/badusb/!repo/flipper_only/defense_evasion/Unix-like/macOS/directly_ready/Bruce-Scripts-Heaven_BAD/MacOS-narstybits/Obscurity/flipper_only/TCP Randomizer.txt,flipper_only
sd_card_content/badusb_extra_payloads/defense_evasion/Unix-like/macOS/directly_ready/Bruce-Scripts-Heaven_BAD/MacOS-narstybits/Obscurity/flipper_only/Fragmentation Traffic Generator.txt,sd_card_mirror/badusb/!repo/flipper_only/defense_evasion/Unix-like/macOS/directly_ready/Bruce-Scripts-Heaven_BAD/MacOS-narstybits/Obscurity/flipper_only/Fragmentation Traffic Generator.txt,flipper_only
sd_card_content/badusb_extra_payloads/defense_evasion/Unix-like/macOS/directly_ready/Bruce-Scripts-Heaven_BAD/MacOS-narstybits/Obscurity/flipper_only/MacNetGhostRestore.txt,sd_card_mirror/badusb/!repo/flipper_only/defense_evasion/Unix-like/macOS/directly_ready/Bruce-Scripts-Heaven_BAD/MacOS-narstybits/Obscurity/flipper_only/MacNetGhostRestore.txt,flipper_only
sd_card_content/badusb_extra_payloads/defense_evasion/Unix-like/macOS/directly_ready/Bruce-Scripts-Heaven_BAD/MacOS-narstybits/Obscurity/flipper_only/MacCloak Reverse.txt,sd_card_mirror/badusb/!repo/flipper_only/defense_evasion/Unix-like/macOS/directly_ready/Bruce-Scripts-Heaven_BAD/MacOS-narstybits/Obscurity/flipper_only/MacCloak Reverse.txt,flipper_only
sd_card_content/badusb_extra_payloads/defense_evasion/Unix-like/macOS/directly_ready/Bruce-Scripts-Heaven_BAD/MacOS-narstybits/Obscurity/flipper_only/Shadowsocks Proxy Ninja Reverse.txt,sd_card_mirror/badusb/!repo/flipper_only/defense_evasion/Unix-like/macOS/directly_ready/Bruce-Scripts-Heaven_BAD/MacOS-narstybits/Obscurity/flipper_only/Shadowsocks Proxy Ninja Reverse.txt,flipper_only
sd_card_content/badusb_extra_payloads/defense_evasion/Unix-like/macOS/configuration_needed/BadUsb-Library/Log-Cleaner-Telegram.txt,sd_card_mirror/badusb/!repo/works_both/defense_evasion/Unix-like/macOS/configuration_needed/BadUsb-Library/Log-Cleaner-Telegram.txt,works_both
sd_card_content/badusb_extra_payloads/defense_evasion/Unix-like/Linux/directly_ready/BadUsb-Library/History-Cleaner.txt,sd_card_mirror/badusb/!repo/works_both/defense_evasion/Unix-like/Linux/directly_ready/BadUsb-Library/History-Cleaner.txt,works_both
sd_card_content/badusb_extra_payloads/defense_evasion/Unix-like/Linux/directly_ready/BadUsb-Library/Log-Wiper.txt,sd_card_mirror/badusb/!repo/works_both/defense_evasion/Unix-like/Linux/directly_ready/BadUsb-Library/Log-Wiper.txt,works_both
sd_card_content/badusb_extra_payloads/defense_evasion/Win/directly_ready/I-Am-Jakoby_BadUSB/Payloads/VoiceLogger/readme.md,sd_card_mirror/badusb/!repo/works_both/defense_evasion/Win/directly_ready/I-Am-Jakoby_BadUSB/Payloads/VoiceLogger/readme.md,works_both
sd_card_content/badusb_extra_payloads/defense_evasion/Win/directly_ready/magikh0e_BadUSB/Disable Firewall and Create An Admin Account.txt,sd_card_mirror/badusb/!repo/works_both/defense_evasion/Win/directly_ready/magikh0e_BadUSB/Disable Firewall and Create An Admin Account.txt,works_both
sd_card_content/badusb_extra_payloads/defense_evasion/Win/directly_ready/BadUsb-Library/BadUSB-Detect-and-Protect.txt,sd_card_mirror/badusb/!repo/works_both/defense_evasion/Win/directly_ready/BadUsb-Library/BadUSB-Detect-and-Protect.txt,works_both
sd_card_content/badusb_extra_payloads/defense_evasion/Win/directly_ready/UberGuidoZ_BadUSB/ReadMe.md,sd_card_mirror/badusb/!repo/works_both/defense_evasion/Win/directly_ready/UberGuidoZ_BadUSB/ReadMe.md,works_both
sd_card_content/badusb_extra_payloads/defense_evasion/Win/directly_ready/UberGuidoZ_BadUSB/UNC0V3R3D-BadUSB-Collection/Windows_Badusb/Execution/DisableFirewall/readme.md,sd_card_mirror/badusb/!repo/works_both/defense_evasion/Win/directly_ready/UberGuidoZ_BadUSB/UNC0V3R3D-BadUSB-Collection/Windows_Badusb/Execution/DisableFirewall/readme.md,works_both
sd_card_content/badusb_extra_payloads/defense_evasion/Win/directly_ready/UberGuidoZ_BadUSB/emptythevoid-BadUSB/bitlocker/bitlocker_disable.txt,sd_card_mirror/badusb/!repo/works_both/defense_evasion/Win/directly_ready/UberGuidoZ_BadUSB/emptythevoid-BadUSB/bitlocker/bitlocker_disable.txt,works_both
sd_card_content/badusb_extra_payloads/defense_evasion/Win/directly_ready/UberGuidoZ_BadUSB/emptythevoid-BadUSB/bitlocker/readme.md,sd_card_mirror/badusb/!repo/works_both/defense_evasion/Win/directly_ready/UberGuidoZ_BadUSB/emptythevoid-BadUSB/bitlocker/readme.md,works_both
sd_card_content/badusb_extra_payloads/defense_evasion/Win/directly_ready/UberGuidoZ_BadUSB/NullSec-BadUSB/04_DisableDefender.txt,sd_card_mirror/badusb/!repo/works_both/defense_evasion/Win/directly_ready/UberGuidoZ_BadUSB/NullSec-BadUSB/04_DisableDefender.txt,works_both
sd_card_content/badusb_extra_payloads/defense_evasion/Win/directly_ready/Bruce-Scripts-Heaven_BAD/Kiosk-Evasion-Bruteforce.txt,sd_card_mirror/badusb/!repo/works_both/defense_evasion/Win/directly_ready/Bruce-Scripts-Heaven_BAD/Kiosk-Evasion-Bruteforce.txt,works_both
sd_card_content/badusb_extra_payloads/defense_evasion/Win/directly_ready/Bruce-Scripts-Heaven_BAD/BadUSB-FalsePhilosopher/Ducky/Ducky-Framework/payloads/win/disableDefenderWithPowersh/disableDefenderWithPowersh.txt,sd_card_mirror/badusb/!repo/works_both/defense_evasion/Win/directly_ready/Bruce-Scripts-Heaven_BAD/BadUSB-FalsePhilosopher/Ducky/Ducky-Framework/payloads/win/disableDefenderWithPowersh/disableDefenderWithPowersh.txt,works_both
sd_card_content/badusb_extra_payloads/defense_evasion/Win/directly_ready/Bruce-Scripts-Heaven_BAD/BadUSB-FalsePhilosopher/Ducky/Ducky-Framework/payloads/win/chromeStealPassWin7/chromeStealPassWin7.txt,sd_card_mirror/badusb/!repo/works_both/defense_evasion/Win/directly_ready/Bruce-Scripts-Heaven_BAD/BadUSB-FalsePhilosopher/Ducky/Ducky-Framework/payloads/win/chromeStealPassWin7/chromeStealPassWin7.txt,works_both
sd_card_content/badusb_extra_payloads/defense_evasion/Win/directly_ready/Bruce-Scripts-Heaven_BAD/BadUSB-FalsePhilosopher/Ducky/Ducky-Framework/payloads/win/disableDefender/disableDefender.txt,sd_card_mirror/badusb/!repo/works_both/defense_evasion/Win/directly_ready/Bruce-Scripts-Heaven_BAD/BadUSB-FalsePhilosopher/Ducky/Ducky-Framework/payloads/win/disableDefender/disableDefender.txt,works_both
sd_card_content/badusb_extra_payloads/defense_evasion/Win/directly_ready/Bruce-Scripts-Heaven_BAD/BadUSB-FalsePhilosopher/Ducky/Ducky-Framework/payloads/win/wifigrab/wifigrab.txt,sd_card_mirror/badusb/!repo/works_both/defense_evasion/Win/directly_ready/Bruce-Scripts-Heaven_BAD/BadUSB-FalsePhilosopher/Ducky/Ducky-Framework/payloads/win/wifigrab/wifigrab.txt,works_both
sd_card_content/badusb_extra_payloads/defense_evasion/Win/directly_ready/Bruce-Scripts-Heaven_BAD/BadUSB-FalsePhilosopher/Ducky/Ducky-Framework/payloads/win/disableDefender2/disableDefender2.txt,sd_card_mirror/badusb/!repo/works_both/defense_evasion/Win/directly_ready/Bruce-Scripts-Heaven_BAD/BadUSB-FalsePhilosopher/Ducky/Ducky-Framework/payloads/win/disableDefender2/disableDefender2.txt,works_both
sd_card_content/badusb_extra_payloads/defense_evasion/Win/directly_ready/Bruce-Scripts-Heaven_BAD/Jakoby_BadUSB/Payloads/kiosk-evasion-payload.txt,sd_card_mirror/badusb/!repo/works_both/defense_evasion/Win/directly_ready/Bruce-Scripts-Heaven_BAD/Jakoby_BadUSB/Payloads/kiosk-evasion-payload.txt,works_both
sd_card_content/badusb_extra_payloads/defense_evasion/Win/directly_ready/Bruce-Scripts-Heaven_BAD/execution/Win/Kiosk-evasion/kiosk-evasion-payload.txt,sd_card_mirror/badusb/!repo/works_both/defense_evasion/Win/directly_ready/Bruce-Scripts-Heaven_BAD/execution/Win/Kiosk-evasion/kiosk-evasion-payload.txt,works_both
sd_card_content/badusb_extra_payloads/defense_evasion/Win/directly_ready/Bruce-Scripts-Heaven_BAD/UNC0V3R3D-BadUSB/BadUsb-Collection/Windows_Badusb/Execution/DisableFirewall/DisableFirewall.txt,sd_card_mirror/badusb/!repo/works_both/defense_evasion/Win/directly_ready/Bruce-Scripts-Heaven_BAD/UNC0V3R3D-BadUSB/BadUsb-Collection/Windows_Badusb/Execution/DisableFirewall/DisableFirewall.txt,works_both
sd_card_content/badusb_extra_payloads/_unclassified/I-Am-Jakoby_BadUSB/Payloads/Flip-MustSub/MustSub.ps1,sd_card_mirror/badusb/!repo/works_both/_unclassified/I-Am-Jakoby_BadUSB/Payloads/Flip-MustSub/MustSub.ps1,works_both
sd_card_content/badusb_extra_payloads/_unclassified/I-Am-Jakoby_BadUSB/Payloads/Flip-MustSub/MustSub-Execute.txt,sd_card_mirror/badusb/!repo/works_both/_unclassified/I-Am-Jakoby_BadUSB/Payloads/Flip-MustSub/MustSub-Execute.txt,works_both
sd_card_content/badusb_extra_payloads/_unclassified/I-Am-Jakoby_BadUSB/Payloads/Flip-MustSub/Readme.md,sd_card_mirror/badusb/!repo/works_both/_unclassified/I-Am-Jakoby_BadUSB/Payloads/Flip-MustSub/Readme.md,works_both
sd_card_content/badusb_extra_payloads/_unclassified/I-Am-Jakoby_BadUSB/Payloads/Flip-YT-Tripwire/ReadMe.md,sd_card_mirror/badusb/!repo/works_both/_unclassified/I-Am-Jakoby_BadUSB/Payloads/Flip-YT-Tripwire/ReadMe.md,works_both
sd_card_content/badusb_extra_payloads/_unclassified/I-Am-Jakoby_BadUSB/Payloads/Flip-PineApple/README.md,sd_card_mirror/badusb/!repo/works_both/_unclassified/I-Am-Jakoby_BadUSB/Payloads/Flip-PineApple/README.md,works_both
sd_card_content/badusb_extra_payloads/_unclassified/I-Am-Jakoby_BadUSB/Payloads/Flip-Play-WAV/Play-WAV.txt,sd_card_mirror/badusb/!repo/works_both/_unclassified/I-Am-Jakoby_BadUSB/Payloads/Flip-Play-WAV/Play-WAV.txt,works_both
sd_card_content/badusb_extra_payloads/_unclassified/I-Am-Jakoby_BadUSB/Payloads/Flip-Play-WAV/README.md,sd_card_mirror/badusb/!repo/works_both/_unclassified/I-Am-Jakoby_BadUSB/Payloads/Flip-Play-WAV/README.md,works_both
sd_card_content/badusb_extra_payloads/_unclassified/I-Am-Jakoby_BadUSB/Payloads/Flip-Subscribe/Subscribe.txt,sd_card_mirror/badusb/!repo/works_both/_unclassified/I-Am-Jakoby_BadUSB/Payloads/Flip-Subscribe/Subscribe.txt,works_both
sd_card_content/badusb_extra_payloads/_unclassified/I-Am-Jakoby_BadUSB/Payloads/Flip-Subscribe/Subscribe.ps1,sd_card_mirror/badusb/!repo/works_both/_unclassified/I-Am-Jakoby_BadUSB/Payloads/Flip-Subscribe/Subscribe.ps1,works_both
sd_card_content/badusb_extra_payloads/_unclassified/I-Am-Jakoby_BadUSB/Payloads/Flip-Subscribe/README.md,sd_card_mirror/badusb/!repo/works_both/_unclassified/I-Am-Jakoby_BadUSB/Payloads/Flip-Subscribe/README.md,works_both
sd_card_content/badusb_extra_payloads/_unclassified/I-Am-Jakoby_BadUSB/Payloads/Debug/Debug.ps1,sd_card_mirror/badusb/!repo/works_both/_unclassified/I-Am-Jakoby_BadUSB/Payloads/Debug/Debug.ps1,works_both
sd_card_content/badusb_extra_payloads/_unclassified/I-Am-Jakoby_BadUSB/Payloads/Flip-PS-Draw/Images/omg-ico.png,sd_card_mirror/badusb/!repo/works_both/_unclassified/I-Am-Jakoby_BadUSB/Payloads/Flip-PS-Draw/Images/omg-ico.png,works_both
sd_card_content/badusb_extra_payloads/_unclassified/I-Am-Jakoby_BadUSB/Payloads/Flip-PS-Draw/Images/ps-omg.jpg,sd_card_mirror/badusb/!repo/works_both/_unclassified/I-Am-Jakoby_BadUSB/Payloads/Flip-PS-Draw/Images/ps-omg.jpg,works_both
sd_card_content/badusb_extra_payloads/_unclassified/I-Am-Jakoby_BadUSB/Payloads/Flip-PS-Draw/Images/images,sd_card_mirror/badusb/!repo/works_both/_unclassified/I-Am-Jakoby_BadUSB/Payloads/Flip-PS-Draw/Images/images,works_both
sd_card_content/badusb_extra_payloads/_unclassified/I-Am-Jakoby_BadUSB/Payloads/Flip-ShortcutJacker/Shortcut-Jacker.ps1,sd_card_mirror/badusb/!repo/works_both/_unclassified/I-Am-Jakoby_BadUSB/Payloads/Flip-ShortcutJacker/Shortcut-Jacker.ps1,works_both
sd_card_content/badusb_extra_payloads/_unclassified/I-Am-Jakoby_BadUSB/Payloads/Flip-ShortcutJacker/README.md,sd_card_mirror/badusb/!repo/works_both/_unclassified/I-Am-Jakoby_BadUSB/Payloads/Flip-ShortcutJacker/README.md,works_both
sd_card_content/badusb_extra_payloads/_unclassified/I-Am-Jakoby_BadUSB/Payloads/Flip-We-Found-You/We-Found-You.txt,sd_card_mirror/badusb/!repo/works_both/_unclassified/I-Am-Jakoby_BadUSB/Payloads/Flip-We-Found-You/We-Found-You.txt,works_both
sd_card_content/badusb_extra_payloads/_unclassified/I-Am-Jakoby_BadUSB/Payloads/Flip-EvilGoose/ReadMe.md,sd_card_mirror/badusb/!repo/works_both/_unclassified/I-Am-Jakoby_BadUSB/Payloads/Flip-EvilGoose/ReadMe.md,works_both
sd_card_content/badusb_extra_payloads/_unclassified/I-Am-Jakoby_BadUSB/Payloads/Flip-EvilGoose/EvilGoose.txt,sd_card_mirror/badusb/!repo/works_both/_unclassified/I-Am-Jakoby_BadUSB/Payloads/Flip-EvilGoose/EvilGoose.txt,works_both
sd_card_content/badusb_extra_payloads/_unclassified/UberGuidoZ_BadUSB/UNC0V3R3D-BadUSB-Collection/language.ps1,sd_card_mirror/badusb/!repo/works_both/_unclassified/UberGuidoZ_BadUSB/UNC0V3R3D-BadUSB-Collection/language.ps1,works_both
sd_card_content/badusb_extra_payloads/_unclassified/UberGuidoZ_BadUSB/UNC0V3R3D-BadUSB-Collection/Windows_Badusb/ASCII/DownLoadAscii/readme.md,sd_card_mirror/badusb/!repo/works_both/_unclassified/UberGuidoZ_BadUSB/UNC0V3R3D-BadUSB-Collection/Windows_Badusb/ASCII/DownLoadAscii/readme.md,works_both
sd_card_content/badusb_extra_payloads/_unclassified/UberGuidoZ_BadUSB/UNC0V3R3D-BadUSB-Collection/Windows_Badusb/ASCII/Selfwriting/readme.md,sd_card_mirror/badusb/!repo/works_both/_unclassified/UberGuidoZ_BadUSB/UNC0V3R3D-BadUSB-Collection/Windows_Badusb/ASCII/Selfwriting/readme.md,works_both
sd_card_content/badusb_extra_payloads/_unclassified/UberGuidoZ_BadUSB/UNC0V3R3D-BadUSB-Collection/Windows_Badusb/Execution/ActivateRDP/readme.md,sd_card_mirror/badusb/!repo/works_both/_unclassified/UberGuidoZ_BadUSB/UNC0V3R3D-BadUSB-Collection/Windows_Badusb/Execution/ActivateRDP/readme.md,works_both
sd_card_content/badusb_extra_payloads/_unclassified/UberGuidoZ_BadUSB/UNC0V3R3D-BadUSB-Collection/Windows_Badusb/Execution/StickyKeysSWAP/readme.md,sd_card_mirror/badusb/!repo/works_both/_unclassified/UberGuidoZ_BadUSB/UNC0V3R3D-BadUSB-Collection/Windows_Badusb/Execution/StickyKeysSWAP/readme.md,works_both
sd_card_content/badusb_extra_payloads/_unclassified/UberGuidoZ_BadUSB/UNC0V3R3D-BadUSB-Collection/Windows_Badusb/Execution/ChangeWinUsername/readme.md,sd_card_mirror/badusb/!repo/works_both/_unclassified/UberGuidoZ_BadUSB/UNC0V3R3D-BadUSB-Collection/Windows_Badusb/Execution/ChangeWinUsername/readme.md,works_both
sd_card_content/badusb_extra_payloads/_unclassified/UberGuidoZ_BadUSB/UNC0V3R3D-BadUSB-Collection/Windows_Badusb/Execution/DownloadAnyEXE/readme.md,sd_card_mirror/badusb/!repo/works_both/_unclassified/UberGuidoZ_BadUSB/UNC0V3R3D-BadUSB-Collection/Windows_Badusb/Execution/DownloadAnyEXE/readme.md,works_both
sd_card_content/badusb_extra_payloads/_unclassified/UberGuidoZ_BadUSB/UNC0V3R3D-BadUSB-Collection/Windows_Badusb/Execution/Invisible_DownExec/readme.md,sd_card_mirror/badusb/!repo/works_both/_unclassified/UberGuidoZ_BadUSB/UNC0V3R3D-BadUSB-Collection/Windows_Badusb/Execution/Invisible_DownExec/readme.md,works_both
sd_card_content/badusb_extra_payloads/_unclassified/UberGuidoZ_BadUSB/UNC0V3R3D-BadUSB-Collection/Windows_Badusb/Execution/OpenAnyPort/readme.md,sd_card_mirror/badusb/!repo/works_both/_unclassified/UberGuidoZ_BadUSB/UNC0V3R3D-BadUSB-Collection/Windows_Badusb/Execution/OpenAnyPort/readme.md,works_both
sd_card_content/badusb_extra_payloads/_unclassified/UberGuidoZ_BadUSB/UNC0V3R3D-BadUSB-Collection/Windows_Badusb/Execution/StartWifiAccessPoint/readme.md,sd_card_mirror/badusb/!repo/works_both/_unclassified/UberGuidoZ_BadUSB/UNC0V3R3D-BadUSB-Collection/Windows_Badusb/Execution/StartWifiAccessPoint/readme.md,works_both
sd_card_content/badusb_extra_payloads/_unclassified/UberGuidoZ_BadUSB/UNC0V3R3D-BadUSB-Collection/Windows_Badusb/Execution/DNS_Cache_Poison/readme.md,sd_card_mirror/badusb/!repo/works_both/_unclassified/UberGuidoZ_BadUSB/UNC0V3R3D-BadUSB-Collection/Windows_Badusb/Execution/DNS_Cache_Poison/readme.md,works_both
sd_card_content/badusb_extra_payloads/_unclassified/UberGuidoZ_BadUSB/UNC0V3R3D-BadUSB-Collection/Windows_Badusb/Execution/setWinPass/readme.md,sd_card_mirror/badusb/!repo/works_both/_unclassified/UberGuidoZ_BadUSB/UNC0V3R3D-BadUSB-Collection/Windows_Badusb/Execution/setWinPass/readme.md,works_both
sd_card_content/badusb_extra_payloads/_unclassified/UberGuidoZ_BadUSB/UNC0V3R3D-BadUSB-Collection/Windows_Badusb/Execution/RemoveWindowsUpdate/readme.md,sd_card_mirror/badusb/!repo/works_both/_unclassified/UberGuidoZ_BadUSB/UNC0V3R3D-BadUSB-Collection/Windows_Badusb/Execution/RemoveWindowsUpdate/readme.md,works_both
sd_card_content/badusb_extra_payloads/_unclassified/UberGuidoZ_BadUSB/UNC0V3R3D-BadUSB-Collection/Windows_Badusb/Execution/Create_New_Windows_Admin/readme.md,sd_card_mirror/badusb/!repo/works_both/_unclassified/UberGuidoZ_BadUSB/UNC0V3R3D-BadUSB-Collection/Windows_Badusb/Execution/Create_New_Windows_Admin/readme.md,works_both
sd_card_content/badusb_extra_payloads/_unclassified/UberGuidoZ_BadUSB/UNC0V3R3D-BadUSB-Collection/Windows_Badusb/Execution/Invisible_DownExec_Zip_Extract/readme.md,sd_card_mirror/badusb/!repo/works_both/_unclassified/UberGuidoZ_BadUSB/UNC0V3R3D-BadUSB-Collection/Windows_Badusb/Execution/Invisible_DownExec_Zip_Extract/readme.md,works_both
sd_card_content/badusb_extra_payloads/_unclassified/UberGuidoZ_BadUSB/UNC0V3R3D-BadUSB-Collection/Windows_Badusb/Execution/Disable_WinDefender/readme.md,sd_card_mirror/badusb/!repo/works_both/_unclassified/UberGuidoZ_BadUSB/UNC0V3R3D-BadUSB-Collection/Windows_Badusb/Execution/Disable_WinDefender/readme.md,works_both
sd_card_content/badusb_extra_payloads/_unclassified/UberGuidoZ_BadUSB/UNC0V3R3D-BadUSB-Collection/Windows_Badusb/FUN/Cartman/readme.md,sd_card_mirror/badusb/!repo/works_both/_unclassified/UberGuidoZ_BadUSB/UNC0V3R3D-BadUSB-Collection/Windows_Badusb/FUN/Cartman/readme.md,works_both
sd_card_content/badusb_extra_payloads/_unclassified/UberGuidoZ_BadUSB/UNC0V3R3D-BadUSB-Collection/Windows_Badusb/FUN/End_Processes/readme.md,sd_card_mirror/badusb/!repo/works_both/_unclassified/UberGuidoZ_BadUSB/UNC0V3R3D-BadUSB-Collection/Windows_Badusb/FUN/End_Processes/readme.md,works_both
sd_card_content/badusb_extra_payloads/_unclassified/UberGuidoZ_BadUSB/UNC0V3R3D-BadUSB-Collection/Windows_Badusb/FUN/NoMoreSound/readme.md,sd_card_mirror/badusb/!repo/works_both/_unclassified/UberGuidoZ_BadUSB/UNC0V3R3D-BadUSB-Collection/Windows_Badusb/FUN/NoMoreSound/readme.md,works_both
sd_card_content/badusb_extra_payloads/_unclassified/UberGuidoZ_BadUSB/UNC0V3R3D-BadUSB-Collection/Windows_Badusb/FUN/CarefulWithThis/JustAmongUs/readme.md,sd_card_mirror/badusb/!repo/works_both/_unclassified/UberGuidoZ_BadUSB/UNC0V3R3D-BadUSB-Collection/Windows_Badusb/FUN/CarefulWithThis/JustAmongUs/readme.md,works_both
sd_card_content/badusb_extra_payloads/_unclassified/UberGuidoZ_BadUSB/UNC0V3R3D-BadUSB-Collection/Windows_Badusb/FUN/Deactivate_Networkadapters/readme.md,sd_card_mirror/badusb/!repo/works_both/_unclassified/UberGuidoZ_BadUSB/UNC0V3R3D-BadUSB-Collection/Windows_Badusb/FUN/Deactivate_Networkadapters/readme.md,works_both
sd_card_content/badusb_extra_payloads/_unclassified/UberGuidoZ_BadUSB/UNC0V3R3D-BadUSB-Collection/Windows_Badusb/FUN/justdance/readme.md,sd_card_mirror/badusb/!repo/works_both/_unclassified/UberGuidoZ_BadUSB/UNC0V3R3D-BadUSB-Collection/Windows_Badusb/FUN/justdance/readme.md,works_both
sd_card_content/badusb_extra_payloads/_unclassified/UberGuidoZ_BadUSB/UNC0V3R3D-BadUSB-Collection/Windows_Badusb/FUN/Change_Zoom/readme.md,sd_card_mirror/badusb/!repo/works_both/_unclassified/UberGuidoZ_BadUSB/UNC0V3R3D-BadUSB-Collection/Windows_Badusb/FUN/Change_Zoom/readme.md,works_both
sd_card_content/badusb_extra_payloads/_unclassified/UberGuidoZ_BadUSB/UNC0V3R3D-BadUSB-Collection/Windows_Badusb/FUN/Rotate_Monitor/readme.md,sd_card_mirror/badusb/!repo/works_both/_unclassified/UberGuidoZ_BadUSB/UNC0V3R3D-BadUSB-Collection/Windows_Badusb/FUN/Rotate_Monitor/readme.md,works_both
sd_card_content/badusb_extra_payloads/_unclassified/UberGuidoZ_BadUSB/UNC0V3R3D-BadUSB-Collection/Windows_Badusb/FUN/Matrix_Rain_CMD/readme.md,sd_card_mirror/badusb/!repo/works_both/_unclassified/UberGuidoZ_BadUSB/UNC0V3R3D-BadUSB-Collection/Windows_Badusb/FUN/Matrix_Rain_CMD/readme.md,works_both
sd_card_content/badusb_extra_payloads/_unclassified/UberGuidoZ_BadUSB/UNC0V3R3D-BadUSB-Collection/Windows_Badusb/FUN/ComputerTalks/readme.md,sd_card_mirror/badusb/!repo/works_both/_unclassified/UberGuidoZ_BadUSB/UNC0V3R3D-BadUSB-Collection/Windows_Badusb/FUN/ComputerTalks/readme.md,works_both
sd_card_content/badusb_extra_payloads/_unclassified/UberGuidoZ_BadUSB/UNC0V3R3D-BadUSB-Collection/Windows_Badusb/FUN/FakeVirus/readme.md,sd_card_mirror/badusb/!repo/works_both/_unclassified/UberGuidoZ_BadUSB/UNC0V3R3D-BadUSB-Collection/Windows_Badusb/FUN/FakeVirus/readme.md,works_both
sd_card_content/badusb_extra_payloads/_unclassified/UberGuidoZ_BadUSB/UNC0V3R3D-BadUSB-Collection/iPhone_Badusb/open-website/readme.md,sd_card_mirror/badusb/!repo/works_both/_unclassified/UberGuidoZ_BadUSB/UNC0V3R3D-BadUSB-Collection/iPhone_Badusb/open-website/readme.md,works_both
sd_card_content/badusb_extra_payloads/_unclassified/UberGuidoZ_BadUSB/s4dic - BadUSB/passwordgrabber/mdponly,sd_card_mirror/badusb/!repo/works_both/_unclassified/UberGuidoZ_BadUSB/s4dic - BadUSB/passwordgrabber/mdponly,works_both
sd_card_content/badusb_extra_payloads/_unclassified/UberGuidoZ_BadUSB/Discord_FAQ/ReadMe.md,sd_card_mirror/badusb/!repo/works_both/_unclassified/UberGuidoZ_BadUSB/Discord_FAQ/ReadMe.md,works_both
sd_card_content/badusb_extra_payloads/_unclassified/UberGuidoZ_BadUSB/Water-UnMark/README.md,sd_card_mirror/badusb/!repo/works_both/_unclassified/UberGuidoZ_BadUSB/Water-UnMark/README.md,works_both
sd_card_content/badusb_extra_payloads/_unclassified/UberGuidoZ_BadUSB/Screen-Shock/I.bat,sd_card_mirror/badusb/!repo/works_both/_unclassified/UberGuidoZ_BadUSB/Screen-Shock/I.bat,works_both
sd_card_content/badusb_extra_payloads/_unclassified/UberGuidoZ_BadUSB/DuckyScript_UDL/ReadMe.md,sd_card_mirror/badusb/!repo/works_both/_unclassified/UberGuidoZ_BadUSB/DuckyScript_UDL/ReadMe.md,works_both
sd_card_content/badusb_extra_payloads/_unclassified/UberGuidoZ_BadUSB/BadUSB-MarkCyber/Emails/GenerateEmailScripts.py,sd_card_mirror/badusb/!repo/works_both/_unclassified/UberGuidoZ_BadUSB/BadUSB-MarkCyber/Emails/GenerateEmailScripts.py,works_both
sd_card_content/badusb_extra_payloads/_unclassified/UberGuidoZ_BadUSB/chromeOS/README.md,sd_card_mirror/badusb/!repo/works_both/_unclassified/UberGuidoZ_BadUSB/chromeOS/README.md,works_both
sd_card_content/badusb_extra_payloads/_unclassified/UberGuidoZ_BadUSB/emptythevoid-BadUSB/ReadMe.md,sd_card_mirror/badusb/!repo/works_both/_unclassified/UberGuidoZ_BadUSB/emptythevoid-BadUSB/ReadMe.md,works_both
sd_card_content/badusb_extra_payloads/_unclassified/UberGuidoZ_BadUSB/emptythevoid-BadUSB/windows_helpers/check_for_updates_win11.txt,sd_card_mirror/badusb/!repo/works_both/_unclassified/UberGuidoZ_BadUSB/emptythevoid-BadUSB/windows_helpers/check_for_updates_win11.txt,works_both
sd_card_content/badusb_extra_payloads/_unclassified/UberGuidoZ_BadUSB/emptythevoid-BadUSB/windows_helpers/check_for_updates_win10.txt,sd_card_mirror/badusb/!repo/works_both/_unclassified/UberGuidoZ_BadUSB/emptythevoid-BadUSB/windows_helpers/check_for_updates_win10.txt,works_both
sd_card_content/badusb_extra_payloads/_unclassified/UberGuidoZ_BadUSB/emptythevoid-BadUSB/windows_helpers/windows_eastern_timezone.txt,sd_card_mirror/badusb/!repo/works_both/_unclassified/UberGuidoZ_BadUSB/emptythevoid-BadUSB/windows_helpers/windows_eastern_timezone.txt,works_both
sd_card_content/badusb_extra_payloads/_unclassified/UberGuidoZ_BadUSB/emptythevoid-BadUSB/windows_helpers/shutdown_commandline.txt,sd_card_mirror/badusb/!repo/works_both/_unclassified/UberGuidoZ_BadUSB/emptythevoid-BadUSB/windows_helpers/shutdown_commandline.txt,works_both
sd_card_content/badusb_extra_payloads/_unclassified/UberGuidoZ_BadUSB/emptythevoid-BadUSB/windows_helpers/README.md,sd_card_mirror/badusb/!repo/works_both/_unclassified/UberGuidoZ_BadUSB/emptythevoid-BadUSB/windows_helpers/README.md,works_both
sd_card_content/badusb_extra_payloads/_unclassified/UberGuidoZ_BadUSB/emptythevoid-BadUSB/read_write_to_mass storage/copy-and-execute-example.txt,sd_card_mirror/badusb/!repo/works_both/_unclassified/UberGuidoZ_BadUSB/emptythevoid-BadUSB/read_write_to_mass storage/copy-and-execute-example.txt,works_both
sd_card_content/badusb_extra_payloads/_unclassified/UberGuidoZ_BadUSB/emptythevoid-BadUSB/read_write_to_mass storage/wait-for-drive-example.txt,sd_card_mirror/badusb/!repo/works_both/_unclassified/UberGuidoZ_BadUSB/emptythevoid-BadUSB/read_write_to_mass storage/wait-for-drive-example.txt,works_both
sd_card_content/badusb_extra_payloads/_unclassified/UberGuidoZ_BadUSB/emptythevoid-BadUSB/Zoom_Controls/Zoom_Controls_Windows/Mute_toggle.txt,sd_card_mirror/badusb/!repo/works_both/_unclassified/UberGuidoZ_BadUSB/emptythevoid-BadUSB/Zoom_Controls/Zoom_Controls_Windows/Mute_toggle.txt,works_both
sd_card_content/badusb_extra_payloads/_unclassified/UberGuidoZ_BadUSB/emptythevoid-BadUSB/Zoom_Controls/Zoom_Controls_Windows/Video_toggle.txt,sd_card_mirror/badusb/!repo/works_both/_unclassified/UberGuidoZ_BadUSB/emptythevoid-BadUSB/Zoom_Controls/Zoom_Controls_Windows/Video_toggle.txt,works_both
sd_card_content/badusb_extra_payloads/_unclassified/UberGuidoZ_BadUSB/emptythevoid-BadUSB/Zoom_Controls/Zoom_Controls_Mac/Mute_toggle.txt,sd_card_mirror/badusb/!repo/works_both/_unclassified/UberGuidoZ_BadUSB/emptythevoid-BadUSB/Zoom_Controls/Zoom_Controls_Mac/Mute_toggle.txt,works_both
sd_card_content/badusb_extra_payloads/_unclassified/UberGuidoZ_BadUSB/emptythevoid-BadUSB/Zoom_Controls/Zoom_Controls_Mac/Video_toggle.txt,sd_card_mirror/badusb/!repo/works_both/_unclassified/UberGuidoZ_BadUSB/emptythevoid-BadUSB/Zoom_Controls/Zoom_Controls_Mac/Video_toggle.txt,works_both
sd_card_content/badusb_extra_payloads/_unclassified/UberGuidoZ_BadUSB/emptythevoid-BadUSB/win10_install/win10_part1.txt,sd_card_mirror/badusb/!repo/works_both/_unclassified/UberGuidoZ_BadUSB/emptythevoid-BadUSB/win10_install/win10_part1.txt,works_both
sd_card_content/badusb_extra_payloads/_unclassified/UberGuidoZ_BadUSB/emptythevoid-BadUSB/win10_install/README.md,sd_card_mirror/badusb/!repo/works_both/_unclassified/UberGuidoZ_BadUSB/emptythevoid-BadUSB/win10_install/README.md,works_both
sd_card_content/badusb_extra_payloads/_unclassified/UberGuidoZ_BadUSB/emptythevoid-BadUSB/Linux_helpers/poweroff_linux.txt,sd_card_mirror/badusb/!repo/works_both/_unclassified/UberGuidoZ_BadUSB/emptythevoid-BadUSB/Linux_helpers/poweroff_linux.txt,works_both
sd_card_content/badusb_extra_payloads/_unclassified/UberGuidoZ_BadUSB/emptythevoid-BadUSB/red_dead_redemption_2/rdonline_sololobby_linux.txt,sd_card_mirror/badusb/!repo/works_both/_unclassified/UberGuidoZ_BadUSB/emptythevoid-BadUSB/red_dead_redemption_2/rdonline_sololobby_linux.txt,works_both
sd_card_content/badusb_extra_payloads/_unclassified/UberGuidoZ_BadUSB/emptythevoid-BadUSB/red_dead_redemption_2/Five_Finger_Filet/W/S/S/S/S/S/flipper_only/WSSSSS.txt,sd_card_mirror/badusb/!repo/flipper_only/_unclassified/UberGuidoZ_BadUSB/emptythevoid-BadUSB/red_dead_redemption_2/Five_Finger_Filet/W/S/S/S/S/S/flipper_only/WSSSSS.txt,flipper_only
sd_card_content/badusb_extra_payloads/_unclassified/UberGuidoZ_BadUSB/emptythevoid-BadUSB/red_dead_redemption_2/Five_Finger_Filet/W/S/S/S/S/A/flipper_only/WSSSSA.txt,sd_card_mirror/badusb/!repo/flipper_only/_unclassified/UberGuidoZ_BadUSB/emptythevoid-BadUSB/red_dead_redemption_2/Five_Finger_Filet/W/S/S/S/S/A/flipper_only/WSSSSA.txt,flipper_only
sd_card_content/badusb_extra_payloads/_unclassified/UberGuidoZ_BadUSB/emptythevoid-BadUSB/red_dead_redemption_2/Five_Finger_Filet/W/S/S/S/S/D/flipper_only/WSSSSD.txt,sd_card_mirror/badusb/!repo/flipper_only/_unclassified/UberGuidoZ_BadUSB/emptythevoid-BadUSB/red_dead_redemption_2/Five_Finger_Filet/W/S/S/S/S/D/flipper_only/WSSSSD.txt,flipper_only
sd_card_content/badusb_extra_payloads/_unclassified/UberGuidoZ_BadUSB/emptythevoid-BadUSB/red_dead_redemption_2/Five_Finger_Filet/W/S/S/S/A/S/flipper_only/WSSSAS.txt,sd_card_mirror/badusb/!repo/flipper_only/_unclassified/UberGuidoZ_BadUSB/emptythevoid-BadUSB/red_dead_redemption_2/Five_Finger_Filet/W/S/S/S/A/S/flipper_only/WSSSAS.txt,flipper_only
sd_card_content/badusb_extra_payloads/_unclassified/UberGuidoZ_BadUSB/emptythevoid-BadUSB/red_dead_redemption_2/Five_Finger_Filet/W/S/S/S/A/A/flipper_only/WSSSAA.txt,sd_card_mirror/badusb/!repo/flipper_only/_unclassified/UberGuidoZ_BadUSB/emptythevoid-BadUSB/red_dead_redemption_2/Five_Finger_Filet/W/S/S/S/A/A/flipper_only/WSSSAA.txt,flipper_only
sd_card_content/badusb_extra_payloads/_unclassified/UberGuidoZ_BadUSB/emptythevoid-BadUSB/red_dead_redemption_2/Five_Finger_Filet/W/S/S/S/A/D/flipper_only/WSSSAD.txt,sd_card_mirror/badusb/!repo/flipper_only/_unclassified/UberGuidoZ_BadUSB/emptythevoid-BadUSB/red_dead_redemption_2/Five_Finger_Filet/W/S/S/S/A/D/flipper_only/WSSSAD.txt,flipper_only
sd_card_content/badusb_extra_payloads/_unclassified/UberGuidoZ_BadUSB/emptythevoid-BadUSB/red_dead_redemption_2/Five_Finger_Filet/W/S/S/S/D/S/flipper_only/WSSSDS.txt,sd_card_mirror/badusb/!repo/flipper_only/_unclassified/UberGuidoZ_BadUSB/emptythevoid-BadUSB/red_dead_redemption_2/Five_Finger_Filet/W/S/S/S/D/S/flipper_only/WSSSDS.txt,flipper_only
sd_card_content/badusb_extra_payloads/_unclassified/UberGuidoZ_BadUSB/emptythevoid-BadUSB/red_dead_redemption_2/Five_Finger_Filet/W/S/S/S/D/A/flipper_only/WSSSDA.txt,sd_card_mirror/badusb/!repo/flipper_only/_unclassified/UberGuidoZ_BadUSB/emptythevoid-BadUSB/red_dead_redemption_2/Five_Finger_Filet/W/S/S/S/D/A/flipper_only/WSSSDA.txt,flipper_only
sd_card_content/badusb_extra_payloads/_unclassified/UberGuidoZ_BadUSB/emptythevoid-BadUSB/red_dead_redemption_2/Five_Finger_Filet/W/S/S/S/D/D/flipper_only/WSSSDD.txt,sd_card_mirror/badusb/!repo/flipper_only/_unclassified/UberGuidoZ_BadUSB/emptythevoid-BadUSB/red_dead_redemption_2/Five_Finger_Filet/W/S/S/S/D/D/flipper_only/WSSSDD.txt,flipper_only
sd_card_content/badusb_extra_payloads/_unclassified/UberGuidoZ_BadUSB/emptythevoid-BadUSB/red_dead_redemption_2/Five_Finger_Filet/W/S/S/A/S/S/flipper_only/WSSASS.txt,sd_card_mirror/badusb/!repo/flipper_only/_unclassified/UberGuidoZ_BadUSB/emptythevoid-BadUSB/red_dead_redemption_2/Five_Finger_Filet/W/S/S/A/S/S/flipper_only/WSSASS.txt,flipper_only
sd_card_content/badusb_extra_payloads/_unclassified/UberGuidoZ_BadUSB/emptythevoid-BadUSB/red_dead_redemption_2/Five_Finger_Filet/W/S/S/A/S/A/flipper_only/WSSASA.txt,sd_card_mirror/badusb/!repo/flipper_only/_unclassified/UberGuidoZ_BadUSB/emptythevoid-BadUSB/red_dead_redemption_2/Five_Finger_Filet/W/S/S/A/S/A/flipper_only/WSSASA.txt,flipper_only
sd_card_content/badusb_extra_payloads/_unclassified/UberGuidoZ_BadUSB/emptythevoid-BadUSB/red_dead_redemption_2/Five_Finger_Filet/W/S/S/A/S/D/flipper_only/WSSASD.txt,sd_card_mirror/badusb/!repo/flipper_only/_unclassified/UberGuidoZ_BadUSB/emptythevoid-BadUSB/red_dead_redemption_2/Five_Finger_Filet/W/S/S/A/S/D/flipper_only/WSSASD.txt,flipper_only
sd_card_content/badusb_extra_payloads/_unclassified/UberGuidoZ_BadUSB/emptythevoid-BadUSB/red_dead_redemption_2/Five_Finger_Filet/W/S/S/A/A/S/flipper_only/WSSAAS.txt,sd_card_mirror/badusb/!repo/flipper_only/_unclassified/UberGuidoZ_BadUSB/emptythevoid-BadUSB/red_dead_redemption_2/Five_Finger_Filet/W/S/S/A/A/S/flipper_only/WSSAAS.txt,flipper_only
sd_card_content/badusb_extra_payloads/_unclassified/UberGuidoZ_BadUSB/emptythevoid-BadUSB/red_dead_redemption_2/Five_Finger_Filet/W/S/S/A/A/A/flipper_only/WSSAAA.txt,sd_card_mirror/badusb/!repo/flipper_only/_unclassified/UberGuidoZ_BadUSB/emptythevoid-BadUSB/red_dead_redemption_2/Five_Finger_Filet/W/S/S/A/A/A/flipper_only/WSSAAA.txt,flipper_only
sd_card_content/badusb_extra_payloads/_unclassified/UberGuidoZ_BadUSB/emptythevoid-BadUSB/red_dead_redemption_2/Five_Finger_Filet/W/S/S/A/A/D/flipper_only/WSSAAD.txt,sd_card_mirror/badusb/!repo/flipper_only/_unclassified/UberGuidoZ_BadUSB/emptythevoid-BadUSB/red_dead_redemption_2/Five_Finger_Filet/W/S/S/A/A/D/flipper_only/WSSAAD.txt,flipper_only
sd_card_content/badusb_extra_payloads/_unclassified/UberGuidoZ_BadUSB/emptythevoid-BadUSB/red_dead_redemption_2/Five_Finger_Filet/W/S/S/A/D/S/flipper_only/WSSADS.txt,sd_card_mirror/badusb/!repo/flipper_only/_unclassified/UberGuidoZ_BadUSB/emptythevoid-BadUSB/red_dead_redemption_2/Five_Finger_Filet/W/S/S/A/D/S/flipper_only/WSSADS.txt,flipper_only
sd_card_content/badusb_extra_payloads/_unclassified/UberGuidoZ_BadUSB/emptythevoid-BadUSB/red_dead_redemption_2/Five_Finger_Filet/W/S/S/A/D/A/flipper_only/WSSADA.txt,sd_card_mirror/badusb/!repo/flipper_only/_unclassified/UberGuidoZ_BadUSB/emptythevoid-BadUSB/red_dead_redemption_2/Five_Finger_Filet/W/S/S/A/D/A/flipper_only/WSSADA.txt,flipper_only
sd_card_content/badusb_extra_payloads/_unclassified/UberGuidoZ_BadUSB/emptythevoid-BadUSB/red_dead_redemption_2/Five_Finger_Filet/W/S/S/A/D/D/flipper_only/WSSADD.txt,sd_card_mirror/badusb/!repo/flipper_only/_unclassified/UberGuidoZ_BadUSB/emptythevoid-BadUSB/red_dead_redemption_2/Five_Finger_Filet/W/S/S/A/D/D/flipper_only/WSSADD.txt,flipper_only
sd_card_content/badusb_extra_payloads/_unclassified/UberGuidoZ_BadUSB/emptythevoid-BadUSB/red_dead_redemption_2/Five_Finger_Filet/W/S/S/D/S/S/flipper_only/WSSDSS.txt,sd_card_mirror/badusb/!repo/flipper_only/_unclassified/UberGuidoZ_BadUSB/emptythevoid-BadUSB/red_dead_redemption_2/Five_Finger_Filet/W/S/S/D/S/S/flipper_only/WSSDSS.txt,flipper_only
sd_card_content/badusb_extra_payloads/_unclassified/UberGuidoZ_BadUSB/emptythevoid-BadUSB/red_dead_redemption_2/Five_Finger_Filet/W/S/S/D/S/A/flipper_only/WSSDSA.txt,sd_card_mirror/badusb/!repo/flipper_only/_unclassified/UberGuidoZ_BadUSB/emptythevoid-BadUSB/red_dead_redemption_2/Five_Finger_Filet/W/S/S/D/S/A/flipper_only/WSSDSA.txt,flipper_only
sd_card_content/badusb_extra_payloads/_unclassified/UberGuidoZ_BadUSB/emptythevoid-BadUSB/red_dead_redemption_2/Five_Finger_Filet/W/S/S/D/S/D/flipper_only/WSSDSD.txt,sd_card_mirror/badusb/!repo/flipper_only/_unclassified/UberGuidoZ_BadUSB/emptythevoid-BadUSB/red_dead_redemption_2/Five_Finger_Filet/W/S/S/D/S/D/flipper_only/WSSDSD.txt,flipper_only
sd_card_content/badusb_extra_payloads/_unclassified/UberGuidoZ_BadUSB/emptythevoid-BadUSB/red_dead_redemption_2/Five_Finger_Filet/W/S/S/D/A/S/flipper_only/WSSDAS.txt,sd_card_mirror/badusb/!repo/flipper_only/_unclassified/UberGuidoZ_BadUSB/emptythevoid-BadUSB/red_dead_redemption_2/Five_Finger_Filet/W/S/S/D/A/S/flipper_only/WSSDAS.txt,flipper_only
sd_card_content/badusb_extra_payloads/_unclassified/UberGuidoZ_BadUSB/emptythevoid-BadUSB/red_dead_redemption_2/Five_Finger_Filet/W/S/S/D/A/A/flipper_only/WSSDAA.txt,sd_card_mirror/badusb/!repo/flipper_only/_unclassified/UberGuidoZ_BadUSB/emptythevoid-BadUSB/red_dead_redemption_2/Five_Finger_Filet/W/S/S/D/A/A/flipper_only/WSSDAA.txt,flipper_only
sd_card_content/badusb_extra_payloads/_unclassified/UberGuidoZ_BadUSB/emptythevoid-BadUSB/red_dead_redemption_2/Five_Finger_Filet/W/S/S/D/A/D/flipper_only/WSSDAD.txt,sd_card_mirror/badusb/!repo/flipper_only/_unclassified/UberGuidoZ_BadUSB/emptythevoid-BadUSB/red_dead_redemption_2/Five_Finger_Filet/W/S/S/D/A/D/flipper_only/WSSDAD.txt,flipper_only
sd_card_content/badusb_extra_payloads/_unclassified/UberGuidoZ_BadUSB/emptythevoid-BadUSB/red_dead_redemption_2/Five_Finger_Filet/W/S/S/D/D/S/flipper_only/WSSDDS.txt,sd_card_mirror/badusb/!repo/flipper_only/_unclassified/UberGuidoZ_BadUSB/emptythevoid-BadUSB/red_dead_redemption_2/Five_Finger_Filet/W/S/S/D/D/S/flipper_only/WSSDDS.txt,flipper_only
sd_card_content/badusb_extra_payloads/_unclassified/UberGuidoZ_BadUSB/emptythevoid-BadUSB/red_dead_redemption_2/Five_Finger_Filet/W/S/S/D/D/A/flipper_only/WSSDDA.txt,sd_card_mirror/badusb/!repo/flipper_only/_unclassified/UberGuidoZ_BadUSB/emptythevoid-BadUSB/red_dead_redemption_2/Five_Finger_Filet/W/S/S/D/D/A/flipper_only/WSSDDA.txt,flipper_only
sd_card_content/badusb_extra_payloads/_unclassified/UberGuidoZ_BadUSB/emptythevoid-BadUSB/red_dead_redemption_2/Five_Finger_Filet/W/S/S/D/D/D/flipper_only/WSSDDD.txt,sd_card_mirror/badusb/!repo/flipper_only/_unclassified/UberGuidoZ_BadUSB/emptythevoid-BadUSB/red_dead_redemption_2/Five_Finger_Filet/W/S/S/D/D/D/flipper_only/WSSDDD.txt,flipper_only
sd_card_content/badusb_extra_payloads/_unclassified/UberGuidoZ_BadUSB/emptythevoid-BadUSB/red_dead_redemption_2/Five_Finger_Filet/W/S/A/S/S/S/flipper_only/WSASSS.txt,sd_card_mirror/badusb/!repo/flipper_only/_unclassified/UberGuidoZ_BadUSB/emptythevoid-BadUSB/red_dead_redemption_2/Five_Finger_Filet/W/S/A/S/S/S/flipper_only/WSASSS.txt,flipper_only
sd_card_content/badusb_extra_payloads/_unclassified/UberGuidoZ_BadUSB/emptythevoid-BadUSB/red_dead_redemption_2/Five_Finger_Filet/W/S/A/S/S/A/flipper_only/WSASSA.txt,sd_card_mirror/badusb/!repo/flipper_only/_unclassified/UberGuidoZ_BadUSB/emptythevoid-BadUSB/red_dead_redemption_2/Five_Finger_Filet/W/S/A/S/S/A/flipper_only/WSASSA.txt,flipper_only
sd_card_content/badusb_extra_payloads/_unclassified/UberGuidoZ_BadUSB/emptythevoid-BadUSB/red_dead_redemption_2/Five_Finger_Filet/W/S/A/S/S/D/flipper_only/WSASSD.txt,sd_card_mirror/badusb/!repo/flipper_only/_unclassified/UberGuidoZ_BadUSB/emptythevoid-BadUSB/red_dead_redemption_2/Five_Finger_Filet/W/S/A/S/S/D/flipper_only/WSASSD.txt,flipper_only
sd_card_content/badusb_extra_payloads/_unclassified/UberGuidoZ_BadUSB/emptythevoid-BadUSB/red_dead_redemption_2/Five_Finger_Filet/W/S/A/S/A/S/flipper_only/WSASAS.txt,sd_card_mirror/badusb/!repo/flipper_only/_unclassified/UberGuidoZ_BadUSB/emptythevoid-BadUSB/red_dead_redemption_2/Five_Finger_Filet/W/S/A/S/A/S/flipper_only/WSASAS.txt,flipper_only
sd_card_content/badusb_extra_payloads/_unclassified/UberGuidoZ_BadUSB/emptythevoid-BadUSB/red_dead_redemption_2/Five_Finger_Filet/W/S/A/S/A/A/flipper_only/WSASAA.txt,sd_card_mirror/badusb/!repo/flipper_only/_unclassified/UberGuidoZ_BadUSB/emptythevoid-BadUSB/red_dead_redemption_2/Five_Finger_Filet/W/S/A/S/A/A/flipper_only/WSASAA.txt,flipper_only
sd_card_content/badusb_extra_payloads/_unclassified/UberGuidoZ_BadUSB/emptythevoid-BadUSB/red_dead_redemption_2/Five_Finger_Filet/W/S/A/S/A/D/flipper_only/WSASAD.txt,sd_card_mirror/badusb/!repo/flipper_only/_unclassified/UberGuidoZ_BadUSB/emptythevoid-BadUSB/red_dead_redemption_2/Five_Finger_Filet/W/S/A/S/A/D/flipper_only/WSASAD.txt,flipper_only
sd_card_content/badusb_extra_payloads/_unclassified/UberGuidoZ_BadUSB/emptythevoid-BadUSB/red_dead_redemption_2/Five_Finger_Filet/W/S/A/S/D/S/flipper_only/WSASDS.txt,sd_card_mirror/badusb/!repo/flipper_only/_unclassified/UberGuidoZ_BadUSB/emptythevoid-BadUSB/red_dead_redemption_2/Five_Finger_Filet/W/S/A/S/D/S/flipper_only/WSASDS.txt,flipper_only
sd_card_content/badusb_extra_payloads/_unclassified/UberGuidoZ_BadUSB/emptythevoid-BadUSB/red_dead_redemption_2/Five_Finger_Filet/W/S/A/S/D/A/flipper_only/WSASDA.txt,sd_card_mirror/badusb/!repo/flipper_only/_unclassified/UberGuidoZ_BadUSB/emptythevoid-BadUSB/red_dead_redemption_2/Five_Finger_Filet/W/S/A/S/D/A/flipper_only/WSASDA.txt,flipper_only
sd_card_content/badusb_extra_payloads/_unclassified/UberGuidoZ_BadUSB/emptythevoid-BadUSB/red_dead_redemption_2/Five_Finger_Filet/W/S/A/S/D/D/flipper_only/WSASDD.txt,sd_card_mirror/badusb/!repo/flipper_only/_unclassified/UberGuidoZ_BadUSB/emptythevoid-BadUSB/red_dead_redemption_2/Five_Finger_Filet/W/S/A/S/D/D/flipper_only/WSASDD.txt,flipper_only
sd_card_content/badusb_extra_payloads/_unclassified/UberGuidoZ_BadUSB/emptythevoid-BadUSB/red_dead_redemption_2/Five_Finger_Filet/W/S/A/A/S/S/flipper_only/WSAASS.txt,sd_card_mirror/badusb/!repo/flipper_only/_unclassified/UberGuidoZ_BadUSB/emptythevoid-BadUSB/red_dead_redemption_2/Five_Finger_Filet/W/S/A/A/S/S/flipper_only/WSAASS.txt,flipper_only
sd_card_content/badusb_extra_payloads/_unclassified/UberGuidoZ_BadUSB/emptythevoid-BadUSB/red_dead_redemption_2/Five_Finger_Filet/W/S/A/A/S/A/flipper_only/WSAASA.txt,sd_card_mirror/badusb/!repo/flipper_only/_unclassified/UberGuidoZ_BadUSB/emptythevoid-BadUSB/red_dead_redemption_2/Five_Finger_Filet/W/S/A/A/S/A/flipper_only/WSAASA.txt,flipper_only
sd_card_content/badusb_extra_payloads/_unclassified/UberGuidoZ_BadUSB/emptythevoid-BadUSB/red_dead_redemption_2/Five_Finger_Filet/W/S/A/A/S/D/flipper_only/WSAASD.txt,sd_card_mirror/badusb/!repo/flipper_only/_unclassified/UberGuidoZ_BadUSB/emptythevoid-BadUSB/red_dead_redemption_2/Five_Finger_Filet/W/S/A/A/S/D/flipper_only/WSAASD.txt,flipper_only
sd_card_content/badusb_extra_payloads/_unclassified/UberGuidoZ_BadUSB/emptythevoid-BadUSB/red_dead_redemption_2/Five_Finger_Filet/W/S/A/A/A/S/flipper_only/WSAAAS.txt,sd_card_mirror/badusb/!repo/flipper_only/_unclassified/UberGuidoZ_BadUSB/emptythevoid-BadUSB/red_dead_redemption_2/Five_Finger_Filet/W/S/A/A/A/S/flipper_only/WSAAAS.txt,flipper_only
sd_card_content/badusb_extra_payloads/_unclassified/UberGuidoZ_BadUSB/emptythevoid-BadUSB/red_dead_redemption_2/Five_Finger_Filet/W/S/A/A/A/A/flipper_only/WSAAAA.txt,sd_card_mirror/badusb/!repo/flipper_only/_unclassified/UberGuidoZ_BadUSB/emptythevoid-BadUSB/red_dead_redemption_2/Five_Finger_Filet/W/S/A/A/A/A/flipper_only/WSAAAA.txt,flipper_only
sd_card_content/badusb_extra_payloads/_unclassified/UberGuidoZ_BadUSB/emptythevoid-BadUSB/red_dead_redemption_2/Five_Finger_Filet/W/S/A/A/A/D/flipper_only/WSAAAD.txt,sd_card_mirror/badusb/!repo/flipper_only/_unclassified/UberGuidoZ_BadUSB/emptythevoid-BadUSB/red_dead_redemption_2/Five_Finger_Filet/W/S/A/A/A/D/flipper_only/WSAAAD.txt,flipper_only
sd_card_content/badusb_extra_payloads/_unclassified/UberGuidoZ_BadUSB/emptythevoid-BadUSB/red_dead_redemption_2/Five_Finger_Filet/W/S/A/A/D/S/flipper_only/WSAADS.txt,sd_card_mirror/badusb/!repo/flipper_only/_unclassified/UberGuidoZ_BadUSB/emptythevoid-BadUSB/red_dead_redemption_2/Five_Finger_Filet/W/S/A/A/D/S/flipper_only/WSAADS.txt,flipper_only
sd_card_content/badusb_extra_payloads/_unclassified/UberGuidoZ_BadUSB/emptythevoid-BadUSB/red_dead_redemption_2/Five_Finger_Filet/W/S/A/A/D/A/flipper_only/WSAADA.txt,sd_card_mirror/badusb/!repo/flipper_only/_unclassified/UberGuidoZ_BadUSB/emptythevoid-BadUSB/red_dead_redemption_2/Five_Finger_Filet/W/S/A/A/D/A/flipper_only/WSAADA.txt,flipper_only
sd_card_content/badusb_extra_payloads/_unclassified/UberGuidoZ_BadUSB/emptythevoid-BadUSB/red_dead_redemption_2/Five_Finger_Filet/W/S/A/A/D/D/flipper_only/WSAADD.txt,sd_card_mirror/badusb/!repo/flipper_only/_unclassified/UberGuidoZ_BadUSB/emptythevoid-BadUSB/red_dead_redemption_2/Five_Finger_Filet/W/S/A/A/D/D/flipper_only/WSAADD.txt,flipper_only
sd_card_content/badusb_extra_payloads/_unclassified/UberGuidoZ_BadUSB/emptythevoid-BadUSB/red_dead_redemption_2/Five_Finger_Filet/W/S/A/D/S/S/flipper_only/WSADSS.txt,sd_card_mirror/badusb/!repo/flipper_only/_unclassified/UberGuidoZ_BadUSB/emptythevoid-BadUSB/red_dead_redemption_2/Five_Finger_Filet/W/S/A/D/S/S/flipper_only/WSADSS.txt,flipper_only
sd_card_content/badusb_extra_payloads/_unclassified/UberGuidoZ_BadUSB/emptythevoid-BadUSB/red_dead_redemption_2/Five_Finger_Filet/W/S/A/D/S/A/flipper_only/WSADSA.txt,sd_card_mirror/badusb/!repo/flipper_only/_unclassified/UberGuidoZ_BadUSB/emptythevoid-BadUSB/red_dead_redemption_2/Five_Finger_Filet/W/S/A/D/S/A/flipper_only/WSADSA.txt,flipper_only
sd_card_content/badusb_extra_payloads/_unclassified/UberGuidoZ_BadUSB/emptythevoid-BadUSB/red_dead_redemption_2/Five_Finger_Filet/W/S/A/D/S/D/flipper_only/WSADSD.txt,sd_card_mirror/badusb/!repo/flipper_only/_unclassified/UberGuidoZ_BadUSB/emptythevoid-BadUSB/red_dead_redemption_2/Five_Finger_Filet/W/S/A/D/S/D/flipper_only/WSADSD.txt,flipper_only
sd_card_content/badusb_extra_payloads/_unclassified/UberGuidoZ_BadUSB/emptythevoid-BadUSB/red_dead_redemption_2/Five_Finger_Filet/W/S/A/D/A/S/flipper_only/WSADAS.txt,sd_card_mirror/badusb/!repo/flipper_only/_unclassified/UberGuidoZ_BadUSB/emptythevoid-BadUSB/red_dead_redemption_2/Five_Finger_Filet/W/S/A/D/A/S/flipper_only/WSADAS.txt,flipper_only
sd_card_content/badusb_extra_payloads/_unclassified/UberGuidoZ_BadUSB/emptythevoid-BadUSB/red_dead_redemption_2/Five_Finger_Filet/W/S/A/D/A/A/flipper_only/WSADAA.txt,sd_card_mirror/badusb/!repo/flipper_only/_unclassified/UberGuidoZ_BadUSB/emptythevoid-BadUSB/red_dead_redemption_2/Five_Finger_Filet/W/S/A/D/A/A/flipper_only/WSADAA.txt,flipper_only
sd_card_content/badusb_extra_payloads/_unclassified/UberGuidoZ_BadUSB/emptythevoid-BadUSB/red_dead_redemption_2/Five_Finger_Filet/W/S/A/D/A/D/flipper_only/WSADAD.txt,sd_card_mirror/badusb/!repo/flipper_only/_unclassified/UberGuidoZ_BadUSB/emptythevoid-BadUSB/red_dead_redemption_2/Five_Finger_Filet/W/S/A/D/A/D/flipper_only/WSADAD.txt,flipper_only
sd_card_content/badusb_extra_payloads/_unclassified/UberGuidoZ_BadUSB/emptythevoid-BadUSB/red_dead_redemption_2/Five_Finger_Filet/W/S/A/D/D/S/flipper_only/WSADDS.txt,sd_card_mirror/badusb/!repo/flipper_only/_unclassified/UberGuidoZ_BadUSB/emptythevoid-BadUSB/red_dead_redemption_2/Five_Finger_Filet/W/S/A/D/D/S/flipper_only/WSADDS.txt,flipper_only
sd_card_content/badusb_extra_payloads/_unclassified/UberGuidoZ_BadUSB/emptythevoid-BadUSB/red_dead_redemption_2/Five_Finger_Filet/W/S/A/D/D/A/flipper_only/WSADDA.txt,sd_card_mirror/badusb/!repo/flipper_only/_unclassified/UberGuidoZ_BadUSB/emptythevoid-BadUSB/red_dead_redemption_2/Five_Finger_Filet/W/S/A/D/D/A/flipper_only/WSADDA.txt,flipper_only
sd_card_content/badusb_extra_payloads/_unclassified/UberGuidoZ_BadUSB/emptythevoid-BadUSB/red_dead_redemption_2/Five_Finger_Filet/W/S/A/D/D/D/flipper_only/WSADDD.txt,sd_card_mirror/badusb/!repo/flipper_only/_unclassified/UberGuidoZ_BadUSB/emptythevoid-BadUSB/red_dead_redemption_2/Five_Finger_Filet/W/S/A/D/D/D/flipper_only/WSADDD.txt,flipper_only
sd_card_content/badusb_extra_payloads/_unclassified/UberGuidoZ_BadUSB/emptythevoid-BadUSB/red_dead_redemption_2/Five_Finger_Filet/W/S/D/S/S/S/flipper_only/WSDSSS.txt,sd_card_mirror/badusb/!repo/flipper_only/_unclassified/UberGuidoZ_BadUSB/emptythevoid-BadUSB/red_dead_redemption_2/Five_Finger_Filet/W/S/D/S/S/S/flipper_only/WSDSSS.txt,flipper_only
sd_card_content/badusb_extra_payloads/_unclassified/UberGuidoZ_BadUSB/emptythevoid-BadUSB/red_dead_redemption_2/Five_Finger_Filet/W/S/D/S/S/A/flipper_only/WSDSSA.txt,sd_card_mirror/badusb/!repo/flipper_only/_unclassified/UberGuidoZ_BadUSB/emptythevoid-BadUSB/red_dead_redemption_2/Five_Finger_Filet/W/S/D/S/S/A/flipper_only/WSDSSA.txt,flipper_only
sd_card_content/badusb_extra_payloads/_unclassified/UberGuidoZ_BadUSB/emptythevoid-BadUSB/red_dead_redemption_2/Five_Finger_Filet/W/S/D/S/S/D/flipper_only/WSDSSD.txt,sd_card_mirror/badusb/!repo/flipper_only/_unclassified/UberGuidoZ_BadUSB/emptythevoid-BadUSB/red_dead_redemption_2/Five_Finger_Filet/W/S/D/S/S/D/flipper_only/WSDSSD.txt,flipper_only
sd_card_content/badusb_extra_payloads/_unclassified/UberGuidoZ_BadUSB/emptythevoid-BadUSB/red_dead_redemption_2/Five_Finger_Filet/W/S/D/S/A/S/flipper_only/WSDSAS.txt,sd_card_mirror/badusb/!repo/flipper_only/_unclassified/UberGuidoZ_BadUSB/emptythevoid-BadUSB/red_dead_redemption_2/Five_Finger_Filet/W/S/D/S/A/S/flipper_only/WSDSAS.txt,flipper_only
sd_card_content/badusb_extra_payloads/_unclassified/UberGuidoZ_BadUSB/emptythevoid-BadUSB/red_dead_redemption_2/Five_Finger_Filet/W/S/D/S/A/A/flipper_only/WSDSAA.txt,sd_card_mirror/badusb/!repo/flipper_only/_unclassified/UberGuidoZ_BadUSB/emptythevoid-BadUSB/red_dead_redemption_2/Five_Finger_Filet/W/S/D/S/A/A/flipper_only/WSDSAA.txt,flipper_only
sd_card_content/badusb_extra_payloads/_unclassified/UberGuidoZ_BadUSB/emptythevoid-BadUSB/red_dead_redemption_2/Five_Finger_Filet/W/S/D/S/A/D/flipper_only/WSDSAD.txt,sd_card_mirror/badusb/!repo/flipper_only/_unclassified/UberGuidoZ_BadUSB/emptythevoid-BadUSB/red_dead_redemption_2/Five_Finger_Filet/W/S/D/S/A/D/flipper_only/WSDSAD.txt,flipper_only
sd_card_content/badusb_extra_payloads/_unclassified/UberGuidoZ_BadUSB/emptythevoid-BadUSB/red_dead_redemption_2/Five_Finger_Filet/W/S/D/S/D/S/flipper_only/WSDSDS.txt,sd_card_mirror/badusb/!repo/flipper_only/_unclassified/UberGuidoZ_BadUSB/emptythevoid-BadUSB/red_dead_redemption_2/Five_Finger_Filet/W/S/D/S/D/S/flipper_only/WSDSDS.txt,flipper_only
sd_card_content/badusb_extra_payloads/_unclassified/UberGuidoZ_BadUSB/emptythevoid-BadUSB/red_dead_redemption_2/Five_Finger_Filet/W/S/D/S/D/A/flipper_only/WSDSDA.txt,sd_card_mirror/badusb/!repo/flipper_only/_unclassified/UberGuidoZ_BadUSB/emptythevoid-BadUSB/red_dead_redemption_2/Five_Finger_Filet/W/S/D/S/D/A/flipper_only/WSDSDA.txt,flipper_only
sd_card_content/badusb_extra_payloads/_unclassified/UberGuidoZ_BadUSB/emptythevoid-BadUSB/red_dead_redemption_2/Five_Finger_Filet/W/S/D/S/D/D/flipper_only/WSDSDD.txt,sd_card_mirror/badusb/!repo/flipper_only/_unclassified/UberGuidoZ_BadUSB/emptythevoid-BadUSB/red_dead_redemption_2/Five_Finger_Filet/W/S/D/S/D/D/flipper_only/WSDSDD.txt,flipper_only
sd_card_content/badusb_extra_payloads/_unclassified/UberGuidoZ_BadUSB/emptythevoid-BadUSB/red_dead_redemption_2/Five_Finger_Filet/W/S/D/A/S/S/flipper_only/WSDASS.txt,sd_card_mirror/badusb/!repo/flipper_only/_unclassified/UberGuidoZ_BadUSB/emptythevoid-BadUSB/red_dead_redemption_2/Five_Finger_Filet/W/S/D/A/S/S/flipper_only/WSDASS.txt,flipper_only
sd_card_content/badusb_extra_payloads/_unclassified/UberGuidoZ_BadUSB/emptythevoid-BadUSB/red_dead_redemption_2/Five_Finger_Filet/W/S/D/A/S/A/flipper_only/WSDASA.txt,sd_card_mirror/badusb/!repo/flipper_only/_unclassified/UberGuidoZ_BadUSB/emptythevoid-BadUSB/red_dead_redemption_2/Five_Finger_Filet/W/S/D/A/S/A/flipper_only/WSDASA.txt,flipper_only
sd_card_content/badusb_extra_payloads/_unclassified/UberGuidoZ_BadUSB/emptythevoid-BadUSB/red_dead_redemption_2/Five_Finger_Filet/W/S/D/A/S/D/flipper_only/WSDASD.txt,sd_card_mirror/badusb/!repo/flipper_only/_unclassified/UberGuidoZ_BadUSB/emptythevoid-BadUSB/red_dead_redemption_2/Five_Finger_Filet/W/S/D/A/S/D/flipper_only/WSDASD.txt,flipper_only
sd_card_content/badusb_extra_payloads/_unclassified/UberGuidoZ_BadUSB/emptythevoid-BadUSB/red_dead_redemption_2/Five_Finger_Filet/W/S/D/A/A/S/flipper_only/WSDAAS.txt,sd_card_mirror/badusb/!repo/flipper_only/_unclassified/UberGuidoZ_BadUSB/emptythevoid-BadUSB/red_dead_redemption_2/Five_Finger_Filet/W/S/D/A/A/S/flipper_only/WSDAAS.txt,flipper_only
sd_card_content/badusb_extra_payloads/_unclassified/UberGuidoZ_BadUSB/emptythevoid-BadUSB/red_dead_redemption_2/Five_Finger_Filet/W/S/D/A/A/A/flipper_only/WSDAAA.txt,sd_card_mirror/badusb/!repo/flipper_only/_unclassified/UberGuidoZ_BadUSB/emptythevoid-BadUSB/red_dead_redemption_2/Five_Finger_Filet/W/S/D/A/A/A/flipper_only/WSDAAA.txt,flipper_only
sd_card_content/badusb_extra_payloads/_unclassified/UberGuidoZ_BadUSB/emptythevoid-BadUSB/red_dead_redemption_2/Five_Finger_Filet/W/S/D/A/A/D/flipper_only/WSDAAD.txt,sd_card_mirror/badusb/!repo/flipper_only/_unclassified/UberGuidoZ_BadUSB/emptythevoid-BadUSB/red_dead_redemption_2/Five_Finger_Filet/W/S/D/A/A/D/flipper_only/WSDAAD.txt,flipper_only
sd_card_content/badusb_extra_payloads/_unclassified/UberGuidoZ_BadUSB/emptythevoid-BadUSB/red_dead_redemption_2/Five_Finger_Filet/W/S/D/A/D/S/flipper_only/WSDADS.txt,sd_card_mirror/badusb/!repo/flipper_only/_unclassified/UberGuidoZ_BadUSB/emptythevoid-BadUSB/red_dead_redemption_2/Five_Finger_Filet/W/S/D/A/D/S/flipper_only/WSDADS.txt,flipper_only
sd_card_content/badusb_extra_payloads/_unclassified/UberGuidoZ_BadUSB/emptythevoid-BadUSB/red_dead_redemption_2/Five_Finger_Filet/W/S/D/A/D/A/flipper_only/WSDADA.txt,sd_card_mirror/badusb/!repo/flipper_only/_unclassified/UberGuidoZ_BadUSB/emptythevoid-BadUSB/red_dead_redemption_2/Five_Finger_Filet/W/S/D/A/D/A/flipper_only/WSDADA.txt,flipper_only
sd_card_content/badusb_extra_payloads/_unclassified/UberGuidoZ_BadUSB/emptythevoid-BadUSB/red_dead_redemption_2/Five_Finger_Filet/W/S/D/A/D/D/flipper_only/WSDADD.txt,sd_card_mirror/badusb/!repo/flipper_only/_unclassified/UberGuidoZ_BadUSB/emptythevoid-BadUSB/red_dead_redemption_2/Five_Finger_Filet/W/S/D/A/D/D/flipper_only/WSDADD.txt,flipper_only
sd_card_content/badusb_extra_payloads/_unclassified/UberGuidoZ_BadUSB/emptythevoid-BadUSB/red_dead_redemption_2/Five_Finger_Filet/W/S/D/D/S/S/flipper_only/WSDDSS.txt,sd_card_mirror/badusb/!repo/flipper_only/_unclassified/UberGuidoZ_BadUSB/emptythevoid-BadUSB/red_dead_redemption_2/Five_Finger_Filet/W/S/D/D/S/S/flipper_only/WSDDSS.txt,flipper_only
sd_card_content/badusb_extra_payloads/_unclassified/UberGuidoZ_BadUSB/emptythevoid-BadUSB/red_dead_redemption_2/Five_Finger_Filet/W/S/D/D/S/A/flipper_only/WSDDSA.txt,sd_card_mirror/badusb/!repo/flipper_only/_unclassified/UberGuidoZ_BadUSB/emptythevoid-BadUSB/red_dead_redemption_2/Five_Finger_Filet/W/S/D/D/S/A/flipper_only/WSDDSA.txt,flipper_only
sd_card_content/badusb_extra_payloads/_unclassified/UberGuidoZ_BadUSB/emptythevoid-BadUSB/red_dead_redemption_2/Five_Finger_Filet/W/S/D/D/S/D/flipper_only/WSDDSD.txt,sd_card_mirror/badusb/!repo/flipper_only/_unclassified/UberGuidoZ_BadUSB/emptythevoid-BadUSB/red_dead_redemption_2/Five_Finger_Filet/W/S/D/D/S/D/flipper_only/WSDDSD.txt,flipper_only
sd_card_content/badusb_extra_payloads/_unclassified/UberGuidoZ_BadUSB/emptythevoid-BadUSB/red_dead_redemption_2/Five_Finger_Filet/W/S/D/D/A/S/flipper_only/WSDDAS.txt,sd_card_mirror/badusb/!repo/flipper_only/_unclassified/UberGuidoZ_BadUSB/emptythevoid-BadUSB/red_dead_redemption_2/Five_Finger_Filet/W/S/D/D/A/S/flipper_only/WSDDAS.txt,flipper_only
sd_card_content/badusb_extra_payloads/_unclassified/UberGuidoZ_BadUSB/emptythevoid-BadUSB/red_dead_redemption_2/Five_Finger_Filet/W/S/D/D/A/A/flipper_only/WSDDAA.txt,sd_card_mirror/badusb/!repo/flipper_only/_unclassified/UberGuidoZ_BadUSB/emptythevoid-BadUSB/red_dead_redemption_2/Five_Finger_Filet/W/S/D/D/A/A/flipper_only/WSDDAA.txt,flipper_only
sd_card_content/badusb_extra_payloads/_unclassified/UberGuidoZ_BadUSB/emptythevoid-BadUSB/red_dead_redemption_2/Five_Finger_Filet/W/S/D/D/A/D/flipper_only/WSDDAD.txt,sd_card_mirror/badusb/!repo/flipper_only/_unclassified/UberGuidoZ_BadUSB/emptythevoid-BadUSB/red_dead_redemption_2/Five_Finger_Filet/W/S/D/D/A/D/flipper_only/WSDDAD.txt,flipper_only
sd_card_content/badusb_extra_payloads/_unclassified/UberGuidoZ_BadUSB/emptythevoid-BadUSB/red_dead_redemption_2/Five_Finger_Filet/W/S/D/D/D/S/flipper_only/WSDDDS.txt,sd_card_mirror/badusb/!repo/flipper_only/_unclassified/UberGuidoZ_BadUSB/emptythevoid-BadUSB/red_dead_redemption_2/Five_Finger_Filet/W/S/D/D/D/S/flipper_only/WSDDDS.txt,flipper_only
sd_card_content/badusb_extra_payloads/_unclassified/UberGuidoZ_BadUSB/emptythevoid-BadUSB/red_dead_redemption_2/Five_Finger_Filet/W/S/D/D/D/A/flipper_only/WSDDDA.txt,sd_card_mirror/badusb/!repo/flipper_only/_unclassified/UberGuidoZ_BadUSB/emptythevoid-BadUSB/red_dead_redemption_2/Five_Finger_Filet/W/S/D/D/D/A/flipper_only/WSDDDA.txt,flipper_only
sd_card_content/badusb_extra_payloads/_unclassified/UberGuidoZ_BadUSB/emptythevoid-BadUSB/red_dead_redemption_2/Five_Finger_Filet/W/S/D/D/D/D/flipper_only/WSDDDD.txt,sd_card_mirror/badusb/!repo/flipper_only/_unclassified/UberGuidoZ_BadUSB/emptythevoid-BadUSB/red_dead_redemption_2/Five_Finger_Filet/W/S/D/D/D/D/flipper_only/WSDDDD.txt,flipper_only
sd_card_content/badusb_extra_payloads/_unclassified/UberGuidoZ_BadUSB/emptythevoid-BadUSB/red_dead_redemption_2/Five_Finger_Filet/W/A/S/S/S/S/flipper_only/WASSSS.txt,sd_card_mirror/badusb/!repo/flipper_only/_unclassified/UberGuidoZ_BadUSB/emptythevoid-BadUSB/red_dead_redemption_2/Five_Finger_Filet/W/A/S/S/S/S/flipper_only/WASSSS.txt,flipper_only
sd_card_content/badusb_extra_payloads/_unclassified/UberGuidoZ_BadUSB/emptythevoid-BadUSB/red_dead_redemption_2/Five_Finger_Filet/W/A/S/S/S/A/flipper_only/WASSSA.txt,sd_card_mirror/badusb/!repo/flipper_only/_unclassified/UberGuidoZ_BadUSB/emptythevoid-BadUSB/red_dead_redemption_2/Five_Finger_Filet/W/A/S/S/S/A/flipper_only/WASSSA.txt,flipper_only
sd_card_content/badusb_extra_payloads/_unclassified/UberGuidoZ_BadUSB/emptythevoid-BadUSB/red_dead_redemption_2/Five_Finger_Filet/W/A/S/S/S/D/flipper_only/WASSSD.txt,sd_card_mirror/badusb/!repo/flipper_only/_unclassified/UberGuidoZ_BadUSB/emptythevoid-BadUSB/red_dead_redemption_2/Five_Finger_Filet/W/A/S/S/S/D/flipper_only/WASSSD.txt,flipper_only
sd_card_content/badusb_extra_payloads/_unclassified/UberGuidoZ_BadUSB/emptythevoid-BadUSB/red_dead_redemption_2/Five_Finger_Filet/W/A/S/S/A/S/flipper_only/WASSAS.txt,sd_card_mirror/badusb/!repo/flipper_only/_unclassified/UberGuidoZ_BadUSB/emptythevoid-BadUSB/red_dead_redemption_2/Five_Finger_Filet/W/A/S/S/A/S/flipper_only/WASSAS.txt,flipper_only
sd_card_content/badusb_extra_payloads/_unclassified/UberGuidoZ_BadUSB/emptythevoid-BadUSB/red_dead_redemption_2/Five_Finger_Filet/W/A/S/S/A/A/flipper_only/WASSAA.txt,sd_card_mirror/badusb/!repo/flipper_only/_unclassified/UberGuidoZ_BadUSB/emptythevoid-BadUSB/red_dead_redemption_2/Five_Finger_Filet/W/A/S/S/A/A/flipper_only/WASSAA.txt,flipper_only
sd_card_content/badusb_extra_payloads/_unclassified/UberGuidoZ_BadUSB/emptythevoid-BadUSB/red_dead_redemption_2/Five_Finger_Filet/W/A/S/S/A/D/flipper_only/WASSAD.txt,sd_card_mirror/badusb/!repo/flipper_only/_unclassified/UberGuidoZ_BadUSB/emptythevoid-BadUSB/red_dead_redemption_2/Five_Finger_Filet/W/A/S/S/A/D/flipper_only/WASSAD.txt,flipper_only
sd_card_content/badusb_extra_payloads/_unclassified/UberGuidoZ_BadUSB/emptythevoid-BadUSB/red_dead_redemption_2/Five_Finger_Filet/W/A/S/S/D/S/flipper_only/WASSDS.txt,sd_card_mirror/badusb/!repo/flipper_only/_unclassified/UberGuidoZ_BadUSB/emptythevoid-BadUSB/red_dead_redemption_2/Five_Finger_Filet/W/A/S/S/D/S/flipper_only/WASSDS.txt,flipper_only
sd_card_content/badusb_extra_payloads/_unclassified/UberGuidoZ_BadUSB/emptythevoid-BadUSB/red_dead_redemption_2/Five_Finger_Filet/W/A/S/S/D/A/flipper_only/WASSDA.txt,sd_card_mirror/badusb/!repo/flipper_only/_unclassified/UberGuidoZ_BadUSB/emptythevoid-BadUSB/red_dead_redemption_2/Five_Finger_Filet/W/A/S/S/D/A/flipper_only/WASSDA.txt,flipper_only
sd_card_content/badusb_extra_payloads/_unclassified/UberGuidoZ_BadUSB/emptythevoid-BadUSB/red_dead_redemption_2/Five_Finger_Filet/W/A/S/S/D/D/flipper_only/WASSDD.txt,sd_card_mirror/badusb/!repo/flipper_only/_unclassified/UberGuidoZ_BadUSB/emptythevoid-BadUSB/red_dead_redemption_2/Five_Finger_Filet/W/A/S/S/D/D/flipper_only/WASSDD.txt,flipper_only
sd_card_content/badusb_extra_payloads/_unclassified/UberGuidoZ_BadUSB/emptythevoid-BadUSB/red_dead_redemption_2/Five_Finger_Filet/W/A/S/A/S/S/flipper_only/WASASS.txt,sd_card_mirror/badusb/!repo/flipper_only/_unclassified/UberGuidoZ_BadUSB/emptythevoid-BadUSB/red_dead_redemption_2/Five_Finger_Filet/W/A/S/A/S/S/flipper_only/WASASS.txt,flipper_only
sd_card_content/badusb_extra_payloads/_unclassified/UberGuidoZ_BadUSB/emptythevoid-BadUSB/red_dead_redemption_2/Five_Finger_Filet/W/A/S/A/S/A/flipper_only/WASASA.txt,sd_card_mirror/badusb/!repo/flipper_only/_unclassified/UberGuidoZ_BadUSB/emptythevoid-BadUSB/red_dead_redemption_2/Five_Finger_Filet/W/A/S/A/S/A/flipper_only/WASASA.txt,flipper_only
sd_card_content/badusb_extra_payloads/_unclassified/UberGuidoZ_BadUSB/emptythevoid-BadUSB/red_dead_redemption_2/Five_Finger_Filet/W/A/S/A/S/D/flipper_only/WASASD.txt,sd_card_mirror/badusb/!repo/flipper_only/_unclassified/UberGuidoZ_BadUSB/emptythevoid-BadUSB/red_dead_redemption_2/Five_Finger_Filet/W/A/S/A/S/D/flipper_only/WASASD.txt,flipper_only
sd_card_content/badusb_extra_payloads/_unclassified/UberGuidoZ_BadUSB/emptythevoid-BadUSB/red_dead_redemption_2/Five_Finger_Filet/W/A/S/A/A/S/flipper_only/WASAAS.txt,sd_card_mirror/badusb/!repo/flipper_only/_unclassified/UberGuidoZ_BadUSB/emptythevoid-BadUSB/red_dead_redemption_2/Five_Finger_Filet/W/A/S/A/A/S/flipper_only/WASAAS.txt,flipper_only
sd_card_content/badusb_extra_payloads/_unclassified/UberGuidoZ_BadUSB/emptythevoid-BadUSB/red_dead_redemption_2/Five_Finger_Filet/W/A/S/A/A/A/flipper_only/WASAAA.txt,sd_card_mirror/badusb/!repo/flipper_only/_unclassified/UberGuidoZ_BadUSB/emptythevoid-BadUSB/red_dead_redemption_2/Five_Finger_Filet/W/A/S/A/A/A/flipper_only/WASAAA.txt,flipper_only
sd_card_content/badusb_extra_payloads/_unclassified/UberGuidoZ_BadUSB/emptythevoid-BadUSB/red_dead_redemption_2/Five_Finger_Filet/W/A/S/A/A/D/flipper_only/WASAAD.txt,sd_card_mirror/badusb/!repo/flipper_only/_unclassified/UberGuidoZ_BadUSB/emptythevoid-BadUSB/red_dead_redemption_2/Five_Finger_Filet/W/A/S/A/A/D/flipper_only/WASAAD.txt,flipper_only
sd_card_content/badusb_extra_payloads/_unclassified/UberGuidoZ_BadUSB/emptythevoid-BadUSB/red_dead_redemption_2/Five_Finger_Filet/W/A/S/A/D/S/flipper_only/WASADS.txt,sd_card_mirror/badusb/!repo/flipper_only/_unclassified/UberGuidoZ_BadUSB/emptythevoid-BadUSB/red_dead_redemption_2/Five_Finger_Filet/W/A/S/A/D/S/flipper_only/WASADS.txt,flipper_only
sd_card_content/badusb_extra_payloads/_unclassified/UberGuidoZ_BadUSB/emptythevoid-BadUSB/red_dead_redemption_2/Five_Finger_Filet/W/A/S/A/D/A/flipper_only/WASADA.txt,sd_card_mirror/badusb/!repo/flipper_only/_unclassified/UberGuidoZ_BadUSB/emptythevoid-BadUSB/red_dead_redemption_2/Five_Finger_Filet/W/A/S/A/D/A/flipper_only/WASADA.txt,flipper_only
sd_card_content/badusb_extra_payloads/_unclassified/UberGuidoZ_BadUSB/emptythevoid-BadUSB/red_dead_redemption_2/Five_Finger_Filet/W/A/S/A/D/D/flipper_only/WASADD.txt,sd_card_mirror/badusb/!repo/flipper_only/_unclassified/UberGuidoZ_BadUSB/emptythevoid-BadUSB/red_dead_redemption_2/Five_Finger_Filet/W/A/S/A/D/D/flipper_only/WASADD.txt,flipper_only
sd_card_content/badusb_extra_payloads/_unclassified/UberGuidoZ_BadUSB/emptythevoid-BadUSB/red_dead_redemption_2/Five_Finger_Filet/W/A/S/D/S/S/flipper_only/WASDSS.txt,sd_card_mirror/badusb/!repo/flipper_only/_unclassified/UberGuidoZ_BadUSB/emptythevoid-BadUSB/red_dead_redemption_2/Five_Finger_Filet/W/A/S/D/S/S/flipper_only/WASDSS.txt,flipper_only
sd_card_content/badusb_extra_payloads/_unclassified/UberGuidoZ_BadUSB/emptythevoid-BadUSB/red_dead_redemption_2/Five_Finger_Filet/W/A/S/D/S/A/flipper_only/WASDSA.txt,sd_card_mirror/badusb/!repo/flipper_only/_unclassified/UberGuidoZ_BadUSB/emptythevoid-BadUSB/red_dead_redemption_2/Five_Finger_Filet/W/A/S/D/S/A/flipper_only/WASDSA.txt,flipper_only
sd_card_content/badusb_extra_payloads/_unclassified/UberGuidoZ_BadUSB/emptythevoid-BadUSB/red_dead_redemption_2/Five_Finger_Filet/W/A/S/D/S/D/flipper_only/WASDSD.txt,sd_card_mirror/badusb/!repo/flipper_only/_unclassified/UberGuidoZ_BadUSB/emptythevoid-BadUSB/red_dead_redemption_2/Five_Finger_Filet/W/A/S/D/S/D/flipper_only/WASDSD.txt,flipper_only
sd_card_content/badusb_extra_payloads/_unclassified/UberGuidoZ_BadUSB/emptythevoid-BadUSB/red_dead_redemption_2/Five_Finger_Filet/W/A/S/D/A/S/flipper_only/WASDAS.txt,sd_card_mirror/badusb/!repo/flipper_only/_unclassified/UberGuidoZ_BadUSB/emptythevoid-BadUSB/red_dead_redemption_2/Five_Finger_Filet/W/A/S/D/A/S/flipper_only/WASDAS.txt,flipper_only
sd_card_content/badusb_extra_payloads/_unclassified/UberGuidoZ_BadUSB/emptythevoid-BadUSB/red_dead_redemption_2/Five_Finger_Filet/W/A/S/D/A/A/flipper_only/WASDAA.txt,sd_card_mirror/badusb/!repo/flipper_only/_unclassified/UberGuidoZ_BadUSB/emptythevoid-BadUSB/red_dead_redemption_2/Five_Finger_Filet/W/A/S/D/A/A/flipper_only/WASDAA.txt,flipper_only
sd_card_content/badusb_extra_payloads/_unclassified/UberGuidoZ_BadUSB/emptythevoid-BadUSB/red_dead_redemption_2/Five_Finger_Filet/W/A/S/D/A/D/flipper_only/WASDAD.txt,sd_card_mirror/badusb/!repo/flipper_only/_unclassified/UberGuidoZ_BadUSB/emptythevoid-BadUSB/red_dead_redemption_2/Five_Finger_Filet/W/A/S/D/A/D/flipper_only/WASDAD.txt,flipper_only
sd_card_content/badusb_extra_payloads/_unclassified/UberGuidoZ_BadUSB/emptythevoid-BadUSB/red_dead_redemption_2/Five_Finger_Filet/W/A/S/D/D/S/flipper_only/WASDDS.txt,sd_card_mirror/badusb/!repo/flipper_only/_unclassified/UberGuidoZ_BadUSB/emptythevoid-BadUSB/red_dead_redemption_2/Five_Finger_Filet/W/A/S/D/D/S/flipper_only/WASDDS.txt,flipper_only
sd_card_content/badusb_extra_payloads/_unclassified/UberGuidoZ_BadUSB/emptythevoid-BadUSB/red_dead_redemption_2/Five_Finger_Filet/W/A/S/D/D/A/flipper_only/WASDDA.txt,sd_card_mirror/badusb/!repo/flipper_only/_unclassified/UberGuidoZ_BadUSB/emptythevoid-BadUSB/red_dead_redemption_2/Five_Finger_Filet/W/A/S/D/D/A/flipper_only/WASDDA.txt,flipper_only
sd_card_content/badusb_extra_payloads/_unclassified/UberGuidoZ_BadUSB/emptythevoid-BadUSB/red_dead_redemption_2/Five_Finger_Filet/W/A/S/D/D/D/flipper_only/WASDDD.txt,sd_card_mirror/badusb/!repo/flipper_only/_unclassified/UberGuidoZ_BadUSB/emptythevoid-BadUSB/red_dead_redemption_2/Five_Finger_Filet/W/A/S/D/D/D/flipper_only/WASDDD.txt,flipper_only
sd_card_content/badusb_extra_payloads/_unclassified/UberGuidoZ_BadUSB/emptythevoid-BadUSB/red_dead_redemption_2/Five_Finger_Filet/W/A/A/S/S/S/flipper_only/WAASSS.txt,sd_card_mirror/badusb/!repo/flipper_only/_unclassified/UberGuidoZ_BadUSB/emptythevoid-BadUSB/red_dead_redemption_2/Five_Finger_Filet/W/A/A/S/S/S/flipper_only/WAASSS.txt,flipper_only
sd_card_content/badusb_extra_payloads/_unclassified/UberGuidoZ_BadUSB/emptythevoid-BadUSB/red_dead_redemption_2/Five_Finger_Filet/W/A/A/S/S/A/flipper_only/WAASSA.txt,sd_card_mirror/badusb/!repo/flipper_only/_unclassified/UberGuidoZ_BadUSB/emptythevoid-BadUSB/red_dead_redemption_2/Five_Finger_Filet/W/A/A/S/S/A/flipper_only/WAASSA.txt,flipper_only
sd_card_content/badusb_extra_payloads/_unclassified/UberGuidoZ_BadUSB/emptythevoid-BadUSB/red_dead_redemption_2/Five_Finger_Filet/W/A/A/S/S/D/flipper_only/WAASSD.txt,sd_card_mirror/badusb/!repo/flipper_only/_unclassified/UberGuidoZ_BadUSB/emptythevoid-BadUSB/red_dead_redemption_2/Five_Finger_Filet/W/A/A/S/S/D/flipper_only/WAASSD.txt,flipper_only
sd_card_content/badusb_extra_payloads/_unclassified/UberGuidoZ_BadUSB/emptythevoid-BadUSB/red_dead_redemption_2/Five_Finger_Filet/W/A/A/S/A/S/flipper_only/WAASAS.txt,sd_card_mirror/badusb/!repo/flipper_only/_unclassified/UberGuidoZ_BadUSB/emptythevoid-BadUSB/red_dead_redemption_2/Five_Finger_Filet/W/A/A/S/A/S/flipper_only/WAASAS.txt,flipper_only
sd_card_content/badusb_extra_payloads/_unclassified/UberGuidoZ_BadUSB/emptythevoid-BadUSB/red_dead_redemption_2/Five_Finger_Filet/W/A/A/S/A/A/flipper_only/WAASAA.txt,sd_card_mirror/badusb/!repo/flipper_only/_unclassified/UberGuidoZ_BadUSB/emptythevoid-BadUSB/red_dead_redemption_2/Five_Finger_Filet/W/A/A/S/A/A/flipper_only/WAASAA.txt,flipper_only
sd_card_content/badusb_extra_payloads/_unclassified/UberGuidoZ_BadUSB/emptythevoid-BadUSB/red_dead_redemption_2/Five_Finger_Filet/W/A/A/S/A/D/flipper_only/WAASAD.txt,sd_card_mirror/badusb/!repo/flipper_only/_unclassified/UberGuidoZ_BadUSB/emptythevoid-BadUSB/red_dead_redemption_2/Five_Finger_Filet/W/A/A/S/A/D/flipper_only/WAASAD.txt,flipper_only
sd_card_content/badusb_extra_payloads/_unclassified/UberGuidoZ_BadUSB/emptythevoid-BadUSB/red_dead_redemption_2/Five_Finger_Filet/W/A/A/S/D/S/flipper_only/WAASDS.txt,sd_card_mirror/badusb/!repo/flipper_only/_unclassified/UberGuidoZ_BadUSB/emptythevoid-BadUSB/red_dead_redemption_2/Five_Finger_Filet/W/A/A/S/D/S/flipper_only/WAASDS.txt,flipper_only
sd_card_content/badusb_extra_payloads/_unclassified/UberGuidoZ_BadUSB/emptythevoid-BadUSB/red_dead_redemption_2/Five_Finger_Filet/W/A/A/S/D/A/flipper_only/WAASDA.txt,sd_card_mirror/badusb/!repo/flipper_only/_unclassified/UberGuidoZ_BadUSB/emptythevoid-BadUSB/red_dead_redemption_2/Five_Finger_Filet/W/A/A/S/D/A/flipper_only/WAASDA.txt,flipper_only
sd_card_content/badusb_extra_payloads/_unclassified/UberGuidoZ_BadUSB/emptythevoid-BadUSB/red_dead_redemption_2/Five_Finger_Filet/W/A/A/S/D/D/flipper_only/WAASDD.txt,sd_card_mirror/badusb/!repo/flipper_only/_unclassified/UberGuidoZ_BadUSB/emptythevoid-BadUSB/red_dead_redemption_2/Five_Finger_Filet/W/A/A/S/D/D/flipper_only/WAASDD.txt,flipper_only
sd_card_content/badusb_extra_payloads/_unclassified/UberGuidoZ_BadUSB/emptythevoid-BadUSB/red_dead_redemption_2/Five_Finger_Filet/W/A/A/A/S/S/flipper_only/WAAASS.txt,sd_card_mirror/badusb/!repo/flipper_only/_unclassified/UberGuidoZ_BadUSB/emptythevoid-BadUSB/red_dead_redemption_2/Five_Finger_Filet/W/A/A/A/S/S/flipper_only/WAAASS.txt,flipper_only
sd_card_content/badusb_extra_payloads/_unclassified/UberGuidoZ_BadUSB/emptythevoid-BadUSB/red_dead_redemption_2/Five_Finger_Filet/W/A/A/A/S/A/flipper_only/WAAASA.txt,sd_card_mirror/badusb/!repo/flipper_only/_unclassified/UberGuidoZ_BadUSB/emptythevoid-BadUSB/red_dead_redemption_2/Five_Finger_Filet/W/A/A/A/S/A/flipper_only/WAAASA.txt,flipper_only
sd_card_content/badusb_extra_payloads/_unclassified/UberGuidoZ_BadUSB/emptythevoid-BadUSB/red_dead_redemption_2/Five_Finger_Filet/W/A/A/A/S/D/flipper_only/WAAASD.txt,sd_card_mirror/badusb/!repo/flipper_only/_unclassified/UberGuidoZ_BadUSB/emptythevoid-BadUSB/red_dead_redemption_2/Five_Finger_Filet/W/A/A/A/S/D/flipper_only/WAAASD.txt,flipper_only
sd_card_content/badusb_extra_payloads/_unclassified/UberGuidoZ_BadUSB/emptythevoid-BadUSB/red_dead_redemption_2/Five_Finger_Filet/W/A/A/A/A/S/flipper_only/WAAAAS.txt,sd_card_mirror/badusb/!repo/flipper_only/_unclassified/UberGuidoZ_BadUSB/emptythevoid-BadUSB/red_dead_redemption_2/Five_Finger_Filet/W/A/A/A/A/S/flipper_only/WAAAAS.txt,flipper_only
sd_card_content/badusb_extra_payloads/_unclassified/UberGuidoZ_BadUSB/emptythevoid-BadUSB/red_dead_redemption_2/Five_Finger_Filet/W/A/A/A/A/A/flipper_only/WAAAAA.txt,sd_card_mirror/badusb/!repo/flipper_only/_unclassified/UberGuidoZ_BadUSB/emptythevoid-BadUSB/red_dead_redemption_2/Five_Finger_Filet/W/A/A/A/A/A/flipper_only/WAAAAA.txt,flipper_only
sd_card_content/badusb_extra_payloads/_unclassified/UberGuidoZ_BadUSB/emptythevoid-BadUSB/red_dead_redemption_2/Five_Finger_Filet/W/A/A/A/A/D/flipper_only/WAAAAD.txt,sd_card_mirror/badusb/!repo/flipper_only/_unclassified/UberGuidoZ_BadUSB/emptythevoid-BadUSB/red_dead_redemption_2/Five_Finger_Filet/W/A/A/A/A/D/flipper_only/WAAAAD.txt,flipper_only
sd_card_content/badusb_extra_payloads/_unclassified/UberGuidoZ_BadUSB/emptythevoid-BadUSB/red_dead_redemption_2/Five_Finger_Filet/W/A/A/A/D/S/flipper_only/WAAADS.txt,sd_card_mirror/badusb/!repo/flipper_only/_unclassified/UberGuidoZ_BadUSB/emptythevoid-BadUSB/red_dead_redemption_2/Five_Finger_Filet/W/A/A/A/D/S/flipper_only/WAAADS.txt,flipper_only
sd_card_content/badusb_extra_payloads/_unclassified/UberGuidoZ_BadUSB/emptythevoid-BadUSB/red_dead_redemption_2/Five_Finger_Filet/W/A/A/A/D/A/flipper_only/WAAADA.txt,sd_card_mirror/badusb/!repo/flipper_only/_unclassified/UberGuidoZ_BadUSB/emptythevoid-BadUSB/red_dead_redemption_2/Five_Finger_Filet/W/A/A/A/D/A/flipper_only/WAAADA.txt,flipper_only
sd_card_content/badusb_extra_payloads/_unclassified/UberGuidoZ_BadUSB/emptythevoid-BadUSB/red_dead_redemption_2/Five_Finger_Filet/W/A/A/A/D/D/flipper_only/WAAADD.txt,sd_card_mirror/badusb/!repo/flipper_only/_unclassified/UberGuidoZ_BadUSB/emptythevoid-BadUSB/red_dead_redemption_2/Five_Finger_Filet/W/A/A/A/D/D/flipper_only/WAAADD.txt,flipper_only
sd_card_content/badusb_extra_payloads/_unclassified/UberGuidoZ_BadUSB/emptythevoid-BadUSB/red_dead_redemption_2/Five_Finger_Filet/W/A/A/D/S/S/flipper_only/WAADSS.txt,sd_card_mirror/badusb/!repo/flipper_only/_unclassified/UberGuidoZ_BadUSB/emptythevoid-BadUSB/red_dead_redemption_2/Five_Finger_Filet/W/A/A/D/S/S/flipper_only/WAADSS.txt,flipper_only
sd_card_content/badusb_extra_payloads/_unclassified/UberGuidoZ_BadUSB/emptythevoid-BadUSB/red_dead_redemption_2/Five_Finger_Filet/W/A/A/D/S/A/flipper_only/WAADSA.txt,sd_card_mirror/badusb/!repo/flipper_only/_unclassified/UberGuidoZ_BadUSB/emptythevoid-BadUSB/red_dead_redemption_2/Five_Finger_Filet/W/A/A/D/S/A/flipper_only/WAADSA.txt,flipper_only
sd_card_content/badusb_extra_payloads/_unclassified/UberGuidoZ_BadUSB/emptythevoid-BadUSB/red_dead_redemption_2/Five_Finger_Filet/W/A/A/D/S/D/flipper_only/WAADSD.txt,sd_card_mirror/badusb/!repo/flipper_only/_unclassified/UberGuidoZ_BadUSB/emptythevoid-BadUSB/red_dead_redemption_2/Five_Finger_Filet/W/A/A/D/S/D/flipper_only/WAADSD.txt,flipper_only
sd_card_content/badusb_extra_payloads/_unclassified/UberGuidoZ_BadUSB/emptythevoid-BadUSB/red_dead_redemption_2/Five_Finger_Filet/W/A/A/D/A/S/flipper_only/WAADAS.txt,sd_card_mirror/badusb/!repo/flipper_only/_unclassified/UberGuidoZ_BadUSB/emptythevoid-BadUSB/red_dead_redemption_2/Five_Finger_Filet/W/A/A/D/A/S/flipper_only/WAADAS.txt,flipper_only
sd_card_content/badusb_extra_payloads/_unclassified/UberGuidoZ_BadUSB/emptythevoid-BadUSB/red_dead_redemption_2/Five_Finger_Filet/W/A/A/D/A/A/flipper_only/WAADAA.txt,sd_card_mirror/badusb/!repo/flipper_only/_unclassified/UberGuidoZ_BadUSB/emptythevoid-BadUSB/red_dead_redemption_2/Five_Finger_Filet/W/A/A/D/A/A/flipper_only/WAADAA.txt,flipper_only
sd_card_content/badusb_extra_payloads/_unclassified/UberGuidoZ_BadUSB/emptythevoid-BadUSB/red_dead_redemption_2/Five_Finger_Filet/W/A/A/D/A/D/flipper_only/WAADAD.txt,sd_card_mirror/badusb/!repo/flipper_only/_unclassified/UberGuidoZ_BadUSB/emptythevoid-BadUSB/red_dead_redemption_2/Five_Finger_Filet/W/A/A/D/A/D/flipper_only/WAADAD.txt,flipper_only
sd_card_content/badusb_extra_payloads/_unclassified/UberGuidoZ_BadUSB/emptythevoid-BadUSB/red_dead_redemption_2/Five_Finger_Filet/W/A/A/D/D/S/flipper_only/WAADDS.txt,sd_card_mirror/badusb/!repo/flipper_only/_unclassified/UberGuidoZ_BadUSB/emptythevoid-BadUSB/red_dead_redemption_2/Five_Finger_Filet/W/A/A/D/D/S/flipper_only/WAADDS.txt,flipper_only
sd_card_content/badusb_extra_payloads/_unclassified/UberGuidoZ_BadUSB/emptythevoid-BadUSB/red_dead_redemption_2/Five_Finger_Filet/W/A/A/D/D/A/flipper_only/WAADDA.txt,sd_card_mirror/badusb/!repo/flipper_only/_unclassified/UberGuidoZ_BadUSB/emptythevoid-BadUSB/red_dead_redemption_2/Five_Finger_Filet/W/A/A/D/D/A/flipper_only/WAADDA.txt,flipper_only
sd_card_content/badusb_extra_payloads/_unclassified/UberGuidoZ_BadUSB/emptythevoid-BadUSB/red_dead_redemption_2/Five_Finger_Filet/W/A/A/D/D/D/flipper_only/WAADDD.txt,sd_card_mirror/badusb/!repo/flipper_only/_unclassified/UberGuidoZ_BadUSB/emptythevoid-BadUSB/red_dead_redemption_2/Five_Finger_Filet/W/A/A/D/D/D/flipper_only/WAADDD.txt,flipper_only
sd_card_content/badusb_extra_payloads/_unclassified/UberGuidoZ_BadUSB/emptythevoid-BadUSB/red_dead_redemption_2/Five_Finger_Filet/W/A/D/S/S/S/flipper_only/WADSSS.txt,sd_card_mirror/badusb/!repo/flipper_only/_unclassified/UberGuidoZ_BadUSB/emptythevoid-BadUSB/red_dead_redemption_2/Five_Finger_Filet/W/A/D/S/S/S/flipper_only/WADSSS.txt,flipper_only
sd_card_content/badusb_extra_payloads/_unclassified/UberGuidoZ_BadUSB/emptythevoid-BadUSB/red_dead_redemption_2/Five_Finger_Filet/W/A/D/S/S/A/flipper_only/WADSSA.txt,sd_card_mirror/badusb/!repo/flipper_only/_unclassified/UberGuidoZ_BadUSB/emptythevoid-BadUSB/red_dead_redemption_2/Five_Finger_Filet/W/A/D/S/S/A/flipper_only/WADSSA.txt,flipper_only
sd_card_content/badusb_extra_payloads/_unclassified/UberGuidoZ_BadUSB/emptythevoid-BadUSB/red_dead_redemption_2/Five_Finger_Filet/W/A/D/S/S/D/flipper_only/WADSSD.txt,sd_card_mirror/badusb/!repo/flipper_only/_unclassified/UberGuidoZ_BadUSB/emptythevoid-BadUSB/red_dead_redemption_2/Five_Finger_Filet/W/A/D/S/S/D/flipper_only/WADSSD.txt,flipper_only
sd_card_content/badusb_extra_payloads/_unclassified/UberGuidoZ_BadUSB/emptythevoid-BadUSB/red_dead_redemption_2/Five_Finger_Filet/W/A/D/S/A/S/flipper_only/WADSAS.txt,sd_card_mirror/badusb/!repo/flipper_only/_unclassified/UberGuidoZ_BadUSB/emptythevoid-BadUSB/red_dead_redemption_2/Five_Finger_Filet/W/A/D/S/A/S/flipper_only/WADSAS.txt,flipper_only
sd_card_content/badusb_extra_payloads/_unclassified/UberGuidoZ_BadUSB/emptythevoid-BadUSB/red_dead_redemption_2/Five_Finger_Filet/W/A/D/S/A/A/flipper_only/WADSAA.txt,sd_card_mirror/badusb/!repo/flipper_only/_unclassified/UberGuidoZ_BadUSB/emptythevoid-BadUSB/red_dead_redemption_2/Five_Finger_Filet/W/A/D/S/A/A/flipper_only/WADSAA.txt,flipper_only
sd_card_content/badusb_extra_payloads/_unclassified/UberGuidoZ_BadUSB/emptythevoid-BadUSB/red_dead_redemption_2/Five_Finger_Filet/W/A/D/S/A/D/flipper_only/WADSAD.txt,sd_card_mirror/badusb/!repo/flipper_only/_unclassified/UberGuidoZ_BadUSB/emptythevoid-BadUSB/red_dead_redemption_2/Five_Finger_Filet/W/A/D/S/A/D/flipper_only/WADSAD.txt,flipper_only
sd_card_content/badusb_extra_payloads/_unclassified/UberGuidoZ_BadUSB/emptythevoid-BadUSB/red_dead_redemption_2/Five_Finger_Filet/W/A/D/S/D/S/flipper_only/WADSDS.txt,sd_card_mirror/badusb/!repo/flipper_only/_unclassified/UberGuidoZ_BadUSB/emptythevoid-BadUSB/red_dead_redemption_2/Five_Finger_Filet/W/A/D/S/D/S/flipper_only/WADSDS.txt,flipper_only
sd_card_content/badusb_extra_payloads/_unclassified/UberGuidoZ_BadUSB/emptythevoid-BadUSB/red_dead_redemption_2/Five_Finger_Filet/W/A/D/S/D/A/flipper_only/WADSDA.txt,sd_card_mirror/badusb/!repo/flipper_only/_unclassified/UberGuidoZ_BadUSB/emptythevoid-BadUSB/red_dead_redemption_2/Five_Finger_Filet/W/A/D/S/D/A/flipper_only/WADSDA.txt,flipper_only
sd_card_content/badusb_extra_payloads/_unclassified/UberGuidoZ_BadUSB/emptythevoid-BadUSB/red_dead_redemption_2/Five_Finger_Filet/W/A/D/S/D/D/flipper_only/WADSDD.txt,sd_card_mirror/badusb/!repo/flipper_only/_unclassified/UberGuidoZ_BadUSB/emptythevoid-BadUSB/red_dead_redemption_2/Five_Finger_Filet/W/A/D/S/D/D/flipper_only/WADSDD.txt,flipper_only
sd_card_content/badusb_extra_payloads/_unclassified/UberGuidoZ_BadUSB/emptythevoid-BadUSB/red_dead_redemption_2/Five_Finger_Filet/W/A/D/A/S/S/flipper_only/WADASS.txt,sd_card_mirror/badusb/!repo/flipper_only/_unclassified/UberGuidoZ_BadUSB/emptythevoid-BadUSB/red_dead_redemption_2/Five_Finger_Filet/W/A/D/A/S/S/flipper_only/WADASS.txt,flipper_only
sd_card_content/badusb_extra_payloads/_unclassified/UberGuidoZ_BadUSB/emptythevoid-BadUSB/red_dead_redemption_2/Five_Finger_Filet/W/A/D/A/S/A/flipper_only/WADASA.txt,sd_card_mirror/badusb/!repo/flipper_only/_unclassified/UberGuidoZ_BadUSB/emptythevoid-BadUSB/red_dead_redemption_2/Five_Finger_Filet/W/A/D/A/S/A/flipper_only/WADASA.txt,flipper_only
sd_card_content/badusb_extra_payloads/_unclassified/UberGuidoZ_BadUSB/emptythevoid-BadUSB/red_dead_redemption_2/Five_Finger_Filet/W/A/D/A/S/D/flipper_only/WADASD.txt,sd_card_mirror/badusb/!repo/flipper_only/_unclassified/UberGuidoZ_BadUSB/emptythevoid-BadUSB/red_dead_redemption_2/Five_Finger_Filet/W/A/D/A/S/D/flipper_only/WADASD.txt,flipper_only
sd_card_content/badusb_extra_payloads/_unclassified/UberGuidoZ_BadUSB/emptythevoid-BadUSB/red_dead_redemption_2/Five_Finger_Filet/W/A/D/A/A/S/flipper_only/WADAAS.txt,sd_card_mirror/badusb/!repo/flipper_only/_unclassified/UberGuidoZ_BadUSB/emptythevoid-BadUSB/red_dead_redemption_2/Five_Finger_Filet/W/A/D/A/A/S/flipper_only/WADAAS.txt,flipper_only
sd_card_content/badusb_extra_payloads/_unclassified/UberGuidoZ_BadUSB/emptythevoid-BadUSB/red_dead_redemption_2/Five_Finger_Filet/W/A/D/A/A/A/flipper_only/WADAAA.txt,sd_card_mirror/badusb/!repo/flipper_only/_unclassified/UberGuidoZ_BadUSB/emptythevoid-BadUSB/red_dead_redemption_2/Five_Finger_Filet/W/A/D/A/A/A/flipper_only/WADAAA.txt,flipper_only
sd_card_content/badusb_extra_payloads/_unclassified/UberGuidoZ_BadUSB/emptythevoid-BadUSB/red_dead_redemption_2/Five_Finger_Filet/W/A/D/A/A/D/flipper_only/WADAAD.txt,sd_card_mirror/badusb/!repo/flipper_only/_unclassified/UberGuidoZ_BadUSB/emptythevoid-BadUSB/red_dead_redemption_2/Five_Finger_Filet/W/A/D/A/A/D/flipper_only/WADAAD.txt,flipper_only
sd_card_content/badusb_extra_payloads/_unclassified/UberGuidoZ_BadUSB/emptythevoid-BadUSB/red_dead_redemption_2/Five_Finger_Filet/W/A/D/A/D/S/flipper_only/WADADS.txt,sd_card_mirror/badusb/!repo/flipper_only/_unclassified/UberGuidoZ_BadUSB/emptythevoid-BadUSB/red_dead_redemption_2/Five_Finger_Filet/W/A/D/A/D/S/flipper_only/WADADS.txt,flipper_only
sd_card_content/badusb_extra_payloads/_unclassified/UberGuidoZ_BadUSB/emptythevoid-BadUSB/red_dead_redemption_2/Five_Finger_Filet/W/A/D/A/D/A/flipper_only/WADADA.txt,sd_card_mirror/badusb/!repo/flipper_only/_unclassified/UberGuidoZ_BadUSB/emptythevoid-BadUSB/red_dead_redemption_2/Five_Finger_Filet/W/A/D/A/D/A/flipper_only/WADADA.txt,flipper_only
sd_card_content/badusb_extra_payloads/_unclassified/UberGuidoZ_BadUSB/emptythevoid-BadUSB/red_dead_redemption_2/Five_Finger_Filet/W/A/D/A/D/D/flipper_only/WADADD.txt,sd_card_mirror/badusb/!repo/flipper_only/_unclassified/UberGuidoZ_BadUSB/emptythevoid-BadUSB/red_dead_redemption_2/Five_Finger_Filet/W/A/D/A/D/D/flipper_only/WADADD.txt,flipper_only
sd_card_content/badusb_extra_payloads/_unclassified/UberGuidoZ_BadUSB/emptythevoid-BadUSB/red_dead_redemption_2/Five_Finger_Filet/W/A/D/D/S/S/flipper_only/WADDSS.txt,sd_card_mirror/badusb/!repo/flipper_only/_unclassified/UberGuidoZ_BadUSB/emptythevoid-BadUSB/red_dead_redemption_2/Five_Finger_Filet/W/A/D/D/S/S/flipper_only/WADDSS.txt,flipper_only
sd_card_content/badusb_extra_payloads/_unclassified/UberGuidoZ_BadUSB/emptythevoid-BadUSB/red_dead_redemption_2/Five_Finger_Filet/W/A/D/D/S/A/flipper_only/WADDSA.txt,sd_card_mirror/badusb/!repo/flipper_only/_unclassified/UberGuidoZ_BadUSB/emptythevoid-BadUSB/red_dead_redemption_2/Five_Finger_Filet/W/A/D/D/S/A/flipper_only/WADDSA.txt,flipper_only
sd_card_content/badusb_extra_payloads/_unclassified/UberGuidoZ_BadUSB/emptythevoid-BadUSB/red_dead_redemption_2/Five_Finger_Filet/W/A/D/D/S/D/flipper_only/WADDSD.txt,sd_card_mirror/badusb/!repo/flipper_only/_unclassified/UberGuidoZ_BadUSB/emptythevoid-BadUSB/red_dead_redemption_2/Five_Finger_Filet/W/A/D/D/S/D/flipper_only/WADDSD.txt,flipper_only
sd_card_content/badusb_extra_payloads/_unclassified/UberGuidoZ_BadUSB/emptythevoid-BadUSB/red_dead_redemption_2/Five_Finger_Filet/W/A/D/D/A/S/flipper_only/WADDAS.txt,sd_card_mirror/badusb/!repo/flipper_only/_unclassified/UberGuidoZ_BadUSB/emptythevoid-BadUSB/red_dead_redemption_2/Five_Finger_Filet/W/A/D/D/A/S/flipper_only/WADDAS.txt,flipper_only
sd_card_content/badusb_extra_payloads/_unclassified/UberGuidoZ_BadUSB/emptythevoid-BadUSB/red_dead_redemption_2/Five_Finger_Filet/W/A/D/D/A/A/flipper_only/WADDAA.txt,sd_card_mirror/badusb/!repo/flipper_only/_unclassified/UberGuidoZ_BadUSB/emptythevoid-BadUSB/red_dead_redemption_2/Five_Finger_Filet/W/A/D/D/A/A/flipper_only/WADDAA.txt,flipper_only
sd_card_content/badusb_extra_payloads/_unclassified/UberGuidoZ_BadUSB/emptythevoid-BadUSB/red_dead_redemption_2/Five_Finger_Filet/W/A/D/D/A/D/flipper_only/WADDAD.txt,sd_card_mirror/badusb/!repo/flipper_only/_unclassified/UberGuidoZ_BadUSB/emptythevoid-BadUSB/red_dead_redemption_2/Five_Finger_Filet/W/A/D/D/A/D/flipper_only/WADDAD.txt,flipper_only
sd_card_content/badusb_extra_payloads/_unclassified/UberGuidoZ_BadUSB/emptythevoid-BadUSB/red_dead_redemption_2/Five_Finger_Filet/W/A/D/D/D/S/flipper_only/WADDDS.txt,sd_card_mirror/badusb/!repo/flipper_only/_unclassified/UberGuidoZ_BadUSB/emptythevoid-BadUSB/red_dead_redemption_2/Five_Finger_Filet/W/A/D/D/D/S/flipper_only/WADDDS.txt,flipper_only
sd_card_content/badusb_extra_payloads/_unclassified/UberGuidoZ_BadUSB/emptythevoid-BadUSB/red_dead_redemption_2/Five_Finger_Filet/W/A/D/D/D/A/flipper_only/WADDDA.txt,sd_card_mirror/badusb/!repo/flipper_only/_unclassified/UberGuidoZ_BadUSB/emptythevoid-BadUSB/red_dead_redemption_2/Five_Finger_Filet/W/A/D/D/D/A/flipper_only/WADDDA.txt,flipper_only
sd_card_content/badusb_extra_payloads/_unclassified/UberGuidoZ_BadUSB/emptythevoid-BadUSB/red_dead_redemption_2/Five_Finger_Filet/W/A/D/D/D/D/flipper_only/WADDDD.txt,sd_card_mirror/badusb/!repo/flipper_only/_unclassified/UberGuidoZ_BadUSB/emptythevoid-BadUSB/red_dead_redemption_2/Five_Finger_Filet/W/A/D/D/D/D/flipper_only/WADDDD.txt,flipper_only
sd_card_content/badusb_extra_payloads/_unclassified/UberGuidoZ_BadUSB/emptythevoid-BadUSB/red_dead_redemption_2/Five_Finger_Filet/W/D/S/S/S/S/flipper_only/WDSSSS.txt,sd_card_mirror/badusb/!repo/flipper_only/_unclassified/UberGuidoZ_BadUSB/emptythevoid-BadUSB/red_dead_redemption_2/Five_Finger_Filet/W/D/S/S/S/S/flipper_only/WDSSSS.txt,flipper_only
sd_card_content/badusb_extra_payloads/_unclassified/UberGuidoZ_BadUSB/emptythevoid-BadUSB/red_dead_redemption_2/Five_Finger_Filet/W/D/S/S/S/A/flipper_only/WDSSSA.txt,sd_card_mirror/badusb/!repo/flipper_only/_unclassified/UberGuidoZ_BadUSB/emptythevoid-BadUSB/red_dead_redemption_2/Five_Finger_Filet/W/D/S/S/S/A/flipper_only/WDSSSA.txt,flipper_only
sd_card_content/badusb_extra_payloads/_unclassified/UberGuidoZ_BadUSB/emptythevoid-BadUSB/red_dead_redemption_2/Five_Finger_Filet/W/D/S/S/S/D/flipper_only/WDSSSD.txt,sd_card_mirror/badusb/!repo/flipper_only/_unclassified/UberGuidoZ_BadUSB/emptythevoid-BadUSB/red_dead_redemption_2/Five_Finger_Filet/W/D/S/S/S/D/flipper_only/WDSSSD.txt,flipper_only
sd_card_content/badusb_extra_payloads/_unclassified/UberGuidoZ_BadUSB/emptythevoid-BadUSB/red_dead_redemption_2/Five_Finger_Filet/W/D/S/S/A/S/flipper_only/WDSSAS.txt,sd_card_mirror/badusb/!repo/flipper_only/_unclassified/UberGuidoZ_BadUSB/emptythevoid-BadUSB/red_dead_redemption_2/Five_Finger_Filet/W/D/S/S/A/S/flipper_only/WDSSAS.txt,flipper_only
sd_card_content/badusb_extra_payloads/_unclassified/UberGuidoZ_BadUSB/emptythevoid-BadUSB/red_dead_redemption_2/Five_Finger_Filet/W/D/S/S/A/A/flipper_only/WDSSAA.txt,sd_card_mirror/badusb/!repo/flipper_only/_unclassified/UberGuidoZ_BadUSB/emptythevoid-BadUSB/red_dead_redemption_2/Five_Finger_Filet/W/D/S/S/A/A/flipper_only/WDSSAA.txt,flipper_only
sd_card_content/badusb_extra_payloads/_unclassified/UberGuidoZ_BadUSB/emptythevoid-BadUSB/red_dead_redemption_2/Five_Finger_Filet/W/D/S/S/A/D/flipper_only/WDSSAD.txt,sd_card_mirror/badusb/!repo/flipper_only/_unclassified/UberGuidoZ_BadUSB/emptythevoid-BadUSB/red_dead_redemption_2/Five_Finger_Filet/W/D/S/S/A/D/flipper_only/WDSSAD.txt,flipper_only
sd_card_content/badusb_extra_payloads/_unclassified/UberGuidoZ_BadUSB/emptythevoid-BadUSB/red_dead_redemption_2/Five_Finger_Filet/W/D/S/S/D/S/flipper_only/WDSSDS.txt,sd_card_mirror/badusb/!repo/flipper_only/_unclassified/UberGuidoZ_BadUSB/emptythevoid-BadUSB/red_dead_redemption_2/Five_Finger_Filet/W/D/S/S/D/S/flipper_only/WDSSDS.txt,flipper_only
sd_card_content/badusb_extra_payloads/_unclassified/UberGuidoZ_BadUSB/emptythevoid-BadUSB/red_dead_redemption_2/Five_Finger_Filet/W/D/S/S/D/A/flipper_only/WDSSDA.txt,sd_card_mirror/badusb/!repo/flipper_only/_unclassified/UberGuidoZ_BadUSB/emptythevoid-BadUSB/red_dead_redemption_2/Five_Finger_Filet/W/D/S/S/D/A/flipper_only/WDSSDA.txt,flipper_only
sd_card_content/badusb_extra_payloads/_unclassified/UberGuidoZ_BadUSB/emptythevoid-BadUSB/red_dead_redemption_2/Five_Finger_Filet/W/D/S/S/D/D/flipper_only/WDSSDD.txt,sd_card_mirror/badusb/!repo/flipper_only/_unclassified/UberGuidoZ_BadUSB/emptythevoid-BadUSB/red_dead_redemption_2/Five_Finger_Filet/W/D/S/S/D/D/flipper_only/WDSSDD.txt,flipper_only
sd_card_content/badusb_extra_payloads/_unclassified/UberGuidoZ_BadUSB/emptythevoid-BadUSB/red_dead_redemption_2/Five_Finger_Filet/W/D/S/A/S/S/flipper_only/WDSASS.txt,sd_card_mirror/badusb/!repo/flipper_only/_unclassified/UberGuidoZ_BadUSB/emptythevoid-BadUSB/red_dead_redemption_2/Five_Finger_Filet/W/D/S/A/S/S/flipper_only/WDSASS.txt,flipper_only
sd_card_content/badusb_extra_payloads/_unclassified/UberGuidoZ_BadUSB/emptythevoid-BadUSB/red_dead_redemption_2/Five_Finger_Filet/W/D/S/A/S/A/flipper_only/WDSASA.txt,sd_card_mirror/badusb/!repo/flipper_only/_unclassified/UberGuidoZ_BadUSB/emptythevoid-BadUSB/red_dead_redemption_2/Five_Finger_Filet/W/D/S/A/S/A/flipper_only/WDSASA.txt,flipper_only
sd_card_content/badusb_extra_payloads/_unclassified/UberGuidoZ_BadUSB/emptythevoid-BadUSB/red_dead_redemption_2/Five_Finger_Filet/W/D/S/A/S/D/flipper_only/WDSASD.txt,sd_card_mirror/badusb/!repo/flipper_only/_unclassified/UberGuidoZ_BadUSB/emptythevoid-BadUSB/red_dead_redemption_2/Five_Finger_Filet/W/D/S/A/S/D/flipper_only/WDSASD.txt,flipper_only
sd_card_content/badusb_extra_payloads/_unclassified/UberGuidoZ_BadUSB/emptythevoid-BadUSB/red_dead_redemption_2/Five_Finger_Filet/W/D/S/A/A/S/flipper_only/WDSAAS.txt,sd_card_mirror/badusb/!repo/flipper_only/_unclassified/UberGuidoZ_BadUSB/emptythevoid-BadUSB/red_dead_redemption_2/Five_Finger_Filet/W/D/S/A/A/S/flipper_only/WDSAAS.txt,flipper_only
sd_card_content/badusb_extra_payloads/_unclassified/UberGuidoZ_BadUSB/emptythevoid-BadUSB/red_dead_redemption_2/Five_Finger_Filet/W/D/S/A/A/A/flipper_only/WDSAAA.txt,sd_card_mirror/badusb/!repo/flipper_only/_unclassified/UberGuidoZ_BadUSB/emptythevoid-BadUSB/red_dead_redemption_2/Five_Finger_Filet/W/D/S/A/A/A/flipper_only/WDSAAA.txt,flipper_only
sd_card_content/badusb_extra_payloads/_unclassified/UberGuidoZ_BadUSB/emptythevoid-BadUSB/red_dead_redemption_2/Five_Finger_Filet/W/D/S/A/A/D/flipper_only/WDSAAD.txt,sd_card_mirror/badusb/!repo/flipper_only/_unclassified/UberGuidoZ_BadUSB/emptythevoid-BadUSB/red_dead_redemption_2/Five_Finger_Filet/W/D/S/A/A/D/flipper_only/WDSAAD.txt,flipper_only
sd_card_content/badusb_extra_payloads/_unclassified/UberGuidoZ_BadUSB/emptythevoid-BadUSB/red_dead_redemption_2/Five_Finger_Filet/W/D/S/A/D/S/flipper_only/WDSADS.txt,sd_card_mirror/badusb/!repo/flipper_only/_unclassified/UberGuidoZ_BadUSB/emptythevoid-BadUSB/red_dead_redemption_2/Five_Finger_Filet/W/D/S/A/D/S/flipper_only/WDSADS.txt,flipper_only
sd_card_content/badusb_extra_payloads/_unclassified/UberGuidoZ_BadUSB/emptythevoid-BadUSB/red_dead_redemption_2/Five_Finger_Filet/W/D/S/A/D/A/flipper_only/WDSADA.txt,sd_card_mirror/badusb/!repo/flipper_only/_unclassified/UberGuidoZ_BadUSB/emptythevoid-BadUSB/red_dead_redemption_2/Five_Finger_Filet/W/D/S/A/D/A/flipper_only/WDSADA.txt,flipper_only
sd_card_content/badusb_extra_payloads/_unclassified/UberGuidoZ_BadUSB/emptythevoid-BadUSB/red_dead_redemption_2/Five_Finger_Filet/W/D/S/A/D/D/flipper_only/WDSADD.txt,sd_card_mirror/badusb/!repo/flipper_only/_unclassified/UberGuidoZ_BadUSB/emptythevoid-BadUSB/red_dead_redemption_2/Five_Finger_Filet/W/D/S/A/D/D/flipper_only/WDSADD.txt,flipper_only
sd_card_content/badusb_extra_payloads/_unclassified/UberGuidoZ_BadUSB/emptythevoid-BadUSB/red_dead_redemption_2/Five_Finger_Filet/W/D/S/D/S/S/flipper_only/WDSDSS.txt,sd_card_mirror/badusb/!repo/flipper_only/_unclassified/UberGuidoZ_BadUSB/emptythevoid-BadUSB/red_dead_redemption_2/Five_Finger_Filet/W/D/S/D/S/S/flipper_only/WDSDSS.txt,flipper_only
sd_card_content/badusb_extra_payloads/_unclassified/UberGuidoZ_BadUSB/emptythevoid-BadUSB/red_dead_redemption_2/Five_Finger_Filet/W/D/S/D/S/A/flipper_only/WDSDSA.txt,sd_card_mirror/badusb/!repo/flipper_only/_unclassified/UberGuidoZ_BadUSB/emptythevoid-BadUSB/red_dead_redemption_2/Five_Finger_Filet/W/D/S/D/S/A/flipper_only/WDSDSA.txt,flipper_only
sd_card_content/badusb_extra_payloads/_unclassified/UberGuidoZ_BadUSB/emptythevoid-BadUSB/red_dead_redemption_2/Five_Finger_Filet/W/D/S/D/S/D/flipper_only/WDSDSD.txt,sd_card_mirror/badusb/!repo/flipper_only/_unclassified/UberGuidoZ_BadUSB/emptythevoid-BadUSB/red_dead_redemption_2/Five_Finger_Filet/W/D/S/D/S/D/flipper_only/WDSDSD.txt,flipper_only
sd_card_content/badusb_extra_payloads/_unclassified/UberGuidoZ_BadUSB/emptythevoid-BadUSB/red_dead_redemption_2/Five_Finger_Filet/W/D/S/D/A/S/flipper_only/WDSDAS.txt,sd_card_mirror/badusb/!repo/flipper_only/_unclassified/UberGuidoZ_BadUSB/emptythevoid-BadUSB/red_dead_redemption_2/Five_Finger_Filet/W/D/S/D/A/S/flipper_only/WDSDAS.txt,flipper_only
sd_card_content/badusb_extra_payloads/_unclassified/UberGuidoZ_BadUSB/emptythevoid-BadUSB/red_dead_redemption_2/Five_Finger_Filet/W/D/S/D/A/A/flipper_only/WDSDAA.txt,sd_card_mirror/badusb/!repo/flipper_only/_unclassified/UberGuidoZ_BadUSB/emptythevoid-BadUSB/red_dead_redemption_2/Five_Finger_Filet/W/D/S/D/A/A/flipper_only/WDSDAA.txt,flipper_only
sd_card_content/badusb_extra_payloads/_unclassified/UberGuidoZ_BadUSB/emptythevoid-BadUSB/red_dead_redemption_2/Five_Finger_Filet/W/D/S/D/A/D/flipper_only/WDSDAD.txt,sd_card_mirror/badusb/!repo/flipper_only/_unclassified/UberGuidoZ_BadUSB/emptythevoid-BadUSB/red_dead_redemption_2/Five_Finger_Filet/W/D/S/D/A/D/flipper_only/WDSDAD.txt,flipper_only
sd_card_content/badusb_extra_payloads/_unclassified/UberGuidoZ_BadUSB/emptythevoid-BadUSB/red_dead_redemption_2/Five_Finger_Filet/W/D/S/D/D/S/flipper_only/WDSDDS.txt,sd_card_mirror/badusb/!repo/flipper_only/_unclassified/UberGuidoZ_BadUSB/emptythevoid-BadUSB/red_dead_redemption_2/Five_Finger_Filet/W/D/S/D/D/S/flipper_only/WDSDDS.txt,flipper_only
sd_card_content/badusb_extra_payloads/_unclassified/UberGuidoZ_BadUSB/emptythevoid-BadUSB/red_dead_redemption_2/Five_Finger_Filet/W/D/S/D/D/A/flipper_only/WDSDDA.txt,sd_card_mirror/badusb/!repo/flipper_only/_unclassified/UberGuidoZ_BadUSB/emptythevoid-BadUSB/red_dead_redemption_2/Five_Finger_Filet/W/D/S/D/D/A/flipper_only/WDSDDA.txt,flipper_only
sd_card_content/badusb_extra_payloads/_unclassified/UberGuidoZ_BadUSB/emptythevoid-BadUSB/red_dead_redemption_2/Five_Finger_Filet/W/D/S/D/D/D/flipper_only/WDSDDD.txt,sd_card_mirror/badusb/!repo/flipper_only/_unclassified/UberGuidoZ_BadUSB/emptythevoid-BadUSB/red_dead_redemption_2/Five_Finger_Filet/W/D/S/D/D/D/flipper_only/WDSDDD.txt,flipper_only
sd_card_content/badusb_extra_payloads/_unclassified/UberGuidoZ_BadUSB/emptythevoid-BadUSB/red_dead_redemption_2/Five_Finger_Filet/W/D/A/S/S/S/flipper_only/WDASSS.txt,sd_card_mirror/badusb/!repo/flipper_only/_unclassified/UberGuidoZ_BadUSB/emptythevoid-BadUSB/red_dead_redemption_2/Five_Finger_Filet/W/D/A/S/S/S/flipper_only/WDASSS.txt,flipper_only
sd_card_content/badusb_extra_payloads/_unclassified/UberGuidoZ_BadUSB/emptythevoid-BadUSB/red_dead_redemption_2/Five_Finger_Filet/W/D/A/S/S/A/flipper_only/WDASSA.txt,sd_card_mirror/badusb/!repo/flipper_only/_unclassified/UberGuidoZ_BadUSB/emptythevoid-BadUSB/red_dead_redemption_2/Five_Finger_Filet/W/D/A/S/S/A/flipper_only/WDASSA.txt,flipper_only
sd_card_content/badusb_extra_payloads/_unclassified/UberGuidoZ_BadUSB/emptythevoid-BadUSB/red_dead_redemption_2/Five_Finger_Filet/W/D/A/S/S/D/flipper_only/WDASSD.txt,sd_card_mirror/badusb/!repo/flipper_only/_unclassified/UberGuidoZ_BadUSB/emptythevoid-BadUSB/red_dead_redemption_2/Five_Finger_Filet/W/D/A/S/S/D/flipper_only/WDASSD.txt,flipper_only
sd_card_content/badusb_extra_payloads/_unclassified/UberGuidoZ_BadUSB/emptythevoid-BadUSB/red_dead_redemption_2/Five_Finger_Filet/W/D/A/S/A/S/flipper_only/WDASAS.txt,sd_card_mirror/badusb/!repo/flipper_only/_unclassified/UberGuidoZ_BadUSB/emptythevoid-BadUSB/red_dead_redemption_2/Five_Finger_Filet/W/D/A/S/A/S/flipper_only/WDASAS.txt,flipper_only
sd_card_content/badusb_extra_payloads/_unclassified/UberGuidoZ_BadUSB/emptythevoid-BadUSB/red_dead_redemption_2/Five_Finger_Filet/W/D/A/S/A/A/flipper_only/WDASAA.txt,sd_card_mirror/badusb/!repo/flipper_only/_unclassified/UberGuidoZ_BadUSB/emptythevoid-BadUSB/red_dead_redemption_2/Five_Finger_Filet/W/D/A/S/A/A/flipper_only/WDASAA.txt,flipper_only
sd_card_content/badusb_extra_payloads/_unclassified/UberGuidoZ_BadUSB/emptythevoid-BadUSB/red_dead_redemption_2/Five_Finger_Filet/W/D/A/S/A/D/flipper_only/WDASAD.txt,sd_card_mirror/badusb/!repo/flipper_only/_unclassified/UberGuidoZ_BadUSB/emptythevoid-BadUSB/red_dead_redemption_2/Five_Finger_Filet/W/D/A/S/A/D/flipper_only/WDASAD.txt,flipper_only
sd_card_content/badusb_extra_payloads/_unclassified/UberGuidoZ_BadUSB/emptythevoid-BadUSB/red_dead_redemption_2/Five_Finger_Filet/W/D/A/S/D/S/flipper_only/WDASDS.txt,sd_card_mirror/badusb/!repo/flipper_only/_unclassified/UberGuidoZ_BadUSB/emptythevoid-BadUSB/red_dead_redemption_2/Five_Finger_Filet/W/D/A/S/D/S/flipper_only/WDASDS.txt,flipper_only
sd_card_content/badusb_extra_payloads/_unclassified/UberGuidoZ_BadUSB/emptythevoid-BadUSB/red_dead_redemption_2/Five_Finger_Filet/W/D/A/S/D/A/flipper_only/WDASDA.txt,sd_card_mirror/badusb/!repo/flipper_only/_unclassified/UberGuidoZ_BadUSB/emptythevoid-BadUSB/red_dead_redemption_2/Five_Finger_Filet/W/D/A/S/D/A/flipper_only/WDASDA.txt,flipper_only
sd_card_content/badusb_extra_payloads/_unclassified/UberGuidoZ_BadUSB/emptythevoid-BadUSB/red_dead_redemption_2/Five_Finger_Filet/W/D/A/S/D/D/flipper_only/WDASDD.txt,sd_card_mirror/badusb/!repo/flipper_only/_unclassified/UberGuidoZ_BadUSB/emptythevoid-BadUSB/red_dead_redemption_2/Five_Finger_Filet/W/D/A/S/D/D/flipper_only/WDASDD.txt,flipper_only
sd_card_content/badusb_extra_payloads/_unclassified/UberGuidoZ_BadUSB/emptythevoid-BadUSB/red_dead_redemption_2/Five_Finger_Filet/W/D/A/A/S/S/flipper_only/WDAASS.txt,sd_card_mirror/badusb/!repo/flipper_only/_unclassified/UberGuidoZ_BadUSB/emptythevoid-BadUSB/red_dead_redemption_2/Five_Finger_Filet/W/D/A/A/S/S/flipper_only/WDAASS.txt,flipper_only
sd_card_content/badusb_extra_payloads/_unclassified/UberGuidoZ_BadUSB/emptythevoid-BadUSB/red_dead_redemption_2/Five_Finger_Filet/W/D/A/A/S/A/flipper_only/WDAASA.txt,sd_card_mirror/badusb/!repo/flipper_only/_unclassified/UberGuidoZ_BadUSB/emptythevoid-BadUSB/red_dead_redemption_2/Five_Finger_Filet/W/D/A/A/S/A/flipper_only/WDAASA.txt,flipper_only
sd_card_content/badusb_extra_payloads/_unclassified/UberGuidoZ_BadUSB/emptythevoid-BadUSB/red_dead_redemption_2/Five_Finger_Filet/W/D/A/A/S/D/flipper_only/WDAASD.txt,sd_card_mirror/badusb/!repo/flipper_only/_unclassified/UberGuidoZ_BadUSB/emptythevoid-BadUSB/red_dead_redemption_2/Five_Finger_Filet/W/D/A/A/S/D/flipper_only/WDAASD.txt,flipper_only
sd_card_content/badusb_extra_payloads/_unclassified/UberGuidoZ_BadUSB/emptythevoid-BadUSB/red_dead_redemption_2/Five_Finger_Filet/W/D/A/A/A/S/flipper_only/WDAAAS.txt,sd_card_mirror/badusb/!repo/flipper_only/_unclassified/UberGuidoZ_BadUSB/emptythevoid-BadUSB/red_dead_redemption_2/Five_Finger_Filet/W/D/A/A/A/S/flipper_only/WDAAAS.txt,flipper_only
sd_card_content/badusb_extra_payloads/_unclassified/UberGuidoZ_BadUSB/emptythevoid-BadUSB/red_dead_redemption_2/Five_Finger_Filet/W/D/A/A/A/A/flipper_only/WDAAAA.txt,sd_card_mirror/badusb/!repo/flipper_only/_unclassified/UberGuidoZ_BadUSB/emptythevoid-BadUSB/red_dead_redemption_2/Five_Finger_Filet/W/D/A/A/A/A/flipper_only/WDAAAA.txt,flipper_only
sd_card_content/badusb_extra_payloads/_unclassified/UberGuidoZ_BadUSB/emptythevoid-BadUSB/red_dead_redemption_2/Five_Finger_Filet/W/D/A/A/A/D/flipper_only/WDAAAD.txt,sd_card_mirror/badusb/!repo/flipper_only/_unclassified/UberGuidoZ_BadUSB/emptythevoid-BadUSB/red_dead_redemption_2/Five_Finger_Filet/W/D/A/A/A/D/flipper_only/WDAAAD.txt,flipper_only
sd_card_content/badusb_extra_payloads/_unclassified/UberGuidoZ_BadUSB/emptythevoid-BadUSB/red_dead_redemption_2/Five_Finger_Filet/W/D/A/A/D/S/flipper_only/WDAADS.txt,sd_card_mirror/badusb/!repo/flipper_only/_unclassified/UberGuidoZ_BadUSB/emptythevoid-BadUSB/red_dead_redemption_2/Five_Finger_Filet/W/D/A/A/D/S/flipper_only/WDAADS.txt,flipper_only
sd_card_content/badusb_extra_payloads/_unclassified/UberGuidoZ_BadUSB/emptythevoid-BadUSB/red_dead_redemption_2/Five_Finger_Filet/W/D/A/A/D/A/flipper_only/WDAADA.txt,sd_card_mirror/badusb/!repo/flipper_only/_unclassified/UberGuidoZ_BadUSB/emptythevoid-BadUSB/red_dead_redemption_2/Five_Finger_Filet/W/D/A/A/D/A/flipper_only/WDAADA.txt,flipper_only
sd_card_content/badusb_extra_payloads/_unclassified/UberGuidoZ_BadUSB/emptythevoid-BadUSB/red_dead_redemption_2/Five_Finger_Filet/W/D/A/A/D/D/flipper_only/WDAADD.txt,sd_card_mirror/badusb/!repo/flipper_only/_unclassified/UberGuidoZ_BadUSB/emptythevoid-BadUSB/red_dead_redemption_2/Five_Finger_Filet/W/D/A/A/D/D/flipper_only/WDAADD.txt,flipper_only
sd_card_content/badusb_extra_payloads/_unclassified/UberGuidoZ_BadUSB/emptythevoid-BadUSB/red_dead_redemption_2/Five_Finger_Filet/W/D/A/D/S/S/flipper_only/WDADSS.txt,sd_card_mirror/badusb/!repo/flipper_only/_unclassified/UberGuidoZ_BadUSB/emptythevoid-BadUSB/red_dead_redemption_2/Five_Finger_Filet/W/D/A/D/S/S/flipper_only/WDADSS.txt,flipper_only
sd_card_content/badusb_extra_payloads/_unclassified/UberGuidoZ_BadUSB/emptythevoid-BadUSB/red_dead_redemption_2/Five_Finger_Filet/W/D/A/D/S/A/flipper_only/WDADSA.txt,sd_card_mirror/badusb/!repo/flipper_only/_unclassified/UberGuidoZ_BadUSB/emptythevoid-BadUSB/red_dead_redemption_2/Five_Finger_Filet/W/D/A/D/S/A/flipper_only/WDADSA.txt,flipper_only
sd_card_content/badusb_extra_payloads/_unclassified/UberGuidoZ_BadUSB/emptythevoid-BadUSB/red_dead_redemption_2/Five_Finger_Filet/W/D/A/D/S/D/flipper_only/WDADSD.txt,sd_card_mirror/badusb/!repo/flipper_only/_unclassified/UberGuidoZ_BadUSB/emptythevoid-BadUSB/red_dead_redemption_2/Five_Finger_Filet/W/D/A/D/S/D/flipper_only/WDADSD.txt,flipper_only
sd_card_content/badusb_extra_payloads/_unclassified/UberGuidoZ_BadUSB/emptythevoid-BadUSB/red_dead_redemption_2/Five_Finger_Filet/W/D/A/D/A/S/flipper_only/WDADAS.txt,sd_card_mirror/badusb/!repo/flipper_only/_unclassified/UberGuidoZ_BadUSB/emptythevoid-BadUSB/red_dead_redemption_2/Five_Finger_Filet/W/D/A/D/A/S/flipper_only/WDADAS.txt,flipper_only
sd_card_content/badusb_extra_payloads/_unclassified/UberGuidoZ_BadUSB/emptythevoid-BadUSB/red_dead_redemption_2/Five_Finger_Filet/W/D/A/D/A/A/flipper_only/WDADAA.txt,sd_card_mirror/badusb/!repo/flipper_only/_unclassified/UberGuidoZ_BadUSB/emptythevoid-BadUSB/red_dead_redemption_2/Five_Finger_Filet/W/D/A/D/A/A/flipper_only/WDADAA.txt,flipper_only
sd_card_content/badusb_extra_payloads/_unclassified/UberGuidoZ_BadUSB/emptythevoid-BadUSB/red_dead_redemption_2/Five_Finger_Filet/W/D/A/D/A/D/flipper_only/WDADAD.txt,sd_card_mirror/badusb/!repo/flipper_only/_unclassified/UberGuidoZ_BadUSB/emptythevoid-BadUSB/red_dead_redemption_2/Five_Finger_Filet/W/D/A/D/A/D/flipper_only/WDADAD.txt,flipper_only
sd_card_content/badusb_extra_payloads/_unclassified/UberGuidoZ_BadUSB/emptythevoid-BadUSB/red_dead_redemption_2/Five_Finger_Filet/W/D/A/D/D/S/flipper_only/WDADDS.txt,sd_card_mirror/badusb/!repo/flipper_only/_unclassified/UberGuidoZ_BadUSB/emptythevoid-BadUSB/red_dead_redemption_2/Five_Finger_Filet/W/D/A/D/D/S/flipper_only/WDADDS.txt,flipper_only
sd_card_content/badusb_extra_payloads/_unclassified/UberGuidoZ_BadUSB/emptythevoid-BadUSB/red_dead_redemption_2/Five_Finger_Filet/W/D/A/D/D/A/flipper_only/WDADDA.txt,sd_card_mirror/badusb/!repo/flipper_only/_unclassified/UberGuidoZ_BadUSB/emptythevoid-BadUSB/red_dead_redemption_2/Five_Finger_Filet/W/D/A/D/D/A/flipper_only/WDADDA.txt,flipper_only
sd_card_content/badusb_extra_payloads/_unclassified/UberGuidoZ_BadUSB/emptythevoid-BadUSB/red_dead_redemption_2/Five_Finger_Filet/W/D/A/D/D/D/flipper_only/WDADDD.txt,sd_card_mirror/badusb/!repo/flipper_only/_unclassified/UberGuidoZ_BadUSB/emptythevoid-BadUSB/red_dead_redemption_2/Five_Finger_Filet/W/D/A/D/D/D/flipper_only/WDADDD.txt,flipper_only
sd_card_content/badusb_extra_payloads/_unclassified/UberGuidoZ_BadUSB/emptythevoid-BadUSB/red_dead_redemption_2/Five_Finger_Filet/W/D/D/S/S/S/flipper_only/WDDSSS.txt,sd_card_mirror/badusb/!repo/flipper_only/_unclassified/UberGuidoZ_BadUSB/emptythevoid-BadUSB/red_dead_redemption_2/Five_Finger_Filet/W/D/D/S/S/S/flipper_only/WDDSSS.txt,flipper_only
sd_card_content/badusb_extra_payloads/_unclassified/UberGuidoZ_BadUSB/emptythevoid-BadUSB/red_dead_redemption_2/Five_Finger_Filet/W/D/D/S/S/A/flipper_only/WDDSSA.txt,sd_card_mirror/badusb/!repo/flipper_only/_unclassified/UberGuidoZ_BadUSB/emptythevoid-BadUSB/red_dead_redemption_2/Five_Finger_Filet/W/D/D/S/S/A/flipper_only/WDDSSA.txt,flipper_only
sd_card_content/badusb_extra_payloads/_unclassified/UberGuidoZ_BadUSB/emptythevoid-BadUSB/red_dead_redemption_2/Five_Finger_Filet/W/D/D/S/S/D/flipper_only/WDDSSD.txt,sd_card_mirror/badusb/!repo/flipper_only/_unclassified/UberGuidoZ_BadUSB/emptythevoid-BadUSB/red_dead_redemption_2/Five_Finger_Filet/W/D/D/S/S/D/flipper_only/WDDSSD.txt,flipper_only
sd_card_content/badusb_extra_payloads/_unclassified/UberGuidoZ_BadUSB/emptythevoid-BadUSB/red_dead_redemption_2/Five_Finger_Filet/W/D/D/S/A/S/flipper_only/WDDSAS.txt,sd_card_mirror/badusb/!repo/flipper_only/_unclassified/UberGuidoZ_BadUSB/emptythevoid-BadUSB/red_dead_redemption_2/Five_Finger_Filet/W/D/D/S/A/S/flipper_only/WDDSAS.txt,flipper_only
sd_card_content/badusb_extra_payloads/_unclassified/UberGuidoZ_BadUSB/emptythevoid-BadUSB/red_dead_redemption_2/Five_Finger_Filet/W/D/D/S/A/A/flipper_only/WDDSAA.txt,sd_card_mirror/badusb/!repo/flipper_only/_unclassified/UberGuidoZ_BadUSB/emptythevoid-BadUSB/red_dead_redemption_2/Five_Finger_Filet/W/D/D/S/A/A/flipper_only/WDDSAA.txt,flipper_only
sd_card_content/badusb_extra_payloads/_unclassified/UberGuidoZ_BadUSB/emptythevoid-BadUSB/red_dead_redemption_2/Five_Finger_Filet/W/D/D/S/A/D/flipper_only/WDDSAD.txt,sd_card_mirror/badusb/!repo/flipper_only/_unclassified/UberGuidoZ_BadUSB/emptythevoid-BadUSB/red_dead_redemption_2/Five_Finger_Filet/W/D/D/S/A/D/flipper_only/WDDSAD.txt,flipper_only
sd_card_content/badusb_extra_payloads/_unclassified/UberGuidoZ_BadUSB/emptythevoid-BadUSB/red_dead_redemption_2/Five_Finger_Filet/W/D/D/S/D/S/flipper_only/WDDSDS.txt,sd_card_mirror/badusb/!repo/flipper_only/_unclassified/UberGuidoZ_BadUSB/emptythevoid-BadUSB/red_dead_redemption_2/Five_Finger_Filet/W/D/D/S/D/S/flipper_only/WDDSDS.txt,flipper_only
sd_card_content/badusb_extra_payloads/_unclassified/UberGuidoZ_BadUSB/emptythevoid-BadUSB/red_dead_redemption_2/Five_Finger_Filet/W/D/D/S/D/A/flipper_only/WDDSDA.txt,sd_card_mirror/badusb/!repo/flipper_only/_unclassified/UberGuidoZ_BadUSB/emptythevoid-BadUSB/red_dead_redemption_2/Five_Finger_Filet/W/D/D/S/D/A/flipper_only/WDDSDA.txt,flipper_only
sd_card_content/badusb_extra_payloads/_unclassified/UberGuidoZ_BadUSB/emptythevoid-BadUSB/red_dead_redemption_2/Five_Finger_Filet/W/D/D/S/D/D/flipper_only/WDDSDD.txt,sd_card_mirror/badusb/!repo/flipper_only/_unclassified/UberGuidoZ_BadUSB/emptythevoid-BadUSB/red_dead_redemption_2/Five_Finger_Filet/W/D/D/S/D/D/flipper_only/WDDSDD.txt,flipper_only
sd_card_content/badusb_extra_payloads/_unclassified/UberGuidoZ_BadUSB/emptythevoid-BadUSB/red_dead_redemption_2/Five_Finger_Filet/W/D/D/A/S/S/flipper_only/WDDASS.txt,sd_card_mirror/badusb/!repo/flipper_only/_unclassified/UberGuidoZ_BadUSB/emptythevoid-BadUSB/red_dead_redemption_2/Five_Finger_Filet/W/D/D/A/S/S/flipper_only/WDDASS.txt,flipper_only
sd_card_content/badusb_extra_payloads/_unclassified/UberGuidoZ_BadUSB/emptythevoid-BadUSB/red_dead_redemption_2/Five_Finger_Filet/W/D/D/A/S/A/flipper_only/WDDASA.txt,sd_card_mirror/badusb/!repo/flipper_only/_unclassified/UberGuidoZ_BadUSB/emptythevoid-BadUSB/red_dead_redemption_2/Five_Finger_Filet/W/D/D/A/S/A/flipper_only/WDDASA.txt,flipper_only
sd_card_content/badusb_extra_payloads/_unclassified/UberGuidoZ_BadUSB/emptythevoid-BadUSB/red_dead_redemption_2/Five_Finger_Filet/W/D/D/A/S/D/flipper_only/WDDASD.txt,sd_card_mirror/badusb/!repo/flipper_only/_unclassified/UberGuidoZ_BadUSB/emptythevoid-BadUSB/red_dead_redemption_2/Five_Finger_Filet/W/D/D/A/S/D/flipper_only/WDDASD.txt,flipper_only
sd_card_content/badusb_extra_payloads/_unclassified/UberGuidoZ_BadUSB/emptythevoid-BadUSB/red_dead_redemption_2/Five_Finger_Filet/W/D/D/A/A/S/flipper_only/WDDAAS.txt,sd_card_mirror/badusb/!repo/flipper_only/_unclassified/UberGuidoZ_BadUSB/emptythevoid-BadUSB/red_dead_redemption_2/Five_Finger_Filet/W/D/D/A/A/S/flipper_only/WDDAAS.txt,flipper_only
sd_card_content/badusb_extra_payloads/_unclassified/UberGuidoZ_BadUSB/emptythevoid-BadUSB/red_dead_redemption_2/Five_Finger_Filet/W/D/D/A/A/A/flipper_only/WDDAAA.txt,sd_card_mirror/badusb/!repo/flipper_only/_unclassified/UberGuidoZ_BadUSB/emptythevoid-BadUSB/red_dead_redemption_2/Five_Finger_Filet/W/D/D/A/A/A/flipper_only/WDDAAA.txt,flipper_only
sd_card_content/badusb_extra_payloads/_unclassified/UberGuidoZ_BadUSB/emptythevoid-BadUSB/red_dead_redemption_2/Five_Finger_Filet/W/D/D/A/A/D/flipper_only/WDDAAD.txt,sd_card_mirror/badusb/!repo/flipper_only/_unclassified/UberGuidoZ_BadUSB/emptythevoid-BadUSB/red_dead_redemption_2/Five_Finger_Filet/W/D/D/A/A/D/flipper_only/WDDAAD.txt,flipper_only
sd_card_content/badusb_extra_payloads/_unclassified/UberGuidoZ_BadUSB/emptythevoid-BadUSB/red_dead_redemption_2/Five_Finger_Filet/W/D/D/A/D/S/flipper_only/WDDADS.txt,sd_card_mirror/badusb/!repo/flipper_only/_unclassified/UberGuidoZ_BadUSB/emptythevoid-BadUSB/red_dead_redemption_2/Five_Finger_Filet/W/D/D/A/D/S/flipper_only/WDDADS.txt,flipper_only
sd_card_content/badusb_extra_payloads/_unclassified/UberGuidoZ_BadUSB/emptythevoid-BadUSB/red_dead_redemption_2/Five_Finger_Filet/W/D/D/A/D/A/flipper_only/WDDADA.txt,sd_card_mirror/badusb/!repo/flipper_only/_unclassified/UberGuidoZ_BadUSB/emptythevoid-BadUSB/red_dead_redemption_2/Five_Finger_Filet/W/D/D/A/D/A/flipper_only/WDDADA.txt,flipper_only
sd_card_content/badusb_extra_payloads/_unclassified/UberGuidoZ_BadUSB/emptythevoid-BadUSB/red_dead_redemption_2/Five_Finger_Filet/W/D/D/A/D/D/flipper_only/WDDADD.txt,sd_card_mirror/badusb/!repo/flipper_only/_unclassified/UberGuidoZ_BadUSB/emptythevoid-BadUSB/red_dead_redemption_2/Five_Finger_Filet/W/D/D/A/D/D/flipper_only/WDDADD.txt,flipper_only
sd_card_content/badusb_extra_payloads/_unclassified/UberGuidoZ_BadUSB/emptythevoid-BadUSB/red_dead_redemption_2/Five_Finger_Filet/W/D/D/D/S/S/flipper_only/WDDDSS.txt,sd_card_mirror/badusb/!repo/flipper_only/_unclassified/UberGuidoZ_BadUSB/emptythevoid-BadUSB/red_dead_redemption_2/Five_Finger_Filet/W/D/D/D/S/S/flipper_only/WDDDSS.txt,flipper_only
sd_card_content/badusb_extra_payloads/_unclassified/UberGuidoZ_BadUSB/emptythevoid-BadUSB/red_dead_redemption_2/Five_Finger_Filet/W/D/D/D/S/A/flipper_only/WDDDSA.txt,sd_card_mirror/badusb/!repo/flipper_only/_unclassified/UberGuidoZ_BadUSB/emptythevoid-BadUSB/red_dead_redemption_2/Five_Finger_Filet/W/D/D/D/S/A/flipper_only/WDDDSA.txt,flipper_only
sd_card_content/badusb_extra_payloads/_unclassified/UberGuidoZ_BadUSB/emptythevoid-BadUSB/red_dead_redemption_2/Five_Finger_Filet/W/D/D/D/S/D/flipper_only/WDDDSD.txt,sd_card_mirror/badusb/!repo/flipper_only/_unclassified/UberGuidoZ_BadUSB/emptythevoid-BadUSB/red_dead_redemption_2/Five_Finger_Filet/W/D/D/D/S/D/flipper_only/WDDDSD.txt,flipper_only
sd_card_content/badusb_extra_payloads/_unclassified/UberGuidoZ_BadUSB/emptythevoid-BadUSB/red_dead_redemption_2/Five_Finger_Filet/W/D/D/D/A/S/flipper_only/WDDDAS.txt,sd_card_mirror/badusb/!repo/flipper_only/_unclassified/UberGuidoZ_BadUSB/emptythevoid-BadUSB/red_dead_redemption_2/Five_Finger_Filet/W/D/D/D/A/S/flipper_only/WDDDAS.txt,flipper_only
sd_card_content/badusb_extra_payloads/_unclassified/UberGuidoZ_BadUSB/emptythevoid-BadUSB/red_dead_redemption_2/Five_Finger_Filet/W/D/D/D/A/A/flipper_only/WDDDAA.txt,sd_card_mirror/badusb/!repo/flipper_only/_unclassified/UberGuidoZ_BadUSB/emptythevoid-BadUSB/red_dead_redemption_2/Five_Finger_Filet/W/D/D/D/A/A/flipper_only/WDDDAA.txt,flipper_only
sd_card_content/badusb_extra_payloads/_unclassified/UberGuidoZ_BadUSB/emptythevoid-BadUSB/red_dead_redemption_2/Five_Finger_Filet/W/D/D/D/A/D/flipper_only/WDDDAD.txt,sd_card_mirror/badusb/!repo/flipper_only/_unclassified/UberGuidoZ_BadUSB/emptythevoid-BadUSB/red_dead_redemption_2/Five_Finger_Filet/W/D/D/D/A/D/flipper_only/WDDDAD.txt,flipper_only
sd_card_content/badusb_extra_payloads/_unclassified/UberGuidoZ_BadUSB/emptythevoid-BadUSB/red_dead_redemption_2/Five_Finger_Filet/W/D/D/D/D/S/flipper_only/WDDDDS.txt,sd_card_mirror/badusb/!repo/flipper_only/_unclassified/UberGuidoZ_BadUSB/emptythevoid-BadUSB/red_dead_redemption_2/Five_Finger_Filet/W/D/D/D/D/S/flipper_only/WDDDDS.txt,flipper_only
sd_card_content/badusb_extra_payloads/_unclassified/UberGuidoZ_BadUSB/emptythevoid-BadUSB/red_dead_redemption_2/Five_Finger_Filet/W/D/D/D/D/A/flipper_only/WDDDDA.txt,sd_card_mirror/badusb/!repo/flipper_only/_unclassified/UberGuidoZ_BadUSB/emptythevoid-BadUSB/red_dead_redemption_2/Five_Finger_Filet/W/D/D/D/D/A/flipper_only/WDDDDA.txt,flipper_only
sd_card_content/badusb_extra_payloads/_unclassified/UberGuidoZ_BadUSB/emptythevoid-BadUSB/red_dead_redemption_2/Five_Finger_Filet/W/D/D/D/D/D/flipper_only/WDDDDD.txt,sd_card_mirror/badusb/!repo/flipper_only/_unclassified/UberGuidoZ_BadUSB/emptythevoid-BadUSB/red_dead_redemption_2/Five_Finger_Filet/W/D/D/D/D/D/flipper_only/WDDDDD.txt,flipper_only
sd_card_content/badusb_extra_payloads/_unclassified/UberGuidoZ_BadUSB/emptythevoid-BadUSB/red_dead_redemption_2/rdr2_craft_ammo/README.md,sd_card_mirror/badusb/!repo/works_both/_unclassified/UberGuidoZ_BadUSB/emptythevoid-BadUSB/red_dead_redemption_2/rdr2_craft_ammo/README.md,works_both
sd_card_content/badusb_extra_payloads/_unclassified/UberGuidoZ_BadUSB/emptythevoid-BadUSB/red_dead_redemption_2/rdr2_craft_ammo/flipper_only/rdr2_craft_ammo.txt,sd_card_mirror/badusb/!repo/flipper_only/_unclassified/UberGuidoZ_BadUSB/emptythevoid-BadUSB/red_dead_redemption_2/rdr2_craft_ammo/flipper_only/rdr2_craft_ammo.txt,flipper_only
sd_card_content/badusb_extra_payloads/_unclassified/UberGuidoZ_BadUSB/emptythevoid-BadUSB/red_dead_redemption_2/flipper_only/rdr2_bond_with_horse.txt,sd_card_mirror/badusb/!repo/flipper_only/_unclassified/UberGuidoZ_BadUSB/emptythevoid-BadUSB/red_dead_redemption_2/flipper_only/rdr2_bond_with_horse.txt,flipper_only
sd_card_content/badusb_extra_payloads/_unclassified/UberGuidoZ_BadUSB/emptythevoid-BadUSB/red_dead_redemption_2/flipper_only/rdr2_spam_deadeye.txt,sd_card_mirror/badusb/!repo/flipper_only/_unclassified/UberGuidoZ_BadUSB/emptythevoid-BadUSB/red_dead_redemption_2/flipper_only/rdr2_spam_deadeye.txt,flipper_only
sd_card_content/badusb_extra_payloads/_unclassified/UberGuidoZ_BadUSB/emptythevoid-BadUSB/read-from-flipper-disk-image/copy-and-execute-example.txt,sd_card_mirror/badusb/!repo/works_both/_unclassified/UberGuidoZ_BadUSB/emptythevoid-BadUSB/read-from-flipper-disk-image/copy-and-execute-example.txt,works_both
sd_card_content/badusb_extra_payloads/_unclassified/UberGuidoZ_BadUSB/emptythevoid-BadUSB/read-from-flipper-disk-image/readme.md,sd_card_mirror/badusb/!repo/works_both/_unclassified/UberGuidoZ_BadUSB/emptythevoid-BadUSB/read-from-flipper-disk-image/readme.md,works_both
sd_card_content/badusb_extra_payloads/_unclassified/UberGuidoZ_BadUSB/emptythevoid-BadUSB/read_serial_tests/read_test.ps1,sd_card_mirror/badusb/!repo/works_both/_unclassified/UberGuidoZ_BadUSB/emptythevoid-BadUSB/read_serial_tests/read_test.ps1,works_both
sd_card_content/badusb_extra_payloads/_unclassified/UberGuidoZ_BadUSB/emptythevoid-BadUSB/win11_install/readme.md,sd_card_mirror/badusb/!repo/works_both/_unclassified/UberGuidoZ_BadUSB/emptythevoid-BadUSB/win11_install/readme.md,works_both
sd_card_content/badusb_extra_payloads/_unclassified/UberGuidoZ_BadUSB/emptythevoid-BadUSB/win11_install/flipper_only/oobe_bypass_part1.txt,sd_card_mirror/badusb/!repo/flipper_only/_unclassified/UberGuidoZ_BadUSB/emptythevoid-BadUSB/win11_install/flipper_only/oobe_bypass_part1.txt,flipper_only
sd_card_content/badusb_extra_payloads/_unclassified/UberGuidoZ_BadUSB/emptythevoid-BadUSB/badusb-js/read_and_write_serial/read_from_flipper.js,sd_card_mirror/badusb/!repo/works_both/_unclassified/UberGuidoZ_BadUSB/emptythevoid-BadUSB/badusb-js/read_and_write_serial/read_from_flipper.js,works_both
sd_card_content/badusb_extra_payloads/_unclassified/UberGuidoZ_BadUSB/emptythevoid-BadUSB/bitlocker/bitlocker_turn_off.txt,sd_card_mirror/badusb/!repo/works_both/_unclassified/UberGuidoZ_BadUSB/emptythevoid-BadUSB/bitlocker/bitlocker_turn_off.txt,works_both
sd_card_content/badusb_extra_payloads/_unclassified/UberGuidoZ_BadUSB/emptythevoid-BadUSB/base64file_write_to_disk/base64file.txt,sd_card_mirror/badusb/!repo/works_both/_unclassified/UberGuidoZ_BadUSB/emptythevoid-BadUSB/base64file_write_to_disk/base64file.txt,works_both
sd_card_content/badusb_extra_payloads/_unclassified/UberGuidoZ_BadUSB/NullSec-BadUSB/07_Keylogger.txt,sd_card_mirror/badusb/!repo/works_both/_unclassified/UberGuidoZ_BadUSB/NullSec-BadUSB/07_Keylogger.txt,works_both
sd_card_content/badusb_extra_payloads/_unclassified/UberGuidoZ_BadUSB/NullSec-BadUSB/12_WebcamSnap.txt,sd_card_mirror/badusb/!repo/works_both/_unclassified/UberGuidoZ_BadUSB/NullSec-BadUSB/12_WebcamSnap.txt,works_both
sd_card_content/badusb_extra_payloads/_unclassified/UberGuidoZ_BadUSB/NullSec-BadUSB/20_InvertScreen.txt,sd_card_mirror/badusb/!repo/works_both/_unclassified/UberGuidoZ_BadUSB/NullSec-BadUSB/20_InvertScreen.txt,works_both
sd_card_content/badusb_extra_payloads/_unclassified/UberGuidoZ_BadUSB/NullSec-BadUSB/09_SAMDump.txt,sd_card_mirror/badusb/!repo/works_both/_unclassified/UberGuidoZ_BadUSB/NullSec-BadUSB/09_SAMDump.txt,works_both
sd_card_content/badusb_extra_payloads/_unclassified/UberGuidoZ_BadUSB/NullSec-BadUSB/06_BrowserData.txt,sd_card_mirror/badusb/!repo/works_both/_unclassified/UberGuidoZ_BadUSB/NullSec-BadUSB/06_BrowserData.txt,works_both
sd_card_content/badusb_extra_payloads/_unclassified/UberGuidoZ_BadUSB/NullSec-BadUSB/24_DownloadExecute.txt,sd_card_mirror/badusb/!repo/works_both/_unclassified/UberGuidoZ_BadUSB/NullSec-BadUSB/24_DownloadExecute.txt,works_both
sd_card_content/badusb_extra_payloads/_unclassified/Bruce-Scripts-Heaven_BAD/RR_ASCII_Win.txt,sd_card_mirror/badusb/!repo/works_both/_unclassified/Bruce-Scripts-Heaven_BAD/RR_ASCII_Win.txt,works_both
sd_card_content/badusb_extra_payloads/_unclassified/Bruce-Scripts-Heaven_BAD/Kuronons_FZ_Win.txt,sd_card_mirror/badusb/!repo/works_both/_unclassified/Bruce-Scripts-Heaven_BAD/Kuronons_FZ_Win.txt,works_both
sd_card_content/badusb_extra_payloads/_unclassified/Bruce-Scripts-Heaven_BAD/Console-QRcode/Console-QRcode.txt,sd_card_mirror/badusb/!repo/works_both/_unclassified/Bruce-Scripts-Heaven_BAD/Console-QRcode/Console-QRcode.txt,works_both
sd_card_content/badusb_extra_payloads/_unclassified/Bruce-Scripts-Heaven_BAD/MacOS-narstybits/Executions/NEVER SLEEP.txt,sd_card_mirror/badusb/!repo/works_both/_unclassified/Bruce-Scripts-Heaven_BAD/MacOS-narstybits/Executions/NEVER SLEEP.txt,works_both
sd_card_content/badusb_extra_payloads/_unclassified/Bruce-Scripts-Heaven_BAD/MacOS-narstybits/Executions/flipper_only/Screen Recorder MacOs.txt,sd_card_mirror/badusb/!repo/flipper_only/_unclassified/Bruce-Scripts-Heaven_BAD/MacOS-narstybits/Executions/flipper_only/Screen Recorder MacOs.txt,flipper_only
sd_card_content/badusb_extra_payloads/_unclassified/Bruce-Scripts-Heaven_BAD/MacOS-narstybits/Executions/flipper_only/File load Tester.txt,sd_card_mirror/badusb/!repo/flipper_only/_unclassified/Bruce-Scripts-Heaven_BAD/MacOS-narstybits/Executions/flipper_only/File load Tester.txt,flipper_only
sd_card_content/badusb_extra_payloads/_unclassified/Bruce-Scripts-Heaven_BAD/MacOS-narstybits/Executions/flipper_only/Eject DiskUtility.txt,sd_card_mirror/badusb/!repo/flipper_only/_unclassified/Bruce-Scripts-Heaven_BAD/MacOS-narstybits/Executions/flipper_only/Eject DiskUtility.txt,flipper_only
sd_card_content/badusb_extra_payloads/_unclassified/Bruce-Scripts-Heaven_BAD/MacOS-narstybits/Executions/flipper_only/Copy Pasta.txt,sd_card_mirror/badusb/!repo/flipper_only/_unclassified/Bruce-Scripts-Heaven_BAD/MacOS-narstybits/Executions/flipper_only/Copy Pasta.txt,flipper_only
sd_card_content/badusb_extra_payloads/_unclassified/Bruce-Scripts-Heaven_BAD/MacOS-narstybits/Executions/flipper_only/Infinite Dropdown list.txt,sd_card_mirror/badusb/!repo/flipper_only/_unclassified/Bruce-Scripts-Heaven_BAD/MacOS-narstybits/Executions/flipper_only/Infinite Dropdown list.txt,flipper_only
sd_card_content/badusb_extra_payloads/_unclassified/Bruce-Scripts-Heaven_BAD/MacOS-narstybits/Executions/flipper_only/Folder Fun Load tester.txt,sd_card_mirror/badusb/!repo/flipper_only/_unclassified/Bruce-Scripts-Heaven_BAD/MacOS-narstybits/Executions/flipper_only/Folder Fun Load tester.txt,flipper_only
sd_card_content/badusb_extra_payloads/_unclassified/Bruce-Scripts-Heaven_BAD/MacOS-narstybits/Executions/flipper_only/MacOs Website redirect.txt,sd_card_mirror/badusb/!repo/flipper_only/_unclassified/Bruce-Scripts-Heaven_BAD/MacOS-narstybits/Executions/flipper_only/MacOs Website redirect.txt,flipper_only
sd_card_content/badusb_extra_payloads/_unclassified/Bruce-Scripts-Heaven_BAD/MacOS-narstybits/Executions/flipper_only/System Disruption Loop.txt,sd_card_mirror/badusb/!repo/flipper_only/_unclassified/Bruce-Scripts-Heaven_BAD/MacOS-narstybits/Executions/flipper_only/System Disruption Loop.txt,flipper_only
sd_card_content/badusb_extra_payloads/_unclassified/Bruce-Scripts-Heaven_BAD/MacOS-narstybits/Executions/flipper_only/Infinite Dialog Box.txt,sd_card_mirror/badusb/!repo/flipper_only/_unclassified/Bruce-Scripts-Heaven_BAD/MacOS-narstybits/Executions/flipper_only/Infinite Dialog Box.txt,flipper_only
sd_card_content/badusb_extra_payloads/_unclassified/Bruce-Scripts-Heaven_BAD/MacOS-narstybits/Executions/flipper_only/Bluetooth On.txt,sd_card_mirror/badusb/!repo/flipper_only/_unclassified/Bruce-Scripts-Heaven_BAD/MacOS-narstybits/Executions/flipper_only/Bluetooth On.txt,flipper_only
sd_card_content/badusb_extra_payloads/_unclassified/Bruce-Scripts-Heaven_BAD/BadUSB-FalsePhilosopher/Malduino/Library/MACos_Malduino/Library/0000.txt,sd_card_mirror/badusb/!repo/works_both/_unclassified/Bruce-Scripts-Heaven_BAD/BadUSB-FalsePhilosopher/Malduino/Library/MACos_Malduino/Library/0000.txt,works_both
sd_card_content/badusb_extra_payloads/_unclassified/Bruce-Scripts-Heaven_BAD/BadUSB-FalsePhilosopher/Malduino/Library/MACos_Malduino/Library/1100.txt,sd_card_mirror/badusb/!repo/works_both/_unclassified/Bruce-Scripts-Heaven_BAD/BadUSB-FalsePhilosopher/Malduino/Library/MACos_Malduino/Library/1100.txt,works_both
sd_card_content/badusb_extra_payloads/_unclassified/Bruce-Scripts-Heaven_BAD/BadUSB-FalsePhilosopher/Malduino/Library/MACos_Malduino/Library/0001.txt,sd_card_mirror/badusb/!repo/works_both/_unclassified/Bruce-Scripts-Heaven_BAD/BadUSB-FalsePhilosopher/Malduino/Library/MACos_Malduino/Library/0001.txt,works_both
sd_card_content/badusb_extra_payloads/_unclassified/Bruce-Scripts-Heaven_BAD/BadUSB-FalsePhilosopher/Malduino/Library/MACos_Malduino/Library/1010.txt,sd_card_mirror/badusb/!repo/works_both/_unclassified/Bruce-Scripts-Heaven_BAD/BadUSB-FalsePhilosopher/Malduino/Library/MACos_Malduino/Library/1010.txt,works_both
sd_card_content/badusb_extra_payloads/_unclassified/Bruce-Scripts-Heaven_BAD/BadUSB-FalsePhilosopher/Malduino/Library/MACos_Malduino/Library/0011.txt,sd_card_mirror/badusb/!repo/works_both/_unclassified/Bruce-Scripts-Heaven_BAD/BadUSB-FalsePhilosopher/Malduino/Library/MACos_Malduino/Library/0011.txt,works_both
sd_card_content/badusb_extra_payloads/_unclassified/Bruce-Scripts-Heaven_BAD/BadUSB-FalsePhilosopher/Malduino/Library/MACos_Malduino/Library/1001.txt,sd_card_mirror/badusb/!repo/works_both/_unclassified/Bruce-Scripts-Heaven_BAD/BadUSB-FalsePhilosopher/Malduino/Library/MACos_Malduino/Library/1001.txt,works_both
sd_card_content/badusb_extra_payloads/_unclassified/Bruce-Scripts-Heaven_BAD/BadUSB-FalsePhilosopher/Malduino/Library/MACos_Malduino/Library/1110.txt,sd_card_mirror/badusb/!repo/works_both/_unclassified/Bruce-Scripts-Heaven_BAD/BadUSB-FalsePhilosopher/Malduino/Library/MACos_Malduino/Library/1110.txt,works_both
sd_card_content/badusb_extra_payloads/_unclassified/Bruce-Scripts-Heaven_BAD/BadUSB-FalsePhilosopher/Malduino/Library/MACos_Malduino/Library/1111.txt,sd_card_mirror/badusb/!repo/works_both/_unclassified/Bruce-Scripts-Heaven_BAD/BadUSB-FalsePhilosopher/Malduino/Library/MACos_Malduino/Library/1111.txt,works_both
sd_card_content/badusb_extra_payloads/_unclassified/Bruce-Scripts-Heaven_BAD/BadUSB-FalsePhilosopher/Malduino/Library/MACos_Malduino/Library/0111.txt,sd_card_mirror/badusb/!repo/works_both/_unclassified/Bruce-Scripts-Heaven_BAD/BadUSB-FalsePhilosopher/Malduino/Library/MACos_Malduino/Library/0111.txt,works_both
sd_card_content/badusb_extra_payloads/_unclassified/Bruce-Scripts-Heaven_BAD/BadUSB-FalsePhilosopher/Malduino/Library/DuckyDuino/Windows/ModicarHosts/ModicarHosts.ino,sd_card_mirror/badusb/!repo/works_both/_unclassified/Bruce-Scripts-Heaven_BAD/BadUSB-FalsePhilosopher/Malduino/Library/DuckyDuino/Windows/ModicarHosts/ModicarHosts.ino,works_both
sd_card_content/badusb_extra_payloads/_unclassified/Bruce-Scripts-Heaven_BAD/BadUSB-FalsePhilosopher/Malduino/Library/DuckyDuino/Windows/AgregarUsuarioWindows/AgregarUsuarioWindows.ino,sd_card_mirror/badusb/!repo/works_both/_unclassified/Bruce-Scripts-Heaven_BAD/BadUSB-FalsePhilosopher/Malduino/Library/DuckyDuino/Windows/AgregarUsuarioWindows/AgregarUsuarioWindows.ino,works_both
sd_card_content/badusb_extra_payloads/_unclassified/Bruce-Scripts-Heaven_BAD/BadUSB-FalsePhilosopher/Malduino/Library/Win/Winlazagne.txt,sd_card_mirror/badusb/!repo/works_both/_unclassified/Bruce-Scripts-Heaven_BAD/BadUSB-FalsePhilosopher/Malduino/Library/Win/Winlazagne.txt,works_both
sd_card_content/badusb_extra_payloads/_unclassified/Bruce-Scripts-Heaven_BAD/BadUSB-FalsePhilosopher/Malduino/Library/Win/baronet/passviewer.py,sd_card_mirror/badusb/!repo/works_both/_unclassified/Bruce-Scripts-Heaven_BAD/BadUSB-FalsePhilosopher/Malduino/Library/Win/baronet/passviewer.py,works_both
sd_card_content/badusb_extra_payloads/_unclassified/Bruce-Scripts-Heaven_BAD/BadUSB-FalsePhilosopher/Malduino/Library/Win/baronet/Baronet.ino,sd_card_mirror/badusb/!repo/works_both/_unclassified/Bruce-Scripts-Heaven_BAD/BadUSB-FalsePhilosopher/Malduino/Library/Win/baronet/Baronet.ino,works_both
sd_card_content/badusb_extra_payloads/_unclassified/Bruce-Scripts-Heaven_BAD/BadUSB-FalsePhilosopher/Ducky/Ducky-Framework/prompt.py,sd_card_mirror/badusb/!repo/works_both/_unclassified/Bruce-Scripts-Heaven_BAD/BadUSB-FalsePhilosopher/Ducky/Ducky-Framework/prompt.py,works_both
sd_card_content/badusb_extra_payloads/_unclassified/Bruce-Scripts-Heaven_BAD/BadUSB-FalsePhilosopher/Ducky/Ducky-Framework/setup.py,sd_card_mirror/badusb/!repo/works_both/_unclassified/Bruce-Scripts-Heaven_BAD/BadUSB-FalsePhilosopher/Ducky/Ducky-Framework/setup.py,works_both
sd_card_content/badusb_extra_payloads/_unclassified/Bruce-Scripts-Heaven_BAD/BadUSB-FalsePhilosopher/Ducky/Ducky-Framework/payloads/win/powershWgetWin7/powershWgetWin7.txt,sd_card_mirror/badusb/!repo/works_both/_unclassified/Bruce-Scripts-Heaven_BAD/BadUSB-FalsePhilosopher/Ducky/Ducky-Framework/payloads/win/powershWgetWin7/powershWgetWin7.txt,works_both
sd_card_content/badusb_extra_payloads/_unclassified/Bruce-Scripts-Heaven_BAD/BadUSB-FalsePhilosopher/Ducky/Ducky-Framework/payloads/win/FTPDownloaderWin7/FTPDownloaderWin7.txt,sd_card_mirror/badusb/!repo/works_both/_unclassified/Bruce-Scripts-Heaven_BAD/BadUSB-FalsePhilosopher/Ducky/Ducky-Framework/payloads/win/FTPDownloaderWin7/FTPDownloaderWin7.txt,works_both
sd_card_content/badusb_extra_payloads/_unclassified/Bruce-Scripts-Heaven_BAD/BadUSB-FalsePhilosopher/Ducky/Ducky-Framework/payloads/win/downLoadAndExecPowersh/downLoadAndExecPowersh.txt,sd_card_mirror/badusb/!repo/works_both/_unclassified/Bruce-Scripts-Heaven_BAD/BadUSB-FalsePhilosopher/Ducky/Ducky-Framework/payloads/win/downLoadAndExecPowersh/downLoadAndExecPowersh.txt,works_both
sd_card_content/badusb_extra_payloads/_unclassified/Bruce-Scripts-Heaven_BAD/BadUSB-FalsePhilosopher/Ducky/Ducky-Framework/payloads/win/missDiscretion/missDiscretion.txt,sd_card_mirror/badusb/!repo/works_both/_unclassified/Bruce-Scripts-Heaven_BAD/BadUSB-FalsePhilosopher/Ducky/Ducky-Framework/payloads/win/missDiscretion/missDiscretion.txt,works_both
sd_card_content/badusb_extra_payloads/_unclassified/Bruce-Scripts-Heaven_BAD/BadUSB-FalsePhilosopher/Ducky/Ducky-Framework/payloads/win/screenRoteWin7/screenRoteWin7.txt,sd_card_mirror/badusb/!repo/works_both/_unclassified/Bruce-Scripts-Heaven_BAD/BadUSB-FalsePhilosopher/Ducky/Ducky-Framework/payloads/win/screenRoteWin7/screenRoteWin7.txt,works_both
sd_card_content/badusb_extra_payloads/_unclassified/Bruce-Scripts-Heaven_BAD/BadUSB-FalsePhilosopher/Ducky/Ducky-Framework/payloads/win/sillyMouseWin7/sillyMouseWin7.txt,sd_card_mirror/badusb/!repo/works_both/_unclassified/Bruce-Scripts-Heaven_BAD/BadUSB-FalsePhilosopher/Ducky/Ducky-Framework/payloads/win/sillyMouseWin7/sillyMouseWin7.txt,works_both
sd_card_content/badusb_extra_payloads/_unclassified/Bruce-Scripts-Heaven_BAD/BadUSB-FalsePhilosopher/Ducky/Ducky-Framework/payloads/win/dumpWifiAndChrome/dumpWifiAndChrome.txt,sd_card_mirror/badusb/!repo/works_both/_unclassified/Bruce-Scripts-Heaven_BAD/BadUSB-FalsePhilosopher/Ducky/Ducky-Framework/payloads/win/dumpWifiAndChrome/dumpWifiAndChrome.txt,works_both
sd_card_content/badusb_extra_payloads/_unclassified/Bruce-Scripts-Heaven_BAD/BadUSB-FalsePhilosopher/Ducky/Ducky-Framework/payloads/win/localDnsPoison/localDnsPoison.txt,sd_card_mirror/badusb/!repo/works_both/_unclassified/Bruce-Scripts-Heaven_BAD/BadUSB-FalsePhilosopher/Ducky/Ducky-Framework/payloads/win/localDnsPoison/localDnsPoison.txt,works_both
sd_card_content/badusb_extra_payloads/_unclassified/Bruce-Scripts-Heaven_BAD/BadUSB-FalsePhilosopher/Ducky/Ducky-Framework/payloads/lin/ubuntuBasedDefacer/ubuntuBasedDefacer.txt,sd_card_mirror/badusb/!repo/works_both/_unclassified/Bruce-Scripts-Heaven_BAD/BadUSB-FalsePhilosopher/Ducky/Ducky-Framework/payloads/lin/ubuntuBasedDefacer/ubuntuBasedDefacer.txt,works_both
sd_card_content/badusb_extra_payloads/_unclassified/Bruce-Scripts-Heaven_BAD/BadUSB-FalsePhilosopher/Ducky/Ducky-Framework/payloads/osx/IPslurp/IPslurp.txt,sd_card_mirror/badusb/!repo/works_both/_unclassified/Bruce-Scripts-Heaven_BAD/BadUSB-FalsePhilosopher/Ducky/Ducky-Framework/payloads/osx/IPslurp/IPslurp.txt,works_both
sd_card_content/badusb_extra_payloads/_unclassified/Bruce-Scripts-Heaven_BAD/BadUSB-FalsePhilosopher/Ducky/Ducky-Framework/payloads/osx/ImessageCapture/ImessageCapture.txt,sd_card_mirror/badusb/!repo/works_both/_unclassified/Bruce-Scripts-Heaven_BAD/BadUSB-FalsePhilosopher/Ducky/Ducky-Framework/payloads/osx/ImessageCapture/ImessageCapture.txt,works_both
sd_card_content/badusb_extra_payloads/_unclassified/Bruce-Scripts-Heaven_BAD/BadUSB-FalsePhilosopher/Ducky/Ducky-Framework/payloads/osx/youLookUgly/youLookUgly.txt,sd_card_mirror/badusb/!repo/works_both/_unclassified/Bruce-Scripts-Heaven_BAD/BadUSB-FalsePhilosopher/Ducky/Ducky-Framework/payloads/osx/youLookUgly/youLookUgly.txt,works_both
sd_card_content/badusb_extra_payloads/_unclassified/Bruce-Scripts-Heaven_BAD/BadUSB-FalsePhilosopher/Ducky/Ducky-Framework/payloads/osx/localDnsPoison/localDnsPoison.txt,sd_card_mirror/badusb/!repo/works_both/_unclassified/Bruce-Scripts-Heaven_BAD/BadUSB-FalsePhilosopher/Ducky/Ducky-Framework/payloads/osx/localDnsPoison/localDnsPoison.txt,works_both
sd_card_content/badusb_extra_payloads/_unclassified/Bruce-Scripts-Heaven_BAD/BadUSB-FalsePhilosopher/Ducky/USBRubberducky/execution/Win/AnyExec/quack.txt,sd_card_mirror/badusb/!repo/works_both/_unclassified/Bruce-Scripts-Heaven_BAD/BadUSB-FalsePhilosopher/Ducky/USBRubberducky/execution/Win/AnyExec/quack.txt,works_both
sd_card_content/badusb_extra_payloads/_unclassified/Bruce-Scripts-Heaven_BAD/BadUSB-FalsePhilosopher/Ducky/USBRubberducky/execution/Win/Elevate_CMD/quack.txt,sd_card_mirror/badusb/!repo/works_both/_unclassified/Bruce-Scripts-Heaven_BAD/BadUSB-FalsePhilosopher/Ducky/USBRubberducky/execution/Win/Elevate_CMD/quack.txt,works_both
sd_card_content/badusb_extra_payloads/_unclassified/Bruce-Scripts-Heaven_BAD/BadUSB-FalsePhilosopher/BashBunny/payloads/library/execution/-BB-SafeHaven/SafeHaven.txt,sd_card_mirror/badusb/!repo/works_both/_unclassified/Bruce-Scripts-Heaven_BAD/BadUSB-FalsePhilosopher/BashBunny/payloads/library/execution/-BB-SafeHaven/SafeHaven.txt,works_both
sd_card_content/badusb_extra_payloads/_unclassified/Bruce-Scripts-Heaven_BAD/BadUSB-FalsePhilosopher/BashBunny/payloads/library/execution/ShellExec/hook.js,sd_card_mirror/badusb/!repo/works_both/_unclassified/Bruce-Scripts-Heaven_BAD/BadUSB-FalsePhilosopher/BashBunny/payloads/library/execution/ShellExec/hook.js,works_both
sd_card_content/badusb_extra_payloads/_unclassified/Bruce-Scripts-Heaven_BAD/BadUSB-FalsePhilosopher/BashBunny/payloads/library/general/FICBunny/UIBEX.py,sd_card_mirror/badusb/!repo/works_both/_unclassified/Bruce-Scripts-Heaven_BAD/BadUSB-FalsePhilosopher/BashBunny/payloads/library/general/FICBunny/UIBEX.py,works_both
sd_card_content/badusb_extra_payloads/_unclassified/Bruce-Scripts-Heaven_BAD/BadUSB-FalsePhilosopher/BashBunny/payloads/library/general/ALTCODE-TRANSCODER/art2bunny.py,sd_card_mirror/badusb/!repo/works_both/_unclassified/Bruce-Scripts-Heaven_BAD/BadUSB-FalsePhilosopher/BashBunny/payloads/library/general/ALTCODE-TRANSCODER/art2bunny.py,works_both
sd_card_content/badusb_extra_payloads/_unclassified/Bruce-Scripts-Heaven_BAD/BadUSB-FalsePhilosopher/BashBunny/payloads/library/general/DuckyTemplate/ducky_script.txt,sd_card_mirror/badusb/!repo/works_both/_unclassified/Bruce-Scripts-Heaven_BAD/BadUSB-FalsePhilosopher/BashBunny/payloads/library/general/DuckyTemplate/ducky_script.txt,works_both
sd_card_content/badusb_extra_payloads/_unclassified/Bruce-Scripts-Heaven_BAD/BadUSB-FalsePhilosopher/BashBunny/payloads/library/general/Windows_NIC_Sharing/server.py,sd_card_mirror/badusb/!repo/works_both/_unclassified/Bruce-Scripts-Heaven_BAD/BadUSB-FalsePhilosopher/BashBunny/payloads/library/general/Windows_NIC_Sharing/server.py,works_both
sd_card_content/badusb_extra_payloads/_unclassified/Bruce-Scripts-Heaven_BAD/BadUSB-FalsePhilosopher/BashBunny/payloads/library/general/BashBunny_Manager/panel/sites/languages.py,sd_card_mirror/badusb/!repo/works_both/_unclassified/Bruce-Scripts-Heaven_BAD/BadUSB-FalsePhilosopher/BashBunny/payloads/library/general/BashBunny_Manager/panel/sites/languages.py,works_both
sd_card_content/badusb_extra_payloads/_unclassified/Bruce-Scripts-Heaven_BAD/BadUSB-FalsePhilosopher/BashBunny/payloads/library/general/BashBunny_Manager/panel/sites/shutdown.py,sd_card_mirror/badusb/!repo/works_both/_unclassified/Bruce-Scripts-Heaven_BAD/BadUSB-FalsePhilosopher/BashBunny/payloads/library/general/BashBunny_Manager/panel/sites/shutdown.py,works_both
sd_card_content/badusb_extra_payloads/_unclassified/Bruce-Scripts-Heaven_BAD/BadUSB-FalsePhilosopher/Misc/Cheat_Sheets/Awesome-cheatsheets/commitlint.config.js,sd_card_mirror/badusb/!repo/works_both/_unclassified/Bruce-Scripts-Heaven_BAD/BadUSB-FalsePhilosopher/Misc/Cheat_Sheets/Awesome-cheatsheets/commitlint.config.js,works_both
sd_card_content/badusb_extra_payloads/_unclassified/Bruce-Scripts-Heaven_BAD/BadUSB-FalsePhilosopher/Misc/Cheat_Sheets/Awesome-cheatsheets/frontend/angularjs.js,sd_card_mirror/badusb/!repo/works_both/_unclassified/Bruce-Scripts-Heaven_BAD/BadUSB-FalsePhilosopher/Misc/Cheat_Sheets/Awesome-cheatsheets/frontend/angularjs.js,works_both
sd_card_content/badusb_extra_payloads/_unclassified/Bruce-Scripts-Heaven_BAD/BadUSB-FalsePhilosopher/Misc/Cheat_Sheets/Awesome-cheatsheets/tools/elasticsearch.js,sd_card_mirror/badusb/!repo/works_both/_unclassified/Bruce-Scripts-Heaven_BAD/BadUSB-FalsePhilosopher/Misc/Cheat_Sheets/Awesome-cheatsheets/tools/elasticsearch.js,works_both
sd_card_content/badusb_extra_payloads/_unclassified/Bruce-Scripts-Heaven_BAD/BadUSB-FalsePhilosopher/Misc/Cheat_Sheets/Awesome-guidelines/test.js,sd_card_mirror/badusb/!repo/works_both/_unclassified/Bruce-Scripts-Heaven_BAD/BadUSB-FalsePhilosopher/Misc/Cheat_Sheets/Awesome-guidelines/test.js,works_both
sd_card_content/badusb_extra_payloads/_unclassified/Bruce-Scripts-Heaven_BAD/BadUSB-FalsePhilosopher/Misc/Cheat_Sheets/Big-list-of-naughty-strings/scripts/txt_to_json.py,sd_card_mirror/badusb/!repo/works_both/_unclassified/Bruce-Scripts-Heaven_BAD/BadUSB-FalsePhilosopher/Misc/Cheat_Sheets/Big-list-of-naughty-strings/scripts/txt_to_json.py,works_both
sd_card_content/badusb_extra_payloads/_unclassified/Bruce-Scripts-Heaven_BAD/BadUSB-FalsePhilosopher/Misc/Cheat_Sheets/Big-list-of-naughty-strings/naughtystrings/__init__.py,sd_card_mirror/badusb/!repo/works_both/_unclassified/Bruce-Scripts-Heaven_BAD/BadUSB-FalsePhilosopher/Misc/Cheat_Sheets/Big-list-of-naughty-strings/naughtystrings/__init__.py,works_both
sd_card_content/badusb_extra_payloads/_unclassified/Bruce-Scripts-Heaven_BAD/BadUSB-FalsePhilosopher/Misc/Cheat_Sheets/PayloadsAllTheThings/Web Sockets/Files/ws-harness.py,sd_card_mirror/badusb/!repo/works_both/_unclassified/Bruce-Scripts-Heaven_BAD/BadUSB-FalsePhilosopher/Misc/Cheat_Sheets/PayloadsAllTheThings/Web Sockets/Files/ws-harness.py,works_both
sd_card_content/badusb_extra_payloads/_unclassified/Bruce-Scripts-Heaven_BAD/BadUSB-FalsePhilosopher/Misc/Cheat_Sheets/PayloadsAllTheThings/Upload Insecure Files/CVE Ffmpeg HLS/gen_avi_bypass.py,sd_card_mirror/badusb/!repo/works_both/_unclassified/Bruce-Scripts-Heaven_BAD/BadUSB-FalsePhilosopher/Misc/Cheat_Sheets/PayloadsAllTheThings/Upload Insecure Files/CVE Ffmpeg HLS/gen_avi_bypass.py,works_both
sd_card_content/badusb_extra_payloads/_unclassified/Bruce-Scripts-Heaven_BAD/BadUSB-FalsePhilosopher/Misc/Cheat_Sheets/PayloadsAllTheThings/Upload Insecure Files/CVE Ffmpeg HLS/gen_xbin_avi.py,sd_card_mirror/badusb/!repo/works_both/_unclassified/Bruce-Scripts-Heaven_BAD/BadUSB-FalsePhilosopher/Misc/Cheat_Sheets/PayloadsAllTheThings/Upload Insecure Files/CVE Ffmpeg HLS/gen_xbin_avi.py,works_both
sd_card_content/badusb_extra_payloads/_unclassified/Bruce-Scripts-Heaven_BAD/BadUSB-FalsePhilosopher/Misc/Cheat_Sheets/PayloadsAllTheThings/Upload Insecure Files/Picture Compression/createBulletproofJPG.py,sd_card_mirror/badusb/!repo/works_both/_unclassified/Bruce-Scripts-Heaven_BAD/BadUSB-FalsePhilosopher/Misc/Cheat_Sheets/PayloadsAllTheThings/Upload Insecure Files/Picture Compression/createBulletproofJPG.py,works_both
sd_card_content/badusb_extra_payloads/_unclassified/Bruce-Scripts-Heaven_BAD/BadUSB-FalsePhilosopher/Misc/Cheat_Sheets/PayloadsAllTheThings/Upload Insecure Files/Extension PDF JS/poc.py,sd_card_mirror/badusb/!repo/works_both/_unclassified/Bruce-Scripts-Heaven_BAD/BadUSB-FalsePhilosopher/Misc/Cheat_Sheets/PayloadsAllTheThings/Upload Insecure Files/Extension PDF JS/poc.py,works_both
sd_card_content/badusb_extra_payloads/_unclassified/Bruce-Scripts-Heaven_BAD/BadUSB-FalsePhilosopher/Misc/Cheat_Sheets/PayloadsAllTheThings/Upload Insecure Files/Extension PDF JS/poc.js,sd_card_mirror/badusb/!repo/works_both/_unclassified/Bruce-Scripts-Heaven_BAD/BadUSB-FalsePhilosopher/Misc/Cheat_Sheets/PayloadsAllTheThings/Upload Insecure Files/Extension PDF JS/poc.js,works_both
sd_card_content/badusb_extra_payloads/_unclassified/Bruce-Scripts-Heaven_BAD/BadUSB-FalsePhilosopher/Misc/Cheat_Sheets/PayloadsAllTheThings/File Inclusion/uploadlfi.py,sd_card_mirror/badusb/!repo/works_both/_unclassified/Bruce-Scripts-Heaven_BAD/BadUSB-FalsePhilosopher/Misc/Cheat_Sheets/PayloadsAllTheThings/File Inclusion/uploadlfi.py,works_both
sd_card_content/badusb_extra_payloads/_unclassified/Bruce-Scripts-Heaven_BAD/BadUSB-FalsePhilosopher/Misc/Cheat_Sheets/PayloadsAllTheThings/File Inclusion/phpinfolfi.py,sd_card_mirror/badusb/!repo/works_both/_unclassified/Bruce-Scripts-Heaven_BAD/BadUSB-FalsePhilosopher/Misc/Cheat_Sheets/PayloadsAllTheThings/File Inclusion/phpinfolfi.py,works_both
sd_card_content/badusb_extra_payloads/_unclassified/Bruce-Scripts-Heaven_BAD/BadUSB-FalsePhilosopher/Misc/Cheat_Sheets/PayloadsAllTheThings/File Inclusion/LFI2RCE.py,sd_card_mirror/badusb/!repo/works_both/_unclassified/Bruce-Scripts-Heaven_BAD/BadUSB-FalsePhilosopher/Misc/Cheat_Sheets/PayloadsAllTheThings/File Inclusion/LFI2RCE.py,works_both
sd_card_content/badusb_extra_payloads/_unclassified/Bruce-Scripts-Heaven_BAD/BadUSB-FalsePhilosopher/Misc/Cheat_Sheets/PayloadsAllTheThings/Server Side Request Forgery/Files/ip.py,sd_card_mirror/badusb/!repo/works_both/_unclassified/Bruce-Scripts-Heaven_BAD/BadUSB-FalsePhilosopher/Misc/Cheat_Sheets/PayloadsAllTheThings/Server Side Request Forgery/Files/ip.py,works_both
sd_card_content/badusb_extra_payloads/_unclassified/Bruce-Scripts-Heaven_BAD/BadUSB-FalsePhilosopher/Misc/Cheat_Sheets/PayloadsAllTheThings/CVE Exploits/Docker API RCE.py,sd_card_mirror/badusb/!repo/works_both/_unclassified/Bruce-Scripts-Heaven_BAD/BadUSB-FalsePhilosopher/Misc/Cheat_Sheets/PayloadsAllTheThings/CVE Exploits/Docker API RCE.py,works_both
sd_card_content/badusb_extra_payloads/_unclassified/Bruce-Scripts-Heaven_BAD/BadUSB-FalsePhilosopher/Misc/Cheat_Sheets/PayloadsAllTheThings/CVE Exploits/Citrix CVE-2019-19781.py,sd_card_mirror/badusb/!repo/works_both/_unclassified/Bruce-Scripts-Heaven_BAD/BadUSB-FalsePhilosopher/Misc/Cheat_Sheets/PayloadsAllTheThings/CVE Exploits/Citrix CVE-2019-19781.py,works_both
sd_card_content/badusb_extra_payloads/_unclassified/Bruce-Scripts-Heaven_BAD/BadUSB-FalsePhilosopher/Misc/Cheat_Sheets/PayloadsAllTheThings/CVE Exploits/Jenkins Groovy Console.py,sd_card_mirror/badusb/!repo/works_both/_unclassified/Bruce-Scripts-Heaven_BAD/BadUSB-FalsePhilosopher/Misc/Cheat_Sheets/PayloadsAllTheThings/CVE Exploits/Jenkins Groovy Console.py,works_both
sd_card_content/badusb_extra_payloads/_unclassified/Bruce-Scripts-Heaven_BAD/BadUSB-FalsePhilosopher/Misc/Cheat_Sheets/PayloadsAllTheThings/CVE Exploits/WebLogic CVE-2017-10271.py,sd_card_mirror/badusb/!repo/works_both/_unclassified/Bruce-Scripts-Heaven_BAD/BadUSB-FalsePhilosopher/Misc/Cheat_Sheets/PayloadsAllTheThings/CVE Exploits/WebLogic CVE-2017-10271.py,works_both
sd_card_content/badusb_extra_payloads/_unclassified/Bruce-Scripts-Heaven_BAD/BadUSB-FalsePhilosopher/Misc/Cheat_Sheets/PayloadsAllTheThings/CVE Exploits/Telerik CVE-2019-18935.py,sd_card_mirror/badusb/!repo/works_both/_unclassified/Bruce-Scripts-Heaven_BAD/BadUSB-FalsePhilosopher/Misc/Cheat_Sheets/PayloadsAllTheThings/CVE Exploits/Telerik CVE-2019-18935.py,works_both
sd_card_content/badusb_extra_payloads/_unclassified/Bruce-Scripts-Heaven_BAD/BadUSB-FalsePhilosopher/Misc/Cheat_Sheets/PayloadsAllTheThings/CVE Exploits/Tomcat CVE-2017-12617.py,sd_card_mirror/badusb/!repo/works_both/_unclassified/Bruce-Scripts-Heaven_BAD/BadUSB-FalsePhilosopher/Misc/Cheat_Sheets/PayloadsAllTheThings/CVE Exploits/Tomcat CVE-2017-12617.py,works_both
sd_card_content/badusb_extra_payloads/_unclassified/Bruce-Scripts-Heaven_BAD/BadUSB-FalsePhilosopher/Misc/Cheat_Sheets/PayloadsAllTheThings/CVE Exploits/Jenkins CVE-2015-8103.py,sd_card_mirror/badusb/!repo/works_both/_unclassified/Bruce-Scripts-Heaven_BAD/BadUSB-FalsePhilosopher/Misc/Cheat_Sheets/PayloadsAllTheThings/CVE Exploits/Jenkins CVE-2015-8103.py,works_both
sd_card_content/badusb_extra_payloads/_unclassified/Bruce-Scripts-Heaven_BAD/BadUSB-FalsePhilosopher/Misc/Web/Demiguise/examples/externalip.js,sd_card_mirror/badusb/!repo/works_both/_unclassified/Bruce-Scripts-Heaven_BAD/BadUSB-FalsePhilosopher/Misc/Web/Demiguise/examples/externalip.js,works_both
sd_card_content/badusb_extra_payloads/_unclassified/Bruce-Scripts-Heaven_BAD/BadUSB-FalsePhilosopher/Misc/Web/Demiguise/examples/virginkey.js,sd_card_mirror/badusb/!repo/works_both/_unclassified/Bruce-Scripts-Heaven_BAD/BadUSB-FalsePhilosopher/Misc/Web/Demiguise/examples/virginkey.js,works_both
sd_card_content/badusb_extra_payloads/_unclassified/Bruce-Scripts-Heaven_BAD/BadUSB-FalsePhilosopher/Misc/Web/Toolbox/toolbox.py,sd_card_mirror/badusb/!repo/works_both/_unclassified/Bruce-Scripts-Heaven_BAD/BadUSB-FalsePhilosopher/Misc/Web/Toolbox/toolbox.py,works_both
sd_card_content/badusb_extra_payloads/_unclassified/Bruce-Scripts-Heaven_BAD/BadUSB-FalsePhilosopher/Misc/Web/Toolbox/setup.py,sd_card_mirror/badusb/!repo/works_both/_unclassified/Bruce-Scripts-Heaven_BAD/BadUSB-FalsePhilosopher/Misc/Web/Toolbox/setup.py,works_both
sd_card_content/badusb_extra_payloads/_unclassified/Bruce-Scripts-Heaven_BAD/BadUSB-FalsePhilosopher/Misc/Web/Toolbox/toolbox/cli.py,sd_card_mirror/badusb/!repo/works_both/_unclassified/Bruce-Scripts-Heaven_BAD/BadUSB-FalsePhilosopher/Misc/Web/Toolbox/toolbox/cli.py,works_both
sd_card_content/badusb_extra_payloads/_unclassified/Bruce-Scripts-Heaven_BAD/BadUSB-FalsePhilosopher/Misc/Web/Toolbox/toolbox/__init__.py,sd_card_mirror/badusb/!repo/works_both/_unclassified/Bruce-Scripts-Heaven_BAD/BadUSB-FalsePhilosopher/Misc/Web/Toolbox/toolbox/__init__.py,works_both
sd_card_content/badusb_extra_payloads/_unclassified/Bruce-Scripts-Heaven_BAD/BadUSB-FalsePhilosopher/Misc/Web/Toolbox/toolbox/server/file_server.py,sd_card_mirror/badusb/!repo/works_both/_unclassified/Bruce-Scripts-Heaven_BAD/BadUSB-FalsePhilosopher/Misc/Web/Toolbox/toolbox/server/file_server.py,works_both
sd_card_content/badusb_extra_payloads/_unclassified/Bruce-Scripts-Heaven_BAD/BadUSB-FalsePhilosopher/Misc/Web/Toolbox/toolbox/server/payload_generator.py,sd_card_mirror/badusb/!repo/works_both/_unclassified/Bruce-Scripts-Heaven_BAD/BadUSB-FalsePhilosopher/Misc/Web/Toolbox/toolbox/server/payload_generator.py,works_both
sd_card_content/badusb_extra_payloads/_unclassified/Bruce-Scripts-Heaven_BAD/BadUSB-FalsePhilosopher/Misc/Web/Toolbox/toolbox/server/formatters.py,sd_card_mirror/badusb/!repo/works_both/_unclassified/Bruce-Scripts-Heaven_BAD/BadUSB-FalsePhilosopher/Misc/Web/Toolbox/toolbox/server/formatters.py,works_both
sd_card_content/badusb_extra_payloads/_unclassified/Bruce-Scripts-Heaven_BAD/BadUSB-FalsePhilosopher/Misc/Web/Toolbox/toolbox/server/file_manager.py,sd_card_mirror/badusb/!repo/works_both/_unclassified/Bruce-Scripts-Heaven_BAD/BadUSB-FalsePhilosopher/Misc/Web/Toolbox/toolbox/server/file_manager.py,works_both
sd_card_content/badusb_extra_payloads/_unclassified/Bruce-Scripts-Heaven_BAD/BadUSB-FalsePhilosopher/Misc/Web/Toolbox/toolbox/server/color.py,sd_card_mirror/badusb/!repo/works_both/_unclassified/Bruce-Scripts-Heaven_BAD/BadUSB-FalsePhilosopher/Misc/Web/Toolbox/toolbox/server/color.py,works_both
sd_card_content/badusb_extra_payloads/_unclassified/Bruce-Scripts-Heaven_BAD/BadUSB-FalsePhilosopher/Misc/Web/Toolbox/toolbox/server/interfaces.py,sd_card_mirror/badusb/!repo/works_both/_unclassified/Bruce-Scripts-Heaven_BAD/BadUSB-FalsePhilosopher/Misc/Web/Toolbox/toolbox/server/interfaces.py,works_both
sd_card_content/badusb_extra_payloads/_unclassified/Bruce-Scripts-Heaven_BAD/BadUSB-FalsePhilosopher/Misc/Web/Toolbox/toolbox/server/server.py,sd_card_mirror/badusb/!repo/works_both/_unclassified/Bruce-Scripts-Heaven_BAD/BadUSB-FalsePhilosopher/Misc/Web/Toolbox/toolbox/server/server.py,works_both
sd_card_content/badusb_extra_payloads/_unclassified/Bruce-Scripts-Heaven_BAD/BadUSB-FalsePhilosopher/Misc/Web/Toolbox/toolbox/server/templates/modules/shell.py,sd_card_mirror/badusb/!repo/works_both/_unclassified/Bruce-Scripts-Heaven_BAD/BadUSB-FalsePhilosopher/Misc/Web/Toolbox/toolbox/server/templates/modules/shell.py,works_both
sd_card_content/badusb_extra_payloads/_unclassified/Bruce-Scripts-Heaven_BAD/BadUSB-FalsePhilosopher/Misc/Web/Toolbox/toolbox/server/templates/modules/shell.js,sd_card_mirror/badusb/!repo/works_both/_unclassified/Bruce-Scripts-Heaven_BAD/BadUSB-FalsePhilosopher/Misc/Web/Toolbox/toolbox/server/templates/modules/shell.js,works_both
sd_card_content/badusb_extra_payloads/_unclassified/Bruce-Scripts-Heaven_BAD/BadUSB-FalsePhilosopher/Misc/Web/Toolbox/toolbox/server/templates/modules/fetch_file.js,sd_card_mirror/badusb/!repo/works_both/_unclassified/Bruce-Scripts-Heaven_BAD/BadUSB-FalsePhilosopher/Misc/Web/Toolbox/toolbox/server/templates/modules/fetch_file.js,works_both
sd_card_content/badusb_extra_payloads/_unclassified/Bruce-Scripts-Heaven_BAD/BadUSB-FalsePhilosopher/Misc/Web/Toolbox/toolbox/server/templates/modules/one_line_python.py,sd_card_mirror/badusb/!repo/works_both/_unclassified/Bruce-Scripts-Heaven_BAD/BadUSB-FalsePhilosopher/Misc/Web/Toolbox/toolbox/server/templates/modules/one_line_python.py,works_both
sd_card_content/badusb_extra_payloads/_unclassified/Bruce-Scripts-Heaven_BAD/BadUSB-FalsePhilosopher/Misc/Web/Toolbox/toolbox/server/templates/modules/read_file.py,sd_card_mirror/badusb/!repo/works_both/_unclassified/Bruce-Scripts-Heaven_BAD/BadUSB-FalsePhilosopher/Misc/Web/Toolbox/toolbox/server/templates/modules/read_file.py,works_both
sd_card_content/badusb_extra_payloads/_unclassified/Bruce-Scripts-Heaven_BAD/BadUSB-FalsePhilosopher/Misc/Web/Toolbox/tests/test_uploads.py,sd_card_mirror/badusb/!repo/works_both/_unclassified/Bruce-Scripts-Heaven_BAD/BadUSB-FalsePhilosopher/Misc/Web/Toolbox/tests/test_uploads.py,works_both
sd_card_content/badusb_extra_payloads/_unclassified/Bruce-Scripts-Heaven_BAD/BadUSB-FalsePhilosopher/Misc/Web/Toolbox/tests/test_formatters.py,sd_card_mirror/badusb/!repo/works_both/_unclassified/Bruce-Scripts-Heaven_BAD/BadUSB-FalsePhilosopher/Misc/Web/Toolbox/tests/test_formatters.py,works_both
sd_card_content/badusb_extra_payloads/_unclassified/Bruce-Scripts-Heaven_BAD/BadUSB-FalsePhilosopher/Misc/Web/Toolbox/tests/conftest.py,sd_card_mirror/badusb/!repo/works_both/_unclassified/Bruce-Scripts-Heaven_BAD/BadUSB-FalsePhilosopher/Misc/Web/Toolbox/tests/conftest.py,works_both
sd_card_content/badusb_extra_payloads/_unclassified/Bruce-Scripts-Heaven_BAD/BadUSB-FalsePhilosopher/Misc/Web/API/dora/setup.py,sd_card_mirror/badusb/!repo/works_both/_unclassified/Bruce-Scripts-Heaven_BAD/BadUSB-FalsePhilosopher/Misc/Web/API/dora/setup.py,works_both
sd_card_content/badusb_extra_payloads/_unclassified/Bruce-Scripts-Heaven_BAD/BadUSB-FalsePhilosopher/Misc/Web/API/dora/dora/printer.py,sd_card_mirror/badusb/!repo/works_both/_unclassified/Bruce-Scripts-Heaven_BAD/BadUSB-FalsePhilosopher/Misc/Web/API/dora/dora/printer.py,works_both
sd_card_content/badusb_extra_payloads/_unclassified/Bruce-Scripts-Heaven_BAD/BadUSB-FalsePhilosopher/Misc/Web/API/dora/dora/__main__.py,sd_card_mirror/badusb/!repo/works_both/_unclassified/Bruce-Scripts-Heaven_BAD/BadUSB-FalsePhilosopher/Misc/Web/API/dora/dora/__main__.py,works_both
sd_card_content/badusb_extra_payloads/_unclassified/Bruce-Scripts-Heaven_BAD/BadUSB-FalsePhilosopher/Misc/Web/API/dora/dev/escaper.py,sd_card_mirror/badusb/!repo/works_both/_unclassified/Bruce-Scripts-Heaven_BAD/BadUSB-FalsePhilosopher/Misc/Web/API/dora/dev/escaper.py,works_both
sd_card_content/badusb_extra_payloads/_unclassified/Bruce-Scripts-Heaven_BAD/BadUSB-FalsePhilosopher/Misc/Web/Public-apis/scripts/validate/format.py,sd_card_mirror/badusb/!repo/works_both/_unclassified/Bruce-Scripts-Heaven_BAD/BadUSB-FalsePhilosopher/Misc/Web/Public-apis/scripts/validate/format.py,works_both
sd_card_content/badusb_extra_payloads/_unclassified/Bruce-Scripts-Heaven_BAD/BadUSB-FalsePhilosopher/Misc/Web/Public-apis/scripts/validate/links.py,sd_card_mirror/badusb/!repo/works_both/_unclassified/Bruce-Scripts-Heaven_BAD/BadUSB-FalsePhilosopher/Misc/Web/Public-apis/scripts/validate/links.py,works_both
sd_card_content/badusb_extra_payloads/_unclassified/Bruce-Scripts-Heaven_BAD/BadUSB-FalsePhilosopher/Misc/Web/Public-apis/scripts/validate/__init__.py,sd_card_mirror/badusb/!repo/works_both/_unclassified/Bruce-Scripts-Heaven_BAD/BadUSB-FalsePhilosopher/Misc/Web/Public-apis/scripts/validate/__init__.py,works_both
sd_card_content/badusb_extra_payloads/_unclassified/Bruce-Scripts-Heaven_BAD/BadUSB-FalsePhilosopher/Misc/Web/Public-apis/scripts/tests/test_validate_format.py,sd_card_mirror/badusb/!repo/works_both/_unclassified/Bruce-Scripts-Heaven_BAD/BadUSB-FalsePhilosopher/Misc/Web/Public-apis/scripts/tests/test_validate_format.py,works_both
sd_card_content/badusb_extra_payloads/_unclassified/Bruce-Scripts-Heaven_BAD/BadUSB-FalsePhilosopher/Misc/Web/Public-apis/scripts/tests/test_validate_links.py,sd_card_mirror/badusb/!repo/works_both/_unclassified/Bruce-Scripts-Heaven_BAD/BadUSB-FalsePhilosopher/Misc/Web/Public-apis/scripts/tests/test_validate_links.py,works_both
sd_card_content/badusb_extra_payloads/_unclassified/Bruce-Scripts-Heaven_BAD/BadUSB-FalsePhilosopher/Misc/Web/Public-apis/scripts/tests/__init__.py,sd_card_mirror/badusb/!repo/works_both/_unclassified/Bruce-Scripts-Heaven_BAD/BadUSB-FalsePhilosopher/Misc/Web/Public-apis/scripts/tests/__init__.py,works_both
sd_card_content/badusb_extra_payloads/_unclassified/Bruce-Scripts-Heaven_BAD/BadUSB-FalsePhilosopher/Misc/Web/CloudFlair/cli.py,sd_card_mirror/badusb/!repo/works_both/_unclassified/Bruce-Scripts-Heaven_BAD/BadUSB-FalsePhilosopher/Misc/Web/CloudFlair/cli.py,works_both
sd_card_content/badusb_extra_payloads/_unclassified/Bruce-Scripts-Heaven_BAD/BadUSB-FalsePhilosopher/Misc/Win/BSOD/InvokeBSOD.txt,sd_card_mirror/badusb/!repo/works_both/_unclassified/Bruce-Scripts-Heaven_BAD/BadUSB-FalsePhilosopher/Misc/Win/BSOD/InvokeBSOD.txt,works_both
sd_card_content/badusb_extra_payloads/_unclassified/Bruce-Scripts-Heaven_BAD/BadUSB-FalsePhilosopher/Misc/Win/BSOD/main.py,sd_card_mirror/badusb/!repo/works_both/_unclassified/Bruce-Scripts-Heaven_BAD/BadUSB-FalsePhilosopher/Misc/Win/BSOD/main.py,works_both
sd_card_content/badusb_extra_payloads/_unclassified/Bruce-Scripts-Heaven_BAD/BadUSB-FalsePhilosopher/Misc/Win/BSOD/bsodder.py,sd_card_mirror/badusb/!repo/works_both/_unclassified/Bruce-Scripts-Heaven_BAD/BadUSB-FalsePhilosopher/Misc/Win/BSOD/bsodder.py,works_both
sd_card_content/badusb_extra_payloads/_unclassified/Bruce-Scripts-Heaven_BAD/BadUSB-FalsePhilosopher/Misc/Win/BSOD/BSOD.py,sd_card_mirror/badusb/!repo/works_both/_unclassified/Bruce-Scripts-Heaven_BAD/BadUSB-FalsePhilosopher/Misc/Win/BSOD/BSOD.py,works_both
sd_card_content/badusb_extra_payloads/_unclassified/Bruce-Scripts-Heaven_BAD/BadUSB-FalsePhilosopher/Misc/Win/BSOD/bsod_trigger/bsod.py,sd_card_mirror/badusb/!repo/works_both/_unclassified/Bruce-Scripts-Heaven_BAD/BadUSB-FalsePhilosopher/Misc/Win/BSOD/bsod_trigger/bsod.py,works_both
sd_card_content/badusb_extra_payloads/_unclassified/Bruce-Scripts-Heaven_BAD/BadUSB-FalsePhilosopher/Misc/Win/BSOD/bsod_trigger/net_client.py,sd_card_mirror/badusb/!repo/works_both/_unclassified/Bruce-Scripts-Heaven_BAD/BadUSB-FalsePhilosopher/Misc/Win/BSOD/bsod_trigger/net_client.py,works_both
sd_card_content/badusb_extra_payloads/_unclassified/Bruce-Scripts-Heaven_BAD/BadUSB-FalsePhilosopher/Misc/Win/BSOD/bsod_trigger/net_bsod.py,sd_card_mirror/badusb/!repo/works_both/_unclassified/Bruce-Scripts-Heaven_BAD/BadUSB-FalsePhilosopher/Misc/Win/BSOD/bsod_trigger/net_bsod.py,works_both
sd_card_content/badusb_extra_payloads/_unclassified/Bruce-Scripts-Heaven_BAD/BadUSB-FalsePhilosopher/Misc/Win/BSOD/GDRLauncher/GDRLauncher/minidumpcount.txt,sd_card_mirror/badusb/!repo/works_both/_unclassified/Bruce-Scripts-Heaven_BAD/BadUSB-FalsePhilosopher/Misc/Win/BSOD/GDRLauncher/GDRLauncher/minidumpcount.txt,works_both
sd_card_content/badusb_extra_payloads/_unclassified/Bruce-Scripts-Heaven_BAD/BadUSB-FalsePhilosopher/Misc/Scripting/py/kick.py,sd_card_mirror/badusb/!repo/works_both/_unclassified/Bruce-Scripts-Heaven_BAD/BadUSB-FalsePhilosopher/Misc/Scripting/py/kick.py,works_both
sd_card_content/badusb_extra_payloads/_unclassified/Bruce-Scripts-Heaven_BAD/Telegram_Persistent_Connection_Linux/connection.py,sd_card_mirror/badusb/!repo/works_both/_unclassified/Bruce-Scripts-Heaven_BAD/Telegram_Persistent_Connection_Linux/connection.py,works_both
sd_card_content/badusb_extra_payloads/_unclassified/Bruce-Scripts-Heaven_BAD/Canary_Duck/payload.txt,sd_card_mirror/badusb/!repo/works_both/_unclassified/Bruce-Scripts-Heaven_BAD/Canary_Duck/payload.txt,works_both
sd_card_content/badusb_extra_payloads/_unclassified/Bruce-Scripts-Heaven_BAD/The_Mouse_Moves_By_Itself/script.py,sd_card_mirror/badusb/!repo/works_both/_unclassified/Bruce-Scripts-Heaven_BAD/The_Mouse_Moves_By_Itself/script.py,works_both
sd_card_content/badusb_extra_payloads/_unclassified/Bruce-Scripts-Heaven_BAD/-RD-Subscribe/payload.txt,sd_card_mirror/badusb/!repo/works_both/_unclassified/Bruce-Scripts-Heaven_BAD/-RD-Subscribe/payload.txt,works_both
sd_card_content/badusb_extra_payloads/_unclassified/Bruce-Scripts-Heaven_BAD/Jakoby_BadUSB/Payloads/Flip-We-Found-You/We-Found-You.txt,sd_card_mirror/badusb/!repo/works_both/_unclassified/Bruce-Scripts-Heaven_BAD/Jakoby_BadUSB/Payloads/Flip-We-Found-You/We-Found-You.txt,works_both
sd_card_content/badusb_extra_payloads/_unclassified/Bruce-Scripts-Heaven_BAD/Flipper-Zero-BadUSB-made just for Flipper/Payloads/Flip-Play-WAV/Play-WAV.txt,sd_card_mirror/badusb/!repo/works_both/_unclassified/Bruce-Scripts-Heaven_BAD/Flipper-Zero-BadUSB-made just for Flipper/Payloads/Flip-Play-WAV/Play-WAV.txt,works_both
sd_card_content/badusb_extra_payloads/_unclassified/Bruce-Scripts-Heaven_BAD/Download-and-Execute/Download-Execute.txt,sd_card_mirror/badusb/!repo/works_both/_unclassified/Bruce-Scripts-Heaven_BAD/Download-and-Execute/Download-Execute.txt,works_both
sd_card_content/badusb_extra_payloads/_unclassified/Bruce-Scripts-Heaven_BAD/GNU-Linux/Incident_Response/Exploit_Citrix_NetScaler_ADC_and_Gateway_through_CVE-2023-4966/lin-payload.txt,sd_card_mirror/badusb/!repo/works_both/_unclassified/Bruce-Scripts-Heaven_BAD/GNU-Linux/Incident_Response/Exploit_Citrix_NetScaler_ADC_and_Gateway_through_CVE-2023-4966/lin-payload.txt,works_both
sd_card_content/badusb_extra_payloads/_unclassified/Bruce-Scripts-Heaven_BAD/windows10/hackertyper.txt,sd_card_mirror/badusb/!repo/works_both/_unclassified/Bruce-Scripts-Heaven_BAD/windows10/hackertyper.txt,works_both
sd_card_content/badusb_extra_payloads/_unclassified/Bruce-Scripts-Heaven_BAD/windows10/shutdown.txt,sd_card_mirror/badusb/!repo/works_both/_unclassified/Bruce-Scripts-Heaven_BAD/windows10/shutdown.txt,works_both
sd_card_content/badusb_extra_payloads/_unclassified/Bruce-Scripts-Heaven_BAD/windows10/create folders in C.txt,sd_card_mirror/badusb/!repo/works_both/_unclassified/Bruce-Scripts-Heaven_BAD/windows10/create folders in C.txt,works_both
sd_card_content/badusb_extra_payloads/_unclassified/Bruce-Scripts-Heaven_BAD/windows10/JM.txt,sd_card_mirror/badusb/!repo/works_both/_unclassified/Bruce-Scripts-Heaven_BAD/windows10/JM.txt,works_both
sd_card_content/badusb_extra_payloads/_unclassified/Bruce-Scripts-Heaven_BAD/windows10/open_youtube_video.txt,sd_card_mirror/badusb/!repo/works_both/_unclassified/Bruce-Scripts-Heaven_BAD/windows10/open_youtube_video.txt,works_both
sd_card_content/badusb_extra_payloads/_unclassified/Bruce-Scripts-Heaven_BAD/windows10/EPTM-ASCII.txt,sd_card_mirror/badusb/!repo/works_both/_unclassified/Bruce-Scripts-Heaven_BAD/windows10/EPTM-ASCII.txt,works_both
sd_card_content/badusb_extra_payloads/_unclassified/Bruce-Scripts-Heaven_BAD/windows10/nyan_cat.txt,sd_card_mirror/badusb/!repo/works_both/_unclassified/Bruce-Scripts-Heaven_BAD/windows10/nyan_cat.txt,works_both
sd_card_content/badusb_extra_payloads/_unclassified/Bruce-Scripts-Heaven_BAD/windows10/you_are_an_idiot.txt,sd_card_mirror/badusb/!repo/works_both/_unclassified/Bruce-Scripts-Heaven_BAD/windows10/you_are_an_idiot.txt,works_both
sd_card_content/badusb_extra_payloads/_unclassified/Bruce-Scripts-Heaven_BAD/DuckyHelper/DuckyHelper.txt,sd_card_mirror/badusb/!repo/works_both/_unclassified/Bruce-Scripts-Heaven_BAD/DuckyHelper/DuckyHelper.txt,works_both
sd_card_content/badusb_extra_payloads/_unclassified/Bruce-Scripts-Heaven_BAD/Flipper_Zero_Badusb_hack5_payloads/execution/-RD-Play-WAV/payload.txt,sd_card_mirror/badusb/!repo/works_both/_unclassified/Bruce-Scripts-Heaven_BAD/Flipper_Zero_Badusb_hack5_payloads/execution/-RD-Play-WAV/payload.txt,works_both
sd_card_content/badusb_extra_payloads/_unclassified/Bruce-Scripts-Heaven_BAD/Flipper_Zero_Badusb_hack5_payloads/incident_response/-RD-ET-Phone-Home/payload.txt,sd_card_mirror/badusb/!repo/works_both/_unclassified/Bruce-Scripts-Heaven_BAD/Flipper_Zero_Badusb_hack5_payloads/incident_response/-RD-ET-Phone-Home/payload.txt,works_both
sd_card_content/badusb_extra_payloads/_unclassified/Bruce-Scripts-Heaven_BAD/Flipper_Zero_Badusb_hack5_payloads/general/-RD-Subscribe/payload.txt,sd_card_mirror/badusb/!repo/works_both/_unclassified/Bruce-Scripts-Heaven_BAD/Flipper_Zero_Badusb_hack5_payloads/general/-RD-Subscribe/payload.txt,works_both
sd_card_content/badusb_extra_payloads/_unclassified/Bruce-Scripts-Heaven_BAD/Flipper_Zero_Badusb_hack5_payloads/general/-RD-PineApple/payload.txt,sd_card_mirror/badusb/!repo/works_both/_unclassified/Bruce-Scripts-Heaven_BAD/Flipper_Zero_Badusb_hack5_payloads/general/-RD-PineApple/payload.txt,works_both
sd_card_content/badusb_extra_payloads/_unclassified/Bruce-Scripts-Heaven_BAD/Flipper_Zero_Badusb_hack5_payloads/general/Hotfix_Warning/payload.txt,sd_card_mirror/badusb/!repo/works_both/_unclassified/Bruce-Scripts-Heaven_BAD/Flipper_Zero_Badusb_hack5_payloads/general/Hotfix_Warning/payload.txt,works_both
sd_card_content/badusb_extra_payloads/_unclassified/Bruce-Scripts-Heaven_BAD/CartmanSong/CartmanSong.txt,sd_card_mirror/badusb/!repo/works_both/_unclassified/Bruce-Scripts-Heaven_BAD/CartmanSong/CartmanSong.txt,works_both
sd_card_content/badusb_extra_payloads/_unclassified/Bruce-Scripts-Heaven_BAD/Windows/Incident_Response/Exploit_Citrix_NetScaler_ADC_and_Gateway_through_CVE-2023-4966/win-payload.txt,sd_card_mirror/badusb/!repo/works_both/_unclassified/Bruce-Scripts-Heaven_BAD/Windows/Incident_Response/Exploit_Citrix_NetScaler_ADC_and_Gateway_through_CVE-2023-4966/win-payload.txt,works_both
sd_card_content/badusb_extra_payloads/_unclassified/Bruce-Scripts-Heaven_BAD/Windows/Incident_Response/Defend_yourself_against_CVE-2023-36884_Office_and_Windows_HTML_Remote_Code_Execution_Vulnerability/payload.txt,sd_card_mirror/badusb/!repo/works_both/_unclassified/Bruce-Scripts-Heaven_BAD/Windows/Incident_Response/Defend_yourself_against_CVE-2023-36884_Office_and_Windows_HTML_Remote_Code_Execution_Vulnerability/payload.txt,works_both
sd_card_content/badusb_extra_payloads/_unclassified/Bruce-Scripts-Heaven_BAD/Windows/Execution/Immediate_Shutdown-By_NexusWannaBe/payload.txt,sd_card_mirror/badusb/!repo/works_both/_unclassified/Bruce-Scripts-Heaven_BAD/Windows/Execution/Immediate_Shutdown-By_NexusWannaBe/payload.txt,works_both
sd_card_content/badusb_extra_payloads/_unclassified/Bruce-Scripts-Heaven_BAD/Windows/Execution/Starting_a_PowerShell_with_administrator_permissions_in_Windows/payload.txt,sd_card_mirror/badusb/!repo/works_both/_unclassified/Bruce-Scripts-Heaven_BAD/Windows/Execution/Starting_a_PowerShell_with_administrator_permissions_in_Windows/payload.txt,works_both
sd_card_content/badusb_extra_payloads/_unclassified/Bruce-Scripts-Heaven_BAD/Windows/Execution/Make_Windows_performant_(but_ugly_and_boring)/payload.txt,sd_card_mirror/badusb/!repo/works_both/_unclassified/Bruce-Scripts-Heaven_BAD/Windows/Execution/Make_Windows_performant_(but_ugly_and_boring)/payload.txt,works_both
sd_card_content/badusb_extra_payloads/_unclassified/Bruce-Scripts-Heaven_BAD/Windows/Execution/Set_Tor_Bridge/payload.txt,sd_card_mirror/badusb/!repo/works_both/_unclassified/Bruce-Scripts-Heaven_BAD/Windows/Execution/Set_Tor_Bridge/payload.txt,works_both
sd_card_content/badusb_extra_payloads/_unclassified/Bruce-Scripts-Heaven_BAD/Windows/Execution/CheckBattery-by_bst04/payload.txt,sd_card_mirror/badusb/!repo/works_both/_unclassified/Bruce-Scripts-Heaven_BAD/Windows/Execution/CheckBattery-by_bst04/payload.txt,works_both
sd_card_content/badusb_extra_payloads/_unclassified/Bruce-Scripts-Heaven_BAD/Windows/Execution/Shutdown_After_1_Minute-By_NexusWannaBe/payload.txt,sd_card_mirror/badusb/!repo/works_both/_unclassified/Bruce-Scripts-Heaven_BAD/Windows/Execution/Shutdown_After_1_Minute-By_NexusWannaBe/payload.txt,works_both
sd_card_content/badusb_extra_payloads/_unclassified/Bruce-Scripts-Heaven_BAD/execution/DuckyHelper/DuckyHelper.txt,sd_card_mirror/badusb/!repo/works_both/_unclassified/Bruce-Scripts-Heaven_BAD/execution/DuckyHelper/DuckyHelper.txt,works_both
sd_card_content/badusb_extra_payloads/_unclassified/Bruce-Scripts-Heaven_BAD/execution/Win/Login_CMD/quack.txt,sd_card_mirror/badusb/!repo/works_both/_unclassified/Bruce-Scripts-Heaven_BAD/execution/Win/Login_CMD/quack.txt,works_both
sd_card_content/badusb_extra_payloads/_unclassified/Bruce-Scripts-Heaven_BAD/PC/GLITCH.DANGER.txt,sd_card_mirror/badusb/!repo/works_both/_unclassified/Bruce-Scripts-Heaven_BAD/PC/GLITCH.DANGER.txt,works_both
sd_card_content/badusb_extra_payloads/_unclassified/Bruce-Scripts-Heaven_BAD/PC/Tabs-spam.txt,sd_card_mirror/badusb/!repo/works_both/_unclassified/Bruce-Scripts-Heaven_BAD/PC/Tabs-spam.txt,works_both
sd_card_content/badusb_extra_payloads/_unclassified/Bruce-Scripts-Heaven_BAD/PC/Closer.txt,sd_card_mirror/badusb/!repo/works_both/_unclassified/Bruce-Scripts-Heaven_BAD/PC/Closer.txt,works_both
sd_card_content/badusb_extra_payloads/_unclassified/Bruce-Scripts-Heaven_BAD/PC/calculator-spam.txt,sd_card_mirror/badusb/!repo/works_both/_unclassified/Bruce-Scripts-Heaven_BAD/PC/calculator-spam.txt,works_both
sd_card_content/badusb_extra_payloads/_unclassified/Bruce-Scripts-Heaven_BAD/PC/Blockator.txt,sd_card_mirror/badusb/!repo/works_both/_unclassified/Bruce-Scripts-Heaven_BAD/PC/Blockator.txt,works_both
sd_card_content/badusb_extra_payloads/_unclassified/Bruce-Scripts-Heaven_BAD/PC/you-idiot.txt,sd_card_mirror/badusb/!repo/works_both/_unclassified/Bruce-Scripts-Heaven_BAD/PC/you-idiot.txt,works_both
sd_card_content/badusb_extra_payloads/_unclassified/Bruce-Scripts-Heaven_BAD/PC/Screenshoter.txt,sd_card_mirror/badusb/!repo/works_both/_unclassified/Bruce-Scripts-Heaven_BAD/PC/Screenshoter.txt,works_both
sd_card_content/badusb_extra_payloads/_unclassified/Bruce-Scripts-Heaven_BAD/PC/open_website_win.txt,sd_card_mirror/badusb/!repo/works_both/_unclassified/Bruce-Scripts-Heaven_BAD/PC/open_website_win.txt,works_both
sd_card_content/badusb_extra_payloads/_unclassified/Bruce-Scripts-Heaven_BAD/PC/Explorerspam.txt,sd_card_mirror/badusb/!repo/works_both/_unclassified/Bruce-Scripts-Heaven_BAD/PC/Explorerspam.txt,works_both
sd_card_content/badusb_extra_payloads/_unclassified/Bruce-Scripts-Heaven_BAD/PC/PWN3D FAST.txt,sd_card_mirror/badusb/!repo/works_both/_unclassified/Bruce-Scripts-Heaven_BAD/PC/PWN3D FAST.txt,works_both
sd_card_content/badusb_extra_payloads/_unclassified/Bruce-Scripts-Heaven_BAD/PC/capslock.txt,sd_card_mirror/badusb/!repo/works_both/_unclassified/Bruce-Scripts-Heaven_BAD/PC/capslock.txt,works_both
sd_card_content/badusb_extra_payloads/_unclassified/Bruce-Scripts-Heaven_BAD/PC/random-letters.txt,sd_card_mirror/badusb/!repo/works_both/_unclassified/Bruce-Scripts-Heaven_BAD/PC/random-letters.txt,works_both
sd_card_content/badusb_extra_payloads/_unclassified/Bruce-Scripts-Heaven_BAD/Android_HID_Forward-Email/Payload_Samsung.txt,sd_card_mirror/badusb/!repo/works_both/_unclassified/Bruce-Scripts-Heaven_BAD/Android_HID_Forward-Email/Payload_Samsung.txt,works_both
sd_card_content/badusb_extra_payloads/_unclassified/Bruce-Scripts-Heaven_BAD/Android_HID_Forward-Email/Payload_Gmail.txt,sd_card_mirror/badusb/!repo/works_both/_unclassified/Bruce-Scripts-Heaven_BAD/Android_HID_Forward-Email/Payload_Gmail.txt,works_both
sd_card_content/badusb_extra_payloads/_unclassified/Bruce-Scripts-Heaven_BAD/Ascii/Win_HID_MonaLisa/MonaLisa.txt,sd_card_mirror/badusb/!repo/works_both/_unclassified/Bruce-Scripts-Heaven_BAD/Ascii/Win_HID_MonaLisa/MonaLisa.txt,works_both
sd_card_content/badusb_extra_payloads/_unclassified/Bruce-Scripts-Heaven_BAD/BeEF_Injection/payload.txt,sd_card_mirror/badusb/!repo/works_both/_unclassified/Bruce-Scripts-Heaven_BAD/BeEF_Injection/payload.txt,works_both
sd_card_content/badusb_extra_payloads/_unclassified/Bruce-Scripts-Heaven_BAD/Persistent_Keylogger-Telegram_Based/connection.py,sd_card_mirror/badusb/!repo/works_both/_unclassified/Bruce-Scripts-Heaven_BAD/Persistent_Keylogger-Telegram_Based/connection.py,works_both
sd_card_content/badusb_extra_payloads/_unclassified/Bruce-Scripts-Heaven_BAD/-RD-ET-Phone-Home/payload.txt,sd_card_mirror/badusb/!repo/works_both/_unclassified/Bruce-Scripts-Heaven_BAD/-RD-ET-Phone-Home/payload.txt,works_both
sd_card_content/badusb_extra_payloads/_unclassified/Bruce-Scripts-Heaven_BAD/Tools/Disable RT-Protection through GUI.txt,sd_card_mirror/badusb/!repo/works_both/_unclassified/Bruce-Scripts-Heaven_BAD/Tools/Disable RT-Protection through GUI.txt,works_both
sd_card_content/badusb_extra_payloads/_unclassified/Bruce-Scripts-Heaven_BAD/Telegram-Keylogger/Keylogger-to-Telegram.txt,sd_card_mirror/badusb/!repo/works_both/_unclassified/Bruce-Scripts-Heaven_BAD/Telegram-Keylogger/Keylogger-to-Telegram.txt,works_both
sd_card_content/badusb_extra_payloads/_unclassified/Bruce-Scripts-Heaven_BAD/Install_And_Run_Any_Arbitrary_Executable-No_Internet_And_Root_Needed/assets/example.py,sd_card_mirror/badusb/!repo/works_both/_unclassified/Bruce-Scripts-Heaven_BAD/Install_And_Run_Any_Arbitrary_Executable-No_Internet_And_Root_Needed/assets/example.py,works_both
sd_card_content/badusb_extra_payloads/_unclassified/Bruce-Scripts-Heaven_BAD/Install_And_Run_Any_Arbitrary_Executable-No_Internet_And_Root_Needed/assets/convert_to_hex.py,sd_card_mirror/badusb/!repo/works_both/_unclassified/Bruce-Scripts-Heaven_BAD/Install_And_Run_Any_Arbitrary_Executable-No_Internet_And_Root_Needed/assets/convert_to_hex.py,works_both
sd_card_content/badusb_extra_payloads/_unclassified/Bruce-Scripts-Heaven_BAD/Screenshare-Over-LAN/Screenshare-Over-LAN.txt,sd_card_mirror/badusb/!repo/works_both/_unclassified/Bruce-Scripts-Heaven_BAD/Screenshare-Over-LAN/Screenshare-Over-LAN.txt,works_both
sd_card_content/badusb_extra_payloads/_unclassified/Bruce-Scripts-Heaven_BAD/CRASHER/CRASHER.txt,sd_card_mirror/badusb/!repo/works_both/_unclassified/Bruce-Scripts-Heaven_BAD/CRASHER/CRASHER.txt,works_both
sd_card_content/badusb_extra_payloads/_unclassified/Bruce-Scripts-Heaven_BAD/Continuos Print In Terminal/script.py,sd_card_mirror/badusb/!repo/works_both/_unclassified/Bruce-Scripts-Heaven_BAD/Continuos Print In Terminal/script.py,works_both
sd_card_content/badusb_extra_payloads/_unclassified/Bruce-Scripts-Heaven_BAD/-RD-Play-WAV/payload.txt,sd_card_mirror/badusb/!repo/works_both/_unclassified/Bruce-Scripts-Heaven_BAD/-RD-Play-WAV/payload.txt,works_both
sd_card_content/badusb_extra_payloads/_unclassified/Bruce-Scripts-Heaven_BAD/Alien Message From Computer/script.py,sd_card_mirror/badusb/!repo/works_both/_unclassified/Bruce-Scripts-Heaven_BAD/Alien Message From Computer/script.py,works_both
sd_card_content/badusb_extra_payloads/_unclassified/Bruce-Scripts-Heaven_BAD/-RD-PS-Draw/payload.txt,sd_card_mirror/badusb/!repo/works_both/_unclassified/Bruce-Scripts-Heaven_BAD/-RD-PS-Draw/payload.txt,works_both
sd_card_content/badusb_extra_payloads/_unclassified/Bruce-Scripts-Heaven_BAD/Piano_Player/piano_player.py,sd_card_mirror/badusb/!repo/works_both/_unclassified/Bruce-Scripts-Heaven_BAD/Piano_Player/piano_player.py,works_both
sd_card_content/badusb_extra_payloads/_unclassified/Bruce-Scripts-Heaven_BAD/GIF-Player/Gif-Player.txt,sd_card_mirror/badusb/!repo/works_both/_unclassified/Bruce-Scripts-Heaven_BAD/GIF-Player/Gif-Player.txt,works_both
sd_card_content/badusb_extra_payloads/_unclassified/Bruce-Scripts-Heaven_BAD/VM-Detection-Report/VM-Detection-Report.txt,sd_card_mirror/badusb/!repo/works_both/_unclassified/Bruce-Scripts-Heaven_BAD/VM-Detection-Report/VM-Detection-Report.txt,works_both
sd_card_content/badusb_extra_payloads/_unclassified/Bruce-Scripts-Heaven_BAD/IOS/BadOS/Text Spammer.txt,sd_card_mirror/badusb/!repo/works_both/_unclassified/Bruce-Scripts-Heaven_BAD/IOS/BadOS/Text Spammer.txt,works_both
sd_card_content/badusb_extra_payloads/_unclassified/Bruce-Scripts-Heaven_BAD/IOS/BadOS/My Last Picture.txt,sd_card_mirror/badusb/!repo/works_both/_unclassified/Bruce-Scripts-Heaven_BAD/IOS/BadOS/My Last Picture.txt,works_both
sd_card_content/badusb_extra_payloads/_unclassified/Bruce-Scripts-Heaven_BAD/IOS/BadOS/OMFGDOGS.txt,sd_card_mirror/badusb/!repo/works_both/_unclassified/Bruce-Scripts-Heaven_BAD/IOS/BadOS/OMFGDOGS.txt,works_both
sd_card_content/badusb_extra_payloads/_unclassified/Bruce-Scripts-Heaven_BAD/IOS/BadOS/Text someone.txt,sd_card_mirror/badusb/!repo/works_both/_unclassified/Bruce-Scripts-Heaven_BAD/IOS/BadOS/Text someone.txt,works_both
sd_card_content/badusb_extra_payloads/_unclassified/Bruce-Scripts-Heaven_BAD/IOS/BadOS/RLSWIPER.txt,sd_card_mirror/badusb/!repo/works_both/_unclassified/Bruce-Scripts-Heaven_BAD/IOS/BadOS/RLSWIPER.txt,works_both
sd_card_content/badusb_extra_payloads/_unclassified/Bruce-Scripts-Heaven_BAD/IOS/BadOS/Keyboard Access.txt,sd_card_mirror/badusb/!repo/works_both/_unclassified/Bruce-Scripts-Heaven_BAD/IOS/BadOS/Keyboard Access.txt,works_both
sd_card_content/badusb_extra_payloads/_unclassified/Bruce-Scripts-Heaven_BAD/IOS/BadOS/Tab Viewer.txt,sd_card_mirror/badusb/!repo/works_both/_unclassified/Bruce-Scripts-Heaven_BAD/IOS/BadOS/Tab Viewer.txt,works_both
sd_card_content/badusb_extra_payloads/_unclassified/Bruce-Scripts-Heaven_BAD/IOS/BadOS/Tab Flooder.txt,sd_card_mirror/badusb/!repo/works_both/_unclassified/Bruce-Scripts-Heaven_BAD/IOS/BadOS/Tab Flooder.txt,works_both
sd_card_content/badusb_extra_payloads/_unclassified/Bruce-Scripts-Heaven_BAD/IOS/BadOS/CAUGHT IN 4K.txt,sd_card_mirror/badusb/!repo/works_both/_unclassified/Bruce-Scripts-Heaven_BAD/IOS/BadOS/CAUGHT IN 4K.txt,works_both
sd_card_content/badusb_extra_payloads/_unclassified/Bruce-Scripts-Heaven_BAD/IOS/BadOS TEST Misc Tools/App selecter.txt,sd_card_mirror/badusb/!repo/works_both/_unclassified/Bruce-Scripts-Heaven_BAD/IOS/BadOS TEST Misc Tools/App selecter.txt,works_both
sd_card_content/badusb_extra_payloads/_unclassified/Bruce-Scripts-Heaven_BAD/IOS/BadOS TEST Misc Tools/Switch App.txt,sd_card_mirror/badusb/!repo/works_both/_unclassified/Bruce-Scripts-Heaven_BAD/IOS/BadOS TEST Misc Tools/Switch App.txt,works_both
sd_card_content/badusb_extra_payloads/_unclassified/Bruce-Scripts-Heaven_BAD/IOS/BadOS TEST Misc Tools/Spotify Next Song.txt,sd_card_mirror/badusb/!repo/works_both/_unclassified/Bruce-Scripts-Heaven_BAD/IOS/BadOS TEST Misc Tools/Spotify Next Song.txt,works_both
sd_card_content/badusb_extra_payloads/_unclassified/Bruce-Scripts-Heaven_BAD/IOS/BadOS TEST Misc Tools/History Viewer.txt,sd_card_mirror/badusb/!repo/works_both/_unclassified/Bruce-Scripts-Heaven_BAD/IOS/BadOS TEST Misc Tools/History Viewer.txt,works_both
sd_card_content/badusb_extra_payloads/_unclassified/Bruce-Scripts-Heaven_BAD/IOS/BadOS TEST Misc Tools/Down Scroller.txt,sd_card_mirror/badusb/!repo/works_both/_unclassified/Bruce-Scripts-Heaven_BAD/IOS/BadOS TEST Misc Tools/Down Scroller.txt,works_both
sd_card_content/badusb_extra_payloads/_unclassified/Bruce-Scripts-Heaven_BAD/IOS/TextSomeOne/Text_Someone_Message_With_iPhone.txt,sd_card_mirror/badusb/!repo/works_both/_unclassified/Bruce-Scripts-Heaven_BAD/IOS/TextSomeOne/Text_Someone_Message_With_iPhone.txt,works_both
sd_card_content/badusb_extra_payloads/_unclassified/Bruce-Scripts-Heaven_BAD/Discord_FAQ/RM_FW_DL.txt,sd_card_mirror/badusb/!repo/works_both/_unclassified/Bruce-Scripts-Heaven_BAD/Discord_FAQ/RM_FW_DL.txt,works_both
sd_card_content/badusb_extra_payloads/_unclassified/Bruce-Scripts-Heaven_BAD/Discord_FAQ/Newbie_Guide.txt,sd_card_mirror/badusb/!repo/works_both/_unclassified/Bruce-Scripts-Heaven_BAD/Discord_FAQ/Newbie_Guide.txt,works_both
sd_card_content/badusb_extra_payloads/_unclassified/Bruce-Scripts-Heaven_BAD/Discord_FAQ/My_Flip_Repo.txt,sd_card_mirror/badusb/!repo/works_both/_unclassified/Bruce-Scripts-Heaven_BAD/Discord_FAQ/My_Flip_Repo.txt,works_both
sd_card_content/badusb_extra_payloads/_unclassified/Bruce-Scripts-Heaven_BAD/Discord_FAQ/HW_Trouble.txt,sd_card_mirror/badusb/!repo/works_both/_unclassified/Bruce-Scripts-Heaven_BAD/Discord_FAQ/HW_Trouble.txt,works_both
sd_card_content/badusb_extra_payloads/_unclassified/Bruce-Scripts-Heaven_BAD/Button/Button-example6.txt,sd_card_mirror/badusb/!repo/works_both/_unclassified/Bruce-Scripts-Heaven_BAD/Button/Button-example6.txt,works_both
sd_card_content/badusb_extra_payloads/_unclassified/Bruce-Scripts-Heaven_BAD/Button/Button-example2.txt,sd_card_mirror/badusb/!repo/works_both/_unclassified/Bruce-Scripts-Heaven_BAD/Button/Button-example2.txt,works_both
sd_card_content/badusb_extra_payloads/_unclassified/Bruce-Scripts-Heaven_BAD/Button/Button-example1.txt,sd_card_mirror/badusb/!repo/works_both/_unclassified/Bruce-Scripts-Heaven_BAD/Button/Button-example1.txt,works_both
sd_card_content/badusb_extra_payloads/_unclassified/Bruce-Scripts-Heaven_BAD/Button/Button-example9.txt,sd_card_mirror/badusb/!repo/works_both/_unclassified/Bruce-Scripts-Heaven_BAD/Button/Button-example9.txt,works_both
sd_card_content/badusb_extra_payloads/_unclassified/Bruce-Scripts-Heaven_BAD/Voice-Activated-DarkMode/Voice-Activated-DarkMode.txt,sd_card_mirror/badusb/!repo/works_both/_unclassified/Bruce-Scripts-Heaven_BAD/Voice-Activated-DarkMode/Voice-Activated-DarkMode.txt,works_both
sd_card_content/badusb_extra_payloads/_unclassified/Bruce-Scripts-Heaven_BAD/MacOS-Remap-Dvorak/payload.txt,sd_card_mirror/badusb/!repo/works_both/_unclassified/Bruce-Scripts-Heaven_BAD/MacOS-Remap-Dvorak/payload.txt,works_both
sd_card_content/badusb_extra_payloads/_unclassified/Bruce-Scripts-Heaven_BAD/ATTACKMODE/ATTACKMODE-example1.txt,sd_card_mirror/badusb/!repo/works_both/_unclassified/Bruce-Scripts-Heaven_BAD/ATTACKMODE/ATTACKMODE-example1.txt,works_both
sd_card_content/badusb_extra_payloads/_unclassified/Bruce-Scripts-Heaven_BAD/ATTACKMODE/ATTACKMODE-example2.txt,sd_card_mirror/badusb/!repo/works_both/_unclassified/Bruce-Scripts-Heaven_BAD/ATTACKMODE/ATTACKMODE-example2.txt,works_both
sd_card_content/badusb_extra_payloads/_unclassified/Bruce-Scripts-Heaven_BAD/$MFT-Duck-Crasher/payload.txt,sd_card_mirror/badusb/!repo/works_both/_unclassified/Bruce-Scripts-Heaven_BAD/$MFT-Duck-Crasher/payload.txt,works_both
sd_card_content/badusb_extra_payloads/_unclassified/Bruce-Scripts-Heaven_BAD/LAN-Tools/LAN-Tools.txt,sd_card_mirror/badusb/!repo/works_both/_unclassified/Bruce-Scripts-Heaven_BAD/LAN-Tools/LAN-Tools.txt,works_both
sd_card_content/badusb_extra_payloads/_unclassified/Bruce-Scripts-Heaven_BAD/Mouse-Clicks-Recorder/Mouse-Clicks-Recorder.txt,sd_card_mirror/badusb/!repo/works_both/_unclassified/Bruce-Scripts-Heaven_BAD/Mouse-Clicks-Recorder/Mouse-Clicks-Recorder.txt,works_both
sd_card_content/badusb_extra_payloads/_unclassified/Bruce-Scripts-Heaven_BAD/Make_Windows_performant_but_ugly_and_boring/payload.txt,sd_card_mirror/badusb/!repo/works_both/_unclassified/Bruce-Scripts-Heaven_BAD/Make_Windows_performant_but_ugly_and_boring/payload.txt,works_both
sd_card_content/badusb_extra_payloads/_unclassified/Bruce-Scripts-Heaven_BAD/Open4Gmail/payload.txt,sd_card_mirror/badusb/!repo/works_both/_unclassified/Bruce-Scripts-Heaven_BAD/Open4Gmail/payload.txt,works_both
sd_card_content/badusb_extra_payloads/_unclassified/Bruce-Scripts-Heaven_BAD/atomiczsec-BadUSB/FlipperZero/payloads/Water-UnMark/payload.txt,sd_card_mirror/badusb/!repo/works_both/_unclassified/Bruce-Scripts-Heaven_BAD/atomiczsec-BadUSB/FlipperZero/payloads/Water-UnMark/payload.txt,works_both
sd_card_content/badusb_extra_payloads/_unclassified/Bruce-Scripts-Heaven_BAD/Disable_Windows_Defender/payload.txt,sd_card_mirror/badusb/!repo/works_both/_unclassified/Bruce-Scripts-Heaven_BAD/Disable_Windows_Defender/payload.txt,works_both
sd_card_content/badusb_extra_payloads/_unclassified/Bruce-Scripts-Heaven_BAD/windows_repair/payload.txt,sd_card_mirror/badusb/!repo/works_both/_unclassified/Bruce-Scripts-Heaven_BAD/windows_repair/payload.txt,works_both
sd_card_content/badusb_extra_payloads/_unclassified/Bruce-Scripts-Heaven_BAD/-RD-PineApple/payload.txt,sd_card_mirror/badusb/!repo/works_both/_unclassified/Bruce-Scripts-Heaven_BAD/-RD-PineApple/payload.txt,works_both
sd_card_content/badusb_extra_payloads/_unclassified/Bruce-Scripts-Heaven_BAD/CloseAllApplicationsInWindows/script.py,sd_card_mirror/badusb/!repo/works_both/_unclassified/Bruce-Scripts-Heaven_BAD/CloseAllApplicationsInWindows/script.py,works_both
sd_card_content/badusb_extra_payloads/_unclassified/Bruce-Scripts-Heaven_BAD/Telegram-Infostealer/System-Info-to-Telegram.txt,sd_card_mirror/badusb/!repo/works_both/_unclassified/Bruce-Scripts-Heaven_BAD/Telegram-Infostealer/System-Info-to-Telegram.txt,works_both
sd_card_content/badusb_extra_payloads/_unclassified/Bruce-Scripts-Heaven_BAD/Water-UnMark/payload.txt,sd_card_mirror/badusb/!repo/works_both/_unclassified/Bruce-Scripts-Heaven_BAD/Water-UnMark/payload.txt,works_both
sd_card_content/badusb_extra_payloads/_unclassified/Bruce-Scripts-Heaven_BAD/Flip-PineApple/PineApple.txt,sd_card_mirror/badusb/!repo/works_both/_unclassified/Bruce-Scripts-Heaven_BAD/Flip-PineApple/PineApple.txt,works_both
sd_card_content/badusb_extra_payloads/_unclassified/Bruce-Scripts-Heaven_BAD/EnableSSH-Android/payload.txt,sd_card_mirror/badusb/!repo/works_both/_unclassified/Bruce-Scripts-Heaven_BAD/EnableSSH-Android/payload.txt,works_both
sd_card_content/badusb_extra_payloads/_unclassified/Bruce-Scripts-Heaven_BAD/RegDoor/payload.txt,sd_card_mirror/badusb/!repo/works_both/_unclassified/Bruce-Scripts-Heaven_BAD/RegDoor/payload.txt,works_both
sd_card_content/badusb_extra_payloads/_unclassified/Bruce-Scripts-Heaven_BAD/SoundChangeDuck/payload.txt,sd_card_mirror/badusb/!repo/works_both/_unclassified/Bruce-Scripts-Heaven_BAD/SoundChangeDuck/payload.txt,works_both
sd_card_content/badusb_extra_payloads/_unclassified/Bruce-Scripts-Heaven_BAD/-RD-SafeHaven/SafeHaven.txt,sd_card_mirror/badusb/!repo/works_both/_unclassified/Bruce-Scripts-Heaven_BAD/-RD-SafeHaven/SafeHaven.txt,works_both
sd_card_content/badusb_extra_payloads/_unclassified/Bruce-Scripts-Heaven_BAD/Flip-Subscribe/IWR-Subscribe.txt,sd_card_mirror/badusb/!repo/works_both/_unclassified/Bruce-Scripts-Heaven_BAD/Flip-Subscribe/IWR-Subscribe.txt,works_both
sd_card_content/badusb_extra_payloads/_unclassified/Bruce-Scripts-Heaven_BAD/MacOS/Execution/SetVolumeMax-MacOS/payload.txt,sd_card_mirror/badusb/!repo/works_both/_unclassified/Bruce-Scripts-Heaven_BAD/MacOS/Execution/SetVolumeMax-MacOS/payload.txt,works_both
sd_card_content/badusb_extra_payloads/_unclassified/Bruce-Scripts-Heaven_BAD/MEMZ-In-Powershell/MEMZ-In-Powershell.txt,sd_card_mirror/badusb/!repo/works_both/_unclassified/Bruce-Scripts-Heaven_BAD/MEMZ-In-Powershell/MEMZ-In-Powershell.txt,works_both
sd_card_content/badusb_extra_payloads/_unclassified/Bruce-Scripts-Heaven_BAD/DUCKY_REAPER/payload.txt,sd_card_mirror/badusb/!repo/works_both/_unclassified/Bruce-Scripts-Heaven_BAD/DUCKY_REAPER/payload.txt,works_both
sd_card_content/badusb_extra_payloads/_unclassified/Bruce-Scripts-Heaven_BAD/Uvnc-Remote-Desktop/Uvnc-Remote-Desktop.txt,sd_card_mirror/badusb/!repo/works_both/_unclassified/Bruce-Scripts-Heaven_BAD/Uvnc-Remote-Desktop/Uvnc-Remote-Desktop.txt,works_both
sd_card_content/badusb_extra_payloads/_unclassified/Bruce-Scripts-Heaven_BAD/omg-payloads-master/payloads/library/execution/shell_trigger/payload.txt,sd_card_mirror/badusb/!repo/works_both/_unclassified/Bruce-Scripts-Heaven_BAD/omg-payloads-master/payloads/library/execution/shell_trigger/payload.txt,works_both
sd_card_content/badusb_extra_payloads/_unclassified/Bruce-Scripts-Heaven_BAD/omg-payloads-master/payloads/library/execution/CAPSLOCK_DISABLE/payload.txt,sd_card_mirror/badusb/!repo/works_both/_unclassified/Bruce-Scripts-Heaven_BAD/omg-payloads-master/payloads/library/execution/CAPSLOCK_DISABLE/payload.txt,works_both
sd_card_content/badusb_extra_payloads/_unclassified/Bruce-Scripts-Heaven_BAD/omg-payloads-master/payloads/library/execution/Starting_a_PowerShell_with_administrator_permissions_in_Windows/payload.txt,sd_card_mirror/badusb/!repo/works_both/_unclassified/Bruce-Scripts-Heaven_BAD/omg-payloads-master/payloads/library/execution/Starting_a_PowerShell_with_administrator_permissions_in_Windows/payload.txt,works_both
sd_card_content/badusb_extra_payloads/_unclassified/Bruce-Scripts-Heaven_BAD/omg-payloads-master/payloads/library/execution/Add_Local_Admin/payload.txt,sd_card_mirror/badusb/!repo/works_both/_unclassified/Bruce-Scripts-Heaven_BAD/omg-payloads-master/payloads/library/execution/Add_Local_Admin/payload.txt,works_both
sd_card_content/badusb_extra_payloads/_unclassified/Bruce-Scripts-Heaven_BAD/omg-payloads-master/payloads/library/execution/Make_Windows_performant_but_ugly_and_boring/payload.txt,sd_card_mirror/badusb/!repo/works_both/_unclassified/Bruce-Scripts-Heaven_BAD/omg-payloads-master/payloads/library/execution/Make_Windows_performant_but_ugly_and_boring/payload.txt,works_both
sd_card_content/badusb_extra_payloads/_unclassified/Bruce-Scripts-Heaven_BAD/omg-payloads-master/payloads/library/execution/swap_jack/payload.txt,sd_card_mirror/badusb/!repo/works_both/_unclassified/Bruce-Scripts-Heaven_BAD/omg-payloads-master/payloads/library/execution/swap_jack/payload.txt,works_both
sd_card_content/badusb_extra_payloads/_unclassified/Bruce-Scripts-Heaven_BAD/omg-payloads-master/payloads/library/execution/keyboard_hangover/payload.txt,sd_card_mirror/badusb/!repo/works_both/_unclassified/Bruce-Scripts-Heaven_BAD/omg-payloads-master/payloads/library/execution/keyboard_hangover/payload.txt,works_both
sd_card_content/badusb_extra_payloads/_unclassified/Bruce-Scripts-Heaven_BAD/omg-payloads-master/payloads/library/execution/browser_execOMG/payload.txt,sd_card_mirror/badusb/!repo/works_both/_unclassified/Bruce-Scripts-Heaven_BAD/omg-payloads-master/payloads/library/execution/browser_execOMG/payload.txt,works_both
sd_card_content/badusb_extra_payloads/_unclassified/Bruce-Scripts-Heaven_BAD/omg-payloads-master/payloads/library/mobile/ios/iOS-Create-Contact/payload.txt,sd_card_mirror/badusb/!repo/works_both/_unclassified/Bruce-Scripts-Heaven_BAD/omg-payloads-master/payloads/library/mobile/ios/iOS-Create-Contact/payload.txt,works_both
sd_card_content/badusb_extra_payloads/_unclassified/Bruce-Scripts-Heaven_BAD/omg-payloads-master/payloads/library/mobile/ios/Simple-iOS-Link-Opener/payload.txt,sd_card_mirror/badusb/!repo/works_both/_unclassified/Bruce-Scripts-Heaven_BAD/omg-payloads-master/payloads/library/mobile/ios/Simple-iOS-Link-Opener/payload.txt,works_both
sd_card_content/badusb_extra_payloads/_unclassified/Bruce-Scripts-Heaven_BAD/omg-payloads-master/payloads/library/mobile/ios/iOS-Ryan-Ranalds-SS/payload.txt,sd_card_mirror/badusb/!repo/works_both/_unclassified/Bruce-Scripts-Heaven_BAD/omg-payloads-master/payloads/library/mobile/ios/iOS-Ryan-Ranalds-SS/payload.txt,works_both
sd_card_content/badusb_extra_payloads/_unclassified/Bruce-Scripts-Heaven_BAD/omg-payloads-master/payloads/library/mobile/ios/iOS-Send-Email/iOS-Send-Email.txt,sd_card_mirror/badusb/!repo/works_both/_unclassified/Bruce-Scripts-Heaven_BAD/omg-payloads-master/payloads/library/mobile/ios/iOS-Send-Email/iOS-Send-Email.txt,works_both
sd_card_content/badusb_extra_payloads/_unclassified/Bruce-Scripts-Heaven_BAD/omg-payloads-master/payloads/library/mobile/ios/iOS-Hook-Browser/payload.txt,sd_card_mirror/badusb/!repo/works_both/_unclassified/Bruce-Scripts-Heaven_BAD/omg-payloads-master/payloads/library/mobile/ios/iOS-Hook-Browser/payload.txt,works_both
sd_card_content/badusb_extra_payloads/_unclassified/Bruce-Scripts-Heaven_BAD/omg-payloads-master/payloads/library/mobile/ios/iOS-FullKeboardAccess/payload.txt,sd_card_mirror/badusb/!repo/works_both/_unclassified/Bruce-Scripts-Heaven_BAD/omg-payloads-master/payloads/library/mobile/ios/iOS-FullKeboardAccess/payload.txt,works_both
sd_card_content/badusb_extra_payloads/_unclassified/Bruce-Scripts-Heaven_BAD/omg-payloads-master/payloads/library/mobile/ios/iOS-Send-Text/iOS-Send-Text.txt,sd_card_mirror/badusb/!repo/works_both/_unclassified/Bruce-Scripts-Heaven_BAD/omg-payloads-master/payloads/library/mobile/ios/iOS-Send-Text/iOS-Send-Text.txt,works_both
sd_card_content/badusb_extra_payloads/_unclassified/Bruce-Scripts-Heaven_BAD/omg-payloads-master/payloads/library/mobile/ios/Simple-IOS-Profile-Downloader/payload.txt,sd_card_mirror/badusb/!repo/works_both/_unclassified/Bruce-Scripts-Heaven_BAD/omg-payloads-master/payloads/library/mobile/ios/Simple-IOS-Profile-Downloader/payload.txt,works_both
sd_card_content/badusb_extra_payloads/_unclassified/Bruce-Scripts-Heaven_BAD/omg-payloads-master/payloads/library/incident_response/Defend_yourself_against_CVE-2023-36884_Office_and_Windows_HTML_R/payload.txt,sd_card_mirror/badusb/!repo/works_both/_unclassified/Bruce-Scripts-Heaven_BAD/omg-payloads-master/payloads/library/incident_response/Defend_yourself_against_CVE-2023-36884_Office_and_Windows_HTML_R/payload.txt,works_both
sd_card_content/badusb_extra_payloads/_unclassified/Bruce-Scripts-Heaven_BAD/omg-payloads-master/payloads/library/general/PowerShell_Administrator/payload.txt,sd_card_mirror/badusb/!repo/works_both/_unclassified/Bruce-Scripts-Heaven_BAD/omg-payloads-master/payloads/library/general/PowerShell_Administrator/payload.txt,works_both
sd_card_content/badusb_extra_payloads/_unclassified/Bruce-Scripts-Heaven_BAD/Phone/apps-crash.txt,sd_card_mirror/badusb/!repo/works_both/_unclassified/Bruce-Scripts-Heaven_BAD/Phone/apps-crash.txt,works_both
sd_card_content/badusb_extra_payloads/_unclassified/Bruce-Scripts-Heaven_BAD/Phone/4PinCracker.txt,sd_card_mirror/badusb/!repo/works_both/_unclassified/Bruce-Scripts-Heaven_BAD/Phone/4PinCracker.txt,works_both
sd_card_content/badusb_extra_payloads/_unclassified/Bruce-Scripts-Heaven_BAD/Phone/pincode.txt,sd_card_mirror/badusb/!repo/works_both/_unclassified/Bruce-Scripts-Heaven_BAD/Phone/pincode.txt,works_both
sd_card_content/badusb_extra_payloads/_unclassified/Bruce-Scripts-Heaven_BAD/Phone/Shutdown Win11.txt,sd_card_mirror/badusb/!repo/works_both/_unclassified/Bruce-Scripts-Heaven_BAD/Phone/Shutdown Win11.txt,works_both
sd_card_content/badusb_extra_payloads/_unclassified/Bruce-Scripts-Heaven_BAD/Phone/6digitCracker.txt,sd_card_mirror/badusb/!repo/works_both/_unclassified/Bruce-Scripts-Heaven_BAD/Phone/6digitCracker.txt,works_both
sd_card_content/badusb_extra_payloads/_unclassified/Bruce-Scripts-Heaven_BAD/Phone/blockator-Phone.txt,sd_card_mirror/badusb/!repo/works_both/_unclassified/Bruce-Scripts-Heaven_BAD/Phone/blockator-Phone.txt,works_both
sd_card_content/badusb_extra_payloads/_unclassified/Bruce-Scripts-Heaven_BAD/Phone/IPhone/GUI SPACE REPEAT.txt,sd_card_mirror/badusb/!repo/works_both/_unclassified/Bruce-Scripts-Heaven_BAD/Phone/IPhone/GUI SPACE REPEAT.txt,works_both
sd_card_content/badusb_extra_payloads/_unclassified/Bruce-Scripts-Heaven_BAD/Phone/IPhone/open-website.txt,sd_card_mirror/badusb/!repo/works_both/_unclassified/Bruce-Scripts-Heaven_BAD/Phone/IPhone/open-website.txt,works_both
sd_card_content/badusb_extra_payloads/_unclassified/Bruce-Scripts-Heaven_BAD/Phone/IPhone/iphone GUI lag out.txt,sd_card_mirror/badusb/!repo/works_both/_unclassified/Bruce-Scripts-Heaven_BAD/Phone/IPhone/iphone GUI lag out.txt,works_both
sd_card_content/badusb_extra_payloads/_unclassified/Bruce-Scripts-Heaven_BAD/Phone/IPhone/URL-spam-sms.txt,sd_card_mirror/badusb/!repo/works_both/_unclassified/Bruce-Scripts-Heaven_BAD/Phone/IPhone/URL-spam-sms.txt,works_both
sd_card_content/badusb_extra_payloads/_unclassified/Bruce-Scripts-Heaven_BAD/Phone/IPhone/open_website.txt,sd_card_mirror/badusb/!repo/works_both/_unclassified/Bruce-Scripts-Heaven_BAD/Phone/IPhone/open_website.txt,works_both
sd_card_content/badusb_extra_payloads/_unclassified/Bruce-Scripts-Heaven_BAD/Phone/flipper_only/signout_CHROMEOS.txt,sd_card_mirror/badusb/!repo/flipper_only/_unclassified/Bruce-Scripts-Heaven_BAD/Phone/flipper_only/signout_CHROMEOS.txt,flipper_only
sd_card_content/badusb_extra_payloads/_unclassified/Bruce-Scripts-Heaven_BAD/Phone/Android/open_website_incognitomode.txt,sd_card_mirror/badusb/!repo/works_both/_unclassified/Bruce-Scripts-Heaven_BAD/Phone/Android/open_website_incognitomode.txt,works_both
sd_card_content/badusb_extra_payloads/_unclassified/Bruce-Scripts-Heaven_BAD/chromeOS/signoutinput.txt,sd_card_mirror/badusb/!repo/works_both/_unclassified/Bruce-Scripts-Heaven_BAD/chromeOS/signoutinput.txt,works_both
sd_card_content/badusb_extra_payloads/_unclassified/Bruce-Scripts-Heaven_BAD/chromeOS/shutdown.txt,sd_card_mirror/badusb/!repo/works_both/_unclassified/Bruce-Scripts-Heaven_BAD/chromeOS/shutdown.txt,works_both
sd_card_content/badusb_extra_payloads/_unclassified/Bruce-Scripts-Heaven_BAD/chromeOS/arabic.txt,sd_card_mirror/badusb/!repo/works_both/_unclassified/Bruce-Scripts-Heaven_BAD/chromeOS/arabic.txt,works_both
sd_card_content/badusb_extra_payloads/_unclassified/Bruce-Scripts-Heaven_BAD/chromeOS/brainly.txt,sd_card_mirror/badusb/!repo/works_both/_unclassified/Bruce-Scripts-Heaven_BAD/chromeOS/brainly.txt,works_both
sd_card_content/badusb_extra_payloads/_unclassified/Bruce-Scripts-Heaven_BAD/chromeOS/closetest.txt,sd_card_mirror/badusb/!repo/works_both/_unclassified/Bruce-Scripts-Heaven_BAD/chromeOS/closetest.txt,works_both
sd_card_content/badusb_extra_payloads/_unclassified/Bruce-Scripts-Heaven_BAD/chromeOS/langfuck.txt,sd_card_mirror/badusb/!repo/works_both/_unclassified/Bruce-Scripts-Heaven_BAD/chromeOS/langfuck.txt,works_both
sd_card_content/badusb_extra_payloads/_unclassified/Bruce-Scripts-Heaven_BAD/chromeOS/signout.txt,sd_card_mirror/badusb/!repo/works_both/_unclassified/Bruce-Scripts-Heaven_BAD/chromeOS/signout.txt,works_both
sd_card_content/badusb_extra_payloads/_unclassified/Bruce-Scripts-Heaven_BAD/chromeOS/shutdowninput.txt,sd_card_mirror/badusb/!repo/works_both/_unclassified/Bruce-Scripts-Heaven_BAD/chromeOS/shutdowninput.txt,works_both
sd_card_content/badusb_extra_payloads/_unclassified/Bruce-Scripts-Heaven_BAD/chromeOS/wip/brainynew.txt,sd_card_mirror/badusb/!repo/works_both/_unclassified/Bruce-Scripts-Heaven_BAD/chromeOS/wip/brainynew.txt,works_both
sd_card_content/badusb_extra_payloads/_unclassified/Bruce-Scripts-Heaven_BAD/chromeOS/wip/arabicnew.txt,sd_card_mirror/badusb/!repo/works_both/_unclassified/Bruce-Scripts-Heaven_BAD/chromeOS/wip/arabicnew.txt,works_both
sd_card_content/badusb_extra_payloads/_unclassified/Bruce-Scripts-Heaven_BAD/chromeOS/wip/closetestnew.txt,sd_card_mirror/badusb/!repo/works_both/_unclassified/Bruce-Scripts-Heaven_BAD/chromeOS/wip/closetestnew.txt,works_both
sd_card_content/badusb_extra_payloads/_unclassified/Bruce-Scripts-Heaven_BAD/Defend_yourself_against_CVE-2023-36884_Office_and_Windows_HTML_R/payload.txt,sd_card_mirror/badusb/!repo/works_both/_unclassified/Bruce-Scripts-Heaven_BAD/Defend_yourself_against_CVE-2023-36884_Office_and_Windows_HTML_R/payload.txt,works_both
sd_card_content/badusb_extra_payloads/_unclassified/Bruce-Scripts-Heaven_BAD/BadBLE's by Unknown/Annoyer.txt,sd_card_mirror/badusb/!repo/works_both/_unclassified/Bruce-Scripts-Heaven_BAD/BadBLE's by Unknown/Annoyer.txt,works_both
sd_card_content/badusb_extra_payloads/_unclassified/Bruce-Scripts-Heaven_BAD/BadBLE's by Unknown/Lagger.txt,sd_card_mirror/badusb/!repo/works_both/_unclassified/Bruce-Scripts-Heaven_BAD/BadBLE's by Unknown/Lagger.txt,works_both
sd_card_content/badusb_extra_payloads/_unclassified/Bruce-Scripts-Heaven_BAD/BadBLE's by Unknown/Shutdown.txt,sd_card_mirror/badusb/!repo/works_both/_unclassified/Bruce-Scripts-Heaven_BAD/BadBLE's by Unknown/Shutdown.txt,works_both
sd_card_content/badusb_extra_payloads/_unclassified/Bruce-Scripts-Heaven_BAD/Open_website/Open_website.txt,sd_card_mirror/badusb/!repo/works_both/_unclassified/Bruce-Scripts-Heaven_BAD/Open_website/Open_website.txt,works_both
sd_card_content/badusb_extra_payloads/_unclassified/Bruce-Scripts-Heaven_BAD/general/jiggler.txt,sd_card_mirror/badusb/!repo/works_both/_unclassified/Bruce-Scripts-Heaven_BAD/general/jiggler.txt,works_both
sd_card_content/badusb_extra_payloads/_unclassified/Bruce-Scripts-Heaven_BAD/general/GitHub-Star.txt,sd_card_mirror/badusb/!repo/works_both/_unclassified/Bruce-Scripts-Heaven_BAD/general/GitHub-Star.txt,works_both
sd_card_content/badusb_extra_payloads/_unclassified/Bruce-Scripts-Heaven_BAD/general/Win/Water-UnMark/payload.txt,sd_card_mirror/badusb/!repo/works_both/_unclassified/Bruce-Scripts-Heaven_BAD/general/Win/Water-UnMark/payload.txt,works_both
sd_card_content/badusb_extra_payloads/_unclassified/Bruce-Scripts-Heaven_BAD/BadUSB/Awesome_Flipper_OSX.txt,sd_card_mirror/badusb/!repo/works_both/_unclassified/Bruce-Scripts-Heaven_BAD/BadUSB/Awesome_Flipper_OSX.txt,works_both
sd_card_content/badusb_extra_payloads/_unclassified/Bruce-Scripts-Heaven_BAD/BadUSB/265_4_Digit_Pin_BF.txt,sd_card_mirror/badusb/!repo/works_both/_unclassified/Bruce-Scripts-Heaven_BAD/BadUSB/265_4_Digit_Pin_BF.txt,works_both
sd_card_content/badusb_extra_payloads/_unclassified/Bruce-Scripts-Heaven_BAD/BadUSB/1_minute_to_sleep.txt,sd_card_mirror/badusb/!repo/works_both/_unclassified/Bruce-Scripts-Heaven_BAD/BadUSB/1_minute_to_sleep.txt,works_both
sd_card_content/badusb_extra_payloads/_unclassified/Bruce-Scripts-Heaven_BAD/BadUSB/UNC0V3R3D-BadUSB-Collection/CODE_OF_CONDUCT.md,sd_card_mirror/badusb/!repo/works_both/_unclassified/Bruce-Scripts-Heaven_BAD/BadUSB/UNC0V3R3D-BadUSB-Collection/CODE_OF_CONDUCT.md,works_both
sd_card_content/badusb_extra_payloads/_unclassified/Bruce-Scripts-Heaven_BAD/BadUSB/UNC0V3R3D-BadUSB-Collection/license.md,sd_card_mirror/badusb/!repo/works_both/_unclassified/Bruce-Scripts-Heaven_BAD/BadUSB/UNC0V3R3D-BadUSB-Collection/license.md,works_both
sd_card_content/badusb_extra_payloads/_unclassified/Bruce-Scripts-Heaven_BAD/BadUSB/UNC0V3R3D-BadUSB-Collection/SECURITY.md,sd_card_mirror/badusb/!repo/works_both/_unclassified/Bruce-Scripts-Heaven_BAD/BadUSB/UNC0V3R3D-BadUSB-Collection/SECURITY.md,works_both
sd_card_content/badusb_extra_payloads/_unclassified/Bruce-Scripts-Heaven_BAD/BadUSB/UNC0V3R3D-BadUSB-Collection/Windows_Badusb/FUN/End_Processes/end_processes.txt,sd_card_mirror/badusb/!repo/works_both/_unclassified/Bruce-Scripts-Heaven_BAD/BadUSB/UNC0V3R3D-BadUSB-Collection/Windows_Badusb/FUN/End_Processes/end_processes.txt,works_both
sd_card_content/badusb_extra_payloads/_unclassified/Bruce-Scripts-Heaven_BAD/BadUSB/UNC0V3R3D-BadUSB-Collection/Windows_Badusb/FUN/Deactivate_Networkadapters/deactivate_networkadapters.txt,sd_card_mirror/badusb/!repo/works_both/_unclassified/Bruce-Scripts-Heaven_BAD/BadUSB/UNC0V3R3D-BadUSB-Collection/Windows_Badusb/FUN/Deactivate_Networkadapters/deactivate_networkadapters.txt,works_both
sd_card_content/badusb_extra_payloads/_unclassified/Bruce-Scripts-Heaven_BAD/BadUSB/UNC0V3R3D-BadUSB-Collection/Windows_Badusb/FUN/Change_Zoom/change_dpi150.txt,sd_card_mirror/badusb/!repo/works_both/_unclassified/Bruce-Scripts-Heaven_BAD/BadUSB/UNC0V3R3D-BadUSB-Collection/Windows_Badusb/FUN/Change_Zoom/change_dpi150.txt,works_both
sd_card_content/badusb_extra_payloads/_unclassified/Bruce-Scripts-Heaven_BAD/BadUSB/UNC0V3R3D-BadUSB-Collection/Windows_Badusb/FUN/Rotate_Monitor/monitor_rotation.txt,sd_card_mirror/badusb/!repo/works_both/_unclassified/Bruce-Scripts-Heaven_BAD/BadUSB/UNC0V3R3D-BadUSB-Collection/Windows_Badusb/FUN/Rotate_Monitor/monitor_rotation.txt,works_both
sd_card_content/badusb_extra_payloads/_unclassified/Bruce-Scripts-Heaven_BAD/BadUSB/UNC0V3R3D-BadUSB-Collection/Windows_Badusb/FUN/ComputerTalks/ComputerTalks.txt,sd_card_mirror/badusb/!repo/works_both/_unclassified/Bruce-Scripts-Heaven_BAD/BadUSB/UNC0V3R3D-BadUSB-Collection/Windows_Badusb/FUN/ComputerTalks/ComputerTalks.txt,works_both
sd_card_content/badusb_extra_payloads/_unclassified/Bruce-Scripts-Heaven_BAD/BadUSB/UNC0V3R3D-BadUSB-Collection/iPhone_Badusb/open-website/iPhone_open_website.txt,sd_card_mirror/badusb/!repo/works_both/_unclassified/Bruce-Scripts-Heaven_BAD/BadUSB/UNC0V3R3D-BadUSB-Collection/iPhone_Badusb/open-website/iPhone_open_website.txt,works_both
sd_card_content/badusb_extra_payloads/_unclassified/Bruce-Scripts-Heaven_BAD/BadUSB/FLIZZ3R/EMERGENKEY_FZR.txt,sd_card_mirror/badusb/!repo/works_both/_unclassified/Bruce-Scripts-Heaven_BAD/BadUSB/FLIZZ3R/EMERGENKEY_FZR.txt,works_both
sd_card_content/badusb_extra_payloads/_unclassified/Bruce-Scripts-Heaven_BAD/BadUSB/Water-UnMark/payload.txt,sd_card_mirror/badusb/!repo/works_both/_unclassified/Bruce-Scripts-Heaven_BAD/BadUSB/Water-UnMark/payload.txt,works_both
sd_card_content/badusb_extra_payloads/_unclassified/Bruce-Scripts-Heaven_BAD/BadUSB/BadUSB-MarkCyber/Emails/EmailSender.txt,sd_card_mirror/badusb/!repo/works_both/_unclassified/Bruce-Scripts-Heaven_BAD/BadUSB/BadUSB-MarkCyber/Emails/EmailSender.txt,works_both
sd_card_content/badusb_extra_payloads/_unclassified/Bruce-Scripts-Heaven_BAD/BadUSB/Emails/EmailSender.txt,sd_card_mirror/badusb/!repo/works_both/_unclassified/Bruce-Scripts-Heaven_BAD/BadUSB/Emails/EmailSender.txt,works_both
sd_card_content/badusb_extra_payloads/_unclassified/Bruce-Scripts-Heaven_BAD/BadUSB/Emails/EmailScriptGenerator.py,sd_card_mirror/badusb/!repo/works_both/_unclassified/Bruce-Scripts-Heaven_BAD/BadUSB/Emails/EmailScriptGenerator.py,works_both
sd_card_content/badusb_extra_payloads/_unclassified/Bruce-Scripts-Heaven_BAD/Conditions/Conditions-example6.txt,sd_card_mirror/badusb/!repo/works_both/_unclassified/Bruce-Scripts-Heaven_BAD/Conditions/Conditions-example6.txt,works_both
sd_card_content/badusb_extra_payloads/_unclassified/Bruce-Scripts-Heaven_BAD/Flip-PS-Draw/PS-Draw.txt,sd_card_mirror/badusb/!repo/works_both/_unclassified/Bruce-Scripts-Heaven_BAD/Flip-PS-Draw/PS-Draw.txt,works_both
sd_card_content/badusb_extra_payloads/_unclassified/Bruce-Scripts-Heaven_BAD/USB-Poison/USB-Poison.txt,sd_card_mirror/badusb/!repo/works_both/_unclassified/Bruce-Scripts-Heaven_BAD/USB-Poison/USB-Poison.txt,works_both
sd_card_content/badusb_extra_payloads/_unclassified/Bruce-Scripts-Heaven_BAD/Flip-We-Found-You/We-Found-You.txt,sd_card_mirror/badusb/!repo/works_both/_unclassified/Bruce-Scripts-Heaven_BAD/Flip-We-Found-You/We-Found-You.txt,works_both
sd_card_content/badusb_extra_payloads/_unclassified/Bruce-Scripts-Heaven_BAD/UNC0V3R3D-BadUSB/BadUsb-Collection/Windows_Badusb/ASCII/DownLoadAscii/happyBday.txt,sd_card_mirror/badusb/!repo/works_both/_unclassified/Bruce-Scripts-Heaven_BAD/UNC0V3R3D-BadUSB/BadUsb-Collection/Windows_Badusb/ASCII/DownLoadAscii/happyBday.txt,works_both
sd_card_content/badusb_extra_payloads/_unclassified/Bruce-Scripts-Heaven_BAD/UNC0V3R3D-BadUSB/BadUsb-Collection/Windows_Badusb/ASCII/DownLoadAscii/memelaugh.txt,sd_card_mirror/badusb/!repo/works_both/_unclassified/Bruce-Scripts-Heaven_BAD/UNC0V3R3D-BadUSB/BadUsb-Collection/Windows_Badusb/ASCII/DownLoadAscii/memelaugh.txt,works_both
sd_card_content/badusb_extra_payloads/_unclassified/Bruce-Scripts-Heaven_BAD/UNC0V3R3D-BadUSB/BadUsb-Collection/Windows_Badusb/ASCII/DownLoadAscii/mrbeanagain.txt,sd_card_mirror/badusb/!repo/works_both/_unclassified/Bruce-Scripts-Heaven_BAD/UNC0V3R3D-BadUSB/BadUsb-Collection/Windows_Badusb/ASCII/DownLoadAscii/mrbeanagain.txt,works_both
sd_card_content/badusb_extra_payloads/_unclassified/Bruce-Scripts-Heaven_BAD/UNC0V3R3D-BadUSB/BadUsb-Collection/Windows_Badusb/ASCII/DownLoadAscii/mrbean.txt,sd_card_mirror/badusb/!repo/works_both/_unclassified/Bruce-Scripts-Heaven_BAD/UNC0V3R3D-BadUSB/BadUsb-Collection/Windows_Badusb/ASCII/DownLoadAscii/mrbean.txt,works_both
sd_card_content/badusb_extra_payloads/_unclassified/Bruce-Scripts-Heaven_BAD/UNC0V3R3D-BadUSB/BadUsb-Collection/Windows_Badusb/ASCII/DownLoadAscii/trollface2.txt,sd_card_mirror/badusb/!repo/works_both/_unclassified/Bruce-Scripts-Heaven_BAD/UNC0V3R3D-BadUSB/BadUsb-Collection/Windows_Badusb/ASCII/DownLoadAscii/trollface2.txt,works_both
sd_card_content/badusb_extra_payloads/_unclassified/Bruce-Scripts-Heaven_BAD/UNC0V3R3D-BadUSB/BadUsb-Collection/Windows_Badusb/ASCII/DownLoadAscii/pepefrog.txt,sd_card_mirror/badusb/!repo/works_both/_unclassified/Bruce-Scripts-Heaven_BAD/UNC0V3R3D-BadUSB/BadUsb-Collection/Windows_Badusb/ASCII/DownLoadAscii/pepefrog.txt,works_both
sd_card_content/badusb_extra_payloads/_unclassified/Bruce-Scripts-Heaven_BAD/UNC0V3R3D-BadUSB/BadUsb-Collection/Windows_Badusb/ASCII/DownLoadAscii/ok.txt,sd_card_mirror/badusb/!repo/works_both/_unclassified/Bruce-Scripts-Heaven_BAD/UNC0V3R3D-BadUSB/BadUsb-Collection/Windows_Badusb/ASCII/DownLoadAscii/ok.txt,works_both
sd_card_content/badusb_extra_payloads/_unclassified/Bruce-Scripts-Heaven_BAD/UNC0V3R3D-BadUSB/BadUsb-Collection/Windows_Badusb/ASCII/DownLoadAscii/trollface3.txt,sd_card_mirror/badusb/!repo/works_both/_unclassified/Bruce-Scripts-Heaven_BAD/UNC0V3R3D-BadUSB/BadUsb-Collection/Windows_Badusb/ASCII/DownLoadAscii/trollface3.txt,works_both
sd_card_content/badusb_extra_payloads/_unclassified/Bruce-Scripts-Heaven_BAD/UNC0V3R3D-BadUSB/BadUsb-Collection/Windows_Badusb/ASCII/DownLoadAscii/stormtrooper.txt,sd_card_mirror/badusb/!repo/works_both/_unclassified/Bruce-Scripts-Heaven_BAD/UNC0V3R3D-BadUSB/BadUsb-Collection/Windows_Badusb/ASCII/DownLoadAscii/stormtrooper.txt,works_both
sd_card_content/badusb_extra_payloads/_unclassified/Bruce-Scripts-Heaven_BAD/UNC0V3R3D-BadUSB/BadUsb-Collection/Windows_Badusb/ASCII/DownLoadAscii/ghostbuster.txt,sd_card_mirror/badusb/!repo/works_both/_unclassified/Bruce-Scripts-Heaven_BAD/UNC0V3R3D-BadUSB/BadUsb-Collection/Windows_Badusb/ASCII/DownLoadAscii/ghostbuster.txt,works_both
sd_card_content/badusb_extra_payloads/_unclassified/Bruce-Scripts-Heaven_BAD/UNC0V3R3D-BadUSB/BadUsb-Collection/Windows_Badusb/ASCII/DownLoadAscii/koolaid.txt,sd_card_mirror/badusb/!repo/works_both/_unclassified/Bruce-Scripts-Heaven_BAD/UNC0V3R3D-BadUSB/BadUsb-Collection/Windows_Badusb/ASCII/DownLoadAscii/koolaid.txt,works_both
sd_card_content/badusb_extra_payloads/_unclassified/Bruce-Scripts-Heaven_BAD/UNC0V3R3D-BadUSB/BadUsb-Collection/Windows_Badusb/ASCII/DownLoadAscii/trollfaceDANCE.txt,sd_card_mirror/badusb/!repo/works_both/_unclassified/Bruce-Scripts-Heaven_BAD/UNC0V3R3D-BadUSB/BadUsb-Collection/Windows_Badusb/ASCII/DownLoadAscii/trollfaceDANCE.txt,works_both
sd_card_content/badusb_extra_payloads/_unclassified/Bruce-Scripts-Heaven_BAD/UNC0V3R3D-BadUSB/BadUsb-Collection/Windows_Badusb/ASCII/DownLoadAscii/indian-tech-support.txt,sd_card_mirror/badusb/!repo/works_both/_unclassified/Bruce-Scripts-Heaven_BAD/UNC0V3R3D-BadUSB/BadUsb-Collection/Windows_Badusb/ASCII/DownLoadAscii/indian-tech-support.txt,works_both
sd_card_content/badusb_extra_payloads/_unclassified/Bruce-Scripts-Heaven_BAD/UNC0V3R3D-BadUSB/BadUsb-Collection/Windows_Badusb/ASCII/DownLoadAscii/pepefat.txt,sd_card_mirror/badusb/!repo/works_both/_unclassified/Bruce-Scripts-Heaven_BAD/UNC0V3R3D-BadUSB/BadUsb-Collection/Windows_Badusb/ASCII/DownLoadAscii/pepefat.txt,works_both
sd_card_content/badusb_extra_payloads/_unclassified/Bruce-Scripts-Heaven_BAD/UNC0V3R3D-BadUSB/BadUsb-Collection/Windows_Badusb/ASCII/DownLoadAscii/riddle.txt,sd_card_mirror/badusb/!repo/works_both/_unclassified/Bruce-Scripts-Heaven_BAD/UNC0V3R3D-BadUSB/BadUsb-Collection/Windows_Badusb/ASCII/DownLoadAscii/riddle.txt,works_both
sd_card_content/badusb_extra_payloads/_unclassified/Bruce-Scripts-Heaven_BAD/UNC0V3R3D-BadUSB/BadUsb-Collection/Windows_Badusb/ASCII/DownLoadAscii/trollface.txt,sd_card_mirror/badusb/!repo/works_both/_unclassified/Bruce-Scripts-Heaven_BAD/UNC0V3R3D-BadUSB/BadUsb-Collection/Windows_Badusb/ASCII/DownLoadAscii/trollface.txt,works_both
sd_card_content/badusb_extra_payloads/_unclassified/Bruce-Scripts-Heaven_BAD/UNC0V3R3D-BadUSB/BadUsb-Collection/Windows_Badusb/ASCII/Selfwriting/PepeThonkASCII.txt,sd_card_mirror/badusb/!repo/works_both/_unclassified/Bruce-Scripts-Heaven_BAD/UNC0V3R3D-BadUSB/BadUsb-Collection/Windows_Badusb/ASCII/Selfwriting/PepeThonkASCII.txt,works_both
sd_card_content/badusb_extra_payloads/_unclassified/Bruce-Scripts-Heaven_BAD/UNC0V3R3D-BadUSB/BadUsb-Collection/Windows_Badusb/ASCII/Selfwriting/Hacked.txt,sd_card_mirror/badusb/!repo/works_both/_unclassified/Bruce-Scripts-Heaven_BAD/UNC0V3R3D-BadUSB/BadUsb-Collection/Windows_Badusb/ASCII/Selfwriting/Hacked.txt,works_both
sd_card_content/badusb_extra_payloads/_unclassified/Bruce-Scripts-Heaven_BAD/UNC0V3R3D-BadUSB/BadUsb-Collection/Windows_Badusb/ASCII/Selfwriting/PepeWowASCII.txt,sd_card_mirror/badusb/!repo/works_both/_unclassified/Bruce-Scripts-Heaven_BAD/UNC0V3R3D-BadUSB/BadUsb-Collection/Windows_Badusb/ASCII/Selfwriting/PepeWowASCII.txt,works_both
sd_card_content/badusb_extra_payloads/_unclassified/Bruce-Scripts-Heaven_BAD/UNC0V3R3D-BadUSB/BadUsb-Collection/Windows_Badusb/ASCII/Selfwriting/AnonymousASCII.txt,sd_card_mirror/badusb/!repo/works_both/_unclassified/Bruce-Scripts-Heaven_BAD/UNC0V3R3D-BadUSB/BadUsb-Collection/Windows_Badusb/ASCII/Selfwriting/AnonymousASCII.txt,works_both
sd_card_content/badusb_extra_payloads/_unclassified/Bruce-Scripts-Heaven_BAD/UNC0V3R3D-BadUSB/BadUsb-Collection/Windows_Badusb/ASCII/Selfwriting/MonaLisa.txt,sd_card_mirror/badusb/!repo/works_both/_unclassified/Bruce-Scripts-Heaven_BAD/UNC0V3R3D-BadUSB/BadUsb-Collection/Windows_Badusb/ASCII/Selfwriting/MonaLisa.txt,works_both
sd_card_content/badusb_extra_payloads/_unclassified/Bruce-Scripts-Heaven_BAD/UNC0V3R3D-BadUSB/BadUsb-Collection/Windows_Badusb/Execution/ActivateRDP/ActivateRDP.txt,sd_card_mirror/badusb/!repo/works_both/_unclassified/Bruce-Scripts-Heaven_BAD/UNC0V3R3D-BadUSB/BadUsb-Collection/Windows_Badusb/Execution/ActivateRDP/ActivateRDP.txt,works_both
sd_card_content/badusb_extra_payloads/_unclassified/Bruce-Scripts-Heaven_BAD/UNC0V3R3D-BadUSB/BadUsb-Collection/Windows_Badusb/Execution/StickyKeysSWAP/StickyKeysSWAP.txt,sd_card_mirror/badusb/!repo/works_both/_unclassified/Bruce-Scripts-Heaven_BAD/UNC0V3R3D-BadUSB/BadUsb-Collection/Windows_Badusb/Execution/StickyKeysSWAP/StickyKeysSWAP.txt,works_both
sd_card_content/badusb_extra_payloads/_unclassified/Bruce-Scripts-Heaven_BAD/UNC0V3R3D-BadUSB/BadUsb-Collection/Windows_Badusb/Execution/DownloadAnyEXE/DownloadAnyEXE.txt,sd_card_mirror/badusb/!repo/works_both/_unclassified/Bruce-Scripts-Heaven_BAD/UNC0V3R3D-BadUSB/BadUsb-Collection/Windows_Badusb/Execution/DownloadAnyEXE/DownloadAnyEXE.txt,works_both
sd_card_content/badusb_extra_payloads/_unclassified/Bruce-Scripts-Heaven_BAD/UNC0V3R3D-BadUSB/BadUsb-Collection/Windows_Badusb/Execution/Invisible_DownExec/Invisible_DownExec.txt,sd_card_mirror/badusb/!repo/works_both/_unclassified/Bruce-Scripts-Heaven_BAD/UNC0V3R3D-BadUSB/BadUsb-Collection/Windows_Badusb/Execution/Invisible_DownExec/Invisible_DownExec.txt,works_both
sd_card_content/badusb_extra_payloads/_unclassified/Bruce-Scripts-Heaven_BAD/UNC0V3R3D-BadUSB/BadUsb-Collection/Windows_Badusb/Execution/OpenAnyPort/OpenAnyPort.txt,sd_card_mirror/badusb/!repo/works_both/_unclassified/Bruce-Scripts-Heaven_BAD/UNC0V3R3D-BadUSB/BadUsb-Collection/Windows_Badusb/Execution/OpenAnyPort/OpenAnyPort.txt,works_both
sd_card_content/badusb_extra_payloads/_unclassified/Bruce-Scripts-Heaven_BAD/UNC0V3R3D-BadUSB/BadUsb-Collection/Windows_Badusb/Execution/StartWifiAccessPoint/StartWifiAccessPoint.txt,sd_card_mirror/badusb/!repo/works_both/_unclassified/Bruce-Scripts-Heaven_BAD/UNC0V3R3D-BadUSB/BadUsb-Collection/Windows_Badusb/Execution/StartWifiAccessPoint/StartWifiAccessPoint.txt,works_both
sd_card_content/badusb_extra_payloads/_unclassified/Bruce-Scripts-Heaven_BAD/UNC0V3R3D-BadUSB/BadUsb-Collection/Windows_Badusb/Execution/DNS_Cache_Poison/DNS_Cache_Poison.txt,sd_card_mirror/badusb/!repo/works_both/_unclassified/Bruce-Scripts-Heaven_BAD/UNC0V3R3D-BadUSB/BadUsb-Collection/Windows_Badusb/Execution/DNS_Cache_Poison/DNS_Cache_Poison.txt,works_both
sd_card_content/badusb_extra_payloads/_unclassified/Bruce-Scripts-Heaven_BAD/UNC0V3R3D-BadUSB/BadUsb-Collection/Windows_Badusb/Execution/setWinPass/setWinPass.txt,sd_card_mirror/badusb/!repo/works_both/_unclassified/Bruce-Scripts-Heaven_BAD/UNC0V3R3D-BadUSB/BadUsb-Collection/Windows_Badusb/Execution/setWinPass/setWinPass.txt,works_both
sd_card_content/badusb_extra_payloads/_unclassified/Bruce-Scripts-Heaven_BAD/UNC0V3R3D-BadUSB/BadUsb-Collection/Windows_Badusb/Execution/RemoveWindowsUpdate/RemoveWindowsUpdate.txt,sd_card_mirror/badusb/!repo/works_both/_unclassified/Bruce-Scripts-Heaven_BAD/UNC0V3R3D-BadUSB/BadUsb-Collection/Windows_Badusb/Execution/RemoveWindowsUpdate/RemoveWindowsUpdate.txt,works_both
sd_card_content/badusb_extra_payloads/_unclassified/Bruce-Scripts-Heaven_BAD/UNC0V3R3D-BadUSB/BadUsb-Collection/Windows_Badusb/Execution/Create_New_Windows_Admin/Create_New_Windows_Admin.txt,sd_card_mirror/badusb/!repo/works_both/_unclassified/Bruce-Scripts-Heaven_BAD/UNC0V3R3D-BadUSB/BadUsb-Collection/Windows_Badusb/Execution/Create_New_Windows_Admin/Create_New_Windows_Admin.txt,works_both
sd_card_content/badusb_extra_payloads/_unclassified/Bruce-Scripts-Heaven_BAD/UNC0V3R3D-BadUSB/BadUsb-Collection/Windows_Badusb/Execution/Invisible_DownExec_Zip_Extract/Invisible_DownExec_Zip_Extract.txt,sd_card_mirror/badusb/!repo/works_both/_unclassified/Bruce-Scripts-Heaven_BAD/UNC0V3R3D-BadUSB/BadUsb-Collection/Windows_Badusb/Execution/Invisible_DownExec_Zip_Extract/Invisible_DownExec_Zip_Extract.txt,works_both
sd_card_content/badusb_extra_payloads/_unclassified/Bruce-Scripts-Heaven_BAD/UNC0V3R3D-BadUSB/BadUsb-Collection/Windows_Badusb/Execution/Disable_WinDefender/Disable_WinDefender.txt,sd_card_mirror/badusb/!repo/works_both/_unclassified/Bruce-Scripts-Heaven_BAD/UNC0V3R3D-BadUSB/BadUsb-Collection/Windows_Badusb/Execution/Disable_WinDefender/Disable_WinDefender.txt,works_both
sd_card_content/badusb_extra_payloads/_unclassified/Bruce-Scripts-Heaven_BAD/UNC0V3R3D-BadUSB/BadUsb-Collection/Windows_Badusb/FUN/Cartman/Cartman.txt,sd_card_mirror/badusb/!repo/works_both/_unclassified/Bruce-Scripts-Heaven_BAD/UNC0V3R3D-BadUSB/BadUsb-Collection/Windows_Badusb/FUN/Cartman/Cartman.txt,works_both
sd_card_content/badusb_extra_payloads/_unclassified/Bruce-Scripts-Heaven_BAD/UNC0V3R3D-BadUSB/BadUsb-Collection/Windows_Badusb/FUN/NoMoreSound/NoMoreSound.txt,sd_card_mirror/badusb/!repo/works_both/_unclassified/Bruce-Scripts-Heaven_BAD/UNC0V3R3D-BadUSB/BadUsb-Collection/Windows_Badusb/FUN/NoMoreSound/NoMoreSound.txt,works_both
sd_card_content/badusb_extra_payloads/_unclassified/Bruce-Scripts-Heaven_BAD/UNC0V3R3D-BadUSB/BadUsb-Collection/Windows_Badusb/FUN/FakeBluescreen/FakeBluescreen.txt,sd_card_mirror/badusb/!repo/works_both/_unclassified/Bruce-Scripts-Heaven_BAD/UNC0V3R3D-BadUSB/BadUsb-Collection/Windows_Badusb/FUN/FakeBluescreen/FakeBluescreen.txt,works_both
sd_card_content/badusb_extra_payloads/_unclassified/Bruce-Scripts-Heaven_BAD/UNC0V3R3D-BadUSB/BadUsb-Collection/Windows_Badusb/FUN/justdance/justdance.txt,sd_card_mirror/badusb/!repo/works_both/_unclassified/Bruce-Scripts-Heaven_BAD/UNC0V3R3D-BadUSB/BadUsb-Collection/Windows_Badusb/FUN/justdance/justdance.txt,works_both
sd_card_content/badusb_extra_payloads/_unclassified/Bruce-Scripts-Heaven_BAD/UNC0V3R3D-BadUSB/BadUsb-Collection/Windows_Badusb/FUN/Matrix_Rain_CMD/Matrix_Rain_CMD.txt,sd_card_mirror/badusb/!repo/works_both/_unclassified/Bruce-Scripts-Heaven_BAD/UNC0V3R3D-BadUSB/BadUsb-Collection/Windows_Badusb/FUN/Matrix_Rain_CMD/Matrix_Rain_CMD.txt,works_both
sd_card_content/badusb_extra_payloads/_unclassified/Bruce-Scripts-Heaven_BAD/UNC0V3R3D-BadUSB/BadUsb-Collection/Windows_Badusb/FUN/ComputerTalks/ComputerTalks.txt,sd_card_mirror/badusb/!repo/works_both/_unclassified/Bruce-Scripts-Heaven_BAD/UNC0V3R3D-BadUSB/BadUsb-Collection/Windows_Badusb/FUN/ComputerTalks/ComputerTalks.txt,works_both
sd_card_content/badusb_extra_payloads/_unclassified/Bruce-Scripts-Heaven_BAD/UNC0V3R3D-BadUSB/BadUsb-Collection/Windows_Badusb/FUN/FakeVirus/FakeVirus.txt,sd_card_mirror/badusb/!repo/works_both/_unclassified/Bruce-Scripts-Heaven_BAD/UNC0V3R3D-BadUSB/BadUsb-Collection/Windows_Badusb/FUN/FakeVirus/FakeVirus.txt,works_both
sd_card_content/badusb_extra_payloads/_unclassified/Bruce-Scripts-Heaven_BAD/UNC0V3R3D-BadUSB/BadUsb-Collection/iPhone_Badusb/open-website/iPhone_open_website.txt,sd_card_mirror/badusb/!repo/works_both/_unclassified/Bruce-Scripts-Heaven_BAD/UNC0V3R3D-BadUSB/BadUsb-Collection/iPhone_Badusb/open-website/iPhone_open_website.txt,works_both
sd_card_content/badusb_extra_payloads/_unclassified/Bruce-Scripts-Heaven_BAD/iphone-crasher(better)/iphone-crasher(better).txt,sd_card_mirror/badusb/!repo/works_both/_unclassified/Bruce-Scripts-Heaven_BAD/iphone-crasher(better)/iphone-crasher(better).txt,works_both
sd_card_content/badusb_extra_payloads/_unclassified/Bruce-Scripts-Heaven_BAD/windows11/hackertyper.txt,sd_card_mirror/badusb/!repo/works_both/_unclassified/Bruce-Scripts-Heaven_BAD/windows11/hackertyper.txt,works_both
sd_card_content/badusb_extra_payloads/_unclassified/Bruce-Scripts-Heaven_BAD/windows11/shutdown.txt,sd_card_mirror/badusb/!repo/works_both/_unclassified/Bruce-Scripts-Heaven_BAD/windows11/shutdown.txt,works_both
sd_card_content/badusb_extra_payloads/_unclassified/Bruce-Scripts-Heaven_BAD/windows11/create folders in C.txt,sd_card_mirror/badusb/!repo/works_both/_unclassified/Bruce-Scripts-Heaven_BAD/windows11/create folders in C.txt,works_both
sd_card_content/badusb_extra_payloads/_unclassified/Bruce-Scripts-Heaven_BAD/windows11/JM.txt,sd_card_mirror/badusb/!repo/works_both/_unclassified/Bruce-Scripts-Heaven_BAD/windows11/JM.txt,works_both
sd_card_content/badusb_extra_payloads/_unclassified/Bruce-Scripts-Heaven_BAD/windows11/EPTM-ASCII.txt,sd_card_mirror/badusb/!repo/works_both/_unclassified/Bruce-Scripts-Heaven_BAD/windows11/EPTM-ASCII.txt,works_both
sd_card_content/badusb_extra_payloads/_unclassified/Bruce-Scripts-Heaven_BAD/windows11/you_are_an_idiot.txt,sd_card_mirror/badusb/!repo/works_both/_unclassified/Bruce-Scripts-Heaven_BAD/windows11/you_are_an_idiot.txt,works_both
sd_card_content/badusb_extra_payloads/destruction/Unix-like/macOS/directly_ready/BadUsb-Library/System-Corruption.txt,sd_card_mirror/badusb/!repo/works_both/destruction/Unix-like/macOS/directly_ready/BadUsb-Library/System-Corruption.txt,works_both
sd_card_content/badusb_extra_payloads/destruction/Unix-like/macOS/directly_ready/BadUsb-Library/Trash-Empty.txt,sd_card_mirror/badusb/!repo/works_both/destruction/Unix-like/macOS/directly_ready/BadUsb-Library/Trash-Empty.txt,works_both
sd_card_content/badusb_extra_payloads/destruction/Unix-like/macOS/directly_ready/BadUsb-Library/Desktop-Cleaner.txt,sd_card_mirror/badusb/!repo/works_both/destruction/Unix-like/macOS/directly_ready/BadUsb-Library/Desktop-Cleaner.txt,works_both
sd_card_content/badusb_extra_payloads/destruction/Unix-like/macOS/directly_ready/Bruce-Scripts-Heaven_BAD/MacOS-narstybits/Executions/System File Deletion.txt,sd_card_mirror/badusb/!repo/works_both/destruction/Unix-like/macOS/directly_ready/Bruce-Scripts-Heaven_BAD/MacOS-narstybits/Executions/System File Deletion.txt,works_both
sd_card_content/badusb_extra_payloads/destruction/Unix-like/macOS/directly_ready/Bruce-Scripts-Heaven_BAD/MacOS-narstybits/Executions/flipper_only/Desktop Deletion.txt,sd_card_mirror/badusb/!repo/flipper_only/destruction/Unix-like/macOS/directly_ready/Bruce-Scripts-Heaven_BAD/MacOS-narstybits/Executions/flipper_only/Desktop Deletion.txt,flipper_only
sd_card_content/badusb_extra_payloads/destruction/Unix-like/macOS/directly_ready/Bruce-Scripts-Heaven_BAD/MacOS-narstybits/Executions/flipper_only/Desktop Deletion V2.txt,sd_card_mirror/badusb/!repo/flipper_only/destruction/Unix-like/macOS/directly_ready/Bruce-Scripts-Heaven_BAD/MacOS-narstybits/Executions/flipper_only/Desktop Deletion V2.txt,flipper_only
sd_card_content/badusb_extra_payloads/destruction/Unix-like/macOS/directly_ready/Bruce-Scripts-Heaven_BAD/MacOS-narstybits/Executions/flipper_only/Delete Copy Pasta.txt,sd_card_mirror/badusb/!repo/flipper_only/destruction/Unix-like/macOS/directly_ready/Bruce-Scripts-Heaven_BAD/MacOS-narstybits/Executions/flipper_only/Delete Copy Pasta.txt,flipper_only
sd_card_content/badusb_extra_payloads/destruction/Unix-like/macOS/directly_ready/Bruce-Scripts-Heaven_BAD/MacOS-narstybits/Executions/flipper_only/Dropbox to Desktop Bomb.txt,sd_card_mirror/badusb/!repo/flipper_only/destruction/Unix-like/macOS/directly_ready/Bruce-Scripts-Heaven_BAD/MacOS-narstybits/Executions/flipper_only/Dropbox to Desktop Bomb.txt,flipper_only
sd_card_content/badusb_extra_payloads/destruction/Unix-like/macOS/directly_ready/Bruce-Scripts-Heaven_BAD/BadUSB-FalsePhilosopher/Ducky/Ducky-Framework/payloads/osx/openWebPage/openWebPage.txt,sd_card_mirror/badusb/!repo/works_both/destruction/Unix-like/macOS/directly_ready/Bruce-Scripts-Heaven_BAD/BadUSB-FalsePhilosopher/Ducky/Ducky-Framework/payloads/osx/openWebPage/openWebPage.txt,works_both
sd_card_content/badusb_extra_payloads/destruction/Unix-like/macOS/directly_ready/Bruce-Scripts-Heaven_BAD/BadUSB-FalsePhilosopher/Misc/Cheat_Sheets/Awesome-cheatsheets/tools/puppeteer.js,sd_card_mirror/badusb/!repo/works_both/destruction/Unix-like/macOS/directly_ready/Bruce-Scripts-Heaven_BAD/BadUSB-FalsePhilosopher/Misc/Cheat_Sheets/Awesome-cheatsheets/tools/puppeteer.js,works_both
sd_card_content/badusb_extra_payloads/destruction/Unix-like/macOS/configuration_needed/BadUsb-Library/File-Deleter-Telegram.txt,sd_card_mirror/badusb/!repo/works_both/destruction/Unix-like/macOS/configuration_needed/BadUsb-Library/File-Deleter-Telegram.txt,works_both
sd_card_content/badusb_extra_payloads/destruction/Unix-like/Linux/directly_ready/BadUsb-Library/quackTUXbash.txt,sd_card_mirror/badusb/!repo/works_both/destruction/Unix-like/Linux/directly_ready/BadUsb-Library/quackTUXbash.txt,works_both
sd_card_content/badusb_extra_payloads/destruction/Unix-like/Linux/directly_ready/BadUsb-Library/quackbase64.txt,sd_card_mirror/badusb/!repo/works_both/destruction/Unix-like/Linux/directly_ready/BadUsb-Library/quackbase64.txt,works_both
sd_card_content/badusb_extra_payloads/destruction/Unix-like/Linux/directly_ready/BadUsb-Library/File-Deleter.txt,sd_card_mirror/badusb/!repo/works_both/destruction/Unix-like/Linux/directly_ready/BadUsb-Library/File-Deleter.txt,works_both
sd_card_content/badusb_extra_payloads/destruction/Unix-like/Linux/directly_ready/BadUsb-Library/quackTUXpy.txt,sd_card_mirror/badusb/!repo/works_both/destruction/Unix-like/Linux/directly_ready/BadUsb-Library/quackTUXpy.txt,works_both
sd_card_content/badusb_extra_payloads/destruction/Unix-like/Linux/directly_ready/BadUsb-Library/quackmean.txt,sd_card_mirror/badusb/!repo/works_both/destruction/Unix-like/Linux/directly_ready/BadUsb-Library/quackmean.txt,works_both
sd_card_content/badusb_extra_payloads/destruction/Unix-like/Linux/directly_ready/BadUsb-Library/quackWLmean.txt,sd_card_mirror/badusb/!repo/works_both/destruction/Unix-like/Linux/directly_ready/BadUsb-Library/quackWLmean.txt,works_both
sd_card_content/badusb_extra_payloads/destruction/Unix-like/Linux/directly_ready/BadUsb-Library/quackpersist.txt,sd_card_mirror/badusb/!repo/works_both/destruction/Unix-like/Linux/directly_ready/BadUsb-Library/quackpersist.txt,works_both
sd_card_content/badusb_extra_payloads/destruction/Unix-like/Linux/directly_ready/BadUsb-Library/quackmeanloop.txt,sd_card_mirror/badusb/!repo/works_both/destruction/Unix-like/Linux/directly_ready/BadUsb-Library/quackmeanloop.txt,works_both
sd_card_content/badusb_extra_payloads/destruction/Unix-like/Linux/directly_ready/BadUsb-Library/quackbash.txt,sd_card_mirror/badusb/!repo/works_both/destruction/Unix-like/Linux/directly_ready/BadUsb-Library/quackbash.txt,works_both
sd_card_content/badusb_extra_payloads/destruction/Unix-like/Linux/directly_ready/BadUsb-Library/quackWL.txt,sd_card_mirror/badusb/!repo/works_both/destruction/Unix-like/Linux/directly_ready/BadUsb-Library/quackWL.txt,works_both
sd_card_content/badusb_extra_payloads/destruction/Unix-like/Linux/directly_ready/BadUsb-Library/ForkBombTux.txt,sd_card_mirror/badusb/!repo/works_both/destruction/Unix-like/Linux/directly_ready/BadUsb-Library/ForkBombTux.txt,works_both
sd_card_content/badusb_extra_payloads/destruction/Unix-like/Linux/directly_ready/BadUsb-Library/File-System-Corruption.txt,sd_card_mirror/badusb/!repo/works_both/destruction/Unix-like/Linux/directly_ready/BadUsb-Library/File-System-Corruption.txt,works_both
sd_card_content/badusb_extra_payloads/destruction/Unix-like/Linux/directly_ready/BadUsb-Library/polly_wanna_cracker.txt,sd_card_mirror/badusb/!repo/works_both/destruction/Unix-like/Linux/directly_ready/BadUsb-Library/polly_wanna_cracker.txt,works_both
sd_card_content/badusb_extra_payloads/destruction/Unix-like/Linux/directly_ready/BadUsb-Library/quackWLevil.txt,sd_card_mirror/badusb/!repo/works_both/destruction/Unix-like/Linux/directly_ready/BadUsb-Library/quackWLevil.txt,works_both
sd_card_content/badusb_extra_payloads/destruction/Unix-like/Linux/directly_ready/UberGuidoZ_BadUSB/emptythevoid-BadUSB/Linux_helpers/shred_nvme_live_ubuntu_mate.txt,sd_card_mirror/badusb/!repo/works_both/destruction/Unix-like/Linux/directly_ready/UberGuidoZ_BadUSB/emptythevoid-BadUSB/Linux_helpers/shred_nvme_live_ubuntu_mate.txt,works_both
sd_card_content/badusb_extra_payloads/destruction/Unix-like/Linux/directly_ready/UberGuidoZ_BadUSB/emptythevoid-BadUSB/Linux_helpers/README.md,sd_card_mirror/badusb/!repo/works_both/destruction/Unix-like/Linux/directly_ready/UberGuidoZ_BadUSB/emptythevoid-BadUSB/Linux_helpers/README.md,works_both
sd_card_content/badusb_extra_payloads/destruction/Unix-like/Linux/directly_ready/Bruce-Scripts-Heaven_BAD/ForkBomb-Linux.txt,sd_card_mirror/badusb/!repo/works_both/destruction/Unix-like/Linux/directly_ready/Bruce-Scripts-Heaven_BAD/ForkBomb-Linux.txt,works_both
sd_card_content/badusb_extra_payloads/destruction/Unix-like/Linux/directly_ready/Bruce-Scripts-Heaven_BAD/BadUSB-FalsePhilosopher/Ducky/USBRubberducky/ransom/Unix-like/Linux/Crybaby/crybaby.py,sd_card_mirror/badusb/!repo/works_both/destruction/Unix-like/Linux/directly_ready/Bruce-Scripts-Heaven_BAD/BadUSB-FalsePhilosopher/Ducky/USBRubberducky/ransom/Unix-like/Linux/Crybaby/crybaby.py,works_both
sd_card_content/badusb_extra_payloads/destruction/Unix-like/Linux/directly_ready/Bruce-Scripts-Heaven_BAD/BadUSB-FalsePhilosopher/Ducky/USBRubberducky/destructive/Unix-like/Linux/Bombs/Folder_Bomb/PLTUX.py,sd_card_mirror/badusb/!repo/works_both/destruction/Unix-like/Linux/directly_ready/Bruce-Scripts-Heaven_BAD/BadUSB-FalsePhilosopher/Ducky/USBRubberducky/destructive/Unix-like/Linux/Bombs/Folder_Bomb/PLTUX.py,works_both
sd_card_content/badusb_extra_payloads/destruction/Unix-like/Linux/directly_ready/Bruce-Scripts-Heaven_BAD/BadUSB-FalsePhilosopher/Ducky/USBRubberducky/destructive/Unix-like/Linux/Bombs/Folder_Bomb/quackWLevil.txt,sd_card_mirror/badusb/!repo/works_both/destruction/Unix-like/Linux/directly_ready/Bruce-Scripts-Heaven_BAD/BadUSB-FalsePhilosopher/Ducky/USBRubberducky/destructive/Unix-like/Linux/Bombs/Folder_Bomb/quackWLevil.txt,works_both
sd_card_content/badusb_extra_payloads/destruction/Unix-like/Linux/directly_ready/Bruce-Scripts-Heaven_BAD/BadUSB-FalsePhilosopher/Ducky/USBRubberducky/destructive/Unix-like/Linux/Bombs/zip_bomb/quackmean.txt,sd_card_mirror/badusb/!repo/works_both/destruction/Unix-like/Linux/directly_ready/Bruce-Scripts-Heaven_BAD/BadUSB-FalsePhilosopher/Ducky/USBRubberducky/destructive/Unix-like/Linux/Bombs/zip_bomb/quackmean.txt,works_both
sd_card_content/badusb_extra_payloads/destruction/Unix-like/Linux/directly_ready/Bruce-Scripts-Heaven_BAD/BadUSB-FalsePhilosopher/Ducky/USBRubberducky/destructive/Unix-like/Linux/Bombs/File_bomb/PLTUX.py,sd_card_mirror/badusb/!repo/works_both/destruction/Unix-like/Linux/directly_ready/Bruce-Scripts-Heaven_BAD/BadUSB-FalsePhilosopher/Ducky/USBRubberducky/destructive/Unix-like/Linux/Bombs/File_bomb/PLTUX.py,works_both
sd_card_content/badusb_extra_payloads/destruction/Unix-like/Linux/directly_ready/Bruce-Scripts-Heaven_BAD/BadUSB-FalsePhilosopher/Misc/Cheat_Sheets/Awesome-cheatsheets/backend/node.js,sd_card_mirror/badusb/!repo/works_both/destruction/Unix-like/Linux/directly_ready/Bruce-Scripts-Heaven_BAD/BadUSB-FalsePhilosopher/Misc/Cheat_Sheets/Awesome-cheatsheets/backend/node.js,works_both
sd_card_content/badusb_extra_payloads/destruction/Unix-like/Linux/directly_ready/Bruce-Scripts-Heaven_BAD/Bombs/Folder_Bomb/LinuxpyBF.txt,sd_card_mirror/badusb/!repo/works_both/destruction/Unix-like/Linux/directly_ready/Bruce-Scripts-Heaven_BAD/Bombs/Folder_Bomb/LinuxpyBF.txt,works_both
sd_card_content/badusb_extra_payloads/destruction/Unix-like/Linux/directly_ready/Bruce-Scripts-Heaven_BAD/Bombs/Folder_Bomb/Linuxpy.txt,sd_card_mirror/badusb/!repo/works_both/destruction/Unix-like/Linux/directly_ready/Bruce-Scripts-Heaven_BAD/Bombs/Folder_Bomb/Linuxpy.txt,works_both
sd_card_content/badusb_extra_payloads/destruction/Unix-like/Linux/directly_ready/Bruce-Scripts-Heaven_BAD/Bombs/Zip_Bomb/Linux/quackmeanBF.txt,sd_card_mirror/badusb/!repo/works_both/destruction/Unix-like/Linux/directly_ready/Bruce-Scripts-Heaven_BAD/Bombs/Zip_Bomb/Linux/quackmeanBF.txt,works_both
sd_card_content/badusb_extra_payloads/destruction/Unix-like/Linux/directly_ready/Bruce-Scripts-Heaven_BAD/Bombs/Zip_Bomb/Linux/quackmean.txt,sd_card_mirror/badusb/!repo/works_both/destruction/Unix-like/Linux/directly_ready/Bruce-Scripts-Heaven_BAD/Bombs/Zip_Bomb/Linux/quackmean.txt,works_both
sd_card_content/badusb_extra_payloads/destruction/Unix-like/Linux/directly_ready/Bruce-Scripts-Heaven_BAD/Bombs/Zip_Bomb/Linux/quackBF.txt,sd_card_mirror/badusb/!repo/works_both/destruction/Unix-like/Linux/directly_ready/Bruce-Scripts-Heaven_BAD/Bombs/Zip_Bomb/Linux/quackBF.txt,works_both
sd_card_content/badusb_extra_payloads/destruction/Unix-like/Linux/directly_ready/Bruce-Scripts-Heaven_BAD/Bombs/Zip_Bomb/Linux/quack.txt,sd_card_mirror/badusb/!repo/works_both/destruction/Unix-like/Linux/directly_ready/Bruce-Scripts-Heaven_BAD/Bombs/Zip_Bomb/Linux/quack.txt,works_both
sd_card_content/badusb_extra_payloads/destruction/Unix-like/Linux/directly_ready/Bruce-Scripts-Heaven_BAD/Bombs/Zip_Bomb/Win/quackparaloop11.txt,sd_card_mirror/badusb/!repo/works_both/destruction/Unix-like/Linux/directly_ready/Bruce-Scripts-Heaven_BAD/Bombs/Zip_Bomb/Win/quackparaloop11.txt,works_both
sd_card_content/badusb_extra_payloads/destruction/Unix-like/Linux/directly_ready/Bruce-Scripts-Heaven_BAD/Bombs/Zip_Bomb/Win/quackloop.txt,sd_card_mirror/badusb/!repo/works_both/destruction/Unix-like/Linux/directly_ready/Bruce-Scripts-Heaven_BAD/Bombs/Zip_Bomb/Win/quackloop.txt,works_both
sd_card_content/badusb_extra_payloads/destruction/Unix-like/Linux/directly_ready/Bruce-Scripts-Heaven_BAD/Bombs/Zip_Bomb/Win/quackpara.txt,sd_card_mirror/badusb/!repo/works_both/destruction/Unix-like/Linux/directly_ready/Bruce-Scripts-Heaven_BAD/Bombs/Zip_Bomb/Win/quackpara.txt,works_both
sd_card_content/badusb_extra_payloads/destruction/Unix-like/Linux/directly_ready/Bruce-Scripts-Heaven_BAD/Bombs/Zip_Bomb/Win/quackparaloop10.txt,sd_card_mirror/badusb/!repo/works_both/destruction/Unix-like/Linux/directly_ready/Bruce-Scripts-Heaven_BAD/Bombs/Zip_Bomb/Win/quackparaloop10.txt,works_both
sd_card_content/badusb_extra_payloads/destruction/Unix-like/Linux/directly_ready/Bruce-Scripts-Heaven_BAD/Bombs/Zip_Bomb/Win/quack.txt,sd_card_mirror/badusb/!repo/works_both/destruction/Unix-like/Linux/directly_ready/Bruce-Scripts-Heaven_BAD/Bombs/Zip_Bomb/Win/quack.txt,works_both
sd_card_content/badusb_extra_payloads/destruction/Unix-like/Linux/directly_ready/Bruce-Scripts-Heaven_BAD/Bombs/Sys_Forker/ForkBomb-Linux.txt,sd_card_mirror/badusb/!repo/works_both/destruction/Unix-like/Linux/directly_ready/Bruce-Scripts-Heaven_BAD/Bombs/Sys_Forker/ForkBomb-Linux.txt,works_both
sd_card_content/badusb_extra_payloads/destruction/Unix-like/Linux/directly_ready/Bruce-Scripts-Heaven_BAD/Bombs/File_Bomb/LinuxpyBF.txt,sd_card_mirror/badusb/!repo/works_both/destruction/Unix-like/Linux/directly_ready/Bruce-Scripts-Heaven_BAD/Bombs/File_Bomb/LinuxpyBF.txt,works_both
sd_card_content/badusb_extra_payloads/destruction/Unix-like/Linux/directly_ready/Bruce-Scripts-Heaven_BAD/Bombs/File_Bomb/Linuxpy.txt,sd_card_mirror/badusb/!repo/works_both/destruction/Unix-like/Linux/directly_ready/Bruce-Scripts-Heaven_BAD/Bombs/File_Bomb/Linuxpy.txt,works_both
sd_card_content/badusb_extra_payloads/destruction/Unix-like/Linux/directly_ready/Bruce-Scripts-Heaven_BAD/destructive/Unix-like/Linux/linux_no_more_hardriveZSH.txt,sd_card_mirror/badusb/!repo/works_both/destruction/Unix-like/Linux/directly_ready/Bruce-Scripts-Heaven_BAD/destructive/Unix-like/Linux/linux_no_more_hardriveZSH.txt,works_both
sd_card_content/badusb_extra_payloads/destruction/Unix-like/Linux/directly_ready/Bruce-Scripts-Heaven_BAD/destructive/Unix-like/Linux/linux_no_more_hardrive_nyanZSH.txt,sd_card_mirror/badusb/!repo/works_both/destruction/Unix-like/Linux/directly_ready/Bruce-Scripts-Heaven_BAD/destructive/Unix-like/Linux/linux_no_more_hardrive_nyanZSH.txt,works_both
sd_card_content/badusb_extra_payloads/destruction/Unix-like/Linux/directly_ready/Bruce-Scripts-Heaven_BAD/destructive/Unix-like/Linux/linux_no_more_hardrive_nyan.txt,sd_card_mirror/badusb/!repo/works_both/destruction/Unix-like/Linux/directly_ready/Bruce-Scripts-Heaven_BAD/destructive/Unix-like/Linux/linux_no_more_hardrive_nyan.txt,works_both
sd_card_content/badusb_extra_payloads/destruction/Unix-like/Linux/directly_ready/Bruce-Scripts-Heaven_BAD/destructive/Unix-like/Linux/Bombs/Folder_Bomb/quackTUXpy.txt,sd_card_mirror/badusb/!repo/works_both/destruction/Unix-like/Linux/directly_ready/Bruce-Scripts-Heaven_BAD/destructive/Unix-like/Linux/Bombs/Folder_Bomb/quackTUXpy.txt,works_both
sd_card_content/badusb_extra_payloads/destruction/Unix-like/Linux/directly_ready/Bruce-Scripts-Heaven_BAD/destructive/Unix-like/Linux/Bombs/zip_bomb/quackloop.txt,sd_card_mirror/badusb/!repo/works_both/destruction/Unix-like/Linux/directly_ready/Bruce-Scripts-Heaven_BAD/destructive/Unix-like/Linux/Bombs/zip_bomb/quackloop.txt,works_both
sd_card_content/badusb_extra_payloads/destruction/Unix-like/Linux/directly_ready/Bruce-Scripts-Heaven_BAD/destructive/Unix-like/Linux/Bombs/zip_bomb/quack.txt,sd_card_mirror/badusb/!repo/works_both/destruction/Unix-like/Linux/directly_ready/Bruce-Scripts-Heaven_BAD/destructive/Unix-like/Linux/Bombs/zip_bomb/quack.txt,works_both
sd_card_content/badusb_extra_payloads/destruction/Unix-like/Linux/directly_ready/Bruce-Scripts-Heaven_BAD/destructive/Unix-like/Linux/Bombs/Sys_Forker/payload.txt,sd_card_mirror/badusb/!repo/works_both/destruction/Unix-like/Linux/directly_ready/Bruce-Scripts-Heaven_BAD/destructive/Unix-like/Linux/Bombs/Sys_Forker/payload.txt,works_both
sd_card_content/badusb_extra_payloads/destruction/Unix-like/Linux/directly_ready/Bruce-Scripts-Heaven_BAD/destructive/Unix-like/Linux/Bombs/HTML_Forker/quack.txt,sd_card_mirror/badusb/!repo/works_both/destruction/Unix-like/Linux/directly_ready/Bruce-Scripts-Heaven_BAD/destructive/Unix-like/Linux/Bombs/HTML_Forker/quack.txt,works_both
sd_card_content/badusb_extra_payloads/destruction/Unix-like/Linux/directly_ready/Bruce-Scripts-Heaven_BAD/destructive/Win/Bombs/Zip_Bomb/quack.txt,sd_card_mirror/badusb/!repo/works_both/destruction/Unix-like/Linux/directly_ready/Bruce-Scripts-Heaven_BAD/destructive/Win/Bombs/Zip_Bomb/quack.txt,works_both
sd_card_content/badusb_extra_payloads/destruction/Unix-like/Linux/directly_ready/Bruce-Scripts-Heaven_BAD/BadUSB/FLIZZ3R/FZROPEN_WRECKER.txt,sd_card_mirror/badusb/!repo/works_both/destruction/Unix-like/Linux/directly_ready/Bruce-Scripts-Heaven_BAD/BadUSB/FLIZZ3R/FZROPEN_WRECKER.txt,works_both
sd_card_content/badusb_extra_payloads/destruction/Win/directly_ready/I-Am-Jakoby_BadUSB/Payloads/Flip-Keylogger/keylogger.txt,sd_card_mirror/badusb/!repo/works_both/destruction/Win/directly_ready/I-Am-Jakoby_BadUSB/Payloads/Flip-Keylogger/keylogger.txt,works_both
sd_card_content/badusb_extra_payloads/destruction/Win/directly_ready/I-Am-Jakoby_BadUSB/Payloads/Flip-Keylogger/README.md,sd_card_mirror/badusb/!repo/works_both/destruction/Win/directly_ready/I-Am-Jakoby_BadUSB/Payloads/Flip-Keylogger/README.md,works_both
sd_card_content/badusb_extra_payloads/destruction/Win/directly_ready/I-Am-Jakoby_BadUSB/Payloads/Flip-Credz-Plz/Credz-Plz.ps1,sd_card_mirror/badusb/!repo/works_both/destruction/Win/directly_ready/I-Am-Jakoby_BadUSB/Payloads/Flip-Credz-Plz/Credz-Plz.ps1,works_both
sd_card_content/badusb_extra_payloads/destruction/Win/directly_ready/I-Am-Jakoby_BadUSB/Payloads/Flip-AcidBurn/AcidBurn.ps1,sd_card_mirror/badusb/!repo/works_both/destruction/Win/directly_ready/I-Am-Jakoby_BadUSB/Payloads/Flip-AcidBurn/AcidBurn.ps1,works_both
sd_card_content/badusb_extra_payloads/destruction/Win/directly_ready/I-Am-Jakoby_BadUSB/Payloads/Flip-PineApple/PineApple.ps1,sd_card_mirror/badusb/!repo/works_both/destruction/Win/directly_ready/I-Am-Jakoby_BadUSB/Payloads/Flip-PineApple/PineApple.ps1,works_both
sd_card_content/badusb_extra_payloads/destruction/Win/directly_ready/I-Am-Jakoby_BadUSB/Payloads/Flip-Play-WAV/Play-WAV.ps1,sd_card_mirror/badusb/!repo/works_both/destruction/Win/directly_ready/I-Am-Jakoby_BadUSB/Payloads/Flip-Play-WAV/Play-WAV.ps1,works_both
sd_card_content/badusb_extra_payloads/destruction/Win/directly_ready/I-Am-Jakoby_BadUSB/Payloads/Flip-We-Found-You/found-you.ps1,sd_card_mirror/badusb/!repo/works_both/destruction/Win/directly_ready/I-Am-Jakoby_BadUSB/Payloads/Flip-We-Found-You/found-you.ps1,works_both
sd_card_content/badusb_extra_payloads/destruction/Win/directly_ready/BadUsb-Library/duckyreaperTUX.txt,sd_card_mirror/badusb/!repo/works_both/destruction/Win/directly_ready/BadUsb-Library/duckyreaperTUX.txt,works_both
sd_card_content/badusb_extra_payloads/destruction/Win/directly_ready/BadUsb-Library/payload11.txt,sd_card_mirror/badusb/!repo/works_both/destruction/Win/directly_ready/BadUsb-Library/payload11.txt,works_both
sd_card_content/badusb_extra_payloads/destruction/Win/directly_ready/BadUsb-Library/MEMZ-In-Powershell.txt,sd_card_mirror/badusb/!repo/works_both/destruction/Win/directly_ready/BadUsb-Library/MEMZ-In-Powershell.txt,works_both
sd_card_content/badusb_extra_payloads/destruction/Win/directly_ready/BadUsb-Library/payload7.txt,sd_card_mirror/badusb/!repo/works_both/destruction/Win/directly_ready/BadUsb-Library/payload7.txt,works_both
sd_card_content/badusb_extra_payloads/destruction/Win/directly_ready/BadUsb-Library/payloadWIN.txt,sd_card_mirror/badusb/!repo/works_both/destruction/Win/directly_ready/BadUsb-Library/payloadWIN.txt,works_both
sd_card_content/badusb_extra_payloads/destruction/Win/directly_ready/BadUsb-Library/ForkBomb-Win.txt,sd_card_mirror/badusb/!repo/works_both/destruction/Win/directly_ready/BadUsb-Library/ForkBomb-Win.txt,works_both
sd_card_content/badusb_extra_payloads/destruction/Win/directly_ready/BadUsb-Library/BQODV2.txt,sd_card_mirror/badusb/!repo/works_both/destruction/Win/directly_ready/BadUsb-Library/BQODV2.txt,works_both
sd_card_content/badusb_extra_payloads/destruction/Win/directly_ready/BadUsb-Library/quackparaloop11.txt,sd_card_mirror/badusb/!repo/works_both/destruction/Win/directly_ready/BadUsb-Library/quackparaloop11.txt,works_both
sd_card_content/badusb_extra_payloads/destruction/Win/directly_ready/BadUsb-Library/payloadWIN10+11.txt,sd_card_mirror/badusb/!repo/works_both/destruction/Win/directly_ready/BadUsb-Library/payloadWIN10+11.txt,works_both
sd_card_content/badusb_extra_payloads/destruction/Win/directly_ready/BadUsb-Library/BQODV1.txt,sd_card_mirror/badusb/!repo/works_both/destruction/Win/directly_ready/BadUsb-Library/BQODV1.txt,works_both
sd_card_content/badusb_extra_payloads/destruction/Win/directly_ready/BadUsb-Library/quackloop.txt,sd_card_mirror/badusb/!repo/works_both/destruction/Win/directly_ready/BadUsb-Library/quackloop.txt,works_both
sd_card_content/badusb_extra_payloads/destruction/Win/directly_ready/BadUsb-Library/linux_no_more_hardrive.txt,sd_card_mirror/badusb/!repo/works_both/destruction/Win/directly_ready/BadUsb-Library/linux_no_more_hardrive.txt,works_both
sd_card_content/badusb_extra_payloads/destruction/Win/directly_ready/BadUsb-Library/payload.txt,sd_card_mirror/badusb/!repo/works_both/destruction/Win/directly_ready/BadUsb-Library/payload.txt,works_both
sd_card_content/badusb_extra_payloads/destruction/Win/directly_ready/BadUsb-Library/quackparaloop10.txt,sd_card_mirror/badusb/!repo/works_both/destruction/Win/directly_ready/BadUsb-Library/quackparaloop10.txt,works_both
sd_card_content/badusb_extra_payloads/destruction/Win/directly_ready/BadUsb-Library/32_wants_the_D.txt,sd_card_mirror/badusb/!repo/works_both/destruction/Win/directly_ready/BadUsb-Library/32_wants_the_D.txt,works_both
sd_card_content/badusb_extra_payloads/destruction/Win/directly_ready/BadUsb-Library/quack10-11.txt,sd_card_mirror/badusb/!repo/works_both/destruction/Win/directly_ready/BadUsb-Library/quack10-11.txt,works_both
sd_card_content/badusb_extra_payloads/destruction/Win/directly_ready/BadUsb-Library/quack.txt,sd_card_mirror/badusb/!repo/works_both/destruction/Win/directly_ready/BadUsb-Library/quack.txt,works_both
sd_card_content/badusb_extra_payloads/destruction/Win/directly_ready/BadUsb-Library/quackWIN.txt,sd_card_mirror/badusb/!repo/works_both/destruction/Win/directly_ready/BadUsb-Library/quackWIN.txt,works_both
sd_card_content/badusb_extra_payloads/destruction/Win/directly_ready/UberGuidoZ_BadUSB/UNC0V3R3D-BadUSB-Collection/README.md,sd_card_mirror/badusb/!repo/works_both/destruction/Win/directly_ready/UberGuidoZ_BadUSB/UNC0V3R3D-BadUSB-Collection/README.md,works_both
sd_card_content/badusb_extra_payloads/destruction/Win/directly_ready/UberGuidoZ_BadUSB/UNC0V3R3D-BadUSB-Collection/Windows_Badusb/Execution/Delete32/readme.md,sd_card_mirror/badusb/!repo/works_both/destruction/Win/directly_ready/UberGuidoZ_BadUSB/UNC0V3R3D-BadUSB-Collection/Windows_Badusb/Execution/Delete32/readme.md,works_both
sd_card_content/badusb_extra_payloads/destruction/Win/directly_ready/UberGuidoZ_BadUSB/UNC0V3R3D-BadUSB-Collection/Windows_Badusb/Execution/Del_Browsers/readme.md,sd_card_mirror/badusb/!repo/works_both/destruction/Win/directly_ready/UberGuidoZ_BadUSB/UNC0V3R3D-BadUSB-Collection/Windows_Badusb/Execution/Del_Browsers/readme.md,works_both
sd_card_content/badusb_extra_payloads/destruction/Win/directly_ready/UberGuidoZ_BadUSB/UNC0V3R3D-BadUSB-Collection/Windows_Badusb/MoreSeriousFUN/DeleteMicrosoftStore/readme.md,sd_card_mirror/badusb/!repo/works_both/destruction/Win/directly_ready/UberGuidoZ_BadUSB/UNC0V3R3D-BadUSB-Collection/Windows_Badusb/MoreSeriousFUN/DeleteMicrosoftStore/readme.md,works_both
sd_card_content/badusb_extra_payloads/destruction/Win/directly_ready/UberGuidoZ_BadUSB/UNC0V3R3D-BadUSB-Collection/Windows_Badusb/FUN/Delete_Discord/readme.md,sd_card_mirror/badusb/!repo/works_both/destruction/Win/directly_ready/UberGuidoZ_BadUSB/UNC0V3R3D-BadUSB-Collection/Windows_Badusb/FUN/Delete_Discord/readme.md,works_both
sd_card_content/badusb_extra_payloads/destruction/Win/directly_ready/UberGuidoZ_BadUSB/UNC0V3R3D-BadUSB-Collection/Windows_Badusb/FUN/Destroy_Pc_with_tabs/readme.md,sd_card_mirror/badusb/!repo/works_both/destruction/Win/directly_ready/UberGuidoZ_BadUSB/UNC0V3R3D-BadUSB-Collection/Windows_Badusb/FUN/Destroy_Pc_with_tabs/readme.md,works_both
sd_card_content/badusb_extra_payloads/destruction/Win/directly_ready/UberGuidoZ_BadUSB/DuckyScript_UDL/userDefineLang.xml,sd_card_mirror/badusb/!repo/works_both/destruction/Win/directly_ready/UberGuidoZ_BadUSB/DuckyScript_UDL/userDefineLang.xml,works_both
sd_card_content/badusb_extra_payloads/destruction/Win/directly_ready/UberGuidoZ_BadUSB/emptythevoid-BadUSB/win11_install/win11_install_part1.txt,sd_card_mirror/badusb/!repo/works_both/destruction/Win/directly_ready/UberGuidoZ_BadUSB/emptythevoid-BadUSB/win11_install/win11_install_part1.txt,works_both
sd_card_content/badusb_extra_payloads/destruction/Win/directly_ready/UberGuidoZ_BadUSB/emptythevoid-BadUSB/bitlocker/bitlocker_encrypt_password.txt,sd_card_mirror/badusb/!repo/works_both/destruction/Win/directly_ready/UberGuidoZ_BadUSB/emptythevoid-BadUSB/bitlocker/bitlocker_encrypt_password.txt,works_both
sd_card_content/badusb_extra_payloads/destruction/Win/directly_ready/Bruce-Scripts-Heaven_BAD/ForkBomb-Win2.txt,sd_card_mirror/badusb/!repo/works_both/destruction/Win/directly_ready/Bruce-Scripts-Heaven_BAD/ForkBomb-Win2.txt,works_both
sd_card_content/badusb_extra_payloads/destruction/Win/directly_ready/Bruce-Scripts-Heaven_BAD/ForkBomb-Win.txt,sd_card_mirror/badusb/!repo/works_both/destruction/Win/directly_ready/Bruce-Scripts-Heaven_BAD/ForkBomb-Win.txt,works_both
sd_card_content/badusb_extra_payloads/destruction/Win/directly_ready/Bruce-Scripts-Heaven_BAD/ProcessTerminator/payload.txt,sd_card_mirror/badusb/!repo/works_both/destruction/Win/directly_ready/Bruce-Scripts-Heaven_BAD/ProcessTerminator/payload.txt,works_both
sd_card_content/badusb_extra_payloads/destruction/Win/directly_ready/Bruce-Scripts-Heaven_BAD/BadUSB-FalsePhilosopher/Malduino/Library/Win/DuckDuinoScripts/DiscordDelete.ino,sd_card_mirror/badusb/!repo/works_both/destruction/Win/directly_ready/Bruce-Scripts-Heaven_BAD/BadUSB-FalsePhilosopher/Malduino/Library/Win/DuckDuinoScripts/DiscordDelete.ino,works_both
sd_card_content/badusb_extra_payloads/destruction/Win/directly_ready/Bruce-Scripts-Heaven_BAD/BadUSB-FalsePhilosopher/Ducky/Ducky-Framework/payloads/win/driveEraserWin7/driveEraserWin7.txt,sd_card_mirror/badusb/!repo/works_both/destruction/Win/directly_ready/Bruce-Scripts-Heaven_BAD/BadUSB-FalsePhilosopher/Ducky/Ducky-Framework/payloads/win/driveEraserWin7/driveEraserWin7.txt,works_both
sd_card_content/badusb_extra_payloads/destruction/Win/directly_ready/Bruce-Scripts-Heaven_BAD/BadUSB-FalsePhilosopher/Ducky/Ducky-Framework/payloads/win/wiFunWin7/wiFunWin7.txt,sd_card_mirror/badusb/!repo/works_both/destruction/Win/directly_ready/Bruce-Scripts-Heaven_BAD/BadUSB-FalsePhilosopher/Ducky/Ducky-Framework/payloads/win/wiFunWin7/wiFunWin7.txt,works_both
sd_card_content/badusb_extra_payloads/destruction/Win/directly_ready/Bruce-Scripts-Heaven_BAD/BadUSB-FalsePhilosopher/Ducky/Ducky-Framework/payloads/win/SAMandSYSTEMretriverTWINfirmware/SAMandSYSTEMretriverTWINfirmware.txt,sd_card_mirror/badusb/!repo/works_both/destruction/Win/directly_ready/Bruce-Scripts-Heaven_BAD/BadUSB-FalsePhilosopher/Ducky/Ducky-Framework/payloads/win/SAMandSYSTEMretriverTWINfirmware/SAMandSYSTEMretriverTWINfirmware.txt,works_both
sd_card_content/badusb_extra_payloads/destruction/Win/directly_ready/Bruce-Scripts-Heaven_BAD/BadUSB-FalsePhilosopher/Ducky/Ducky-Framework/payloads/win/fileDownloaderWin7/fileDownloaderWin7.txt,sd_card_mirror/badusb/!repo/works_both/destruction/Win/directly_ready/Bruce-Scripts-Heaven_BAD/BadUSB-FalsePhilosopher/Ducky/Ducky-Framework/payloads/win/fileDownloaderWin7/fileDownloaderWin7.txt,works_both
sd_card_content/badusb_extra_payloads/destruction/Win/directly_ready/Bruce-Scripts-Heaven_BAD/BadUSB-FalsePhilosopher/Ducky/Ducky-Framework/payloads/win/runExeFromSD/runExeFromSD.txt,sd_card_mirror/badusb/!repo/works_both/destruction/Win/directly_ready/Bruce-Scripts-Heaven_BAD/BadUSB-FalsePhilosopher/Ducky/Ducky-Framework/payloads/win/runExeFromSD/runExeFromSD.txt,works_both
sd_card_content/badusb_extra_payloads/destruction/Win/directly_ready/Bruce-Scripts-Heaven_BAD/BadUSB-FalsePhilosopher/Ducky/Ducky-Framework/payloads/win/SAMandSYSTEMretriver/SAMandSYSTEMretriver.txt,sd_card_mirror/badusb/!repo/works_both/destruction/Win/directly_ready/Bruce-Scripts-Heaven_BAD/BadUSB-FalsePhilosopher/Ducky/Ducky-Framework/payloads/win/SAMandSYSTEMretriver/SAMandSYSTEMretriver.txt,works_both
sd_card_content/badusb_extra_payloads/destruction/Win/directly_ready/Bruce-Scripts-Heaven_BAD/BadUSB-FalsePhilosopher/Ducky/Ducky-Framework/payloads/win/genericBatch/genericBatch.txt,sd_card_mirror/badusb/!repo/works_both/destruction/Win/directly_ready/Bruce-Scripts-Heaven_BAD/BadUSB-FalsePhilosopher/Ducky/Ducky-Framework/payloads/win/genericBatch/genericBatch.txt,works_both
sd_card_content/badusb_extra_payloads/destruction/Win/directly_ready/Bruce-Scripts-Heaven_BAD/BadUSB-FalsePhilosopher/Ducky/Ducky-Framework/payloads/win/runJavaFromSD/runJavaFromSD.txt,sd_card_mirror/badusb/!repo/works_both/destruction/Win/directly_ready/Bruce-Scripts-Heaven_BAD/BadUSB-FalsePhilosopher/Ducky/Ducky-Framework/payloads/win/runJavaFromSD/runJavaFromSD.txt,works_both
sd_card_content/badusb_extra_payloads/destruction/Win/directly_ready/Bruce-Scripts-Heaven_BAD/BadUSB-FalsePhilosopher/Ducky/Ducky-Framework/payloads/win/denyNetAccess/denyNetAccess.txt,sd_card_mirror/badusb/!repo/works_both/destruction/Win/directly_ready/Bruce-Scripts-Heaven_BAD/BadUSB-FalsePhilosopher/Ducky/Ducky-Framework/payloads/win/denyNetAccess/denyNetAccess.txt,works_both
sd_card_content/badusb_extra_payloads/destruction/Win/directly_ready/Bruce-Scripts-Heaven_BAD/BadUSB-FalsePhilosopher/Ducky/USBRubberducky/destructive/Win/GooseCrasher.txt,sd_card_mirror/badusb/!repo/works_both/destruction/Win/directly_ready/Bruce-Scripts-Heaven_BAD/BadUSB-FalsePhilosopher/Ducky/USBRubberducky/destructive/Win/GooseCrasher.txt,works_both
sd_card_content/badusb_extra_payloads/destruction/Win/directly_ready/Bruce-Scripts-Heaven_BAD/BadUSB-FalsePhilosopher/Ducky/USBRubberducky/destructive/Win/Bombs/Folder_Bomb/PLWIN.py,sd_card_mirror/badusb/!repo/works_both/destruction/Win/directly_ready/Bruce-Scripts-Heaven_BAD/BadUSB-FalsePhilosopher/Ducky/USBRubberducky/destructive/Win/Bombs/Folder_Bomb/PLWIN.py,works_both
sd_card_content/badusb_extra_payloads/destruction/Win/directly_ready/Bruce-Scripts-Heaven_BAD/BadUSB-FalsePhilosopher/Ducky/USBRubberducky/destructive/Win/Bombs/Folder_Bomb/quackWL.txt,sd_card_mirror/badusb/!repo/works_both/destruction/Win/directly_ready/Bruce-Scripts-Heaven_BAD/BadUSB-FalsePhilosopher/Ducky/USBRubberducky/destructive/Win/Bombs/Folder_Bomb/quackWL.txt,works_both
sd_card_content/badusb_extra_payloads/destruction/Win/directly_ready/Bruce-Scripts-Heaven_BAD/BadUSB-FalsePhilosopher/Ducky/USBRubberducky/destructive/Win/Bombs/Sys_Forker/ADVRickbombWIP1.txt,sd_card_mirror/badusb/!repo/works_both/destruction/Win/directly_ready/Bruce-Scripts-Heaven_BAD/BadUSB-FalsePhilosopher/Ducky/USBRubberducky/destructive/Win/Bombs/Sys_Forker/ADVRickbombWIP1.txt,works_both
sd_card_content/badusb_extra_payloads/destruction/Win/directly_ready/Bruce-Scripts-Heaven_BAD/BadUSB-FalsePhilosopher/Ducky/USBRubberducky/destructive/Win/Bombs/Sys_Forker/ADVRickbombOL.txt,sd_card_mirror/badusb/!repo/works_both/destruction/Win/directly_ready/Bruce-Scripts-Heaven_BAD/BadUSB-FalsePhilosopher/Ducky/USBRubberducky/destructive/Win/Bombs/Sys_Forker/ADVRickbombOL.txt,works_both
sd_card_content/badusb_extra_payloads/destruction/Win/directly_ready/Bruce-Scripts-Heaven_BAD/BadUSB-FalsePhilosopher/Ducky/USBRubberducky/destructive/Win/Bombs/Sys_Forker/ADVRickBomb.txt,sd_card_mirror/badusb/!repo/works_both/destruction/Win/directly_ready/Bruce-Scripts-Heaven_BAD/BadUSB-FalsePhilosopher/Ducky/USBRubberducky/destructive/Win/Bombs/Sys_Forker/ADVRickBomb.txt,works_both
sd_card_content/badusb_extra_payloads/destruction/Win/directly_ready/Bruce-Scripts-Heaven_BAD/BadUSB-FalsePhilosopher/Ducky/USBRubberducky/destructive/Win/Bombs/tab_bomb/quack10.txt,sd_card_mirror/badusb/!repo/works_both/destruction/Win/directly_ready/Bruce-Scripts-Heaven_BAD/BadUSB-FalsePhilosopher/Ducky/USBRubberducky/destructive/Win/Bombs/tab_bomb/quack10.txt,works_both
sd_card_content/badusb_extra_payloads/destruction/Win/directly_ready/Bruce-Scripts-Heaven_BAD/BadUSB-FalsePhilosopher/Ducky/USBRubberducky/destructive/Win/BSOD/bsod/quackfreeze.txt,sd_card_mirror/badusb/!repo/works_both/destruction/Win/directly_ready/Bruce-Scripts-Heaven_BAD/BadUSB-FalsePhilosopher/Ducky/USBRubberducky/destructive/Win/BSOD/bsod/quackfreeze.txt,works_both
sd_card_content/badusb_extra_payloads/destruction/Win/directly_ready/Bruce-Scripts-Heaven_BAD/BadUSB-FalsePhilosopher/Ducky/USBRubberducky/destructive/Win/BSOD/bsod/quackgithub.txt,sd_card_mirror/badusb/!repo/works_both/destruction/Win/directly_ready/Bruce-Scripts-Heaven_BAD/BadUSB-FalsePhilosopher/Ducky/USBRubberducky/destructive/Win/BSOD/bsod/quackgithub.txt,works_both
sd_card_content/badusb_extra_payloads/destruction/Win/directly_ready/Bruce-Scripts-Heaven_BAD/BadUSB-FalsePhilosopher/Ducky/USBRubberducky/destructive/Win/BSOD/bsod/quackms.txt,sd_card_mirror/badusb/!repo/works_both/destruction/Win/directly_ready/Bruce-Scripts-Heaven_BAD/BadUSB-FalsePhilosopher/Ducky/USBRubberducky/destructive/Win/BSOD/bsod/quackms.txt,works_both
sd_card_content/badusb_extra_payloads/destruction/Win/directly_ready/Bruce-Scripts-Heaven_BAD/BadUSB-FalsePhilosopher/BashBunny/payloads/library/general/-BB-PineApple/PineApple.txt,sd_card_mirror/badusb/!repo/works_both/destruction/Win/directly_ready/Bruce-Scripts-Heaven_BAD/BadUSB-FalsePhilosopher/BashBunny/payloads/library/general/-BB-PineApple/PineApple.txt,works_both
sd_card_content/badusb_extra_payloads/destruction/Win/directly_ready/Bruce-Scripts-Heaven_BAD/BadUSB-FalsePhilosopher/BashBunny/payloads/library/general/BashBunny_Manager/panel/assets/js/jquery.dataTables.min.js,sd_card_mirror/badusb/!repo/works_both/destruction/Win/directly_ready/Bruce-Scripts-Heaven_BAD/BadUSB-FalsePhilosopher/BashBunny/payloads/library/general/BashBunny_Manager/panel/assets/js/jquery.dataTables.min.js,works_both
sd_card_content/badusb_extra_payloads/destruction/Win/directly_ready/Bruce-Scripts-Heaven_BAD/BadUSB-FalsePhilosopher/BashBunny/payloads/library/general/BashBunny_Manager/panel/assets/js/jquery-slim.min.js,sd_card_mirror/badusb/!repo/works_both/destruction/Win/directly_ready/Bruce-Scripts-Heaven_BAD/BadUSB-FalsePhilosopher/BashBunny/payloads/library/general/BashBunny_Manager/panel/assets/js/jquery-slim.min.js,works_both
sd_card_content/badusb_extra_payloads/destruction/Win/directly_ready/Bruce-Scripts-Heaven_BAD/BadUSB-FalsePhilosopher/BashBunny/payloads/library/general/BashBunny_Manager/panel/assets/js/feather.min.js,sd_card_mirror/badusb/!repo/works_both/destruction/Win/directly_ready/Bruce-Scripts-Heaven_BAD/BadUSB-FalsePhilosopher/BashBunny/payloads/library/general/BashBunny_Manager/panel/assets/js/feather.min.js,works_both
sd_card_content/badusb_extra_payloads/destruction/Win/directly_ready/Bruce-Scripts-Heaven_BAD/BadUSB-FalsePhilosopher/BashBunny/payloads/library/general/BashBunny_Manager/panel/assets/js/bootstrap.min.js,sd_card_mirror/badusb/!repo/works_both/destruction/Win/directly_ready/Bruce-Scripts-Heaven_BAD/BadUSB-FalsePhilosopher/BashBunny/payloads/library/general/BashBunny_Manager/panel/assets/js/bootstrap.min.js,works_both
sd_card_content/badusb_extra_payloads/destruction/Win/directly_ready/Bruce-Scripts-Heaven_BAD/BadUSB-FalsePhilosopher/BashBunny/payloads/library/general/BashBunny_Manager/panel/assets/js/popper.min.js,sd_card_mirror/badusb/!repo/works_both/destruction/Win/directly_ready/Bruce-Scripts-Heaven_BAD/BadUSB-FalsePhilosopher/BashBunny/payloads/library/general/BashBunny_Manager/panel/assets/js/popper.min.js,works_both
sd_card_content/badusb_extra_payloads/destruction/Win/directly_ready/Bruce-Scripts-Heaven_BAD/BadUSB-FalsePhilosopher/Misc/Cheat_Sheets/Awesome-cheatsheets/languages/javascript.js,sd_card_mirror/badusb/!repo/works_both/destruction/Win/directly_ready/Bruce-Scripts-Heaven_BAD/BadUSB-FalsePhilosopher/Misc/Cheat_Sheets/Awesome-cheatsheets/languages/javascript.js,works_both
sd_card_content/badusb_extra_payloads/destruction/Win/directly_ready/Bruce-Scripts-Heaven_BAD/BadUSB-FalsePhilosopher/Misc/Cheat_Sheets/Awesome-cheatsheets/frontend/ember.js,sd_card_mirror/badusb/!repo/works_both/destruction/Win/directly_ready/Bruce-Scripts-Heaven_BAD/BadUSB-FalsePhilosopher/Misc/Cheat_Sheets/Awesome-cheatsheets/frontend/ember.js,works_both
sd_card_content/badusb_extra_payloads/destruction/Win/directly_ready/Bruce-Scripts-Heaven_BAD/BadUSB-FalsePhilosopher/Misc/Cheat_Sheets/Awesome-cheatsheets/frontend/angular.js,sd_card_mirror/badusb/!repo/works_both/destruction/Win/directly_ready/Bruce-Scripts-Heaven_BAD/BadUSB-FalsePhilosopher/Misc/Cheat_Sheets/Awesome-cheatsheets/frontend/angular.js,works_both
sd_card_content/badusb_extra_payloads/destruction/Win/directly_ready/Bruce-Scripts-Heaven_BAD/BadUSB-FalsePhilosopher/Misc/Cheat_Sheets/Awesome-cheatsheets/frontend/vue.js,sd_card_mirror/badusb/!repo/works_both/destruction/Win/directly_ready/Bruce-Scripts-Heaven_BAD/BadUSB-FalsePhilosopher/Misc/Cheat_Sheets/Awesome-cheatsheets/frontend/vue.js,works_both
sd_card_content/badusb_extra_payloads/destruction/Win/directly_ready/Bruce-Scripts-Heaven_BAD/BadUSB-FalsePhilosopher/Misc/Cheat_Sheets/Awesome-cheatsheets/backend/moleculer.js,sd_card_mirror/badusb/!repo/works_both/destruction/Win/directly_ready/Bruce-Scripts-Heaven_BAD/BadUSB-FalsePhilosopher/Misc/Cheat_Sheets/Awesome-cheatsheets/backend/moleculer.js,works_both
sd_card_content/badusb_extra_payloads/destruction/Win/directly_ready/Bruce-Scripts-Heaven_BAD/BadUSB-FalsePhilosopher/Misc/Cheat_Sheets/Awesome-cheatsheets/backend/django.py,sd_card_mirror/badusb/!repo/works_both/destruction/Win/directly_ready/Bruce-Scripts-Heaven_BAD/BadUSB-FalsePhilosopher/Misc/Cheat_Sheets/Awesome-cheatsheets/backend/django.py,works_both
sd_card_content/badusb_extra_payloads/destruction/Win/directly_ready/Bruce-Scripts-Heaven_BAD/BadUSB-FalsePhilosopher/Misc/Cheat_Sheets/Awesome-cheatsheets/backend/express.js,sd_card_mirror/badusb/!repo/works_both/destruction/Win/directly_ready/Bruce-Scripts-Heaven_BAD/BadUSB-FalsePhilosopher/Misc/Cheat_Sheets/Awesome-cheatsheets/backend/express.js,works_both
sd_card_content/badusb_extra_payloads/destruction/Win/directly_ready/Bruce-Scripts-Heaven_BAD/BadUSB-FalsePhilosopher/Misc/Cheat_Sheets/Awesome-cheatsheets/backend/sails.js,sd_card_mirror/badusb/!repo/works_both/destruction/Win/directly_ready/Bruce-Scripts-Heaven_BAD/BadUSB-FalsePhilosopher/Misc/Cheat_Sheets/Awesome-cheatsheets/backend/sails.js,works_both
sd_card_content/badusb_extra_payloads/destruction/Win/directly_ready/Bruce-Scripts-Heaven_BAD/BadUSB-FalsePhilosopher/Misc/Cheat_Sheets/Awesome-cheatsheets/backend/feathers.js,sd_card_mirror/badusb/!repo/works_both/destruction/Win/directly_ready/Bruce-Scripts-Heaven_BAD/BadUSB-FalsePhilosopher/Misc/Cheat_Sheets/Awesome-cheatsheets/backend/feathers.js,works_both
sd_card_content/badusb_extra_payloads/destruction/Win/directly_ready/Bruce-Scripts-Heaven_BAD/BadUSB-FalsePhilosopher/Misc/Cheat_Sheets/Awesome-cheatsheets/backend/adonis.js,sd_card_mirror/badusb/!repo/works_both/destruction/Win/directly_ready/Bruce-Scripts-Heaven_BAD/BadUSB-FalsePhilosopher/Misc/Cheat_Sheets/Awesome-cheatsheets/backend/adonis.js,works_both
sd_card_content/badusb_extra_payloads/destruction/Win/directly_ready/Bruce-Scripts-Heaven_BAD/BadUSB-FalsePhilosopher/Misc/Web/Toolbox/toolbox/server/assets/bootstrap-4.5.3.min.js,sd_card_mirror/badusb/!repo/works_both/destruction/Win/directly_ready/Bruce-Scripts-Heaven_BAD/BadUSB-FalsePhilosopher/Misc/Web/Toolbox/toolbox/server/assets/bootstrap-4.5.3.min.js,works_both
sd_card_content/badusb_extra_payloads/destruction/Win/directly_ready/Bruce-Scripts-Heaven_BAD/BadUSB-FalsePhilosopher/Misc/Web/Toolbox/toolbox/server/assets/popper-1.16.1.min.js,sd_card_mirror/badusb/!repo/works_both/destruction/Win/directly_ready/Bruce-Scripts-Heaven_BAD/BadUSB-FalsePhilosopher/Misc/Web/Toolbox/toolbox/server/assets/popper-1.16.1.min.js,works_both
sd_card_content/badusb_extra_payloads/destruction/Win/directly_ready/Bruce-Scripts-Heaven_BAD/BadUSB-FalsePhilosopher/Misc/Web/Toolbox/toolbox/server/assets/jquery-3.5.1.slim.min.js,sd_card_mirror/badusb/!repo/works_both/destruction/Win/directly_ready/Bruce-Scripts-Heaven_BAD/BadUSB-FalsePhilosopher/Misc/Web/Toolbox/toolbox/server/assets/jquery-3.5.1.slim.min.js,works_both
sd_card_content/badusb_extra_payloads/destruction/Win/directly_ready/Bruce-Scripts-Heaven_BAD/BadUSB-FalsePhilosopher/Misc/Scripting/py/seashark.py,sd_card_mirror/badusb/!repo/works_both/destruction/Win/directly_ready/Bruce-Scripts-Heaven_BAD/BadUSB-FalsePhilosopher/Misc/Scripting/py/seashark.py,works_both
sd_card_content/badusb_extra_payloads/destruction/Win/directly_ready/Bruce-Scripts-Heaven_BAD/-RD-Subscribe/Subscribe.txt,sd_card_mirror/badusb/!repo/works_both/destruction/Win/directly_ready/Bruce-Scripts-Heaven_BAD/-RD-Subscribe/Subscribe.txt,works_both
sd_card_content/badusb_extra_payloads/destruction/Win/directly_ready/Bruce-Scripts-Heaven_BAD/Flipper_Zero_Badusb_hack5_payloads/execution/termBomb/payload.txt,sd_card_mirror/badusb/!repo/works_both/destruction/Win/directly_ready/Bruce-Scripts-Heaven_BAD/Flipper_Zero_Badusb_hack5_payloads/execution/termBomb/payload.txt,works_both
sd_card_content/badusb_extra_payloads/destruction/Win/directly_ready/Bruce-Scripts-Heaven_BAD/Flipper_Zero_Badusb_hack5_payloads/general/-RD-PineApple/PineApple-KeyInjection.txt,sd_card_mirror/badusb/!repo/works_both/destruction/Win/directly_ready/Bruce-Scripts-Heaven_BAD/Flipper_Zero_Badusb_hack5_payloads/general/-RD-PineApple/PineApple-KeyInjection.txt,works_both
sd_card_content/badusb_extra_payloads/destruction/Win/directly_ready/Bruce-Scripts-Heaven_BAD/Windows/Execution/CloseAllApplications_Windows/payload.txt,sd_card_mirror/badusb/!repo/works_both/destruction/Win/directly_ready/Bruce-Scripts-Heaven_BAD/Windows/Execution/CloseAllApplications_Windows/payload.txt,works_both
sd_card_content/badusb_extra_payloads/destruction/Win/directly_ready/Bruce-Scripts-Heaven_BAD/PC/blue-screen.txt,sd_card_mirror/badusb/!repo/works_both/destruction/Win/directly_ready/Bruce-Scripts-Heaven_BAD/PC/blue-screen.txt,works_both
sd_card_content/badusb_extra_payloads/destruction/Win/directly_ready/Bruce-Scripts-Heaven_BAD/Tools/Clean-Command-History.txt,sd_card_mirror/badusb/!repo/works_both/destruction/Win/directly_ready/Bruce-Scripts-Heaven_BAD/Tools/Clean-Command-History.txt,works_both
sd_card_content/badusb_extra_payloads/destruction/Win/directly_ready/Bruce-Scripts-Heaven_BAD/RickUpdater/payload.txt,sd_card_mirror/badusb/!repo/works_both/destruction/Win/directly_ready/Bruce-Scripts-Heaven_BAD/RickUpdater/payload.txt,works_both
sd_card_content/badusb_extra_payloads/destruction/Win/directly_ready/Bruce-Scripts-Heaven_BAD/Drop_Zip_Execute/payload.txt,sd_card_mirror/badusb/!repo/works_both/destruction/Win/directly_ready/Bruce-Scripts-Heaven_BAD/Drop_Zip_Execute/payload.txt,works_both
sd_card_content/badusb_extra_payloads/destruction/Win/directly_ready/Bruce-Scripts-Heaven_BAD/HTML_Fork-Bomb/payload-ie.txt,sd_card_mirror/badusb/!repo/works_both/destruction/Win/directly_ready/Bruce-Scripts-Heaven_BAD/HTML_Fork-Bomb/payload-ie.txt,works_both
sd_card_content/badusb_extra_payloads/destruction/Win/directly_ready/Bruce-Scripts-Heaven_BAD/HTML_Fork-Bomb/payload.txt,sd_card_mirror/badusb/!repo/works_both/destruction/Win/directly_ready/Bruce-Scripts-Heaven_BAD/HTML_Fork-Bomb/payload.txt,works_both
sd_card_content/badusb_extra_payloads/destruction/Win/directly_ready/Bruce-Scripts-Heaven_BAD/termBomb/payload.txt,sd_card_mirror/badusb/!repo/works_both/destruction/Win/directly_ready/Bruce-Scripts-Heaven_BAD/termBomb/payload.txt,works_both
sd_card_content/badusb_extra_payloads/destruction/Win/directly_ready/Bruce-Scripts-Heaven_BAD/atomiczsec-BadUSB/FlipperZero/payloads/RanFunWare/payload.txt,sd_card_mirror/badusb/!repo/works_both/destruction/Win/directly_ready/Bruce-Scripts-Heaven_BAD/atomiczsec-BadUSB/FlipperZero/payloads/RanFunWare/payload.txt,works_both
sd_card_content/badusb_extra_payloads/destruction/Win/directly_ready/Bruce-Scripts-Heaven_BAD/Bombs/GooseCrasher.txt,sd_card_mirror/badusb/!repo/works_both/destruction/Win/directly_ready/Bruce-Scripts-Heaven_BAD/Bombs/GooseCrasher.txt,works_both
sd_card_content/badusb_extra_payloads/destruction/Win/directly_ready/Bruce-Scripts-Heaven_BAD/Bombs/32_wants_the_D.txt,sd_card_mirror/badusb/!repo/works_both/destruction/Win/directly_ready/Bruce-Scripts-Heaven_BAD/Bombs/32_wants_the_D.txt,works_both
sd_card_content/badusb_extra_payloads/destruction/Win/directly_ready/Bruce-Scripts-Heaven_BAD/Bombs/Folder_Bomb/Linuxbash.txt,sd_card_mirror/badusb/!repo/works_both/destruction/Win/directly_ready/Bruce-Scripts-Heaven_BAD/Bombs/Folder_Bomb/Linuxbash.txt,works_both
sd_card_content/badusb_extra_payloads/destruction/Win/directly_ready/Bruce-Scripts-Heaven_BAD/Bombs/Sys_Forker/ForkBomb-Win.txt,sd_card_mirror/badusb/!repo/works_both/destruction/Win/directly_ready/Bruce-Scripts-Heaven_BAD/Bombs/Sys_Forker/ForkBomb-Win.txt,works_both
sd_card_content/badusb_extra_payloads/destruction/Win/directly_ready/Bruce-Scripts-Heaven_BAD/Bombs/Sys_Forker/ForkBomb-Linuxmean.txt,sd_card_mirror/badusb/!repo/works_both/destruction/Win/directly_ready/Bruce-Scripts-Heaven_BAD/Bombs/Sys_Forker/ForkBomb-Linuxmean.txt,works_both
sd_card_content/badusb_extra_payloads/destruction/Win/directly_ready/Bruce-Scripts-Heaven_BAD/Bombs/Sys_Forker/Forkbomb-Win_10-11.txt,sd_card_mirror/badusb/!repo/works_both/destruction/Win/directly_ready/Bruce-Scripts-Heaven_BAD/Bombs/Sys_Forker/Forkbomb-Win_10-11.txt,works_both
sd_card_content/badusb_extra_payloads/destruction/Win/directly_ready/Bruce-Scripts-Heaven_BAD/Bombs/Rick_Roll/RR-fileBomb-chorus-Win.txt,sd_card_mirror/badusb/!repo/works_both/destruction/Win/directly_ready/Bruce-Scripts-Heaven_BAD/Bombs/Rick_Roll/RR-fileBomb-chorus-Win.txt,works_both
sd_card_content/badusb_extra_payloads/destruction/Win/directly_ready/Bruce-Scripts-Heaven_BAD/Bombs/Rick_Roll/RR-fileBomb-Win.txt,sd_card_mirror/badusb/!repo/works_both/destruction/Win/directly_ready/Bruce-Scripts-Heaven_BAD/Bombs/Rick_Roll/RR-fileBomb-Win.txt,works_both
sd_card_content/badusb_extra_payloads/destruction/Win/directly_ready/Bruce-Scripts-Heaven_BAD/Bombs/File_Bomb/LinuxshWLmean_bluepill.txt,sd_card_mirror/badusb/!repo/works_both/destruction/Win/directly_ready/Bruce-Scripts-Heaven_BAD/Bombs/File_Bomb/LinuxshWLmean_bluepill.txt,works_both
sd_card_content/badusb_extra_payloads/destruction/Win/directly_ready/Bruce-Scripts-Heaven_BAD/Bombs/File_Bomb/Linuxsh.txt,sd_card_mirror/badusb/!repo/works_both/destruction/Win/directly_ready/Bruce-Scripts-Heaven_BAD/Bombs/File_Bomb/Linuxsh.txt,works_both
sd_card_content/badusb_extra_payloads/destruction/Win/directly_ready/Bruce-Scripts-Heaven_BAD/Bombs/File_Bomb/LinuxshWLevil.txt,sd_card_mirror/badusb/!repo/works_both/destruction/Win/directly_ready/Bruce-Scripts-Heaven_BAD/Bombs/File_Bomb/LinuxshWLevil.txt,works_both
sd_card_content/badusb_extra_payloads/destruction/Win/directly_ready/Bruce-Scripts-Heaven_BAD/Bombs/File_Bomb/LinuxshWL.txt,sd_card_mirror/badusb/!repo/works_both/destruction/Win/directly_ready/Bruce-Scripts-Heaven_BAD/Bombs/File_Bomb/LinuxshWL.txt,works_both
sd_card_content/badusb_extra_payloads/destruction/Win/directly_ready/Bruce-Scripts-Heaven_BAD/Bombs/File_Bomb/LinuxshWLmean.txt,sd_card_mirror/badusb/!repo/works_both/destruction/Win/directly_ready/Bruce-Scripts-Heaven_BAD/Bombs/File_Bomb/LinuxshWLmean.txt,works_both
sd_card_content/badusb_extra_payloads/destruction/Win/directly_ready/Bruce-Scripts-Heaven_BAD/the_f_bomb/payload.txt,sd_card_mirror/badusb/!repo/works_both/destruction/Win/directly_ready/Bruce-Scripts-Heaven_BAD/the_f_bomb/payload.txt,works_both
sd_card_content/badusb_extra_payloads/destruction/Win/directly_ready/Bruce-Scripts-Heaven_BAD/-RD-PineApple/PineApple-KeyInjection.txt,sd_card_mirror/badusb/!repo/works_both/destruction/Win/directly_ready/Bruce-Scripts-Heaven_BAD/-RD-PineApple/PineApple-KeyInjection.txt,works_both
sd_card_content/badusb_extra_payloads/destruction/Win/directly_ready/Bruce-Scripts-Heaven_BAD/Flip-PineApple/PineApple-KeyInjection.txt,sd_card_mirror/badusb/!repo/works_both/destruction/Win/directly_ready/Bruce-Scripts-Heaven_BAD/Flip-PineApple/PineApple-KeyInjection.txt,works_both
sd_card_content/badusb_extra_payloads/destruction/Win/directly_ready/Bruce-Scripts-Heaven_BAD/DUCKY-WIFI_GRABER/payload.txt,sd_card_mirror/badusb/!repo/works_both/destruction/Win/directly_ready/Bruce-Scripts-Heaven_BAD/DUCKY-WIFI_GRABER/payload.txt,works_both
sd_card_content/badusb_extra_payloads/destruction/Win/directly_ready/Bruce-Scripts-Heaven_BAD/Try_To_Catch_Me/script.py,sd_card_mirror/badusb/!repo/works_both/destruction/Win/directly_ready/Bruce-Scripts-Heaven_BAD/Try_To_Catch_Me/script.py,works_both
sd_card_content/badusb_extra_payloads/destruction/Win/directly_ready/Bruce-Scripts-Heaven_BAD/Disable-Windows-Defender-Permanently/payload.txt,sd_card_mirror/badusb/!repo/works_both/destruction/Win/directly_ready/Bruce-Scripts-Heaven_BAD/Disable-Windows-Defender-Permanently/payload.txt,works_both
sd_card_content/badusb_extra_payloads/destruction/Win/directly_ready/Bruce-Scripts-Heaven_BAD/A_Cagey_Takeover/payload.txt,sd_card_mirror/badusb/!repo/works_both/destruction/Win/directly_ready/Bruce-Scripts-Heaven_BAD/A_Cagey_Takeover/payload.txt,works_both
sd_card_content/badusb_extra_payloads/destruction/Win/directly_ready/Bruce-Scripts-Heaven_BAD/BadUSB/UNC0V3R3D-BadUSB-Collection/Windows_Badusb/Execution/Del_Browsers/del_browsers.txt,sd_card_mirror/badusb/!repo/works_both/destruction/Win/directly_ready/Bruce-Scripts-Heaven_BAD/BadUSB/UNC0V3R3D-BadUSB-Collection/Windows_Badusb/Execution/Del_Browsers/del_browsers.txt,works_both
sd_card_content/badusb_extra_payloads/destruction/Win/directly_ready/Bruce-Scripts-Heaven_BAD/BadUSB/RansomwareSimulation/RansomwareSimCleanup.txt,sd_card_mirror/badusb/!repo/works_both/destruction/Win/directly_ready/Bruce-Scripts-Heaven_BAD/BadUSB/RansomwareSimulation/RansomwareSimCleanup.txt,works_both
sd_card_content/badusb_extra_payloads/destruction/Win/directly_ready/Bruce-Scripts-Heaven_BAD/BadUSB/RansomwareSimulation/RansomwareSimMain.txt,sd_card_mirror/badusb/!repo/works_both/destruction/Win/directly_ready/Bruce-Scripts-Heaven_BAD/BadUSB/RansomwareSimulation/RansomwareSimMain.txt,works_both
sd_card_content/badusb_extra_payloads/destruction/Win/directly_ready/Bruce-Scripts-Heaven_BAD/BadUSB/BadUSB-MarkCyber/RansomwareSimulation/RansomwareSimulation1.txt,sd_card_mirror/badusb/!repo/works_both/destruction/Win/directly_ready/Bruce-Scripts-Heaven_BAD/BadUSB/BadUSB-MarkCyber/RansomwareSimulation/RansomwareSimulation1.txt,works_both
sd_card_content/badusb_extra_payloads/destruction/Win/directly_ready/Bruce-Scripts-Heaven_BAD/BadUSB/BadUSB-MarkCyber/RansomwareSimulation/RansomwareSimulation2-cleanup.txt,sd_card_mirror/badusb/!repo/works_both/destruction/Win/directly_ready/Bruce-Scripts-Heaven_BAD/BadUSB/BadUSB-MarkCyber/RansomwareSimulation/RansomwareSimulation2-cleanup.txt,works_both
sd_card_content/badusb_extra_payloads/destruction/Win/directly_ready/Bruce-Scripts-Heaven_BAD/Ducky_Crab/payload.txt,sd_card_mirror/badusb/!repo/works_both/destruction/Win/directly_ready/Bruce-Scripts-Heaven_BAD/Ducky_Crab/payload.txt,works_both
sd_card_content/badusb_extra_payloads/destruction/Win/directly_ready/Bruce-Scripts-Heaven_BAD/UNC0V3R3D-BadUSB/BadUsb-Collection/Windows_Badusb/Execution/Delete_System_32/Delete_System_32.txt,sd_card_mirror/badusb/!repo/works_both/destruction/Win/directly_ready/Bruce-Scripts-Heaven_BAD/UNC0V3R3D-BadUSB/BadUsb-Collection/Windows_Badusb/Execution/Delete_System_32/Delete_System_32.txt,works_both
sd_card_content/badusb_extra_payloads/destruction/Win/directly_ready/Bruce-Scripts-Heaven_BAD/UNC0V3R3D-BadUSB/BadUsb-Collection/Windows_Badusb/MoreSeriousFUN/DeleteMicrosoftStore/DeleteMicrosoftStore.txt,sd_card_mirror/badusb/!repo/works_both/destruction/Win/directly_ready/Bruce-Scripts-Heaven_BAD/UNC0V3R3D-BadUSB/BadUsb-Collection/Windows_Badusb/MoreSeriousFUN/DeleteMicrosoftStore/DeleteMicrosoftStore.txt,works_both
sd_card_content/badusb_extra_payloads/destruction/Win/directly_ready/Bruce-Scripts-Heaven_BAD/UNC0V3R3D-BadUSB/BadUsb-Collection/Windows_Badusb/MoreSeriousFUN/DeleteWindowsMail/DeleteWindowsMail.txt,sd_card_mirror/badusb/!repo/works_both/destruction/Win/directly_ready/Bruce-Scripts-Heaven_BAD/UNC0V3R3D-BadUSB/BadUsb-Collection/Windows_Badusb/MoreSeriousFUN/DeleteWindowsMail/DeleteWindowsMail.txt,works_both
sd_card_content/badusb_extra_payloads/destruction/Win/directly_ready/Bruce-Scripts-Heaven_BAD/UNC0V3R3D-BadUSB/BadUsb-Collection/Windows_Badusb/FUN/Delete_Discord/delete_discord.txt,sd_card_mirror/badusb/!repo/works_both/destruction/Win/directly_ready/Bruce-Scripts-Heaven_BAD/UNC0V3R3D-BadUSB/BadUsb-Collection/Windows_Badusb/FUN/Delete_Discord/delete_discord.txt,works_both
sd_card_content/badusb_extra_payloads/destruction/Win/directly_ready/Bruce-Scripts-Heaven_BAD/UNC0V3R3D-BadUSB/BadUsb-Collection/Windows_Badusb/FUN/Destroy_Pc_with_tabs/Destroy_Pc_with_tabs.txt,sd_card_mirror/badusb/!repo/works_both/destruction/Win/directly_ready/Bruce-Scripts-Heaven_BAD/UNC0V3R3D-BadUSB/BadUsb-Collection/Windows_Badusb/FUN/Destroy_Pc_with_tabs/Destroy_Pc_with_tabs.txt,works_both
sd_card_content/badusb_extra_payloads/destruction/Win/directly_ready/Bruce-Scripts-Heaven_BAD/RanFunWare/payload.txt,sd_card_mirror/badusb/!repo/works_both/destruction/Win/directly_ready/Bruce-Scripts-Heaven_BAD/RanFunWare/payload.txt,works_both
sd_card_content/badusb_extra_payloads/destruction/Win/configuration_needed/Bruce-Scripts-Heaven_BAD/Windows/Execution/Install_Any_Arbitrary_VSCode_Extension/payload.txt,sd_card_mirror/badusb/!repo/works_both/destruction/Win/configuration_needed/Bruce-Scripts-Heaven_BAD/Windows/Execution/Install_Any_Arbitrary_VSCode_Extension/payload.txt,works_both
sd_card_content/badusb_extra_payloads/destruction/Win/configuration_needed/Bruce-Scripts-Heaven_BAD/Add_Local_Admin/payload.txt,sd_card_mirror/badusb/!repo/works_both/destruction/Win/configuration_needed/Bruce-Scripts-Heaven_BAD/Add_Local_Admin/payload.txt,works_both
sd_card_content/badusb_extra_payloads/destruction/Win/configuration_needed/Bruce-Scripts-Heaven_BAD/BadUSB/Bombs/You_are_an_Idiot_Web.txt,sd_card_mirror/badusb/!repo/works_both/destruction/Win/configuration_needed/Bruce-Scripts-Heaven_BAD/BadUSB/Bombs/You_are_an_Idiot_Web.txt,works_both
sd_card_content/badusb_extra_payloads/destruction/Android/directly_ready/BadUsb-Library/Factory-Reset.txt,sd_card_mirror/badusb/!repo/works_both/destruction/Android/directly_ready/BadUsb-Library/Factory-Reset.txt,works_both
sd_card_content/badusb_extra_payloads/destruction/Android/directly_ready/Bruce-Scripts-Heaven_BAD/BadUSB-FalsePhilosopher/BashBunny/docs/readme.txt,sd_card_mirror/badusb/!repo/works_both/destruction/Android/directly_ready/Bruce-Scripts-Heaven_BAD/BadUSB-FalsePhilosopher/BashBunny/docs/readme.txt,works_both
sd_card_content/badusb_extra_payloads/destruction/iOS/directly_ready/Bruce-Scripts-Heaven_BAD/IOS/BadOS/Not MY TABS.txt,sd_card_mirror/badusb/!repo/works_both/destruction/iOS/directly_ready/Bruce-Scripts-Heaven_BAD/IOS/BadOS/Not MY TABS.txt,works_both
sd_card_content/badusb_extra_payloads/destruction/iOS/directly_ready/Bruce-Scripts-Heaven_BAD/omg-payloads-master/payloads/library/mobile/ios/iOS-RickRoll-Photo-Bomb/payload.txt,sd_card_mirror/badusb/!repo/works_both/destruction/iOS/directly_ready/Bruce-Scripts-Heaven_BAD/omg-payloads-master/payloads/library/mobile/ios/iOS-RickRoll-Photo-Bomb/payload.txt,works_both
sd_card_content/badusb_extra_payloads/authentication/Unix-like/macOS/directly_ready/BadUsb-Library/Sudo-Password-Harvester.txt,sd_card_mirror/badusb/!repo/works_both/authentication/Unix-like/macOS/directly_ready/BadUsb-Library/Sudo-Password-Harvester.txt,works_both
sd_card_content/badusb_extra_payloads/authentication/Unix-like/macOS/directly_ready/BadUsb-Library/Password-Phisher.txt,sd_card_mirror/badusb/!repo/works_both/authentication/Unix-like/macOS/directly_ready/BadUsb-Library/Password-Phisher.txt,works_both
sd_card_content/badusb_extra_payloads/authentication/Unix-like/Linux/directly_ready/BadUsb-Library/SSH-Key-Stealer.txt,sd_card_mirror/badusb/!repo/works_both/authentication/Unix-like/Linux/directly_ready/BadUsb-Library/SSH-Key-Stealer.txt,works_both
sd_card_content/badusb_extra_payloads/authentication/Unix-like/Linux/directly_ready/BadUsb-Library/Password-Phisher.txt,sd_card_mirror/badusb/!repo/works_both/authentication/Unix-like/Linux/directly_ready/BadUsb-Library/Password-Phisher.txt,works_both
sd_card_content/badusb_extra_payloads/authentication/Win/directly_ready/BadUsb-Library/datacopier.txt,sd_card_mirror/badusb/!repo/works_both/authentication/Win/directly_ready/BadUsb-Library/datacopier.txt,works_both
sd_card_content/badusb_extra_payloads/authentication/Win/directly_ready/BadUsb-Library/sudograbber.txt,sd_card_mirror/badusb/!repo/works_both/authentication/Win/directly_ready/BadUsb-Library/sudograbber.txt,works_both
sd_card_content/badusb_extra_payloads/authentication/Win/directly_ready/BadUsb-Library/BadUSB_windowsPassDisabler.txt,sd_card_mirror/badusb/!repo/works_both/authentication/Win/directly_ready/BadUsb-Library/BadUSB_windowsPassDisabler.txt,works_both
sd_card_content/badusb_extra_payloads/authentication/Win/directly_ready/BadUsb-Library/README.txt,sd_card_mirror/badusb/!repo/works_both/authentication/Win/directly_ready/BadUsb-Library/README.txt,works_both
sd_card_content/badusb_extra_payloads/authentication/Win/directly_ready/BadUsb-Library/quack.txt,sd_card_mirror/badusb/!repo/works_both/authentication/Win/directly_ready/BadUsb-Library/quack.txt,works_both
sd_card_content/badusb_extra_payloads/authentication/Win/directly_ready/UberGuidoZ_BadUSB/emptythevoid-BadUSB/windows_login_bypass_utilman/win_login_bypass_pt1.txt,sd_card_mirror/badusb/!repo/works_both/authentication/Win/directly_ready/UberGuidoZ_BadUSB/emptythevoid-BadUSB/windows_login_bypass_utilman/win_login_bypass_pt1.txt,works_both
sd_card_content/badusb_extra_payloads/authentication/Win/directly_ready/UberGuidoZ_BadUSB/emptythevoid-BadUSB/windows_login_bypass_utilman/readme.md,sd_card_mirror/badusb/!repo/works_both/authentication/Win/directly_ready/UberGuidoZ_BadUSB/emptythevoid-BadUSB/windows_login_bypass_utilman/readme.md,works_both
sd_card_content/badusb_extra_payloads/authentication/Win/directly_ready/UberGuidoZ_BadUSB/NullSec-BadUSB/25_CreateAdmin.txt,sd_card_mirror/badusb/!repo/works_both/authentication/Win/directly_ready/UberGuidoZ_BadUSB/NullSec-BadUSB/25_CreateAdmin.txt,works_both
sd_card_content/badusb_extra_payloads/authentication/Win/configuration_needed/BadUsb-Library/Fake-Windows-10-Logon.txt,sd_card_mirror/badusb/!repo/works_both/authentication/Win/configuration_needed/BadUsb-Library/Fake-Windows-10-Logon.txt,works_both
sd_card_content/badusb_extra_payloads/authentication/Win/configuration_needed/BadUsb-Library/Chrome-Extension-Keylogger.txt,sd_card_mirror/badusb/!repo/works_both/authentication/Win/configuration_needed/BadUsb-Library/Chrome-Extension-Keylogger.txt,works_both
sd_card_content/badusb_extra_payloads/authentication/Win/configuration_needed/BadUsb-Library/Fake-Windows-11-Logon.txt,sd_card_mirror/badusb/!repo/works_both/authentication/Win/configuration_needed/BadUsb-Library/Fake-Windows-11-Logon.txt,works_both
sd_card_content/badusb_extra_payloads/authentication/Win/configuration_needed/BadUsb-Library/Chrome-DB-to-Discord.txt,sd_card_mirror/badusb/!repo/works_both/authentication/Win/configuration_needed/BadUsb-Library/Chrome-DB-to-Discord.txt,works_both
sd_card_content/badusb_extra_payloads/authentication/Win/configuration_needed/BadUsb-Library/Keylogger-to-Telegram.txt,sd_card_mirror/badusb/!repo/works_both/authentication/Win/configuration_needed/BadUsb-Library/Keylogger-to-Telegram.txt,works_both
sd_card_content/badusb_extra_payloads/authentication/Android/directly_ready/BadUsb-Library/Password-Phisher.txt,sd_card_mirror/badusb/!repo/works_both/authentication/Android/directly_ready/BadUsb-Library/Password-Phisher.txt,works_both
sd_card_content/badusb_extra_payloads/authentication/Android/directly_ready/BadUsb-Library/Biometric-Bypass.txt,sd_card_mirror/badusb/!repo/works_both/authentication/Android/directly_ready/BadUsb-Library/Biometric-Bypass.txt,works_both
sd_card_content/badusb_extra_payloads/authentication/Android/configuration_needed/BadUsb-Library/Keylogger-Telegram.txt,sd_card_mirror/badusb/!repo/works_both/authentication/Android/configuration_needed/BadUsb-Library/Keylogger-Telegram.txt,works_both
sd_card_content/badusb_extra_payloads/authentication/Android/configuration_needed/BadUsb-Library/App-Data-Stealer-Telegram.txt,sd_card_mirror/badusb/!repo/works_both/authentication/Android/configuration_needed/BadUsb-Library/App-Data-Stealer-Telegram.txt,works_both
sd_card_content/badusb_extra_payloads/authentication/iOS/directly_ready/BadUsb-Library/Touch-ID-Bypass.txt,sd_card_mirror/badusb/!repo/works_both/authentication/iOS/directly_ready/BadUsb-Library/Touch-ID-Bypass.txt,works_both
sd_card_content/badusb_extra_payloads/authentication/iOS/directly_ready/BadUsb-Library/Passcode-Bypass.txt,sd_card_mirror/badusb/!repo/works_both/authentication/iOS/directly_ready/BadUsb-Library/Passcode-Bypass.txt,works_both
sd_card_content/badusb_extra_payloads/authentication/iOS/configuration_needed/BadUsb-Library/Keychain-Access-Telegram.txt,sd_card_mirror/badusb/!repo/works_both/authentication/iOS/configuration_needed/BadUsb-Library/Keychain-Access-Telegram.txt,works_both
sd_card_content/badusb_extra_payloads/remote_access/Unix-like/macOS/directly_ready/BadUsb-Library/VNC-Server.txt,sd_card_mirror/badusb/!repo/works_both/remote_access/Unix-like/macOS/directly_ready/BadUsb-Library/VNC-Server.txt,works_both
sd_card_content/badusb_extra_payloads/remote_access/Unix-like/macOS/directly_ready/Bruce-Scripts-Heaven_BAD/MacOS-narstybits/RECON/flipper_only/Infinite Reverse Shell.txt,sd_card_mirror/badusb/!repo/flipper_only/remote_access/Unix-like/macOS/directly_ready/Bruce-Scripts-Heaven_BAD/MacOS-narstybits/RECON/flipper_only/Infinite Reverse Shell.txt,flipper_only
sd_card_content/badusb_extra_payloads/remote_access/Unix-like/macOS/directly_ready/Bruce-Scripts-Heaven_BAD/MacOS-narstybits/RECON/flipper_only/Reverse Shell.txt,sd_card_mirror/badusb/!repo/flipper_only/remote_access/Unix-like/macOS/directly_ready/Bruce-Scripts-Heaven_BAD/MacOS-narstybits/RECON/flipper_only/Reverse Shell.txt,flipper_only
sd_card_content/badusb_extra_payloads/remote_access/Unix-like/macOS/directly_ready/Bruce-Scripts-Heaven_BAD/MacOS-narstybits/Executions/flipper_only/Remote Shell.txt,sd_card_mirror/badusb/!repo/flipper_only/remote_access/Unix-like/macOS/directly_ready/Bruce-Scripts-Heaven_BAD/MacOS-narstybits/Executions/flipper_only/Remote Shell.txt,flipper_only
sd_card_content/badusb_extra_payloads/remote_access/Unix-like/macOS/directly_ready/Bruce-Scripts-Heaven_BAD/MacOS-narstybits/Executions/flipper_only/Virtual Network Remote Access.txt,sd_card_mirror/badusb/!repo/flipper_only/remote_access/Unix-like/macOS/directly_ready/Bruce-Scripts-Heaven_BAD/MacOS-narstybits/Executions/flipper_only/Virtual Network Remote Access.txt,flipper_only
sd_card_content/badusb_extra_payloads/remote_access/Unix-like/macOS/directly_ready/Bruce-Scripts-Heaven_BAD/BadUSB-FalsePhilosopher/Malduino/Library/MACos_Malduino/Library/1011.txt,sd_card_mirror/badusb/!repo/works_both/remote_access/Unix-like/macOS/directly_ready/Bruce-Scripts-Heaven_BAD/BadUSB-FalsePhilosopher/Malduino/Library/MACos_Malduino/Library/1011.txt,works_both
sd_card_content/badusb_extra_payloads/remote_access/Unix-like/macOS/directly_ready/Bruce-Scripts-Heaven_BAD/BadUSB-FalsePhilosopher/Ducky/Ducky-Framework/payloads/osx/userBackdoor/userBackdoor.txt,sd_card_mirror/badusb/!repo/works_both/remote_access/Unix-like/macOS/directly_ready/Bruce-Scripts-Heaven_BAD/BadUSB-FalsePhilosopher/Ducky/Ducky-Framework/payloads/osx/userBackdoor/userBackdoor.txt,works_both
sd_card_content/badusb_extra_payloads/remote_access/Unix-like/macOS/directly_ready/Bruce-Scripts-Heaven_BAD/BadUSB-FalsePhilosopher/Ducky/Ducky-Framework/payloads/osx/rootBackdoor/rootBackdoor.txt,sd_card_mirror/badusb/!repo/works_both/remote_access/Unix-like/macOS/directly_ready/Bruce-Scripts-Heaven_BAD/BadUSB-FalsePhilosopher/Ducky/Ducky-Framework/payloads/osx/rootBackdoor/rootBackdoor.txt,works_both
sd_card_content/badusb_extra_payloads/remote_access/Unix-like/macOS/directly_ready/Bruce-Scripts-Heaven_BAD/BadUSB-FalsePhilosopher/Ducky/Ducky-Framework/payloads/osx/sudoAllNopass/sudoAllNopass.txt,sd_card_mirror/badusb/!repo/works_both/remote_access/Unix-like/macOS/directly_ready/Bruce-Scripts-Heaven_BAD/BadUSB-FalsePhilosopher/Ducky/Ducky-Framework/payloads/osx/sudoAllNopass/sudoAllNopass.txt,works_both
sd_card_content/badusb_extra_payloads/remote_access/Unix-like/macOS/directly_ready/Bruce-Scripts-Heaven_BAD/BadUSB-FalsePhilosopher/Ducky/USBRubberducky/remote_access/Unix-like/Linux/Genesis/Main.py,sd_card_mirror/badusb/!repo/works_both/remote_access/Unix-like/macOS/directly_ready/Bruce-Scripts-Heaven_BAD/BadUSB-FalsePhilosopher/Ducky/USBRubberducky/remote_access/Unix-like/Linux/Genesis/Main.py,works_both
sd_card_content/badusb_extra_payloads/remote_access/Unix-like/macOS/directly_ready/Bruce-Scripts-Heaven_BAD/BadUSB-FalsePhilosopher/Ducky/USBRubberducky/remote_access/Unix-like/OSX/Python-backdoor/1/quack.txt,sd_card_mirror/badusb/!repo/works_both/remote_access/Unix-like/macOS/directly_ready/Bruce-Scripts-Heaven_BAD/BadUSB-FalsePhilosopher/Ducky/USBRubberducky/remote_access/Unix-like/OSX/Python-backdoor/1/quack.txt,works_both
sd_card_content/badusb_extra_payloads/remote_access/Unix-like/macOS/directly_ready/Bruce-Scripts-Heaven_BAD/BadUSB-FalsePhilosopher/Ducky/USBRubberducky/remote_access/Unix-like/OSX/OSRipper/main.py,sd_card_mirror/badusb/!repo/works_both/remote_access/Unix-like/macOS/directly_ready/Bruce-Scripts-Heaven_BAD/BadUSB-FalsePhilosopher/Ducky/USBRubberducky/remote_access/Unix-like/OSX/OSRipper/main.py,works_both
sd_card_content/badusb_extra_payloads/remote_access/Unix-like/macOS/directly_ready/Bruce-Scripts-Heaven_BAD/BadUSB-FalsePhilosopher/Ducky/USBRubberducky/remote_access/Unix-like/OSX/OSRipper/obfuscator.py,sd_card_mirror/badusb/!repo/works_both/remote_access/Unix-like/macOS/directly_ready/Bruce-Scripts-Heaven_BAD/BadUSB-FalsePhilosopher/Ducky/USBRubberducky/remote_access/Unix-like/OSX/OSRipper/obfuscator.py,works_both
sd_card_content/badusb_extra_payloads/remote_access/Unix-like/macOS/directly_ready/Bruce-Scripts-Heaven_BAD/BadUSB-FalsePhilosopher/Ducky/USBRubberducky/remote_access/Win/Python-backdoor/1/src/client/control/control.py,sd_card_mirror/badusb/!repo/works_both/remote_access/Unix-like/macOS/directly_ready/Bruce-Scripts-Heaven_BAD/BadUSB-FalsePhilosopher/Ducky/USBRubberducky/remote_access/Win/Python-backdoor/1/src/client/control/control.py,works_both
sd_card_content/badusb_extra_payloads/remote_access/Unix-like/macOS/directly_ready/Bruce-Scripts-Heaven_BAD/omg-payloads-master/payloads/library/remote_access/revshell_macOS/revshell_macOS.txt,sd_card_mirror/badusb/!repo/works_both/remote_access/Unix-like/macOS/directly_ready/Bruce-Scripts-Heaven_BAD/omg-payloads-master/payloads/library/remote_access/revshell_macOS/revshell_macOS.txt,works_both
sd_card_content/badusb_extra_payloads/remote_access/Unix-like/macOS/directly_ready/Bruce-Scripts-Heaven_BAD/remote_access/Unix-like/OSX/basic_script.txt,sd_card_mirror/badusb/!repo/works_both/remote_access/Unix-like/macOS/directly_ready/Bruce-Scripts-Heaven_BAD/remote_access/Unix-like/OSX/basic_script.txt,works_both
sd_card_content/badusb_extra_payloads/remote_access/Unix-like/macOS/directly_ready/Bruce-Scripts-Heaven_BAD/remote_access/Unix-like/OSX/flipper_only/netcatbackdoor3.txt,sd_card_mirror/badusb/!repo/flipper_only/remote_access/Unix-like/macOS/directly_ready/Bruce-Scripts-Heaven_BAD/remote_access/Unix-like/OSX/flipper_only/netcatbackdoor3.txt,flipper_only
sd_card_content/badusb_extra_payloads/remote_access/Unix-like/macOS/directly_ready/Bruce-Scripts-Heaven_BAD/remote_access/Unix-like/OSX/flipper_only/Root_backdoor.txt,sd_card_mirror/badusb/!repo/flipper_only/remote_access/Unix-like/macOS/directly_ready/Bruce-Scripts-Heaven_BAD/remote_access/Unix-like/OSX/flipper_only/Root_backdoor.txt,flipper_only
sd_card_content/badusb_extra_payloads/remote_access/Unix-like/Linux/directly_ready/BadUsb-Library/SSH-Server-Enabler.txt,sd_card_mirror/badusb/!repo/works_both/remote_access/Unix-like/Linux/directly_ready/BadUsb-Library/SSH-Server-Enabler.txt,works_both
sd_card_content/badusb_extra_payloads/remote_access/Unix-like/Linux/directly_ready/UberGuidoZ_BadUSB/NullSec-BadUSB/22_LinuxReverseShell.txt,sd_card_mirror/badusb/!repo/works_both/remote_access/Unix-like/Linux/directly_ready/UberGuidoZ_BadUSB/NullSec-BadUSB/22_LinuxReverseShell.txt,works_both
sd_card_content/badusb_extra_payloads/remote_access/Unix-like/Linux/directly_ready/Bruce-Scripts-Heaven_BAD/BadUSB-FalsePhilosopher/Ducky/USBRubberducky/remote_access/Unix-like/Linux/Genesis/Update.py,sd_card_mirror/badusb/!repo/works_both/remote_access/Unix-like/Linux/directly_ready/Bruce-Scripts-Heaven_BAD/BadUSB-FalsePhilosopher/Ducky/USBRubberducky/remote_access/Unix-like/Linux/Genesis/Update.py,works_both
sd_card_content/badusb_extra_payloads/remote_access/Unix-like/Linux/directly_ready/Bruce-Scripts-Heaven_BAD/BadUSB-FalsePhilosopher/Ducky/USBRubberducky/remote_access/Unix-like/Linux/Genesis/Plugins/bunnysploit.py,sd_card_mirror/badusb/!repo/works_both/remote_access/Unix-like/Linux/directly_ready/Bruce-Scripts-Heaven_BAD/BadUSB-FalsePhilosopher/Ducky/USBRubberducky/remote_access/Unix-like/Linux/Genesis/Plugins/bunnysploit.py,works_both
sd_card_content/badusb_extra_payloads/remote_access/Unix-like/Linux/directly_ready/Bruce-Scripts-Heaven_BAD/BadUSB-FalsePhilosopher/Ducky/USBRubberducky/remote_access/Unix-like/Linux/Genesis/Plugins/weevely.py,sd_card_mirror/badusb/!repo/works_both/remote_access/Unix-like/Linux/directly_ready/Bruce-Scripts-Heaven_BAD/BadUSB-FalsePhilosopher/Ducky/USBRubberducky/remote_access/Unix-like/Linux/Genesis/Plugins/weevely.py,works_both
sd_card_content/badusb_extra_payloads/remote_access/Unix-like/Linux/directly_ready/Bruce-Scripts-Heaven_BAD/BadUSB-FalsePhilosopher/Ducky/USBRubberducky/remote_access/Unix-like/Linux/Genesis/Plugins/tresspass.py,sd_card_mirror/badusb/!repo/works_both/remote_access/Unix-like/Linux/directly_ready/Bruce-Scripts-Heaven_BAD/BadUSB-FalsePhilosopher/Ducky/USBRubberducky/remote_access/Unix-like/Linux/Genesis/Plugins/tresspass.py,works_both
sd_card_content/badusb_extra_payloads/remote_access/Unix-like/Linux/directly_ready/Bruce-Scripts-Heaven_BAD/BadUSB-FalsePhilosopher/Ducky/USBRubberducky/remote_access/Unix-like/Linux/Genesis/Plugins/enum.py,sd_card_mirror/badusb/!repo/works_both/remote_access/Unix-like/Linux/directly_ready/Bruce-Scripts-Heaven_BAD/BadUSB-FalsePhilosopher/Ducky/USBRubberducky/remote_access/Unix-like/Linux/Genesis/Plugins/enum.py,works_both
sd_card_content/badusb_extra_payloads/remote_access/Unix-like/Linux/directly_ready/Bruce-Scripts-Heaven_BAD/BadUSB-FalsePhilosopher/Ducky/USBRubberducky/remote_access/Win/Python-backdoor/1/src/main_client.py,sd_card_mirror/badusb/!repo/works_both/remote_access/Unix-like/Linux/directly_ready/Bruce-Scripts-Heaven_BAD/BadUSB-FalsePhilosopher/Ducky/USBRubberducky/remote_access/Win/Python-backdoor/1/src/main_client.py,works_both
sd_card_content/badusb_extra_payloads/remote_access/Unix-like/Linux/directly_ready/Bruce-Scripts-Heaven_BAD/BadUSB-FalsePhilosopher/Ducky/USBRubberducky/remote_access/Win/Python-backdoor/1/src/setup.py,sd_card_mirror/badusb/!repo/works_both/remote_access/Unix-like/Linux/directly_ready/Bruce-Scripts-Heaven_BAD/BadUSB-FalsePhilosopher/Ducky/USBRubberducky/remote_access/Win/Python-backdoor/1/src/setup.py,works_both
sd_card_content/badusb_extra_payloads/remote_access/Unix-like/Linux/directly_ready/Bruce-Scripts-Heaven_BAD/BadUSB-FalsePhilosopher/Ducky/USBRubberducky/remote_access/Win/Python-backdoor/1/src/server/view.py,sd_card_mirror/badusb/!repo/works_both/remote_access/Unix-like/Linux/directly_ready/Bruce-Scripts-Heaven_BAD/BadUSB-FalsePhilosopher/Ducky/USBRubberducky/remote_access/Win/Python-backdoor/1/src/server/view.py,works_both
sd_card_content/badusb_extra_payloads/remote_access/Unix-like/Linux/directly_ready/Bruce-Scripts-Heaven_BAD/BadUSB-FalsePhilosopher/Ducky/USBRubberducky/remote_access/Win/Python-backdoor/1/src/definitions/platforms.py,sd_card_mirror/badusb/!repo/works_both/remote_access/Unix-like/Linux/directly_ready/Bruce-Scripts-Heaven_BAD/BadUSB-FalsePhilosopher/Ducky/USBRubberducky/remote_access/Win/Python-backdoor/1/src/definitions/platforms.py,works_both
sd_card_content/badusb_extra_payloads/remote_access/Unix-like/Linux/directly_ready/Bruce-Scripts-Heaven_BAD/BadUSB-FalsePhilosopher/Ducky/USBRubberducky/remote_access/Win/Python-backdoor/1/src/client/client.py,sd_card_mirror/badusb/!repo/works_both/remote_access/Unix-like/Linux/directly_ready/Bruce-Scripts-Heaven_BAD/BadUSB-FalsePhilosopher/Ducky/USBRubberducky/remote_access/Win/Python-backdoor/1/src/client/client.py,works_both
sd_card_content/badusb_extra_payloads/remote_access/Unix-like/Linux/directly_ready/Bruce-Scripts-Heaven_BAD/BadUSB-FalsePhilosopher/Ducky/USBRubberducky/remote_access/Win/Deadshot/Deadshot.py,sd_card_mirror/badusb/!repo/works_both/remote_access/Unix-like/Linux/directly_ready/Bruce-Scripts-Heaven_BAD/BadUSB-FalsePhilosopher/Ducky/USBRubberducky/remote_access/Win/Deadshot/Deadshot.py,works_both
sd_card_content/badusb_extra_payloads/remote_access/Unix-like/Linux/directly_ready/Bruce-Scripts-Heaven_BAD/ReverseDuckyIII/payload.txt,sd_card_mirror/badusb/!repo/works_both/remote_access/Unix-like/Linux/directly_ready/Bruce-Scripts-Heaven_BAD/ReverseDuckyIII/payload.txt,works_both
sd_card_content/badusb_extra_payloads/remote_access/Unix-like/Linux/directly_ready/Bruce-Scripts-Heaven_BAD/Flipper_Zero_Badusb_hack5_payloads/remote_access/ReverseDuckyIII/payload.txt,sd_card_mirror/badusb/!repo/works_both/remote_access/Unix-like/Linux/directly_ready/Bruce-Scripts-Heaven_BAD/Flipper_Zero_Badusb_hack5_payloads/remote_access/ReverseDuckyIII/payload.txt,works_both
sd_card_content/badusb_extra_payloads/remote_access/Unix-like/Linux/directly_ready/Bruce-Scripts-Heaven_BAD/FalsePhilosopher/remote_access/Win/ReverseDucky/ReverseDuckyII.txt,sd_card_mirror/badusb/!repo/works_both/remote_access/Unix-like/Linux/directly_ready/Bruce-Scripts-Heaven_BAD/FalsePhilosopher/remote_access/Win/ReverseDucky/ReverseDuckyII.txt,works_both
sd_card_content/badusb_extra_payloads/remote_access/Unix-like/Linux/directly_ready/Bruce-Scripts-Heaven_BAD/remote_access/Unix-like/Linux/persistentReverseDucky/payload.txt,sd_card_mirror/badusb/!repo/works_both/remote_access/Unix-like/Linux/directly_ready/Bruce-Scripts-Heaven_BAD/remote_access/Unix-like/Linux/persistentReverseDucky/payload.txt,works_both
sd_card_content/badusb_extra_payloads/remote_access/Unix-like/Linux/directly_ready/Bruce-Scripts-Heaven_BAD/remote_access/Win/ReverseDucky/payload.txt,sd_card_mirror/badusb/!repo/works_both/remote_access/Unix-like/Linux/directly_ready/Bruce-Scripts-Heaven_BAD/remote_access/Win/ReverseDucky/payload.txt,works_both
sd_card_content/badusb_extra_payloads/remote_access/Win/directly_ready/I-Am-Jakoby_BadUSB/Payloads/Flip-Credz-Plz/sign-in.jpg,sd_card_mirror/badusb/!repo/works_both/remote_access/Win/directly_ready/I-Am-Jakoby_BadUSB/Payloads/Flip-Credz-Plz/sign-in.jpg,works_both
sd_card_content/badusb_extra_payloads/remote_access/Win/directly_ready/I-Am-Jakoby_BadUSB/Payloads/Flip-PS-Draw/Images/ps-colors.jpg,sd_card_mirror/badusb/!repo/works_both/remote_access/Win/directly_ready/I-Am-Jakoby_BadUSB/Payloads/Flip-PS-Draw/Images/ps-colors.jpg,works_both
sd_card_content/badusb_extra_payloads/remote_access/Win/directly_ready/I-Am-Jakoby_BadUSB/Payloads/Flip-PS-Draw/Images/ps-hak5.jpg,sd_card_mirror/badusb/!repo/works_both/remote_access/Win/directly_ready/I-Am-Jakoby_BadUSB/Payloads/Flip-PS-Draw/Images/ps-hak5.jpg,works_both
sd_card_content/badusb_extra_payloads/remote_access/Win/directly_ready/BadUsb-Library/WINSHELL.txt,sd_card_mirror/badusb/!repo/works_both/remote_access/Win/directly_ready/BadUsb-Library/WINSHELL.txt,works_both
sd_card_content/badusb_extra_payloads/remote_access/Win/directly_ready/BadUsb-Library/mimikatzV2.txt,sd_card_mirror/badusb/!repo/works_both/remote_access/Win/directly_ready/BadUsb-Library/mimikatzV2.txt,works_both
sd_card_content/badusb_extra_payloads/remote_access/Win/directly_ready/BadUsb-Library/mimikatz.txt,sd_card_mirror/badusb/!repo/works_both/remote_access/Win/directly_ready/BadUsb-Library/mimikatz.txt,works_both
sd_card_content/badusb_extra_payloads/remote_access/Win/directly_ready/BadUsb-Library/V3.txt,sd_card_mirror/badusb/!repo/works_both/remote_access/Win/directly_ready/BadUsb-Library/V3.txt,works_both
sd_card_content/badusb_extra_payloads/remote_access/Win/directly_ready/BadUsb-Library/LAN-Tools.txt,sd_card_mirror/badusb/!repo/works_both/remote_access/Win/directly_ready/BadUsb-Library/LAN-Tools.txt,works_both
sd_card_content/badusb_extra_payloads/remote_access/Win/directly_ready/BadUsb-Library/flipper_only/Basic_shell.txt,sd_card_mirror/badusb/!repo/flipper_only/remote_access/Win/directly_ready/BadUsb-Library/flipper_only/Basic_shell.txt,flipper_only
sd_card_content/badusb_extra_payloads/remote_access/Win/directly_ready/UberGuidoZ_BadUSB/UNC0V3R3D-BadUSB-Collection/Windows_Badusb/Remote-Access/CommandLineBackdoor/readme.md,sd_card_mirror/badusb/!repo/works_both/remote_access/Win/directly_ready/UberGuidoZ_BadUSB/UNC0V3R3D-BadUSB-Collection/Windows_Badusb/Remote-Access/CommandLineBackdoor/readme.md,works_both
sd_card_content/badusb_extra_payloads/remote_access/Win/directly_ready/UberGuidoZ_BadUSB/UNC0V3R3D-BadUSB-Collection/Windows_Badusb/Remote-Access/Better-Reverse-Shell/readme.md,sd_card_mirror/badusb/!repo/works_both/remote_access/Win/directly_ready/UberGuidoZ_BadUSB/UNC0V3R3D-BadUSB-Collection/Windows_Badusb/Remote-Access/Better-Reverse-Shell/readme.md,works_both
sd_card_content/badusb_extra_payloads/remote_access/Win/directly_ready/UberGuidoZ_BadUSB/UNC0V3R3D-BadUSB-Collection/Windows_Badusb/Remote-Access/ReversePowershell/readme.md,sd_card_mirror/badusb/!repo/works_both/remote_access/Win/directly_ready/UberGuidoZ_BadUSB/UNC0V3R3D-BadUSB-Collection/Windows_Badusb/Remote-Access/ReversePowershell/readme.md,works_both
sd_card_content/badusb_extra_payloads/remote_access/Win/directly_ready/Bruce-Scripts-Heaven_BAD/BadUSB-FalsePhilosopher/OMG/Library/remote_access/revshell_windows/payload.txt,sd_card_mirror/badusb/!repo/works_both/remote_access/Win/directly_ready/Bruce-Scripts-Heaven_BAD/BadUSB-FalsePhilosopher/OMG/Library/remote_access/revshell_windows/payload.txt,works_both
sd_card_content/badusb_extra_payloads/remote_access/Win/directly_ready/Bruce-Scripts-Heaven_BAD/BadUSB-FalsePhilosopher/OMG/Library/remote_access/persistentReverseOMG/payload.txt,sd_card_mirror/badusb/!repo/works_both/remote_access/Win/directly_ready/Bruce-Scripts-Heaven_BAD/BadUSB-FalsePhilosopher/OMG/Library/remote_access/persistentReverseOMG/payload.txt,works_both
sd_card_content/badusb_extra_payloads/remote_access/Win/directly_ready/Bruce-Scripts-Heaven_BAD/BadUSB-FalsePhilosopher/Malduino/Library/Win/Winmeterpreter.txt,sd_card_mirror/badusb/!repo/works_both/remote_access/Win/directly_ready/Bruce-Scripts-Heaven_BAD/BadUSB-FalsePhilosopher/Malduino/Library/Win/Winmeterpreter.txt,works_both
sd_card_content/badusb_extra_payloads/remote_access/Win/directly_ready/Bruce-Scripts-Heaven_BAD/BadUSB-FalsePhilosopher/Ducky/Ducky-Framework/payloads/win/remotelyPossibleWin7/remotelyPossibleWin7.txt,sd_card_mirror/badusb/!repo/works_both/remote_access/Win/directly_ready/Bruce-Scripts-Heaven_BAD/BadUSB-FalsePhilosopher/Ducky/Ducky-Framework/payloads/win/remotelyPossibleWin7/remotelyPossibleWin7.txt,works_both
sd_card_content/badusb_extra_payloads/remote_access/Win/directly_ready/Bruce-Scripts-Heaven_BAD/BadUSB-FalsePhilosopher/Ducky/Ducky-Framework/payloads/win/ncShell/ncShell.txt,sd_card_mirror/badusb/!repo/works_both/remote_access/Win/directly_ready/Bruce-Scripts-Heaven_BAD/BadUSB-FalsePhilosopher/Ducky/Ducky-Framework/payloads/win/ncShell/ncShell.txt,works_both
sd_card_content/badusb_extra_payloads/remote_access/Win/directly_ready/Bruce-Scripts-Heaven_BAD/BadUSB-FalsePhilosopher/Ducky/Ducky-Framework/payloads/win/daraExfiltrationBackdoor/daraExfiltrationBackdoor.txt,sd_card_mirror/badusb/!repo/works_both/remote_access/Win/directly_ready/Bruce-Scripts-Heaven_BAD/BadUSB-FalsePhilosopher/Ducky/Ducky-Framework/payloads/win/daraExfiltrationBackdoor/daraExfiltrationBackdoor.txt,works_both
sd_card_content/badusb_extra_payloads/remote_access/Win/directly_ready/Bruce-Scripts-Heaven_BAD/BadUSB-FalsePhilosopher/Ducky/Ducky-Framework/payloads/lin/sudoAllNopass/sudoAllNopass.txt,sd_card_mirror/badusb/!repo/works_both/remote_access/Win/directly_ready/Bruce-Scripts-Heaven_BAD/BadUSB-FalsePhilosopher/Ducky/Ducky-Framework/payloads/lin/sudoAllNopass/sudoAllNopass.txt,works_both
sd_card_content/badusb_extra_payloads/remote_access/Win/directly_ready/Bruce-Scripts-Heaven_BAD/BadUSB-FalsePhilosopher/Ducky/USBRubberducky/remote_access/Win/BadUSB_reverseShellInjector/BadUSB_reverseShellInjector.ino,sd_card_mirror/badusb/!repo/works_both/remote_access/Win/directly_ready/Bruce-Scripts-Heaven_BAD/BadUSB-FalsePhilosopher/Ducky/USBRubberducky/remote_access/Win/BadUSB_reverseShellInjector/BadUSB_reverseShellInjector.ino,works_both
sd_card_content/badusb_extra_payloads/remote_access/Win/directly_ready/Bruce-Scripts-Heaven_BAD/BadUSB-FalsePhilosopher/Ducky/USBRubberducky/remote_access/Win/Python-backdoor/2/victim.py,sd_card_mirror/badusb/!repo/works_both/remote_access/Win/directly_ready/Bruce-Scripts-Heaven_BAD/BadUSB-FalsePhilosopher/Ducky/USBRubberducky/remote_access/Win/Python-backdoor/2/victim.py,works_both
sd_card_content/badusb_extra_payloads/remote_access/Win/directly_ready/Bruce-Scripts-Heaven_BAD/BadUSB-FalsePhilosopher/Ducky/USBRubberducky/remote_access/Win/Python-backdoor/2/attacker.py,sd_card_mirror/badusb/!repo/works_both/remote_access/Win/directly_ready/Bruce-Scripts-Heaven_BAD/BadUSB-FalsePhilosopher/Ducky/USBRubberducky/remote_access/Win/Python-backdoor/2/attacker.py,works_both
sd_card_content/badusb_extra_payloads/remote_access/Win/directly_ready/Bruce-Scripts-Heaven_BAD/BadUSB-FalsePhilosopher/Ducky/USBRubberducky/remote_access/Win/Python-backdoor/1/src/encryption.py,sd_card_mirror/badusb/!repo/works_both/remote_access/Win/directly_ready/Bruce-Scripts-Heaven_BAD/BadUSB-FalsePhilosopher/Ducky/USBRubberducky/remote_access/Win/Python-backdoor/1/src/encryption.py,works_both
sd_card_content/badusb_extra_payloads/remote_access/Win/directly_ready/Bruce-Scripts-Heaven_BAD/BadUSB-FalsePhilosopher/Ducky/USBRubberducky/remote_access/Win/Python-backdoor/1/src/encrypted_socket.py,sd_card_mirror/badusb/!repo/works_both/remote_access/Win/directly_ready/Bruce-Scripts-Heaven_BAD/BadUSB-FalsePhilosopher/Ducky/USBRubberducky/remote_access/Win/Python-backdoor/1/src/encrypted_socket.py,works_both
sd_card_content/badusb_extra_payloads/remote_access/Win/directly_ready/Bruce-Scripts-Heaven_BAD/BadUSB-FalsePhilosopher/Ducky/USBRubberducky/remote_access/Win/Python-backdoor/1/src/args.py,sd_card_mirror/badusb/!repo/works_both/remote_access/Win/directly_ready/Bruce-Scripts-Heaven_BAD/BadUSB-FalsePhilosopher/Ducky/USBRubberducky/remote_access/Win/Python-backdoor/1/src/args.py,works_both
sd_card_content/badusb_extra_payloads/remote_access/Win/directly_ready/Bruce-Scripts-Heaven_BAD/BadUSB-FalsePhilosopher/Ducky/USBRubberducky/remote_access/Win/Python-backdoor/1/src/main_server.py,sd_card_mirror/badusb/!repo/works_both/remote_access/Win/directly_ready/Bruce-Scripts-Heaven_BAD/BadUSB-FalsePhilosopher/Ducky/USBRubberducky/remote_access/Win/Python-backdoor/1/src/main_server.py,works_both
sd_card_content/badusb_extra_payloads/remote_access/Win/directly_ready/Bruce-Scripts-Heaven_BAD/BadUSB-FalsePhilosopher/Ducky/USBRubberducky/remote_access/Win/Python-backdoor/1/src/helper.py,sd_card_mirror/badusb/!repo/works_both/remote_access/Win/directly_ready/Bruce-Scripts-Heaven_BAD/BadUSB-FalsePhilosopher/Ducky/USBRubberducky/remote_access/Win/Python-backdoor/1/src/helper.py,works_both
sd_card_content/badusb_extra_payloads/remote_access/Win/directly_ready/Bruce-Scripts-Heaven_BAD/BadUSB-FalsePhilosopher/Ducky/USBRubberducky/remote_access/Win/Python-backdoor/1/src/errors.py,sd_card_mirror/badusb/!repo/works_both/remote_access/Win/directly_ready/Bruce-Scripts-Heaven_BAD/BadUSB-FalsePhilosopher/Ducky/USBRubberducky/remote_access/Win/Python-backdoor/1/src/errors.py,works_both
sd_card_content/badusb_extra_payloads/remote_access/Win/directly_ready/Bruce-Scripts-Heaven_BAD/BadUSB-FalsePhilosopher/Ducky/USBRubberducky/remote_access/Win/Python-backdoor/1/src/logger.py,sd_card_mirror/badusb/!repo/works_both/remote_access/Win/directly_ready/Bruce-Scripts-Heaven_BAD/BadUSB-FalsePhilosopher/Ducky/USBRubberducky/remote_access/Win/Python-backdoor/1/src/logger.py,works_both
sd_card_content/badusb_extra_payloads/remote_access/Win/directly_ready/Bruce-Scripts-Heaven_BAD/BadUSB-FalsePhilosopher/Ducky/USBRubberducky/remote_access/Win/Python-backdoor/1/src/server/control.py,sd_card_mirror/badusb/!repo/works_both/remote_access/Win/directly_ready/Bruce-Scripts-Heaven_BAD/BadUSB-FalsePhilosopher/Ducky/USBRubberducky/remote_access/Win/Python-backdoor/1/src/server/control.py,works_both
sd_card_content/badusb_extra_payloads/remote_access/Win/directly_ready/Bruce-Scripts-Heaven_BAD/BadUSB-FalsePhilosopher/Ducky/USBRubberducky/remote_access/Win/Python-backdoor/1/src/server/server.py,sd_card_mirror/badusb/!repo/works_both/remote_access/Win/directly_ready/Bruce-Scripts-Heaven_BAD/BadUSB-FalsePhilosopher/Ducky/USBRubberducky/remote_access/Win/Python-backdoor/1/src/server/server.py,works_both
sd_card_content/badusb_extra_payloads/remote_access/Win/directly_ready/Bruce-Scripts-Heaven_BAD/BadUSB-FalsePhilosopher/Ducky/USBRubberducky/remote_access/Win/Python-backdoor/1/src/server/__init__.py,sd_card_mirror/badusb/!repo/works_both/remote_access/Win/directly_ready/Bruce-Scripts-Heaven_BAD/BadUSB-FalsePhilosopher/Ducky/USBRubberducky/remote_access/Win/Python-backdoor/1/src/server/__init__.py,works_both
sd_card_content/badusb_extra_payloads/remote_access/Win/directly_ready/Bruce-Scripts-Heaven_BAD/BadUSB-FalsePhilosopher/Ducky/USBRubberducky/remote_access/Win/Python-backdoor/1/src/definitions/commands.py,sd_card_mirror/badusb/!repo/works_both/remote_access/Win/directly_ready/Bruce-Scripts-Heaven_BAD/BadUSB-FalsePhilosopher/Ducky/USBRubberducky/remote_access/Win/Python-backdoor/1/src/definitions/commands.py,works_both
sd_card_content/badusb_extra_payloads/remote_access/Win/directly_ready/Bruce-Scripts-Heaven_BAD/BadUSB-FalsePhilosopher/Ducky/USBRubberducky/remote_access/Win/Python-backdoor/1/src/client/command_handler.py,sd_card_mirror/badusb/!repo/works_both/remote_access/Win/directly_ready/Bruce-Scripts-Heaven_BAD/BadUSB-FalsePhilosopher/Ducky/USBRubberducky/remote_access/Win/Python-backdoor/1/src/client/command_handler.py,works_both
sd_card_content/badusb_extra_payloads/remote_access/Win/directly_ready/Bruce-Scripts-Heaven_BAD/BadUSB-FalsePhilosopher/Ducky/USBRubberducky/remote_access/Win/Python-backdoor/1/src/client/keylogger.py,sd_card_mirror/badusb/!repo/works_both/remote_access/Win/directly_ready/Bruce-Scripts-Heaven_BAD/BadUSB-FalsePhilosopher/Ducky/USBRubberducky/remote_access/Win/Python-backdoor/1/src/client/keylogger.py,works_both
sd_card_content/badusb_extra_payloads/remote_access/Win/directly_ready/Bruce-Scripts-Heaven_BAD/BadUSB-FalsePhilosopher/Ducky/USBRubberducky/remote_access/Win/Python-backdoor/1/src/client/control/unix.py,sd_card_mirror/badusb/!repo/works_both/remote_access/Win/directly_ready/Bruce-Scripts-Heaven_BAD/BadUSB-FalsePhilosopher/Ducky/USBRubberducky/remote_access/Win/Python-backdoor/1/src/client/control/unix.py,works_both
sd_card_content/badusb_extra_payloads/remote_access/Win/directly_ready/Bruce-Scripts-Heaven_BAD/BadUSB-FalsePhilosopher/Ducky/USBRubberducky/remote_access/Win/Python-backdoor/1/src/client/persistence/unix.py,sd_card_mirror/badusb/!repo/works_both/remote_access/Win/directly_ready/Bruce-Scripts-Heaven_BAD/BadUSB-FalsePhilosopher/Ducky/USBRubberducky/remote_access/Win/Python-backdoor/1/src/client/persistence/unix.py,works_both
sd_card_content/badusb_extra_payloads/remote_access/Win/directly_ready/Bruce-Scripts-Heaven_BAD/BadUSB-FalsePhilosopher/Ducky/USBRubberducky/remote_access/Win/Python-backdoor/1/src/client/persistence/windows.py,sd_card_mirror/badusb/!repo/works_both/remote_access/Win/directly_ready/Bruce-Scripts-Heaven_BAD/BadUSB-FalsePhilosopher/Ducky/USBRubberducky/remote_access/Win/Python-backdoor/1/src/client/persistence/windows.py,works_both
sd_card_content/badusb_extra_payloads/remote_access/Win/directly_ready/Bruce-Scripts-Heaven_BAD/BadUSB-FalsePhilosopher/Ducky/USBRubberducky/remote_access/Win/Python-backdoor/1/src/client/persistence/persistence.py,sd_card_mirror/badusb/!repo/works_both/remote_access/Win/directly_ready/Bruce-Scripts-Heaven_BAD/BadUSB-FalsePhilosopher/Ducky/USBRubberducky/remote_access/Win/Python-backdoor/1/src/client/persistence/persistence.py,works_both
sd_card_content/badusb_extra_payloads/remote_access/Win/directly_ready/Bruce-Scripts-Heaven_BAD/BadUSB-FalsePhilosopher/Ducky/USBRubberducky/remote_access/Win/Python-backdoor/1/src/submodule/wesng/wes.py,sd_card_mirror/badusb/!repo/works_both/remote_access/Win/directly_ready/Bruce-Scripts-Heaven_BAD/BadUSB-FalsePhilosopher/Ducky/USBRubberducky/remote_access/Win/Python-backdoor/1/src/submodule/wesng/wes.py,works_both
sd_card_content/badusb_extra_payloads/remote_access/Win/directly_ready/Bruce-Scripts-Heaven_BAD/BadUSB-FalsePhilosopher/Ducky/USBRubberducky/remote_access/Win/Badusb_botnet/badusb_botnet.ino,sd_card_mirror/badusb/!repo/works_both/remote_access/Win/directly_ready/Bruce-Scripts-Heaven_BAD/BadUSB-FalsePhilosopher/Ducky/USBRubberducky/remote_access/Win/Badusb_botnet/badusb_botnet.ino,works_both
sd_card_content/badusb_extra_payloads/remote_access/Win/directly_ready/Bruce-Scripts-Heaven_BAD/BadUSB-FalsePhilosopher/Ducky/USBRubberducky/remote_access/Win/Quick-Reverse-Powershell-Rubber-Ducky/duckycode.txt,sd_card_mirror/badusb/!repo/works_both/remote_access/Win/directly_ready/Bruce-Scripts-Heaven_BAD/BadUSB-FalsePhilosopher/Ducky/USBRubberducky/remote_access/Win/Quick-Reverse-Powershell-Rubber-Ducky/duckycode.txt,works_both
sd_card_content/badusb_extra_payloads/remote_access/Win/directly_ready/Bruce-Scripts-Heaven_BAD/BadUSB-FalsePhilosopher/Ducky/USBRubberducky/remote_access/Win/Lucifer/quack.txt,sd_card_mirror/badusb/!repo/works_both/remote_access/Win/directly_ready/Bruce-Scripts-Heaven_BAD/BadUSB-FalsePhilosopher/Ducky/USBRubberducky/remote_access/Win/Lucifer/quack.txt,works_both
sd_card_content/badusb_extra_payloads/remote_access/Win/directly_ready/Bruce-Scripts-Heaven_BAD/BadUSB-FalsePhilosopher/Ducky/USBRubberducky/remote_access/Win/Deadshot/quack.txt,sd_card_mirror/badusb/!repo/works_both/remote_access/Win/directly_ready/Bruce-Scripts-Heaven_BAD/BadUSB-FalsePhilosopher/Ducky/USBRubberducky/remote_access/Win/Deadshot/quack.txt,works_both
sd_card_content/badusb_extra_payloads/remote_access/Win/directly_ready/Bruce-Scripts-Heaven_BAD/BadUSB-FalsePhilosopher/BashBunny/payloads/library/credentials/BunnyTap/target_backdoor.js,sd_card_mirror/badusb/!repo/works_both/remote_access/Win/directly_ready/Bruce-Scripts-Heaven_BAD/BadUSB-FalsePhilosopher/BashBunny/payloads/library/credentials/BunnyTap/target_backdoor.js,works_both
sd_card_content/badusb_extra_payloads/remote_access/Win/directly_ready/Bruce-Scripts-Heaven_BAD/BadUSB-FalsePhilosopher/BashBunny/payloads/library/remote_access/WindowsMeterpreterStaged/windows-staged-meterpreter.txt,sd_card_mirror/badusb/!repo/works_both/remote_access/Win/directly_ready/Bruce-Scripts-Heaven_BAD/BadUSB-FalsePhilosopher/BashBunny/payloads/library/remote_access/WindowsMeterpreterStaged/windows-staged-meterpreter.txt,works_both
sd_card_content/badusb_extra_payloads/remote_access/Win/directly_ready/Bruce-Scripts-Heaven_BAD/BadUSB-FalsePhilosopher/BashBunny/payloads/library/remote_access/SingleSecondShell/ducky_script.txt,sd_card_mirror/badusb/!repo/works_both/remote_access/Win/directly_ready/Bruce-Scripts-Heaven_BAD/BadUSB-FalsePhilosopher/BashBunny/payloads/library/remote_access/SingleSecondShell/ducky_script.txt,works_both
sd_card_content/badusb_extra_payloads/remote_access/Win/directly_ready/Bruce-Scripts-Heaven_BAD/Flipper_Zero_Badusb_hack5_payloads/remote_access/persistentReverseDucky/payload.txt,sd_card_mirror/badusb/!repo/works_both/remote_access/Win/directly_ready/Bruce-Scripts-Heaven_BAD/Flipper_Zero_Badusb_hack5_payloads/remote_access/persistentReverseDucky/payload.txt,works_both
sd_card_content/badusb_extra_payloads/remote_access/Win/directly_ready/Bruce-Scripts-Heaven_BAD/Flipper_Zero_Badusb_hack5_payloads/remote_access/win_winrm-backdoor/payload.txt,sd_card_mirror/badusb/!repo/works_both/remote_access/Win/directly_ready/Bruce-Scripts-Heaven_BAD/Flipper_Zero_Badusb_hack5_payloads/remote_access/win_winrm-backdoor/payload.txt,works_both
sd_card_content/badusb_extra_payloads/remote_access/Win/directly_ready/Bruce-Scripts-Heaven_BAD/Flipper_Zero_Badusb_hack5_payloads/remote_access/NSHELL/Payload.txt.txt,sd_card_mirror/badusb/!repo/works_both/remote_access/Win/directly_ready/Bruce-Scripts-Heaven_BAD/Flipper_Zero_Badusb_hack5_payloads/remote_access/NSHELL/Payload.txt.txt,works_both
sd_card_content/badusb_extra_payloads/remote_access/Win/directly_ready/Bruce-Scripts-Heaven_BAD/Discord-Reverse-Shell/Discord-Reverse-Shell.txt,sd_card_mirror/badusb/!repo/works_both/remote_access/Win/directly_ready/Bruce-Scripts-Heaven_BAD/Discord-Reverse-Shell/Discord-Reverse-Shell.txt,works_both
sd_card_content/badusb_extra_payloads/remote_access/Win/directly_ready/Bruce-Scripts-Heaven_BAD/win_smb-backdoor/payload.txt,sd_card_mirror/badusb/!repo/works_both/remote_access/Win/directly_ready/Bruce-Scripts-Heaven_BAD/win_smb-backdoor/payload.txt,works_both
sd_card_content/badusb_extra_payloads/remote_access/Win/directly_ready/Bruce-Scripts-Heaven_BAD/ReverseShell/ReverseShell.txt,sd_card_mirror/badusb/!repo/works_both/remote_access/Win/directly_ready/Bruce-Scripts-Heaven_BAD/ReverseShell/ReverseShell.txt,works_both
sd_card_content/badusb_extra_payloads/remote_access/Win/directly_ready/Bruce-Scripts-Heaven_BAD/DuckyLogger2/payload.txt,sd_card_mirror/badusb/!repo/works_both/remote_access/Win/directly_ready/Bruce-Scripts-Heaven_BAD/DuckyLogger2/payload.txt,works_both
sd_card_content/badusb_extra_payloads/remote_access/Win/directly_ready/Bruce-Scripts-Heaven_BAD/DuckyLogger/payload.txt,sd_card_mirror/badusb/!repo/works_both/remote_access/Win/directly_ready/Bruce-Scripts-Heaven_BAD/DuckyLogger/payload.txt,works_both
sd_card_content/badusb_extra_payloads/remote_access/Win/directly_ready/Bruce-Scripts-Heaven_BAD/sudoSnatch/payload.txt,sd_card_mirror/badusb/!repo/works_both/remote_access/Win/directly_ready/Bruce-Scripts-Heaven_BAD/sudoSnatch/payload.txt,works_both
sd_card_content/badusb_extra_payloads/remote_access/Win/directly_ready/Bruce-Scripts-Heaven_BAD/persistentReverseDucky/payload.txt,sd_card_mirror/badusb/!repo/works_both/remote_access/Win/directly_ready/Bruce-Scripts-Heaven_BAD/persistentReverseDucky/payload.txt,works_both
sd_card_content/badusb_extra_payloads/remote_access/Win/directly_ready/Bruce-Scripts-Heaven_BAD/Reverse Shells and C2/Simple-Discord-BOT-CLI.txt,sd_card_mirror/badusb/!repo/works_both/remote_access/Win/directly_ready/Bruce-Scripts-Heaven_BAD/Reverse Shells and C2/Simple-Discord-BOT-CLI.txt,works_both
sd_card_content/badusb_extra_payloads/remote_access/Win/directly_ready/Bruce-Scripts-Heaven_BAD/Persistent_Reverse_Shell-Telegram_Based/connection.py,sd_card_mirror/badusb/!repo/works_both/remote_access/Win/directly_ready/Bruce-Scripts-Heaven_BAD/Persistent_Reverse_Shell-Telegram_Based/connection.py,works_both
sd_card_content/badusb_extra_payloads/remote_access/Win/directly_ready/Bruce-Scripts-Heaven_BAD/win_winrm-backdoor/payload.txt,sd_card_mirror/badusb/!repo/works_both/remote_access/Win/directly_ready/Bruce-Scripts-Heaven_BAD/win_winrm-backdoor/payload.txt,works_both
sd_card_content/badusb_extra_payloads/remote_access/Win/directly_ready/Bruce-Scripts-Heaven_BAD/quackberry/bash_reverse_shell_bashrc_persistence.txt,sd_card_mirror/badusb/!repo/works_both/remote_access/Win/directly_ready/Bruce-Scripts-Heaven_BAD/quackberry/bash_reverse_shell_bashrc_persistence.txt,works_both
sd_card_content/badusb_extra_payloads/remote_access/Win/directly_ready/Bruce-Scripts-Heaven_BAD/quackberry/bash_reverse_shell_profile_persistence.txt,sd_card_mirror/badusb/!repo/works_both/remote_access/Win/directly_ready/Bruce-Scripts-Heaven_BAD/quackberry/bash_reverse_shell_profile_persistence.txt,works_both
sd_card_content/badusb_extra_payloads/remote_access/Win/directly_ready/Bruce-Scripts-Heaven_BAD/quackberry/ssh_backdoor.txt,sd_card_mirror/badusb/!repo/works_both/remote_access/Win/directly_ready/Bruce-Scripts-Heaven_BAD/quackberry/ssh_backdoor.txt,works_both
sd_card_content/badusb_extra_payloads/remote_access/Win/directly_ready/Bruce-Scripts-Heaven_BAD/quackberry/python_reverse_shell_cron_persistence.txt,sd_card_mirror/badusb/!repo/works_both/remote_access/Win/directly_ready/Bruce-Scripts-Heaven_BAD/quackberry/python_reverse_shell_cron_persistence.txt,works_both
sd_card_content/badusb_extra_payloads/remote_access/Win/directly_ready/Bruce-Scripts-Heaven_BAD/quackberry/bash_reverse_shell.txt,sd_card_mirror/badusb/!repo/works_both/remote_access/Win/directly_ready/Bruce-Scripts-Heaven_BAD/quackberry/bash_reverse_shell.txt,works_both
sd_card_content/badusb_extra_payloads/remote_access/Win/directly_ready/Bruce-Scripts-Heaven_BAD/quackberry/local_web_server_backdoor/local_web_server_backdoor.txt,sd_card_mirror/badusb/!repo/works_both/remote_access/Win/directly_ready/Bruce-Scripts-Heaven_BAD/quackberry/local_web_server_backdoor/local_web_server_backdoor.txt,works_both
sd_card_content/badusb_extra_payloads/remote_access/Win/directly_ready/Bruce-Scripts-Heaven_BAD/Netcat-Reverseshell-On-Log-In/payload.txt,sd_card_mirror/badusb/!repo/works_both/remote_access/Win/directly_ready/Bruce-Scripts-Heaven_BAD/Netcat-Reverseshell-On-Log-In/payload.txt,works_both
sd_card_content/badusb_extra_payloads/remote_access/Win/directly_ready/Bruce-Scripts-Heaven_BAD/NSHELL/Payload.txt.txt,sd_card_mirror/badusb/!repo/works_both/remote_access/Win/directly_ready/Bruce-Scripts-Heaven_BAD/NSHELL/Payload.txt.txt,works_both
sd_card_content/badusb_extra_payloads/remote_access/Win/directly_ready/Bruce-Scripts-Heaven_BAD/BadUSB/InfoSecREDD_Payloads/C2-Data-Exfil-Discord.txt,sd_card_mirror/badusb/!repo/works_both/remote_access/Win/directly_ready/Bruce-Scripts-Heaven_BAD/BadUSB/InfoSecREDD_Payloads/C2-Data-Exfil-Discord.txt,works_both
sd_card_content/badusb_extra_payloads/remote_access/Win/directly_ready/Bruce-Scripts-Heaven_BAD/Discord-C2/Discord C2 Client.txt,sd_card_mirror/badusb/!repo/works_both/remote_access/Win/directly_ready/Bruce-Scripts-Heaven_BAD/Discord-C2/Discord C2 Client.txt,works_both
sd_card_content/badusb_extra_payloads/remote_access/Win/directly_ready/Bruce-Scripts-Heaven_BAD/remote_access/Win/win10lockpick.txt,sd_card_mirror/badusb/!repo/works_both/remote_access/Win/directly_ready/Bruce-Scripts-Heaven_BAD/remote_access/Win/win10lockpick.txt,works_both
sd_card_content/badusb_extra_payloads/remote_access/Win/directly_ready/Bruce-Scripts-Heaven_BAD/UNC0V3R3D-BadUSB/BadUsb-Collection/Windows_Badusb/Remote-Access/CommandLineBackdoor/CommandLineBackdoor.txt,sd_card_mirror/badusb/!repo/works_both/remote_access/Win/directly_ready/Bruce-Scripts-Heaven_BAD/UNC0V3R3D-BadUSB/BadUsb-Collection/Windows_Badusb/Remote-Access/CommandLineBackdoor/CommandLineBackdoor.txt,works_both
sd_card_content/badusb_extra_payloads/remote_access/Win/configuration_needed/BadUsb-Library/duckycode.txt,sd_card_mirror/badusb/!repo/works_both/remote_access/Win/configuration_needed/BadUsb-Library/duckycode.txt,works_both
sd_card_content/badusb_extra_payloads/remote_access/Win/configuration_needed/BadUsb-Library/Screenshare-Over-LAN.txt,sd_card_mirror/badusb/!repo/works_both/remote_access/Win/configuration_needed/BadUsb-Library/Screenshare-Over-LAN.txt,works_both
sd_card_content/badusb_extra_payloads/remote_access/Win/configuration_needed/BadUsb-Library/ReverseDucky.txt,sd_card_mirror/badusb/!repo/works_both/remote_access/Win/configuration_needed/BadUsb-Library/ReverseDucky.txt,works_both
sd_card_content/badusb_extra_payloads/remote_access/Win/configuration_needed/BadUsb-Library/gnomed.txt,sd_card_mirror/badusb/!repo/works_both/remote_access/Win/configuration_needed/BadUsb-Library/gnomed.txt,works_both
sd_card_content/badusb_extra_payloads/remote_access/Android/directly_ready/Bruce-Scripts-Heaven_BAD/BadUSB-FalsePhilosopher/OMG/Library/mobile/android/meterpreter/payload-alt-MG-Android10.txt,sd_card_mirror/badusb/!repo/works_both/remote_access/Android/directly_ready/Bruce-Scripts-Heaven_BAD/BadUSB-FalsePhilosopher/OMG/Library/mobile/android/meterpreter/payload-alt-MG-Android10.txt,works_both
sd_card_content/badusb_extra_payloads/remote_access/Android/directly_ready/Bruce-Scripts-Heaven_BAD/BadUSB-FalsePhilosopher/OMG/Library/mobile/android/meterpreter/payload.txt,sd_card_mirror/badusb/!repo/works_both/remote_access/Android/directly_ready/Bruce-Scripts-Heaven_BAD/BadUSB-FalsePhilosopher/OMG/Library/mobile/android/meterpreter/payload.txt,works_both
sd_card_content/badusb_extra_payloads/remote_access/Android/directly_ready/Bruce-Scripts-Heaven_BAD/BadUSB-FalsePhilosopher/OMG/Library/mobile/android/meterpreter/payload-alt-MG-Android11.txt,sd_card_mirror/badusb/!repo/works_both/remote_access/Android/directly_ready/Bruce-Scripts-Heaven_BAD/BadUSB-FalsePhilosopher/OMG/Library/mobile/android/meterpreter/payload-alt-MG-Android11.txt,works_both
sd_card_content/badusb_extra_payloads/remote_access/Android/directly_ready/Bruce-Scripts-Heaven_BAD/BadUSB-FalsePhilosopher/Ducky/USBRubberducky/remote_access/Unix-like/Android/AndroRAT/quack.txt,sd_card_mirror/badusb/!repo/works_both/remote_access/Android/directly_ready/Bruce-Scripts-Heaven_BAD/BadUSB-FalsePhilosopher/Ducky/USBRubberducky/remote_access/Unix-like/Android/AndroRAT/quack.txt,works_both
sd_card_content/badusb_extra_payloads/remote_access/Android/directly_ready/Bruce-Scripts-Heaven_BAD/BadUSB-FalsePhilosopher/Ducky/USBRubberducky/remote_access/Win/Deadshot/Deadshotserver.py,sd_card_mirror/badusb/!repo/works_both/remote_access/Android/directly_ready/Bruce-Scripts-Heaven_BAD/BadUSB-FalsePhilosopher/Ducky/USBRubberducky/remote_access/Win/Deadshot/Deadshotserver.py,works_both
sd_card_content/badusb_extra_payloads/remote_access/iOS/directly_ready/I-Am-Jakoby_BadUSB/Payloads/Flip-Credz-Plz/authentication.jpg,sd_card_mirror/badusb/!repo/works_both/remote_access/iOS/directly_ready/I-Am-Jakoby_BadUSB/Payloads/Flip-Credz-Plz/authentication.jpg,works_both
sd_card_content/badusb_extra_payloads/remote_access/iOS/directly_ready/I-Am-Jakoby_BadUSB/Payloads/Flip-PS-Draw/Images/PS-Draw.jpg,sd_card_mirror/badusb/!repo/works_both/remote_access/iOS/directly_ready/I-Am-Jakoby_BadUSB/Payloads/Flip-PS-Draw/Images/PS-Draw.jpg,works_both
sd_card_content/badusb_extra_payloads/remote_access/iOS/directly_ready/I-Am-Jakoby_BadUSB/Payloads/Flip-We-Found-You/location.jpg,sd_card_mirror/badusb/!repo/works_both/remote_access/iOS/directly_ready/I-Am-Jakoby_BadUSB/Payloads/Flip-We-Found-You/location.jpg,works_both
sd_card_content/badusb_extra_payloads/remote_access/iOS/directly_ready/UberGuidoZ_BadUSB/MacOS-narstybits/Executions Readme.md,sd_card_mirror/badusb/!repo/works_both/remote_access/iOS/directly_ready/UberGuidoZ_BadUSB/MacOS-narstybits/Executions Readme.md,works_both
sd_card_content/badusb_extra_payloads/remote_access/iOS/configuration_needed/Bruce-Scripts-Heaven_BAD/GNU-Linux/Incident_Response/Auto-Check_Cisco_IOS_XE_Backdoor_based_on_CVE-2023-20198_and_CVE/payload.txt,sd_card_mirror/badusb/!repo/works_both/remote_access/iOS/configuration_needed/Bruce-Scripts-Heaven_BAD/GNU-Linux/Incident_Response/Auto-Check_Cisco_IOS_XE_Backdoor_based_on_CVE-2023-20198_and_CVE/payload.txt,works_both
sd_card_content/badusb_extra_payloads/prank/Unix-like/macOS/directly_ready/BadUsb-Library/remap.ass.txt,sd_card_mirror/badusb/!repo/works_both/prank/Unix-like/macOS/directly_ready/BadUsb-Library/remap.ass.txt,works_both
sd_card_content/badusb_extra_payloads/prank/Unix-like/macOS/directly_ready/BadUsb-Library/Desktop-Wallpaper.txt,sd_card_mirror/badusb/!repo/works_both/prank/Unix-like/macOS/directly_ready/BadUsb-Library/Desktop-Wallpaper.txt,works_both
sd_card_content/badusb_extra_payloads/prank/Unix-like/macOS/directly_ready/BadUsb-Library/Desktop-Icons-Scrambler.txt,sd_card_mirror/badusb/!repo/works_both/prank/Unix-like/macOS/directly_ready/BadUsb-Library/Desktop-Icons-Scrambler.txt,works_both
sd_card_content/badusb_extra_payloads/prank/Unix-like/macOS/directly_ready/BadUsb-Library/remap.dvorak.txt,sd_card_mirror/badusb/!repo/works_both/prank/Unix-like/macOS/directly_ready/BadUsb-Library/remap.dvorak.txt,works_both
sd_card_content/badusb_extra_payloads/prank/Unix-like/macOS/directly_ready/BadUsb-Library/remap.dvorak-revert.txt,sd_card_mirror/badusb/!repo/works_both/prank/Unix-like/macOS/directly_ready/BadUsb-Library/remap.dvorak-revert.txt,works_both
sd_card_content/badusb_extra_payloads/prank/Unix-like/macOS/directly_ready/BadUsb-Library/Volume-Max.txt,sd_card_mirror/badusb/!repo/works_both/prank/Unix-like/macOS/directly_ready/BadUsb-Library/Volume-Max.txt,works_both
sd_card_content/badusb_extra_payloads/prank/Unix-like/macOS/directly_ready/BadUsb-Library/remap.txt,sd_card_mirror/badusb/!repo/works_both/prank/Unix-like/macOS/directly_ready/BadUsb-Library/remap.txt,works_both
sd_card_content/badusb_extra_payloads/prank/Unix-like/macOS/directly_ready/BadUsb-Library/MacOS-Deactivate.txt,sd_card_mirror/badusb/!repo/works_both/prank/Unix-like/macOS/directly_ready/BadUsb-Library/MacOS-Deactivate.txt,works_both
sd_card_content/badusb_extra_payloads/prank/Unix-like/macOS/directly_ready/UberGuidoZ_BadUSB/MacOS-narstybits/Warning  Readme.md,sd_card_mirror/badusb/!repo/works_both/prank/Unix-like/macOS/directly_ready/UberGuidoZ_BadUSB/MacOS-narstybits/Warning  Readme.md,works_both
sd_card_content/badusb_extra_payloads/prank/Unix-like/macOS/directly_ready/UberGuidoZ_BadUSB/Windows_MacOS_ascii-live_CMD_Rickroll/README.md,sd_card_mirror/badusb/!repo/works_both/prank/Unix-like/macOS/directly_ready/UberGuidoZ_BadUSB/Windows_MacOS_ascii-live_CMD_Rickroll/README.md,works_both
sd_card_content/badusb_extra_payloads/prank/Unix-like/macOS/directly_ready/Bruce-Scripts-Heaven_BAD/Party_Parrot_OSX.txt,sd_card_mirror/badusb/!repo/works_both/prank/Unix-like/macOS/directly_ready/Bruce-Scripts-Heaven_BAD/Party_Parrot_OSX.txt,works_both
sd_card_content/badusb_extra_payloads/prank/Unix-like/macOS/directly_ready/Bruce-Scripts-Heaven_BAD/RickRoll_YT_OSX.txt,sd_card_mirror/badusb/!repo/works_both/prank/Unix-like/macOS/directly_ready/Bruce-Scripts-Heaven_BAD/RickRoll_YT_OSX.txt,works_both
sd_card_content/badusb_extra_payloads/prank/Unix-like/macOS/directly_ready/Bruce-Scripts-Heaven_BAD/RickRoll_Term_OSX.txt,sd_card_mirror/badusb/!repo/works_both/prank/Unix-like/macOS/directly_ready/Bruce-Scripts-Heaven_BAD/RickRoll_Term_OSX.txt,works_both
sd_card_content/badusb_extra_payloads/prank/Unix-like/macOS/directly_ready/Bruce-Scripts-Heaven_BAD/MacOS-narstybits/Pranks/flipper_only/Thomas The Train.txt,sd_card_mirror/badusb/!repo/flipper_only/prank/Unix-like/macOS/directly_ready/Bruce-Scripts-Heaven_BAD/MacOS-narstybits/Pranks/flipper_only/Thomas The Train.txt,flipper_only
sd_card_content/badusb_extra_payloads/prank/Unix-like/macOS/directly_ready/Bruce-Scripts-Heaven_BAD/MacOS-narstybits/Pranks/flipper_only/Hacker Typer Minecraft.txt,sd_card_mirror/badusb/!repo/flipper_only/prank/Unix-like/macOS/directly_ready/Bruce-Scripts-Heaven_BAD/MacOS-narstybits/Pranks/flipper_only/Hacker Typer Minecraft.txt,flipper_only
sd_card_content/badusb_extra_payloads/prank/Unix-like/macOS/directly_ready/Bruce-Scripts-Heaven_BAD/MacOS-narstybits/Pranks/flipper_only/MacWildRideV2.txt,sd_card_mirror/badusb/!repo/flipper_only/prank/Unix-like/macOS/directly_ready/Bruce-Scripts-Heaven_BAD/MacOS-narstybits/Pranks/flipper_only/MacWildRideV2.txt,flipper_only
sd_card_content/badusb_extra_payloads/prank/Unix-like/macOS/directly_ready/Bruce-Scripts-Heaven_BAD/MacOS-narstybits/Pranks/flipper_only/Hacker Typer F Society.txt,sd_card_mirror/badusb/!repo/flipper_only/prank/Unix-like/macOS/directly_ready/Bruce-Scripts-Heaven_BAD/MacOS-narstybits/Pranks/flipper_only/Hacker Typer F Society.txt,flipper_only
sd_card_content/badusb_extra_payloads/prank/Unix-like/macOS/directly_ready/Bruce-Scripts-Heaven_BAD/MacOS-narstybits/Pranks/flipper_only/Hacker Typer Blue.txt,sd_card_mirror/badusb/!repo/flipper_only/prank/Unix-like/macOS/directly_ready/Bruce-Scripts-Heaven_BAD/MacOS-narstybits/Pranks/flipper_only/Hacker Typer Blue.txt,flipper_only
sd_card_content/badusb_extra_payloads/prank/Unix-like/macOS/directly_ready/Bruce-Scripts-Heaven_BAD/MacOS-narstybits/Pranks/flipper_only/RIckRoll.txt,sd_card_mirror/badusb/!repo/flipper_only/prank/Unix-like/macOS/directly_ready/Bruce-Scripts-Heaven_BAD/MacOS-narstybits/Pranks/flipper_only/RIckRoll.txt,flipper_only
sd_card_content/badusb_extra_payloads/prank/Unix-like/macOS/directly_ready/Bruce-Scripts-Heaven_BAD/MacOS-narstybits/Pranks/flipper_only/Hacker Typer NASA.txt,sd_card_mirror/badusb/!repo/flipper_only/prank/Unix-like/macOS/directly_ready/Bruce-Scripts-Heaven_BAD/MacOS-narstybits/Pranks/flipper_only/Hacker Typer NASA.txt,flipper_only
sd_card_content/badusb_extra_payloads/prank/Unix-like/macOS/directly_ready/Bruce-Scripts-Heaven_BAD/MacOS-narstybits/Pranks/flipper_only/pipeseroni.txt,sd_card_mirror/badusb/!repo/flipper_only/prank/Unix-like/macOS/directly_ready/Bruce-Scripts-Heaven_BAD/MacOS-narstybits/Pranks/flipper_only/pipeseroni.txt,flipper_only
sd_card_content/badusb_extra_payloads/prank/Unix-like/macOS/directly_ready/Bruce-Scripts-Heaven_BAD/MacOS-narstybits/Pranks/flipper_only/Cat Flickering Terminal.txt,sd_card_mirror/badusb/!repo/flipper_only/prank/Unix-like/macOS/directly_ready/Bruce-Scripts-Heaven_BAD/MacOS-narstybits/Pranks/flipper_only/Cat Flickering Terminal.txt,flipper_only
sd_card_content/badusb_extra_payloads/prank/Unix-like/macOS/directly_ready/Bruce-Scripts-Heaven_BAD/MacOS-narstybits/Pranks/flipper_only/Hacker Typer Tegnio.txt,sd_card_mirror/badusb/!repo/flipper_only/prank/Unix-like/macOS/directly_ready/Bruce-Scripts-Heaven_BAD/MacOS-narstybits/Pranks/flipper_only/Hacker Typer Tegnio.txt,flipper_only
sd_card_content/badusb_extra_payloads/prank/Unix-like/macOS/directly_ready/Bruce-Scripts-Heaven_BAD/MacOS-narstybits/Pranks/flipper_only/Random Noises.txt,sd_card_mirror/badusb/!repo/flipper_only/prank/Unix-like/macOS/directly_ready/Bruce-Scripts-Heaven_BAD/MacOS-narstybits/Pranks/flipper_only/Random Noises.txt,flipper_only
sd_card_content/badusb_extra_payloads/prank/Unix-like/macOS/directly_ready/Bruce-Scripts-Heaven_BAD/MacOS-narstybits/Pranks/flipper_only/JasonBourneMessage Hack.txt,sd_card_mirror/badusb/!repo/flipper_only/prank/Unix-like/macOS/directly_ready/Bruce-Scripts-Heaven_BAD/MacOS-narstybits/Pranks/flipper_only/JasonBourneMessage Hack.txt,flipper_only
sd_card_content/badusb_extra_payloads/prank/Unix-like/macOS/directly_ready/Bruce-Scripts-Heaven_BAD/MacOS-narstybits/Pranks/flipper_only/Hacke3 Typer.txt,sd_card_mirror/badusb/!repo/flipper_only/prank/Unix-like/macOS/directly_ready/Bruce-Scripts-Heaven_BAD/MacOS-narstybits/Pranks/flipper_only/Hacke3 Typer.txt,flipper_only
sd_card_content/badusb_extra_payloads/prank/Unix-like/macOS/directly_ready/Bruce-Scripts-Heaven_BAD/MacOS-narstybits/Pranks/flipper_only/colorful Date and time display.txt,sd_card_mirror/badusb/!repo/flipper_only/prank/Unix-like/macOS/directly_ready/Bruce-Scripts-Heaven_BAD/MacOS-narstybits/Pranks/flipper_only/colorful Date and time display.txt,flipper_only
sd_card_content/badusb_extra_payloads/prank/Unix-like/macOS/directly_ready/Bruce-Scripts-Heaven_BAD/MacOS-narstybits/Pranks/flipper_only/ASCII Aquarium.txt,sd_card_mirror/badusb/!repo/flipper_only/prank/Unix-like/macOS/directly_ready/Bruce-Scripts-Heaven_BAD/MacOS-narstybits/Pranks/flipper_only/ASCII Aquarium.txt,flipper_only
sd_card_content/badusb_extra_payloads/prank/Unix-like/macOS/directly_ready/Bruce-Scripts-Heaven_BAD/MacOS-narstybits/Pranks/flipper_only/Rainbow Matrix.txt,sd_card_mirror/badusb/!repo/flipper_only/prank/Unix-like/macOS/directly_ready/Bruce-Scripts-Heaven_BAD/MacOS-narstybits/Pranks/flipper_only/Rainbow Matrix.txt,flipper_only
sd_card_content/badusb_extra_payloads/prank/Unix-like/macOS/directly_ready/Bruce-Scripts-Heaven_BAD/MacOS-narstybits/Pranks/flipper_only/Terminal Tetris.txt,sd_card_mirror/badusb/!repo/flipper_only/prank/Unix-like/macOS/directly_ready/Bruce-Scripts-Heaven_BAD/MacOS-narstybits/Pranks/flipper_only/Terminal Tetris.txt,flipper_only
sd_card_content/badusb_extra_payloads/prank/Unix-like/macOS/directly_ready/Bruce-Scripts-Heaven_BAD/MacOS-narstybits/Pranks/flipper_only/Hacker Typer Umbrella.txt,sd_card_mirror/badusb/!repo/flipper_only/prank/Unix-like/macOS/directly_ready/Bruce-Scripts-Heaven_BAD/MacOS-narstybits/Pranks/flipper_only/Hacker Typer Umbrella.txt,flipper_only
sd_card_content/badusb_extra_payloads/prank/Unix-like/macOS/directly_ready/Bruce-Scripts-Heaven_BAD/BadUSB-FalsePhilosopher/Malduino/Library/MACos_Malduino/Library/1000.txt,sd_card_mirror/badusb/!repo/works_both/prank/Unix-like/macOS/directly_ready/Bruce-Scripts-Heaven_BAD/BadUSB-FalsePhilosopher/Malduino/Library/MACos_Malduino/Library/1000.txt,works_both
sd_card_content/badusb_extra_payloads/prank/Unix-like/macOS/directly_ready/Bruce-Scripts-Heaven_BAD/BadUSB-FalsePhilosopher/Malduino/Library/DuckyDuino/OSX/Youtube Prank OSX/YoutubePrank.ino,sd_card_mirror/badusb/!repo/works_both/prank/Unix-like/macOS/directly_ready/Bruce-Scripts-Heaven_BAD/BadUSB-FalsePhilosopher/Malduino/Library/DuckyDuino/OSX/Youtube Prank OSX/YoutubePrank.ino,works_both
sd_card_content/badusb_extra_payloads/prank/Unix-like/macOS/directly_ready/Bruce-Scripts-Heaven_BAD/BadUSB-FalsePhilosopher/Ducky/USBRubberducky/prank/Unix-like/Linux/RickRoll/TerminalRickRoll/QuackTUX.txt,sd_card_mirror/badusb/!repo/works_both/prank/Unix-like/macOS/directly_ready/Bruce-Scripts-Heaven_BAD/BadUSB-FalsePhilosopher/Ducky/USBRubberducky/prank/Unix-like/Linux/RickRoll/TerminalRickRoll/QuackTUX.txt,works_both
sd_card_content/badusb_extra_payloads/prank/Unix-like/macOS/directly_ready/Bruce-Scripts-Heaven_BAD/BadUSB-FalsePhilosopher/Ducky/USBRubberducky/prank/Unix-like/Osx/SayPoop/crontab.py,sd_card_mirror/badusb/!repo/works_both/prank/Unix-like/macOS/directly_ready/Bruce-Scripts-Heaven_BAD/BadUSB-FalsePhilosopher/Ducky/USBRubberducky/prank/Unix-like/Osx/SayPoop/crontab.py,works_both
sd_card_content/badusb_extra_payloads/prank/Unix-like/macOS/directly_ready/Bruce-Scripts-Heaven_BAD/BadUSB-FalsePhilosopher/Ducky/USBRubberducky/prank/Unix-like/Osx/SayPoop/install_cron.py,sd_card_mirror/badusb/!repo/works_both/prank/Unix-like/macOS/directly_ready/Bruce-Scripts-Heaven_BAD/BadUSB-FalsePhilosopher/Ducky/USBRubberducky/prank/Unix-like/Osx/SayPoop/install_cron.py,works_both
sd_card_content/badusb_extra_payloads/prank/Unix-like/macOS/directly_ready/Bruce-Scripts-Heaven_BAD/BadUSB-FalsePhilosopher/Ducky/USBRubberducky/prank/Unix-like/Osx/Activate_mac/quack.txt,sd_card_mirror/badusb/!repo/works_both/prank/Unix-like/macOS/directly_ready/Bruce-Scripts-Heaven_BAD/BadUSB-FalsePhilosopher/Ducky/USBRubberducky/prank/Unix-like/Osx/Activate_mac/quack.txt,works_both
sd_card_content/badusb_extra_payloads/prank/Unix-like/macOS/directly_ready/Bruce-Scripts-Heaven_BAD/BadUSB-FalsePhilosopher/BashBunny/payloads/library/prank/ncage/osx.txt,sd_card_mirror/badusb/!repo/works_both/prank/Unix-like/macOS/directly_ready/Bruce-Scripts-Heaven_BAD/BadUSB-FalsePhilosopher/BashBunny/payloads/library/prank/ncage/osx.txt,works_both
sd_card_content/badusb_extra_payloads/prank/Unix-like/macOS/directly_ready/Bruce-Scripts-Heaven_BAD/rickroll_terminal_payload/payload.txt,sd_card_mirror/badusb/!repo/works_both/prank/Unix-like/macOS/directly_ready/Bruce-Scripts-Heaven_BAD/rickroll_terminal_payload/payload.txt,works_both
sd_card_content/badusb_extra_payloads/prank/Unix-like/macOS/directly_ready/Bruce-Scripts-Heaven_BAD/Digital_Rain/payload.txt,sd_card_mirror/badusb/!repo/works_both/prank/Unix-like/macOS/directly_ready/Bruce-Scripts-Heaven_BAD/Digital_Rain/payload.txt,works_both
sd_card_content/badusb_extra_payloads/prank/Unix-like/macOS/directly_ready/Bruce-Scripts-Heaven_BAD/BadUSB/Party_Parrot_OSX.txt,sd_card_mirror/badusb/!repo/works_both/prank/Unix-like/macOS/directly_ready/Bruce-Scripts-Heaven_BAD/BadUSB/Party_Parrot_OSX.txt,works_both
sd_card_content/badusb_extra_payloads/prank/Unix-like/macOS/directly_ready/Bruce-Scripts-Heaven_BAD/BadUSB/OSX_Rickroll.txt,sd_card_mirror/badusb/!repo/works_both/prank/Unix-like/macOS/directly_ready/Bruce-Scripts-Heaven_BAD/BadUSB/OSX_Rickroll.txt,works_both
sd_card_content/badusb_extra_payloads/prank/Unix-like/macOS/directly_ready/Bruce-Scripts-Heaven_BAD/BadUSB/RickRoll_Term_OSX.txt,sd_card_mirror/badusb/!repo/works_both/prank/Unix-like/macOS/directly_ready/Bruce-Scripts-Heaven_BAD/BadUSB/RickRoll_Term_OSX.txt,works_both
sd_card_content/badusb_extra_payloads/prank/Unix-like/macOS/directly_ready/Bruce-Scripts-Heaven_BAD/BadUSB/prank/Unix-like/Linux/RickRoll/TerminalRickRoll/QuackTUX.txt,sd_card_mirror/badusb/!repo/works_both/prank/Unix-like/macOS/directly_ready/Bruce-Scripts-Heaven_BAD/BadUSB/prank/Unix-like/Linux/RickRoll/TerminalRickRoll/QuackTUX.txt,works_both
sd_card_content/badusb_extra_payloads/prank/Unix-like/macOS/directly_ready/Bruce-Scripts-Heaven_BAD/MacTalk/mactalk.txt,sd_card_mirror/badusb/!repo/works_both/prank/Unix-like/macOS/directly_ready/Bruce-Scripts-Heaven_BAD/MacTalk/mactalk.txt,works_both
sd_card_content/badusb_extra_payloads/prank/Unix-like/macOS/directly_ready/Bruce-Scripts-Heaven_BAD/Windows_MacOS_ascii-live_CMD_Rickroll/Windows CMD Rickroll.txt,sd_card_mirror/badusb/!repo/works_both/prank/Unix-like/macOS/directly_ready/Bruce-Scripts-Heaven_BAD/Windows_MacOS_ascii-live_CMD_Rickroll/Windows CMD Rickroll.txt,works_both
sd_card_content/badusb_extra_payloads/prank/Unix-like/macOS/directly_ready/Bruce-Scripts-Heaven_BAD/Windows_MacOS_ascii-live_CMD_Rickroll/flipper_only/MacOS Terminal Rickroll.txt,sd_card_mirror/badusb/!repo/flipper_only/prank/Unix-like/macOS/directly_ready/Bruce-Scripts-Heaven_BAD/Windows_MacOS_ascii-live_CMD_Rickroll/flipper_only/MacOS Terminal Rickroll.txt,flipper_only
sd_card_content/badusb_extra_payloads/prank/Unix-like/macOS/directly_ready/Bruce-Scripts-Heaven_BAD/TerminalRickRoll/QuackTUX.txt,sd_card_mirror/badusb/!repo/works_both/prank/Unix-like/macOS/directly_ready/Bruce-Scripts-Heaven_BAD/TerminalRickRoll/QuackTUX.txt,works_both
sd_card_content/badusb_extra_payloads/prank/Unix-like/macOS/directly_ready/Bruce-Scripts-Heaven_BAD/prank/Unix-like/Linux/RickRoll/TerminalRickRoll/QuackTUX.txt,sd_card_mirror/badusb/!repo/works_both/prank/Unix-like/macOS/directly_ready/Bruce-Scripts-Heaven_BAD/prank/Unix-like/Linux/RickRoll/TerminalRickRoll/QuackTUX.txt,works_both
sd_card_content/badusb_extra_payloads/prank/Unix-like/macOS/directly_ready/Bruce-Scripts-Heaven_BAD/prank/Unix-like/OSx/Digital_Rain/flipper_only/payload.txt,sd_card_mirror/badusb/!repo/flipper_only/prank/Unix-like/macOS/directly_ready/Bruce-Scripts-Heaven_BAD/prank/Unix-like/OSx/Digital_Rain/flipper_only/payload.txt,flipper_only
sd_card_content/badusb_extra_payloads/prank/Unix-like/macOS/configuration_needed/BadUsb-Library/Message-Spammer-Telegram.txt,sd_card_mirror/badusb/!repo/works_both/prank/Unix-like/macOS/configuration_needed/BadUsb-Library/Message-Spammer-Telegram.txt,works_both
sd_card_content/badusb_extra_payloads/prank/Unix-like/Linux/directly_ready/BadUsb-Library/quackmeanaudio.txt,sd_card_mirror/badusb/!repo/works_both/prank/Unix-like/Linux/directly_ready/BadUsb-Library/quackmeanaudio.txt,works_both
sd_card_content/badusb_extra_payloads/prank/Unix-like/Linux/directly_ready/BadUsb-Library/QuackTUX.txt,sd_card_mirror/badusb/!repo/works_both/prank/Unix-like/Linux/directly_ready/BadUsb-Library/QuackTUX.txt,works_both
sd_card_content/badusb_extra_payloads/prank/Unix-like/Linux/directly_ready/BadUsb-Library/Desktop-Wallpaper.txt,sd_card_mirror/badusb/!repo/works_both/prank/Unix-like/Linux/directly_ready/BadUsb-Library/Desktop-Wallpaper.txt,works_both
sd_card_content/badusb_extra_payloads/prank/Unix-like/Linux/directly_ready/BadUsb-Library/quackmeanVLC.txt,sd_card_mirror/badusb/!repo/works_both/prank/Unix-like/Linux/directly_ready/BadUsb-Library/quackmeanVLC.txt,works_both
sd_card_content/badusb_extra_payloads/prank/Unix-like/Linux/directly_ready/BadUsb-Library/QuackTUXmeanalt.txt,sd_card_mirror/badusb/!repo/works_both/prank/Unix-like/Linux/directly_ready/BadUsb-Library/QuackTUXmeanalt.txt,works_both
sd_card_content/badusb_extra_payloads/prank/Unix-like/Linux/directly_ready/BadUsb-Library/quackvlc.txt,sd_card_mirror/badusb/!repo/works_both/prank/Unix-like/Linux/directly_ready/BadUsb-Library/quackvlc.txt,works_both
sd_card_content/badusb_extra_payloads/prank/Unix-like/Linux/directly_ready/BadUsb-Library/quackYT.txt,sd_card_mirror/badusb/!repo/works_both/prank/Unix-like/Linux/directly_ready/BadUsb-Library/quackYT.txt,works_both
sd_card_content/badusb_extra_payloads/prank/Unix-like/Linux/directly_ready/BadUsb-Library/Taste-The-PAINBOW.txt,sd_card_mirror/badusb/!repo/works_both/prank/Unix-like/Linux/directly_ready/BadUsb-Library/Taste-The-PAINBOW.txt,works_both
sd_card_content/badusb_extra_payloads/prank/Unix-like/Linux/directly_ready/BadUsb-Library/quack_mean.txt,sd_card_mirror/badusb/!repo/works_both/prank/Unix-like/Linux/directly_ready/BadUsb-Library/quack_mean.txt,works_both
sd_card_content/badusb_extra_payloads/prank/Unix-like/Linux/directly_ready/BadUsb-Library/Desktop-Wallpaper-Changer.txt,sd_card_mirror/badusb/!repo/works_both/prank/Unix-like/Linux/directly_ready/BadUsb-Library/Desktop-Wallpaper-Changer.txt,works_both
sd_card_content/badusb_extra_payloads/prank/Unix-like/Linux/directly_ready/BadUsb-Library/QuackTUXalt.txt,sd_card_mirror/badusb/!repo/works_both/prank/Unix-like/Linux/directly_ready/BadUsb-Library/QuackTUXalt.txt,works_both
sd_card_content/badusb_extra_payloads/prank/Unix-like/Linux/directly_ready/BadUsb-Library/QuackTUXmean.txt,sd_card_mirror/badusb/!repo/works_both/prank/Unix-like/Linux/directly_ready/BadUsb-Library/QuackTUXmean.txt,works_both
sd_card_content/badusb_extra_payloads/prank/Unix-like/Linux/directly_ready/BadUsb-Library/RickRollLinuxVLC.txt,sd_card_mirror/badusb/!repo/works_both/prank/Unix-like/Linux/directly_ready/BadUsb-Library/RickRollLinuxVLC.txt,works_both
sd_card_content/badusb_extra_payloads/prank/Unix-like/Linux/directly_ready/BadUsb-Library/quackstock.txt,sd_card_mirror/badusb/!repo/works_both/prank/Unix-like/Linux/directly_ready/BadUsb-Library/quackstock.txt,works_both
sd_card_content/badusb_extra_payloads/prank/Unix-like/Linux/directly_ready/BadUsb-Library/quackpic.txt,sd_card_mirror/badusb/!repo/works_both/prank/Unix-like/Linux/directly_ready/BadUsb-Library/quackpic.txt,works_both
sd_card_content/badusb_extra_payloads/prank/Unix-like/Linux/directly_ready/BadUsb-Library/RickRollLinuxYT.txt,sd_card_mirror/badusb/!repo/works_both/prank/Unix-like/Linux/directly_ready/BadUsb-Library/RickRollLinuxYT.txt,works_both
sd_card_content/badusb_extra_payloads/prank/Unix-like/Linux/directly_ready/Bruce-Scripts-Heaven_BAD/BadUSB-FalsePhilosopher/Ducky/USBRubberducky/prank/Unix-like/Linux/Quack_Rain/quackRickRoll.txt,sd_card_mirror/badusb/!repo/works_both/prank/Unix-like/Linux/directly_ready/Bruce-Scripts-Heaven_BAD/BadUSB-FalsePhilosopher/Ducky/USBRubberducky/prank/Unix-like/Linux/Quack_Rain/quackRickRoll.txt,works_both
sd_card_content/badusb_extra_payloads/prank/Unix-like/Linux/directly_ready/Bruce-Scripts-Heaven_BAD/BadUSB-FalsePhilosopher/Ducky/USBRubberducky/prank/Unix-like/Linux/Quack_Rain/quackRickRoll_persist.txt,sd_card_mirror/badusb/!repo/works_both/prank/Unix-like/Linux/directly_ready/Bruce-Scripts-Heaven_BAD/BadUSB-FalsePhilosopher/Ducky/USBRubberducky/prank/Unix-like/Linux/Quack_Rain/quackRickRoll_persist.txt,works_both
sd_card_content/badusb_extra_payloads/prank/Unix-like/Linux/directly_ready/Bruce-Scripts-Heaven_BAD/BadUSB-FalsePhilosopher/Ducky/USBRubberducky/prank/Unix-like/Linux/Quack_Rain/quack.txt,sd_card_mirror/badusb/!repo/works_both/prank/Unix-like/Linux/directly_ready/Bruce-Scripts-Heaven_BAD/BadUSB-FalsePhilosopher/Ducky/USBRubberducky/prank/Unix-like/Linux/Quack_Rain/quack.txt,works_both
sd_card_content/badusb_extra_payloads/prank/Unix-like/Linux/directly_ready/Bruce-Scripts-Heaven_BAD/BadUSB-FalsePhilosopher/Ducky/USBRubberducky/prank/Unix-like/Linux/Hacker_Typer/payloadTUX.txt,sd_card_mirror/badusb/!repo/works_both/prank/Unix-like/Linux/directly_ready/Bruce-Scripts-Heaven_BAD/BadUSB-FalsePhilosopher/Ducky/USBRubberducky/prank/Unix-like/Linux/Hacker_Typer/payloadTUX.txt,works_both
sd_card_content/badusb_extra_payloads/prank/Unix-like/Linux/directly_ready/Bruce-Scripts-Heaven_BAD/BadUSB-FalsePhilosopher/Ducky/USBRubberducky/prank/Unix-like/Linux/RickRoll/TerminalRickRoll/QuackTUXcron.txt,sd_card_mirror/badusb/!repo/works_both/prank/Unix-like/Linux/directly_ready/Bruce-Scripts-Heaven_BAD/BadUSB-FalsePhilosopher/Ducky/USBRubberducky/prank/Unix-like/Linux/RickRoll/TerminalRickRoll/QuackTUXcron.txt,works_both
sd_card_content/badusb_extra_payloads/prank/Unix-like/Linux/directly_ready/Bruce-Scripts-Heaven_BAD/BadUSB-FalsePhilosopher/Ducky/USBRubberducky/prank/Unix-like/Linux/Inverted_desktop_troll/Rick/quackvlc.txt,sd_card_mirror/badusb/!repo/works_both/prank/Unix-like/Linux/directly_ready/Bruce-Scripts-Heaven_BAD/BadUSB-FalsePhilosopher/Ducky/USBRubberducky/prank/Unix-like/Linux/Inverted_desktop_troll/Rick/quackvlc.txt,works_both
sd_card_content/badusb_extra_payloads/prank/Unix-like/Linux/directly_ready/Bruce-Scripts-Heaven_BAD/BadUSB-FalsePhilosopher/Ducky/USBRubberducky/prank/Unix-like/Linux/xeyes/quackYT.txt,sd_card_mirror/badusb/!repo/works_both/prank/Unix-like/Linux/directly_ready/Bruce-Scripts-Heaven_BAD/BadUSB-FalsePhilosopher/Ducky/USBRubberducky/prank/Unix-like/Linux/xeyes/quackYT.txt,works_both
sd_card_content/badusb_extra_payloads/prank/Unix-like/Linux/directly_ready/Bruce-Scripts-Heaven_BAD/BadUSB-FalsePhilosopher/Ducky/USBRubberducky/prank/Unix-like/Linux/xeyes/quackVLC.txt,sd_card_mirror/badusb/!repo/works_both/prank/Unix-like/Linux/directly_ready/Bruce-Scripts-Heaven_BAD/BadUSB-FalsePhilosopher/Ducky/USBRubberducky/prank/Unix-like/Linux/xeyes/quackVLC.txt,works_both
sd_card_content/badusb_extra_payloads/prank/Unix-like/Linux/directly_ready/Bruce-Scripts-Heaven_BAD/GNU-Linux/Prank/ChangeDesktopWallpaper_LinuxKDE/payloads.txt,sd_card_mirror/badusb/!repo/works_both/prank/Unix-like/Linux/directly_ready/Bruce-Scripts-Heaven_BAD/GNU-Linux/Prank/ChangeDesktopWallpaper_LinuxKDE/payloads.txt,works_both
sd_card_content/badusb_extra_payloads/prank/Unix-like/Linux/directly_ready/Bruce-Scripts-Heaven_BAD/GNU-Linux/Prank/This_damn_shell_doesn_t_work___so_sad!-KALI/payload.txt,sd_card_mirror/badusb/!repo/works_both/prank/Unix-like/Linux/directly_ready/Bruce-Scripts-Heaven_BAD/GNU-Linux/Prank/This_damn_shell_doesn_t_work___so_sad!-KALI/payload.txt,works_both
sd_card_content/badusb_extra_payloads/prank/Unix-like/Linux/directly_ready/Bruce-Scripts-Heaven_BAD/GNU-Linux/Prank/SendTelegramMessages_Linux/payload.txt,sd_card_mirror/badusb/!repo/works_both/prank/Unix-like/Linux/directly_ready/Bruce-Scripts-Heaven_BAD/GNU-Linux/Prank/SendTelegramMessages_Linux/payload.txt,works_both
sd_card_content/badusb_extra_payloads/prank/Unix-like/Linux/directly_ready/Bruce-Scripts-Heaven_BAD/GNU-Linux/Prank/This_damn_shell_doesn_t_work___so_sad!-LINUX/payload.txt,sd_card_mirror/badusb/!repo/works_both/prank/Unix-like/Linux/directly_ready/Bruce-Scripts-Heaven_BAD/GNU-Linux/Prank/This_damn_shell_doesn_t_work___so_sad!-LINUX/payload.txt,works_both
sd_card_content/badusb_extra_payloads/prank/Unix-like/Linux/directly_ready/Bruce-Scripts-Heaven_BAD/FalsePhilosopher/prank/Unix-like/Linux/xeyes/quackYT.txt,sd_card_mirror/badusb/!repo/works_both/prank/Unix-like/Linux/directly_ready/Bruce-Scripts-Heaven_BAD/FalsePhilosopher/prank/Unix-like/Linux/xeyes/quackYT.txt,works_both
sd_card_content/badusb_extra_payloads/prank/Unix-like/Linux/directly_ready/Bruce-Scripts-Heaven_BAD/FalsePhilosopher/prank/Unix-like/Linux/xeyes/quackVLC.txt,sd_card_mirror/badusb/!repo/works_both/prank/Unix-like/Linux/directly_ready/Bruce-Scripts-Heaven_BAD/FalsePhilosopher/prank/Unix-like/Linux/xeyes/quackVLC.txt,works_both
sd_card_content/badusb_extra_payloads/prank/Unix-like/Linux/directly_ready/Bruce-Scripts-Heaven_BAD/prank/Unix-like/Linux/Say_the_magic_word/quack.txt,sd_card_mirror/badusb/!repo/works_both/prank/Unix-like/Linux/directly_ready/Bruce-Scripts-Heaven_BAD/prank/Unix-like/Linux/Say_the_magic_word/quack.txt,works_both
sd_card_content/badusb_extra_payloads/prank/Unix-like/Linux/directly_ready/Bruce-Scripts-Heaven_BAD/prank/Unix-like/Linux/Terminal_Parrot/cacaw.txt,sd_card_mirror/badusb/!repo/works_both/prank/Unix-like/Linux/directly_ready/Bruce-Scripts-Heaven_BAD/prank/Unix-like/Linux/Terminal_Parrot/cacaw.txt,works_both
sd_card_content/badusb_extra_payloads/prank/Unix-like/Linux/directly_ready/Bruce-Scripts-Heaven_BAD/prank/Unix-like/Linux/RickRoll/TerminalRickRoll/QuackTUXmean.txt,sd_card_mirror/badusb/!repo/works_both/prank/Unix-like/Linux/directly_ready/Bruce-Scripts-Heaven_BAD/prank/Unix-like/Linux/RickRoll/TerminalRickRoll/QuackTUXmean.txt,works_both
sd_card_content/badusb_extra_payloads/prank/Unix-like/Linux/directly_ready/Bruce-Scripts-Heaven_BAD/prank/Unix-like/Linux/Inverted_desktop_troll/Rick/quackvlc.txt,sd_card_mirror/badusb/!repo/works_both/prank/Unix-like/Linux/directly_ready/Bruce-Scripts-Heaven_BAD/prank/Unix-like/Linux/Inverted_desktop_troll/Rick/quackvlc.txt,works_both
sd_card_content/badusb_extra_payloads/prank/Unix-like/Linux/directly_ready/Bruce-Scripts-Heaven_BAD/prank/Unix-like/Linux/Inverted_desktop_troll/Rick/quackYT.txt,sd_card_mirror/badusb/!repo/works_both/prank/Unix-like/Linux/directly_ready/Bruce-Scripts-Heaven_BAD/prank/Unix-like/Linux/Inverted_desktop_troll/Rick/quackYT.txt,works_both
sd_card_content/badusb_extra_payloads/prank/Unix-like/Linux/directly_ready/Bruce-Scripts-Heaven_BAD/prank/Unix-like/Linux/Inverted_desktop_troll/Rick/quackstock.txt,sd_card_mirror/badusb/!repo/works_both/prank/Unix-like/Linux/directly_ready/Bruce-Scripts-Heaven_BAD/prank/Unix-like/Linux/Inverted_desktop_troll/Rick/quackstock.txt,works_both
sd_card_content/badusb_extra_payloads/prank/Unix-like/Linux/directly_ready/Bruce-Scripts-Heaven_BAD/prank/Unix-like/Linux/Inverted_desktop_troll/milos/quackmean.txt,sd_card_mirror/badusb/!repo/works_both/prank/Unix-like/Linux/directly_ready/Bruce-Scripts-Heaven_BAD/prank/Unix-like/Linux/Inverted_desktop_troll/milos/quackmean.txt,works_both
sd_card_content/badusb_extra_payloads/prank/Unix-like/Linux/directly_ready/Bruce-Scripts-Heaven_BAD/prank/Unix-like/Linux/Inverted_desktop_troll/milos/quackvlc.txt,sd_card_mirror/badusb/!repo/works_both/prank/Unix-like/Linux/directly_ready/Bruce-Scripts-Heaven_BAD/prank/Unix-like/Linux/Inverted_desktop_troll/milos/quackvlc.txt,works_both
sd_card_content/badusb_extra_payloads/prank/Unix-like/Linux/directly_ready/Bruce-Scripts-Heaven_BAD/prank/Unix-like/Linux/Linux_power/shutdown.txt,sd_card_mirror/badusb/!repo/works_both/prank/Unix-like/Linux/directly_ready/Bruce-Scripts-Heaven_BAD/prank/Unix-like/Linux/Linux_power/shutdown.txt,works_both
sd_card_content/badusb_extra_payloads/prank/Unix-like/Linux/directly_ready/Bruce-Scripts-Heaven_BAD/prank/Unix-like/Linux/Linux_power/reboot.txt,sd_card_mirror/badusb/!repo/works_both/prank/Unix-like/Linux/directly_ready/Bruce-Scripts-Heaven_BAD/prank/Unix-like/Linux/Linux_power/reboot.txt,works_both
sd_card_content/badusb_extra_payloads/prank/Unix-like/Linux/directly_ready/Bruce-Scripts-Heaven_BAD/prank/Unix-like/Linux/Anti-Browser/Fuck_your_tabs.txt,sd_card_mirror/badusb/!repo/works_both/prank/Unix-like/Linux/directly_ready/Bruce-Scripts-Heaven_BAD/prank/Unix-like/Linux/Anti-Browser/Fuck_your_tabs.txt,works_both
sd_card_content/badusb_extra_payloads/prank/Unix-like/Linux/directly_ready/Bruce-Scripts-Heaven_BAD/prank/Unix-like/Linux/Anti-Browser/Fuck_your_tabs+startup.txt,sd_card_mirror/badusb/!repo/works_both/prank/Unix-like/Linux/directly_ready/Bruce-Scripts-Heaven_BAD/prank/Unix-like/Linux/Anti-Browser/Fuck_your_tabs+startup.txt,works_both
sd_card_content/badusb_extra_payloads/prank/Unix-like/Linux/directly_ready/Bruce-Scripts-Heaven_BAD/prank/Unix-like/Linux/Anti-Browser/Fuck_your_tabs+ALTF4.txt,sd_card_mirror/badusb/!repo/works_both/prank/Unix-like/Linux/directly_ready/Bruce-Scripts-Heaven_BAD/prank/Unix-like/Linux/Anti-Browser/Fuck_your_tabs+ALTF4.txt,works_both
sd_card_content/badusb_extra_payloads/prank/Unix-like/Linux/directly_ready/Bruce-Scripts-Heaven_BAD/prank/Unix-like/Linux/Anti-Browser/Fuck_your_tabs+ALTF4+Startup.txt,sd_card_mirror/badusb/!repo/works_both/prank/Unix-like/Linux/directly_ready/Bruce-Scripts-Heaven_BAD/prank/Unix-like/Linux/Anti-Browser/Fuck_your_tabs+ALTF4+Startup.txt,works_both
sd_card_content/badusb_extra_payloads/prank/Unix-like/Linux/directly_ready/Bruce-Scripts-Heaven_BAD/prank/Unix-like/Linux/Activate_linux/quack.txt,sd_card_mirror/badusb/!repo/works_both/prank/Unix-like/Linux/directly_ready/Bruce-Scripts-Heaven_BAD/prank/Unix-like/Linux/Activate_linux/quack.txt,works_both
sd_card_content/badusb_extra_payloads/prank/Win/directly_ready/I-Am-Jakoby_BadUSB/Payloads/Flip-Rage-PopUps/Rage-PopUps.ps1,sd_card_mirror/badusb/!repo/works_both/prank/Win/directly_ready/I-Am-Jakoby_BadUSB/Payloads/Flip-Rage-PopUps/Rage-PopUps.ps1,works_both
sd_card_content/badusb_extra_payloads/prank/Win/directly_ready/I-Am-Jakoby_BadUSB/Payloads/Flip-Keylogger/keylogger.ps1,sd_card_mirror/badusb/!repo/works_both/prank/Win/directly_ready/I-Am-Jakoby_BadUSB/Payloads/Flip-Keylogger/keylogger.ps1,works_both
sd_card_content/badusb_extra_payloads/prank/Win/directly_ready/I-Am-Jakoby_BadUSB/Payloads/Flip-Wallpaper-Troll/Wallpaper-Troll.ps1,sd_card_mirror/badusb/!repo/works_both/prank/Win/directly_ready/I-Am-Jakoby_BadUSB/Payloads/Flip-Wallpaper-Troll/Wallpaper-Troll.ps1,works_both
sd_card_content/badusb_extra_payloads/prank/Win/directly_ready/I-Am-Jakoby_BadUSB/Payloads/Flip-Wallpaper-Troll/wp-troll.jpg,sd_card_mirror/badusb/!repo/works_both/prank/Win/directly_ready/I-Am-Jakoby_BadUSB/Payloads/Flip-Wallpaper-Troll/wp-troll.jpg,works_both
sd_card_content/badusb_extra_payloads/prank/Win/directly_ready/I-Am-Jakoby_BadUSB/Payloads/Flip-Wallpaper-Troll/README.md,sd_card_mirror/badusb/!repo/works_both/prank/Win/directly_ready/I-Am-Jakoby_BadUSB/Payloads/Flip-Wallpaper-Troll/README.md,works_both
sd_card_content/badusb_extra_payloads/prank/Win/directly_ready/I-Am-Jakoby_BadUSB/Payloads/Flip-Wallpaper-Troll/Wallpaper-Troll.txt,sd_card_mirror/badusb/!repo/works_both/prank/Win/directly_ready/I-Am-Jakoby_BadUSB/Payloads/Flip-Wallpaper-Troll/Wallpaper-Troll.txt,works_both
sd_card_content/badusb_extra_payloads/prank/Win/directly_ready/I-Am-Jakoby_BadUSB/Payloads/Flip-ADV-RickRoll/rr.ps1,sd_card_mirror/badusb/!repo/works_both/prank/Win/directly_ready/I-Am-Jakoby_BadUSB/Payloads/Flip-ADV-RickRoll/rr.ps1,works_both
sd_card_content/badusb_extra_payloads/prank/Win/directly_ready/I-Am-Jakoby_BadUSB/Payloads/Flip-ADV-RickRoll/rr (4ee51853).ps1,sd_card_mirror/badusb/!repo/works_both/prank/Win/directly_ready/I-Am-Jakoby_BadUSB/Payloads/Flip-ADV-RickRoll/rr (4ee51853).ps1,works_both
sd_card_content/badusb_extra_payloads/prank/Win/directly_ready/I-Am-Jakoby_BadUSB/Payloads/Flip-ADV-RickRoll/ReadMe.md,sd_card_mirror/badusb/!repo/works_both/prank/Win/directly_ready/I-Am-Jakoby_BadUSB/Payloads/Flip-ADV-RickRoll/ReadMe.md,works_both
sd_card_content/badusb_extra_payloads/prank/Win/directly_ready/I-Am-Jakoby_BadUSB/Payloads/Flip-ADV-RickRoll/ADV-RickRoll.txt,sd_card_mirror/badusb/!repo/works_both/prank/Win/directly_ready/I-Am-Jakoby_BadUSB/Payloads/Flip-ADV-RickRoll/ADV-RickRoll.txt,works_both
sd_card_content/badusb_extra_payloads/prank/Win/directly_ready/I-Am-Jakoby_BadUSB/Payloads/Flip-ADV-RickRoll/rr.mp4,sd_card_mirror/badusb/!repo/works_both/prank/Win/directly_ready/I-Am-Jakoby_BadUSB/Payloads/Flip-ADV-RickRoll/rr.mp4,works_both
sd_card_content/badusb_extra_payloads/prank/Win/directly_ready/I-Am-Jakoby_BadUSB/Payloads/Flip-AcidBurn/hacked-wallpaper.jpg,sd_card_mirror/badusb/!repo/works_both/prank/Win/directly_ready/I-Am-Jakoby_BadUSB/Payloads/Flip-AcidBurn/hacked-wallpaper.jpg,works_both
sd_card_content/badusb_extra_payloads/prank/Win/directly_ready/I-Am-Jakoby_BadUSB/Payloads/Flip-WallPaper-URL/Wallpaper-URL.ps1,sd_card_mirror/badusb/!repo/works_both/prank/Win/directly_ready/I-Am-Jakoby_BadUSB/Payloads/Flip-WallPaper-URL/Wallpaper-URL.ps1,works_both
sd_card_content/badusb_extra_payloads/prank/Win/directly_ready/I-Am-Jakoby_BadUSB/Payloads/Flip-WallPaper-URL/ReadMe.md,sd_card_mirror/badusb/!repo/works_both/prank/Win/directly_ready/I-Am-Jakoby_BadUSB/Payloads/Flip-WallPaper-URL/ReadMe.md,works_both
sd_card_content/badusb_extra_payloads/prank/Win/directly_ready/I-Am-Jakoby_BadUSB/Payloads/Flip-WallPaper-URL/Wallpaper-URL.txt,sd_card_mirror/badusb/!repo/works_both/prank/Win/directly_ready/I-Am-Jakoby_BadUSB/Payloads/Flip-WallPaper-URL/Wallpaper-URL.txt,works_both
sd_card_content/badusb_extra_payloads/prank/Win/directly_ready/I-Am-Jakoby_BadUSB/Payloads/Flip-JumpScare/JumpScare.txt,sd_card_mirror/badusb/!repo/works_both/prank/Win/directly_ready/I-Am-Jakoby_BadUSB/Payloads/Flip-JumpScare/JumpScare.txt,works_both
sd_card_content/badusb_extra_payloads/prank/Win/directly_ready/I-Am-Jakoby_BadUSB/Payloads/Flip-JumpScare/female_scream.wav,sd_card_mirror/badusb/!repo/works_both/prank/Win/directly_ready/I-Am-Jakoby_BadUSB/Payloads/Flip-JumpScare/female_scream.wav,works_both
sd_card_content/badusb_extra_payloads/prank/Win/directly_ready/I-Am-Jakoby_BadUSB/Payloads/Flip-JumpScare/JumpScare.ps1,sd_card_mirror/badusb/!repo/works_both/prank/Win/directly_ready/I-Am-Jakoby_BadUSB/Payloads/Flip-JumpScare/JumpScare.ps1,works_both
sd_card_content/badusb_extra_payloads/prank/Win/directly_ready/I-Am-Jakoby_BadUSB/Payloads/Flip-JumpScare/README.md,sd_card_mirror/badusb/!repo/works_both/prank/Win/directly_ready/I-Am-Jakoby_BadUSB/Payloads/Flip-JumpScare/README.md,works_both
sd_card_content/badusb_extra_payloads/prank/Win/directly_ready/I-Am-Jakoby_BadUSB/Payloads/Flip-JumpScare-2.0/JumpScare2.0.txt,sd_card_mirror/badusb/!repo/works_both/prank/Win/directly_ready/I-Am-Jakoby_BadUSB/Payloads/Flip-JumpScare-2.0/JumpScare2.0.txt,works_both
sd_card_content/badusb_extra_payloads/prank/Win/directly_ready/I-Am-Jakoby_BadUSB/Payloads/Flip-JumpScare-2.0/ReadMe.md,sd_card_mirror/badusb/!repo/works_both/prank/Win/directly_ready/I-Am-Jakoby_BadUSB/Payloads/Flip-JumpScare-2.0/ReadMe.md,works_both
sd_card_content/badusb_extra_payloads/prank/Win/directly_ready/I-Am-Jakoby_BadUSB/Payloads/Flip-PS-Draw/PS-Custom-Draw.ps1,sd_card_mirror/badusb/!repo/works_both/prank/Win/directly_ready/I-Am-Jakoby_BadUSB/Payloads/Flip-PS-Draw/PS-Custom-Draw.ps1,works_both
sd_card_content/badusb_extra_payloads/prank/Win/directly_ready/BadUsb-Library/Fake Update.txt,sd_card_mirror/badusb/!repo/works_both/prank/Win/directly_ready/BadUsb-Library/Fake Update.txt,works_both
sd_card_content/badusb_extra_payloads/prank/Win/directly_ready/BadUsb-Library/shutdown.txt,sd_card_mirror/badusb/!repo/works_both/prank/Win/directly_ready/BadUsb-Library/shutdown.txt,works_both
sd_card_content/badusb_extra_payloads/prank/Win/directly_ready/BadUsb-Library/FR_EarthquakeDemo.txt,sd_card_mirror/badusb/!repo/works_both/prank/Win/directly_ready/BadUsb-Library/FR_EarthquakeDemo.txt,works_both
sd_card_content/badusb_extra_payloads/prank/Win/directly_ready/BadUsb-Library/Rickroll with Max Volume spam.txt,sd_card_mirror/badusb/!repo/works_both/prank/Win/directly_ready/BadUsb-Library/Rickroll with Max Volume spam.txt,works_both
sd_card_content/badusb_extra_payloads/prank/Win/directly_ready/BadUsb-Library/ScreenParty.txt,sd_card_mirror/badusb/!repo/works_both/prank/Win/directly_ready/BadUsb-Library/ScreenParty.txt,works_both
sd_card_content/badusb_extra_payloads/prank/Win/directly_ready/BadUsb-Library/Sound-Change-Duck.txt,sd_card_mirror/badusb/!repo/works_both/prank/Win/directly_ready/BadUsb-Library/Sound-Change-Duck.txt,works_both
sd_card_content/badusb_extra_payloads/prank/Win/directly_ready/BadUsb-Library/Disable-Keyboard-Mouse-120s.txt,sd_card_mirror/badusb/!repo/works_both/prank/Win/directly_ready/BadUsb-Library/Disable-Keyboard-Mouse-120s.txt,works_both
sd_card_content/badusb_extra_payloads/prank/Win/directly_ready/BadUsb-Library/Fuck_your_tabs.txt,sd_card_mirror/badusb/!repo/works_both/prank/Win/directly_ready/BadUsb-Library/Fuck_your_tabs.txt,works_both
sd_card_content/badusb_extra_payloads/prank/Win/directly_ready/BadUsb-Library/quack2.txt,sd_card_mirror/badusb/!repo/works_both/prank/Win/directly_ready/BadUsb-Library/quack2.txt,works_both
sd_card_content/badusb_extra_payloads/prank/Win/directly_ready/BadUsb-Library/JumpScare2.0.txt,sd_card_mirror/badusb/!repo/works_both/prank/Win/directly_ready/BadUsb-Library/JumpScare2.0.txt,works_both
sd_card_content/badusb_extra_payloads/prank/Win/directly_ready/BadUsb-Library/Fuck_your_tabs+startup.txt,sd_card_mirror/badusb/!repo/works_both/prank/Win/directly_ready/BadUsb-Library/Fuck_your_tabs+startup.txt,works_both
sd_card_content/badusb_extra_payloads/prank/Win/directly_ready/BadUsb-Library/FoundYou.txt,sd_card_mirror/badusb/!repo/works_both/prank/Win/directly_ready/BadUsb-Library/FoundYou.txt,works_both
sd_card_content/badusb_extra_payloads/prank/Win/directly_ready/BadUsb-Library/Win10.txt,sd_card_mirror/badusb/!repo/works_both/prank/Win/directly_ready/BadUsb-Library/Win10.txt,works_both
sd_card_content/badusb_extra_payloads/prank/Win/directly_ready/BadUsb-Library/Blank Image to Discord Spammer.txt,sd_card_mirror/badusb/!repo/works_both/prank/Win/directly_ready/BadUsb-Library/Blank Image to Discord Spammer.txt,works_both
sd_card_content/badusb_extra_payloads/prank/Win/directly_ready/BadUsb-Library/Dsktop Shortcut Spammer.txt,sd_card_mirror/badusb/!repo/works_both/prank/Win/directly_ready/BadUsb-Library/Dsktop Shortcut Spammer.txt,works_both
sd_card_content/badusb_extra_payloads/prank/Win/directly_ready/BadUsb-Library/Change-System-Sounds.txt,sd_card_mirror/badusb/!repo/works_both/prank/Win/directly_ready/BadUsb-Library/Change-System-Sounds.txt,works_both
sd_card_content/badusb_extra_payloads/prank/Win/directly_ready/BadUsb-Library/5 second Screen Kill.txt,sd_card_mirror/badusb/!repo/works_both/prank/Win/directly_ready/BadUsb-Library/5 second Screen Kill.txt,works_both
sd_card_content/badusb_extra_payloads/prank/Win/directly_ready/BadUsb-Library/Logout.txt,sd_card_mirror/badusb/!repo/works_both/prank/Win/directly_ready/BadUsb-Library/Logout.txt,works_both
sd_card_content/badusb_extra_payloads/prank/Win/directly_ready/BadUsb-Library/Make_it_rain.txt,sd_card_mirror/badusb/!repo/works_both/prank/Win/directly_ready/BadUsb-Library/Make_it_rain.txt,works_both
sd_card_content/badusb_extra_payloads/prank/Win/directly_ready/BadUsb-Library/NOEscape.txt,sd_card_mirror/badusb/!repo/works_both/prank/Win/directly_ready/BadUsb-Library/NOEscape.txt,works_both
sd_card_content/badusb_extra_payloads/prank/Win/directly_ready/BadUsb-Library/Windows-Idiot-Prank.txt,sd_card_mirror/badusb/!repo/works_both/prank/Win/directly_ready/BadUsb-Library/Windows-Idiot-Prank.txt,works_both
sd_card_content/badusb_extra_payloads/prank/Win/directly_ready/BadUsb-Library/Persisant-Goose.txt,sd_card_mirror/badusb/!repo/works_both/prank/Win/directly_ready/BadUsb-Library/Persisant-Goose.txt,works_both
sd_card_content/badusb_extra_payloads/prank/Win/directly_ready/BadUsb-Library/Kill I-O Devices.txt,sd_card_mirror/badusb/!repo/works_both/prank/Win/directly_ready/BadUsb-Library/Kill I-O Devices.txt,works_both
sd_card_content/badusb_extra_payloads/prank/Win/directly_ready/BadUsb-Library/Fuck_your_tabs+ALTF4.txt,sd_card_mirror/badusb/!repo/works_both/prank/Win/directly_ready/BadUsb-Library/Fuck_your_tabs+ALTF4.txt,works_both
sd_card_content/badusb_extra_payloads/prank/Win/directly_ready/BadUsb-Library/Invoke BSOD.txt,sd_card_mirror/badusb/!repo/works_both/prank/Win/directly_ready/BadUsb-Library/Invoke BSOD.txt,works_both
sd_card_content/badusb_extra_payloads/prank/Win/directly_ready/BadUsb-Library/CartmanSpam.txt,sd_card_mirror/badusb/!repo/works_both/prank/Win/directly_ready/BadUsb-Library/CartmanSpam.txt,works_both
sd_card_content/badusb_extra_payloads/prank/Win/directly_ready/BadUsb-Library/USB-SoundSwap.txt,sd_card_mirror/badusb/!repo/works_both/prank/Win/directly_ready/BadUsb-Library/USB-SoundSwap.txt,works_both
sd_card_content/badusb_extra_payloads/prank/Win/directly_ready/BadUsb-Library/You-are-an-idiot-web.txt,sd_card_mirror/badusb/!repo/works_both/prank/Win/directly_ready/BadUsb-Library/You-are-an-idiot-web.txt,works_both
sd_card_content/badusb_extra_payloads/prank/Win/directly_ready/BadUsb-Library/Invoke Fake Update (.vbs).txt,sd_card_mirror/badusb/!repo/works_both/prank/Win/directly_ready/BadUsb-Library/Invoke Fake Update (.vbs).txt,works_both
sd_card_content/badusb_extra_payloads/prank/Win/directly_ready/BadUsb-Library/EarthquakeDemo.txt,sd_card_mirror/badusb/!repo/works_both/prank/Win/directly_ready/BadUsb-Library/EarthquakeDemo.txt,works_both
sd_card_content/badusb_extra_payloads/prank/Win/directly_ready/BadUsb-Library/Hydra-in-Powershell.txt,sd_card_mirror/badusb/!repo/works_both/prank/Win/directly_ready/BadUsb-Library/Hydra-in-Powershell.txt,works_both
sd_card_content/badusb_extra_payloads/prank/Win/directly_ready/BadUsb-Library/System Message.txt,sd_card_mirror/badusb/!repo/works_both/prank/Win/directly_ready/BadUsb-Library/System Message.txt,works_both
sd_card_content/badusb_extra_payloads/prank/Win/directly_ready/BadUsb-Library/Change Wallpaper.txt,sd_card_mirror/badusb/!repo/works_both/prank/Win/directly_ready/BadUsb-Library/Change Wallpaper.txt,works_both
sd_card_content/badusb_extra_payloads/prank/Win/directly_ready/BadUsb-Library/Voice-Activated-DarkMode.txt,sd_card_mirror/badusb/!repo/works_both/prank/Win/directly_ready/BadUsb-Library/Voice-Activated-DarkMode.txt,works_both
sd_card_content/badusb_extra_payloads/prank/Win/directly_ready/BadUsb-Library/Desktop-Shortcut-Spam.txt,sd_card_mirror/badusb/!repo/works_both/prank/Win/directly_ready/BadUsb-Library/Desktop-Shortcut-Spam.txt,works_both
sd_card_content/badusb_extra_payloads/prank/Win/directly_ready/BadUsb-Library/Shutdown 1min.txt,sd_card_mirror/badusb/!repo/works_both/prank/Win/directly_ready/BadUsb-Library/Shutdown 1min.txt,works_both
sd_card_content/badusb_extra_payloads/prank/Win/directly_ready/BadUsb-Library/Wallpaper-Jumpscare.txt,sd_card_mirror/badusb/!repo/works_both/prank/Win/directly_ready/BadUsb-Library/Wallpaper-Jumpscare.txt,works_both
sd_card_content/badusb_extra_payloads/prank/Win/directly_ready/BadUsb-Library/bootloop.txt,sd_card_mirror/badusb/!repo/works_both/prank/Win/directly_ready/BadUsb-Library/bootloop.txt,works_both
sd_card_content/badusb_extra_payloads/prank/Win/directly_ready/BadUsb-Library/Start Windows-93 (parody edition).txt,sd_card_mirror/badusb/!repo/works_both/prank/Win/directly_ready/BadUsb-Library/Start Windows-93 (parody edition).txt,works_both
sd_card_content/badusb_extra_payloads/prank/Win/directly_ready/BadUsb-Library/Win7.txt,sd_card_mirror/badusb/!repo/works_both/prank/Win/directly_ready/BadUsb-Library/Win7.txt,works_both
sd_card_content/badusb_extra_payloads/prank/Win/directly_ready/BadUsb-Library/Fuck_your_tabs+ALTF4+Startup.txt,sd_card_mirror/badusb/!repo/works_both/prank/Win/directly_ready/BadUsb-Library/Fuck_your_tabs+ALTF4+Startup.txt,works_both
sd_card_content/badusb_extra_payloads/prank/Win/directly_ready/BadUsb-Library/payloadTUX.txt,sd_card_mirror/badusb/!repo/works_both/prank/Win/directly_ready/BadUsb-Library/payloadTUX.txt,works_both
sd_card_content/badusb_extra_payloads/prank/Win/directly_ready/BadUsb-Library/cacaw.txt,sd_card_mirror/badusb/!repo/works_both/prank/Win/directly_ready/BadUsb-Library/cacaw.txt,works_both
sd_card_content/badusb_extra_payloads/prank/Win/directly_ready/BadUsb-Library/ADV-Rickware.txt,sd_card_mirror/badusb/!repo/works_both/prank/Win/directly_ready/BadUsb-Library/ADV-Rickware.txt,works_both
sd_card_content/badusb_extra_payloads/prank/Win/directly_ready/BadUsb-Library/reboot.txt,sd_card_mirror/badusb/!repo/works_both/prank/Win/directly_ready/BadUsb-Library/reboot.txt,works_both
sd_card_content/badusb_extra_payloads/prank/Win/directly_ready/BadUsb-Library/quack.txt,sd_card_mirror/badusb/!repo/works_both/prank/Win/directly_ready/BadUsb-Library/quack.txt,works_both
sd_card_content/badusb_extra_payloads/prank/Win/directly_ready/BadUsb-Library/ChromeCrash.txt,sd_card_mirror/badusb/!repo/works_both/prank/Win/directly_ready/BadUsb-Library/ChromeCrash.txt,works_both
sd_card_content/badusb_extra_payloads/prank/Win/directly_ready/BadUsb-Library/Mario-BSOD.txt,sd_card_mirror/badusb/!repo/works_both/prank/Win/directly_ready/BadUsb-Library/Mario-BSOD.txt,works_both
sd_card_content/badusb_extra_payloads/prank/Win/directly_ready/BadUsb-Library/Computer-ACID-Prank.txt,sd_card_mirror/badusb/!repo/works_both/prank/Win/directly_ready/BadUsb-Library/Computer-ACID-Prank.txt,works_both
sd_card_content/badusb_extra_payloads/prank/Win/directly_ready/UberGuidoZ_BadUSB/UNC0V3R3D-BadUSB-Collection/Windows_Badusb/FUN/FakeBluescreen/readme.md,sd_card_mirror/badusb/!repo/works_both/prank/Win/directly_ready/UberGuidoZ_BadUSB/UNC0V3R3D-BadUSB-Collection/Windows_Badusb/FUN/FakeBluescreen/readme.md,works_both
sd_card_content/badusb_extra_payloads/prank/Win/directly_ready/UberGuidoZ_BadUSB/UNC0V3R3D-BadUSB-Collection/Windows_Badusb/FUN/CarefulWithThis/RickRoll_IntoBSOD/readme.md,sd_card_mirror/badusb/!repo/works_both/prank/Win/directly_ready/UberGuidoZ_BadUSB/UNC0V3R3D-BadUSB-Collection/Windows_Badusb/FUN/CarefulWithThis/RickRoll_IntoBSOD/readme.md,works_both
sd_card_content/badusb_extra_payloads/prank/Win/directly_ready/UberGuidoZ_BadUSB/UNC0V3R3D-BadUSB-Collection/Windows_Badusb/FUN/WordPrank/readme.md,sd_card_mirror/badusb/!repo/works_both/prank/Win/directly_ready/UberGuidoZ_BadUSB/UNC0V3R3D-BadUSB-Collection/Windows_Badusb/FUN/WordPrank/readme.md,works_both
sd_card_content/badusb_extra_payloads/prank/Win/directly_ready/UberGuidoZ_BadUSB/NullSec-BadUSB/19_DisableMouse.txt,sd_card_mirror/badusb/!repo/works_both/prank/Win/directly_ready/UberGuidoZ_BadUSB/NullSec-BadUSB/19_DisableMouse.txt,works_both
sd_card_content/badusb_extra_payloads/prank/Win/directly_ready/UberGuidoZ_BadUSB/NullSec-BadUSB/18_VoicePrank.txt,sd_card_mirror/badusb/!repo/works_both/prank/Win/directly_ready/UberGuidoZ_BadUSB/NullSec-BadUSB/18_VoicePrank.txt,works_both
sd_card_content/badusb_extra_payloads/prank/Win/directly_ready/UberGuidoZ_BadUSB/NullSec-BadUSB/17_WallpaperPrank.txt,sd_card_mirror/badusb/!repo/works_both/prank/Win/directly_ready/UberGuidoZ_BadUSB/NullSec-BadUSB/17_WallpaperPrank.txt,works_both
sd_card_content/badusb_extra_payloads/prank/Win/directly_ready/UberGuidoZ_BadUSB/NullSec-BadUSB/16_RickRoll.txt,sd_card_mirror/badusb/!repo/works_both/prank/Win/directly_ready/UberGuidoZ_BadUSB/NullSec-BadUSB/16_RickRoll.txt,works_both
sd_card_content/badusb_extra_payloads/prank/Win/directly_ready/Bruce-Scripts-Heaven_BAD/RickRoll_CMD_Win.txt,sd_card_mirror/badusb/!repo/works_both/prank/Win/directly_ready/Bruce-Scripts-Heaven_BAD/RickRoll_CMD_Win.txt,works_both
sd_card_content/badusb_extra_payloads/prank/Win/directly_ready/Bruce-Scripts-Heaven_BAD/RickRoll Max Vol (Basic).txt,sd_card_mirror/badusb/!repo/works_both/prank/Win/directly_ready/Bruce-Scripts-Heaven_BAD/RickRoll Max Vol (Basic).txt,works_both
sd_card_content/badusb_extra_payloads/prank/Win/directly_ready/Bruce-Scripts-Heaven_BAD/CYE_Was_Here.txt,sd_card_mirror/badusb/!repo/works_both/prank/Win/directly_ready/Bruce-Scripts-Heaven_BAD/CYE_Was_Here.txt,works_both
sd_card_content/badusb_extra_payloads/prank/Win/directly_ready/Bruce-Scripts-Heaven_BAD/RickRoll_YT_Win.txt,sd_card_mirror/badusb/!repo/works_both/prank/Win/directly_ready/Bruce-Scripts-Heaven_BAD/RickRoll_YT_Win.txt,works_both
sd_card_content/badusb_extra_payloads/prank/Win/directly_ready/Bruce-Scripts-Heaven_BAD/Hacker_Typer.txt,sd_card_mirror/badusb/!repo/works_both/prank/Win/directly_ready/Bruce-Scripts-Heaven_BAD/Hacker_Typer.txt,works_both
sd_card_content/badusb_extra_payloads/prank/Win/directly_ready/Bruce-Scripts-Heaven_BAD/Honk.txt,sd_card_mirror/badusb/!repo/works_both/prank/Win/directly_ready/Bruce-Scripts-Heaven_BAD/Honk.txt,works_both
sd_card_content/badusb_extra_payloads/prank/Win/directly_ready/Bruce-Scripts-Heaven_BAD/Power-Imperial.txt,sd_card_mirror/badusb/!repo/works_both/prank/Win/directly_ready/Bruce-Scripts-Heaven_BAD/Power-Imperial.txt,works_both
sd_card_content/badusb_extra_payloads/prank/Win/directly_ready/Bruce-Scripts-Heaven_BAD/Earrape_Troll.txt,sd_card_mirror/badusb/!repo/works_both/prank/Win/directly_ready/Bruce-Scripts-Heaven_BAD/Earrape_Troll.txt,works_both
sd_card_content/badusb_extra_payloads/prank/Win/directly_ready/Bruce-Scripts-Heaven_BAD/PingMe.txt,sd_card_mirror/badusb/!repo/works_both/prank/Win/directly_ready/Bruce-Scripts-Heaven_BAD/PingMe.txt,works_both
sd_card_content/badusb_extra_payloads/prank/Win/directly_ready/Bruce-Scripts-Heaven_BAD/RickRoll_Term_Win.txt,sd_card_mirror/badusb/!repo/works_both/prank/Win/directly_ready/Bruce-Scripts-Heaven_BAD/RickRoll_Term_Win.txt,works_both
sd_card_content/badusb_extra_payloads/prank/Win/directly_ready/Bruce-Scripts-Heaven_BAD/UBGZ_Was_Here.txt,sd_card_mirror/badusb/!repo/works_both/prank/Win/directly_ready/Bruce-Scripts-Heaven_BAD/UBGZ_Was_Here.txt,works_both
sd_card_content/badusb_extra_payloads/prank/Win/directly_ready/Bruce-Scripts-Heaven_BAD/The_Matrix_Wake_Up.txt,sd_card_mirror/badusb/!repo/works_both/prank/Win/directly_ready/Bruce-Scripts-Heaven_BAD/The_Matrix_Wake_Up.txt,works_both
sd_card_content/badusb_extra_payloads/prank/Win/directly_ready/Bruce-Scripts-Heaven_BAD/Party_Parrot_Win.txt,sd_card_mirror/badusb/!repo/works_both/prank/Win/directly_ready/Bruce-Scripts-Heaven_BAD/Party_Parrot_Win.txt,works_both
sd_card_content/badusb_extra_payloads/prank/Win/directly_ready/Bruce-Scripts-Heaven_BAD/RickRoll (Basic).txt,sd_card_mirror/badusb/!repo/works_both/prank/Win/directly_ready/Bruce-Scripts-Heaven_BAD/RickRoll (Basic).txt,works_both
sd_card_content/badusb_extra_payloads/prank/Win/directly_ready/Bruce-Scripts-Heaven_BAD/Hey_Everybody.txt,sd_card_mirror/badusb/!repo/works_both/prank/Win/directly_ready/Bruce-Scripts-Heaven_BAD/Hey_Everybody.txt,works_both
sd_card_content/badusb_extra_payloads/prank/Win/directly_ready/Bruce-Scripts-Heaven_BAD/-RD-JumpScare/payload.txt,sd_card_mirror/badusb/!repo/works_both/prank/Win/directly_ready/Bruce-Scripts-Heaven_BAD/-RD-JumpScare/payload.txt,works_both
sd_card_content/badusb_extra_payloads/prank/Win/directly_ready/Bruce-Scripts-Heaven_BAD/BadUSB-FalsePhilosopher/OMG/Library/prank/BartLock.txt,sd_card_mirror/badusb/!repo/works_both/prank/Win/directly_ready/Bruce-Scripts-Heaven_BAD/BadUSB-FalsePhilosopher/OMG/Library/prank/BartLock.txt,works_both
sd_card_content/badusb_extra_payloads/prank/Win/directly_ready/Bruce-Scripts-Heaven_BAD/BadUSB-FalsePhilosopher/OMG/Library/prank/OMG-TTS-Windows.txt,sd_card_mirror/badusb/!repo/works_both/prank/Win/directly_ready/Bruce-Scripts-Heaven_BAD/BadUSB-FalsePhilosopher/OMG/Library/prank/OMG-TTS-Windows.txt,works_both
sd_card_content/badusb_extra_payloads/prank/Win/directly_ready/Bruce-Scripts-Heaven_BAD/BadUSB-FalsePhilosopher/OMG/Library/prank/Rick_Rolling_Forever/payload.txt,sd_card_mirror/badusb/!repo/works_both/prank/Win/directly_ready/Bruce-Scripts-Heaven_BAD/BadUSB-FalsePhilosopher/OMG/Library/prank/Rick_Rolling_Forever/payload.txt,works_both
sd_card_content/badusb_extra_payloads/prank/Win/directly_ready/Bruce-Scripts-Heaven_BAD/BadUSB-FalsePhilosopher/OMG/Library/prank/Hacker_Typer/payload.txt,sd_card_mirror/badusb/!repo/works_both/prank/Win/directly_ready/Bruce-Scripts-Heaven_BAD/BadUSB-FalsePhilosopher/OMG/Library/prank/Hacker_Typer/payload.txt,works_both
sd_card_content/badusb_extra_payloads/prank/Win/directly_ready/Bruce-Scripts-Heaven_BAD/BadUSB-FalsePhilosopher/OMG/Library/prank/-OMG-Rage-PopUps/Rage-PopUps-Execute.txt,sd_card_mirror/badusb/!repo/works_both/prank/Win/directly_ready/Bruce-Scripts-Heaven_BAD/BadUSB-FalsePhilosopher/OMG/Library/prank/-OMG-Rage-PopUps/Rage-PopUps-Execute.txt,works_both
sd_card_content/badusb_extra_payloads/prank/Win/directly_ready/Bruce-Scripts-Heaven_BAD/BadUSB-FalsePhilosopher/OMG/Library/prank/-OMG-JumpScare/JumpScare-Execute.txt,sd_card_mirror/badusb/!repo/works_both/prank/Win/directly_ready/Bruce-Scripts-Heaven_BAD/BadUSB-FalsePhilosopher/OMG/Library/prank/-OMG-JumpScare/JumpScare-Execute.txt,works_both
sd_card_content/badusb_extra_payloads/prank/Win/directly_ready/Bruce-Scripts-Heaven_BAD/BadUSB-FalsePhilosopher/Malduino/Library/Win/DuckDuinoScripts/WallpaperChangerWin10.ino,sd_card_mirror/badusb/!repo/works_both/prank/Win/directly_ready/Bruce-Scripts-Heaven_BAD/BadUSB-FalsePhilosopher/Malduino/Library/Win/DuckDuinoScripts/WallpaperChangerWin10.ino,works_both
sd_card_content/badusb_extra_payloads/prank/Win/directly_ready/Bruce-Scripts-Heaven_BAD/BadUSB-FalsePhilosopher/Ducky/Ducky-Framework/payloads/win/restartPrankWin7/restartPrankWin7.txt,sd_card_mirror/badusb/!repo/works_both/prank/Win/directly_ready/Bruce-Scripts-Heaven_BAD/BadUSB-FalsePhilosopher/Ducky/Ducky-Framework/payloads/win/restartPrankWin7/restartPrankWin7.txt,works_both
sd_card_content/badusb_extra_payloads/prank/Win/directly_ready/Bruce-Scripts-Heaven_BAD/BadUSB-FalsePhilosopher/Ducky/USBRubberducky/library/prank/Win/Desktop_Goose/GooseCrasherpara.txt,sd_card_mirror/badusb/!repo/works_both/prank/Win/directly_ready/Bruce-Scripts-Heaven_BAD/BadUSB-FalsePhilosopher/Ducky/USBRubberducky/library/prank/Win/Desktop_Goose/GooseCrasherpara.txt,works_both
sd_card_content/badusb_extra_payloads/prank/Win/directly_ready/Bruce-Scripts-Heaven_BAD/BadUSB-FalsePhilosopher/Ducky/USBRubberducky/library/prank/Win/Desktop_Goose/Honkannoying.txt,sd_card_mirror/badusb/!repo/works_both/prank/Win/directly_ready/Bruce-Scripts-Heaven_BAD/BadUSB-FalsePhilosopher/Ducky/USBRubberducky/library/prank/Win/Desktop_Goose/Honkannoying.txt,works_both
sd_card_content/badusb_extra_payloads/prank/Win/directly_ready/Bruce-Scripts-Heaven_BAD/BadUSB-FalsePhilosopher/Ducky/USBRubberducky/prank/Win/Windows Down/quack.txt,sd_card_mirror/badusb/!repo/works_both/prank/Win/directly_ready/Bruce-Scripts-Heaven_BAD/BadUSB-FalsePhilosopher/Ducky/USBRubberducky/prank/Win/Windows Down/quack.txt,works_both
sd_card_content/badusb_extra_payloads/prank/Win/directly_ready/Bruce-Scripts-Heaven_BAD/BadUSB-FalsePhilosopher/Ducky/USBRubberducky/prank/Win/Work-Bitch/quack.txt,sd_card_mirror/badusb/!repo/works_both/prank/Win/directly_ready/Bruce-Scripts-Heaven_BAD/BadUSB-FalsePhilosopher/Ducky/USBRubberducky/prank/Win/Work-Bitch/quack.txt,works_both
sd_card_content/badusb_extra_payloads/prank/Win/directly_ready/Bruce-Scripts-Heaven_BAD/BadUSB-FalsePhilosopher/Ducky/USBRubberducky/prank/Win/Musical_monitors/quack.txt,sd_card_mirror/badusb/!repo/works_both/prank/Win/directly_ready/Bruce-Scripts-Heaven_BAD/BadUSB-FalsePhilosopher/Ducky/USBRubberducky/prank/Win/Musical_monitors/quack.txt,works_both
sd_card_content/badusb_extra_payloads/prank/Win/directly_ready/Bruce-Scripts-Heaven_BAD/BadUSB-FalsePhilosopher/Ducky/USBRubberducky/prank/Win/RickRoll/Rickroll+BSOD/payload.txt,sd_card_mirror/badusb/!repo/works_both/prank/Win/directly_ready/Bruce-Scripts-Heaven_BAD/BadUSB-FalsePhilosopher/Ducky/USBRubberducky/prank/Win/RickRoll/Rickroll+BSOD/payload.txt,works_both
sd_card_content/badusb_extra_payloads/prank/Win/directly_ready/Bruce-Scripts-Heaven_BAD/BadUSB-FalsePhilosopher/Ducky/USBRubberducky/prank/Win/RickRoll/Rickrollupdate/payload.txt,sd_card_mirror/badusb/!repo/works_both/prank/Win/directly_ready/Bruce-Scripts-Heaven_BAD/BadUSB-FalsePhilosopher/Ducky/USBRubberducky/prank/Win/RickRoll/Rickrollupdate/payload.txt,works_both
sd_card_content/badusb_extra_payloads/prank/Win/directly_ready/Bruce-Scripts-Heaven_BAD/BadUSB-FalsePhilosopher/Ducky/USBRubberducky/prank/Win/Starup_Sound_Troll/Wake_up_an_quack-long.txt,sd_card_mirror/badusb/!repo/works_both/prank/Win/directly_ready/Bruce-Scripts-Heaven_BAD/BadUSB-FalsePhilosopher/Ducky/USBRubberducky/prank/Win/Starup_Sound_Troll/Wake_up_an_quack-long.txt,works_both
sd_card_content/badusb_extra_payloads/prank/Win/directly_ready/Bruce-Scripts-Heaven_BAD/BadUSB-FalsePhilosopher/Ducky/USBRubberducky/prank/Win/Starup_Sound_Troll/Wake_up_an_quackOL.txt,sd_card_mirror/badusb/!repo/works_both/prank/Win/directly_ready/Bruce-Scripts-Heaven_BAD/BadUSB-FalsePhilosopher/Ducky/USBRubberducky/prank/Win/Starup_Sound_Troll/Wake_up_an_quackOL.txt,works_both
sd_card_content/badusb_extra_payloads/prank/Win/directly_ready/Bruce-Scripts-Heaven_BAD/BadUSB-FalsePhilosopher/Ducky/USBRubberducky/prank/Win/Popup_Hell/quack.txt,sd_card_mirror/badusb/!repo/works_both/prank/Win/directly_ready/Bruce-Scripts-Heaven_BAD/BadUSB-FalsePhilosopher/Ducky/USBRubberducky/prank/Win/Popup_Hell/quack.txt,works_both
sd_card_content/badusb_extra_payloads/prank/Win/directly_ready/Bruce-Scripts-Heaven_BAD/BadUSB-FalsePhilosopher/Ducky/USBRubberducky/prank/Win/Inverted_Desktop_Troll/V1/quack.txt,sd_card_mirror/badusb/!repo/works_both/prank/Win/directly_ready/Bruce-Scripts-Heaven_BAD/BadUSB-FalsePhilosopher/Ducky/USBRubberducky/prank/Win/Inverted_Desktop_Troll/V1/quack.txt,works_both
sd_card_content/badusb_extra_payloads/prank/Win/directly_ready/Bruce-Scripts-Heaven_BAD/BadUSB-FalsePhilosopher/Ducky/USBRubberducky/prank/Win/Inverted_Desktop_Troll/V2/Inverted_Desktop_Troll.ino,sd_card_mirror/badusb/!repo/works_both/prank/Win/directly_ready/Bruce-Scripts-Heaven_BAD/BadUSB-FalsePhilosopher/Ducky/USBRubberducky/prank/Win/Inverted_Desktop_Troll/V2/Inverted_Desktop_Troll.ino,works_both
sd_card_content/badusb_extra_payloads/prank/Win/directly_ready/Bruce-Scripts-Heaven_BAD/BadUSB-FalsePhilosopher/Ducky/USBRubberducky/prank/Win/Inverted_Desktop_Troll/V2/quack.txt,sd_card_mirror/badusb/!repo/works_both/prank/Win/directly_ready/Bruce-Scripts-Heaven_BAD/BadUSB-FalsePhilosopher/Ducky/USBRubberducky/prank/Win/Inverted_Desktop_Troll/V2/quack.txt,works_both
sd_card_content/badusb_extra_payloads/prank/Win/directly_ready/Bruce-Scripts-Heaven_BAD/BadUSB-FalsePhilosopher/BashBunny/payloads/library/prank/ncage/win.txt,sd_card_mirror/badusb/!repo/works_both/prank/Win/directly_ready/Bruce-Scripts-Heaven_BAD/BadUSB-FalsePhilosopher/BashBunny/payloads/library/prank/ncage/win.txt,works_both
sd_card_content/badusb_extra_payloads/prank/Win/directly_ready/Bruce-Scripts-Heaven_BAD/BadUSB-FalsePhilosopher/FlipperZero_ducky_payload/prank/Win/Honk/GooseCrasher.txt,sd_card_mirror/badusb/!repo/works_both/prank/Win/directly_ready/Bruce-Scripts-Heaven_BAD/BadUSB-FalsePhilosopher/FlipperZero_ducky_payload/prank/Win/Honk/GooseCrasher.txt,works_both
sd_card_content/badusb_extra_payloads/prank/Win/directly_ready/Bruce-Scripts-Heaven_BAD/Quack_Rolled/payload.txt,sd_card_mirror/badusb/!repo/works_both/prank/Win/directly_ready/Bruce-Scripts-Heaven_BAD/Quack_Rolled/payload.txt,works_both
sd_card_content/badusb_extra_payloads/prank/Win/directly_ready/Bruce-Scripts-Heaven_BAD/Talking_Duck/payload.txt,sd_card_mirror/badusb/!repo/works_both/prank/Win/directly_ready/Bruce-Scripts-Heaven_BAD/Talking_Duck/payload.txt,works_both
sd_card_content/badusb_extra_payloads/prank/Win/directly_ready/Bruce-Scripts-Heaven_BAD/Jakoby_BadUSB/Payloads/Flip-JumpScare/JumpScare.txt,sd_card_mirror/badusb/!repo/works_both/prank/Win/directly_ready/Bruce-Scripts-Heaven_BAD/Jakoby_BadUSB/Payloads/Flip-JumpScare/JumpScare.txt,works_both
sd_card_content/badusb_extra_payloads/prank/Win/directly_ready/Bruce-Scripts-Heaven_BAD/Jakoby_BadUSB/Payloads/FLIP-ADV-RickRoll/ADV-RickRoll.txt,sd_card_mirror/badusb/!repo/works_both/prank/Win/directly_ready/Bruce-Scripts-Heaven_BAD/Jakoby_BadUSB/Payloads/FLIP-ADV-RickRoll/ADV-RickRoll.txt,works_both
sd_card_content/badusb_extra_payloads/prank/Win/directly_ready/Bruce-Scripts-Heaven_BAD/AUTOinCORRECT/payload.txt,sd_card_mirror/badusb/!repo/works_both/prank/Win/directly_ready/Bruce-Scripts-Heaven_BAD/AUTOinCORRECT/payload.txt,works_both
sd_card_content/badusb_extra_payloads/prank/Win/directly_ready/Bruce-Scripts-Heaven_BAD/Flipper_Zero_Badusb_hack5_payloads/prank/-RD-JumpScare/payload.txt,sd_card_mirror/badusb/!repo/works_both/prank/Win/directly_ready/Bruce-Scripts-Heaven_BAD/Flipper_Zero_Badusb_hack5_payloads/prank/-RD-JumpScare/payload.txt,works_both
sd_card_content/badusb_extra_payloads/prank/Win/directly_ready/Bruce-Scripts-Heaven_BAD/Flipper_Zero_Badusb_hack5_payloads/prank/-RD-AcidBurn/payload.txt,sd_card_mirror/badusb/!repo/works_both/prank/Win/directly_ready/Bruce-Scripts-Heaven_BAD/Flipper_Zero_Badusb_hack5_payloads/prank/-RD-AcidBurn/payload.txt,works_both
sd_card_content/badusb_extra_payloads/prank/Win/directly_ready/Bruce-Scripts-Heaven_BAD/Flipper_Zero_Badusb_hack5_payloads/prank/-RD-PS-Draw/payload.txt,sd_card_mirror/badusb/!repo/works_both/prank/Win/directly_ready/Bruce-Scripts-Heaven_BAD/Flipper_Zero_Badusb_hack5_payloads/prank/-RD-PS-Draw/payload.txt,works_both
sd_card_content/badusb_extra_payloads/prank/Win/directly_ready/Bruce-Scripts-Heaven_BAD/Flipper_Zero_Badusb_hack5_payloads/prank/-RD-We-Found-You/payload.txt,sd_card_mirror/badusb/!repo/works_both/prank/Win/directly_ready/Bruce-Scripts-Heaven_BAD/Flipper_Zero_Badusb_hack5_payloads/prank/-RD-We-Found-You/payload.txt,works_both
sd_card_content/badusb_extra_payloads/prank/Win/directly_ready/Bruce-Scripts-Heaven_BAD/Flipper_Zero_Badusb_hack5_payloads/prank/-RD-Wallpaper-Troll/payload.txt,sd_card_mirror/badusb/!repo/works_both/prank/Win/directly_ready/Bruce-Scripts-Heaven_BAD/Flipper_Zero_Badusb_hack5_payloads/prank/-RD-Wallpaper-Troll/payload.txt,works_both
sd_card_content/badusb_extra_payloads/prank/Win/directly_ready/Bruce-Scripts-Heaven_BAD/Flip-Rage-PopUps/Rage-PopUps.txt,sd_card_mirror/badusb/!repo/works_both/prank/Win/directly_ready/Bruce-Scripts-Heaven_BAD/Flip-Rage-PopUps/Rage-PopUps.txt,works_both
sd_card_content/badusb_extra_payloads/prank/Win/directly_ready/Bruce-Scripts-Heaven_BAD/silent_rickroll/payload.txt,sd_card_mirror/badusb/!repo/works_both/prank/Win/directly_ready/Bruce-Scripts-Heaven_BAD/silent_rickroll/payload.txt,works_both
sd_card_content/badusb_extra_payloads/prank/Win/directly_ready/Bruce-Scripts-Heaven_BAD/Windows/Prank/ContinuousPrintInTerminal/payload.txt,sd_card_mirror/badusb/!repo/works_both/prank/Win/directly_ready/Bruce-Scripts-Heaven_BAD/Windows/Prank/ContinuousPrintInTerminal/payload.txt,works_both
sd_card_content/badusb_extra_payloads/prank/Win/directly_ready/Bruce-Scripts-Heaven_BAD/Windows/Prank/Spam_Terminals-by_bst04/Spam_Terminals.txt,sd_card_mirror/badusb/!repo/works_both/prank/Win/directly_ready/Bruce-Scripts-Heaven_BAD/Windows/Prank/Spam_Terminals-by_bst04/Spam_Terminals.txt,works_both
sd_card_content/badusb_extra_payloads/prank/Win/directly_ready/Bruce-Scripts-Heaven_BAD/Windows/Prank/NeverGonnaGiveYouUp_Windows/payload.txt,sd_card_mirror/badusb/!repo/works_both/prank/Win/directly_ready/Bruce-Scripts-Heaven_BAD/Windows/Prank/NeverGonnaGiveYouUp_Windows/payload.txt,works_both
sd_card_content/badusb_extra_payloads/prank/Win/directly_ready/Bruce-Scripts-Heaven_BAD/Windows/Prank/Full-ScreenBannerJoke/script.py,sd_card_mirror/badusb/!repo/works_both/prank/Win/directly_ready/Bruce-Scripts-Heaven_BAD/Windows/Prank/Full-ScreenBannerJoke/script.py,works_both
sd_card_content/badusb_extra_payloads/prank/Win/directly_ready/Bruce-Scripts-Heaven_BAD/Windows/Prank/Prank_In_The_Middle_Thunderbird/payload.txt,sd_card_mirror/badusb/!repo/works_both/prank/Win/directly_ready/Bruce-Scripts-Heaven_BAD/Windows/Prank/Prank_In_The_Middle_Thunderbird/payload.txt,works_both
sd_card_content/badusb_extra_payloads/prank/Win/directly_ready/Bruce-Scripts-Heaven_BAD/Windows/Prank/AlienMessageFromComputer/payload.txt,sd_card_mirror/badusb/!repo/works_both/prank/Win/directly_ready/Bruce-Scripts-Heaven_BAD/Windows/Prank/AlienMessageFromComputer/payload.txt,works_both
sd_card_content/badusb_extra_payloads/prank/Win/directly_ready/Bruce-Scripts-Heaven_BAD/Windows/Prank/SendSignalMessages_Windows/payload.txt,sd_card_mirror/badusb/!repo/works_both/prank/Win/directly_ready/Bruce-Scripts-Heaven_BAD/Windows/Prank/SendSignalMessages_Windows/payload.txt,works_both
sd_card_content/badusb_extra_payloads/prank/Win/directly_ready/Bruce-Scripts-Heaven_BAD/Flip-Wallpaper-Troll/Wallpaper-Troll.txt,sd_card_mirror/badusb/!repo/works_both/prank/Win/directly_ready/Bruce-Scripts-Heaven_BAD/Flip-Wallpaper-Troll/Wallpaper-Troll.txt,works_both
sd_card_content/badusb_extra_payloads/prank/Win/directly_ready/Bruce-Scripts-Heaven_BAD/PC/Cybercrime WINDOWS.txt,sd_card_mirror/badusb/!repo/works_both/prank/Win/directly_ready/Bruce-Scripts-Heaven_BAD/PC/Cybercrime WINDOWS.txt,works_both
sd_card_content/badusb_extra_payloads/prank/Win/directly_ready/Bruce-Scripts-Heaven_BAD/PC/pwn3d windows prank.txt,sd_card_mirror/badusb/!repo/works_both/prank/Win/directly_ready/Bruce-Scripts-Heaven_BAD/PC/pwn3d windows prank.txt,works_both
sd_card_content/badusb_extra_payloads/prank/Win/directly_ready/Bruce-Scripts-Heaven_BAD/Continuos Print In Terminal/payload.txt,sd_card_mirror/badusb/!repo/works_both/prank/Win/directly_ready/Bruce-Scripts-Heaven_BAD/Continuos Print In Terminal/payload.txt,works_both
sd_card_content/badusb_extra_payloads/prank/Win/directly_ready/Bruce-Scripts-Heaven_BAD/Windows-Idiot-Prank/Windows-Idiot-Prank.txt,sd_card_mirror/badusb/!repo/works_both/prank/Win/directly_ready/Bruce-Scripts-Heaven_BAD/Windows-Idiot-Prank/Windows-Idiot-Prank.txt,works_both
sd_card_content/badusb_extra_payloads/prank/Win/directly_ready/Bruce-Scripts-Heaven_BAD/Alien Message From Computer/payload.txt,sd_card_mirror/badusb/!repo/works_both/prank/Win/directly_ready/Bruce-Scripts-Heaven_BAD/Alien Message From Computer/payload.txt,works_both
sd_card_content/badusb_extra_payloads/prank/Win/directly_ready/Bruce-Scripts-Heaven_BAD/Physical_Rick_Roll/payload.txt,sd_card_mirror/badusb/!repo/works_both/prank/Win/directly_ready/Bruce-Scripts-Heaven_BAD/Physical_Rick_Roll/payload.txt,works_both
sd_card_content/badusb_extra_payloads/prank/Win/directly_ready/Bruce-Scripts-Heaven_BAD/UninstallSignal/payload.txt,sd_card_mirror/badusb/!repo/works_both/prank/Win/directly_ready/Bruce-Scripts-Heaven_BAD/UninstallSignal/payload.txt,works_both
sd_card_content/badusb_extra_payloads/prank/Win/directly_ready/Bruce-Scripts-Heaven_BAD/Full-ScreenBannerJoke/script.py,sd_card_mirror/badusb/!repo/works_both/prank/Win/directly_ready/Bruce-Scripts-Heaven_BAD/Full-ScreenBannerJoke/script.py,works_both
sd_card_content/badusb_extra_payloads/prank/Win/directly_ready/Bruce-Scripts-Heaven_BAD/Flip-JumpScare/JumpScare.txt,sd_card_mirror/badusb/!repo/works_both/prank/Win/directly_ready/Bruce-Scripts-Heaven_BAD/Flip-JumpScare/JumpScare.txt,works_both
sd_card_content/badusb_extra_payloads/prank/Win/directly_ready/Bruce-Scripts-Heaven_BAD/NoMoreIcons/payload.txt,sd_card_mirror/badusb/!repo/works_both/prank/Win/directly_ready/Bruce-Scripts-Heaven_BAD/NoMoreIcons/payload.txt,works_both
sd_card_content/badusb_extra_payloads/prank/Win/directly_ready/Bruce-Scripts-Heaven_BAD/-RD-ADV-RickRoll/ADV-RickRoll.txt,sd_card_mirror/badusb/!repo/works_both/prank/Win/directly_ready/Bruce-Scripts-Heaven_BAD/-RD-ADV-RickRoll/ADV-RickRoll.txt,works_both
sd_card_content/badusb_extra_payloads/prank/Win/directly_ready/Bruce-Scripts-Heaven_BAD/ratlocker/payload.txt,sd_card_mirror/badusb/!repo/works_both/prank/Win/directly_ready/Bruce-Scripts-Heaven_BAD/ratlocker/payload.txt,works_both
sd_card_content/badusb_extra_payloads/prank/Win/directly_ready/Bruce-Scripts-Heaven_BAD/atomiczsec-BadUSB/OMG/payloads/cApS-Troll/payload.txt,sd_card_mirror/badusb/!repo/works_both/prank/Win/directly_ready/Bruce-Scripts-Heaven_BAD/atomiczsec-BadUSB/OMG/payloads/cApS-Troll/payload.txt,works_both
sd_card_content/badusb_extra_payloads/prank/Win/directly_ready/Bruce-Scripts-Heaven_BAD/atomiczsec-BadUSB/FlipperZero/payloads/cApS-Troll/payload.txt,sd_card_mirror/badusb/!repo/works_both/prank/Win/directly_ready/Bruce-Scripts-Heaven_BAD/atomiczsec-BadUSB/FlipperZero/payloads/cApS-Troll/payload.txt,works_both
sd_card_content/badusb_extra_payloads/prank/Win/directly_ready/Bruce-Scripts-Heaven_BAD/-RD-Rage-PopUps/payload.txt,sd_card_mirror/badusb/!repo/works_both/prank/Win/directly_ready/Bruce-Scripts-Heaven_BAD/-RD-Rage-PopUps/payload.txt,works_both
sd_card_content/badusb_extra_payloads/prank/Win/directly_ready/Bruce-Scripts-Heaven_BAD/FalsePhilosopher/prank/Win/Win_power/shutdown.txt,sd_card_mirror/badusb/!repo/works_both/prank/Win/directly_ready/Bruce-Scripts-Heaven_BAD/FalsePhilosopher/prank/Win/Win_power/shutdown.txt,works_both
sd_card_content/badusb_extra_payloads/prank/Win/directly_ready/Bruce-Scripts-Heaven_BAD/Text2Speech/Text2Speech.txt,sd_card_mirror/badusb/!repo/works_both/prank/Win/directly_ready/Bruce-Scripts-Heaven_BAD/Text2Speech/Text2Speech.txt,works_both
sd_card_content/badusb_extra_payloads/prank/Win/directly_ready/Bruce-Scripts-Heaven_BAD/Kavitate-BadUSB/Prank/High Contrast/High-Contrast-Lock.txt,sd_card_mirror/badusb/!repo/works_both/prank/Win/directly_ready/Bruce-Scripts-Heaven_BAD/Kavitate-BadUSB/Prank/High Contrast/High-Contrast-Lock.txt,works_both
sd_card_content/badusb_extra_payloads/prank/Win/directly_ready/Bruce-Scripts-Heaven_BAD/Kavitate-BadUSB/Prank/High Contrast/High-Contrast.txt,sd_card_mirror/badusb/!repo/works_both/prank/Win/directly_ready/Bruce-Scripts-Heaven_BAD/Kavitate-BadUSB/Prank/High Contrast/High-Contrast.txt,works_both
sd_card_content/badusb_extra_payloads/prank/Win/directly_ready/Bruce-Scripts-Heaven_BAD/Kavitate-BadUSB/Prank/Mouse Zap/MouseZap.txt,sd_card_mirror/badusb/!repo/works_both/prank/Win/directly_ready/Bruce-Scripts-Heaven_BAD/Kavitate-BadUSB/Prank/Mouse Zap/MouseZap.txt,works_both
sd_card_content/badusb_extra_payloads/prank/Win/directly_ready/Bruce-Scripts-Heaven_BAD/Kavitate-BadUSB/Prank/Telnet Star Wars/TelnetStarWars.txt,sd_card_mirror/badusb/!repo/works_both/prank/Win/directly_ready/Bruce-Scripts-Heaven_BAD/Kavitate-BadUSB/Prank/Telnet Star Wars/TelnetStarWars.txt,works_both
sd_card_content/badusb_extra_payloads/prank/Win/directly_ready/Bruce-Scripts-Heaven_BAD/Kavitate-BadUSB/Prank/Nope-Pad/Nope-Pad-Instant.txt,sd_card_mirror/badusb/!repo/works_both/prank/Win/directly_ready/Bruce-Scripts-Heaven_BAD/Kavitate-BadUSB/Prank/Nope-Pad/Nope-Pad-Instant.txt,works_both
sd_card_content/badusb_extra_payloads/prank/Win/directly_ready/Bruce-Scripts-Heaven_BAD/Kavitate-BadUSB/Prank/Nope-Pad/Nope-Pad-Revert.txt,sd_card_mirror/badusb/!repo/works_both/prank/Win/directly_ready/Bruce-Scripts-Heaven_BAD/Kavitate-BadUSB/Prank/Nope-Pad/Nope-Pad-Revert.txt,works_both
sd_card_content/badusb_extra_payloads/prank/Win/directly_ready/Bruce-Scripts-Heaven_BAD/Kavitate-BadUSB/Prank/Nope-Pad/Nope-Pad.txt,sd_card_mirror/badusb/!repo/works_both/prank/Win/directly_ready/Bruce-Scripts-Heaven_BAD/Kavitate-BadUSB/Prank/Nope-Pad/Nope-Pad.txt,works_both
sd_card_content/badusb_extra_payloads/prank/Win/directly_ready/Bruce-Scripts-Heaven_BAD/Kavitate-BadUSB/Prank/Win Zoom/Win-Zoom.txt,sd_card_mirror/badusb/!repo/works_both/prank/Win/directly_ready/Bruce-Scripts-Heaven_BAD/Kavitate-BadUSB/Prank/Win Zoom/Win-Zoom.txt,works_both
sd_card_content/badusb_extra_payloads/prank/Win/directly_ready/Bruce-Scripts-Heaven_BAD/lol_killer/payload.txt,sd_card_mirror/badusb/!repo/works_both/prank/Win/directly_ready/Bruce-Scripts-Heaven_BAD/lol_killer/payload.txt,works_both
sd_card_content/badusb_extra_payloads/prank/Win/directly_ready/Bruce-Scripts-Heaven_BAD/MaxVolumeRickroll_Windows/payload.txt,sd_card_mirror/badusb/!repo/works_both/prank/Win/directly_ready/Bruce-Scripts-Heaven_BAD/MaxVolumeRickroll_Windows/payload.txt,works_both
sd_card_content/badusb_extra_payloads/prank/Win/directly_ready/Bruce-Scripts-Heaven_BAD/RickRoll_ASCII/payload.txt,sd_card_mirror/badusb/!repo/works_both/prank/Win/directly_ready/Bruce-Scripts-Heaven_BAD/RickRoll_ASCII/payload.txt,works_both
sd_card_content/badusb_extra_payloads/prank/Win/directly_ready/Bruce-Scripts-Heaven_BAD/Pranh(ex)/assets/pranh(ex).py,sd_card_mirror/badusb/!repo/works_both/prank/Win/directly_ready/Bruce-Scripts-Heaven_BAD/Pranh(ex)/assets/pranh(ex).py,works_both
sd_card_content/badusb_extra_payloads/prank/Win/directly_ready/Bruce-Scripts-Heaven_BAD/omg-payloads-master/payloads/library/prank/Seniors_Webcam_Prank/payload.txt,sd_card_mirror/badusb/!repo/works_both/prank/Win/directly_ready/Bruce-Scripts-Heaven_BAD/omg-payloads-master/payloads/library/prank/Seniors_Webcam_Prank/payload.txt,works_both
sd_card_content/badusb_extra_payloads/prank/Win/directly_ready/Bruce-Scripts-Heaven_BAD/omg-payloads-master/payloads/library/prank/Address_Bar_Attack/payload.txt,sd_card_mirror/badusb/!repo/works_both/prank/Win/directly_ready/Bruce-Scripts-Heaven_BAD/omg-payloads-master/payloads/library/prank/Address_Bar_Attack/payload.txt,works_both
sd_card_content/badusb_extra_payloads/prank/Win/directly_ready/Bruce-Scripts-Heaven_BAD/omg-payloads-master/payloads/library/prank/WindowS_PoP_uP/payload.txt,sd_card_mirror/badusb/!repo/works_both/prank/Win/directly_ready/Bruce-Scripts-Heaven_BAD/omg-payloads-master/payloads/library/prank/WindowS_PoP_uP/payload.txt,works_both
sd_card_content/badusb_extra_payloads/prank/Win/directly_ready/Bruce-Scripts-Heaven_BAD/mr-robot_eXit/prank_files/assets/js/variables.js,sd_card_mirror/badusb/!repo/works_both/prank/Win/directly_ready/Bruce-Scripts-Heaven_BAD/mr-robot_eXit/prank_files/assets/js/variables.js,works_both
sd_card_content/badusb_extra_payloads/prank/Win/directly_ready/Bruce-Scripts-Heaven_BAD/mr-robot_eXit/prank_files/assets/js/constants.js,sd_card_mirror/badusb/!repo/works_both/prank/Win/directly_ready/Bruce-Scripts-Heaven_BAD/mr-robot_eXit/prank_files/assets/js/constants.js,works_both
sd_card_content/badusb_extra_payloads/prank/Win/directly_ready/Bruce-Scripts-Heaven_BAD/mr-robot_eXit/prank_files/assets/js/main.js,sd_card_mirror/badusb/!repo/works_both/prank/Win/directly_ready/Bruce-Scripts-Heaven_BAD/mr-robot_eXit/prank_files/assets/js/main.js,works_both
sd_card_content/badusb_extra_payloads/prank/Win/directly_ready/Bruce-Scripts-Heaven_BAD/mr-robot_eXit/prank_files/assets/js/functions/sleep.js,sd_card_mirror/badusb/!repo/works_both/prank/Win/directly_ready/Bruce-Scripts-Heaven_BAD/mr-robot_eXit/prank_files/assets/js/functions/sleep.js,works_both
sd_card_content/badusb_extra_payloads/prank/Win/directly_ready/Bruce-Scripts-Heaven_BAD/mr-robot_eXit/prank_files/assets/js/functions/off.js,sd_card_mirror/badusb/!repo/works_both/prank/Win/directly_ready/Bruce-Scripts-Heaven_BAD/mr-robot_eXit/prank_files/assets/js/functions/off.js,works_both
sd_card_content/badusb_extra_payloads/prank/Win/directly_ready/Bruce-Scripts-Heaven_BAD/mr-robot_eXit/prank_files/assets/js/functions/stage.js,sd_card_mirror/badusb/!repo/works_both/prank/Win/directly_ready/Bruce-Scripts-Heaven_BAD/mr-robot_eXit/prank_files/assets/js/functions/stage.js,works_both
sd_card_content/badusb_extra_payloads/prank/Win/directly_ready/Bruce-Scripts-Heaven_BAD/-RD-Wallpaper-Troll/payload.txt,sd_card_mirror/badusb/!repo/works_both/prank/Win/directly_ready/Bruce-Scripts-Heaven_BAD/-RD-Wallpaper-Troll/payload.txt,works_both
sd_card_content/badusb_extra_payloads/prank/Win/directly_ready/Bruce-Scripts-Heaven_BAD/Computer-Acid/Computer-ACID-Prank.txt,sd_card_mirror/badusb/!repo/works_both/prank/Win/directly_ready/Bruce-Scripts-Heaven_BAD/Computer-Acid/Computer-ACID-Prank.txt,works_both
sd_card_content/badusb_extra_payloads/prank/Win/directly_ready/Bruce-Scripts-Heaven_BAD/YouHaveBeenQuacked2.0/payload.txt,sd_card_mirror/badusb/!repo/works_both/prank/Win/directly_ready/Bruce-Scripts-Heaven_BAD/YouHaveBeenQuacked2.0/payload.txt,works_both
sd_card_content/badusb_extra_payloads/prank/Win/directly_ready/Bruce-Scripts-Heaven_BAD/BadUSB/SpamRickrollPayload.txt,sd_card_mirror/badusb/!repo/works_both/prank/Win/directly_ready/Bruce-Scripts-Heaven_BAD/BadUSB/SpamRickrollPayload.txt,works_both
sd_card_content/badusb_extra_payloads/prank/Win/directly_ready/Bruce-Scripts-Heaven_BAD/TerminalRickRoll/QuackTUXmean.txt,sd_card_mirror/badusb/!repo/works_both/prank/Win/directly_ready/Bruce-Scripts-Heaven_BAD/TerminalRickRoll/QuackTUXmean.txt,works_both
sd_card_content/badusb_extra_payloads/prank/Win/directly_ready/Bruce-Scripts-Heaven_BAD/UNC0V3R3D-BadUSB/BadUsb-Collection/Windows_Badusb/ASCII/Selfwriting/RickRoll.txt,sd_card_mirror/badusb/!repo/works_both/prank/Win/directly_ready/Bruce-Scripts-Heaven_BAD/UNC0V3R3D-BadUSB/BadUsb-Collection/Windows_Badusb/ASCII/Selfwriting/RickRoll.txt,works_both
sd_card_content/badusb_extra_payloads/prank/Win/directly_ready/Bruce-Scripts-Heaven_BAD/UNC0V3R3D-BadUSB/BadUsb-Collection/Windows_Badusb/ASCII/Selfwriting/SimpleTroll.txt,sd_card_mirror/badusb/!repo/works_both/prank/Win/directly_ready/Bruce-Scripts-Heaven_BAD/UNC0V3R3D-BadUSB/BadUsb-Collection/Windows_Badusb/ASCII/Selfwriting/SimpleTroll.txt,works_both
sd_card_content/badusb_extra_payloads/prank/Win/directly_ready/Bruce-Scripts-Heaven_BAD/UNC0V3R3D-BadUSB/BadUsb-Collection/Windows_Badusb/FUN/WordPrank/WordPrank.txt,sd_card_mirror/badusb/!repo/works_both/prank/Win/directly_ready/Bruce-Scripts-Heaven_BAD/UNC0V3R3D-BadUSB/BadUsb-Collection/Windows_Badusb/FUN/WordPrank/WordPrank.txt,works_both
sd_card_content/badusb_extra_payloads/prank/Win/directly_ready/Bruce-Scripts-Heaven_BAD/prank/Win/The_Matrix-Wake_Up/payload.txt,sd_card_mirror/badusb/!repo/works_both/prank/Win/directly_ready/Bruce-Scripts-Heaven_BAD/prank/Win/The_Matrix-Wake_Up/payload.txt,works_both
sd_card_content/badusb_extra_payloads/prank/Win/directly_ready/Bruce-Scripts-Heaven_BAD/prank/Win/Hacker_Typer/payload.txt,sd_card_mirror/badusb/!repo/works_both/prank/Win/directly_ready/Bruce-Scripts-Heaven_BAD/prank/Win/Hacker_Typer/payload.txt,works_both
sd_card_content/badusb_extra_payloads/prank/Win/directly_ready/Bruce-Scripts-Heaven_BAD/prank/Win/RickRoll/Terminal_RickRoll/quack.txt,sd_card_mirror/badusb/!repo/works_both/prank/Win/directly_ready/Bruce-Scripts-Heaven_BAD/prank/Win/RickRoll/Terminal_RickRoll/quack.txt,works_both
sd_card_content/badusb_extra_payloads/prank/Win/directly_ready/Bruce-Scripts-Heaven_BAD/prank/Win/RickRoll/Rick_Rolling_Forever/payload.txt,sd_card_mirror/badusb/!repo/works_both/prank/Win/directly_ready/Bruce-Scripts-Heaven_BAD/prank/Win/RickRoll/Rick_Rolling_Forever/payload.txt,works_both
sd_card_content/badusb_extra_payloads/prank/Win/directly_ready/Bruce-Scripts-Heaven_BAD/prank/Win/RickRoll/RickUpdater/payload.txt,sd_card_mirror/badusb/!repo/works_both/prank/Win/directly_ready/Bruce-Scripts-Heaven_BAD/prank/Win/RickRoll/RickUpdater/payload.txt,works_both
sd_card_content/badusb_extra_payloads/prank/Win/directly_ready/Bruce-Scripts-Heaven_BAD/prank/Win/RickRoll/RickCurs/quack.txt,sd_card_mirror/badusb/!repo/works_both/prank/Win/directly_ready/Bruce-Scripts-Heaven_BAD/prank/Win/RickRoll/RickCurs/quack.txt,works_both
sd_card_content/badusb_extra_payloads/prank/Win/directly_ready/Bruce-Scripts-Heaven_BAD/Always-Minimize/payload.txt,sd_card_mirror/badusb/!repo/works_both/prank/Win/directly_ready/Bruce-Scripts-Heaven_BAD/Always-Minimize/payload.txt,works_both
sd_card_content/badusb_extra_payloads/prank/Android/directly_ready/BadUsb-Library/Brightness-Max.txt,sd_card_mirror/badusb/!repo/works_both/prank/Android/directly_ready/BadUsb-Library/Brightness-Max.txt,works_both
sd_card_content/badusb_extra_payloads/prank/Android/directly_ready/BadUsb-Library/Wallpaper-Changer.txt,sd_card_mirror/badusb/!repo/works_both/prank/Android/directly_ready/BadUsb-Library/Wallpaper-Changer.txt,works_both
sd_card_content/badusb_extra_payloads/prank/Android/directly_ready/BadUsb-Library/Volume-Max.txt,sd_card_mirror/badusb/!repo/works_both/prank/Android/directly_ready/BadUsb-Library/Volume-Max.txt,works_both
sd_card_content/badusb_extra_payloads/prank/Android/directly_ready/BadUsb-Library/Notification-Spammer.txt,sd_card_mirror/badusb/!repo/works_both/prank/Android/directly_ready/BadUsb-Library/Notification-Spammer.txt,works_both
sd_card_content/badusb_extra_payloads/prank/Android/directly_ready/Bruce-Scripts-Heaven_BAD/rickroll-android.txt,sd_card_mirror/badusb/!repo/works_both/prank/Android/directly_ready/Bruce-Scripts-Heaven_BAD/rickroll-android.txt,works_both
sd_card_content/badusb_extra_payloads/prank/Android/directly_ready/Bruce-Scripts-Heaven_BAD/BadUSB-FalsePhilosopher/Ducky/USBRubberducky/prank/Unix-like/Android/Prankers/quack.txt,sd_card_mirror/badusb/!repo/works_both/prank/Android/directly_ready/Bruce-Scripts-Heaven_BAD/BadUSB-FalsePhilosopher/Ducky/USBRubberducky/prank/Unix-like/Android/Prankers/quack.txt,works_both
sd_card_content/badusb_extra_payloads/prank/Android/directly_ready/Bruce-Scripts-Heaven_BAD/Phone/Android/open_website_android.txt,sd_card_mirror/badusb/!repo/works_both/prank/Android/directly_ready/Bruce-Scripts-Heaven_BAD/Phone/Android/open_website_android.txt,works_both
sd_card_content/badusb_extra_payloads/prank/iOS/directly_ready/I-Am-Jakoby_BadUSB/Payloads/Flip-JumpScare/jumpscare.png,sd_card_mirror/badusb/!repo/works_both/prank/iOS/directly_ready/I-Am-Jakoby_BadUSB/Payloads/Flip-JumpScare/jumpscare.png,works_both
sd_card_content/badusb_extra_payloads/prank/iOS/directly_ready/BadUsb-Library/Brightness-Max.txt,sd_card_mirror/badusb/!repo/works_both/prank/iOS/directly_ready/BadUsb-Library/Brightness-Max.txt,works_both
sd_card_content/badusb_extra_payloads/prank/iOS/directly_ready/BadUsb-Library/Wallpaper-Changer.txt,sd_card_mirror/badusb/!repo/works_both/prank/iOS/directly_ready/BadUsb-Library/Wallpaper-Changer.txt,works_both
sd_card_content/badusb_extra_payloads/prank/iOS/directly_ready/BadUsb-Library/Notification-Spammer.txt,sd_card_mirror/badusb/!repo/works_both/prank/iOS/directly_ready/BadUsb-Library/Notification-Spammer.txt,works_both
sd_card_content/badusb_extra_payloads/prank/iOS/directly_ready/Bruce-Scripts-Heaven_BAD/RickRoll_Apple/payload.txt,sd_card_mirror/badusb/!repo/works_both/prank/iOS/directly_ready/Bruce-Scripts-Heaven_BAD/RickRoll_Apple/payload.txt,works_both
sd_card_content/badusb_extra_payloads/prank/iOS/directly_ready/Bruce-Scripts-Heaven_BAD/omg-payloads-master/payloads/library/mobile/ios/iOS-Rickroll-contact/payload.txt,sd_card_mirror/badusb/!repo/works_both/prank/iOS/directly_ready/Bruce-Scripts-Heaven_BAD/omg-payloads-master/payloads/library/mobile/ios/iOS-Rickroll-contact/payload.txt,works_both
sd_card_content/badusb_extra_payloads/prank/iOS/directly_ready/Bruce-Scripts-Heaven_BAD/omg-payloads-master/payloads/library/mobile/ios/iOS-Rickroll-Contact-Full-Chorus/payload.txt,sd_card_mirror/badusb/!repo/works_both/prank/iOS/directly_ready/Bruce-Scripts-Heaven_BAD/omg-payloads-master/payloads/library/mobile/ios/iOS-Rickroll-Contact-Full-Chorus/payload.txt,works_both
sd_card_content/badusb_extra_payloads/prank/iOS/directly_ready/Bruce-Scripts-Heaven_BAD/omg-payloads-master/payloads/library/mobile/ios/iOS-You-Spin-me-RightRound-Prank/payload.txt,sd_card_mirror/badusb/!repo/works_both/prank/iOS/directly_ready/Bruce-Scripts-Heaven_BAD/omg-payloads-master/payloads/library/mobile/ios/iOS-You-Spin-me-RightRound-Prank/payload.txt,works_both
sd_card_content/badusb_extra_payloads/prank/iOS/directly_ready/Bruce-Scripts-Heaven_BAD/prank/Unix-like/iOS/RickRoll_Apple/payload.txt,sd_card_mirror/badusb/!repo/works_both/prank/iOS/directly_ready/Bruce-Scripts-Heaven_BAD/prank/Unix-like/iOS/RickRoll_Apple/payload.txt,works_both
sd_card_content/badusb_ducky_scripts/Bruce_t_Best.txt,sd_card_mirror/badusb/!repo/works_both/Bruce_t_Best.txt,works_both
