destino,origem_original,funcao,categoria,acao
sd_card_content/ir_extra_dbs/ACs/Lifetime_Air/remote.jpg,sd_card_content/universal_ir/assets/ACs/Lifetime_Air/remote.jpg,ir,ACs,moved
sd_card_content/ir_extra_dbs/ACs/Lifetime_Air/unit.jpg,sd_card_content/universal_ir/assets/ACs/Lifetime_Air/unit.jpg,ir,ACs,moved
sd_card_content/ir_extra_dbs/LED_Lighting/BoomTone/DJ_LEDPAR_7x10W_5in1/Back.jpg,sd_card_content/universal_ir/assets/LED_Lighting/BoomTone/DJ_LEDPAR_7x10W_5in1/Back.jpg,ir,LED_Lighting,moved
sd_card_content/ir_extra_dbs/LED_Lighting/BoomTone/DJ_LEDPAR_7x10W_5in1/Front.jpg,sd_card_content/universal_ir/assets/LED_Lighting/BoomTone/DJ_LEDPAR_7x10W_5in1/Front.jpg,ir,LED_Lighting,moved
sd_card_content/ir_extra_dbs/LED_Lighting/BoomTone/DJ_LEDPAR_7x10W_5in1/remote.jpg,sd_card_content/universal_ir/assets/LED_Lighting/BoomTone/DJ_LEDPAR_7x10W_5in1/remote.jpg,ir,LED_Lighting,moved
sd_card_content/ir_extra_dbs/LED_Lighting/BrandUnknown/44_Button_Generic_LED.ir,sd_card_content/universal_ir/assets/LED_Lighting/BrandUnknown/44_Button_Generic_LED.ir,ir,LED_Lighting,moved
sd_card_content/ir_extra_dbs/LED_Lighting/BrandUnknown/44_Button_LED.ir,sd_card_content/universal_ir/assets/LED_Lighting/BrandUnknown/44_Button_LED.ir,ir,LED_Lighting,moved
sd_card_content/ir_extra_dbs/LED_Lighting/BrandUnknown/44_LED_Strip.ir,sd_card_content/universal_ir/assets/LED_Lighting/BrandUnknown/44_LED_Strip.ir,ir,LED_Lighting,moved
sd_card_content/ir_extra_dbs/LED_Lighting/BrandUnknown/Christmastree_candle.ir,sd_card_content/universal_ir/assets/LED_Lighting/BrandUnknown/Christmastree_candle.ir,ir,LED_Lighting,moved
sd_card_content/ir_extra_dbs/LED_Lighting/BrandUnknown/Closet_LED_3W.ir,sd_card_content/universal_ir/assets/LED_Lighting/BrandUnknown/Closet_LED_3W.ir,ir,LED_Lighting,moved
sd_card_content/ir_extra_dbs/LED_Lighting/BrandUnknown/Closet_LED_3W.jpg,sd_card_content/universal_ir/assets/LED_Lighting/BrandUnknown/Closet_LED_3W.jpg,ir,LED_Lighting,moved
sd_card_content/ir_extra_dbs/LED_Lighting/BrandUnknown/Color_Change_Bulb_Remote.ir,sd_card_content/universal_ir/assets/LED_Lighting/BrandUnknown/Color_Change_Bulb_Remote.ir,ir,LED_Lighting,moved
sd_card_content/ir_extra_dbs/LED_Lighting/BrandUnknown/Conzept_LED_VoksKogle.ir,sd_card_content/universal_ir/assets/LED_Lighting/BrandUnknown/Conzept_LED_VoksKogle.ir,ir,LED_Lighting,moved
sd_card_content/ir_extra_dbs/LED_Lighting/BrandUnknown/DMX_Light.ir,sd_card_content/universal_ir/assets/LED_Lighting/BrandUnknown/DMX_Light.ir,ir,LED_Lighting,moved
sd_card_content/ir_extra_dbs/LED_Lighting/BrandUnknown/LEDStrip.ir,sd_card_content/universal_ir/assets/LED_Lighting/BrandUnknown/LEDStrip.ir,ir,LED_Lighting,moved
sd_card_content/ir_extra_dbs/LED_Lighting/BrandUnknown/LED_44Key.ir,sd_card_content/universal_ir/assets/LED_Lighting/BrandUnknown/LED_44Key.ir,ir,LED_Lighting,moved
sd_card_content/ir_extra_dbs/LED_Lighting/BrandUnknown/Led_Remote.ir,sd_card_content/universal_ir/assets/LED_Lighting/BrandUnknown/Led_Remote.ir,ir,LED_Lighting,moved
sd_card_content/ir_extra_dbs/LED_Lighting/BrandUnknown/Light_Strip.ir,sd_card_content/universal_ir/assets/LED_Lighting/BrandUnknown/Light_Strip.ir,ir,LED_Lighting,moved
sd_card_content/ir_extra_dbs/LED_Lighting/BrandUnknown/Magic_Lighting_Remote.ir,sd_card_content/universal_ir/assets/LED_Lighting/BrandUnknown/Magic_Lighting_Remote.ir,ir,LED_Lighting,moved
sd_card_content/ir_extra_dbs/LED_Lighting/BrandUnknown/Practical_Series_2.ir,sd_card_content/universal_ir/assets/LED_Lighting/BrandUnknown/Practical_Series_2.ir,ir,LED_Lighting,moved
sd_card_content/ir_extra_dbs/LED_Lighting/BrandUnknown/RGB.ir,sd_card_content/universal_ir/assets/LED_Lighting/BrandUnknown/RGB.ir,ir,LED_Lighting,moved
sd_card_content/ir_extra_dbs/LED_Lighting/BrandUnknown/RGB_Lightbulb_NoName.ir,sd_card_content/universal_ir/assets/LED_Lighting/BrandUnknown/RGB_Lightbulb_NoName.ir,ir,LED_Lighting,moved
sd_card_content/ir_extra_dbs/LED_Lighting/BrandUnknown/Sunlamp.ir,sd_card_content/universal_ir/assets/LED_Lighting/BrandUnknown/Sunlamp.ir,ir,LED_Lighting,moved
sd_card_content/ir_extra_dbs/LED_Lighting/BrandUnknown/mlambert_rope_light.ir,sd_card_content/universal_ir/assets/LED_Lighting/BrandUnknown/mlambert_rope_light.ir,ir,LED_Lighting,moved
sd_card_content/ir_extra_dbs/LED_Lighting/Msmkeji/MSMKEJI_Grow_Light_Bulb_100w.jpg,sd_card_content/universal_ir/assets/LED_Lighting/Msmkeji/MSMKEJI_Grow_Light_Bulb_100w.jpg,ir,LED_Lighting,moved
sd_card_content/ir_extra_dbs/LED_Lighting/Msmkeji/MSMKEJI_Grow_Light_Bulb_100w_Remote.jpg,sd_card_content/universal_ir/assets/LED_Lighting/Msmkeji/MSMKEJI_Grow_Light_Bulb_100w_Remote.jpg,ir,LED_Lighting,moved
sd_card_content/ir_extra_dbs/LED_Lighting/Sunset_Lamp/lamp.png,sd_card_content/universal_ir/assets/LED_Lighting/Sunset_Lamp/lamp.png,ir,LED_Lighting,moved
sd_card_content/ir_extra_dbs/LED_Lighting/Sunset_Lamp/remote.png,sd_card_content/universal_ir/assets/LED_Lighting/Sunset_Lamp/remote.png,ir,LED_Lighting,moved
sd_card_content/ir_extra_dbs/LED_Lighting/UFO_Sunset_Lamp/Remote.png,sd_card_content/universal_ir/assets/LED_Lighting/UFO_Sunset_Lamp/Remote.png,ir,LED_Lighting,moved
sd_card_content/ir_extra_dbs/LED_Lighting/UFO_Sunset_Lamp/lamp.jpg,sd_card_content/universal_ir/assets/LED_Lighting/UFO_Sunset_Lamp/lamp.jpg,ir,LED_Lighting,moved
sd_card_content/ir_extra_dbs/Projectors/BenQ/BenQ_n.ir,sd_card_content/universal_ir/assets/Projectors/BenQ/BenQ_n.ir,ir,Projectors,moved
sd_card_content/ir_extra_dbs/Projectors/BrandUnknown/Generic_Projector.ir,sd_card_content/universal_ir/assets/Projectors/BrandUnknown/Generic_Projector.ir,ir,Projectors,moved
sd_card_content/ir_extra_dbs/Projectors/BrandUnknown/LED_Smart_Home_Theater_Projector.ir,sd_card_content/universal_ir/assets/Projectors/BrandUnknown/LED_Smart_Home_Theater_Projector.ir,ir,Projectors,moved
sd_card_content/ir_extra_dbs/Projectors/BrandUnknown/Projecteur.ir,sd_card_content/universal_ir/assets/Projectors/BrandUnknown/Projecteur.ir,ir,Projectors,moved
sd_card_content/ir_extra_dbs/Projectors/Minolta/Minolta-MN674.jpg,sd_card_content/universal_ir/assets/Projectors/Minolta/Minolta-MN674.jpg,ir,Projectors,moved
sd_card_content/ir_extra_dbs/Projectors/StereoBoomm/Stereoboomm_MMP-250.ir,sd_card_content/universal_ir/assets/Projectors/StereoBoomm/Stereoboomm_MMP-250.ir,ir,Projectors,moved
sd_card_content/ir_extra_dbs/Projectors/TopVisionTec/TopVision.ir,sd_card_content/universal_ir/assets/Projectors/TopVisionTec/TopVision.ir,ir,Projectors,moved
sd_card_content/ir_extra_dbs/Projectors/Vivitek/vivitek_remote.jpeg,sd_card_content/universal_ir/assets/Projectors/Vivitek/vivitek_remote.jpeg,ir,Projectors,moved
sd_card_content/ir_extra_dbs/TVs/AmazonBasics/AmazonBasics_TV_Remote.ir,sd_card_content/universal_ir/assets/TVs/AmazonBasics/AmazonBasics_TV_Remote.ir,ir,TVs,moved
sd_card_content/ir_extra_dbs/TVs/Boulanger/Essentiel_B_TV.ir,sd_card_content/universal_ir/assets/TVs/Boulanger/Essentiel_B_TV.ir,ir,TVs,moved
sd_card_content/ir_extra_dbs/TVs/ContinentalEdison/ContinentalEdison.ir,sd_card_content/universal_ir/assets/TVs/ContinentalEdison/ContinentalEdison.ir,ir,TVs,moved
sd_card_content/ir_extra_dbs/TVs/ContinentalEdison/ContinentalEdison_CELED32JBL7.ir,sd_card_content/universal_ir/assets/TVs/ContinentalEdison/ContinentalEdison_CELED32JBL7.ir,ir,TVs,moved
sd_card_content/ir_extra_dbs/TVs/EssentielB/EssentielB.ir,sd_card_content/universal_ir/assets/TVs/EssentielB/EssentielB.ir,ir,TVs,moved
sd_card_content/ir_extra_dbs/TVs/Grundig/Grundig_TP800,sd_card_content/universal_ir/assets/TVs/Grundig/Grundig_TP800,ir,TVs,moved
sd_card_content/ir_extra_dbs/TVs/Hisense/Hisense.ir,sd_card_content/universal_ir/assets/TVs/Hisense/Hisense.ir,ir,TVs,moved
sd_card_content/ir_extra_dbs/TVs/Insignia/Insignia_NS_RCFNA_21.ir,sd_card_content/universal_ir/assets/TVs/Insignia/Insignia_NS_RCFNA_21.ir,ir,TVs,moved
sd_card_content/ir_extra_dbs/TVs/Samsung/Samsung_AA59.ir,sd_card_content/universal_ir/assets/TVs/Samsung/Samsung_AA59.ir,ir,TVs,moved
sd_card_content/ir_extra_dbs/TVs/Samsung/Samsung_TV_2.ir,sd_card_content/universal_ir/assets/TVs/Samsung/Samsung_TV_2.ir,ir,TVs,moved
sd_card_content/ir_extra_dbs/TVs/TCL/TCL.ir,sd_card_content/universal_ir/assets/TVs/TCL/TCL.ir,ir,TVs,moved
sd_card_content/ir_extra_dbs/TVs/Telefunken/Telefunken_D40F294R4CW.ir,sd_card_content/universal_ir/assets/TVs/Telefunken/Telefunken_D40F294R4CW.ir,ir,TVs,moved
sd_card_content/ir_extra_dbs/TVs/Telefunken/Telefunken_TF-LED19S64T2.ir,sd_card_content/universal_ir/assets/TVs/Telefunken/Telefunken_TF-LED19S64T2.ir,ir,TVs,moved
sd_card_content/ir_extra_dbs/TVs/Telefunken/Telefunken_TF-LED32S54T2.ir,sd_card_content/universal_ir/assets/TVs/Telefunken/Telefunken_TF-LED32S54T2.ir,ir,TVs,moved
sd_card_content/ir_extra_dbs/TVs/Westinghouse/Westinghouse_RMT-13.ir,sd_card_content/universal_ir/assets/TVs/Westinghouse/Westinghouse_RMT-13.ir,ir,TVs,moved
sd_card_content/subghz_extra_dbs/Garages/CAME-12bit-433-fast/128/000_000.sub,sd_card_content/universal_rf/Garages/CAME-12bit-433-fast/128/000_000.sub,rf,Garages,moved
sd_card_content/subghz_extra_dbs/Garages/CAME-12bit-433-fast/128/000_001.sub,sd_card_content/universal_rf/Garages/CAME-12bit-433-fast/128/000_001.sub,rf,Garages,moved
sd_card_content/subghz_extra_dbs/Garages/CAME-12bit-433-fast/128/001_002.sub,sd_card_content/universal_rf/Garages/CAME-12bit-433-fast/128/001_002.sub,rf,Garages,moved
sd_card_content/subghz_extra_dbs/Garages/CAME-12bit-433-fast/128/001_003.sub,sd_card_content/universal_rf/Garages/CAME-12bit-433-fast/128/001_003.sub,rf,Garages,moved
sd_card_content/subghz_extra_dbs/Garages/CAME-12bit-433-fast/128/002_004.sub,sd_card_content/universal_rf/Garages/CAME-12bit-433-fast/128/002_004.sub,rf,Garages,moved
sd_card_content/subghz_extra_dbs/Garages/CAME-12bit-433-fast/128/002_005.sub,sd_card_content/universal_rf/Garages/CAME-12bit-433-fast/128/002_005.sub,rf,Garages,moved
sd_card_content/subghz_extra_dbs/Garages/CAME-12bit-433-fast/128/003_006.sub,sd_card_content/universal_rf/Garages/CAME-12bit-433-fast/128/003_006.sub,rf,Garages,moved
sd_card_content/subghz_extra_dbs/Garages/CAME-12bit-433-fast/128/003_007.sub,sd_card_content/universal_rf/Garages/CAME-12bit-433-fast/128/003_007.sub,rf,Garages,moved
sd_card_content/subghz_extra_dbs/Garages/CAME-12bit-433-fast/128/004_008.sub,sd_card_content/universal_rf/Garages/CAME-12bit-433-fast/128/004_008.sub,rf,Garages,moved
sd_card_content/subghz_extra_dbs/Garages/CAME-12bit-433-fast/128/004_009.sub,sd_card_content/universal_rf/Garages/CAME-12bit-433-fast/128/004_009.sub,rf,Garages,moved
sd_card_content/subghz_extra_dbs/Garages/CAME-12bit-433-fast/128/005_010.sub,sd_card_content/universal_rf/Garages/CAME-12bit-433-fast/128/005_010.sub,rf,Garages,moved
sd_card_content/subghz_extra_dbs/Garages/CAME-12bit-433-fast/128/005_011.sub,sd_card_content/universal_rf/Garages/CAME-12bit-433-fast/128/005_011.sub,rf,Garages,moved
sd_card_content/subghz_extra_dbs/Garages/CAME-12bit-433-fast/128/006_012.sub,sd_card_content/universal_rf/Garages/CAME-12bit-433-fast/128/006_012.sub,rf,Garages,moved
sd_card_content/subghz_extra_dbs/Garages/CAME-12bit-433-fast/128/006_013.sub,sd_card_content/universal_rf/Garages/CAME-12bit-433-fast/128/006_013.sub,rf,Garages,moved
sd_card_content/subghz_extra_dbs/Garages/CAME-12bit-433-fast/128/007_014.sub,sd_card_content/universal_rf/Garages/CAME-12bit-433-fast/128/007_014.sub,rf,Garages,moved
sd_card_content/subghz_extra_dbs/Garages/CAME-12bit-433-fast/128/007_015.sub,sd_card_content/universal_rf/Garages/CAME-12bit-433-fast/128/007_015.sub,rf,Garages,moved
sd_card_content/subghz_extra_dbs/Garages/CAME-12bit-433-fast/128/008_016.sub,sd_card_content/universal_rf/Garages/CAME-12bit-433-fast/128/008_016.sub,rf,Garages,moved
sd_card_content/subghz_extra_dbs/Garages/CAME-12bit-433-fast/128/008_017.sub,sd_card_content/universal_rf/Garages/CAME-12bit-433-fast/128/008_017.sub,rf,Garages,moved
sd_card_content/subghz_extra_dbs/Garages/CAME-12bit-433-fast/128/009_018.sub,sd_card_content/universal_rf/Garages/CAME-12bit-433-fast/128/009_018.sub,rf,Garages,moved
sd_card_content/subghz_extra_dbs/Garages/CAME-12bit-433-fast/128/009_019.sub,sd_card_content/universal_rf/Garages/CAME-12bit-433-fast/128/009_019.sub,rf,Garages,moved
sd_card_content/subghz_extra_dbs/Garages/CAME-12bit-433-fast/128/010_020.sub,sd_card_content/universal_rf/Garages/CAME-12bit-433-fast/128/010_020.sub,rf,Garages,moved
sd_card_content/subghz_extra_dbs/Garages/CAME-12bit-433-fast/128/010_021.sub,sd_card_content/universal_rf/Garages/CAME-12bit-433-fast/128/010_021.sub,rf,Garages,moved
sd_card_content/subghz_extra_dbs/Garages/CAME-12bit-433-fast/128/011_022.sub,sd_card_content/universal_rf/Garages/CAME-12bit-433-fast/128/011_022.sub,rf,Garages,moved
sd_card_content/subghz_extra_dbs/Garages/CAME-12bit-433-fast/128/011_023.sub,sd_card_content/universal_rf/Garages/CAME-12bit-433-fast/128/011_023.sub,rf,Garages,moved
sd_card_content/subghz_extra_dbs/Garages/CAME-12bit-433-fast/128/012_024.sub,sd_card_content/universal_rf/Garages/CAME-12bit-433-fast/128/012_024.sub,rf,Garages,moved
sd_card_content/subghz_extra_dbs/Garages/CAME-12bit-433-fast/128/012_025.sub,sd_card_content/universal_rf/Garages/CAME-12bit-433-fast/128/012_025.sub,rf,Garages,moved
sd_card_content/subghz_extra_dbs/Garages/CAME-12bit-433-fast/128/013_026.sub,sd_card_content/universal_rf/Garages/CAME-12bit-433-fast/128/013_026.sub,rf,Garages,moved
sd_card_content/subghz_extra_dbs/Garages/CAME-12bit-433-fast/128/013_027.sub,sd_card_content/universal_rf/Garages/CAME-12bit-433-fast/128/013_027.sub,rf,Garages,moved
sd_card_content/subghz_extra_dbs/Garages/CAME-12bit-433-fast/128/014_028.sub,sd_card_content/universal_rf/Garages/CAME-12bit-433-fast/128/014_028.sub,rf,Garages,moved
sd_card_content/subghz_extra_dbs/Garages/CAME-12bit-433-fast/128/014_029.sub,sd_card_content/universal_rf/Garages/CAME-12bit-433-fast/128/014_029.sub,rf,Garages,moved
sd_card_content/subghz_extra_dbs/Garages/CAME-12bit-433-fast/128/015_030.sub,sd_card_content/universal_rf/Garages/CAME-12bit-433-fast/128/015_030.sub,rf,Garages,moved
sd_card_content/subghz_extra_dbs/Garages/CAME-12bit-433-fast/128/015_031.sub,sd_card_content/universal_rf/Garages/CAME-12bit-433-fast/128/015_031.sub,rf,Garages,moved
sd_card_content/subghz_extra_dbs/Garages/CAME-12bit-433-fast/256/000_000.sub,sd_card_content/universal_rf/Garages/CAME-12bit-433-fast/256/000_000.sub,rf,Garages,moved
sd_card_content/subghz_extra_dbs/Garages/CAME-12bit-433-fast/256/000_001.sub,sd_card_content/universal_rf/Garages/CAME-12bit-433-fast/256/000_001.sub,rf,Garages,moved
sd_card_content/subghz_extra_dbs/Garages/CAME-12bit-433-fast/256/001_002.sub,sd_card_content/universal_rf/Garages/CAME-12bit-433-fast/256/001_002.sub,rf,Garages,moved
sd_card_content/subghz_extra_dbs/Garages/CAME-12bit-433-fast/256/001_003.sub,sd_card_content/universal_rf/Garages/CAME-12bit-433-fast/256/001_003.sub,rf,Garages,moved
sd_card_content/subghz_extra_dbs/Garages/CAME-12bit-433-fast/256/002_004.sub,sd_card_content/universal_rf/Garages/CAME-12bit-433-fast/256/002_004.sub,rf,Garages,moved
sd_card_content/subghz_extra_dbs/Garages/CAME-12bit-433-fast/256/002_005.sub,sd_card_content/universal_rf/Garages/CAME-12bit-433-fast/256/002_005.sub,rf,Garages,moved
sd_card_content/subghz_extra_dbs/Garages/CAME-12bit-433-fast/256/003_006.sub,sd_card_content/universal_rf/Garages/CAME-12bit-433-fast/256/003_006.sub,rf,Garages,moved
sd_card_content/subghz_extra_dbs/Garages/CAME-12bit-433-fast/256/003_007.sub,sd_card_content/universal_rf/Garages/CAME-12bit-433-fast/256/003_007.sub,rf,Garages,moved
sd_card_content/subghz_extra_dbs/Garages/CAME-12bit-433-fast/256/004_008.sub,sd_card_content/universal_rf/Garages/CAME-12bit-433-fast/256/004_008.sub,rf,Garages,moved
sd_card_content/subghz_extra_dbs/Garages/CAME-12bit-433-fast/256/004_009.sub,sd_card_content/universal_rf/Garages/CAME-12bit-433-fast/256/004_009.sub,rf,Garages,moved
sd_card_content/subghz_extra_dbs/Garages/CAME-12bit-433-fast/256/005_010.sub,sd_card_content/universal_rf/Garages/CAME-12bit-433-fast/256/005_010.sub,rf,Garages,moved
sd_card_content/subghz_extra_dbs/Garages/CAME-12bit-433-fast/256/005_011.sub,sd_card_content/universal_rf/Garages/CAME-12bit-433-fast/256/005_011.sub,rf,Garages,moved
sd_card_content/subghz_extra_dbs/Garages/CAME-12bit-433-fast/256/006_012.sub,sd_card_content/universal_rf/Garages/CAME-12bit-433-fast/256/006_012.sub,rf,Garages,moved
sd_card_content/subghz_extra_dbs/Garages/CAME-12bit-433-fast/256/006_013.sub,sd_card_content/universal_rf/Garages/CAME-12bit-433-fast/256/006_013.sub,rf,Garages,moved
sd_card_content/subghz_extra_dbs/Garages/CAME-12bit-433-fast/256/007_014.sub,sd_card_content/universal_rf/Garages/CAME-12bit-433-fast/256/007_014.sub,rf,Garages,moved
sd_card_content/subghz_extra_dbs/Garages/CAME-12bit-433-fast/256/007_015.sub,sd_card_content/universal_rf/Garages/CAME-12bit-433-fast/256/007_015.sub,rf,Garages,moved
sd_card_content/subghz_extra_dbs/Garages/CAME-12bit-433-fast/512/000_000.sub,sd_card_content/universal_rf/Garages/CAME-12bit-433-fast/512/000_000.sub,rf,Garages,moved
sd_card_content/subghz_extra_dbs/Garages/CAME-12bit-433-fast/512/000_001.sub,sd_card_content/universal_rf/Garages/CAME-12bit-433-fast/512/000_001.sub,rf,Garages,moved
sd_card_content/subghz_extra_dbs/Garages/CAME-12bit-433-fast/512/001_002.sub,sd_card_content/universal_rf/Garages/CAME-12bit-433-fast/512/001_002.sub,rf,Garages,moved
sd_card_content/subghz_extra_dbs/Garages/CAME-12bit-433-fast/512/001_003.sub,sd_card_content/universal_rf/Garages/CAME-12bit-433-fast/512/001_003.sub,rf,Garages,moved
sd_card_content/subghz_extra_dbs/Garages/CAME-12bit-433-fast/512/002_004.sub,sd_card_content/universal_rf/Garages/CAME-12bit-433-fast/512/002_004.sub,rf,Garages,moved
sd_card_content/subghz_extra_dbs/Garages/CAME-12bit-433-fast/512/002_005.sub,sd_card_content/universal_rf/Garages/CAME-12bit-433-fast/512/002_005.sub,rf,Garages,moved
sd_card_content/subghz_extra_dbs/Garages/CAME-12bit-433-fast/512/003_006.sub,sd_card_content/universal_rf/Garages/CAME-12bit-433-fast/512/003_006.sub,rf,Garages,moved
sd_card_content/subghz_extra_dbs/Garages/CAME-12bit-433-fast/512/003_007.sub,sd_card_content/universal_rf/Garages/CAME-12bit-433-fast/512/003_007.sub,rf,Garages,moved
sd_card_content/subghz_extra_dbs/Garages/CAME-12bit-433-fast/debruijn.sub,sd_card_content/universal_rf/Garages/CAME-12bit-433-fast/debruijn.sub,rf,Garages,moved
sd_card_content/subghz_extra_dbs/Garages/CAME-12bit-433/128/000_000.sub,sd_card_content/universal_rf/Garages/CAME-12bit-433/128/000_000.sub,rf,Garages,moved
sd_card_content/subghz_extra_dbs/Garages/CAME-12bit-433/128/000_001.sub,sd_card_content/universal_rf/Garages/CAME-12bit-433/128/000_001.sub,rf,Garages,moved
sd_card_content/subghz_extra_dbs/Garages/CAME-12bit-433/128/001_002.sub,sd_card_content/universal_rf/Garages/CAME-12bit-433/128/001_002.sub,rf,Garages,moved
sd_card_content/subghz_extra_dbs/Garages/CAME-12bit-433/128/001_003.sub,sd_card_content/universal_rf/Garages/CAME-12bit-433/128/001_003.sub,rf,Garages,moved
sd_card_content/subghz_extra_dbs/Garages/CAME-12bit-433/128/002_004.sub,sd_card_content/universal_rf/Garages/CAME-12bit-433/128/002_004.sub,rf,Garages,moved
sd_card_content/subghz_extra_dbs/Garages/CAME-12bit-433/128/002_005.sub,sd_card_content/universal_rf/Garages/CAME-12bit-433/128/002_005.sub,rf,Garages,moved
sd_card_content/subghz_extra_dbs/Garages/CAME-12bit-433/128/003_006.sub,sd_card_content/universal_rf/Garages/CAME-12bit-433/128/003_006.sub,rf,Garages,moved
sd_card_content/subghz_extra_dbs/Garages/CAME-12bit-433/128/003_007.sub,sd_card_content/universal_rf/Garages/CAME-12bit-433/128/003_007.sub,rf,Garages,moved
sd_card_content/subghz_extra_dbs/Garages/CAME-12bit-433/128/004_008.sub,sd_card_content/universal_rf/Garages/CAME-12bit-433/128/004_008.sub,rf,Garages,moved
sd_card_content/subghz_extra_dbs/Garages/CAME-12bit-433/128/004_009.sub,sd_card_content/universal_rf/Garages/CAME-12bit-433/128/004_009.sub,rf,Garages,moved
sd_card_content/subghz_extra_dbs/Garages/CAME-12bit-433/128/005_010.sub,sd_card_content/universal_rf/Garages/CAME-12bit-433/128/005_010.sub,rf,Garages,moved
sd_card_content/subghz_extra_dbs/Garages/CAME-12bit-433/128/005_011.sub,sd_card_content/universal_rf/Garages/CAME-12bit-433/128/005_011.sub,rf,Garages,moved
sd_card_content/subghz_extra_dbs/Garages/CAME-12bit-433/128/006_012.sub,sd_card_content/universal_rf/Garages/CAME-12bit-433/128/006_012.sub,rf,Garages,moved
sd_card_content/subghz_extra_dbs/Garages/CAME-12bit-433/128/006_013.sub,sd_card_content/universal_rf/Garages/CAME-12bit-433/128/006_013.sub,rf,Garages,moved
sd_card_content/subghz_extra_dbs/Garages/CAME-12bit-433/128/007_014.sub,sd_card_content/universal_rf/Garages/CAME-12bit-433/128/007_014.sub,rf,Garages,moved
sd_card_content/subghz_extra_dbs/Garages/CAME-12bit-433/128/007_015.sub,sd_card_content/universal_rf/Garages/CAME-12bit-433/128/007_015.sub,rf,Garages,moved
sd_card_content/subghz_extra_dbs/Garages/CAME-12bit-433/128/008_016.sub,sd_card_content/universal_rf/Garages/CAME-12bit-433/128/008_016.sub,rf,Garages,moved
sd_card_content/subghz_extra_dbs/Garages/CAME-12bit-433/128/008_017.sub,sd_card_content/universal_rf/Garages/CAME-12bit-433/128/008_017.sub,rf,Garages,moved
sd_card_content/subghz_extra_dbs/Garages/CAME-12bit-433/128/009_018.sub,sd_card_content/universal_rf/Garages/CAME-12bit-433/128/009_018.sub,rf,Garages,moved
sd_card_content/subghz_extra_dbs/Garages/CAME-12bit-433/128/009_019.sub,sd_card_content/universal_rf/Garages/CAME-12bit-433/128/009_019.sub,rf,Garages,moved
sd_card_content/subghz_extra_dbs/Garages/CAME-12bit-433/128/010_020.sub,sd_card_content/universal_rf/Garages/CAME-12bit-433/128/010_020.sub,rf,Garages,moved
sd_card_content/subghz_extra_dbs/Garages/CAME-12bit-433/128/010_021.sub,sd_card_content/universal_rf/Garages/CAME-12bit-433/128/010_021.sub,rf,Garages,moved
sd_card_content/subghz_extra_dbs/Garages/CAME-12bit-433/128/011_022.sub,sd_card_content/universal_rf/Garages/CAME-12bit-433/128/011_022.sub,rf,Garages,moved
sd_card_content/subghz_extra_dbs/Garages/CAME-12bit-433/128/011_023.sub,sd_card_content/universal_rf/Garages/CAME-12bit-433/128/011_023.sub,rf,Garages,moved
sd_card_content/subghz_extra_dbs/Garages/CAME-12bit-433/128/012_024.sub,sd_card_content/universal_rf/Garages/CAME-12bit-433/128/012_024.sub,rf,Garages,moved
sd_card_content/subghz_extra_dbs/Garages/CAME-12bit-433/128/012_025.sub,sd_card_content/universal_rf/Garages/CAME-12bit-433/128/012_025.sub,rf,Garages,moved
sd_card_content/subghz_extra_dbs/Garages/CAME-12bit-433/128/013_026.sub,sd_card_content/universal_rf/Garages/CAME-12bit-433/128/013_026.sub,rf,Garages,moved
sd_card_content/subghz_extra_dbs/Garages/CAME-12bit-433/128/013_027.sub,sd_card_content/universal_rf/Garages/CAME-12bit-433/128/013_027.sub,rf,Garages,moved
sd_card_content/subghz_extra_dbs/Garages/CAME-12bit-433/128/014_028.sub,sd_card_content/universal_rf/Garages/CAME-12bit-433/128/014_028.sub,rf,Garages,moved
sd_card_content/subghz_extra_dbs/Garages/CAME-12bit-433/128/014_029.sub,sd_card_content/universal_rf/Garages/CAME-12bit-433/128/014_029.sub,rf,Garages,moved
sd_card_content/subghz_extra_dbs/Garages/CAME-12bit-433/128/015_030.sub,sd_card_content/universal_rf/Garages/CAME-12bit-433/128/015_030.sub,rf,Garages,moved
sd_card_content/subghz_extra_dbs/Garages/CAME-12bit-433/128/015_031.sub,sd_card_content/universal_rf/Garages/CAME-12bit-433/128/015_031.sub,rf,Garages,moved
sd_card_content/subghz_extra_dbs/Garages/CAME-12bit-433/256/000_000.sub,sd_card_content/universal_rf/Garages/CAME-12bit-433/256/000_000.sub,rf,Garages,moved
sd_card_content/subghz_extra_dbs/Garages/CAME-12bit-433/256/000_001.sub,sd_card_content/universal_rf/Garages/CAME-12bit-433/256/000_001.sub,rf,Garages,moved
sd_card_content/subghz_extra_dbs/Garages/CAME-12bit-433/256/001_002.sub,sd_card_content/universal_rf/Garages/CAME-12bit-433/256/001_002.sub,rf,Garages,moved
sd_card_content/subghz_extra_dbs/Garages/CAME-12bit-433/256/001_003.sub,sd_card_content/universal_rf/Garages/CAME-12bit-433/256/001_003.sub,rf,Garages,moved
sd_card_content/subghz_extra_dbs/Garages/CAME-12bit-433/256/002_004.sub,sd_card_content/universal_rf/Garages/CAME-12bit-433/256/002_004.sub,rf,Garages,moved
sd_card_content/subghz_extra_dbs/Garages/CAME-12bit-433/256/002_005.sub,sd_card_content/universal_rf/Garages/CAME-12bit-433/256/002_005.sub,rf,Garages,moved
sd_card_content/subghz_extra_dbs/Garages/CAME-12bit-433/256/003_006.sub,sd_card_content/universal_rf/Garages/CAME-12bit-433/256/003_006.sub,rf,Garages,moved
sd_card_content/subghz_extra_dbs/Garages/CAME-12bit-433/256/003_007.sub,sd_card_content/universal_rf/Garages/CAME-12bit-433/256/003_007.sub,rf,Garages,moved
sd_card_content/subghz_extra_dbs/Garages/CAME-12bit-433/256/004_008.sub,sd_card_content/universal_rf/Garages/CAME-12bit-433/256/004_008.sub,rf,Garages,moved
sd_card_content/subghz_extra_dbs/Garages/CAME-12bit-433/256/004_009.sub,sd_card_content/universal_rf/Garages/CAME-12bit-433/256/004_009.sub,rf,Garages,moved
sd_card_content/subghz_extra_dbs/Garages/CAME-12bit-433/256/005_010.sub,sd_card_content/universal_rf/Garages/CAME-12bit-433/256/005_010.sub,rf,Garages,moved
sd_card_content/subghz_extra_dbs/Garages/CAME-12bit-433/256/005_011.sub,sd_card_content/universal_rf/Garages/CAME-12bit-433/256/005_011.sub,rf,Garages,moved
sd_card_content/subghz_extra_dbs/Garages/CAME-12bit-433/256/006_012.sub,sd_card_content/universal_rf/Garages/CAME-12bit-433/256/006_012.sub,rf,Garages,moved
sd_card_content/subghz_extra_dbs/Garages/CAME-12bit-433/256/006_013.sub,sd_card_content/universal_rf/Garages/CAME-12bit-433/256/006_013.sub,rf,Garages,moved
sd_card_content/subghz_extra_dbs/Garages/CAME-12bit-433/256/007_014.sub,sd_card_content/universal_rf/Garages/CAME-12bit-433/256/007_014.sub,rf,Garages,moved
sd_card_content/subghz_extra_dbs/Garages/CAME-12bit-433/256/007_015.sub,sd_card_content/universal_rf/Garages/CAME-12bit-433/256/007_015.sub,rf,Garages,moved
sd_card_content/subghz_extra_dbs/Garages/CAME-12bit-433/512/000_000.sub,sd_card_content/universal_rf/Garages/CAME-12bit-433/512/000_000.sub,rf,Garages,moved
sd_card_content/subghz_extra_dbs/Garages/CAME-12bit-433/512/000_001.sub,sd_card_content/universal_rf/Garages/CAME-12bit-433/512/000_001.sub,rf,Garages,moved
sd_card_content/subghz_extra_dbs/Garages/CAME-12bit-433/512/001_002.sub,sd_card_content/universal_rf/Garages/CAME-12bit-433/512/001_002.sub,rf,Garages,moved
sd_card_content/subghz_extra_dbs/Garages/CAME-12bit-433/512/001_003.sub,sd_card_content/universal_rf/Garages/CAME-12bit-433/512/001_003.sub,rf,Garages,moved
sd_card_content/subghz_extra_dbs/Garages/CAME-12bit-433/512/002_004.sub,sd_card_content/universal_rf/Garages/CAME-12bit-433/512/002_004.sub,rf,Garages,moved
sd_card_content/subghz_extra_dbs/Garages/CAME-12bit-433/512/002_005.sub,sd_card_content/universal_rf/Garages/CAME-12bit-433/512/002_005.sub,rf,Garages,moved
sd_card_content/subghz_extra_dbs/Garages/CAME-12bit-433/512/003_006.sub,sd_card_content/universal_rf/Garages/CAME-12bit-433/512/003_006.sub,rf,Garages,moved
sd_card_content/subghz_extra_dbs/Garages/CAME-12bit-433/512/003_007.sub,sd_card_content/universal_rf/Garages/CAME-12bit-433/512/003_007.sub,rf,Garages,moved
sd_card_content/subghz_extra_dbs/Garages/CAME-12bit-433/debruijn.sub,sd_card_content/universal_rf/Garages/CAME-12bit-433/debruijn.sub,rf,Garages,moved
sd_card_content/subghz_extra_dbs/Garages/CAME-12bit-868-fast/128/000_000.sub,sd_card_content/universal_rf/Garages/CAME-12bit-868-fast/128/000_000.sub,rf,Garages,moved
sd_card_content/subghz_extra_dbs/Garages/CAME-12bit-868-fast/128/000_001.sub,sd_card_content/universal_rf/Garages/CAME-12bit-868-fast/128/000_001.sub,rf,Garages,moved
sd_card_content/subghz_extra_dbs/Garages/CAME-12bit-868-fast/128/001_002.sub,sd_card_content/universal_rf/Garages/CAME-12bit-868-fast/128/001_002.sub,rf,Garages,moved
sd_card_content/subghz_extra_dbs/Garages/CAME-12bit-868-fast/128/001_003.sub,sd_card_content/universal_rf/Garages/CAME-12bit-868-fast/128/001_003.sub,rf,Garages,moved
sd_card_content/subghz_extra_dbs/Garages/CAME-12bit-868-fast/128/002_004.sub,sd_card_content/universal_rf/Garages/CAME-12bit-868-fast/128/002_004.sub,rf,Garages,moved
sd_card_content/subghz_extra_dbs/Garages/CAME-12bit-868-fast/128/002_005.sub,sd_card_content/universal_rf/Garages/CAME-12bit-868-fast/128/002_005.sub,rf,Garages,moved
sd_card_content/subghz_extra_dbs/Garages/CAME-12bit-868-fast/128/003_006.sub,sd_card_content/universal_rf/Garages/CAME-12bit-868-fast/128/003_006.sub,rf,Garages,moved
sd_card_content/subghz_extra_dbs/Garages/CAME-12bit-868-fast/128/003_007.sub,sd_card_content/universal_rf/Garages/CAME-12bit-868-fast/128/003_007.sub,rf,Garages,moved
sd_card_content/subghz_extra_dbs/Garages/CAME-12bit-868-fast/128/004_008.sub,sd_card_content/universal_rf/Garages/CAME-12bit-868-fast/128/004_008.sub,rf,Garages,moved
sd_card_content/subghz_extra_dbs/Garages/CAME-12bit-868-fast/128/004_009.sub,sd_card_content/universal_rf/Garages/CAME-12bit-868-fast/128/004_009.sub,rf,Garages,moved
sd_card_content/subghz_extra_dbs/Garages/CAME-12bit-868-fast/128/005_010.sub,sd_card_content/universal_rf/Garages/CAME-12bit-868-fast/128/005_010.sub,rf,Garages,moved
sd_card_content/subghz_extra_dbs/Garages/CAME-12bit-868-fast/128/005_011.sub,sd_card_content/universal_rf/Garages/CAME-12bit-868-fast/128/005_011.sub,rf,Garages,moved
sd_card_content/subghz_extra_dbs/Garages/CAME-12bit-868-fast/128/006_012.sub,sd_card_content/universal_rf/Garages/CAME-12bit-868-fast/128/006_012.sub,rf,Garages,moved
sd_card_content/subghz_extra_dbs/Garages/CAME-12bit-868-fast/128/006_013.sub,sd_card_content/universal_rf/Garages/CAME-12bit-868-fast/128/006_013.sub,rf,Garages,moved
sd_card_content/subghz_extra_dbs/Garages/CAME-12bit-868-fast/128/007_014.sub,sd_card_content/universal_rf/Garages/CAME-12bit-868-fast/128/007_014.sub,rf,Garages,moved
sd_card_content/subghz_extra_dbs/Garages/CAME-12bit-868-fast/128/007_015.sub,sd_card_content/universal_rf/Garages/CAME-12bit-868-fast/128/007_015.sub,rf,Garages,moved
sd_card_content/subghz_extra_dbs/Garages/CAME-12bit-868-fast/128/008_016.sub,sd_card_content/universal_rf/Garages/CAME-12bit-868-fast/128/008_016.sub,rf,Garages,moved
sd_card_content/subghz_extra_dbs/Garages/CAME-12bit-868-fast/128/008_017.sub,sd_card_content/universal_rf/Garages/CAME-12bit-868-fast/128/008_017.sub,rf,Garages,moved
sd_card_content/subghz_extra_dbs/Garages/CAME-12bit-868-fast/128/009_018.sub,sd_card_content/universal_rf/Garages/CAME-12bit-868-fast/128/009_018.sub,rf,Garages,moved
sd_card_content/subghz_extra_dbs/Garages/CAME-12bit-868-fast/128/009_019.sub,sd_card_content/universal_rf/Garages/CAME-12bit-868-fast/128/009_019.sub,rf,Garages,moved
sd_card_content/subghz_extra_dbs/Garages/CAME-12bit-868-fast/128/010_020.sub,sd_card_content/universal_rf/Garages/CAME-12bit-868-fast/128/010_020.sub,rf,Garages,moved
sd_card_content/subghz_extra_dbs/Garages/CAME-12bit-868-fast/128/010_021.sub,sd_card_content/universal_rf/Garages/CAME-12bit-868-fast/128/010_021.sub,rf,Garages,moved
sd_card_content/subghz_extra_dbs/Garages/CAME-12bit-868-fast/128/011_022.sub,sd_card_content/universal_rf/Garages/CAME-12bit-868-fast/128/011_022.sub,rf,Garages,moved
sd_card_content/subghz_extra_dbs/Garages/CAME-12bit-868-fast/128/011_023.sub,sd_card_content/universal_rf/Garages/CAME-12bit-868-fast/128/011_023.sub,rf,Garages,moved
sd_card_content/subghz_extra_dbs/Garages/CAME-12bit-868-fast/128/012_024.sub,sd_card_content/universal_rf/Garages/CAME-12bit-868-fast/128/012_024.sub,rf,Garages,moved
sd_card_content/subghz_extra_dbs/Garages/CAME-12bit-868-fast/128/012_025.sub,sd_card_content/universal_rf/Garages/CAME-12bit-868-fast/128/012_025.sub,rf,Garages,moved
sd_card_content/subghz_extra_dbs/Garages/CAME-12bit-868-fast/128/013_026.sub,sd_card_content/universal_rf/Garages/CAME-12bit-868-fast/128/013_026.sub,rf,Garages,moved
sd_card_content/subghz_extra_dbs/Garages/CAME-12bit-868-fast/128/013_027.sub,sd_card_content/universal_rf/Garages/CAME-12bit-868-fast/128/013_027.sub,rf,Garages,moved
sd_card_content/subghz_extra_dbs/Garages/CAME-12bit-868-fast/128/014_028.sub,sd_card_content/universal_rf/Garages/CAME-12bit-868-fast/128/014_028.sub,rf,Garages,moved
sd_card_content/subghz_extra_dbs/Garages/CAME-12bit-868-fast/128/014_029.sub,sd_card_content/universal_rf/Garages/CAME-12bit-868-fast/128/014_029.sub,rf,Garages,moved
sd_card_content/subghz_extra_dbs/Garages/CAME-12bit-868-fast/128/015_030.sub,sd_card_content/universal_rf/Garages/CAME-12bit-868-fast/128/015_030.sub,rf,Garages,moved
sd_card_content/subghz_extra_dbs/Garages/CAME-12bit-868-fast/128/015_031.sub,sd_card_content/universal_rf/Garages/CAME-12bit-868-fast/128/015_031.sub,rf,Garages,moved
sd_card_content/subghz_extra_dbs/Garages/CAME-12bit-868-fast/256/000_000.sub,sd_card_content/universal_rf/Garages/CAME-12bit-868-fast/256/000_000.sub,rf,Garages,moved
sd_card_content/subghz_extra_dbs/Garages/CAME-12bit-868-fast/256/000_001.sub,sd_card_content/universal_rf/Garages/CAME-12bit-868-fast/256/000_001.sub,rf,Garages,moved
sd_card_content/subghz_extra_dbs/Garages/CAME-12bit-868-fast/256/001_002.sub,sd_card_content/universal_rf/Garages/CAME-12bit-868-fast/256/001_002.sub,rf,Garages,moved
sd_card_content/subghz_extra_dbs/Garages/CAME-12bit-868-fast/256/001_003.sub,sd_card_content/universal_rf/Garages/CAME-12bit-868-fast/256/001_003.sub,rf,Garages,moved
sd_card_content/subghz_extra_dbs/Garages/CAME-12bit-868-fast/256/002_004.sub,sd_card_content/universal_rf/Garages/CAME-12bit-868-fast/256/002_004.sub,rf,Garages,moved
sd_card_content/subghz_extra_dbs/Garages/CAME-12bit-868-fast/256/002_005.sub,sd_card_content/universal_rf/Garages/CAME-12bit-868-fast/256/002_005.sub,rf,Garages,moved
sd_card_content/subghz_extra_dbs/Garages/CAME-12bit-868-fast/256/003_006.sub,sd_card_content/universal_rf/Garages/CAME-12bit-868-fast/256/003_006.sub,rf,Garages,moved
sd_card_content/subghz_extra_dbs/Garages/CAME-12bit-868-fast/256/003_007.sub,sd_card_content/universal_rf/Garages/CAME-12bit-868-fast/256/003_007.sub,rf,Garages,moved
sd_card_content/subghz_extra_dbs/Garages/CAME-12bit-868-fast/256/004_008.sub,sd_card_content/universal_rf/Garages/CAME-12bit-868-fast/256/004_008.sub,rf,Garages,moved
sd_card_content/subghz_extra_dbs/Garages/CAME-12bit-868-fast/256/004_009.sub,sd_card_content/universal_rf/Garages/CAME-12bit-868-fast/256/004_009.sub,rf,Garages,moved
sd_card_content/subghz_extra_dbs/Garages/CAME-12bit-868-fast/256/005_010.sub,sd_card_content/universal_rf/Garages/CAME-12bit-868-fast/256/005_010.sub,rf,Garages,moved
sd_card_content/subghz_extra_dbs/Garages/CAME-12bit-868-fast/256/005_011.sub,sd_card_content/universal_rf/Garages/CAME-12bit-868-fast/256/005_011.sub,rf,Garages,moved
sd_card_content/subghz_extra_dbs/Garages/CAME-12bit-868-fast/256/006_012.sub,sd_card_content/universal_rf/Garages/CAME-12bit-868-fast/256/006_012.sub,rf,Garages,moved
sd_card_content/subghz_extra_dbs/Garages/CAME-12bit-868-fast/256/006_013.sub,sd_card_content/universal_rf/Garages/CAME-12bit-868-fast/256/006_013.sub,rf,Garages,moved
sd_card_content/subghz_extra_dbs/Garages/CAME-12bit-868-fast/256/007_014.sub,sd_card_content/universal_rf/Garages/CAME-12bit-868-fast/256/007_014.sub,rf,Garages,moved
sd_card_content/subghz_extra_dbs/Garages/CAME-12bit-868-fast/256/007_015.sub,sd_card_content/universal_rf/Garages/CAME-12bit-868-fast/256/007_015.sub,rf,Garages,moved
sd_card_content/subghz_extra_dbs/Garages/CAME-12bit-868-fast/512/000_000.sub,sd_card_content/universal_rf/Garages/CAME-12bit-868-fast/512/000_000.sub,rf,Garages,moved
sd_card_content/subghz_extra_dbs/Garages/CAME-12bit-868-fast/512/000_001.sub,sd_card_content/universal_rf/Garages/CAME-12bit-868-fast/512/000_001.sub,rf,Garages,moved
sd_card_content/subghz_extra_dbs/Garages/CAME-12bit-868-fast/512/001_002.sub,sd_card_content/universal_rf/Garages/CAME-12bit-868-fast/512/001_002.sub,rf,Garages,moved
sd_card_content/subghz_extra_dbs/Garages/CAME-12bit-868-fast/512/001_003.sub,sd_card_content/universal_rf/Garages/CAME-12bit-868-fast/512/001_003.sub,rf,Garages,moved
sd_card_content/subghz_extra_dbs/Garages/CAME-12bit-868-fast/512/002_004.sub,sd_card_content/universal_rf/Garages/CAME-12bit-868-fast/512/002_004.sub,rf,Garages,moved
sd_card_content/subghz_extra_dbs/Garages/CAME-12bit-868-fast/512/002_005.sub,sd_card_content/universal_rf/Garages/CAME-12bit-868-fast/512/002_005.sub,rf,Garages,moved
sd_card_content/subghz_extra_dbs/Garages/CAME-12bit-868-fast/512/003_006.sub,sd_card_content/universal_rf/Garages/CAME-12bit-868-fast/512/003_006.sub,rf,Garages,moved
sd_card_content/subghz_extra_dbs/Garages/CAME-12bit-868-fast/512/003_007.sub,sd_card_content/universal_rf/Garages/CAME-12bit-868-fast/512/003_007.sub,rf,Garages,moved
sd_card_content/subghz_extra_dbs/Garages/CAME-12bit-868-fast/debruijn.sub,sd_card_content/universal_rf/Garages/CAME-12bit-868-fast/debruijn.sub,rf,Garages,moved
sd_card_content/subghz_extra_dbs/Garages/CAME-12bit-868/128/000_000.sub,sd_card_content/universal_rf/Garages/CAME-12bit-868/128/000_000.sub,rf,Garages,moved
sd_card_content/subghz_extra_dbs/Garages/CAME-12bit-868/128/000_001.sub,sd_card_content/universal_rf/Garages/CAME-12bit-868/128/000_001.sub,rf,Garages,moved
sd_card_content/subghz_extra_dbs/Garages/CAME-12bit-868/128/001_002.sub,sd_card_content/universal_rf/Garages/CAME-12bit-868/128/001_002.sub,rf,Garages,moved
sd_card_content/subghz_extra_dbs/Garages/CAME-12bit-868/128/001_003.sub,sd_card_content/universal_rf/Garages/CAME-12bit-868/128/001_003.sub,rf,Garages,moved
sd_card_content/subghz_extra_dbs/Garages/CAME-12bit-868/128/002_004.sub,sd_card_content/universal_rf/Garages/CAME-12bit-868/128/002_004.sub,rf,Garages,moved
sd_card_content/subghz_extra_dbs/Garages/CAME-12bit-868/128/002_005.sub,sd_card_content/universal_rf/Garages/CAME-12bit-868/128/002_005.sub,rf,Garages,moved
sd_card_content/subghz_extra_dbs/Garages/CAME-12bit-868/128/003_006.sub,sd_card_content/universal_rf/Garages/CAME-12bit-868/128/003_006.sub,rf,Garages,moved
sd_card_content/subghz_extra_dbs/Garages/CAME-12bit-868/128/003_007.sub,sd_card_content/universal_rf/Garages/CAME-12bit-868/128/003_007.sub,rf,Garages,moved
sd_card_content/subghz_extra_dbs/Garages/CAME-12bit-868/128/004_008.sub,sd_card_content/universal_rf/Garages/CAME-12bit-868/128/004_008.sub,rf,Garages,moved
sd_card_content/subghz_extra_dbs/Garages/CAME-12bit-868/128/004_009.sub,sd_card_content/universal_rf/Garages/CAME-12bit-868/128/004_009.sub,rf,Garages,moved
sd_card_content/subghz_extra_dbs/Garages/CAME-12bit-868/128/005_010.sub,sd_card_content/universal_rf/Garages/CAME-12bit-868/128/005_010.sub,rf,Garages,moved
sd_card_content/subghz_extra_dbs/Garages/CAME-12bit-868/128/005_011.sub,sd_card_content/universal_rf/Garages/CAME-12bit-868/128/005_011.sub,rf,Garages,moved
sd_card_content/subghz_extra_dbs/Garages/CAME-12bit-868/128/006_012.sub,sd_card_content/universal_rf/Garages/CAME-12bit-868/128/006_012.sub,rf,Garages,moved
sd_card_content/subghz_extra_dbs/Garages/CAME-12bit-868/128/006_013.sub,sd_card_content/universal_rf/Garages/CAME-12bit-868/128/006_013.sub,rf,Garages,moved
sd_card_content/subghz_extra_dbs/Garages/CAME-12bit-868/128/007_014.sub,sd_card_content/universal_rf/Garages/CAME-12bit-868/128/007_014.sub,rf,Garages,moved
sd_card_content/subghz_extra_dbs/Garages/CAME-12bit-868/128/007_015.sub,sd_card_content/universal_rf/Garages/CAME-12bit-868/128/007_015.sub,rf,Garages,moved
sd_card_content/subghz_extra_dbs/Garages/CAME-12bit-868/128/008_016.sub,sd_card_content/universal_rf/Garages/CAME-12bit-868/128/008_016.sub,rf,Garages,moved
sd_card_content/subghz_extra_dbs/Garages/CAME-12bit-868/128/008_017.sub,sd_card_content/universal_rf/Garages/CAME-12bit-868/128/008_017.sub,rf,Garages,moved
sd_card_content/subghz_extra_dbs/Garages/CAME-12bit-868/128/009_018.sub,sd_card_content/universal_rf/Garages/CAME-12bit-868/128/009_018.sub,rf,Garages,moved
sd_card_content/subghz_extra_dbs/Garages/CAME-12bit-868/128/009_019.sub,sd_card_content/universal_rf/Garages/CAME-12bit-868/128/009_019.sub,rf,Garages,moved
sd_card_content/subghz_extra_dbs/Garages/CAME-12bit-868/128/010_020.sub,sd_card_content/universal_rf/Garages/CAME-12bit-868/128/010_020.sub,rf,Garages,moved
sd_card_content/subghz_extra_dbs/Garages/CAME-12bit-868/128/010_021.sub,sd_card_content/universal_rf/Garages/CAME-12bit-868/128/010_021.sub,rf,Garages,moved
sd_card_content/subghz_extra_dbs/Garages/CAME-12bit-868/128/011_022.sub,sd_card_content/universal_rf/Garages/CAME-12bit-868/128/011_022.sub,rf,Garages,moved
sd_card_content/subghz_extra_dbs/Garages/CAME-12bit-868/128/011_023.sub,sd_card_content/universal_rf/Garages/CAME-12bit-868/128/011_023.sub,rf,Garages,moved
sd_card_content/subghz_extra_dbs/Garages/CAME-12bit-868/128/012_024.sub,sd_card_content/universal_rf/Garages/CAME-12bit-868/128/012_024.sub,rf,Garages,moved
sd_card_content/subghz_extra_dbs/Garages/CAME-12bit-868/128/012_025.sub,sd_card_content/universal_rf/Garages/CAME-12bit-868/128/012_025.sub,rf,Garages,moved
sd_card_content/subghz_extra_dbs/Garages/CAME-12bit-868/128/013_026.sub,sd_card_content/universal_rf/Garages/CAME-12bit-868/128/013_026.sub,rf,Garages,moved
sd_card_content/subghz_extra_dbs/Garages/CAME-12bit-868/128/013_027.sub,sd_card_content/universal_rf/Garages/CAME-12bit-868/128/013_027.sub,rf,Garages,moved
sd_card_content/subghz_extra_dbs/Garages/CAME-12bit-868/128/014_028.sub,sd_card_content/universal_rf/Garages/CAME-12bit-868/128/014_028.sub,rf,Garages,moved
sd_card_content/subghz_extra_dbs/Garages/CAME-12bit-868/128/014_029.sub,sd_card_content/universal_rf/Garages/CAME-12bit-868/128/014_029.sub,rf,Garages,moved
sd_card_content/subghz_extra_dbs/Garages/CAME-12bit-868/128/015_030.sub,sd_card_content/universal_rf/Garages/CAME-12bit-868/128/015_030.sub,rf,Garages,moved
sd_card_content/subghz_extra_dbs/Garages/CAME-12bit-868/128/015_031.sub,sd_card_content/universal_rf/Garages/CAME-12bit-868/128/015_031.sub,rf,Garages,moved
sd_card_content/subghz_extra_dbs/Garages/CAME-12bit-868/256/000_000.sub,sd_card_content/universal_rf/Garages/CAME-12bit-868/256/000_000.sub,rf,Garages,moved
sd_card_content/subghz_extra_dbs/Garages/CAME-12bit-868/256/000_001.sub,sd_card_content/universal_rf/Garages/CAME-12bit-868/256/000_001.sub,rf,Garages,moved
sd_card_content/subghz_extra_dbs/Garages/CAME-12bit-868/256/001_002.sub,sd_card_content/universal_rf/Garages/CAME-12bit-868/256/001_002.sub,rf,Garages,moved
sd_card_content/subghz_extra_dbs/Garages/CAME-12bit-868/256/001_003.sub,sd_card_content/universal_rf/Garages/CAME-12bit-868/256/001_003.sub,rf,Garages,moved
sd_card_content/subghz_extra_dbs/Garages/CAME-12bit-868/256/002_004.sub,sd_card_content/universal_rf/Garages/CAME-12bit-868/256/002_004.sub,rf,Garages,moved
sd_card_content/subghz_extra_dbs/Garages/CAME-12bit-868/256/002_005.sub,sd_card_content/universal_rf/Garages/CAME-12bit-868/256/002_005.sub,rf,Garages,moved
sd_card_content/subghz_extra_dbs/Garages/CAME-12bit-868/256/003_006.sub,sd_card_content/universal_rf/Garages/CAME-12bit-868/256/003_006.sub,rf,Garages,moved
sd_card_content/subghz_extra_dbs/Garages/CAME-12bit-868/256/003_007.sub,sd_card_content/universal_rf/Garages/CAME-12bit-868/256/003_007.sub,rf,Garages,moved
sd_card_content/subghz_extra_dbs/Garages/CAME-12bit-868/256/004_008.sub,sd_card_content/universal_rf/Garages/CAME-12bit-868/256/004_008.sub,rf,Garages,moved
sd_card_content/subghz_extra_dbs/Garages/CAME-12bit-868/256/004_009.sub,sd_card_content/universal_rf/Garages/CAME-12bit-868/256/004_009.sub,rf,Garages,moved
sd_card_content/subghz_extra_dbs/Garages/CAME-12bit-868/256/005_010.sub,sd_card_content/universal_rf/Garages/CAME-12bit-868/256/005_010.sub,rf,Garages,moved
sd_card_content/subghz_extra_dbs/Garages/CAME-12bit-868/256/005_011.sub,sd_card_content/universal_rf/Garages/CAME-12bit-868/256/005_011.sub,rf,Garages,moved
sd_card_content/subghz_extra_dbs/Garages/CAME-12bit-868/256/006_012.sub,sd_card_content/universal_rf/Garages/CAME-12bit-868/256/006_012.sub,rf,Garages,moved
sd_card_content/subghz_extra_dbs/Garages/CAME-12bit-868/256/006_013.sub,sd_card_content/universal_rf/Garages/CAME-12bit-868/256/006_013.sub,rf,Garages,moved
sd_card_content/subghz_extra_dbs/Garages/CAME-12bit-868/256/007_014.sub,sd_card_content/universal_rf/Garages/CAME-12bit-868/256/007_014.sub,rf,Garages,moved
sd_card_content/subghz_extra_dbs/Garages/CAME-12bit-868/256/007_015.sub,sd_card_content/universal_rf/Garages/CAME-12bit-868/256/007_015.sub,rf,Garages,moved
sd_card_content/subghz_extra_dbs/Garages/CAME-12bit-868/512/000_000.sub,sd_card_content/universal_rf/Garages/CAME-12bit-868/512/000_000.sub,rf,Garages,moved
sd_card_content/subghz_extra_dbs/Garages/CAME-12bit-868/512/000_001.sub,sd_card_content/universal_rf/Garages/CAME-12bit-868/512/000_001.sub,rf,Garages,moved
sd_card_content/subghz_extra_dbs/Garages/CAME-12bit-868/512/001_002.sub,sd_card_content/universal_rf/Garages/CAME-12bit-868/512/001_002.sub,rf,Garages,moved
sd_card_content/subghz_extra_dbs/Garages/CAME-12bit-868/512/001_003.sub,sd_card_content/universal_rf/Garages/CAME-12bit-868/512/001_003.sub,rf,Garages,moved
sd_card_content/subghz_extra_dbs/Garages/CAME-12bit-868/512/002_004.sub,sd_card_content/universal_rf/Garages/CAME-12bit-868/512/002_004.sub,rf,Garages,moved
sd_card_content/subghz_extra_dbs/Garages/CAME-12bit-868/512/002_005.sub,sd_card_content/universal_rf/Garages/CAME-12bit-868/512/002_005.sub,rf,Garages,moved
sd_card_content/subghz_extra_dbs/Garages/CAME-12bit-868/512/003_006.sub,sd_card_content/universal_rf/Garages/CAME-12bit-868/512/003_006.sub,rf,Garages,moved
sd_card_content/subghz_extra_dbs/Garages/CAME-12bit-868/512/003_007.sub,sd_card_content/universal_rf/Garages/CAME-12bit-868/512/003_007.sub,rf,Garages,moved
sd_card_content/subghz_extra_dbs/Garages/CAME-12bit-868/debruijn.sub,sd_card_content/universal_rf/Garages/CAME-12bit-868/debruijn.sub,rf,Garages,moved
sd_card_content/subghz_extra_dbs/Garages/CAME_brute_force/12Bit/433.92Mhz/1000/CAME_1000_004.sub,sd_card_content/universal_rf/Garages/CAME_brute_force/12Bit/433.92Mhz/1000/CAME_1000_004.sub,rf,Garages,moved
sd_card_content/subghz_extra_dbs/Garages/CAME_brute_force/12Bit/433.92Mhz/2000/CAME_2000_002.sub,sd_card_content/universal_rf/Garages/CAME_brute_force/12Bit/433.92Mhz/2000/CAME_2000_002.sub,rf,Garages,moved
sd_card_content/subghz_extra_dbs/Garages/CAME_brute_force/12Bit/433.92Mhz/500/CAME_500_008.sub,sd_card_content/universal_rf/Garages/CAME_brute_force/12Bit/433.92Mhz/500/CAME_500_008.sub,rf,Garages,moved
sd_card_content/subghz_extra_dbs/Garages/CAME_brute_force/12Bit/868.35Mhz/1000/CAME_1000_004.sub,sd_card_content/universal_rf/Garages/CAME_brute_force/12Bit/868.35Mhz/1000/CAME_1000_004.sub,rf,Garages,moved
sd_card_content/subghz_extra_dbs/Garages/CAME_brute_force/12Bit/868.35Mhz/2000/CAME_2000_002.sub,sd_card_content/universal_rf/Garages/CAME_brute_force/12Bit/868.35Mhz/2000/CAME_2000_002.sub,rf,Garages,moved
sd_card_content/subghz_extra_dbs/Garages/CAME_brute_force/12Bit/868.35Mhz/500/CAME_500_008.sub,sd_card_content/universal_rf/Garages/CAME_brute_force/12Bit/868.35Mhz/500/CAME_500_008.sub,rf,Garages,moved
sd_card_content/subghz_extra_dbs/Garages/Chamberlain-9bit-315/128/000_000.sub,sd_card_content/universal_rf/Garages/Chamberlain-9bit-315/128/000_000.sub,rf,Garages,moved
sd_card_content/subghz_extra_dbs/Garages/Chamberlain-9bit-315/128/000_001.sub,sd_card_content/universal_rf/Garages/Chamberlain-9bit-315/128/000_001.sub,rf,Garages,moved
sd_card_content/subghz_extra_dbs/Garages/Chamberlain-9bit-315/128/001_002.sub,sd_card_content/universal_rf/Garages/Chamberlain-9bit-315/128/001_002.sub,rf,Garages,moved
sd_card_content/subghz_extra_dbs/Garages/Chamberlain-9bit-315/128/001_003.sub,sd_card_content/universal_rf/Garages/Chamberlain-9bit-315/128/001_003.sub,rf,Garages,moved
sd_card_content/subghz_extra_dbs/Garages/Chamberlain-9bit-315/128/002_004.sub,sd_card_content/universal_rf/Garages/Chamberlain-9bit-315/128/002_004.sub,rf,Garages,moved
sd_card_content/subghz_extra_dbs/Garages/Chamberlain-9bit-315/128/002_005.sub,sd_card_content/universal_rf/Garages/Chamberlain-9bit-315/128/002_005.sub,rf,Garages,moved
sd_card_content/subghz_extra_dbs/Garages/Chamberlain-9bit-315/128/003_006.sub,sd_card_content/universal_rf/Garages/Chamberlain-9bit-315/128/003_006.sub,rf,Garages,moved
sd_card_content/subghz_extra_dbs/Garages/Chamberlain-9bit-315/128/003_007.sub,sd_card_content/universal_rf/Garages/Chamberlain-9bit-315/128/003_007.sub,rf,Garages,moved
sd_card_content/subghz_extra_dbs/Garages/Chamberlain-9bit-315/256/000_000.sub,sd_card_content/universal_rf/Garages/Chamberlain-9bit-315/256/000_000.sub,rf,Garages,moved
sd_card_content/subghz_extra_dbs/Garages/Chamberlain-9bit-315/256/000_001.sub,sd_card_content/universal_rf/Garages/Chamberlain-9bit-315/256/000_001.sub,rf,Garages,moved
sd_card_content/subghz_extra_dbs/Garages/Chamberlain-9bit-315/256/001_002.sub,sd_card_content/universal_rf/Garages/Chamberlain-9bit-315/256/001_002.sub,rf,Garages,moved
sd_card_content/subghz_extra_dbs/Garages/Chamberlain-9bit-315/256/001_003.sub,sd_card_content/universal_rf/Garages/Chamberlain-9bit-315/256/001_003.sub,rf,Garages,moved
sd_card_content/subghz_extra_dbs/Garages/Chamberlain-9bit-315/32/000_000.sub,sd_card_content/universal_rf/Garages/Chamberlain-9bit-315/32/000_000.sub,rf,Garages,moved
sd_card_content/subghz_extra_dbs/Garages/Chamberlain-9bit-315/32/000_001.sub,sd_card_content/universal_rf/Garages/Chamberlain-9bit-315/32/000_001.sub,rf,Garages,moved
sd_card_content/subghz_extra_dbs/Garages/Chamberlain-9bit-315/32/001_002.sub,sd_card_content/universal_rf/Garages/Chamberlain-9bit-315/32/001_002.sub,rf,Garages,moved
sd_card_content/subghz_extra_dbs/Garages/Chamberlain-9bit-315/32/001_003.sub,sd_card_content/universal_rf/Garages/Chamberlain-9bit-315/32/001_003.sub,rf,Garages,moved
sd_card_content/subghz_extra_dbs/Garages/Chamberlain-9bit-315/32/002_004.sub,sd_card_content/universal_rf/Garages/Chamberlain-9bit-315/32/002_004.sub,rf,Garages,moved
sd_card_content/subghz_extra_dbs/Garages/Chamberlain-9bit-315/32/002_005.sub,sd_card_content/universal_rf/Garages/Chamberlain-9bit-315/32/002_005.sub,rf,Garages,moved
sd_card_content/subghz_extra_dbs/Garages/Chamberlain-9bit-315/32/003_006.sub,sd_card_content/universal_rf/Garages/Chamberlain-9bit-315/32/003_006.sub,rf,Garages,moved
sd_card_content/subghz_extra_dbs/Garages/Chamberlain-9bit-315/32/003_007.sub,sd_card_content/universal_rf/Garages/Chamberlain-9bit-315/32/003_007.sub,rf,Garages,moved
sd_card_content/subghz_extra_dbs/Garages/Chamberlain-9bit-315/32/004_008.sub,sd_card_content/universal_rf/Garages/Chamberlain-9bit-315/32/004_008.sub,rf,Garages,moved
sd_card_content/subghz_extra_dbs/Garages/Chamberlain-9bit-315/32/004_009.sub,sd_card_content/universal_rf/Garages/Chamberlain-9bit-315/32/004_009.sub,rf,Garages,moved
sd_card_content/subghz_extra_dbs/Garages/Chamberlain-9bit-315/32/005_010.sub,sd_card_content/universal_rf/Garages/Chamberlain-9bit-315/32/005_010.sub,rf,Garages,moved
sd_card_content/subghz_extra_dbs/Garages/Chamberlain-9bit-315/32/005_011.sub,sd_card_content/universal_rf/Garages/Chamberlain-9bit-315/32/005_011.sub,rf,Garages,moved
sd_card_content/subghz_extra_dbs/Garages/Chamberlain-9bit-315/32/006_012.sub,sd_card_content/universal_rf/Garages/Chamberlain-9bit-315/32/006_012.sub,rf,Garages,moved
sd_card_content/subghz_extra_dbs/Garages/Chamberlain-9bit-315/32/006_013.sub,sd_card_content/universal_rf/Garages/Chamberlain-9bit-315/32/006_013.sub,rf,Garages,moved
sd_card_content/subghz_extra_dbs/Garages/Chamberlain-9bit-315/32/007_014.sub,sd_card_content/universal_rf/Garages/Chamberlain-9bit-315/32/007_014.sub,rf,Garages,moved
sd_card_content/subghz_extra_dbs/Garages/Chamberlain-9bit-315/32/007_015.sub,sd_card_content/universal_rf/Garages/Chamberlain-9bit-315/32/007_015.sub,rf,Garages,moved
sd_card_content/subghz_extra_dbs/Garages/Chamberlain-9bit-315/32/008_016.sub,sd_card_content/universal_rf/Garages/Chamberlain-9bit-315/32/008_016.sub,rf,Garages,moved
sd_card_content/subghz_extra_dbs/Garages/Chamberlain-9bit-315/32/008_017.sub,sd_card_content/universal_rf/Garages/Chamberlain-9bit-315/32/008_017.sub,rf,Garages,moved
sd_card_content/subghz_extra_dbs/Garages/Chamberlain-9bit-315/32/009_018.sub,sd_card_content/universal_rf/Garages/Chamberlain-9bit-315/32/009_018.sub,rf,Garages,moved
sd_card_content/subghz_extra_dbs/Garages/Chamberlain-9bit-315/32/009_019.sub,sd_card_content/universal_rf/Garages/Chamberlain-9bit-315/32/009_019.sub,rf,Garages,moved
sd_card_content/subghz_extra_dbs/Garages/Chamberlain-9bit-315/32/010_020.sub,sd_card_content/universal_rf/Garages/Chamberlain-9bit-315/32/010_020.sub,rf,Garages,moved
sd_card_content/subghz_extra_dbs/Garages/Chamberlain-9bit-315/32/010_021.sub,sd_card_content/universal_rf/Garages/Chamberlain-9bit-315/32/010_021.sub,rf,Garages,moved
sd_card_content/subghz_extra_dbs/Garages/Chamberlain-9bit-315/32/011_022.sub,sd_card_content/universal_rf/Garages/Chamberlain-9bit-315/32/011_022.sub,rf,Garages,moved
sd_card_content/subghz_extra_dbs/Garages/Chamberlain-9bit-315/32/011_023.sub,sd_card_content/universal_rf/Garages/Chamberlain-9bit-315/32/011_023.sub,rf,Garages,moved
sd_card_content/subghz_extra_dbs/Garages/Chamberlain-9bit-315/32/012_024.sub,sd_card_content/universal_rf/Garages/Chamberlain-9bit-315/32/012_024.sub,rf,Garages,moved
sd_card_content/subghz_extra_dbs/Garages/Chamberlain-9bit-315/32/012_025.sub,sd_card_content/universal_rf/Garages/Chamberlain-9bit-315/32/012_025.sub,rf,Garages,moved
sd_card_content/subghz_extra_dbs/Garages/Chamberlain-9bit-315/32/013_026.sub,sd_card_content/universal_rf/Garages/Chamberlain-9bit-315/32/013_026.sub,rf,Garages,moved
sd_card_content/subghz_extra_dbs/Garages/Chamberlain-9bit-315/32/013_027.sub,sd_card_content/universal_rf/Garages/Chamberlain-9bit-315/32/013_027.sub,rf,Garages,moved
sd_card_content/subghz_extra_dbs/Garages/Chamberlain-9bit-315/32/014_028.sub,sd_card_content/universal_rf/Garages/Chamberlain-9bit-315/32/014_028.sub,rf,Garages,moved
sd_card_content/subghz_extra_dbs/Garages/Chamberlain-9bit-315/32/014_029.sub,sd_card_content/universal_rf/Garages/Chamberlain-9bit-315/32/014_029.sub,rf,Garages,moved
sd_card_content/subghz_extra_dbs/Garages/Chamberlain-9bit-315/32/015_030.sub,sd_card_content/universal_rf/Garages/Chamberlain-9bit-315/32/015_030.sub,rf,Garages,moved
sd_card_content/subghz_extra_dbs/Garages/Chamberlain-9bit-315/32/015_031.sub,sd_card_content/universal_rf/Garages/Chamberlain-9bit-315/32/015_031.sub,rf,Garages,moved
sd_card_content/subghz_extra_dbs/Garages/Chamberlain-9bit-315/512/000_000.sub,sd_card_content/universal_rf/Garages/Chamberlain-9bit-315/512/000_000.sub,rf,Garages,moved
sd_card_content/subghz_extra_dbs/Garages/Chamberlain-9bit-315/512/000_001.sub,sd_card_content/universal_rf/Garages/Chamberlain-9bit-315/512/000_001.sub,rf,Garages,moved
sd_card_content/subghz_extra_dbs/Garages/Chamberlain-9bit-315/64/000_000.sub,sd_card_content/universal_rf/Garages/Chamberlain-9bit-315/64/000_000.sub,rf,Garages,moved
sd_card_content/subghz_extra_dbs/Garages/Chamberlain-9bit-315/64/000_001.sub,sd_card_content/universal_rf/Garages/Chamberlain-9bit-315/64/000_001.sub,rf,Garages,moved
sd_card_content/subghz_extra_dbs/Garages/Chamberlain-9bit-315/64/001_002.sub,sd_card_content/universal_rf/Garages/Chamberlain-9bit-315/64/001_002.sub,rf,Garages,moved
sd_card_content/subghz_extra_dbs/Garages/Chamberlain-9bit-315/64/001_003.sub,sd_card_content/universal_rf/Garages/Chamberlain-9bit-315/64/001_003.sub,rf,Garages,moved
sd_card_content/subghz_extra_dbs/Garages/Chamberlain-9bit-315/64/002_004.sub,sd_card_content/universal_rf/Garages/Chamberlain-9bit-315/64/002_004.sub,rf,Garages,moved
sd_card_content/subghz_extra_dbs/Garages/Chamberlain-9bit-315/64/002_005.sub,sd_card_content/universal_rf/Garages/Chamberlain-9bit-315/64/002_005.sub,rf,Garages,moved
sd_card_content/subghz_extra_dbs/Garages/Chamberlain-9bit-315/64/003_006.sub,sd_card_content/universal_rf/Garages/Chamberlain-9bit-315/64/003_006.sub,rf,Garages,moved
sd_card_content/subghz_extra_dbs/Garages/Chamberlain-9bit-315/64/003_007.sub,sd_card_content/universal_rf/Garages/Chamberlain-9bit-315/64/003_007.sub,rf,Garages,moved
sd_card_content/subghz_extra_dbs/Garages/Chamberlain-9bit-315/64/004_008.sub,sd_card_content/universal_rf/Garages/Chamberlain-9bit-315/64/004_008.sub,rf,Garages,moved
sd_card_content/subghz_extra_dbs/Garages/Chamberlain-9bit-315/64/004_009.sub,sd_card_content/universal_rf/Garages/Chamberlain-9bit-315/64/004_009.sub,rf,Garages,moved
sd_card_content/subghz_extra_dbs/Garages/Chamberlain-9bit-315/64/005_010.sub,sd_card_content/universal_rf/Garages/Chamberlain-9bit-315/64/005_010.sub,rf,Garages,moved
sd_card_content/subghz_extra_dbs/Garages/Chamberlain-9bit-315/64/005_011.sub,sd_card_content/universal_rf/Garages/Chamberlain-9bit-315/64/005_011.sub,rf,Garages,moved
sd_card_content/subghz_extra_dbs/Garages/Chamberlain-9bit-315/64/006_012.sub,sd_card_content/universal_rf/Garages/Chamberlain-9bit-315/64/006_012.sub,rf,Garages,moved
sd_card_content/subghz_extra_dbs/Garages/Chamberlain-9bit-315/64/006_013.sub,sd_card_content/universal_rf/Garages/Chamberlain-9bit-315/64/006_013.sub,rf,Garages,moved
sd_card_content/subghz_extra_dbs/Garages/Chamberlain-9bit-315/64/007_014.sub,sd_card_content/universal_rf/Garages/Chamberlain-9bit-315/64/007_014.sub,rf,Garages,moved
sd_card_content/subghz_extra_dbs/Garages/Chamberlain-9bit-315/64/007_015.sub,sd_card_content/universal_rf/Garages/Chamberlain-9bit-315/64/007_015.sub,rf,Garages,moved
sd_card_content/subghz_extra_dbs/Garages/Chamberlain-9bit-315/debruijn.sub,sd_card_content/universal_rf/Garages/Chamberlain-9bit-315/debruijn.sub,rf,Garages,moved
sd_card_content/subghz_extra_dbs/Garages/Chamberlain-9bit-390/128/000_000.sub,sd_card_content/universal_rf/Garages/Chamberlain-9bit-390/128/000_000.sub,rf,Garages,moved
sd_card_content/subghz_extra_dbs/Garages/Chamberlain-9bit-390/128/000_001.sub,sd_card_content/universal_rf/Garages/Chamberlain-9bit-390/128/000_001.sub,rf,Garages,moved
sd_card_content/subghz_extra_dbs/Garages/Chamberlain-9bit-390/128/001_002.sub,sd_card_content/universal_rf/Garages/Chamberlain-9bit-390/128/001_002.sub,rf,Garages,moved
sd_card_content/subghz_extra_dbs/Garages/Chamberlain-9bit-390/128/001_003.sub,sd_card_content/universal_rf/Garages/Chamberlain-9bit-390/128/001_003.sub,rf,Garages,moved
sd_card_content/subghz_extra_dbs/Garages/Chamberlain-9bit-390/128/002_004.sub,sd_card_content/universal_rf/Garages/Chamberlain-9bit-390/128/002_004.sub,rf,Garages,moved
sd_card_content/subghz_extra_dbs/Garages/Chamberlain-9bit-390/128/002_005.sub,sd_card_content/universal_rf/Garages/Chamberlain-9bit-390/128/002_005.sub,rf,Garages,moved
sd_card_content/subghz_extra_dbs/Garages/Chamberlain-9bit-390/128/003_006.sub,sd_card_content/universal_rf/Garages/Chamberlain-9bit-390/128/003_006.sub,rf,Garages,moved
sd_card_content/subghz_extra_dbs/Garages/Chamberlain-9bit-390/128/003_007.sub,sd_card_content/universal_rf/Garages/Chamberlain-9bit-390/128/003_007.sub,rf,Garages,moved
sd_card_content/subghz_extra_dbs/Garages/Chamberlain-9bit-390/256/000_000.sub,sd_card_content/universal_rf/Garages/Chamberlain-9bit-390/256/000_000.sub,rf,Garages,moved
sd_card_content/subghz_extra_dbs/Garages/Chamberlain-9bit-390/256/000_001.sub,sd_card_content/universal_rf/Garages/Chamberlain-9bit-390/256/000_001.sub,rf,Garages,moved
sd_card_content/subghz_extra_dbs/Garages/Chamberlain-9bit-390/256/001_002.sub,sd_card_content/universal_rf/Garages/Chamberlain-9bit-390/256/001_002.sub,rf,Garages,moved
sd_card_content/subghz_extra_dbs/Garages/Chamberlain-9bit-390/256/001_003.sub,sd_card_content/universal_rf/Garages/Chamberlain-9bit-390/256/001_003.sub,rf,Garages,moved
sd_card_content/subghz_extra_dbs/Garages/Chamberlain-9bit-390/32/000_000.sub,sd_card_content/universal_rf/Garages/Chamberlain-9bit-390/32/000_000.sub,rf,Garages,moved
sd_card_content/subghz_extra_dbs/Garages/Chamberlain-9bit-390/32/000_001.sub,sd_card_content/universal_rf/Garages/Chamberlain-9bit-390/32/000_001.sub,rf,Garages,moved
sd_card_content/subghz_extra_dbs/Garages/Chamberlain-9bit-390/32/001_002.sub,sd_card_content/universal_rf/Garages/Chamberlain-9bit-390/32/001_002.sub,rf,Garages,moved
sd_card_content/subghz_extra_dbs/Garages/Chamberlain-9bit-390/32/001_003.sub,sd_card_content/universal_rf/Garages/Chamberlain-9bit-390/32/001_003.sub,rf,Garages,moved
sd_card_content/subghz_extra_dbs/Garages/Chamberlain-9bit-390/32/002_004.sub,sd_card_content/universal_rf/Garages/Chamberlain-9bit-390/32/002_004.sub,rf,Garages,moved
sd_card_content/subghz_extra_dbs/Garages/Chamberlain-9bit-390/32/002_005.sub,sd_card_content/universal_rf/Garages/Chamberlain-9bit-390/32/002_005.sub,rf,Garages,moved
sd_card_content/subghz_extra_dbs/Garages/Chamberlain-9bit-390/32/003_006.sub,sd_card_content/universal_rf/Garages/Chamberlain-9bit-390/32/003_006.sub,rf,Garages,moved
sd_card_content/subghz_extra_dbs/Garages/Chamberlain-9bit-390/32/003_007.sub,sd_card_content/universal_rf/Garages/Chamberlain-9bit-390/32/003_007.sub,rf,Garages,moved
sd_card_content/subghz_extra_dbs/Garages/Chamberlain-9bit-390/32/004_008.sub,sd_card_content/universal_rf/Garages/Chamberlain-9bit-390/32/004_008.sub,rf,Garages,moved
sd_card_content/subghz_extra_dbs/Garages/Chamberlain-9bit-390/32/004_009.sub,sd_card_content/universal_rf/Garages/Chamberlain-9bit-390/32/004_009.sub,rf,Garages,moved
sd_card_content/subghz_extra_dbs/Garages/Chamberlain-9bit-390/32/005_010.sub,sd_card_content/universal_rf/Garages/Chamberlain-9bit-390/32/005_010.sub,rf,Garages,moved
sd_card_content/subghz_extra_dbs/Garages/Chamberlain-9bit-390/32/005_011.sub,sd_card_content/universal_rf/Garages/Chamberlain-9bit-390/32/005_011.sub,rf,Garages,moved
sd_card_content/subghz_extra_dbs/Garages/Chamberlain-9bit-390/32/006_012.sub,sd_card_content/universal_rf/Garages/Chamberlain-9bit-390/32/006_012.sub,rf,Garages,moved
sd_card_content/subghz_extra_dbs/Garages/Chamberlain-9bit-390/32/006_013.sub,sd_card_content/universal_rf/Garages/Chamberlain-9bit-390/32/006_013.sub,rf,Garages,moved
sd_card_content/subghz_extra_dbs/Garages/Chamberlain-9bit-390/32/007_014.sub,sd_card_content/universal_rf/Garages/Chamberlain-9bit-390/32/007_014.sub,rf,Garages,moved
sd_card_content/subghz_extra_dbs/Garages/Chamberlain-9bit-390/32/007_015.sub,sd_card_content/universal_rf/Garages/Chamberlain-9bit-390/32/007_015.sub,rf,Garages,moved
sd_card_content/subghz_extra_dbs/Garages/Chamberlain-9bit-390/32/008_016.sub,sd_card_content/universal_rf/Garages/Chamberlain-9bit-390/32/008_016.sub,rf,Garages,moved
sd_card_content/subghz_extra_dbs/Garages/Chamberlain-9bit-390/32/008_017.sub,sd_card_content/universal_rf/Garages/Chamberlain-9bit-390/32/008_017.sub,rf,Garages,moved
sd_card_content/subghz_extra_dbs/Garages/Chamberlain-9bit-390/32/009_018.sub,sd_card_content/universal_rf/Garages/Chamberlain-9bit-390/32/009_018.sub,rf,Garages,moved
sd_card_content/subghz_extra_dbs/Garages/Chamberlain-9bit-390/32/009_019.sub,sd_card_content/universal_rf/Garages/Chamberlain-9bit-390/32/009_019.sub,rf,Garages,moved
sd_card_content/subghz_extra_dbs/Garages/Chamberlain-9bit-390/32/010_020.sub,sd_card_content/universal_rf/Garages/Chamberlain-9bit-390/32/010_020.sub,rf,Garages,moved
sd_card_content/subghz_extra_dbs/Garages/Chamberlain-9bit-390/32/010_021.sub,sd_card_content/universal_rf/Garages/Chamberlain-9bit-390/32/010_021.sub,rf,Garages,moved
sd_card_content/subghz_extra_dbs/Garages/Chamberlain-9bit-390/32/011_022.sub,sd_card_content/universal_rf/Garages/Chamberlain-9bit-390/32/011_022.sub,rf,Garages,moved
sd_card_content/subghz_extra_dbs/Garages/Chamberlain-9bit-390/32/011_023.sub,sd_card_content/universal_rf/Garages/Chamberlain-9bit-390/32/011_023.sub,rf,Garages,moved
sd_card_content/subghz_extra_dbs/Garages/Chamberlain-9bit-390/32/012_024.sub,sd_card_content/universal_rf/Garages/Chamberlain-9bit-390/32/012_024.sub,rf,Garages,moved
sd_card_content/subghz_extra_dbs/Garages/Chamberlain-9bit-390/32/012_025.sub,sd_card_content/universal_rf/Garages/Chamberlain-9bit-390/32/012_025.sub,rf,Garages,moved
sd_card_content/subghz_extra_dbs/Garages/Chamberlain-9bit-390/32/013_026.sub,sd_card_content/universal_rf/Garages/Chamberlain-9bit-390/32/013_026.sub,rf,Garages,moved
sd_card_content/subghz_extra_dbs/Garages/Chamberlain-9bit-390/32/013_027.sub,sd_card_content/universal_rf/Garages/Chamberlain-9bit-390/32/013_027.sub,rf,Garages,moved
sd_card_content/subghz_extra_dbs/Garages/Chamberlain-9bit-390/32/014_028.sub,sd_card_content/universal_rf/Garages/Chamberlain-9bit-390/32/014_028.sub,rf,Garages,moved
sd_card_content/subghz_extra_dbs/Garages/Chamberlain-9bit-390/32/014_029.sub,sd_card_content/universal_rf/Garages/Chamberlain-9bit-390/32/014_029.sub,rf,Garages,moved
sd_card_content/subghz_extra_dbs/Garages/Chamberlain-9bit-390/32/015_030.sub,sd_card_content/universal_rf/Garages/Chamberlain-9bit-390/32/015_030.sub,rf,Garages,moved
sd_card_content/subghz_extra_dbs/Garages/Chamberlain-9bit-390/32/015_031.sub,sd_card_content/universal_rf/Garages/Chamberlain-9bit-390/32/015_031.sub,rf,Garages,moved
sd_card_content/subghz_extra_dbs/Garages/Chamberlain-9bit-390/512/000_000.sub,sd_card_content/universal_rf/Garages/Chamberlain-9bit-390/512/000_000.sub,rf,Garages,moved
sd_card_content/subghz_extra_dbs/Garages/Chamberlain-9bit-390/512/000_001.sub,sd_card_content/universal_rf/Garages/Chamberlain-9bit-390/512/000_001.sub,rf,Garages,moved
sd_card_content/subghz_extra_dbs/Garages/Chamberlain-9bit-390/64/000_000.sub,sd_card_content/universal_rf/Garages/Chamberlain-9bit-390/64/000_000.sub,rf,Garages,moved
sd_card_content/subghz_extra_dbs/Garages/Chamberlain-9bit-390/64/000_001.sub,sd_card_content/universal_rf/Garages/Chamberlain-9bit-390/64/000_001.sub,rf,Garages,moved
sd_card_content/subghz_extra_dbs/Garages/Chamberlain-9bit-390/64/001_002.sub,sd_card_content/universal_rf/Garages/Chamberlain-9bit-390/64/001_002.sub,rf,Garages,moved
sd_card_content/subghz_extra_dbs/Garages/Chamberlain-9bit-390/64/001_003.sub,sd_card_content/universal_rf/Garages/Chamberlain-9bit-390/64/001_003.sub,rf,Garages,moved
sd_card_content/subghz_extra_dbs/Garages/Chamberlain-9bit-390/64/002_004.sub,sd_card_content/universal_rf/Garages/Chamberlain-9bit-390/64/002_004.sub,rf,Garages,moved
sd_card_content/subghz_extra_dbs/Garages/Chamberlain-9bit-390/64/002_005.sub,sd_card_content/universal_rf/Garages/Chamberlain-9bit-390/64/002_005.sub,rf,Garages,moved
sd_card_content/subghz_extra_dbs/Garages/Chamberlain-9bit-390/64/003_006.sub,sd_card_content/universal_rf/Garages/Chamberlain-9bit-390/64/003_006.sub,rf,Garages,moved
sd_card_content/subghz_extra_dbs/Garages/Chamberlain-9bit-390/64/003_007.sub,sd_card_content/universal_rf/Garages/Chamberlain-9bit-390/64/003_007.sub,rf,Garages,moved
sd_card_content/subghz_extra_dbs/Garages/Chamberlain-9bit-390/64/004_008.sub,sd_card_content/universal_rf/Garages/Chamberlain-9bit-390/64/004_008.sub,rf,Garages,moved
sd_card_content/subghz_extra_dbs/Garages/Chamberlain-9bit-390/64/004_009.sub,sd_card_content/universal_rf/Garages/Chamberlain-9bit-390/64/004_009.sub,rf,Garages,moved
sd_card_content/subghz_extra_dbs/Garages/Chamberlain-9bit-390/64/005_010.sub,sd_card_content/universal_rf/Garages/Chamberlain-9bit-390/64/005_010.sub,rf,Garages,moved
sd_card_content/subghz_extra_dbs/Garages/Chamberlain-9bit-390/64/005_011.sub,sd_card_content/universal_rf/Garages/Chamberlain-9bit-390/64/005_011.sub,rf,Garages,moved
sd_card_content/subghz_extra_dbs/Garages/Chamberlain-9bit-390/64/006_012.sub,sd_card_content/universal_rf/Garages/Chamberlain-9bit-390/64/006_012.sub,rf,Garages,moved
sd_card_content/subghz_extra_dbs/Garages/Chamberlain-9bit-390/64/006_013.sub,sd_card_content/universal_rf/Garages/Chamberlain-9bit-390/64/006_013.sub,rf,Garages,moved
sd_card_content/subghz_extra_dbs/Garages/Chamberlain-9bit-390/64/007_014.sub,sd_card_content/universal_rf/Garages/Chamberlain-9bit-390/64/007_014.sub,rf,Garages,moved
sd_card_content/subghz_extra_dbs/Garages/Chamberlain-9bit-390/64/007_015.sub,sd_card_content/universal_rf/Garages/Chamberlain-9bit-390/64/007_015.sub,rf,Garages,moved
sd_card_content/subghz_extra_dbs/Garages/Chamberlain-9bit-390/debruijn.sub,sd_card_content/universal_rf/Garages/Chamberlain-9bit-390/debruijn.sub,rf,Garages,moved
sd_card_content/subghz_extra_dbs/Garages/Linear-10bit-300/128/000_000.sub,sd_card_content/universal_rf/Garages/Linear-10bit-300/128/000_000.sub,rf,Garages,moved
sd_card_content/subghz_extra_dbs/Garages/Linear-10bit-300/128/000_001.sub,sd_card_content/universal_rf/Garages/Linear-10bit-300/128/000_001.sub,rf,Garages,moved
sd_card_content/subghz_extra_dbs/Garages/Linear-10bit-300/128/001_002.sub,sd_card_content/universal_rf/Garages/Linear-10bit-300/128/001_002.sub,rf,Garages,moved
sd_card_content/subghz_extra_dbs/Garages/Linear-10bit-300/128/001_003.sub,sd_card_content/universal_rf/Garages/Linear-10bit-300/128/001_003.sub,rf,Garages,moved
sd_card_content/subghz_extra_dbs/Garages/Linear-10bit-300/128/002_004.sub,sd_card_content/universal_rf/Garages/Linear-10bit-300/128/002_004.sub,rf,Garages,moved
sd_card_content/subghz_extra_dbs/Garages/Linear-10bit-300/128/002_005.sub,sd_card_content/universal_rf/Garages/Linear-10bit-300/128/002_005.sub,rf,Garages,moved
sd_card_content/subghz_extra_dbs/Garages/Linear-10bit-300/128/003_006.sub,sd_card_content/universal_rf/Garages/Linear-10bit-300/128/003_006.sub,rf,Garages,moved
sd_card_content/subghz_extra_dbs/Garages/Linear-10bit-300/128/003_007.sub,sd_card_content/universal_rf/Garages/Linear-10bit-300/128/003_007.sub,rf,Garages,moved
sd_card_content/subghz_extra_dbs/Garages/Linear-10bit-300/256/000_000.sub,sd_card_content/universal_rf/Garages/Linear-10bit-300/256/000_000.sub,rf,Garages,moved
sd_card_content/subghz_extra_dbs/Garages/Linear-10bit-300/256/000_001.sub,sd_card_content/universal_rf/Garages/Linear-10bit-300/256/000_001.sub,rf,Garages,moved
sd_card_content/subghz_extra_dbs/Garages/Linear-10bit-300/256/001_002.sub,sd_card_content/universal_rf/Garages/Linear-10bit-300/256/001_002.sub,rf,Garages,moved
sd_card_content/subghz_extra_dbs/Garages/Linear-10bit-300/256/001_003.sub,sd_card_content/universal_rf/Garages/Linear-10bit-300/256/001_003.sub,rf,Garages,moved
sd_card_content/subghz_extra_dbs/Garages/Linear-10bit-300/32/000_000.sub,sd_card_content/universal_rf/Garages/Linear-10bit-300/32/000_000.sub,rf,Garages,moved
sd_card_content/subghz_extra_dbs/Garages/Linear-10bit-300/32/000_001.sub,sd_card_content/universal_rf/Garages/Linear-10bit-300/32/000_001.sub,rf,Garages,moved
sd_card_content/subghz_extra_dbs/Garages/Linear-10bit-300/32/001_002.sub,sd_card_content/universal_rf/Garages/Linear-10bit-300/32/001_002.sub,rf,Garages,moved
sd_card_content/subghz_extra_dbs/Garages/Linear-10bit-300/32/001_003.sub,sd_card_content/universal_rf/Garages/Linear-10bit-300/32/001_003.sub,rf,Garages,moved
sd_card_content/subghz_extra_dbs/Garages/Linear-10bit-300/32/002_004.sub,sd_card_content/universal_rf/Garages/Linear-10bit-300/32/002_004.sub,rf,Garages,moved
sd_card_content/subghz_extra_dbs/Garages/Linear-10bit-300/32/002_005.sub,sd_card_content/universal_rf/Garages/Linear-10bit-300/32/002_005.sub,rf,Garages,moved
sd_card_content/subghz_extra_dbs/Garages/Linear-10bit-300/32/003_006.sub,sd_card_content/universal_rf/Garages/Linear-10bit-300/32/003_006.sub,rf,Garages,moved
sd_card_content/subghz_extra_dbs/Garages/Linear-10bit-300/32/003_007.sub,sd_card_content/universal_rf/Garages/Linear-10bit-300/32/003_007.sub,rf,Garages,moved
sd_card_content/subghz_extra_dbs/Garages/Linear-10bit-300/32/004_008.sub,sd_card_content/universal_rf/Garages/Linear-10bit-300/32/004_008.sub,rf,Garages,moved
sd_card_content/subghz_extra_dbs/Garages/Linear-10bit-300/32/004_009.sub,sd_card_content/universal_rf/Garages/Linear-10bit-300/32/004_009.sub,rf,Garages,moved
sd_card_content/subghz_extra_dbs/Garages/Linear-10bit-300/32/005_010.sub,sd_card_content/universal_rf/Garages/Linear-10bit-300/32/005_010.sub,rf,Garages,moved
sd_card_content/subghz_extra_dbs/Garages/Linear-10bit-300/32/005_011.sub,sd_card_content/universal_rf/Garages/Linear-10bit-300/32/005_011.sub,rf,Garages,moved
sd_card_content/subghz_extra_dbs/Garages/Linear-10bit-300/32/006_012.sub,sd_card_content/universal_rf/Garages/Linear-10bit-300/32/006_012.sub,rf,Garages,moved
sd_card_content/subghz_extra_dbs/Garages/Linear-10bit-300/32/006_013.sub,sd_card_content/universal_rf/Garages/Linear-10bit-300/32/006_013.sub,rf,Garages,moved
sd_card_content/subghz_extra_dbs/Garages/Linear-10bit-300/32/007_014.sub,sd_card_content/universal_rf/Garages/Linear-10bit-300/32/007_014.sub,rf,Garages,moved
sd_card_content/subghz_extra_dbs/Garages/Linear-10bit-300/32/007_015.sub,sd_card_content/universal_rf/Garages/Linear-10bit-300/32/007_015.sub,rf,Garages,moved
sd_card_content/subghz_extra_dbs/Garages/Linear-10bit-300/32/008_016.sub,sd_card_content/universal_rf/Garages/Linear-10bit-300/32/008_016.sub,rf,Garages,moved
sd_card_content/subghz_extra_dbs/Garages/Linear-10bit-300/32/008_017.sub,sd_card_content/universal_rf/Garages/Linear-10bit-300/32/008_017.sub,rf,Garages,moved
sd_card_content/subghz_extra_dbs/Garages/Linear-10bit-300/32/009_018.sub,sd_card_content/universal_rf/Garages/Linear-10bit-300/32/009_018.sub,rf,Garages,moved
sd_card_content/subghz_extra_dbs/Garages/Linear-10bit-300/32/009_019.sub,sd_card_content/universal_rf/Garages/Linear-10bit-300/32/009_019.sub,rf,Garages,moved
sd_card_content/subghz_extra_dbs/Garages/Linear-10bit-300/32/010_020.sub,sd_card_content/universal_rf/Garages/Linear-10bit-300/32/010_020.sub,rf,Garages,moved
sd_card_content/subghz_extra_dbs/Garages/Linear-10bit-300/32/010_021.sub,sd_card_content/universal_rf/Garages/Linear-10bit-300/32/010_021.sub,rf,Garages,moved
sd_card_content/subghz_extra_dbs/Garages/Linear-10bit-300/32/011_022.sub,sd_card_content/universal_rf/Garages/Linear-10bit-300/32/011_022.sub,rf,Garages,moved
sd_card_content/subghz_extra_dbs/Garages/Linear-10bit-300/32/011_023.sub,sd_card_content/universal_rf/Garages/Linear-10bit-300/32/011_023.sub,rf,Garages,moved
sd_card_content/subghz_extra_dbs/Garages/Linear-10bit-300/32/012_024.sub,sd_card_content/universal_rf/Garages/Linear-10bit-300/32/012_024.sub,rf,Garages,moved
sd_card_content/subghz_extra_dbs/Garages/Linear-10bit-300/32/012_025.sub,sd_card_content/universal_rf/Garages/Linear-10bit-300/32/012_025.sub,rf,Garages,moved
sd_card_content/subghz_extra_dbs/Garages/Linear-10bit-300/32/013_026.sub,sd_card_content/universal_rf/Garages/Linear-10bit-300/32/013_026.sub,rf,Garages,moved
sd_card_content/subghz_extra_dbs/Garages/Linear-10bit-300/32/013_027.sub,sd_card_content/universal_rf/Garages/Linear-10bit-300/32/013_027.sub,rf,Garages,moved
sd_card_content/subghz_extra_dbs/Garages/Linear-10bit-300/32/014_028.sub,sd_card_content/universal_rf/Garages/Linear-10bit-300/32/014_028.sub,rf,Garages,moved
sd_card_content/subghz_extra_dbs/Garages/Linear-10bit-300/32/014_029.sub,sd_card_content/universal_rf/Garages/Linear-10bit-300/32/014_029.sub,rf,Garages,moved
sd_card_content/subghz_extra_dbs/Garages/Linear-10bit-300/32/015_030.sub,sd_card_content/universal_rf/Garages/Linear-10bit-300/32/015_030.sub,rf,Garages,moved
sd_card_content/subghz_extra_dbs/Garages/Linear-10bit-300/32/015_031.sub,sd_card_content/universal_rf/Garages/Linear-10bit-300/32/015_031.sub,rf,Garages,moved
sd_card_content/subghz_extra_dbs/Garages/Linear-10bit-300/64/000_000.sub,sd_card_content/universal_rf/Garages/Linear-10bit-300/64/000_000.sub,rf,Garages,moved
sd_card_content/subghz_extra_dbs/Garages/Linear-10bit-300/64/000_001.sub,sd_card_content/universal_rf/Garages/Linear-10bit-300/64/000_001.sub,rf,Garages,moved
sd_card_content/subghz_extra_dbs/Garages/Linear-10bit-300/64/001_002.sub,sd_card_content/universal_rf/Garages/Linear-10bit-300/64/001_002.sub,rf,Garages,moved
sd_card_content/subghz_extra_dbs/Garages/Linear-10bit-300/64/001_003.sub,sd_card_content/universal_rf/Garages/Linear-10bit-300/64/001_003.sub,rf,Garages,moved
sd_card_content/subghz_extra_dbs/Garages/Linear-10bit-300/64/002_004.sub,sd_card_content/universal_rf/Garages/Linear-10bit-300/64/002_004.sub,rf,Garages,moved
sd_card_content/subghz_extra_dbs/Garages/Linear-10bit-300/64/002_005.sub,sd_card_content/universal_rf/Garages/Linear-10bit-300/64/002_005.sub,rf,Garages,moved
sd_card_content/subghz_extra_dbs/Garages/Linear-10bit-300/64/003_006.sub,sd_card_content/universal_rf/Garages/Linear-10bit-300/64/003_006.sub,rf,Garages,moved
sd_card_content/subghz_extra_dbs/Garages/Linear-10bit-300/64/003_007.sub,sd_card_content/universal_rf/Garages/Linear-10bit-300/64/003_007.sub,rf,Garages,moved
sd_card_content/subghz_extra_dbs/Garages/Linear-10bit-300/64/004_008.sub,sd_card_content/universal_rf/Garages/Linear-10bit-300/64/004_008.sub,rf,Garages,moved
sd_card_content/subghz_extra_dbs/Garages/Linear-10bit-300/64/004_009.sub,sd_card_content/universal_rf/Garages/Linear-10bit-300/64/004_009.sub,rf,Garages,moved
sd_card_content/subghz_extra_dbs/Garages/Linear-10bit-300/64/005_010.sub,sd_card_content/universal_rf/Garages/Linear-10bit-300/64/005_010.sub,rf,Garages,moved
sd_card_content/subghz_extra_dbs/Garages/Linear-10bit-300/64/005_011.sub,sd_card_content/universal_rf/Garages/Linear-10bit-300/64/005_011.sub,rf,Garages,moved
sd_card_content/subghz_extra_dbs/Garages/Linear-10bit-300/64/006_012.sub,sd_card_content/universal_rf/Garages/Linear-10bit-300/64/006_012.sub,rf,Garages,moved
sd_card_content/subghz_extra_dbs/Garages/Linear-10bit-300/64/006_013.sub,sd_card_content/universal_rf/Garages/Linear-10bit-300/64/006_013.sub,rf,Garages,moved
sd_card_content/subghz_extra_dbs/Garages/Linear-10bit-300/64/007_014.sub,sd_card_content/universal_rf/Garages/Linear-10bit-300/64/007_014.sub,rf,Garages,moved
sd_card_content/subghz_extra_dbs/Garages/Linear-10bit-300/64/007_015.sub,sd_card_content/universal_rf/Garages/Linear-10bit-300/64/007_015.sub,rf,Garages,moved
sd_card_content/subghz_extra_dbs/Garages/Linear-10bit-300/debruijn.sub,sd_card_content/universal_rf/Garages/Linear-10bit-300/debruijn.sub,rf,Garages,moved
sd_card_content/subghz_extra_dbs/Garages/Linear-10bit-310/128/000_000.sub,sd_card_content/universal_rf/Garages/Linear-10bit-310/128/000_000.sub,rf,Garages,moved
sd_card_content/subghz_extra_dbs/Garages/Linear-10bit-310/128/000_001.sub,sd_card_content/universal_rf/Garages/Linear-10bit-310/128/000_001.sub,rf,Garages,moved
sd_card_content/subghz_extra_dbs/Garages/Linear-10bit-310/128/001_002.sub,sd_card_content/universal_rf/Garages/Linear-10bit-310/128/001_002.sub,rf,Garages,moved
sd_card_content/subghz_extra_dbs/Garages/Linear-10bit-310/128/001_003.sub,sd_card_content/universal_rf/Garages/Linear-10bit-310/128/001_003.sub,rf,Garages,moved
sd_card_content/subghz_extra_dbs/Garages/Linear-10bit-310/128/002_004.sub,sd_card_content/universal_rf/Garages/Linear-10bit-310/128/002_004.sub,rf,Garages,moved
sd_card_content/subghz_extra_dbs/Garages/Linear-10bit-310/128/002_005.sub,sd_card_content/universal_rf/Garages/Linear-10bit-310/128/002_005.sub,rf,Garages,moved
sd_card_content/subghz_extra_dbs/Garages/Linear-10bit-310/128/003_006.sub,sd_card_content/universal_rf/Garages/Linear-10bit-310/128/003_006.sub,rf,Garages,moved
sd_card_content/subghz_extra_dbs/Garages/Linear-10bit-310/128/003_007.sub,sd_card_content/universal_rf/Garages/Linear-10bit-310/128/003_007.sub,rf,Garages,moved
sd_card_content/subghz_extra_dbs/Garages/Linear-10bit-310/256/000_000.sub,sd_card_content/universal_rf/Garages/Linear-10bit-310/256/000_000.sub,rf,Garages,moved
sd_card_content/subghz_extra_dbs/Garages/Linear-10bit-310/256/000_001.sub,sd_card_content/universal_rf/Garages/Linear-10bit-310/256/000_001.sub,rf,Garages,moved
sd_card_content/subghz_extra_dbs/Garages/Linear-10bit-310/256/001_002.sub,sd_card_content/universal_rf/Garages/Linear-10bit-310/256/001_002.sub,rf,Garages,moved
sd_card_content/subghz_extra_dbs/Garages/Linear-10bit-310/256/001_003.sub,sd_card_content/universal_rf/Garages/Linear-10bit-310/256/001_003.sub,rf,Garages,moved
sd_card_content/subghz_extra_dbs/Garages/Linear-10bit-310/32/000_000.sub,sd_card_content/universal_rf/Garages/Linear-10bit-310/32/000_000.sub,rf,Garages,moved
sd_card_content/subghz_extra_dbs/Garages/Linear-10bit-310/32/000_001.sub,sd_card_content/universal_rf/Garages/Linear-10bit-310/32/000_001.sub,rf,Garages,moved
sd_card_content/subghz_extra_dbs/Garages/Linear-10bit-310/32/001_002.sub,sd_card_content/universal_rf/Garages/Linear-10bit-310/32/001_002.sub,rf,Garages,moved
sd_card_content/subghz_extra_dbs/Garages/Linear-10bit-310/32/001_003.sub,sd_card_content/universal_rf/Garages/Linear-10bit-310/32/001_003.sub,rf,Garages,moved
sd_card_content/subghz_extra_dbs/Garages/Linear-10bit-310/32/002_004.sub,sd_card_content/universal_rf/Garages/Linear-10bit-310/32/002_004.sub,rf,Garages,moved
sd_card_content/subghz_extra_dbs/Garages/Linear-10bit-310/32/002_005.sub,sd_card_content/universal_rf/Garages/Linear-10bit-310/32/002_005.sub,rf,Garages,moved
sd_card_content/subghz_extra_dbs/Garages/Linear-10bit-310/32/003_006.sub,sd_card_content/universal_rf/Garages/Linear-10bit-310/32/003_006.sub,rf,Garages,moved
sd_card_content/subghz_extra_dbs/Garages/Linear-10bit-310/32/003_007.sub,sd_card_content/universal_rf/Garages/Linear-10bit-310/32/003_007.sub,rf,Garages,moved
sd_card_content/subghz_extra_dbs/Garages/Linear-10bit-310/32/004_008.sub,sd_card_content/universal_rf/Garages/Linear-10bit-310/32/004_008.sub,rf,Garages,moved
sd_card_content/subghz_extra_dbs/Garages/Linear-10bit-310/32/004_009.sub,sd_card_content/universal_rf/Garages/Linear-10bit-310/32/004_009.sub,rf,Garages,moved
sd_card_content/subghz_extra_dbs/Garages/Linear-10bit-310/32/005_010.sub,sd_card_content/universal_rf/Garages/Linear-10bit-310/32/005_010.sub,rf,Garages,moved
sd_card_content/subghz_extra_dbs/Garages/Linear-10bit-310/32/005_011.sub,sd_card_content/universal_rf/Garages/Linear-10bit-310/32/005_011.sub,rf,Garages,moved
sd_card_content/subghz_extra_dbs/Garages/Linear-10bit-310/32/006_012.sub,sd_card_content/universal_rf/Garages/Linear-10bit-310/32/006_012.sub,rf,Garages,moved
sd_card_content/subghz_extra_dbs/Garages/Linear-10bit-310/32/006_013.sub,sd_card_content/universal_rf/Garages/Linear-10bit-310/32/006_013.sub,rf,Garages,moved
sd_card_content/subghz_extra_dbs/Garages/Linear-10bit-310/32/007_014.sub,sd_card_content/universal_rf/Garages/Linear-10bit-310/32/007_014.sub,rf,Garages,moved
sd_card_content/subghz_extra_dbs/Garages/Linear-10bit-310/32/007_015.sub,sd_card_content/universal_rf/Garages/Linear-10bit-310/32/007_015.sub,rf,Garages,moved
sd_card_content/subghz_extra_dbs/Garages/Linear-10bit-310/32/008_016.sub,sd_card_content/universal_rf/Garages/Linear-10bit-310/32/008_016.sub,rf,Garages,moved
sd_card_content/subghz_extra_dbs/Garages/Linear-10bit-310/32/008_017.sub,sd_card_content/universal_rf/Garages/Linear-10bit-310/32/008_017.sub,rf,Garages,moved
sd_card_content/subghz_extra_dbs/Garages/Linear-10bit-310/32/009_018.sub,sd_card_content/universal_rf/Garages/Linear-10bit-310/32/009_018.sub,rf,Garages,moved
sd_card_content/subghz_extra_dbs/Garages/Linear-10bit-310/32/009_019.sub,sd_card_content/universal_rf/Garages/Linear-10bit-310/32/009_019.sub,rf,Garages,moved
sd_card_content/subghz_extra_dbs/Garages/Linear-10bit-310/32/010_020.sub,sd_card_content/universal_rf/Garages/Linear-10bit-310/32/010_020.sub,rf,Garages,moved
sd_card_content/subghz_extra_dbs/Garages/Linear-10bit-310/32/010_021.sub,sd_card_content/universal_rf/Garages/Linear-10bit-310/32/010_021.sub,rf,Garages,moved
sd_card_content/subghz_extra_dbs/Garages/Linear-10bit-310/32/011_022.sub,sd_card_content/universal_rf/Garages/Linear-10bit-310/32/011_022.sub,rf,Garages,moved
sd_card_content/subghz_extra_dbs/Garages/Linear-10bit-310/32/011_023.sub,sd_card_content/universal_rf/Garages/Linear-10bit-310/32/011_023.sub,rf,Garages,moved
sd_card_content/subghz_extra_dbs/Garages/Linear-10bit-310/32/012_024.sub,sd_card_content/universal_rf/Garages/Linear-10bit-310/32/012_024.sub,rf,Garages,moved
sd_card_content/subghz_extra_dbs/Garages/Linear-10bit-310/32/012_025.sub,sd_card_content/universal_rf/Garages/Linear-10bit-310/32/012_025.sub,rf,Garages,moved
sd_card_content/subghz_extra_dbs/Garages/Linear-10bit-310/32/013_026.sub,sd_card_content/universal_rf/Garages/Linear-10bit-310/32/013_026.sub,rf,Garages,moved
sd_card_content/subghz_extra_dbs/Garages/Linear-10bit-310/32/013_027.sub,sd_card_content/universal_rf/Garages/Linear-10bit-310/32/013_027.sub,rf,Garages,moved
sd_card_content/subghz_extra_dbs/Garages/Linear-10bit-310/32/014_028.sub,sd_card_content/universal_rf/Garages/Linear-10bit-310/32/014_028.sub,rf,Garages,moved
sd_card_content/subghz_extra_dbs/Garages/Linear-10bit-310/32/014_029.sub,sd_card_content/universal_rf/Garages/Linear-10bit-310/32/014_029.sub,rf,Garages,moved
sd_card_content/subghz_extra_dbs/Garages/Linear-10bit-310/32/015_030.sub,sd_card_content/universal_rf/Garages/Linear-10bit-310/32/015_030.sub,rf,Garages,moved
sd_card_content/subghz_extra_dbs/Garages/Linear-10bit-310/32/015_031.sub,sd_card_content/universal_rf/Garages/Linear-10bit-310/32/015_031.sub,rf,Garages,moved
sd_card_content/subghz_extra_dbs/Garages/Linear-10bit-310/64/000_000.sub,sd_card_content/universal_rf/Garages/Linear-10bit-310/64/000_000.sub,rf,Garages,moved
sd_card_content/subghz_extra_dbs/Garages/Linear-10bit-310/64/000_001.sub,sd_card_content/universal_rf/Garages/Linear-10bit-310/64/000_001.sub,rf,Garages,moved
sd_card_content/subghz_extra_dbs/Garages/Linear-10bit-310/64/001_002.sub,sd_card_content/universal_rf/Garages/Linear-10bit-310/64/001_002.sub,rf,Garages,moved
sd_card_content/subghz_extra_dbs/Garages/Linear-10bit-310/64/001_003.sub,sd_card_content/universal_rf/Garages/Linear-10bit-310/64/001_003.sub,rf,Garages,moved
sd_card_content/subghz_extra_dbs/Garages/Linear-10bit-310/64/002_004.sub,sd_card_content/universal_rf/Garages/Linear-10bit-310/64/002_004.sub,rf,Garages,moved
sd_card_content/subghz_extra_dbs/Garages/Linear-10bit-310/64/002_005.sub,sd_card_content/universal_rf/Garages/Linear-10bit-310/64/002_005.sub,rf,Garages,moved
sd_card_content/subghz_extra_dbs/Garages/Linear-10bit-310/64/003_006.sub,sd_card_content/universal_rf/Garages/Linear-10bit-310/64/003_006.sub,rf,Garages,moved
sd_card_content/subghz_extra_dbs/Garages/Linear-10bit-310/64/003_007.sub,sd_card_content/universal_rf/Garages/Linear-10bit-310/64/003_007.sub,rf,Garages,moved
sd_card_content/subghz_extra_dbs/Garages/Linear-10bit-310/64/004_008.sub,sd_card_content/universal_rf/Garages/Linear-10bit-310/64/004_008.sub,rf,Garages,moved
sd_card_content/subghz_extra_dbs/Garages/Linear-10bit-310/64/004_009.sub,sd_card_content/universal_rf/Garages/Linear-10bit-310/64/004_009.sub,rf,Garages,moved
sd_card_content/subghz_extra_dbs/Garages/Linear-10bit-310/64/005_010.sub,sd_card_content/universal_rf/Garages/Linear-10bit-310/64/005_010.sub,rf,Garages,moved
sd_card_content/subghz_extra_dbs/Garages/Linear-10bit-310/64/005_011.sub,sd_card_content/universal_rf/Garages/Linear-10bit-310/64/005_011.sub,rf,Garages,moved
sd_card_content/subghz_extra_dbs/Garages/Linear-10bit-310/64/006_012.sub,sd_card_content/universal_rf/Garages/Linear-10bit-310/64/006_012.sub,rf,Garages,moved
sd_card_content/subghz_extra_dbs/Garages/Linear-10bit-310/64/006_013.sub,sd_card_content/universal_rf/Garages/Linear-10bit-310/64/006_013.sub,rf,Garages,moved
sd_card_content/subghz_extra_dbs/Garages/Linear-10bit-310/64/007_014.sub,sd_card_content/universal_rf/Garages/Linear-10bit-310/64/007_014.sub,rf,Garages,moved
sd_card_content/subghz_extra_dbs/Garages/Linear-10bit-310/64/007_015.sub,sd_card_content/universal_rf/Garages/Linear-10bit-310/64/007_015.sub,rf,Garages,moved
sd_card_content/subghz_extra_dbs/Garages/Linear-10bit-310/debruijn.sub,sd_card_content/universal_rf/Garages/Linear-10bit-310/debruijn.sub,rf,Garages,moved
sd_card_content/subghz_extra_dbs/Garages/NICE-12bit-433/128/000_000.sub,sd_card_content/universal_rf/Garages/NICE-12bit-433/128/000_000.sub,rf,Garages,moved
sd_card_content/subghz_extra_dbs/Garages/NICE-12bit-433/128/000_001.sub,sd_card_content/universal_rf/Garages/NICE-12bit-433/128/000_001.sub,rf,Garages,moved
sd_card_content/subghz_extra_dbs/Garages/NICE-12bit-433/128/001_002.sub,sd_card_content/universal_rf/Garages/NICE-12bit-433/128/001_002.sub,rf,Garages,moved
sd_card_content/subghz_extra_dbs/Garages/NICE-12bit-433/128/001_003.sub,sd_card_content/universal_rf/Garages/NICE-12bit-433/128/001_003.sub,rf,Garages,moved
sd_card_content/subghz_extra_dbs/Garages/NICE-12bit-433/128/002_004.sub,sd_card_content/universal_rf/Garages/NICE-12bit-433/128/002_004.sub,rf,Garages,moved
sd_card_content/subghz_extra_dbs/Garages/NICE-12bit-433/128/002_005.sub,sd_card_content/universal_rf/Garages/NICE-12bit-433/128/002_005.sub,rf,Garages,moved
sd_card_content/subghz_extra_dbs/Garages/NICE-12bit-433/128/003_006.sub,sd_card_content/universal_rf/Garages/NICE-12bit-433/128/003_006.sub,rf,Garages,moved
sd_card_content/subghz_extra_dbs/Garages/NICE-12bit-433/128/003_007.sub,sd_card_content/universal_rf/Garages/NICE-12bit-433/128/003_007.sub,rf,Garages,moved
sd_card_content/subghz_extra_dbs/Garages/NICE-12bit-433/128/004_008.sub,sd_card_content/universal_rf/Garages/NICE-12bit-433/128/004_008.sub,rf,Garages,moved
sd_card_content/subghz_extra_dbs/Garages/NICE-12bit-433/128/004_009.sub,sd_card_content/universal_rf/Garages/NICE-12bit-433/128/004_009.sub,rf,Garages,moved
sd_card_content/subghz_extra_dbs/Garages/NICE-12bit-433/128/005_010.sub,sd_card_content/universal_rf/Garages/NICE-12bit-433/128/005_010.sub,rf,Garages,moved
sd_card_content/subghz_extra_dbs/Garages/NICE-12bit-433/128/005_011.sub,sd_card_content/universal_rf/Garages/NICE-12bit-433/128/005_011.sub,rf,Garages,moved
sd_card_content/subghz_extra_dbs/Garages/NICE-12bit-433/128/006_012.sub,sd_card_content/universal_rf/Garages/NICE-12bit-433/128/006_012.sub,rf,Garages,moved
sd_card_content/subghz_extra_dbs/Garages/NICE-12bit-433/128/006_013.sub,sd_card_content/universal_rf/Garages/NICE-12bit-433/128/006_013.sub,rf,Garages,moved
sd_card_content/subghz_extra_dbs/Garages/NICE-12bit-433/128/007_014.sub,sd_card_content/universal_rf/Garages/NICE-12bit-433/128/007_014.sub,rf,Garages,moved
sd_card_content/subghz_extra_dbs/Garages/NICE-12bit-433/128/007_015.sub,sd_card_content/universal_rf/Garages/NICE-12bit-433/128/007_015.sub,rf,Garages,moved
sd_card_content/subghz_extra_dbs/Garages/NICE-12bit-433/128/008_016.sub,sd_card_content/universal_rf/Garages/NICE-12bit-433/128/008_016.sub,rf,Garages,moved
sd_card_content/subghz_extra_dbs/Garages/NICE-12bit-433/128/008_017.sub,sd_card_content/universal_rf/Garages/NICE-12bit-433/128/008_017.sub,rf,Garages,moved
sd_card_content/subghz_extra_dbs/Garages/NICE-12bit-433/128/009_018.sub,sd_card_content/universal_rf/Garages/NICE-12bit-433/128/009_018.sub,rf,Garages,moved
sd_card_content/subghz_extra_dbs/Garages/NICE-12bit-433/128/009_019.sub,sd_card_content/universal_rf/Garages/NICE-12bit-433/128/009_019.sub,rf,Garages,moved
sd_card_content/subghz_extra_dbs/Garages/NICE-12bit-433/128/010_020.sub,sd_card_content/universal_rf/Garages/NICE-12bit-433/128/010_020.sub,rf,Garages,moved
sd_card_content/subghz_extra_dbs/Garages/NICE-12bit-433/128/010_021.sub,sd_card_content/universal_rf/Garages/NICE-12bit-433/128/010_021.sub,rf,Garages,moved
sd_card_content/subghz_extra_dbs/Garages/NICE-12bit-433/128/011_022.sub,sd_card_content/universal_rf/Garages/NICE-12bit-433/128/011_022.sub,rf,Garages,moved
sd_card_content/subghz_extra_dbs/Garages/NICE-12bit-433/128/011_023.sub,sd_card_content/universal_rf/Garages/NICE-12bit-433/128/011_023.sub,rf,Garages,moved
sd_card_content/subghz_extra_dbs/Garages/NICE-12bit-433/128/012_024.sub,sd_card_content/universal_rf/Garages/NICE-12bit-433/128/012_024.sub,rf,Garages,moved
sd_card_content/subghz_extra_dbs/Garages/NICE-12bit-433/128/012_025.sub,sd_card_content/universal_rf/Garages/NICE-12bit-433/128/012_025.sub,rf,Garages,moved
sd_card_content/subghz_extra_dbs/Garages/NICE-12bit-433/128/013_026.sub,sd_card_content/universal_rf/Garages/NICE-12bit-433/128/013_026.sub,rf,Garages,moved
sd_card_content/subghz_extra_dbs/Garages/NICE-12bit-433/128/013_027.sub,sd_card_content/universal_rf/Garages/NICE-12bit-433/128/013_027.sub,rf,Garages,moved
sd_card_content/subghz_extra_dbs/Garages/NICE-12bit-433/128/014_028.sub,sd_card_content/universal_rf/Garages/NICE-12bit-433/128/014_028.sub,rf,Garages,moved
sd_card_content/subghz_extra_dbs/Garages/NICE-12bit-433/128/014_029.sub,sd_card_content/universal_rf/Garages/NICE-12bit-433/128/014_029.sub,rf,Garages,moved
sd_card_content/subghz_extra_dbs/Garages/NICE-12bit-433/128/015_030.sub,sd_card_content/universal_rf/Garages/NICE-12bit-433/128/015_030.sub,rf,Garages,moved
sd_card_content/subghz_extra_dbs/Garages/NICE-12bit-433/128/015_031.sub,sd_card_content/universal_rf/Garages/NICE-12bit-433/128/015_031.sub,rf,Garages,moved
sd_card_content/subghz_extra_dbs/Garages/NICE-12bit-433/256/000_000.sub,sd_card_content/universal_rf/Garages/NICE-12bit-433/256/000_000.sub,rf,Garages,moved
sd_card_content/subghz_extra_dbs/Garages/NICE-12bit-433/256/000_001.sub,sd_card_content/universal_rf/Garages/NICE-12bit-433/256/000_001.sub,rf,Garages,moved
sd_card_content/subghz_extra_dbs/Garages/NICE-12bit-433/256/001_002.sub,sd_card_content/universal_rf/Garages/NICE-12bit-433/256/001_002.sub,rf,Garages,moved
sd_card_content/subghz_extra_dbs/Garages/NICE-12bit-433/256/001_003.sub,sd_card_content/universal_rf/Garages/NICE-12bit-433/256/001_003.sub,rf,Garages,moved
sd_card_content/subghz_extra_dbs/Garages/NICE-12bit-433/256/002_004.sub,sd_card_content/universal_rf/Garages/NICE-12bit-433/256/002_004.sub,rf,Garages,moved
sd_card_content/subghz_extra_dbs/Garages/NICE-12bit-433/256/002_005.sub,sd_card_content/universal_rf/Garages/NICE-12bit-433/256/002_005.sub,rf,Garages,moved
sd_card_content/subghz_extra_dbs/Garages/NICE-12bit-433/256/003_006.sub,sd_card_content/universal_rf/Garages/NICE-12bit-433/256/003_006.sub,rf,Garages,moved
sd_card_content/subghz_extra_dbs/Garages/NICE-12bit-433/256/003_007.sub,sd_card_content/universal_rf/Garages/NICE-12bit-433/256/003_007.sub,rf,Garages,moved
sd_card_content/subghz_extra_dbs/Garages/NICE-12bit-433/256/004_008.sub,sd_card_content/universal_rf/Garages/NICE-12bit-433/256/004_008.sub,rf,Garages,moved
sd_card_content/subghz_extra_dbs/Garages/NICE-12bit-433/256/004_009.sub,sd_card_content/universal_rf/Garages/NICE-12bit-433/256/004_009.sub,rf,Garages,moved
sd_card_content/subghz_extra_dbs/Garages/NICE-12bit-433/256/005_010.sub,sd_card_content/universal_rf/Garages/NICE-12bit-433/256/005_010.sub,rf,Garages,moved
sd_card_content/subghz_extra_dbs/Garages/NICE-12bit-433/256/005_011.sub,sd_card_content/universal_rf/Garages/NICE-12bit-433/256/005_011.sub,rf,Garages,moved
sd_card_content/subghz_extra_dbs/Garages/NICE-12bit-433/256/006_012.sub,sd_card_content/universal_rf/Garages/NICE-12bit-433/256/006_012.sub,rf,Garages,moved
sd_card_content/subghz_extra_dbs/Garages/NICE-12bit-433/256/006_013.sub,sd_card_content/universal_rf/Garages/NICE-12bit-433/256/006_013.sub,rf,Garages,moved
sd_card_content/subghz_extra_dbs/Garages/NICE-12bit-433/256/007_014.sub,sd_card_content/universal_rf/Garages/NICE-12bit-433/256/007_014.sub,rf,Garages,moved
sd_card_content/subghz_extra_dbs/Garages/NICE-12bit-433/256/007_015.sub,sd_card_content/universal_rf/Garages/NICE-12bit-433/256/007_015.sub,rf,Garages,moved
sd_card_content/subghz_extra_dbs/Garages/NICE-12bit-433/512/000_000.sub,sd_card_content/universal_rf/Garages/NICE-12bit-433/512/000_000.sub,rf,Garages,moved
sd_card_content/subghz_extra_dbs/Garages/NICE-12bit-433/512/000_001.sub,sd_card_content/universal_rf/Garages/NICE-12bit-433/512/000_001.sub,rf,Garages,moved
sd_card_content/subghz_extra_dbs/Garages/NICE-12bit-433/512/001_002.sub,sd_card_content/universal_rf/Garages/NICE-12bit-433/512/001_002.sub,rf,Garages,moved
sd_card_content/subghz_extra_dbs/Garages/NICE-12bit-433/512/001_003.sub,sd_card_content/universal_rf/Garages/NICE-12bit-433/512/001_003.sub,rf,Garages,moved
sd_card_content/subghz_extra_dbs/Garages/NICE-12bit-433/512/002_004.sub,sd_card_content/universal_rf/Garages/NICE-12bit-433/512/002_004.sub,rf,Garages,moved
sd_card_content/subghz_extra_dbs/Garages/NICE-12bit-433/512/002_005.sub,sd_card_content/universal_rf/Garages/NICE-12bit-433/512/002_005.sub,rf,Garages,moved
sd_card_content/subghz_extra_dbs/Garages/NICE-12bit-433/512/003_006.sub,sd_card_content/universal_rf/Garages/NICE-12bit-433/512/003_006.sub,rf,Garages,moved
sd_card_content/subghz_extra_dbs/Garages/NICE-12bit-433/512/003_007.sub,sd_card_content/universal_rf/Garages/NICE-12bit-433/512/003_007.sub,rf,Garages,moved
sd_card_content/subghz_extra_dbs/Garages/NICE-12bit-433/debruijn.sub,sd_card_content/universal_rf/Garages/NICE-12bit-433/debruijn.sub,rf,Garages,moved
sd_card_content/subghz_extra_dbs/Garages/NICE-12bit-868/128/000_000.sub,sd_card_content/universal_rf/Garages/NICE-12bit-868/128/000_000.sub,rf,Garages,moved
sd_card_content/subghz_extra_dbs/Garages/NICE-12bit-868/128/000_001.sub,sd_card_content/universal_rf/Garages/NICE-12bit-868/128/000_001.sub,rf,Garages,moved
sd_card_content/subghz_extra_dbs/Garages/NICE-12bit-868/128/001_002.sub,sd_card_content/universal_rf/Garages/NICE-12bit-868/128/001_002.sub,rf,Garages,moved
sd_card_content/subghz_extra_dbs/Garages/NICE-12bit-868/128/001_003.sub,sd_card_content/universal_rf/Garages/NICE-12bit-868/128/001_003.sub,rf,Garages,moved
sd_card_content/subghz_extra_dbs/Garages/NICE-12bit-868/128/002_004.sub,sd_card_content/universal_rf/Garages/NICE-12bit-868/128/002_004.sub,rf,Garages,moved
sd_card_content/subghz_extra_dbs/Garages/NICE-12bit-868/128/002_005.sub,sd_card_content/universal_rf/Garages/NICE-12bit-868/128/002_005.sub,rf,Garages,moved
sd_card_content/subghz_extra_dbs/Garages/NICE-12bit-868/128/003_006.sub,sd_card_content/universal_rf/Garages/NICE-12bit-868/128/003_006.sub,rf,Garages,moved
sd_card_content/subghz_extra_dbs/Garages/NICE-12bit-868/128/003_007.sub,sd_card_content/universal_rf/Garages/NICE-12bit-868/128/003_007.sub,rf,Garages,moved
sd_card_content/subghz_extra_dbs/Garages/NICE-12bit-868/128/004_008.sub,sd_card_content/universal_rf/Garages/NICE-12bit-868/128/004_008.sub,rf,Garages,moved
sd_card_content/subghz_extra_dbs/Garages/NICE-12bit-868/128/004_009.sub,sd_card_content/universal_rf/Garages/NICE-12bit-868/128/004_009.sub,rf,Garages,moved
sd_card_content/subghz_extra_dbs/Garages/NICE-12bit-868/128/005_010.sub,sd_card_content/universal_rf/Garages/NICE-12bit-868/128/005_010.sub,rf,Garages,moved
sd_card_content/subghz_extra_dbs/Garages/NICE-12bit-868/128/005_011.sub,sd_card_content/universal_rf/Garages/NICE-12bit-868/128/005_011.sub,rf,Garages,moved
sd_card_content/subghz_extra_dbs/Garages/NICE-12bit-868/128/006_012.sub,sd_card_content/universal_rf/Garages/NICE-12bit-868/128/006_012.sub,rf,Garages,moved
sd_card_content/subghz_extra_dbs/Garages/NICE-12bit-868/128/006_013.sub,sd_card_content/universal_rf/Garages/NICE-12bit-868/128/006_013.sub,rf,Garages,moved
sd_card_content/subghz_extra_dbs/Garages/NICE-12bit-868/128/007_014.sub,sd_card_content/universal_rf/Garages/NICE-12bit-868/128/007_014.sub,rf,Garages,moved
sd_card_content/subghz_extra_dbs/Garages/NICE-12bit-868/128/007_015.sub,sd_card_content/universal_rf/Garages/NICE-12bit-868/128/007_015.sub,rf,Garages,moved
sd_card_content/subghz_extra_dbs/Garages/NICE-12bit-868/128/008_016.sub,sd_card_content/universal_rf/Garages/NICE-12bit-868/128/008_016.sub,rf,Garages,moved
sd_card_content/subghz_extra_dbs/Garages/NICE-12bit-868/128/008_017.sub,sd_card_content/universal_rf/Garages/NICE-12bit-868/128/008_017.sub,rf,Garages,moved
sd_card_content/subghz_extra_dbs/Garages/NICE-12bit-868/128/009_018.sub,sd_card_content/universal_rf/Garages/NICE-12bit-868/128/009_018.sub,rf,Garages,moved
sd_card_content/subghz_extra_dbs/Garages/NICE-12bit-868/128/009_019.sub,sd_card_content/universal_rf/Garages/NICE-12bit-868/128/009_019.sub,rf,Garages,moved
sd_card_content/subghz_extra_dbs/Garages/NICE-12bit-868/128/010_020.sub,sd_card_content/universal_rf/Garages/NICE-12bit-868/128/010_020.sub,rf,Garages,moved
sd_card_content/subghz_extra_dbs/Garages/NICE-12bit-868/128/010_021.sub,sd_card_content/universal_rf/Garages/NICE-12bit-868/128/010_021.sub,rf,Garages,moved
sd_card_content/subghz_extra_dbs/Garages/NICE-12bit-868/128/011_022.sub,sd_card_content/universal_rf/Garages/NICE-12bit-868/128/011_022.sub,rf,Garages,moved
sd_card_content/subghz_extra_dbs/Garages/NICE-12bit-868/128/011_023.sub,sd_card_content/universal_rf/Garages/NICE-12bit-868/128/011_023.sub,rf,Garages,moved
sd_card_content/subghz_extra_dbs/Garages/NICE-12bit-868/128/012_024.sub,sd_card_content/universal_rf/Garages/NICE-12bit-868/128/012_024.sub,rf,Garages,moved
sd_card_content/subghz_extra_dbs/Garages/NICE-12bit-868/128/012_025.sub,sd_card_content/universal_rf/Garages/NICE-12bit-868/128/012_025.sub,rf,Garages,moved
sd_card_content/subghz_extra_dbs/Garages/NICE-12bit-868/128/013_026.sub,sd_card_content/universal_rf/Garages/NICE-12bit-868/128/013_026.sub,rf,Garages,moved
sd_card_content/subghz_extra_dbs/Garages/NICE-12bit-868/128/013_027.sub,sd_card_content/universal_rf/Garages/NICE-12bit-868/128/013_027.sub,rf,Garages,moved
sd_card_content/subghz_extra_dbs/Garages/NICE-12bit-868/128/014_028.sub,sd_card_content/universal_rf/Garages/NICE-12bit-868/128/014_028.sub,rf,Garages,moved
sd_card_content/subghz_extra_dbs/Garages/NICE-12bit-868/128/014_029.sub,sd_card_content/universal_rf/Garages/NICE-12bit-868/128/014_029.sub,rf,Garages,moved
sd_card_content/subghz_extra_dbs/Garages/NICE-12bit-868/128/015_030.sub,sd_card_content/universal_rf/Garages/NICE-12bit-868/128/015_030.sub,rf,Garages,moved
sd_card_content/subghz_extra_dbs/Garages/NICE-12bit-868/128/015_031.sub,sd_card_content/universal_rf/Garages/NICE-12bit-868/128/015_031.sub,rf,Garages,moved
sd_card_content/subghz_extra_dbs/Garages/NICE-12bit-868/256/000_000.sub,sd_card_content/universal_rf/Garages/NICE-12bit-868/256/000_000.sub,rf,Garages,moved
sd_card_content/subghz_extra_dbs/Garages/NICE-12bit-868/256/000_001.sub,sd_card_content/universal_rf/Garages/NICE-12bit-868/256/000_001.sub,rf,Garages,moved
sd_card_content/subghz_extra_dbs/Garages/NICE-12bit-868/256/001_002.sub,sd_card_content/universal_rf/Garages/NICE-12bit-868/256/001_002.sub,rf,Garages,moved
sd_card_content/subghz_extra_dbs/Garages/NICE-12bit-868/256/001_003.sub,sd_card_content/universal_rf/Garages/NICE-12bit-868/256/001_003.sub,rf,Garages,moved
sd_card_content/subghz_extra_dbs/Garages/NICE-12bit-868/256/002_004.sub,sd_card_content/universal_rf/Garages/NICE-12bit-868/256/002_004.sub,rf,Garages,moved
sd_card_content/subghz_extra_dbs/Garages/NICE-12bit-868/256/002_005.sub,sd_card_content/universal_rf/Garages/NICE-12bit-868/256/002_005.sub,rf,Garages,moved
sd_card_content/subghz_extra_dbs/Garages/NICE-12bit-868/256/003_006.sub,sd_card_content/universal_rf/Garages/NICE-12bit-868/256/003_006.sub,rf,Garages,moved
sd_card_content/subghz_extra_dbs/Garages/NICE-12bit-868/256/003_007.sub,sd_card_content/universal_rf/Garages/NICE-12bit-868/256/003_007.sub,rf,Garages,moved
sd_card_content/subghz_extra_dbs/Garages/NICE-12bit-868/256/004_008.sub,sd_card_content/universal_rf/Garages/NICE-12bit-868/256/004_008.sub,rf,Garages,moved
sd_card_content/subghz_extra_dbs/Garages/NICE-12bit-868/256/004_009.sub,sd_card_content/universal_rf/Garages/NICE-12bit-868/256/004_009.sub,rf,Garages,moved
sd_card_content/subghz_extra_dbs/Garages/NICE-12bit-868/256/005_010.sub,sd_card_content/universal_rf/Garages/NICE-12bit-868/256/005_010.sub,rf,Garages,moved
sd_card_content/subghz_extra_dbs/Garages/NICE-12bit-868/256/005_011.sub,sd_card_content/universal_rf/Garages/NICE-12bit-868/256/005_011.sub,rf,Garages,moved
sd_card_content/subghz_extra_dbs/Garages/NICE-12bit-868/256/006_012.sub,sd_card_content/universal_rf/Garages/NICE-12bit-868/256/006_012.sub,rf,Garages,moved
sd_card_content/subghz_extra_dbs/Garages/NICE-12bit-868/256/006_013.sub,sd_card_content/universal_rf/Garages/NICE-12bit-868/256/006_013.sub,rf,Garages,moved
sd_card_content/subghz_extra_dbs/Garages/NICE-12bit-868/256/007_014.sub,sd_card_content/universal_rf/Garages/NICE-12bit-868/256/007_014.sub,rf,Garages,moved
sd_card_content/subghz_extra_dbs/Garages/NICE-12bit-868/256/007_015.sub,sd_card_content/universal_rf/Garages/NICE-12bit-868/256/007_015.sub,rf,Garages,moved
sd_card_content/subghz_extra_dbs/Garages/NICE-12bit-868/512/000_000.sub,sd_card_content/universal_rf/Garages/NICE-12bit-868/512/000_000.sub,rf,Garages,moved
sd_card_content/subghz_extra_dbs/Garages/NICE-12bit-868/512/000_001.sub,sd_card_content/universal_rf/Garages/NICE-12bit-868/512/000_001.sub,rf,Garages,moved
sd_card_content/subghz_extra_dbs/Garages/NICE-12bit-868/512/001_002.sub,sd_card_content/universal_rf/Garages/NICE-12bit-868/512/001_002.sub,rf,Garages,moved
sd_card_content/subghz_extra_dbs/Garages/NICE-12bit-868/512/001_003.sub,sd_card_content/universal_rf/Garages/NICE-12bit-868/512/001_003.sub,rf,Garages,moved
sd_card_content/subghz_extra_dbs/Garages/NICE-12bit-868/512/002_004.sub,sd_card_content/universal_rf/Garages/NICE-12bit-868/512/002_004.sub,rf,Garages,moved
sd_card_content/subghz_extra_dbs/Garages/NICE-12bit-868/512/002_005.sub,sd_card_content/universal_rf/Garages/NICE-12bit-868/512/002_005.sub,rf,Garages,moved
sd_card_content/subghz_extra_dbs/Garages/NICE-12bit-868/512/003_006.sub,sd_card_content/universal_rf/Garages/NICE-12bit-868/512/003_006.sub,rf,Garages,moved
sd_card_content/subghz_extra_dbs/Garages/NICE-12bit-868/512/003_007.sub,sd_card_content/universal_rf/Garages/NICE-12bit-868/512/003_007.sub,rf,Garages,moved
sd_card_content/subghz_extra_dbs/Garages/NICE-12bit-868/debruijn.sub,sd_card_content/universal_rf/Garages/NICE-12bit-868/debruijn.sub,rf,Garages,moved
sd_card_content/subghz_extra_dbs/Garages/deBruijn/Binary/deBruijn300AllBit.sub,sd_card_content/universal_rf/Garages/deBruijn/Binary/deBruijn300AllBit.sub,rf,Garages,moved
sd_card_content/subghz_extra_dbs/Garages/deBruijn/Binary/deBruijn310AllBit.sub,sd_card_content/universal_rf/Garages/deBruijn/Binary/deBruijn310AllBit.sub,rf,Garages,moved
sd_card_content/subghz_extra_dbs/Garages/deBruijn/Binary/deBruijn315AllBit.sub,sd_card_content/universal_rf/Garages/deBruijn/Binary/deBruijn315AllBit.sub,rf,Garages,moved
sd_card_content/subghz_extra_dbs/Garages/deBruijn/Binary/deBruijn318AllBit.sub,sd_card_content/universal_rf/Garages/deBruijn/Binary/deBruijn318AllBit.sub,rf,Garages,moved
sd_card_content/subghz_extra_dbs/Garages/deBruijn/Binary/deBruijn390AllBit.sub,sd_card_content/universal_rf/Garages/deBruijn/Binary/deBruijn390AllBit.sub,rf,Garages,moved
sd_card_content/subghz_extra_dbs/Garages/deBruijn/EU_Edition/Binary/deBruijn300AllBit-EU.sub,sd_card_content/universal_rf/Garages/deBruijn/EU_Edition/Binary/deBruijn300AllBit-EU.sub,rf,Garages,moved
sd_card_content/subghz_extra_dbs/Garages/deBruijn/EU_Edition/Binary/deBruijn310AllBit-EU.sub,sd_card_content/universal_rf/Garages/deBruijn/EU_Edition/Binary/deBruijn310AllBit-EU.sub,rf,Garages,moved
sd_card_content/subghz_extra_dbs/Garages/deBruijn/EU_Edition/Binary/deBruijn315AllBit-EU.sub,sd_card_content/universal_rf/Garages/deBruijn/EU_Edition/Binary/deBruijn315AllBit-EU.sub,rf,Garages,moved
sd_card_content/subghz_extra_dbs/Garages/deBruijn/EU_Edition/Binary/deBruijn318AllBit-EU.sub,sd_card_content/universal_rf/Garages/deBruijn/EU_Edition/Binary/deBruijn318AllBit-EU.sub,rf,Garages,moved
sd_card_content/subghz_extra_dbs/Garages/deBruijn/EU_Edition/Binary/deBruijn390AllBit-EU.sub,sd_card_content/universal_rf/Garages/deBruijn/EU_Edition/Binary/deBruijn390AllBit-EU.sub,rf,Garages,moved
sd_card_content/subghz_extra_dbs/Garages/deBruijn/EU_Edition/Open_Sesame/10bit-433-mhz-EU.sub,sd_card_content/universal_rf/Garages/deBruijn/EU_Edition/Open_Sesame/10bit-433-mhz-EU.sub,rf,Garages,moved
sd_card_content/subghz_extra_dbs/Garages/deBruijn/EU_Edition/Open_Sesame/9bit-390mhz-EU.sub,sd_card_content/universal_rf/Garages/deBruijn/EU_Edition/Open_Sesame/9bit-390mhz-EU.sub,rf,Garages,moved
sd_card_content/subghz_extra_dbs/Garages/deBruijn/EU_Edition/Raw/Db10-EU.sub,sd_card_content/universal_rf/Garages/deBruijn/EU_Edition/Raw/Db10-EU.sub,rf,Garages,moved
sd_card_content/subghz_extra_dbs/Garages/deBruijn/EU_Edition/Raw/Db11-EU.sub,sd_card_content/universal_rf/Garages/deBruijn/EU_Edition/Raw/Db11-EU.sub,rf,Garages,moved
sd_card_content/subghz_extra_dbs/Garages/deBruijn/EU_Edition/Raw/Db12-433MHz-EU.sub,sd_card_content/universal_rf/Garages/deBruijn/EU_Edition/Raw/Db12-433MHz-EU.sub,rf,Garages,moved
sd_card_content/subghz_extra_dbs/Garages/deBruijn/EU_Edition/Raw/Db12-868MHz-EU.sub,sd_card_content/universal_rf/Garages/deBruijn/EU_Edition/Raw/Db12-868MHz-EU.sub,rf,Garages,moved
sd_card_content/subghz_extra_dbs/Garages/deBruijn/EU_Edition/Raw/Db12-EU.sub,sd_card_content/universal_rf/Garages/deBruijn/EU_Edition/Raw/Db12-EU.sub,rf,Garages,moved
sd_card_content/subghz_extra_dbs/Garages/deBruijn/EU_Edition/Raw/Db9-EU.sub,sd_card_content/universal_rf/Garages/deBruijn/EU_Edition/Raw/Db9-EU.sub,rf,Garages,moved
sd_card_content/subghz_extra_dbs/Garages/deBruijn/Open_Sesame/10bit-300mhz.sub,sd_card_content/universal_rf/Garages/deBruijn/Open_Sesame/10bit-300mhz.sub,rf,Garages,moved
sd_card_content/subghz_extra_dbs/Garages/deBruijn/Open_Sesame/10bit-310mhz.sub,sd_card_content/universal_rf/Garages/deBruijn/Open_Sesame/10bit-310mhz.sub,rf,Garages,moved
sd_card_content/subghz_extra_dbs/Garages/deBruijn/Open_Sesame/9bit-315mhz.sub,sd_card_content/universal_rf/Garages/deBruijn/Open_Sesame/9bit-315mhz.sub,rf,Garages,moved
sd_card_content/subghz_extra_dbs/Garages/deBruijn/Open_Sesame/9bit-390mhz.sub,sd_card_content/universal_rf/Garages/deBruijn/Open_Sesame/9bit-390mhz.sub,rf,Garages,moved
sd_card_content/subghz_extra_dbs/Garages/deBruijn/Raw/Db10.sub,sd_card_content/universal_rf/Garages/deBruijn/Raw/Db10.sub,rf,Garages,moved
sd_card_content/subghz_extra_dbs/Garages/deBruijn/Raw/Db11.sub,sd_card_content/universal_rf/Garages/deBruijn/Raw/Db11.sub,rf,Garages,moved
sd_card_content/subghz_extra_dbs/Garages/deBruijn/Raw/Db12.sub,sd_card_content/universal_rf/Garages/deBruijn/Raw/Db12.sub,rf,Garages,moved
sd_card_content/subghz_extra_dbs/Garages/deBruijn/Raw/Db8.sub,sd_card_content/universal_rf/Garages/deBruijn/Raw/Db8.sub,rf,Garages,moved
sd_card_content/subghz_extra_dbs/Garages/deBruijn/Raw/Db9.sub,sd_card_content/universal_rf/Garages/deBruijn/Raw/Db9.sub,rf,Garages,moved
sd_card_content/subghz_extra_dbs/Garages/deBruijn/Raw_315MHz/Db10.sub,sd_card_content/universal_rf/Garages/deBruijn/Raw_315MHz/Db10.sub,rf,Garages,moved
sd_card_content/subghz_extra_dbs/Garages/deBruijn/Raw_315MHz/Db11.sub,sd_card_content/universal_rf/Garages/deBruijn/Raw_315MHz/Db11.sub,rf,Garages,moved
sd_card_content/subghz_extra_dbs/Garages/deBruijn/Raw_315MHz/Db12.sub,sd_card_content/universal_rf/Garages/deBruijn/Raw_315MHz/Db12.sub,rf,Garages,moved
sd_card_content/subghz_extra_dbs/Garages/deBruijn/Raw_315MHz/Db8.sub,sd_card_content/universal_rf/Garages/deBruijn/Raw_315MHz/Db8.sub,rf,Garages,moved
sd_card_content/subghz_extra_dbs/Garages/deBruijn/Raw_315MHz/Db9.sub,sd_card_content/universal_rf/Garages/deBruijn/Raw_315MHz/Db9.sub,rf,Garages,moved
sd_card_content/subghz_extra_dbs/Gates/Ansonic-434/128/000_000.sub,sd_card_content/universal_rf/Gates/Ansonic-434/128/000_000.sub,rf,Gates,moved
sd_card_content/subghz_extra_dbs/Gates/Ansonic-434/128/000_001.sub,sd_card_content/universal_rf/Gates/Ansonic-434/128/000_001.sub,rf,Gates,moved
sd_card_content/subghz_extra_dbs/Gates/Ansonic-434/128/001_002.sub,sd_card_content/universal_rf/Gates/Ansonic-434/128/001_002.sub,rf,Gates,moved
sd_card_content/subghz_extra_dbs/Gates/Ansonic-434/128/001_003.sub,sd_card_content/universal_rf/Gates/Ansonic-434/128/001_003.sub,rf,Gates,moved
sd_card_content/subghz_extra_dbs/Gates/Ansonic-434/128/002_004.sub,sd_card_content/universal_rf/Gates/Ansonic-434/128/002_004.sub,rf,Gates,moved
sd_card_content/subghz_extra_dbs/Gates/Ansonic-434/128/002_005.sub,sd_card_content/universal_rf/Gates/Ansonic-434/128/002_005.sub,rf,Gates,moved
sd_card_content/subghz_extra_dbs/Gates/Ansonic-434/128/003_006.sub,sd_card_content/universal_rf/Gates/Ansonic-434/128/003_006.sub,rf,Gates,moved
sd_card_content/subghz_extra_dbs/Gates/Ansonic-434/128/003_007.sub,sd_card_content/universal_rf/Gates/Ansonic-434/128/003_007.sub,rf,Gates,moved
sd_card_content/subghz_extra_dbs/Gates/Ansonic-434/128/004_008.sub,sd_card_content/universal_rf/Gates/Ansonic-434/128/004_008.sub,rf,Gates,moved
sd_card_content/subghz_extra_dbs/Gates/Ansonic-434/128/004_009.sub,sd_card_content/universal_rf/Gates/Ansonic-434/128/004_009.sub,rf,Gates,moved
sd_card_content/subghz_extra_dbs/Gates/Ansonic-434/128/005_010.sub,sd_card_content/universal_rf/Gates/Ansonic-434/128/005_010.sub,rf,Gates,moved
sd_card_content/subghz_extra_dbs/Gates/Ansonic-434/128/005_011.sub,sd_card_content/universal_rf/Gates/Ansonic-434/128/005_011.sub,rf,Gates,moved
sd_card_content/subghz_extra_dbs/Gates/Ansonic-434/128/006_012.sub,sd_card_content/universal_rf/Gates/Ansonic-434/128/006_012.sub,rf,Gates,moved
sd_card_content/subghz_extra_dbs/Gates/Ansonic-434/128/006_013.sub,sd_card_content/universal_rf/Gates/Ansonic-434/128/006_013.sub,rf,Gates,moved
sd_card_content/subghz_extra_dbs/Gates/Ansonic-434/128/007_014.sub,sd_card_content/universal_rf/Gates/Ansonic-434/128/007_014.sub,rf,Gates,moved
sd_card_content/subghz_extra_dbs/Gates/Ansonic-434/128/007_015.sub,sd_card_content/universal_rf/Gates/Ansonic-434/128/007_015.sub,rf,Gates,moved
sd_card_content/subghz_extra_dbs/Gates/Ansonic-434/128/008_016.sub,sd_card_content/universal_rf/Gates/Ansonic-434/128/008_016.sub,rf,Gates,moved
sd_card_content/subghz_extra_dbs/Gates/Ansonic-434/128/008_017.sub,sd_card_content/universal_rf/Gates/Ansonic-434/128/008_017.sub,rf,Gates,moved
sd_card_content/subghz_extra_dbs/Gates/Ansonic-434/128/009_018.sub,sd_card_content/universal_rf/Gates/Ansonic-434/128/009_018.sub,rf,Gates,moved
sd_card_content/subghz_extra_dbs/Gates/Ansonic-434/128/009_019.sub,sd_card_content/universal_rf/Gates/Ansonic-434/128/009_019.sub,rf,Gates,moved
sd_card_content/subghz_extra_dbs/Gates/Ansonic-434/128/010_020.sub,sd_card_content/universal_rf/Gates/Ansonic-434/128/010_020.sub,rf,Gates,moved
sd_card_content/subghz_extra_dbs/Gates/Ansonic-434/128/010_021.sub,sd_card_content/universal_rf/Gates/Ansonic-434/128/010_021.sub,rf,Gates,moved
sd_card_content/subghz_extra_dbs/Gates/Ansonic-434/128/011_022.sub,sd_card_content/universal_rf/Gates/Ansonic-434/128/011_022.sub,rf,Gates,moved
sd_card_content/subghz_extra_dbs/Gates/Ansonic-434/128/011_023.sub,sd_card_content/universal_rf/Gates/Ansonic-434/128/011_023.sub,rf,Gates,moved
sd_card_content/subghz_extra_dbs/Gates/Ansonic-434/128/012_024.sub,sd_card_content/universal_rf/Gates/Ansonic-434/128/012_024.sub,rf,Gates,moved
sd_card_content/subghz_extra_dbs/Gates/Ansonic-434/128/012_025.sub,sd_card_content/universal_rf/Gates/Ansonic-434/128/012_025.sub,rf,Gates,moved
sd_card_content/subghz_extra_dbs/Gates/Ansonic-434/128/013_026.sub,sd_card_content/universal_rf/Gates/Ansonic-434/128/013_026.sub,rf,Gates,moved
sd_card_content/subghz_extra_dbs/Gates/Ansonic-434/128/013_027.sub,sd_card_content/universal_rf/Gates/Ansonic-434/128/013_027.sub,rf,Gates,moved
sd_card_content/subghz_extra_dbs/Gates/Ansonic-434/128/014_028.sub,sd_card_content/universal_rf/Gates/Ansonic-434/128/014_028.sub,rf,Gates,moved
sd_card_content/subghz_extra_dbs/Gates/Ansonic-434/128/014_029.sub,sd_card_content/universal_rf/Gates/Ansonic-434/128/014_029.sub,rf,Gates,moved
sd_card_content/subghz_extra_dbs/Gates/Ansonic-434/128/015_030.sub,sd_card_content/universal_rf/Gates/Ansonic-434/128/015_030.sub,rf,Gates,moved
sd_card_content/subghz_extra_dbs/Gates/Ansonic-434/128/015_031.sub,sd_card_content/universal_rf/Gates/Ansonic-434/128/015_031.sub,rf,Gates,moved
sd_card_content/subghz_extra_dbs/Gates/Ansonic-434/256/000_000.sub,sd_card_content/universal_rf/Gates/Ansonic-434/256/000_000.sub,rf,Gates,moved
sd_card_content/subghz_extra_dbs/Gates/Ansonic-434/256/000_001.sub,sd_card_content/universal_rf/Gates/Ansonic-434/256/000_001.sub,rf,Gates,moved
sd_card_content/subghz_extra_dbs/Gates/Ansonic-434/256/001_002.sub,sd_card_content/universal_rf/Gates/Ansonic-434/256/001_002.sub,rf,Gates,moved
sd_card_content/subghz_extra_dbs/Gates/Ansonic-434/256/001_003.sub,sd_card_content/universal_rf/Gates/Ansonic-434/256/001_003.sub,rf,Gates,moved
sd_card_content/subghz_extra_dbs/Gates/Ansonic-434/256/002_004.sub,sd_card_content/universal_rf/Gates/Ansonic-434/256/002_004.sub,rf,Gates,moved
sd_card_content/subghz_extra_dbs/Gates/Ansonic-434/256/002_005.sub,sd_card_content/universal_rf/Gates/Ansonic-434/256/002_005.sub,rf,Gates,moved
sd_card_content/subghz_extra_dbs/Gates/Ansonic-434/256/003_006.sub,sd_card_content/universal_rf/Gates/Ansonic-434/256/003_006.sub,rf,Gates,moved
sd_card_content/subghz_extra_dbs/Gates/Ansonic-434/256/003_007.sub,sd_card_content/universal_rf/Gates/Ansonic-434/256/003_007.sub,rf,Gates,moved
sd_card_content/subghz_extra_dbs/Gates/Ansonic-434/256/004_008.sub,sd_card_content/universal_rf/Gates/Ansonic-434/256/004_008.sub,rf,Gates,moved
sd_card_content/subghz_extra_dbs/Gates/Ansonic-434/256/004_009.sub,sd_card_content/universal_rf/Gates/Ansonic-434/256/004_009.sub,rf,Gates,moved
sd_card_content/subghz_extra_dbs/Gates/Ansonic-434/256/005_010.sub,sd_card_content/universal_rf/Gates/Ansonic-434/256/005_010.sub,rf,Gates,moved
sd_card_content/subghz_extra_dbs/Gates/Ansonic-434/256/005_011.sub,sd_card_content/universal_rf/Gates/Ansonic-434/256/005_011.sub,rf,Gates,moved
sd_card_content/subghz_extra_dbs/Gates/Ansonic-434/256/006_012.sub,sd_card_content/universal_rf/Gates/Ansonic-434/256/006_012.sub,rf,Gates,moved
sd_card_content/subghz_extra_dbs/Gates/Ansonic-434/256/006_013.sub,sd_card_content/universal_rf/Gates/Ansonic-434/256/006_013.sub,rf,Gates,moved
sd_card_content/subghz_extra_dbs/Gates/Ansonic-434/256/007_014.sub,sd_card_content/universal_rf/Gates/Ansonic-434/256/007_014.sub,rf,Gates,moved
sd_card_content/subghz_extra_dbs/Gates/Ansonic-434/256/007_015.sub,sd_card_content/universal_rf/Gates/Ansonic-434/256/007_015.sub,rf,Gates,moved
sd_card_content/subghz_extra_dbs/Gates/Ansonic-434/512/000_000.sub,sd_card_content/universal_rf/Gates/Ansonic-434/512/000_000.sub,rf,Gates,moved
sd_card_content/subghz_extra_dbs/Gates/Ansonic-434/512/000_001.sub,sd_card_content/universal_rf/Gates/Ansonic-434/512/000_001.sub,rf,Gates,moved
sd_card_content/subghz_extra_dbs/Gates/Ansonic-434/512/001_002.sub,sd_card_content/universal_rf/Gates/Ansonic-434/512/001_002.sub,rf,Gates,moved
sd_card_content/subghz_extra_dbs/Gates/Ansonic-434/512/001_003.sub,sd_card_content/universal_rf/Gates/Ansonic-434/512/001_003.sub,rf,Gates,moved
sd_card_content/subghz_extra_dbs/Gates/Ansonic-434/512/002_004.sub,sd_card_content/universal_rf/Gates/Ansonic-434/512/002_004.sub,rf,Gates,moved
sd_card_content/subghz_extra_dbs/Gates/Ansonic-434/512/002_005.sub,sd_card_content/universal_rf/Gates/Ansonic-434/512/002_005.sub,rf,Gates,moved
sd_card_content/subghz_extra_dbs/Gates/Ansonic-434/512/003_006.sub,sd_card_content/universal_rf/Gates/Ansonic-434/512/003_006.sub,rf,Gates,moved
sd_card_content/subghz_extra_dbs/Gates/Ansonic-434/512/003_007.sub,sd_card_content/universal_rf/Gates/Ansonic-434/512/003_007.sub,rf,Gates,moved
sd_card_content/subghz_extra_dbs/Gates/Ansonic-434/debruijn.sub,sd_card_content/universal_rf/Gates/Ansonic-434/debruijn.sub,rf,Gates,moved
sd_card_content/subghz_extra_dbs/Gates/Bruteforcing/Many_OOK_SUBs/sub_files/Ansonic-434/128/000_000.sub,sd_card_content/universal_rf/Gates/Bruteforcing/Many_OOK_SUBs/sub_files/Ansonic-434/128/000_000.sub,rf,Gates,moved
sd_card_content/subghz_extra_dbs/Gates/Bruteforcing/Many_OOK_SUBs/sub_files/Ansonic-434/128/000_001.sub,sd_card_content/universal_rf/Gates/Bruteforcing/Many_OOK_SUBs/sub_files/Ansonic-434/128/000_001.sub,rf,Gates,moved
sd_card_content/subghz_extra_dbs/Gates/Bruteforcing/Many_OOK_SUBs/sub_files/Ansonic-434/128/001_002.sub,sd_card_content/universal_rf/Gates/Bruteforcing/Many_OOK_SUBs/sub_files/Ansonic-434/128/001_002.sub,rf,Gates,moved
sd_card_content/subghz_extra_dbs/Gates/Bruteforcing/Many_OOK_SUBs/sub_files/Ansonic-434/128/001_003.sub,sd_card_content/universal_rf/Gates/Bruteforcing/Many_OOK_SUBs/sub_files/Ansonic-434/128/001_003.sub,rf,Gates,moved
sd_card_content/subghz_extra_dbs/Gates/Bruteforcing/Many_OOK_SUBs/sub_files/Ansonic-434/128/002_004.sub,sd_card_content/universal_rf/Gates/Bruteforcing/Many_OOK_SUBs/sub_files/Ansonic-434/128/002_004.sub,rf,Gates,moved
sd_card_content/subghz_extra_dbs/Gates/Bruteforcing/Many_OOK_SUBs/sub_files/Ansonic-434/128/002_005.sub,sd_card_content/universal_rf/Gates/Bruteforcing/Many_OOK_SUBs/sub_files/Ansonic-434/128/002_005.sub,rf,Gates,moved
sd_card_content/subghz_extra_dbs/Gates/Bruteforcing/Many_OOK_SUBs/sub_files/Ansonic-434/128/003_006.sub,sd_card_content/universal_rf/Gates/Bruteforcing/Many_OOK_SUBs/sub_files/Ansonic-434/128/003_006.sub,rf,Gates,moved
sd_card_content/subghz_extra_dbs/Gates/Bruteforcing/Many_OOK_SUBs/sub_files/Ansonic-434/128/003_007.sub,sd_card_content/universal_rf/Gates/Bruteforcing/Many_OOK_SUBs/sub_files/Ansonic-434/128/003_007.sub,rf,Gates,moved
sd_card_content/subghz_extra_dbs/Gates/Bruteforcing/Many_OOK_SUBs/sub_files/Ansonic-434/128/004_008.sub,sd_card_content/universal_rf/Gates/Bruteforcing/Many_OOK_SUBs/sub_files/Ansonic-434/128/004_008.sub,rf,Gates,moved
sd_card_content/subghz_extra_dbs/Gates/Bruteforcing/Many_OOK_SUBs/sub_files/Ansonic-434/128/004_009.sub,sd_card_content/universal_rf/Gates/Bruteforcing/Many_OOK_SUBs/sub_files/Ansonic-434/128/004_009.sub,rf,Gates,moved
sd_card_content/subghz_extra_dbs/Gates/Bruteforcing/Many_OOK_SUBs/sub_files/Ansonic-434/128/005_010.sub,sd_card_content/universal_rf/Gates/Bruteforcing/Many_OOK_SUBs/sub_files/Ansonic-434/128/005_010.sub,rf,Gates,moved
sd_card_content/subghz_extra_dbs/Gates/Bruteforcing/Many_OOK_SUBs/sub_files/Ansonic-434/128/005_011.sub,sd_card_content/universal_rf/Gates/Bruteforcing/Many_OOK_SUBs/sub_files/Ansonic-434/128/005_011.sub,rf,Gates,moved
sd_card_content/subghz_extra_dbs/Gates/Bruteforcing/Many_OOK_SUBs/sub_files/Ansonic-434/128/006_012.sub,sd_card_content/universal_rf/Gates/Bruteforcing/Many_OOK_SUBs/sub_files/Ansonic-434/128/006_012.sub,rf,Gates,moved
sd_card_content/subghz_extra_dbs/Gates/Bruteforcing/Many_OOK_SUBs/sub_files/Ansonic-434/128/006_013.sub,sd_card_content/universal_rf/Gates/Bruteforcing/Many_OOK_SUBs/sub_files/Ansonic-434/128/006_013.sub,rf,Gates,moved
sd_card_content/subghz_extra_dbs/Gates/Bruteforcing/Many_OOK_SUBs/sub_files/Ansonic-434/128/007_014.sub,sd_card_content/universal_rf/Gates/Bruteforcing/Many_OOK_SUBs/sub_files/Ansonic-434/128/007_014.sub,rf,Gates,moved
sd_card_content/subghz_extra_dbs/Gates/Bruteforcing/Many_OOK_SUBs/sub_files/Ansonic-434/128/007_015.sub,sd_card_content/universal_rf/Gates/Bruteforcing/Many_OOK_SUBs/sub_files/Ansonic-434/128/007_015.sub,rf,Gates,moved
sd_card_content/subghz_extra_dbs/Gates/Bruteforcing/Many_OOK_SUBs/sub_files/Ansonic-434/128/008_016.sub,sd_card_content/universal_rf/Gates/Bruteforcing/Many_OOK_SUBs/sub_files/Ansonic-434/128/008_016.sub,rf,Gates,moved
sd_card_content/subghz_extra_dbs/Gates/Bruteforcing/Many_OOK_SUBs/sub_files/Ansonic-434/128/008_017.sub,sd_card_content/universal_rf/Gates/Bruteforcing/Many_OOK_SUBs/sub_files/Ansonic-434/128/008_017.sub,rf,Gates,moved
sd_card_content/subghz_extra_dbs/Gates/Bruteforcing/Many_OOK_SUBs/sub_files/Ansonic-434/128/009_018.sub,sd_card_content/universal_rf/Gates/Bruteforcing/Many_OOK_SUBs/sub_files/Ansonic-434/128/009_018.sub,rf,Gates,moved
sd_card_content/subghz_extra_dbs/Gates/Bruteforcing/Many_OOK_SUBs/sub_files/Ansonic-434/128/009_019.sub,sd_card_content/universal_rf/Gates/Bruteforcing/Many_OOK_SUBs/sub_files/Ansonic-434/128/009_019.sub,rf,Gates,moved
sd_card_content/subghz_extra_dbs/Gates/Bruteforcing/Many_OOK_SUBs/sub_files/Ansonic-434/128/010_020.sub,sd_card_content/universal_rf/Gates/Bruteforcing/Many_OOK_SUBs/sub_files/Ansonic-434/128/010_020.sub,rf,Gates,moved
sd_card_content/subghz_extra_dbs/Gates/Bruteforcing/Many_OOK_SUBs/sub_files/Ansonic-434/128/010_021.sub,sd_card_content/universal_rf/Gates/Bruteforcing/Many_OOK_SUBs/sub_files/Ansonic-434/128/010_021.sub,rf,Gates,moved
sd_card_content/subghz_extra_dbs/Gates/Bruteforcing/Many_OOK_SUBs/sub_files/Ansonic-434/128/011_022.sub,sd_card_content/universal_rf/Gates/Bruteforcing/Many_OOK_SUBs/sub_files/Ansonic-434/128/011_022.sub,rf,Gates,moved
sd_card_content/subghz_extra_dbs/Gates/Bruteforcing/Many_OOK_SUBs/sub_files/Ansonic-434/128/011_023.sub,sd_card_content/universal_rf/Gates/Bruteforcing/Many_OOK_SUBs/sub_files/Ansonic-434/128/011_023.sub,rf,Gates,moved
sd_card_content/subghz_extra_dbs/Gates/Bruteforcing/Many_OOK_SUBs/sub_files/Ansonic-434/128/012_024.sub,sd_card_content/universal_rf/Gates/Bruteforcing/Many_OOK_SUBs/sub_files/Ansonic-434/128/012_024.sub,rf,Gates,moved
sd_card_content/subghz_extra_dbs/Gates/Bruteforcing/Many_OOK_SUBs/sub_files/Ansonic-434/128/012_025.sub,sd_card_content/universal_rf/Gates/Bruteforcing/Many_OOK_SUBs/sub_files/Ansonic-434/128/012_025.sub,rf,Gates,moved
sd_card_content/subghz_extra_dbs/Gates/Bruteforcing/Many_OOK_SUBs/sub_files/Ansonic-434/128/013_026.sub,sd_card_content/universal_rf/Gates/Bruteforcing/Many_OOK_SUBs/sub_files/Ansonic-434/128/013_026.sub,rf,Gates,moved
sd_card_content/subghz_extra_dbs/Gates/Bruteforcing/Many_OOK_SUBs/sub_files/Ansonic-434/128/013_027.sub,sd_card_content/universal_rf/Gates/Bruteforcing/Many_OOK_SUBs/sub_files/Ansonic-434/128/013_027.sub,rf,Gates,moved
sd_card_content/subghz_extra_dbs/Gates/Bruteforcing/Many_OOK_SUBs/sub_files/Ansonic-434/128/014_028.sub,sd_card_content/universal_rf/Gates/Bruteforcing/Many_OOK_SUBs/sub_files/Ansonic-434/128/014_028.sub,rf,Gates,moved
sd_card_content/subghz_extra_dbs/Gates/Bruteforcing/Many_OOK_SUBs/sub_files/Ansonic-434/128/014_029.sub,sd_card_content/universal_rf/Gates/Bruteforcing/Many_OOK_SUBs/sub_files/Ansonic-434/128/014_029.sub,rf,Gates,moved
sd_card_content/subghz_extra_dbs/Gates/Bruteforcing/Many_OOK_SUBs/sub_files/Ansonic-434/128/015_030.sub,sd_card_content/universal_rf/Gates/Bruteforcing/Many_OOK_SUBs/sub_files/Ansonic-434/128/015_030.sub,rf,Gates,moved
sd_card_content/subghz_extra_dbs/Gates/Bruteforcing/Many_OOK_SUBs/sub_files/Ansonic-434/128/015_031.sub,sd_card_content/universal_rf/Gates/Bruteforcing/Many_OOK_SUBs/sub_files/Ansonic-434/128/015_031.sub,rf,Gates,moved
sd_card_content/subghz_extra_dbs/Gates/Bruteforcing/Many_OOK_SUBs/sub_files/Ansonic-434/256/000_000.sub,sd_card_content/universal_rf/Gates/Bruteforcing/Many_OOK_SUBs/sub_files/Ansonic-434/256/000_000.sub,rf,Gates,moved
sd_card_content/subghz_extra_dbs/Gates/Bruteforcing/Many_OOK_SUBs/sub_files/Ansonic-434/256/000_001.sub,sd_card_content/universal_rf/Gates/Bruteforcing/Many_OOK_SUBs/sub_files/Ansonic-434/256/000_001.sub,rf,Gates,moved
sd_card_content/subghz_extra_dbs/Gates/Bruteforcing/Many_OOK_SUBs/sub_files/Ansonic-434/256/001_002.sub,sd_card_content/universal_rf/Gates/Bruteforcing/Many_OOK_SUBs/sub_files/Ansonic-434/256/001_002.sub,rf,Gates,moved
sd_card_content/subghz_extra_dbs/Gates/Bruteforcing/Many_OOK_SUBs/sub_files/Ansonic-434/256/001_003.sub,sd_card_content/universal_rf/Gates/Bruteforcing/Many_OOK_SUBs/sub_files/Ansonic-434/256/001_003.sub,rf,Gates,moved
sd_card_content/subghz_extra_dbs/Gates/Bruteforcing/Many_OOK_SUBs/sub_files/Ansonic-434/256/002_004.sub,sd_card_content/universal_rf/Gates/Bruteforcing/Many_OOK_SUBs/sub_files/Ansonic-434/256/002_004.sub,rf,Gates,moved
sd_card_content/subghz_extra_dbs/Gates/Bruteforcing/Many_OOK_SUBs/sub_files/Ansonic-434/256/002_005.sub,sd_card_content/universal_rf/Gates/Bruteforcing/Many_OOK_SUBs/sub_files/Ansonic-434/256/002_005.sub,rf,Gates,moved
sd_card_content/subghz_extra_dbs/Gates/Bruteforcing/Many_OOK_SUBs/sub_files/Ansonic-434/256/003_006.sub,sd_card_content/universal_rf/Gates/Bruteforcing/Many_OOK_SUBs/sub_files/Ansonic-434/256/003_006.sub,rf,Gates,moved
sd_card_content/subghz_extra_dbs/Gates/Bruteforcing/Many_OOK_SUBs/sub_files/Ansonic-434/256/003_007.sub,sd_card_content/universal_rf/Gates/Bruteforcing/Many_OOK_SUBs/sub_files/Ansonic-434/256/003_007.sub,rf,Gates,moved
sd_card_content/subghz_extra_dbs/Gates/Bruteforcing/Many_OOK_SUBs/sub_files/Ansonic-434/256/004_008.sub,sd_card_content/universal_rf/Gates/Bruteforcing/Many_OOK_SUBs/sub_files/Ansonic-434/256/004_008.sub,rf,Gates,moved
sd_card_content/subghz_extra_dbs/Gates/Bruteforcing/Many_OOK_SUBs/sub_files/Ansonic-434/256/004_009.sub,sd_card_content/universal_rf/Gates/Bruteforcing/Many_OOK_SUBs/sub_files/Ansonic-434/256/004_009.sub,rf,Gates,moved
sd_card_content/subghz_extra_dbs/Gates/Bruteforcing/Many_OOK_SUBs/sub_files/Ansonic-434/256/005_010.sub,sd_card_content/universal_rf/Gates/Bruteforcing/Many_OOK_SUBs/sub_files/Ansonic-434/256/005_010.sub,rf,Gates,moved
sd_card_content/subghz_extra_dbs/Gates/Bruteforcing/Many_OOK_SUBs/sub_files/Ansonic-434/256/005_011.sub,sd_card_content/universal_rf/Gates/Bruteforcing/Many_OOK_SUBs/sub_files/Ansonic-434/256/005_011.sub,rf,Gates,moved
sd_card_content/subghz_extra_dbs/Gates/Bruteforcing/Many_OOK_SUBs/sub_files/Ansonic-434/256/006_012.sub,sd_card_content/universal_rf/Gates/Bruteforcing/Many_OOK_SUBs/sub_files/Ansonic-434/256/006_012.sub,rf,Gates,moved
sd_card_content/subghz_extra_dbs/Gates/Bruteforcing/Many_OOK_SUBs/sub_files/Ansonic-434/256/006_013.sub,sd_card_content/universal_rf/Gates/Bruteforcing/Many_OOK_SUBs/sub_files/Ansonic-434/256/006_013.sub,rf,Gates,moved
sd_card_content/subghz_extra_dbs/Gates/Bruteforcing/Many_OOK_SUBs/sub_files/Ansonic-434/256/007_014.sub,sd_card_content/universal_rf/Gates/Bruteforcing/Many_OOK_SUBs/sub_files/Ansonic-434/256/007_014.sub,rf,Gates,moved
sd_card_content/subghz_extra_dbs/Gates/Bruteforcing/Many_OOK_SUBs/sub_files/Ansonic-434/256/007_015.sub,sd_card_content/universal_rf/Gates/Bruteforcing/Many_OOK_SUBs/sub_files/Ansonic-434/256/007_015.sub,rf,Gates,moved
sd_card_content/subghz_extra_dbs/Gates/Bruteforcing/Many_OOK_SUBs/sub_files/Ansonic-434/512/000_000.sub,sd_card_content/universal_rf/Gates/Bruteforcing/Many_OOK_SUBs/sub_files/Ansonic-434/512/000_000.sub,rf,Gates,moved
sd_card_content/subghz_extra_dbs/Gates/Bruteforcing/Many_OOK_SUBs/sub_files/Ansonic-434/512/000_001.sub,sd_card_content/universal_rf/Gates/Bruteforcing/Many_OOK_SUBs/sub_files/Ansonic-434/512/000_001.sub,rf,Gates,moved
sd_card_content/subghz_extra_dbs/Gates/Bruteforcing/Many_OOK_SUBs/sub_files/Ansonic-434/512/001_002.sub,sd_card_content/universal_rf/Gates/Bruteforcing/Many_OOK_SUBs/sub_files/Ansonic-434/512/001_002.sub,rf,Gates,moved
sd_card_content/subghz_extra_dbs/Gates/Bruteforcing/Many_OOK_SUBs/sub_files/Ansonic-434/512/001_003.sub,sd_card_content/universal_rf/Gates/Bruteforcing/Many_OOK_SUBs/sub_files/Ansonic-434/512/001_003.sub,rf,Gates,moved
sd_card_content/subghz_extra_dbs/Gates/Bruteforcing/Many_OOK_SUBs/sub_files/Ansonic-434/512/002_004.sub,sd_card_content/universal_rf/Gates/Bruteforcing/Many_OOK_SUBs/sub_files/Ansonic-434/512/002_004.sub,rf,Gates,moved
sd_card_content/subghz_extra_dbs/Gates/Bruteforcing/Many_OOK_SUBs/sub_files/Ansonic-434/512/002_005.sub,sd_card_content/universal_rf/Gates/Bruteforcing/Many_OOK_SUBs/sub_files/Ansonic-434/512/002_005.sub,rf,Gates,moved
sd_card_content/subghz_extra_dbs/Gates/Bruteforcing/Many_OOK_SUBs/sub_files/Ansonic-434/512/003_006.sub,sd_card_content/universal_rf/Gates/Bruteforcing/Many_OOK_SUBs/sub_files/Ansonic-434/512/003_006.sub,rf,Gates,moved
sd_card_content/subghz_extra_dbs/Gates/Bruteforcing/Many_OOK_SUBs/sub_files/Ansonic-434/512/003_007.sub,sd_card_content/universal_rf/Gates/Bruteforcing/Many_OOK_SUBs/sub_files/Ansonic-434/512/003_007.sub,rf,Gates,moved
sd_card_content/subghz_extra_dbs/Gates/Bruteforcing/Many_OOK_SUBs/sub_files/Ansonic-434/debruijn.sub,sd_card_content/universal_rf/Gates/Bruteforcing/Many_OOK_SUBs/sub_files/Ansonic-434/debruijn.sub,rf,Gates,moved
sd_card_content/subghz_extra_dbs/Gates/Bruteforcing/Many_OOK_SUBs/sub_files/CAME-12bit-433-fast/128/000_000.sub,sd_card_content/universal_rf/Gates/Bruteforcing/Many_OOK_SUBs/sub_files/CAME-12bit-433-fast/128/000_000.sub,rf,Gates,moved
sd_card_content/subghz_extra_dbs/Gates/Bruteforcing/Many_OOK_SUBs/sub_files/CAME-12bit-433-fast/128/000_001.sub,sd_card_content/universal_rf/Gates/Bruteforcing/Many_OOK_SUBs/sub_files/CAME-12bit-433-fast/128/000_001.sub,rf,Gates,moved
sd_card_content/subghz_extra_dbs/Gates/Bruteforcing/Many_OOK_SUBs/sub_files/CAME-12bit-433-fast/128/001_002.sub,sd_card_content/universal_rf/Gates/Bruteforcing/Many_OOK_SUBs/sub_files/CAME-12bit-433-fast/128/001_002.sub,rf,Gates,moved
sd_card_content/subghz_extra_dbs/Gates/Bruteforcing/Many_OOK_SUBs/sub_files/CAME-12bit-433-fast/128/001_003.sub,sd_card_content/universal_rf/Gates/Bruteforcing/Many_OOK_SUBs/sub_files/CAME-12bit-433-fast/128/001_003.sub,rf,Gates,moved
sd_card_content/subghz_extra_dbs/Gates/Bruteforcing/Many_OOK_SUBs/sub_files/CAME-12bit-433-fast/128/002_004.sub,sd_card_content/universal_rf/Gates/Bruteforcing/Many_OOK_SUBs/sub_files/CAME-12bit-433-fast/128/002_004.sub,rf,Gates,moved
sd_card_content/subghz_extra_dbs/Gates/Bruteforcing/Many_OOK_SUBs/sub_files/CAME-12bit-433-fast/128/002_005.sub,sd_card_content/universal_rf/Gates/Bruteforcing/Many_OOK_SUBs/sub_files/CAME-12bit-433-fast/128/002_005.sub,rf,Gates,moved
sd_card_content/subghz_extra_dbs/Gates/Bruteforcing/Many_OOK_SUBs/sub_files/CAME-12bit-433-fast/128/003_006.sub,sd_card_content/universal_rf/Gates/Bruteforcing/Many_OOK_SUBs/sub_files/CAME-12bit-433-fast/128/003_006.sub,rf,Gates,moved
sd_card_content/subghz_extra_dbs/Gates/Bruteforcing/Many_OOK_SUBs/sub_files/CAME-12bit-433-fast/128/003_007.sub,sd_card_content/universal_rf/Gates/Bruteforcing/Many_OOK_SUBs/sub_files/CAME-12bit-433-fast/128/003_007.sub,rf,Gates,moved
sd_card_content/subghz_extra_dbs/Gates/Bruteforcing/Many_OOK_SUBs/sub_files/CAME-12bit-433-fast/128/004_008.sub,sd_card_content/universal_rf/Gates/Bruteforcing/Many_OOK_SUBs/sub_files/CAME-12bit-433-fast/128/004_008.sub,rf,Gates,moved
sd_card_content/subghz_extra_dbs/Gates/Bruteforcing/Many_OOK_SUBs/sub_files/CAME-12bit-433-fast/128/004_009.sub,sd_card_content/universal_rf/Gates/Bruteforcing/Many_OOK_SUBs/sub_files/CAME-12bit-433-fast/128/004_009.sub,rf,Gates,moved
sd_card_content/subghz_extra_dbs/Gates/Bruteforcing/Many_OOK_SUBs/sub_files/CAME-12bit-433-fast/128/005_010.sub,sd_card_content/universal_rf/Gates/Bruteforcing/Many_OOK_SUBs/sub_files/CAME-12bit-433-fast/128/005_010.sub,rf,Gates,moved
sd_card_content/subghz_extra_dbs/Gates/Bruteforcing/Many_OOK_SUBs/sub_files/CAME-12bit-433-fast/128/005_011.sub,sd_card_content/universal_rf/Gates/Bruteforcing/Many_OOK_SUBs/sub_files/CAME-12bit-433-fast/128/005_011.sub,rf,Gates,moved
sd_card_content/subghz_extra_dbs/Gates/Bruteforcing/Many_OOK_SUBs/sub_files/CAME-12bit-433-fast/128/006_012.sub,sd_card_content/universal_rf/Gates/Bruteforcing/Many_OOK_SUBs/sub_files/CAME-12bit-433-fast/128/006_012.sub,rf,Gates,moved
sd_card_content/subghz_extra_dbs/Gates/Bruteforcing/Many_OOK_SUBs/sub_files/CAME-12bit-433-fast/128/006_013.sub,sd_card_content/universal_rf/Gates/Bruteforcing/Many_OOK_SUBs/sub_files/CAME-12bit-433-fast/128/006_013.sub,rf,Gates,moved
sd_card_content/subghz_extra_dbs/Gates/Bruteforcing/Many_OOK_SUBs/sub_files/CAME-12bit-433-fast/128/007_014.sub,sd_card_content/universal_rf/Gates/Bruteforcing/Many_OOK_SUBs/sub_files/CAME-12bit-433-fast/128/007_014.sub,rf,Gates,moved
sd_card_content/subghz_extra_dbs/Gates/Bruteforcing/Many_OOK_SUBs/sub_files/CAME-12bit-433-fast/128/007_015.sub,sd_card_content/universal_rf/Gates/Bruteforcing/Many_OOK_SUBs/sub_files/CAME-12bit-433-fast/128/007_015.sub,rf,Gates,moved
sd_card_content/subghz_extra_dbs/Gates/Bruteforcing/Many_OOK_SUBs/sub_files/CAME-12bit-433-fast/128/008_016.sub,sd_card_content/universal_rf/Gates/Bruteforcing/Many_OOK_SUBs/sub_files/CAME-12bit-433-fast/128/008_016.sub,rf,Gates,moved
sd_card_content/subghz_extra_dbs/Gates/Bruteforcing/Many_OOK_SUBs/sub_files/CAME-12bit-433-fast/128/008_017.sub,sd_card_content/universal_rf/Gates/Bruteforcing/Many_OOK_SUBs/sub_files/CAME-12bit-433-fast/128/008_017.sub,rf,Gates,moved
sd_card_content/subghz_extra_dbs/Gates/Bruteforcing/Many_OOK_SUBs/sub_files/CAME-12bit-433-fast/128/009_018.sub,sd_card_content/universal_rf/Gates/Bruteforcing/Many_OOK_SUBs/sub_files/CAME-12bit-433-fast/128/009_018.sub,rf,Gates,moved
sd_card_content/subghz_extra_dbs/Gates/Bruteforcing/Many_OOK_SUBs/sub_files/CAME-12bit-433-fast/128/009_019.sub,sd_card_content/universal_rf/Gates/Bruteforcing/Many_OOK_SUBs/sub_files/CAME-12bit-433-fast/128/009_019.sub,rf,Gates,moved
sd_card_content/subghz_extra_dbs/Gates/Bruteforcing/Many_OOK_SUBs/sub_files/CAME-12bit-433-fast/128/010_020.sub,sd_card_content/universal_rf/Gates/Bruteforcing/Many_OOK_SUBs/sub_files/CAME-12bit-433-fast/128/010_020.sub,rf,Gates,moved
sd_card_content/subghz_extra_dbs/Gates/Bruteforcing/Many_OOK_SUBs/sub_files/CAME-12bit-433-fast/128/010_021.sub,sd_card_content/universal_rf/Gates/Bruteforcing/Many_OOK_SUBs/sub_files/CAME-12bit-433-fast/128/010_021.sub,rf,Gates,moved
sd_card_content/subghz_extra_dbs/Gates/Bruteforcing/Many_OOK_SUBs/sub_files/CAME-12bit-433-fast/128/011_022.sub,sd_card_content/universal_rf/Gates/Bruteforcing/Many_OOK_SUBs/sub_files/CAME-12bit-433-fast/128/011_022.sub,rf,Gates,moved
sd_card_content/subghz_extra_dbs/Gates/Bruteforcing/Many_OOK_SUBs/sub_files/CAME-12bit-433-fast/128/011_023.sub,sd_card_content/universal_rf/Gates/Bruteforcing/Many_OOK_SUBs/sub_files/CAME-12bit-433-fast/128/011_023.sub,rf,Gates,moved
sd_card_content/subghz_extra_dbs/Gates/Bruteforcing/Many_OOK_SUBs/sub_files/CAME-12bit-433-fast/128/012_024.sub,sd_card_content/universal_rf/Gates/Bruteforcing/Many_OOK_SUBs/sub_files/CAME-12bit-433-fast/128/012_024.sub,rf,Gates,moved
sd_card_content/subghz_extra_dbs/Gates/Bruteforcing/Many_OOK_SUBs/sub_files/CAME-12bit-433-fast/128/012_025.sub,sd_card_content/universal_rf/Gates/Bruteforcing/Many_OOK_SUBs/sub_files/CAME-12bit-433-fast/128/012_025.sub,rf,Gates,moved
sd_card_content/subghz_extra_dbs/Gates/Bruteforcing/Many_OOK_SUBs/sub_files/CAME-12bit-433-fast/128/013_026.sub,sd_card_content/universal_rf/Gates/Bruteforcing/Many_OOK_SUBs/sub_files/CAME-12bit-433-fast/128/013_026.sub,rf,Gates,moved
sd_card_content/subghz_extra_dbs/Gates/Bruteforcing/Many_OOK_SUBs/sub_files/CAME-12bit-433-fast/128/013_027.sub,sd_card_content/universal_rf/Gates/Bruteforcing/Many_OOK_SUBs/sub_files/CAME-12bit-433-fast/128/013_027.sub,rf,Gates,moved
sd_card_content/subghz_extra_dbs/Gates/Bruteforcing/Many_OOK_SUBs/sub_files/CAME-12bit-433-fast/128/014_028.sub,sd_card_content/universal_rf/Gates/Bruteforcing/Many_OOK_SUBs/sub_files/CAME-12bit-433-fast/128/014_028.sub,rf,Gates,moved
sd_card_content/subghz_extra_dbs/Gates/Bruteforcing/Many_OOK_SUBs/sub_files/CAME-12bit-433-fast/128/014_029.sub,sd_card_content/universal_rf/Gates/Bruteforcing/Many_OOK_SUBs/sub_files/CAME-12bit-433-fast/128/014_029.sub,rf,Gates,moved
sd_card_content/subghz_extra_dbs/Gates/Bruteforcing/Many_OOK_SUBs/sub_files/CAME-12bit-433-fast/128/015_030.sub,sd_card_content/universal_rf/Gates/Bruteforcing/Many_OOK_SUBs/sub_files/CAME-12bit-433-fast/128/015_030.sub,rf,Gates,moved
sd_card_content/subghz_extra_dbs/Gates/Bruteforcing/Many_OOK_SUBs/sub_files/CAME-12bit-433-fast/128/015_031.sub,sd_card_content/universal_rf/Gates/Bruteforcing/Many_OOK_SUBs/sub_files/CAME-12bit-433-fast/128/015_031.sub,rf,Gates,moved
sd_card_content/subghz_extra_dbs/Gates/Bruteforcing/Many_OOK_SUBs/sub_files/CAME-12bit-433-fast/256/000_000.sub,sd_card_content/universal_rf/Gates/Bruteforcing/Many_OOK_SUBs/sub_files/CAME-12bit-433-fast/256/000_000.sub,rf,Gates,moved
sd_card_content/subghz_extra_dbs/Gates/Bruteforcing/Many_OOK_SUBs/sub_files/CAME-12bit-433-fast/256/000_001.sub,sd_card_content/universal_rf/Gates/Bruteforcing/Many_OOK_SUBs/sub_files/CAME-12bit-433-fast/256/000_001.sub,rf,Gates,moved
sd_card_content/subghz_extra_dbs/Gates/Bruteforcing/Many_OOK_SUBs/sub_files/CAME-12bit-433-fast/256/001_002.sub,sd_card_content/universal_rf/Gates/Bruteforcing/Many_OOK_SUBs/sub_files/CAME-12bit-433-fast/256/001_002.sub,rf,Gates,moved
sd_card_content/subghz_extra_dbs/Gates/Bruteforcing/Many_OOK_SUBs/sub_files/CAME-12bit-433-fast/256/001_003.sub,sd_card_content/universal_rf/Gates/Bruteforcing/Many_OOK_SUBs/sub_files/CAME-12bit-433-fast/256/001_003.sub,rf,Gates,moved
sd_card_content/subghz_extra_dbs/Gates/Bruteforcing/Many_OOK_SUBs/sub_files/CAME-12bit-433-fast/256/002_004.sub,sd_card_content/universal_rf/Gates/Bruteforcing/Many_OOK_SUBs/sub_files/CAME-12bit-433-fast/256/002_004.sub,rf,Gates,moved
sd_card_content/subghz_extra_dbs/Gates/Bruteforcing/Many_OOK_SUBs/sub_files/CAME-12bit-433-fast/256/002_005.sub,sd_card_content/universal_rf/Gates/Bruteforcing/Many_OOK_SUBs/sub_files/CAME-12bit-433-fast/256/002_005.sub,rf,Gates,moved
sd_card_content/subghz_extra_dbs/Gates/Bruteforcing/Many_OOK_SUBs/sub_files/CAME-12bit-433-fast/256/003_006.sub,sd_card_content/universal_rf/Gates/Bruteforcing/Many_OOK_SUBs/sub_files/CAME-12bit-433-fast/256/003_006.sub,rf,Gates,moved
sd_card_content/subghz_extra_dbs/Gates/Bruteforcing/Many_OOK_SUBs/sub_files/CAME-12bit-433-fast/256/003_007.sub,sd_card_content/universal_rf/Gates/Bruteforcing/Many_OOK_SUBs/sub_files/CAME-12bit-433-fast/256/003_007.sub,rf,Gates,moved
sd_card_content/subghz_extra_dbs/Gates/Bruteforcing/Many_OOK_SUBs/sub_files/CAME-12bit-433-fast/256/004_008.sub,sd_card_content/universal_rf/Gates/Bruteforcing/Many_OOK_SUBs/sub_files/CAME-12bit-433-fast/256/004_008.sub,rf,Gates,moved
sd_card_content/subghz_extra_dbs/Gates/Bruteforcing/Many_OOK_SUBs/sub_files/CAME-12bit-433-fast/256/004_009.sub,sd_card_content/universal_rf/Gates/Bruteforcing/Many_OOK_SUBs/sub_files/CAME-12bit-433-fast/256/004_009.sub,rf,Gates,moved
sd_card_content/subghz_extra_dbs/Gates/Bruteforcing/Many_OOK_SUBs/sub_files/CAME-12bit-433-fast/256/005_010.sub,sd_card_content/universal_rf/Gates/Bruteforcing/Many_OOK_SUBs/sub_files/CAME-12bit-433-fast/256/005_010.sub,rf,Gates,moved
sd_card_content/subghz_extra_dbs/Gates/Bruteforcing/Many_OOK_SUBs/sub_files/CAME-12bit-433-fast/256/005_011.sub,sd_card_content/universal_rf/Gates/Bruteforcing/Many_OOK_SUBs/sub_files/CAME-12bit-433-fast/256/005_011.sub,rf,Gates,moved
sd_card_content/subghz_extra_dbs/Gates/Bruteforcing/Many_OOK_SUBs/sub_files/CAME-12bit-433-fast/256/006_012.sub,sd_card_content/universal_rf/Gates/Bruteforcing/Many_OOK_SUBs/sub_files/CAME-12bit-433-fast/256/006_012.sub,rf,Gates,moved
sd_card_content/subghz_extra_dbs/Gates/Bruteforcing/Many_OOK_SUBs/sub_files/CAME-12bit-433-fast/256/006_013.sub,sd_card_content/universal_rf/Gates/Bruteforcing/Many_OOK_SUBs/sub_files/CAME-12bit-433-fast/256/006_013.sub,rf,Gates,moved
sd_card_content/subghz_extra_dbs/Gates/Bruteforcing/Many_OOK_SUBs/sub_files/CAME-12bit-433-fast/256/007_014.sub,sd_card_content/universal_rf/Gates/Bruteforcing/Many_OOK_SUBs/sub_files/CAME-12bit-433-fast/256/007_014.sub,rf,Gates,moved
sd_card_content/subghz_extra_dbs/Gates/Bruteforcing/Many_OOK_SUBs/sub_files/CAME-12bit-433-fast/256/007_015.sub,sd_card_content/universal_rf/Gates/Bruteforcing/Many_OOK_SUBs/sub_files/CAME-12bit-433-fast/256/007_015.sub,rf,Gates,moved
sd_card_content/subghz_extra_dbs/Gates/Bruteforcing/Many_OOK_SUBs/sub_files/CAME-12bit-433-fast/512/000_000.sub,sd_card_content/universal_rf/Gates/Bruteforcing/Many_OOK_SUBs/sub_files/CAME-12bit-433-fast/512/000_000.sub,rf,Gates,moved
sd_card_content/subghz_extra_dbs/Gates/Bruteforcing/Many_OOK_SUBs/sub_files/CAME-12bit-433-fast/512/000_001.sub,sd_card_content/universal_rf/Gates/Bruteforcing/Many_OOK_SUBs/sub_files/CAME-12bit-433-fast/512/000_001.sub,rf,Gates,moved
sd_card_content/subghz_extra_dbs/Gates/Bruteforcing/Many_OOK_SUBs/sub_files/CAME-12bit-433-fast/512/001_002.sub,sd_card_content/universal_rf/Gates/Bruteforcing/Many_OOK_SUBs/sub_files/CAME-12bit-433-fast/512/001_002.sub,rf,Gates,moved
sd_card_content/subghz_extra_dbs/Gates/Bruteforcing/Many_OOK_SUBs/sub_files/CAME-12bit-433-fast/512/001_003.sub,sd_card_content/universal_rf/Gates/Bruteforcing/Many_OOK_SUBs/sub_files/CAME-12bit-433-fast/512/001_003.sub,rf,Gates,moved
sd_card_content/subghz_extra_dbs/Gates/Bruteforcing/Many_OOK_SUBs/sub_files/CAME-12bit-433-fast/512/002_004.sub,sd_card_content/universal_rf/Gates/Bruteforcing/Many_OOK_SUBs/sub_files/CAME-12bit-433-fast/512/002_004.sub,rf,Gates,moved
sd_card_content/subghz_extra_dbs/Gates/Bruteforcing/Many_OOK_SUBs/sub_files/CAME-12bit-433-fast/512/002_005.sub,sd_card_content/universal_rf/Gates/Bruteforcing/Many_OOK_SUBs/sub_files/CAME-12bit-433-fast/512/002_005.sub,rf,Gates,moved
sd_card_content/subghz_extra_dbs/Gates/Bruteforcing/Many_OOK_SUBs/sub_files/CAME-12bit-433-fast/512/003_006.sub,sd_card_content/universal_rf/Gates/Bruteforcing/Many_OOK_SUBs/sub_files/CAME-12bit-433-fast/512/003_006.sub,rf,Gates,moved
sd_card_content/subghz_extra_dbs/Gates/Bruteforcing/Many_OOK_SUBs/sub_files/CAME-12bit-433-fast/512/003_007.sub,sd_card_content/universal_rf/Gates/Bruteforcing/Many_OOK_SUBs/sub_files/CAME-12bit-433-fast/512/003_007.sub,rf,Gates,moved
sd_card_content/subghz_extra_dbs/Gates/Bruteforcing/Many_OOK_SUBs/sub_files/CAME-12bit-433-fast/debruijn.sub,sd_card_content/universal_rf/Gates/Bruteforcing/Many_OOK_SUBs/sub_files/CAME-12bit-433-fast/debruijn.sub,rf,Gates,moved
sd_card_content/subghz_extra_dbs/Gates/Bruteforcing/Many_OOK_SUBs/sub_files/CAME-12bit-433/128/000_000.sub,sd_card_content/universal_rf/Gates/Bruteforcing/Many_OOK_SUBs/sub_files/CAME-12bit-433/128/000_000.sub,rf,Gates,moved
sd_card_content/subghz_extra_dbs/Gates/Bruteforcing/Many_OOK_SUBs/sub_files/CAME-12bit-433/128/000_001.sub,sd_card_content/universal_rf/Gates/Bruteforcing/Many_OOK_SUBs/sub_files/CAME-12bit-433/128/000_001.sub,rf,Gates,moved
sd_card_content/subghz_extra_dbs/Gates/Bruteforcing/Many_OOK_SUBs/sub_files/CAME-12bit-433/128/001_002.sub,sd_card_content/universal_rf/Gates/Bruteforcing/Many_OOK_SUBs/sub_files/CAME-12bit-433/128/001_002.sub,rf,Gates,moved
sd_card_content/subghz_extra_dbs/Gates/Bruteforcing/Many_OOK_SUBs/sub_files/CAME-12bit-433/128/001_003.sub,sd_card_content/universal_rf/Gates/Bruteforcing/Many_OOK_SUBs/sub_files/CAME-12bit-433/128/001_003.sub,rf,Gates,moved
sd_card_content/subghz_extra_dbs/Gates/Bruteforcing/Many_OOK_SUBs/sub_files/CAME-12bit-433/128/002_004.sub,sd_card_content/universal_rf/Gates/Bruteforcing/Many_OOK_SUBs/sub_files/CAME-12bit-433/128/002_004.sub,rf,Gates,moved
sd_card_content/subghz_extra_dbs/Gates/Bruteforcing/Many_OOK_SUBs/sub_files/CAME-12bit-433/128/002_005.sub,sd_card_content/universal_rf/Gates/Bruteforcing/Many_OOK_SUBs/sub_files/CAME-12bit-433/128/002_005.sub,rf,Gates,moved
sd_card_content/subghz_extra_dbs/Gates/Bruteforcing/Many_OOK_SUBs/sub_files/CAME-12bit-433/128/003_006.sub,sd_card_content/universal_rf/Gates/Bruteforcing/Many_OOK_SUBs/sub_files/CAME-12bit-433/128/003_006.sub,rf,Gates,moved
sd_card_content/subghz_extra_dbs/Gates/Bruteforcing/Many_OOK_SUBs/sub_files/CAME-12bit-433/128/003_007.sub,sd_card_content/universal_rf/Gates/Bruteforcing/Many_OOK_SUBs/sub_files/CAME-12bit-433/128/003_007.sub,rf,Gates,moved
sd_card_content/subghz_extra_dbs/Gates/Bruteforcing/Many_OOK_SUBs/sub_files/CAME-12bit-433/128/004_008.sub,sd_card_content/universal_rf/Gates/Bruteforcing/Many_OOK_SUBs/sub_files/CAME-12bit-433/128/004_008.sub,rf,Gates,moved
sd_card_content/subghz_extra_dbs/Gates/Bruteforcing/Many_OOK_SUBs/sub_files/CAME-12bit-433/128/004_009.sub,sd_card_content/universal_rf/Gates/Bruteforcing/Many_OOK_SUBs/sub_files/CAME-12bit-433/128/004_009.sub,rf,Gates,moved
sd_card_content/subghz_extra_dbs/Gates/Bruteforcing/Many_OOK_SUBs/sub_files/CAME-12bit-433/128/005_010.sub,sd_card_content/universal_rf/Gates/Bruteforcing/Many_OOK_SUBs/sub_files/CAME-12bit-433/128/005_010.sub,rf,Gates,moved
sd_card_content/subghz_extra_dbs/Gates/Bruteforcing/Many_OOK_SUBs/sub_files/CAME-12bit-433/128/005_011.sub,sd_card_content/universal_rf/Gates/Bruteforcing/Many_OOK_SUBs/sub_files/CAME-12bit-433/128/005_011.sub,rf,Gates,moved
sd_card_content/subghz_extra_dbs/Gates/Bruteforcing/Many_OOK_SUBs/sub_files/CAME-12bit-433/128/006_012.sub,sd_card_content/universal_rf/Gates/Bruteforcing/Many_OOK_SUBs/sub_files/CAME-12bit-433/128/006_012.sub,rf,Gates,moved
sd_card_content/subghz_extra_dbs/Gates/Bruteforcing/Many_OOK_SUBs/sub_files/CAME-12bit-433/128/006_013.sub,sd_card_content/universal_rf/Gates/Bruteforcing/Many_OOK_SUBs/sub_files/CAME-12bit-433/128/006_013.sub,rf,Gates,moved
sd_card_content/subghz_extra_dbs/Gates/Bruteforcing/Many_OOK_SUBs/sub_files/CAME-12bit-433/128/007_014.sub,sd_card_content/universal_rf/Gates/Bruteforcing/Many_OOK_SUBs/sub_files/CAME-12bit-433/128/007_014.sub,rf,Gates,moved
sd_card_content/subghz_extra_dbs/Gates/Bruteforcing/Many_OOK_SUBs/sub_files/CAME-12bit-433/128/007_015.sub,sd_card_content/universal_rf/Gates/Bruteforcing/Many_OOK_SUBs/sub_files/CAME-12bit-433/128/007_015.sub,rf,Gates,moved
sd_card_content/subghz_extra_dbs/Gates/Bruteforcing/Many_OOK_SUBs/sub_files/CAME-12bit-433/128/008_016.sub,sd_card_content/universal_rf/Gates/Bruteforcing/Many_OOK_SUBs/sub_files/CAME-12bit-433/128/008_016.sub,rf,Gates,moved
sd_card_content/subghz_extra_dbs/Gates/Bruteforcing/Many_OOK_SUBs/sub_files/CAME-12bit-433/128/008_017.sub,sd_card_content/universal_rf/Gates/Bruteforcing/Many_OOK_SUBs/sub_files/CAME-12bit-433/128/008_017.sub,rf,Gates,moved
sd_card_content/subghz_extra_dbs/Gates/Bruteforcing/Many_OOK_SUBs/sub_files/CAME-12bit-433/128/009_018.sub,sd_card_content/universal_rf/Gates/Bruteforcing/Many_OOK_SUBs/sub_files/CAME-12bit-433/128/009_018.sub,rf,Gates,moved
sd_card_content/subghz_extra_dbs/Gates/Bruteforcing/Many_OOK_SUBs/sub_files/CAME-12bit-433/128/009_019.sub,sd_card_content/universal_rf/Gates/Bruteforcing/Many_OOK_SUBs/sub_files/CAME-12bit-433/128/009_019.sub,rf,Gates,moved
sd_card_content/subghz_extra_dbs/Gates/Bruteforcing/Many_OOK_SUBs/sub_files/CAME-12bit-433/128/010_020.sub,sd_card_content/universal_rf/Gates/Bruteforcing/Many_OOK_SUBs/sub_files/CAME-12bit-433/128/010_020.sub,rf,Gates,moved
sd_card_content/subghz_extra_dbs/Gates/Bruteforcing/Many_OOK_SUBs/sub_files/CAME-12bit-433/128/010_021.sub,sd_card_content/universal_rf/Gates/Bruteforcing/Many_OOK_SUBs/sub_files/CAME-12bit-433/128/010_021.sub,rf,Gates,moved
sd_card_content/subghz_extra_dbs/Gates/Bruteforcing/Many_OOK_SUBs/sub_files/CAME-12bit-433/128/011_022.sub,sd_card_content/universal_rf/Gates/Bruteforcing/Many_OOK_SUBs/sub_files/CAME-12bit-433/128/011_022.sub,rf,Gates,moved
sd_card_content/subghz_extra_dbs/Gates/Bruteforcing/Many_OOK_SUBs/sub_files/CAME-12bit-433/128/011_023.sub,sd_card_content/universal_rf/Gates/Bruteforcing/Many_OOK_SUBs/sub_files/CAME-12bit-433/128/011_023.sub,rf,Gates,moved
sd_card_content/subghz_extra_dbs/Gates/Bruteforcing/Many_OOK_SUBs/sub_files/CAME-12bit-433/128/012_024.sub,sd_card_content/universal_rf/Gates/Bruteforcing/Many_OOK_SUBs/sub_files/CAME-12bit-433/128/012_024.sub,rf,Gates,moved
sd_card_content/subghz_extra_dbs/Gates/Bruteforcing/Many_OOK_SUBs/sub_files/CAME-12bit-433/128/012_025.sub,sd_card_content/universal_rf/Gates/Bruteforcing/Many_OOK_SUBs/sub_files/CAME-12bit-433/128/012_025.sub,rf,Gates,moved
sd_card_content/subghz_extra_dbs/Gates/Bruteforcing/Many_OOK_SUBs/sub_files/CAME-12bit-433/128/013_026.sub,sd_card_content/universal_rf/Gates/Bruteforcing/Many_OOK_SUBs/sub_files/CAME-12bit-433/128/013_026.sub,rf,Gates,moved
sd_card_content/subghz_extra_dbs/Gates/Bruteforcing/Many_OOK_SUBs/sub_files/CAME-12bit-433/128/013_027.sub,sd_card_content/universal_rf/Gates/Bruteforcing/Many_OOK_SUBs/sub_files/CAME-12bit-433/128/013_027.sub,rf,Gates,moved
sd_card_content/subghz_extra_dbs/Gates/Bruteforcing/Many_OOK_SUBs/sub_files/CAME-12bit-433/128/014_028.sub,sd_card_content/universal_rf/Gates/Bruteforcing/Many_OOK_SUBs/sub_files/CAME-12bit-433/128/014_028.sub,rf,Gates,moved
sd_card_content/subghz_extra_dbs/Gates/Bruteforcing/Many_OOK_SUBs/sub_files/CAME-12bit-433/128/014_029.sub,sd_card_content/universal_rf/Gates/Bruteforcing/Many_OOK_SUBs/sub_files/CAME-12bit-433/128/014_029.sub,rf,Gates,moved
sd_card_content/subghz_extra_dbs/Gates/Bruteforcing/Many_OOK_SUBs/sub_files/CAME-12bit-433/128/015_030.sub,sd_card_content/universal_rf/Gates/Bruteforcing/Many_OOK_SUBs/sub_files/CAME-12bit-433/128/015_030.sub,rf,Gates,moved
sd_card_content/subghz_extra_dbs/Gates/Bruteforcing/Many_OOK_SUBs/sub_files/CAME-12bit-433/128/015_031.sub,sd_card_content/universal_rf/Gates/Bruteforcing/Many_OOK_SUBs/sub_files/CAME-12bit-433/128/015_031.sub,rf,Gates,moved
sd_card_content/subghz_extra_dbs/Gates/Bruteforcing/Many_OOK_SUBs/sub_files/CAME-12bit-433/256/000_000.sub,sd_card_content/universal_rf/Gates/Bruteforcing/Many_OOK_SUBs/sub_files/CAME-12bit-433/256/000_000.sub,rf,Gates,moved
sd_card_content/subghz_extra_dbs/Gates/Bruteforcing/Many_OOK_SUBs/sub_files/CAME-12bit-433/256/000_001.sub,sd_card_content/universal_rf/Gates/Bruteforcing/Many_OOK_SUBs/sub_files/CAME-12bit-433/256/000_001.sub,rf,Gates,moved
sd_card_content/subghz_extra_dbs/Gates/Bruteforcing/Many_OOK_SUBs/sub_files/CAME-12bit-433/256/001_002.sub,sd_card_content/universal_rf/Gates/Bruteforcing/Many_OOK_SUBs/sub_files/CAME-12bit-433/256/001_002.sub,rf,Gates,moved
sd_card_content/subghz_extra_dbs/Gates/Bruteforcing/Many_OOK_SUBs/sub_files/CAME-12bit-433/256/001_003.sub,sd_card_content/universal_rf/Gates/Bruteforcing/Many_OOK_SUBs/sub_files/CAME-12bit-433/256/001_003.sub,rf,Gates,moved
sd_card_content/subghz_extra_dbs/Gates/Bruteforcing/Many_OOK_SUBs/sub_files/CAME-12bit-433/256/002_004.sub,sd_card_content/universal_rf/Gates/Bruteforcing/Many_OOK_SUBs/sub_files/CAME-12bit-433/256/002_004.sub,rf,Gates,moved
sd_card_content/subghz_extra_dbs/Gates/Bruteforcing/Many_OOK_SUBs/sub_files/CAME-12bit-433/256/002_005.sub,sd_card_content/universal_rf/Gates/Bruteforcing/Many_OOK_SUBs/sub_files/CAME-12bit-433/256/002_005.sub,rf,Gates,moved
sd_card_content/subghz_extra_dbs/Gates/Bruteforcing/Many_OOK_SUBs/sub_files/CAME-12bit-433/256/003_006.sub,sd_card_content/universal_rf/Gates/Bruteforcing/Many_OOK_SUBs/sub_files/CAME-12bit-433/256/003_006.sub,rf,Gates,moved
sd_card_content/subghz_extra_dbs/Gates/Bruteforcing/Many_OOK_SUBs/sub_files/CAME-12bit-433/256/003_007.sub,sd_card_content/universal_rf/Gates/Bruteforcing/Many_OOK_SUBs/sub_files/CAME-12bit-433/256/003_007.sub,rf,Gates,moved
sd_card_content/subghz_extra_dbs/Gates/Bruteforcing/Many_OOK_SUBs/sub_files/CAME-12bit-433/256/004_008.sub,sd_card_content/universal_rf/Gates/Bruteforcing/Many_OOK_SUBs/sub_files/CAME-12bit-433/256/004_008.sub,rf,Gates,moved
sd_card_content/subghz_extra_dbs/Gates/Bruteforcing/Many_OOK_SUBs/sub_files/CAME-12bit-433/256/004_009.sub,sd_card_content/universal_rf/Gates/Bruteforcing/Many_OOK_SUBs/sub_files/CAME-12bit-433/256/004_009.sub,rf,Gates,moved
sd_card_content/subghz_extra_dbs/Gates/Bruteforcing/Many_OOK_SUBs/sub_files/CAME-12bit-433/256/005_010.sub,sd_card_content/universal_rf/Gates/Bruteforcing/Many_OOK_SUBs/sub_files/CAME-12bit-433/256/005_010.sub,rf,Gates,moved
sd_card_content/subghz_extra_dbs/Gates/Bruteforcing/Many_OOK_SUBs/sub_files/CAME-12bit-433/256/005_011.sub,sd_card_content/universal_rf/Gates/Bruteforcing/Many_OOK_SUBs/sub_files/CAME-12bit-433/256/005_011.sub,rf,Gates,moved
sd_card_content/subghz_extra_dbs/Gates/Bruteforcing/Many_OOK_SUBs/sub_files/CAME-12bit-433/256/006_012.sub,sd_card_content/universal_rf/Gates/Bruteforcing/Many_OOK_SUBs/sub_files/CAME-12bit-433/256/006_012.sub,rf,Gates,moved
sd_card_content/subghz_extra_dbs/Gates/Bruteforcing/Many_OOK_SUBs/sub_files/CAME-12bit-433/256/006_013.sub,sd_card_content/universal_rf/Gates/Bruteforcing/Many_OOK_SUBs/sub_files/CAME-12bit-433/256/006_013.sub,rf,Gates,moved
sd_card_content/subghz_extra_dbs/Gates/Bruteforcing/Many_OOK_SUBs/sub_files/CAME-12bit-433/256/007_014.sub,sd_card_content/universal_rf/Gates/Bruteforcing/Many_OOK_SUBs/sub_files/CAME-12bit-433/256/007_014.sub,rf,Gates,moved
sd_card_content/subghz_extra_dbs/Gates/Bruteforcing/Many_OOK_SUBs/sub_files/CAME-12bit-433/256/007_015.sub,sd_card_content/universal_rf/Gates/Bruteforcing/Many_OOK_SUBs/sub_files/CAME-12bit-433/256/007_015.sub,rf,Gates,moved
sd_card_content/subghz_extra_dbs/Gates/Bruteforcing/Many_OOK_SUBs/sub_files/CAME-12bit-433/512/000_000.sub,sd_card_content/universal_rf/Gates/Bruteforcing/Many_OOK_SUBs/sub_files/CAME-12bit-433/512/000_000.sub,rf,Gates,moved
sd_card_content/subghz_extra_dbs/Gates/Bruteforcing/Many_OOK_SUBs/sub_files/CAME-12bit-433/512/000_001.sub,sd_card_content/universal_rf/Gates/Bruteforcing/Many_OOK_SUBs/sub_files/CAME-12bit-433/512/000_001.sub,rf,Gates,moved
sd_card_content/subghz_extra_dbs/Gates/Bruteforcing/Many_OOK_SUBs/sub_files/CAME-12bit-433/512/001_002.sub,sd_card_content/universal_rf/Gates/Bruteforcing/Many_OOK_SUBs/sub_files/CAME-12bit-433/512/001_002.sub,rf,Gates,moved
sd_card_content/subghz_extra_dbs/Gates/Bruteforcing/Many_OOK_SUBs/sub_files/CAME-12bit-433/512/001_003.sub,sd_card_content/universal_rf/Gates/Bruteforcing/Many_OOK_SUBs/sub_files/CAME-12bit-433/512/001_003.sub,rf,Gates,moved
sd_card_content/subghz_extra_dbs/Gates/Bruteforcing/Many_OOK_SUBs/sub_files/CAME-12bit-433/512/002_004.sub,sd_card_content/universal_rf/Gates/Bruteforcing/Many_OOK_SUBs/sub_files/CAME-12bit-433/512/002_004.sub,rf,Gates,moved
sd_card_content/subghz_extra_dbs/Gates/Bruteforcing/Many_OOK_SUBs/sub_files/CAME-12bit-433/512/002_005.sub,sd_card_content/universal_rf/Gates/Bruteforcing/Many_OOK_SUBs/sub_files/CAME-12bit-433/512/002_005.sub,rf,Gates,moved
sd_card_content/subghz_extra_dbs/Gates/Bruteforcing/Many_OOK_SUBs/sub_files/CAME-12bit-433/512/003_006.sub,sd_card_content/universal_rf/Gates/Bruteforcing/Many_OOK_SUBs/sub_files/CAME-12bit-433/512/003_006.sub,rf,Gates,moved
sd_card_content/subghz_extra_dbs/Gates/Bruteforcing/Many_OOK_SUBs/sub_files/CAME-12bit-433/512/003_007.sub,sd_card_content/universal_rf/Gates/Bruteforcing/Many_OOK_SUBs/sub_files/CAME-12bit-433/512/003_007.sub,rf,Gates,moved
sd_card_content/subghz_extra_dbs/Gates/Bruteforcing/Many_OOK_SUBs/sub_files/CAME-12bit-433/debruijn.sub,sd_card_content/universal_rf/Gates/Bruteforcing/Many_OOK_SUBs/sub_files/CAME-12bit-433/debruijn.sub,rf,Gates,moved
sd_card_content/subghz_extra_dbs/Gates/Bruteforcing/Many_OOK_SUBs/sub_files/CAME-12bit-868-fast/128/000_000.sub,sd_card_content/universal_rf/Gates/Bruteforcing/Many_OOK_SUBs/sub_files/CAME-12bit-868-fast/128/000_000.sub,rf,Gates,moved
sd_card_content/subghz_extra_dbs/Gates/Bruteforcing/Many_OOK_SUBs/sub_files/CAME-12bit-868-fast/128/000_001.sub,sd_card_content/universal_rf/Gates/Bruteforcing/Many_OOK_SUBs/sub_files/CAME-12bit-868-fast/128/000_001.sub,rf,Gates,moved
sd_card_content/subghz_extra_dbs/Gates/Bruteforcing/Many_OOK_SUBs/sub_files/CAME-12bit-868-fast/128/001_002.sub,sd_card_content/universal_rf/Gates/Bruteforcing/Many_OOK_SUBs/sub_files/CAME-12bit-868-fast/128/001_002.sub,rf,Gates,moved
sd_card_content/subghz_extra_dbs/Gates/Bruteforcing/Many_OOK_SUBs/sub_files/CAME-12bit-868-fast/128/001_003.sub,sd_card_content/universal_rf/Gates/Bruteforcing/Many_OOK_SUBs/sub_files/CAME-12bit-868-fast/128/001_003.sub,rf,Gates,moved
sd_card_content/subghz_extra_dbs/Gates/Bruteforcing/Many_OOK_SUBs/sub_files/CAME-12bit-868-fast/128/002_004.sub,sd_card_content/universal_rf/Gates/Bruteforcing/Many_OOK_SUBs/sub_files/CAME-12bit-868-fast/128/002_004.sub,rf,Gates,moved
sd_card_content/subghz_extra_dbs/Gates/Bruteforcing/Many_OOK_SUBs/sub_files/CAME-12bit-868-fast/128/002_005.sub,sd_card_content/universal_rf/Gates/Bruteforcing/Many_OOK_SUBs/sub_files/CAME-12bit-868-fast/128/002_005.sub,rf,Gates,moved
sd_card_content/subghz_extra_dbs/Gates/Bruteforcing/Many_OOK_SUBs/sub_files/CAME-12bit-868-fast/128/003_006.sub,sd_card_content/universal_rf/Gates/Bruteforcing/Many_OOK_SUBs/sub_files/CAME-12bit-868-fast/128/003_006.sub,rf,Gates,moved
sd_card_content/subghz_extra_dbs/Gates/Bruteforcing/Many_OOK_SUBs/sub_files/CAME-12bit-868-fast/128/003_007.sub,sd_card_content/universal_rf/Gates/Bruteforcing/Many_OOK_SUBs/sub_files/CAME-12bit-868-fast/128/003_007.sub,rf,Gates,moved
sd_card_content/subghz_extra_dbs/Gates/Bruteforcing/Many_OOK_SUBs/sub_files/CAME-12bit-868-fast/128/004_008.sub,sd_card_content/universal_rf/Gates/Bruteforcing/Many_OOK_SUBs/sub_files/CAME-12bit-868-fast/128/004_008.sub,rf,Gates,moved
sd_card_content/subghz_extra_dbs/Gates/Bruteforcing/Many_OOK_SUBs/sub_files/CAME-12bit-868-fast/128/004_009.sub,sd_card_content/universal_rf/Gates/Bruteforcing/Many_OOK_SUBs/sub_files/CAME-12bit-868-fast/128/004_009.sub,rf,Gates,moved
sd_card_content/subghz_extra_dbs/Gates/Bruteforcing/Many_OOK_SUBs/sub_files/CAME-12bit-868-fast/128/005_010.sub,sd_card_content/universal_rf/Gates/Bruteforcing/Many_OOK_SUBs/sub_files/CAME-12bit-868-fast/128/005_010.sub,rf,Gates,moved
sd_card_content/subghz_extra_dbs/Gates/Bruteforcing/Many_OOK_SUBs/sub_files/CAME-12bit-868-fast/128/005_011.sub,sd_card_content/universal_rf/Gates/Bruteforcing/Many_OOK_SUBs/sub_files/CAME-12bit-868-fast/128/005_011.sub,rf,Gates,moved
sd_card_content/subghz_extra_dbs/Gates/Bruteforcing/Many_OOK_SUBs/sub_files/CAME-12bit-868-fast/128/006_012.sub,sd_card_content/universal_rf/Gates/Bruteforcing/Many_OOK_SUBs/sub_files/CAME-12bit-868-fast/128/006_012.sub,rf,Gates,moved
sd_card_content/subghz_extra_dbs/Gates/Bruteforcing/Many_OOK_SUBs/sub_files/CAME-12bit-868-fast/128/006_013.sub,sd_card_content/universal_rf/Gates/Bruteforcing/Many_OOK_SUBs/sub_files/CAME-12bit-868-fast/128/006_013.sub,rf,Gates,moved
sd_card_content/subghz_extra_dbs/Gates/Bruteforcing/Many_OOK_SUBs/sub_files/CAME-12bit-868-fast/128/007_014.sub,sd_card_content/universal_rf/Gates/Bruteforcing/Many_OOK_SUBs/sub_files/CAME-12bit-868-fast/128/007_014.sub,rf,Gates,moved
sd_card_content/subghz_extra_dbs/Gates/Bruteforcing/Many_OOK_SUBs/sub_files/CAME-12bit-868-fast/128/007_015.sub,sd_card_content/universal_rf/Gates/Bruteforcing/Many_OOK_SUBs/sub_files/CAME-12bit-868-fast/128/007_015.sub,rf,Gates,moved
sd_card_content/subghz_extra_dbs/Gates/Bruteforcing/Many_OOK_SUBs/sub_files/CAME-12bit-868-fast/128/008_016.sub,sd_card_content/universal_rf/Gates/Bruteforcing/Many_OOK_SUBs/sub_files/CAME-12bit-868-fast/128/008_016.sub,rf,Gates,moved
sd_card_content/subghz_extra_dbs/Gates/Bruteforcing/Many_OOK_SUBs/sub_files/CAME-12bit-868-fast/128/008_017.sub,sd_card_content/universal_rf/Gates/Bruteforcing/Many_OOK_SUBs/sub_files/CAME-12bit-868-fast/128/008_017.sub,rf,Gates,moved
sd_card_content/subghz_extra_dbs/Gates/Bruteforcing/Many_OOK_SUBs/sub_files/CAME-12bit-868-fast/128/009_018.sub,sd_card_content/universal_rf/Gates/Bruteforcing/Many_OOK_SUBs/sub_files/CAME-12bit-868-fast/128/009_018.sub,rf,Gates,moved
sd_card_content/subghz_extra_dbs/Gates/Bruteforcing/Many_OOK_SUBs/sub_files/CAME-12bit-868-fast/128/009_019.sub,sd_card_content/universal_rf/Gates/Bruteforcing/Many_OOK_SUBs/sub_files/CAME-12bit-868-fast/128/009_019.sub,rf,Gates,moved
sd_card_content/subghz_extra_dbs/Gates/Bruteforcing/Many_OOK_SUBs/sub_files/CAME-12bit-868-fast/128/010_020.sub,sd_card_content/universal_rf/Gates/Bruteforcing/Many_OOK_SUBs/sub_files/CAME-12bit-868-fast/128/010_020.sub,rf,Gates,moved
sd_card_content/subghz_extra_dbs/Gates/Bruteforcing/Many_OOK_SUBs/sub_files/CAME-12bit-868-fast/128/010_021.sub,sd_card_content/universal_rf/Gates/Bruteforcing/Many_OOK_SUBs/sub_files/CAME-12bit-868-fast/128/010_021.sub,rf,Gates,moved
sd_card_content/subghz_extra_dbs/Gates/Bruteforcing/Many_OOK_SUBs/sub_files/CAME-12bit-868-fast/128/011_022.sub,sd_card_content/universal_rf/Gates/Bruteforcing/Many_OOK_SUBs/sub_files/CAME-12bit-868-fast/128/011_022.sub,rf,Gates,moved
sd_card_content/subghz_extra_dbs/Gates/Bruteforcing/Many_OOK_SUBs/sub_files/CAME-12bit-868-fast/128/011_023.sub,sd_card_content/universal_rf/Gates/Bruteforcing/Many_OOK_SUBs/sub_files/CAME-12bit-868-fast/128/011_023.sub,rf,Gates,moved
sd_card_content/subghz_extra_dbs/Gates/Bruteforcing/Many_OOK_SUBs/sub_files/CAME-12bit-868-fast/128/012_024.sub,sd_card_content/universal_rf/Gates/Bruteforcing/Many_OOK_SUBs/sub_files/CAME-12bit-868-fast/128/012_024.sub,rf,Gates,moved
sd_card_content/subghz_extra_dbs/Gates/Bruteforcing/Many_OOK_SUBs/sub_files/CAME-12bit-868-fast/128/012_025.sub,sd_card_content/universal_rf/Gates/Bruteforcing/Many_OOK_SUBs/sub_files/CAME-12bit-868-fast/128/012_025.sub,rf,Gates,moved
sd_card_content/subghz_extra_dbs/Gates/Bruteforcing/Many_OOK_SUBs/sub_files/CAME-12bit-868-fast/128/013_026.sub,sd_card_content/universal_rf/Gates/Bruteforcing/Many_OOK_SUBs/sub_files/CAME-12bit-868-fast/128/013_026.sub,rf,Gates,moved
sd_card_content/subghz_extra_dbs/Gates/Bruteforcing/Many_OOK_SUBs/sub_files/CAME-12bit-868-fast/128/013_027.sub,sd_card_content/universal_rf/Gates/Bruteforcing/Many_OOK_SUBs/sub_files/CAME-12bit-868-fast/128/013_027.sub,rf,Gates,moved
sd_card_content/subghz_extra_dbs/Gates/Bruteforcing/Many_OOK_SUBs/sub_files/CAME-12bit-868-fast/128/014_028.sub,sd_card_content/universal_rf/Gates/Bruteforcing/Many_OOK_SUBs/sub_files/CAME-12bit-868-fast/128/014_028.sub,rf,Gates,moved
sd_card_content/subghz_extra_dbs/Gates/Bruteforcing/Many_OOK_SUBs/sub_files/CAME-12bit-868-fast/128/014_029.sub,sd_card_content/universal_rf/Gates/Bruteforcing/Many_OOK_SUBs/sub_files/CAME-12bit-868-fast/128/014_029.sub,rf,Gates,moved
sd_card_content/subghz_extra_dbs/Gates/Bruteforcing/Many_OOK_SUBs/sub_files/CAME-12bit-868-fast/128/015_030.sub,sd_card_content/universal_rf/Gates/Bruteforcing/Many_OOK_SUBs/sub_files/CAME-12bit-868-fast/128/015_030.sub,rf,Gates,moved
sd_card_content/subghz_extra_dbs/Gates/Bruteforcing/Many_OOK_SUBs/sub_files/CAME-12bit-868-fast/128/015_031.sub,sd_card_content/universal_rf/Gates/Bruteforcing/Many_OOK_SUBs/sub_files/CAME-12bit-868-fast/128/015_031.sub,rf,Gates,moved
sd_card_content/subghz_extra_dbs/Gates/Bruteforcing/Many_OOK_SUBs/sub_files/CAME-12bit-868-fast/256/000_000.sub,sd_card_content/universal_rf/Gates/Bruteforcing/Many_OOK_SUBs/sub_files/CAME-12bit-868-fast/256/000_000.sub,rf,Gates,moved
sd_card_content/subghz_extra_dbs/Gates/Bruteforcing/Many_OOK_SUBs/sub_files/CAME-12bit-868-fast/256/000_001.sub,sd_card_content/universal_rf/Gates/Bruteforcing/Many_OOK_SUBs/sub_files/CAME-12bit-868-fast/256/000_001.sub,rf,Gates,moved
sd_card_content/subghz_extra_dbs/Gates/Bruteforcing/Many_OOK_SUBs/sub_files/CAME-12bit-868-fast/256/001_002.sub,sd_card_content/universal_rf/Gates/Bruteforcing/Many_OOK_SUBs/sub_files/CAME-12bit-868-fast/256/001_002.sub,rf,Gates,moved
sd_card_content/subghz_extra_dbs/Gates/Bruteforcing/Many_OOK_SUBs/sub_files/CAME-12bit-868-fast/256/001_003.sub,sd_card_content/universal_rf/Gates/Bruteforcing/Many_OOK_SUBs/sub_files/CAME-12bit-868-fast/256/001_003.sub,rf,Gates,moved
sd_card_content/subghz_extra_dbs/Gates/Bruteforcing/Many_OOK_SUBs/sub_files/CAME-12bit-868-fast/256/002_004.sub,sd_card_content/universal_rf/Gates/Bruteforcing/Many_OOK_SUBs/sub_files/CAME-12bit-868-fast/256/002_004.sub,rf,Gates,moved
sd_card_content/subghz_extra_dbs/Gates/Bruteforcing/Many_OOK_SUBs/sub_files/CAME-12bit-868-fast/256/002_005.sub,sd_card_content/universal_rf/Gates/Bruteforcing/Many_OOK_SUBs/sub_files/CAME-12bit-868-fast/256/002_005.sub,rf,Gates,moved
sd_card_content/subghz_extra_dbs/Gates/Bruteforcing/Many_OOK_SUBs/sub_files/CAME-12bit-868-fast/256/003_006.sub,sd_card_content/universal_rf/Gates/Bruteforcing/Many_OOK_SUBs/sub_files/CAME-12bit-868-fast/256/003_006.sub,rf,Gates,moved
sd_card_content/subghz_extra_dbs/Gates/Bruteforcing/Many_OOK_SUBs/sub_files/CAME-12bit-868-fast/256/003_007.sub,sd_card_content/universal_rf/Gates/Bruteforcing/Many_OOK_SUBs/sub_files/CAME-12bit-868-fast/256/003_007.sub,rf,Gates,moved
sd_card_content/subghz_extra_dbs/Gates/Bruteforcing/Many_OOK_SUBs/sub_files/CAME-12bit-868-fast/256/004_008.sub,sd_card_content/universal_rf/Gates/Bruteforcing/Many_OOK_SUBs/sub_files/CAME-12bit-868-fast/256/004_008.sub,rf,Gates,moved
sd_card_content/subghz_extra_dbs/Gates/Bruteforcing/Many_OOK_SUBs/sub_files/CAME-12bit-868-fast/256/004_009.sub,sd_card_content/universal_rf/Gates/Bruteforcing/Many_OOK_SUBs/sub_files/CAME-12bit-868-fast/256/004_009.sub,rf,Gates,moved
sd_card_content/subghz_extra_dbs/Gates/Bruteforcing/Many_OOK_SUBs/sub_files/CAME-12bit-868-fast/256/005_010.sub,sd_card_content/universal_rf/Gates/Bruteforcing/Many_OOK_SUBs/sub_files/CAME-12bit-868-fast/256/005_010.sub,rf,Gates,moved
sd_card_content/subghz_extra_dbs/Gates/Bruteforcing/Many_OOK_SUBs/sub_files/CAME-12bit-868-fast/256/005_011.sub,sd_card_content/universal_rf/Gates/Bruteforcing/Many_OOK_SUBs/sub_files/CAME-12bit-868-fast/256/005_011.sub,rf,Gates,moved
sd_card_content/subghz_extra_dbs/Gates/Bruteforcing/Many_OOK_SUBs/sub_files/CAME-12bit-868-fast/256/006_012.sub,sd_card_content/universal_rf/Gates/Bruteforcing/Many_OOK_SUBs/sub_files/CAME-12bit-868-fast/256/006_012.sub,rf,Gates,moved
sd_card_content/subghz_extra_dbs/Gates/Bruteforcing/Many_OOK_SUBs/sub_files/CAME-12bit-868-fast/256/006_013.sub,sd_card_content/universal_rf/Gates/Bruteforcing/Many_OOK_SUBs/sub_files/CAME-12bit-868-fast/256/006_013.sub,rf,Gates,moved
sd_card_content/subghz_extra_dbs/Gates/Bruteforcing/Many_OOK_SUBs/sub_files/CAME-12bit-868-fast/256/007_014.sub,sd_card_content/universal_rf/Gates/Bruteforcing/Many_OOK_SUBs/sub_files/CAME-12bit-868-fast/256/007_014.sub,rf,Gates,moved
sd_card_content/subghz_extra_dbs/Gates/Bruteforcing/Many_OOK_SUBs/sub_files/CAME-12bit-868-fast/256/007_015.sub,sd_card_content/universal_rf/Gates/Bruteforcing/Many_OOK_SUBs/sub_files/CAME-12bit-868-fast/256/007_015.sub,rf,Gates,moved
sd_card_content/subghz_extra_dbs/Gates/Bruteforcing/Many_OOK_SUBs/sub_files/CAME-12bit-868-fast/512/000_000.sub,sd_card_content/universal_rf/Gates/Bruteforcing/Many_OOK_SUBs/sub_files/CAME-12bit-868-fast/512/000_000.sub,rf,Gates,moved
sd_card_content/subghz_extra_dbs/Gates/Bruteforcing/Many_OOK_SUBs/sub_files/CAME-12bit-868-fast/512/000_001.sub,sd_card_content/universal_rf/Gates/Bruteforcing/Many_OOK_SUBs/sub_files/CAME-12bit-868-fast/512/000_001.sub,rf,Gates,moved
sd_card_content/subghz_extra_dbs/Gates/Bruteforcing/Many_OOK_SUBs/sub_files/CAME-12bit-868-fast/512/001_002.sub,sd_card_content/universal_rf/Gates/Bruteforcing/Many_OOK_SUBs/sub_files/CAME-12bit-868-fast/512/001_002.sub,rf,Gates,moved
sd_card_content/subghz_extra_dbs/Gates/Bruteforcing/Many_OOK_SUBs/sub_files/CAME-12bit-868-fast/512/001_003.sub,sd_card_content/universal_rf/Gates/Bruteforcing/Many_OOK_SUBs/sub_files/CAME-12bit-868-fast/512/001_003.sub,rf,Gates,moved
sd_card_content/subghz_extra_dbs/Gates/Bruteforcing/Many_OOK_SUBs/sub_files/CAME-12bit-868-fast/512/002_004.sub,sd_card_content/universal_rf/Gates/Bruteforcing/Many_OOK_SUBs/sub_files/CAME-12bit-868-fast/512/002_004.sub,rf,Gates,moved
sd_card_content/subghz_extra_dbs/Gates/Bruteforcing/Many_OOK_SUBs/sub_files/CAME-12bit-868-fast/512/002_005.sub,sd_card_content/universal_rf/Gates/Bruteforcing/Many_OOK_SUBs/sub_files/CAME-12bit-868-fast/512/002_005.sub,rf,Gates,moved
sd_card_content/subghz_extra_dbs/Gates/Bruteforcing/Many_OOK_SUBs/sub_files/CAME-12bit-868-fast/512/003_006.sub,sd_card_content/universal_rf/Gates/Bruteforcing/Many_OOK_SUBs/sub_files/CAME-12bit-868-fast/512/003_006.sub,rf,Gates,moved
sd_card_content/subghz_extra_dbs/Gates/Bruteforcing/Many_OOK_SUBs/sub_files/CAME-12bit-868-fast/512/003_007.sub,sd_card_content/universal_rf/Gates/Bruteforcing/Many_OOK_SUBs/sub_files/CAME-12bit-868-fast/512/003_007.sub,rf,Gates,moved
sd_card_content/subghz_extra_dbs/Gates/Bruteforcing/Many_OOK_SUBs/sub_files/CAME-12bit-868-fast/debruijn.sub,sd_card_content/universal_rf/Gates/Bruteforcing/Many_OOK_SUBs/sub_files/CAME-12bit-868-fast/debruijn.sub,rf,Gates,moved
sd_card_content/subghz_extra_dbs/Gates/Bruteforcing/Many_OOK_SUBs/sub_files/CAME-12bit-868/128/000_000.sub,sd_card_content/universal_rf/Gates/Bruteforcing/Many_OOK_SUBs/sub_files/CAME-12bit-868/128/000_000.sub,rf,Gates,moved
sd_card_content/subghz_extra_dbs/Gates/Bruteforcing/Many_OOK_SUBs/sub_files/CAME-12bit-868/128/000_001.sub,sd_card_content/universal_rf/Gates/Bruteforcing/Many_OOK_SUBs/sub_files/CAME-12bit-868/128/000_001.sub,rf,Gates,moved
sd_card_content/subghz_extra_dbs/Gates/Bruteforcing/Many_OOK_SUBs/sub_files/CAME-12bit-868/128/001_002.sub,sd_card_content/universal_rf/Gates/Bruteforcing/Many_OOK_SUBs/sub_files/CAME-12bit-868/128/001_002.sub,rf,Gates,moved
sd_card_content/subghz_extra_dbs/Gates/Bruteforcing/Many_OOK_SUBs/sub_files/CAME-12bit-868/128/001_003.sub,sd_card_content/universal_rf/Gates/Bruteforcing/Many_OOK_SUBs/sub_files/CAME-12bit-868/128/001_003.sub,rf,Gates,moved
sd_card_content/subghz_extra_dbs/Gates/Bruteforcing/Many_OOK_SUBs/sub_files/CAME-12bit-868/128/002_004.sub,sd_card_content/universal_rf/Gates/Bruteforcing/Many_OOK_SUBs/sub_files/CAME-12bit-868/128/002_004.sub,rf,Gates,moved
sd_card_content/subghz_extra_dbs/Gates/Bruteforcing/Many_OOK_SUBs/sub_files/CAME-12bit-868/128/002_005.sub,sd_card_content/universal_rf/Gates/Bruteforcing/Many_OOK_SUBs/sub_files/CAME-12bit-868/128/002_005.sub,rf,Gates,moved
sd_card_content/subghz_extra_dbs/Gates/Bruteforcing/Many_OOK_SUBs/sub_files/CAME-12bit-868/128/003_006.sub,sd_card_content/universal_rf/Gates/Bruteforcing/Many_OOK_SUBs/sub_files/CAME-12bit-868/128/003_006.sub,rf,Gates,moved
sd_card_content/subghz_extra_dbs/Gates/Bruteforcing/Many_OOK_SUBs/sub_files/CAME-12bit-868/128/003_007.sub,sd_card_content/universal_rf/Gates/Bruteforcing/Many_OOK_SUBs/sub_files/CAME-12bit-868/128/003_007.sub,rf,Gates,moved
sd_card_content/subghz_extra_dbs/Gates/Bruteforcing/Many_OOK_SUBs/sub_files/CAME-12bit-868/128/004_008.sub,sd_card_content/universal_rf/Gates/Bruteforcing/Many_OOK_SUBs/sub_files/CAME-12bit-868/128/004_008.sub,rf,Gates,moved
sd_card_content/subghz_extra_dbs/Gates/Bruteforcing/Many_OOK_SUBs/sub_files/CAME-12bit-868/128/004_009.sub,sd_card_content/universal_rf/Gates/Bruteforcing/Many_OOK_SUBs/sub_files/CAME-12bit-868/128/004_009.sub,rf,Gates,moved
sd_card_content/subghz_extra_dbs/Gates/Bruteforcing/Many_OOK_SUBs/sub_files/CAME-12bit-868/128/005_010.sub,sd_card_content/universal_rf/Gates/Bruteforcing/Many_OOK_SUBs/sub_files/CAME-12bit-868/128/005_010.sub,rf,Gates,moved
sd_card_content/subghz_extra_dbs/Gates/Bruteforcing/Many_OOK_SUBs/sub_files/CAME-12bit-868/128/005_011.sub,sd_card_content/universal_rf/Gates/Bruteforcing/Many_OOK_SUBs/sub_files/CAME-12bit-868/128/005_011.sub,rf,Gates,moved
sd_card_content/subghz_extra_dbs/Gates/Bruteforcing/Many_OOK_SUBs/sub_files/CAME-12bit-868/128/006_012.sub,sd_card_content/universal_rf/Gates/Bruteforcing/Many_OOK_SUBs/sub_files/CAME-12bit-868/128/006_012.sub,rf,Gates,moved
sd_card_content/subghz_extra_dbs/Gates/Bruteforcing/Many_OOK_SUBs/sub_files/CAME-12bit-868/128/006_013.sub,sd_card_content/universal_rf/Gates/Bruteforcing/Many_OOK_SUBs/sub_files/CAME-12bit-868/128/006_013.sub,rf,Gates,moved
sd_card_content/subghz_extra_dbs/Gates/Bruteforcing/Many_OOK_SUBs/sub_files/CAME-12bit-868/128/007_014.sub,sd_card_content/universal_rf/Gates/Bruteforcing/Many_OOK_SUBs/sub_files/CAME-12bit-868/128/007_014.sub,rf,Gates,moved
sd_card_content/subghz_extra_dbs/Gates/Bruteforcing/Many_OOK_SUBs/sub_files/CAME-12bit-868/128/007_015.sub,sd_card_content/universal_rf/Gates/Bruteforcing/Many_OOK_SUBs/sub_files/CAME-12bit-868/128/007_015.sub,rf,Gates,moved
sd_card_content/subghz_extra_dbs/Gates/Bruteforcing/Many_OOK_SUBs/sub_files/CAME-12bit-868/128/008_016.sub,sd_card_content/universal_rf/Gates/Bruteforcing/Many_OOK_SUBs/sub_files/CAME-12bit-868/128/008_016.sub,rf,Gates,moved
sd_card_content/subghz_extra_dbs/Gates/Bruteforcing/Many_OOK_SUBs/sub_files/CAME-12bit-868/128/008_017.sub,sd_card_content/universal_rf/Gates/Bruteforcing/Many_OOK_SUBs/sub_files/CAME-12bit-868/128/008_017.sub,rf,Gates,moved
sd_card_content/subghz_extra_dbs/Gates/Bruteforcing/Many_OOK_SUBs/sub_files/CAME-12bit-868/128/009_018.sub,sd_card_content/universal_rf/Gates/Bruteforcing/Many_OOK_SUBs/sub_files/CAME-12bit-868/128/009_018.sub,rf,Gates,moved
sd_card_content/subghz_extra_dbs/Gates/Bruteforcing/Many_OOK_SUBs/sub_files/CAME-12bit-868/128/009_019.sub,sd_card_content/universal_rf/Gates/Bruteforcing/Many_OOK_SUBs/sub_files/CAME-12bit-868/128/009_019.sub,rf,Gates,moved
sd_card_content/subghz_extra_dbs/Gates/Bruteforcing/Many_OOK_SUBs/sub_files/CAME-12bit-868/128/010_020.sub,sd_card_content/universal_rf/Gates/Bruteforcing/Many_OOK_SUBs/sub_files/CAME-12bit-868/128/010_020.sub,rf,Gates,moved
sd_card_content/subghz_extra_dbs/Gates/Bruteforcing/Many_OOK_SUBs/sub_files/CAME-12bit-868/128/010_021.sub,sd_card_content/universal_rf/Gates/Bruteforcing/Many_OOK_SUBs/sub_files/CAME-12bit-868/128/010_021.sub,rf,Gates,moved
sd_card_content/subghz_extra_dbs/Gates/Bruteforcing/Many_OOK_SUBs/sub_files/CAME-12bit-868/128/011_022.sub,sd_card_content/universal_rf/Gates/Bruteforcing/Many_OOK_SUBs/sub_files/CAME-12bit-868/128/011_022.sub,rf,Gates,moved
sd_card_content/subghz_extra_dbs/Gates/Bruteforcing/Many_OOK_SUBs/sub_files/CAME-12bit-868/128/011_023.sub,sd_card_content/universal_rf/Gates/Bruteforcing/Many_OOK_SUBs/sub_files/CAME-12bit-868/128/011_023.sub,rf,Gates,moved
sd_card_content/subghz_extra_dbs/Gates/Bruteforcing/Many_OOK_SUBs/sub_files/CAME-12bit-868/128/012_024.sub,sd_card_content/universal_rf/Gates/Bruteforcing/Many_OOK_SUBs/sub_files/CAME-12bit-868/128/012_024.sub,rf,Gates,moved
sd_card_content/subghz_extra_dbs/Gates/Bruteforcing/Many_OOK_SUBs/sub_files/CAME-12bit-868/128/012_025.sub,sd_card_content/universal_rf/Gates/Bruteforcing/Many_OOK_SUBs/sub_files/CAME-12bit-868/128/012_025.sub,rf,Gates,moved
sd_card_content/subghz_extra_dbs/Gates/Bruteforcing/Many_OOK_SUBs/sub_files/CAME-12bit-868/128/013_026.sub,sd_card_content/universal_rf/Gates/Bruteforcing/Many_OOK_SUBs/sub_files/CAME-12bit-868/128/013_026.sub,rf,Gates,moved
sd_card_content/subghz_extra_dbs/Gates/Bruteforcing/Many_OOK_SUBs/sub_files/CAME-12bit-868/128/013_027.sub,sd_card_content/universal_rf/Gates/Bruteforcing/Many_OOK_SUBs/sub_files/CAME-12bit-868/128/013_027.sub,rf,Gates,moved
sd_card_content/subghz_extra_dbs/Gates/Bruteforcing/Many_OOK_SUBs/sub_files/CAME-12bit-868/128/014_028.sub,sd_card_content/universal_rf/Gates/Bruteforcing/Many_OOK_SUBs/sub_files/CAME-12bit-868/128/014_028.sub,rf,Gates,moved
sd_card_content/subghz_extra_dbs/Gates/Bruteforcing/Many_OOK_SUBs/sub_files/CAME-12bit-868/128/014_029.sub,sd_card_content/universal_rf/Gates/Bruteforcing/Many_OOK_SUBs/sub_files/CAME-12bit-868/128/014_029.sub,rf,Gates,moved
sd_card_content/subghz_extra_dbs/Gates/Bruteforcing/Many_OOK_SUBs/sub_files/CAME-12bit-868/128/015_030.sub,sd_card_content/universal_rf/Gates/Bruteforcing/Many_OOK_SUBs/sub_files/CAME-12bit-868/128/015_030.sub,rf,Gates,moved
sd_card_content/subghz_extra_dbs/Gates/Bruteforcing/Many_OOK_SUBs/sub_files/CAME-12bit-868/128/015_031.sub,sd_card_content/universal_rf/Gates/Bruteforcing/Many_OOK_SUBs/sub_files/CAME-12bit-868/128/015_031.sub,rf,Gates,moved
sd_card_content/subghz_extra_dbs/Gates/Bruteforcing/Many_OOK_SUBs/sub_files/CAME-12bit-868/256/000_000.sub,sd_card_content/universal_rf/Gates/Bruteforcing/Many_OOK_SUBs/sub_files/CAME-12bit-868/256/000_000.sub,rf,Gates,moved
sd_card_content/subghz_extra_dbs/Gates/Bruteforcing/Many_OOK_SUBs/sub_files/CAME-12bit-868/256/000_001.sub,sd_card_content/universal_rf/Gates/Bruteforcing/Many_OOK_SUBs/sub_files/CAME-12bit-868/256/000_001.sub,rf,Gates,moved
sd_card_content/subghz_extra_dbs/Gates/Bruteforcing/Many_OOK_SUBs/sub_files/CAME-12bit-868/256/001_002.sub,sd_card_content/universal_rf/Gates/Bruteforcing/Many_OOK_SUBs/sub_files/CAME-12bit-868/256/001_002.sub,rf,Gates,moved
sd_card_content/subghz_extra_dbs/Gates/Bruteforcing/Many_OOK_SUBs/sub_files/CAME-12bit-868/256/001_003.sub,sd_card_content/universal_rf/Gates/Bruteforcing/Many_OOK_SUBs/sub_files/CAME-12bit-868/256/001_003.sub,rf,Gates,moved
sd_card_content/subghz_extra_dbs/Gates/Bruteforcing/Many_OOK_SUBs/sub_files/CAME-12bit-868/256/002_004.sub,sd_card_content/universal_rf/Gates/Bruteforcing/Many_OOK_SUBs/sub_files/CAME-12bit-868/256/002_004.sub,rf,Gates,moved
sd_card_content/subghz_extra_dbs/Gates/Bruteforcing/Many_OOK_SUBs/sub_files/CAME-12bit-868/256/002_005.sub,sd_card_content/universal_rf/Gates/Bruteforcing/Many_OOK_SUBs/sub_files/CAME-12bit-868/256/002_005.sub,rf,Gates,moved
sd_card_content/subghz_extra_dbs/Gates/Bruteforcing/Many_OOK_SUBs/sub_files/CAME-12bit-868/256/003_006.sub,sd_card_content/universal_rf/Gates/Bruteforcing/Many_OOK_SUBs/sub_files/CAME-12bit-868/256/003_006.sub,rf,Gates,moved
sd_card_content/subghz_extra_dbs/Gates/Bruteforcing/Many_OOK_SUBs/sub_files/CAME-12bit-868/256/003_007.sub,sd_card_content/universal_rf/Gates/Bruteforcing/Many_OOK_SUBs/sub_files/CAME-12bit-868/256/003_007.sub,rf,Gates,moved
sd_card_content/subghz_extra_dbs/Gates/Bruteforcing/Many_OOK_SUBs/sub_files/CAME-12bit-868/256/004_008.sub,sd_card_content/universal_rf/Gates/Bruteforcing/Many_OOK_SUBs/sub_files/CAME-12bit-868/256/004_008.sub,rf,Gates,moved
sd_card_content/subghz_extra_dbs/Gates/Bruteforcing/Many_OOK_SUBs/sub_files/CAME-12bit-868/256/004_009.sub,sd_card_content/universal_rf/Gates/Bruteforcing/Many_OOK_SUBs/sub_files/CAME-12bit-868/256/004_009.sub,rf,Gates,moved
sd_card_content/subghz_extra_dbs/Gates/Bruteforcing/Many_OOK_SUBs/sub_files/CAME-12bit-868/256/005_010.sub,sd_card_content/universal_rf/Gates/Bruteforcing/Many_OOK_SUBs/sub_files/CAME-12bit-868/256/005_010.sub,rf,Gates,moved
sd_card_content/subghz_extra_dbs/Gates/Bruteforcing/Many_OOK_SUBs/sub_files/CAME-12bit-868/256/005_011.sub,sd_card_content/universal_rf/Gates/Bruteforcing/Many_OOK_SUBs/sub_files/CAME-12bit-868/256/005_011.sub,rf,Gates,moved
sd_card_content/subghz_extra_dbs/Gates/Bruteforcing/Many_OOK_SUBs/sub_files/CAME-12bit-868/256/006_012.sub,sd_card_content/universal_rf/Gates/Bruteforcing/Many_OOK_SUBs/sub_files/CAME-12bit-868/256/006_012.sub,rf,Gates,moved
sd_card_content/subghz_extra_dbs/Gates/Bruteforcing/Many_OOK_SUBs/sub_files/CAME-12bit-868/256/006_013.sub,sd_card_content/universal_rf/Gates/Bruteforcing/Many_OOK_SUBs/sub_files/CAME-12bit-868/256/006_013.sub,rf,Gates,moved
sd_card_content/subghz_extra_dbs/Gates/Bruteforcing/Many_OOK_SUBs/sub_files/CAME-12bit-868/256/007_014.sub,sd_card_content/universal_rf/Gates/Bruteforcing/Many_OOK_SUBs/sub_files/CAME-12bit-868/256/007_014.sub,rf,Gates,moved
sd_card_content/subghz_extra_dbs/Gates/Bruteforcing/Many_OOK_SUBs/sub_files/CAME-12bit-868/256/007_015.sub,sd_card_content/universal_rf/Gates/Bruteforcing/Many_OOK_SUBs/sub_files/CAME-12bit-868/256/007_015.sub,rf,Gates,moved
sd_card_content/subghz_extra_dbs/Gates/Bruteforcing/Many_OOK_SUBs/sub_files/CAME-12bit-868/512/000_000.sub,sd_card_content/universal_rf/Gates/Bruteforcing/Many_OOK_SUBs/sub_files/CAME-12bit-868/512/000_000.sub,rf,Gates,moved
sd_card_content/subghz_extra_dbs/Gates/Bruteforcing/Many_OOK_SUBs/sub_files/CAME-12bit-868/512/000_001.sub,sd_card_content/universal_rf/Gates/Bruteforcing/Many_OOK_SUBs/sub_files/CAME-12bit-868/512/000_001.sub,rf,Gates,moved
sd_card_content/subghz_extra_dbs/Gates/Bruteforcing/Many_OOK_SUBs/sub_files/CAME-12bit-868/512/001_002.sub,sd_card_content/universal_rf/Gates/Bruteforcing/Many_OOK_SUBs/sub_files/CAME-12bit-868/512/001_002.sub,rf,Gates,moved
sd_card_content/subghz_extra_dbs/Gates/Bruteforcing/Many_OOK_SUBs/sub_files/CAME-12bit-868/512/001_003.sub,sd_card_content/universal_rf/Gates/Bruteforcing/Many_OOK_SUBs/sub_files/CAME-12bit-868/512/001_003.sub,rf,Gates,moved
sd_card_content/subghz_extra_dbs/Gates/Bruteforcing/Many_OOK_SUBs/sub_files/CAME-12bit-868/512/002_004.sub,sd_card_content/universal_rf/Gates/Bruteforcing/Many_OOK_SUBs/sub_files/CAME-12bit-868/512/002_004.sub,rf,Gates,moved
sd_card_content/subghz_extra_dbs/Gates/Bruteforcing/Many_OOK_SUBs/sub_files/CAME-12bit-868/512/002_005.sub,sd_card_content/universal_rf/Gates/Bruteforcing/Many_OOK_SUBs/sub_files/CAME-12bit-868/512/002_005.sub,rf,Gates,moved
sd_card_content/subghz_extra_dbs/Gates/Bruteforcing/Many_OOK_SUBs/sub_files/CAME-12bit-868/512/003_006.sub,sd_card_content/universal_rf/Gates/Bruteforcing/Many_OOK_SUBs/sub_files/CAME-12bit-868/512/003_006.sub,rf,Gates,moved
sd_card_content/subghz_extra_dbs/Gates/Bruteforcing/Many_OOK_SUBs/sub_files/CAME-12bit-868/512/003_007.sub,sd_card_content/universal_rf/Gates/Bruteforcing/Many_OOK_SUBs/sub_files/CAME-12bit-868/512/003_007.sub,rf,Gates,moved
sd_card_content/subghz_extra_dbs/Gates/Bruteforcing/Many_OOK_SUBs/sub_files/CAME-12bit-868/debruijn.sub,sd_card_content/universal_rf/Gates/Bruteforcing/Many_OOK_SUBs/sub_files/CAME-12bit-868/debruijn.sub,rf,Gates,moved
sd_card_content/subghz_extra_dbs/Gates/Bruteforcing/Many_OOK_SUBs/sub_files/Chamberlain-9bit-315/128/000_000.sub,sd_card_content/universal_rf/Gates/Bruteforcing/Many_OOK_SUBs/sub_files/Chamberlain-9bit-315/128/000_000.sub,rf,Gates,moved
sd_card_content/subghz_extra_dbs/Gates/Bruteforcing/Many_OOK_SUBs/sub_files/Chamberlain-9bit-315/128/000_001.sub,sd_card_content/universal_rf/Gates/Bruteforcing/Many_OOK_SUBs/sub_files/Chamberlain-9bit-315/128/000_001.sub,rf,Gates,moved
sd_card_content/subghz_extra_dbs/Gates/Bruteforcing/Many_OOK_SUBs/sub_files/Chamberlain-9bit-315/128/001_002.sub,sd_card_content/universal_rf/Gates/Bruteforcing/Many_OOK_SUBs/sub_files/Chamberlain-9bit-315/128/001_002.sub,rf,Gates,moved
sd_card_content/subghz_extra_dbs/Gates/Bruteforcing/Many_OOK_SUBs/sub_files/Chamberlain-9bit-315/128/001_003.sub,sd_card_content/universal_rf/Gates/Bruteforcing/Many_OOK_SUBs/sub_files/Chamberlain-9bit-315/128/001_003.sub,rf,Gates,moved
sd_card_content/subghz_extra_dbs/Gates/Bruteforcing/Many_OOK_SUBs/sub_files/Chamberlain-9bit-315/128/002_004.sub,sd_card_content/universal_rf/Gates/Bruteforcing/Many_OOK_SUBs/sub_files/Chamberlain-9bit-315/128/002_004.sub,rf,Gates,moved
sd_card_content/subghz_extra_dbs/Gates/Bruteforcing/Many_OOK_SUBs/sub_files/Chamberlain-9bit-315/128/002_005.sub,sd_card_content/universal_rf/Gates/Bruteforcing/Many_OOK_SUBs/sub_files/Chamberlain-9bit-315/128/002_005.sub,rf,Gates,moved
sd_card_content/subghz_extra_dbs/Gates/Bruteforcing/Many_OOK_SUBs/sub_files/Chamberlain-9bit-315/128/003_006.sub,sd_card_content/universal_rf/Gates/Bruteforcing/Many_OOK_SUBs/sub_files/Chamberlain-9bit-315/128/003_006.sub,rf,Gates,moved
sd_card_content/subghz_extra_dbs/Gates/Bruteforcing/Many_OOK_SUBs/sub_files/Chamberlain-9bit-315/128/003_007.sub,sd_card_content/universal_rf/Gates/Bruteforcing/Many_OOK_SUBs/sub_files/Chamberlain-9bit-315/128/003_007.sub,rf,Gates,moved
sd_card_content/subghz_extra_dbs/Gates/Bruteforcing/Many_OOK_SUBs/sub_files/Chamberlain-9bit-315/256/000_000.sub,sd_card_content/universal_rf/Gates/Bruteforcing/Many_OOK_SUBs/sub_files/Chamberlain-9bit-315/256/000_000.sub,rf,Gates,moved
sd_card_content/subghz_extra_dbs/Gates/Bruteforcing/Many_OOK_SUBs/sub_files/Chamberlain-9bit-315/256/000_001.sub,sd_card_content/universal_rf/Gates/Bruteforcing/Many_OOK_SUBs/sub_files/Chamberlain-9bit-315/256/000_001.sub,rf,Gates,moved
sd_card_content/subghz_extra_dbs/Gates/Bruteforcing/Many_OOK_SUBs/sub_files/Chamberlain-9bit-315/256/001_002.sub,sd_card_content/universal_rf/Gates/Bruteforcing/Many_OOK_SUBs/sub_files/Chamberlain-9bit-315/256/001_002.sub,rf,Gates,moved
sd_card_content/subghz_extra_dbs/Gates/Bruteforcing/Many_OOK_SUBs/sub_files/Chamberlain-9bit-315/256/001_003.sub,sd_card_content/universal_rf/Gates/Bruteforcing/Many_OOK_SUBs/sub_files/Chamberlain-9bit-315/256/001_003.sub,rf,Gates,moved
sd_card_content/subghz_extra_dbs/Gates/Bruteforcing/Many_OOK_SUBs/sub_files/Chamberlain-9bit-315/32/000_000.sub,sd_card_content/universal_rf/Gates/Bruteforcing/Many_OOK_SUBs/sub_files/Chamberlain-9bit-315/32/000_000.sub,rf,Gates,moved
sd_card_content/subghz_extra_dbs/Gates/Bruteforcing/Many_OOK_SUBs/sub_files/Chamberlain-9bit-315/32/000_001.sub,sd_card_content/universal_rf/Gates/Bruteforcing/Many_OOK_SUBs/sub_files/Chamberlain-9bit-315/32/000_001.sub,rf,Gates,moved
sd_card_content/subghz_extra_dbs/Gates/Bruteforcing/Many_OOK_SUBs/sub_files/Chamberlain-9bit-315/32/001_002.sub,sd_card_content/universal_rf/Gates/Bruteforcing/Many_OOK_SUBs/sub_files/Chamberlain-9bit-315/32/001_002.sub,rf,Gates,moved
sd_card_content/subghz_extra_dbs/Gates/Bruteforcing/Many_OOK_SUBs/sub_files/Chamberlain-9bit-315/32/001_003.sub,sd_card_content/universal_rf/Gates/Bruteforcing/Many_OOK_SUBs/sub_files/Chamberlain-9bit-315/32/001_003.sub,rf,Gates,moved
sd_card_content/subghz_extra_dbs/Gates/Bruteforcing/Many_OOK_SUBs/sub_files/Chamberlain-9bit-315/32/002_004.sub,sd_card_content/universal_rf/Gates/Bruteforcing/Many_OOK_SUBs/sub_files/Chamberlain-9bit-315/32/002_004.sub,rf,Gates,moved
sd_card_content/subghz_extra_dbs/Gates/Bruteforcing/Many_OOK_SUBs/sub_files/Chamberlain-9bit-315/32/002_005.sub,sd_card_content/universal_rf/Gates/Bruteforcing/Many_OOK_SUBs/sub_files/Chamberlain-9bit-315/32/002_005.sub,rf,Gates,moved
sd_card_content/subghz_extra_dbs/Gates/Bruteforcing/Many_OOK_SUBs/sub_files/Chamberlain-9bit-315/32/003_006.sub,sd_card_content/universal_rf/Gates/Bruteforcing/Many_OOK_SUBs/sub_files/Chamberlain-9bit-315/32/003_006.sub,rf,Gates,moved
sd_card_content/subghz_extra_dbs/Gates/Bruteforcing/Many_OOK_SUBs/sub_files/Chamberlain-9bit-315/32/003_007.sub,sd_card_content/universal_rf/Gates/Bruteforcing/Many_OOK_SUBs/sub_files/Chamberlain-9bit-315/32/003_007.sub,rf,Gates,moved
sd_card_content/subghz_extra_dbs/Gates/Bruteforcing/Many_OOK_SUBs/sub_files/Chamberlain-9bit-315/32/004_008.sub,sd_card_content/universal_rf/Gates/Bruteforcing/Many_OOK_SUBs/sub_files/Chamberlain-9bit-315/32/004_008.sub,rf,Gates,moved
sd_card_content/subghz_extra_dbs/Gates/Bruteforcing/Many_OOK_SUBs/sub_files/Chamberlain-9bit-315/32/004_009.sub,sd_card_content/universal_rf/Gates/Bruteforcing/Many_OOK_SUBs/sub_files/Chamberlain-9bit-315/32/004_009.sub,rf,Gates,moved
sd_card_content/subghz_extra_dbs/Gates/Bruteforcing/Many_OOK_SUBs/sub_files/Chamberlain-9bit-315/32/005_010.sub,sd_card_content/universal_rf/Gates/Bruteforcing/Many_OOK_SUBs/sub_files/Chamberlain-9bit-315/32/005_010.sub,rf,Gates,moved
sd_card_content/subghz_extra_dbs/Gates/Bruteforcing/Many_OOK_SUBs/sub_files/Chamberlain-9bit-315/32/005_011.sub,sd_card_content/universal_rf/Gates/Bruteforcing/Many_OOK_SUBs/sub_files/Chamberlain-9bit-315/32/005_011.sub,rf,Gates,moved
sd_card_content/subghz_extra_dbs/Gates/Bruteforcing/Many_OOK_SUBs/sub_files/Chamberlain-9bit-315/32/006_012.sub,sd_card_content/universal_rf/Gates/Bruteforcing/Many_OOK_SUBs/sub_files/Chamberlain-9bit-315/32/006_012.sub,rf,Gates,moved
sd_card_content/subghz_extra_dbs/Gates/Bruteforcing/Many_OOK_SUBs/sub_files/Chamberlain-9bit-315/32/006_013.sub,sd_card_content/universal_rf/Gates/Bruteforcing/Many_OOK_SUBs/sub_files/Chamberlain-9bit-315/32/006_013.sub,rf,Gates,moved
sd_card_content/subghz_extra_dbs/Gates/Bruteforcing/Many_OOK_SUBs/sub_files/Chamberlain-9bit-315/32/007_014.sub,sd_card_content/universal_rf/Gates/Bruteforcing/Many_OOK_SUBs/sub_files/Chamberlain-9bit-315/32/007_014.sub,rf,Gates,moved
sd_card_content/subghz_extra_dbs/Gates/Bruteforcing/Many_OOK_SUBs/sub_files/Chamberlain-9bit-315/32/007_015.sub,sd_card_content/universal_rf/Gates/Bruteforcing/Many_OOK_SUBs/sub_files/Chamberlain-9bit-315/32/007_015.sub,rf,Gates,moved
sd_card_content/subghz_extra_dbs/Gates/Bruteforcing/Many_OOK_SUBs/sub_files/Chamberlain-9bit-315/32/008_016.sub,sd_card_content/universal_rf/Gates/Bruteforcing/Many_OOK_SUBs/sub_files/Chamberlain-9bit-315/32/008_016.sub,rf,Gates,moved
sd_card_content/subghz_extra_dbs/Gates/Bruteforcing/Many_OOK_SUBs/sub_files/Chamberlain-9bit-315/32/008_017.sub,sd_card_content/universal_rf/Gates/Bruteforcing/Many_OOK_SUBs/sub_files/Chamberlain-9bit-315/32/008_017.sub,rf,Gates,moved
sd_card_content/subghz_extra_dbs/Gates/Bruteforcing/Many_OOK_SUBs/sub_files/Chamberlain-9bit-315/32/009_018.sub,sd_card_content/universal_rf/Gates/Bruteforcing/Many_OOK_SUBs/sub_files/Chamberlain-9bit-315/32/009_018.sub,rf,Gates,moved
sd_card_content/subghz_extra_dbs/Gates/Bruteforcing/Many_OOK_SUBs/sub_files/Chamberlain-9bit-315/32/009_019.sub,sd_card_content/universal_rf/Gates/Bruteforcing/Many_OOK_SUBs/sub_files/Chamberlain-9bit-315/32/009_019.sub,rf,Gates,moved
sd_card_content/subghz_extra_dbs/Gates/Bruteforcing/Many_OOK_SUBs/sub_files/Chamberlain-9bit-315/32/010_020.sub,sd_card_content/universal_rf/Gates/Bruteforcing/Many_OOK_SUBs/sub_files/Chamberlain-9bit-315/32/010_020.sub,rf,Gates,moved
sd_card_content/subghz_extra_dbs/Gates/Bruteforcing/Many_OOK_SUBs/sub_files/Chamberlain-9bit-315/32/010_021.sub,sd_card_content/universal_rf/Gates/Bruteforcing/Many_OOK_SUBs/sub_files/Chamberlain-9bit-315/32/010_021.sub,rf,Gates,moved
sd_card_content/subghz_extra_dbs/Gates/Bruteforcing/Many_OOK_SUBs/sub_files/Chamberlain-9bit-315/32/011_022.sub,sd_card_content/universal_rf/Gates/Bruteforcing/Many_OOK_SUBs/sub_files/Chamberlain-9bit-315/32/011_022.sub,rf,Gates,moved
sd_card_content/subghz_extra_dbs/Gates/Bruteforcing/Many_OOK_SUBs/sub_files/Chamberlain-9bit-315/32/011_023.sub,sd_card_content/universal_rf/Gates/Bruteforcing/Many_OOK_SUBs/sub_files/Chamberlain-9bit-315/32/011_023.sub,rf,Gates,moved
sd_card_content/subghz_extra_dbs/Gates/Bruteforcing/Many_OOK_SUBs/sub_files/Chamberlain-9bit-315/32/012_024.sub,sd_card_content/universal_rf/Gates/Bruteforcing/Many_OOK_SUBs/sub_files/Chamberlain-9bit-315/32/012_024.sub,rf,Gates,moved
sd_card_content/subghz_extra_dbs/Gates/Bruteforcing/Many_OOK_SUBs/sub_files/Chamberlain-9bit-315/32/012_025.sub,sd_card_content/universal_rf/Gates/Bruteforcing/Many_OOK_SUBs/sub_files/Chamberlain-9bit-315/32/012_025.sub,rf,Gates,moved
sd_card_content/subghz_extra_dbs/Gates/Bruteforcing/Many_OOK_SUBs/sub_files/Chamberlain-9bit-315/32/013_026.sub,sd_card_content/universal_rf/Gates/Bruteforcing/Many_OOK_SUBs/sub_files/Chamberlain-9bit-315/32/013_026.sub,rf,Gates,moved
sd_card_content/subghz_extra_dbs/Gates/Bruteforcing/Many_OOK_SUBs/sub_files/Chamberlain-9bit-315/32/013_027.sub,sd_card_content/universal_rf/Gates/Bruteforcing/Many_OOK_SUBs/sub_files/Chamberlain-9bit-315/32/013_027.sub,rf,Gates,moved
sd_card_content/subghz_extra_dbs/Gates/Bruteforcing/Many_OOK_SUBs/sub_files/Chamberlain-9bit-315/32/014_028.sub,sd_card_content/universal_rf/Gates/Bruteforcing/Many_OOK_SUBs/sub_files/Chamberlain-9bit-315/32/014_028.sub,rf,Gates,moved
sd_card_content/subghz_extra_dbs/Gates/Bruteforcing/Many_OOK_SUBs/sub_files/Chamberlain-9bit-315/32/014_029.sub,sd_card_content/universal_rf/Gates/Bruteforcing/Many_OOK_SUBs/sub_files/Chamberlain-9bit-315/32/014_029.sub,rf,Gates,moved
sd_card_content/subghz_extra_dbs/Gates/Bruteforcing/Many_OOK_SUBs/sub_files/Chamberlain-9bit-315/32/015_030.sub,sd_card_content/universal_rf/Gates/Bruteforcing/Many_OOK_SUBs/sub_files/Chamberlain-9bit-315/32/015_030.sub,rf,Gates,moved
sd_card_content/subghz_extra_dbs/Gates/Bruteforcing/Many_OOK_SUBs/sub_files/Chamberlain-9bit-315/32/015_031.sub,sd_card_content/universal_rf/Gates/Bruteforcing/Many_OOK_SUBs/sub_files/Chamberlain-9bit-315/32/015_031.sub,rf,Gates,moved
sd_card_content/subghz_extra_dbs/Gates/Bruteforcing/Many_OOK_SUBs/sub_files/Chamberlain-9bit-315/512/000_000.sub,sd_card_content/universal_rf/Gates/Bruteforcing/Many_OOK_SUBs/sub_files/Chamberlain-9bit-315/512/000_000.sub,rf,Gates,moved
sd_card_content/subghz_extra_dbs/Gates/Bruteforcing/Many_OOK_SUBs/sub_files/Chamberlain-9bit-315/512/000_001.sub,sd_card_content/universal_rf/Gates/Bruteforcing/Many_OOK_SUBs/sub_files/Chamberlain-9bit-315/512/000_001.sub,rf,Gates,moved
sd_card_content/subghz_extra_dbs/Gates/Bruteforcing/Many_OOK_SUBs/sub_files/Chamberlain-9bit-315/64/000_000.sub,sd_card_content/universal_rf/Gates/Bruteforcing/Many_OOK_SUBs/sub_files/Chamberlain-9bit-315/64/000_000.sub,rf,Gates,moved
sd_card_content/subghz_extra_dbs/Gates/Bruteforcing/Many_OOK_SUBs/sub_files/Chamberlain-9bit-315/64/000_001.sub,sd_card_content/universal_rf/Gates/Bruteforcing/Many_OOK_SUBs/sub_files/Chamberlain-9bit-315/64/000_001.sub,rf,Gates,moved
sd_card_content/subghz_extra_dbs/Gates/Bruteforcing/Many_OOK_SUBs/sub_files/Chamberlain-9bit-315/64/001_002.sub,sd_card_content/universal_rf/Gates/Bruteforcing/Many_OOK_SUBs/sub_files/Chamberlain-9bit-315/64/001_002.sub,rf,Gates,moved
sd_card_content/subghz_extra_dbs/Gates/Bruteforcing/Many_OOK_SUBs/sub_files/Chamberlain-9bit-315/64/001_003.sub,sd_card_content/universal_rf/Gates/Bruteforcing/Many_OOK_SUBs/sub_files/Chamberlain-9bit-315/64/001_003.sub,rf,Gates,moved
sd_card_content/subghz_extra_dbs/Gates/Bruteforcing/Many_OOK_SUBs/sub_files/Chamberlain-9bit-315/64/002_004.sub,sd_card_content/universal_rf/Gates/Bruteforcing/Many_OOK_SUBs/sub_files/Chamberlain-9bit-315/64/002_004.sub,rf,Gates,moved
sd_card_content/subghz_extra_dbs/Gates/Bruteforcing/Many_OOK_SUBs/sub_files/Chamberlain-9bit-315/64/002_005.sub,sd_card_content/universal_rf/Gates/Bruteforcing/Many_OOK_SUBs/sub_files/Chamberlain-9bit-315/64/002_005.sub,rf,Gates,moved
sd_card_content/subghz_extra_dbs/Gates/Bruteforcing/Many_OOK_SUBs/sub_files/Chamberlain-9bit-315/64/003_006.sub,sd_card_content/universal_rf/Gates/Bruteforcing/Many_OOK_SUBs/sub_files/Chamberlain-9bit-315/64/003_006.sub,rf,Gates,moved
sd_card_content/subghz_extra_dbs/Gates/Bruteforcing/Many_OOK_SUBs/sub_files/Chamberlain-9bit-315/64/003_007.sub,sd_card_content/universal_rf/Gates/Bruteforcing/Many_OOK_SUBs/sub_files/Chamberlain-9bit-315/64/003_007.sub,rf,Gates,moved
sd_card_content/subghz_extra_dbs/Gates/Bruteforcing/Many_OOK_SUBs/sub_files/Chamberlain-9bit-315/64/004_008.sub,sd_card_content/universal_rf/Gates/Bruteforcing/Many_OOK_SUBs/sub_files/Chamberlain-9bit-315/64/004_008.sub,rf,Gates,moved
sd_card_content/subghz_extra_dbs/Gates/Bruteforcing/Many_OOK_SUBs/sub_files/Chamberlain-9bit-315/64/004_009.sub,sd_card_content/universal_rf/Gates/Bruteforcing/Many_OOK_SUBs/sub_files/Chamberlain-9bit-315/64/004_009.sub,rf,Gates,moved
sd_card_content/subghz_extra_dbs/Gates/Bruteforcing/Many_OOK_SUBs/sub_files/Chamberlain-9bit-315/64/005_010.sub,sd_card_content/universal_rf/Gates/Bruteforcing/Many_OOK_SUBs/sub_files/Chamberlain-9bit-315/64/005_010.sub,rf,Gates,moved
sd_card_content/subghz_extra_dbs/Gates/Bruteforcing/Many_OOK_SUBs/sub_files/Chamberlain-9bit-315/64/005_011.sub,sd_card_content/universal_rf/Gates/Bruteforcing/Many_OOK_SUBs/sub_files/Chamberlain-9bit-315/64/005_011.sub,rf,Gates,moved
sd_card_content/subghz_extra_dbs/Gates/Bruteforcing/Many_OOK_SUBs/sub_files/Chamberlain-9bit-315/64/006_012.sub,sd_card_content/universal_rf/Gates/Bruteforcing/Many_OOK_SUBs/sub_files/Chamberlain-9bit-315/64/006_012.sub,rf,Gates,moved
sd_card_content/subghz_extra_dbs/Gates/Bruteforcing/Many_OOK_SUBs/sub_files/Chamberlain-9bit-315/64/006_013.sub,sd_card_content/universal_rf/Gates/Bruteforcing/Many_OOK_SUBs/sub_files/Chamberlain-9bit-315/64/006_013.sub,rf,Gates,moved
sd_card_content/subghz_extra_dbs/Gates/Bruteforcing/Many_OOK_SUBs/sub_files/Chamberlain-9bit-315/64/007_014.sub,sd_card_content/universal_rf/Gates/Bruteforcing/Many_OOK_SUBs/sub_files/Chamberlain-9bit-315/64/007_014.sub,rf,Gates,moved
sd_card_content/subghz_extra_dbs/Gates/Bruteforcing/Many_OOK_SUBs/sub_files/Chamberlain-9bit-315/64/007_015.sub,sd_card_content/universal_rf/Gates/Bruteforcing/Many_OOK_SUBs/sub_files/Chamberlain-9bit-315/64/007_015.sub,rf,Gates,moved
sd_card_content/subghz_extra_dbs/Gates/Bruteforcing/Many_OOK_SUBs/sub_files/Chamberlain-9bit-315/debruijn.sub,sd_card_content/universal_rf/Gates/Bruteforcing/Many_OOK_SUBs/sub_files/Chamberlain-9bit-315/debruijn.sub,rf,Gates,moved
sd_card_content/subghz_extra_dbs/Gates/Bruteforcing/Many_OOK_SUBs/sub_files/Chamberlain-9bit-390/128/000_000.sub,sd_card_content/universal_rf/Gates/Bruteforcing/Many_OOK_SUBs/sub_files/Chamberlain-9bit-390/128/000_000.sub,rf,Gates,moved
sd_card_content/subghz_extra_dbs/Gates/Bruteforcing/Many_OOK_SUBs/sub_files/Chamberlain-9bit-390/128/000_001.sub,sd_card_content/universal_rf/Gates/Bruteforcing/Many_OOK_SUBs/sub_files/Chamberlain-9bit-390/128/000_001.sub,rf,Gates,moved
sd_card_content/subghz_extra_dbs/Gates/Bruteforcing/Many_OOK_SUBs/sub_files/Chamberlain-9bit-390/128/001_002.sub,sd_card_content/universal_rf/Gates/Bruteforcing/Many_OOK_SUBs/sub_files/Chamberlain-9bit-390/128/001_002.sub,rf,Gates,moved
sd_card_content/subghz_extra_dbs/Gates/Bruteforcing/Many_OOK_SUBs/sub_files/Chamberlain-9bit-390/128/001_003.sub,sd_card_content/universal_rf/Gates/Bruteforcing/Many_OOK_SUBs/sub_files/Chamberlain-9bit-390/128/001_003.sub,rf,Gates,moved
sd_card_content/subghz_extra_dbs/Gates/Bruteforcing/Many_OOK_SUBs/sub_files/Chamberlain-9bit-390/128/002_004.sub,sd_card_content/universal_rf/Gates/Bruteforcing/Many_OOK_SUBs/sub_files/Chamberlain-9bit-390/128/002_004.sub,rf,Gates,moved
sd_card_content/subghz_extra_dbs/Gates/Bruteforcing/Many_OOK_SUBs/sub_files/Chamberlain-9bit-390/128/002_005.sub,sd_card_content/universal_rf/Gates/Bruteforcing/Many_OOK_SUBs/sub_files/Chamberlain-9bit-390/128/002_005.sub,rf,Gates,moved
sd_card_content/subghz_extra_dbs/Gates/Bruteforcing/Many_OOK_SUBs/sub_files/Chamberlain-9bit-390/128/003_006.sub,sd_card_content/universal_rf/Gates/Bruteforcing/Many_OOK_SUBs/sub_files/Chamberlain-9bit-390/128/003_006.sub,rf,Gates,moved
sd_card_content/subghz_extra_dbs/Gates/Bruteforcing/Many_OOK_SUBs/sub_files/Chamberlain-9bit-390/128/003_007.sub,sd_card_content/universal_rf/Gates/Bruteforcing/Many_OOK_SUBs/sub_files/Chamberlain-9bit-390/128/003_007.sub,rf,Gates,moved
sd_card_content/subghz_extra_dbs/Gates/Bruteforcing/Many_OOK_SUBs/sub_files/Chamberlain-9bit-390/256/000_000.sub,sd_card_content/universal_rf/Gates/Bruteforcing/Many_OOK_SUBs/sub_files/Chamberlain-9bit-390/256/000_000.sub,rf,Gates,moved
sd_card_content/subghz_extra_dbs/Gates/Bruteforcing/Many_OOK_SUBs/sub_files/Chamberlain-9bit-390/256/000_001.sub,sd_card_content/universal_rf/Gates/Bruteforcing/Many_OOK_SUBs/sub_files/Chamberlain-9bit-390/256/000_001.sub,rf,Gates,moved
sd_card_content/subghz_extra_dbs/Gates/Bruteforcing/Many_OOK_SUBs/sub_files/Chamberlain-9bit-390/256/001_002.sub,sd_card_content/universal_rf/Gates/Bruteforcing/Many_OOK_SUBs/sub_files/Chamberlain-9bit-390/256/001_002.sub,rf,Gates,moved
sd_card_content/subghz_extra_dbs/Gates/Bruteforcing/Many_OOK_SUBs/sub_files/Chamberlain-9bit-390/256/001_003.sub,sd_card_content/universal_rf/Gates/Bruteforcing/Many_OOK_SUBs/sub_files/Chamberlain-9bit-390/256/001_003.sub,rf,Gates,moved
sd_card_content/subghz_extra_dbs/Gates/Bruteforcing/Many_OOK_SUBs/sub_files/Chamberlain-9bit-390/32/000_000.sub,sd_card_content/universal_rf/Gates/Bruteforcing/Many_OOK_SUBs/sub_files/Chamberlain-9bit-390/32/000_000.sub,rf,Gates,moved
sd_card_content/subghz_extra_dbs/Gates/Bruteforcing/Many_OOK_SUBs/sub_files/Chamberlain-9bit-390/32/000_001.sub,sd_card_content/universal_rf/Gates/Bruteforcing/Many_OOK_SUBs/sub_files/Chamberlain-9bit-390/32/000_001.sub,rf,Gates,moved
sd_card_content/subghz_extra_dbs/Gates/Bruteforcing/Many_OOK_SUBs/sub_files/Chamberlain-9bit-390/32/001_002.sub,sd_card_content/universal_rf/Gates/Bruteforcing/Many_OOK_SUBs/sub_files/Chamberlain-9bit-390/32/001_002.sub,rf,Gates,moved
sd_card_content/subghz_extra_dbs/Gates/Bruteforcing/Many_OOK_SUBs/sub_files/Chamberlain-9bit-390/32/001_003.sub,sd_card_content/universal_rf/Gates/Bruteforcing/Many_OOK_SUBs/sub_files/Chamberlain-9bit-390/32/001_003.sub,rf,Gates,moved
sd_card_content/subghz_extra_dbs/Gates/Bruteforcing/Many_OOK_SUBs/sub_files/Chamberlain-9bit-390/32/002_004.sub,sd_card_content/universal_rf/Gates/Bruteforcing/Many_OOK_SUBs/sub_files/Chamberlain-9bit-390/32/002_004.sub,rf,Gates,moved
sd_card_content/subghz_extra_dbs/Gates/Bruteforcing/Many_OOK_SUBs/sub_files/Chamberlain-9bit-390/32/002_005.sub,sd_card_content/universal_rf/Gates/Bruteforcing/Many_OOK_SUBs/sub_files/Chamberlain-9bit-390/32/002_005.sub,rf,Gates,moved
sd_card_content/subghz_extra_dbs/Gates/Bruteforcing/Many_OOK_SUBs/sub_files/Chamberlain-9bit-390/32/003_006.sub,sd_card_content/universal_rf/Gates/Bruteforcing/Many_OOK_SUBs/sub_files/Chamberlain-9bit-390/32/003_006.sub,rf,Gates,moved
sd_card_content/subghz_extra_dbs/Gates/Bruteforcing/Many_OOK_SUBs/sub_files/Chamberlain-9bit-390/32/003_007.sub,sd_card_content/universal_rf/Gates/Bruteforcing/Many_OOK_SUBs/sub_files/Chamberlain-9bit-390/32/003_007.sub,rf,Gates,moved
sd_card_content/subghz_extra_dbs/Gates/Bruteforcing/Many_OOK_SUBs/sub_files/Chamberlain-9bit-390/32/004_008.sub,sd_card_content/universal_rf/Gates/Bruteforcing/Many_OOK_SUBs/sub_files/Chamberlain-9bit-390/32/004_008.sub,rf,Gates,moved
sd_card_content/subghz_extra_dbs/Gates/Bruteforcing/Many_OOK_SUBs/sub_files/Chamberlain-9bit-390/32/004_009.sub,sd_card_content/universal_rf/Gates/Bruteforcing/Many_OOK_SUBs/sub_files/Chamberlain-9bit-390/32/004_009.sub,rf,Gates,moved
sd_card_content/subghz_extra_dbs/Gates/Bruteforcing/Many_OOK_SUBs/sub_files/Chamberlain-9bit-390/32/005_010.sub,sd_card_content/universal_rf/Gates/Bruteforcing/Many_OOK_SUBs/sub_files/Chamberlain-9bit-390/32/005_010.sub,rf,Gates,moved
sd_card_content/subghz_extra_dbs/Gates/Bruteforcing/Many_OOK_SUBs/sub_files/Chamberlain-9bit-390/32/005_011.sub,sd_card_content/universal_rf/Gates/Bruteforcing/Many_OOK_SUBs/sub_files/Chamberlain-9bit-390/32/005_011.sub,rf,Gates,moved
sd_card_content/subghz_extra_dbs/Gates/Bruteforcing/Many_OOK_SUBs/sub_files/Chamberlain-9bit-390/32/006_012.sub,sd_card_content/universal_rf/Gates/Bruteforcing/Many_OOK_SUBs/sub_files/Chamberlain-9bit-390/32/006_012.sub,rf,Gates,moved
sd_card_content/subghz_extra_dbs/Gates/Bruteforcing/Many_OOK_SUBs/sub_files/Chamberlain-9bit-390/32/006_013.sub,sd_card_content/universal_rf/Gates/Bruteforcing/Many_OOK_SUBs/sub_files/Chamberlain-9bit-390/32/006_013.sub,rf,Gates,moved
sd_card_content/subghz_extra_dbs/Gates/Bruteforcing/Many_OOK_SUBs/sub_files/Chamberlain-9bit-390/32/007_014.sub,sd_card_content/universal_rf/Gates/Bruteforcing/Many_OOK_SUBs/sub_files/Chamberlain-9bit-390/32/007_014.sub,rf,Gates,moved
sd_card_content/subghz_extra_dbs/Gates/Bruteforcing/Many_OOK_SUBs/sub_files/Chamberlain-9bit-390/32/007_015.sub,sd_card_content/universal_rf/Gates/Bruteforcing/Many_OOK_SUBs/sub_files/Chamberlain-9bit-390/32/007_015.sub,rf,Gates,moved
sd_card_content/subghz_extra_dbs/Gates/Bruteforcing/Many_OOK_SUBs/sub_files/Chamberlain-9bit-390/32/008_016.sub,sd_card_content/universal_rf/Gates/Bruteforcing/Many_OOK_SUBs/sub_files/Chamberlain-9bit-390/32/008_016.sub,rf,Gates,moved
sd_card_content/subghz_extra_dbs/Gates/Bruteforcing/Many_OOK_SUBs/sub_files/Chamberlain-9bit-390/32/008_017.sub,sd_card_content/universal_rf/Gates/Bruteforcing/Many_OOK_SUBs/sub_files/Chamberlain-9bit-390/32/008_017.sub,rf,Gates,moved
sd_card_content/subghz_extra_dbs/Gates/Bruteforcing/Many_OOK_SUBs/sub_files/Chamberlain-9bit-390/32/009_018.sub,sd_card_content/universal_rf/Gates/Bruteforcing/Many_OOK_SUBs/sub_files/Chamberlain-9bit-390/32/009_018.sub,rf,Gates,moved
sd_card_content/subghz_extra_dbs/Gates/Bruteforcing/Many_OOK_SUBs/sub_files/Chamberlain-9bit-390/32/009_019.sub,sd_card_content/universal_rf/Gates/Bruteforcing/Many_OOK_SUBs/sub_files/Chamberlain-9bit-390/32/009_019.sub,rf,Gates,moved
sd_card_content/subghz_extra_dbs/Gates/Bruteforcing/Many_OOK_SUBs/sub_files/Chamberlain-9bit-390/32/010_020.sub,sd_card_content/universal_rf/Gates/Bruteforcing/Many_OOK_SUBs/sub_files/Chamberlain-9bit-390/32/010_020.sub,rf,Gates,moved
sd_card_content/subghz_extra_dbs/Gates/Bruteforcing/Many_OOK_SUBs/sub_files/Chamberlain-9bit-390/32/010_021.sub,sd_card_content/universal_rf/Gates/Bruteforcing/Many_OOK_SUBs/sub_files/Chamberlain-9bit-390/32/010_021.sub,rf,Gates,moved
sd_card_content/subghz_extra_dbs/Gates/Bruteforcing/Many_OOK_SUBs/sub_files/Chamberlain-9bit-390/32/011_022.sub,sd_card_content/universal_rf/Gates/Bruteforcing/Many_OOK_SUBs/sub_files/Chamberlain-9bit-390/32/011_022.sub,rf,Gates,moved
sd_card_content/subghz_extra_dbs/Gates/Bruteforcing/Many_OOK_SUBs/sub_files/Chamberlain-9bit-390/32/011_023.sub,sd_card_content/universal_rf/Gates/Bruteforcing/Many_OOK_SUBs/sub_files/Chamberlain-9bit-390/32/011_023.sub,rf,Gates,moved
sd_card_content/subghz_extra_dbs/Gates/Bruteforcing/Many_OOK_SUBs/sub_files/Chamberlain-9bit-390/32/012_024.sub,sd_card_content/universal_rf/Gates/Bruteforcing/Many_OOK_SUBs/sub_files/Chamberlain-9bit-390/32/012_024.sub,rf,Gates,moved
sd_card_content/subghz_extra_dbs/Gates/Bruteforcing/Many_OOK_SUBs/sub_files/Chamberlain-9bit-390/32/012_025.sub,sd_card_content/universal_rf/Gates/Bruteforcing/Many_OOK_SUBs/sub_files/Chamberlain-9bit-390/32/012_025.sub,rf,Gates,moved
sd_card_content/subghz_extra_dbs/Gates/Bruteforcing/Many_OOK_SUBs/sub_files/Chamberlain-9bit-390/32/013_026.sub,sd_card_content/universal_rf/Gates/Bruteforcing/Many_OOK_SUBs/sub_files/Chamberlain-9bit-390/32/013_026.sub,rf,Gates,moved
sd_card_content/subghz_extra_dbs/Gates/Bruteforcing/Many_OOK_SUBs/sub_files/Chamberlain-9bit-390/32/013_027.sub,sd_card_content/universal_rf/Gates/Bruteforcing/Many_OOK_SUBs/sub_files/Chamberlain-9bit-390/32/013_027.sub,rf,Gates,moved
sd_card_content/subghz_extra_dbs/Gates/Bruteforcing/Many_OOK_SUBs/sub_files/Chamberlain-9bit-390/32/014_028.sub,sd_card_content/universal_rf/Gates/Bruteforcing/Many_OOK_SUBs/sub_files/Chamberlain-9bit-390/32/014_028.sub,rf,Gates,moved
sd_card_content/subghz_extra_dbs/Gates/Bruteforcing/Many_OOK_SUBs/sub_files/Chamberlain-9bit-390/32/014_029.sub,sd_card_content/universal_rf/Gates/Bruteforcing/Many_OOK_SUBs/sub_files/Chamberlain-9bit-390/32/014_029.sub,rf,Gates,moved
sd_card_content/subghz_extra_dbs/Gates/Bruteforcing/Many_OOK_SUBs/sub_files/Chamberlain-9bit-390/32/015_030.sub,sd_card_content/universal_rf/Gates/Bruteforcing/Many_OOK_SUBs/sub_files/Chamberlain-9bit-390/32/015_030.sub,rf,Gates,moved
sd_card_content/subghz_extra_dbs/Gates/Bruteforcing/Many_OOK_SUBs/sub_files/Chamberlain-9bit-390/32/015_031.sub,sd_card_content/universal_rf/Gates/Bruteforcing/Many_OOK_SUBs/sub_files/Chamberlain-9bit-390/32/015_031.sub,rf,Gates,moved
sd_card_content/subghz_extra_dbs/Gates/Bruteforcing/Many_OOK_SUBs/sub_files/Chamberlain-9bit-390/512/000_000.sub,sd_card_content/universal_rf/Gates/Bruteforcing/Many_OOK_SUBs/sub_files/Chamberlain-9bit-390/512/000_000.sub,rf,Gates,moved
sd_card_content/subghz_extra_dbs/Gates/Bruteforcing/Many_OOK_SUBs/sub_files/Chamberlain-9bit-390/512/000_001.sub,sd_card_content/universal_rf/Gates/Bruteforcing/Many_OOK_SUBs/sub_files/Chamberlain-9bit-390/512/000_001.sub,rf,Gates,moved
sd_card_content/subghz_extra_dbs/Gates/Bruteforcing/Many_OOK_SUBs/sub_files/Chamberlain-9bit-390/64/000_000.sub,sd_card_content/universal_rf/Gates/Bruteforcing/Many_OOK_SUBs/sub_files/Chamberlain-9bit-390/64/000_000.sub,rf,Gates,moved
sd_card_content/subghz_extra_dbs/Gates/Bruteforcing/Many_OOK_SUBs/sub_files/Chamberlain-9bit-390/64/000_001.sub,sd_card_content/universal_rf/Gates/Bruteforcing/Many_OOK_SUBs/sub_files/Chamberlain-9bit-390/64/000_001.sub,rf,Gates,moved
sd_card_content/subghz_extra_dbs/Gates/Bruteforcing/Many_OOK_SUBs/sub_files/Chamberlain-9bit-390/64/001_002.sub,sd_card_content/universal_rf/Gates/Bruteforcing/Many_OOK_SUBs/sub_files/Chamberlain-9bit-390/64/001_002.sub,rf,Gates,moved
sd_card_content/subghz_extra_dbs/Gates/Bruteforcing/Many_OOK_SUBs/sub_files/Chamberlain-9bit-390/64/001_003.sub,sd_card_content/universal_rf/Gates/Bruteforcing/Many_OOK_SUBs/sub_files/Chamberlain-9bit-390/64/001_003.sub,rf,Gates,moved
sd_card_content/subghz_extra_dbs/Gates/Bruteforcing/Many_OOK_SUBs/sub_files/Chamberlain-9bit-390/64/002_004.sub,sd_card_content/universal_rf/Gates/Bruteforcing/Many_OOK_SUBs/sub_files/Chamberlain-9bit-390/64/002_004.sub,rf,Gates,moved
sd_card_content/subghz_extra_dbs/Gates/Bruteforcing/Many_OOK_SUBs/sub_files/Chamberlain-9bit-390/64/002_005.sub,sd_card_content/universal_rf/Gates/Bruteforcing/Many_OOK_SUBs/sub_files/Chamberlain-9bit-390/64/002_005.sub,rf,Gates,moved
sd_card_content/subghz_extra_dbs/Gates/Bruteforcing/Many_OOK_SUBs/sub_files/Chamberlain-9bit-390/64/003_006.sub,sd_card_content/universal_rf/Gates/Bruteforcing/Many_OOK_SUBs/sub_files/Chamberlain-9bit-390/64/003_006.sub,rf,Gates,moved
sd_card_content/subghz_extra_dbs/Gates/Bruteforcing/Many_OOK_SUBs/sub_files/Chamberlain-9bit-390/64/003_007.sub,sd_card_content/universal_rf/Gates/Bruteforcing/Many_OOK_SUBs/sub_files/Chamberlain-9bit-390/64/003_007.sub,rf,Gates,moved
sd_card_content/subghz_extra_dbs/Gates/Bruteforcing/Many_OOK_SUBs/sub_files/Chamberlain-9bit-390/64/004_008.sub,sd_card_content/universal_rf/Gates/Bruteforcing/Many_OOK_SUBs/sub_files/Chamberlain-9bit-390/64/004_008.sub,rf,Gates,moved
sd_card_content/subghz_extra_dbs/Gates/Bruteforcing/Many_OOK_SUBs/sub_files/Chamberlain-9bit-390/64/004_009.sub,sd_card_content/universal_rf/Gates/Bruteforcing/Many_OOK_SUBs/sub_files/Chamberlain-9bit-390/64/004_009.sub,rf,Gates,moved
sd_card_content/subghz_extra_dbs/Gates/Bruteforcing/Many_OOK_SUBs/sub_files/Chamberlain-9bit-390/64/005_010.sub,sd_card_content/universal_rf/Gates/Bruteforcing/Many_OOK_SUBs/sub_files/Chamberlain-9bit-390/64/005_010.sub,rf,Gates,moved
sd_card_content/subghz_extra_dbs/Gates/Bruteforcing/Many_OOK_SUBs/sub_files/Chamberlain-9bit-390/64/005_011.sub,sd_card_content/universal_rf/Gates/Bruteforcing/Many_OOK_SUBs/sub_files/Chamberlain-9bit-390/64/005_011.sub,rf,Gates,moved
sd_card_content/subghz_extra_dbs/Gates/Bruteforcing/Many_OOK_SUBs/sub_files/Chamberlain-9bit-390/64/006_012.sub,sd_card_content/universal_rf/Gates/Bruteforcing/Many_OOK_SUBs/sub_files/Chamberlain-9bit-390/64/006_012.sub,rf,Gates,moved
sd_card_content/subghz_extra_dbs/Gates/Bruteforcing/Many_OOK_SUBs/sub_files/Chamberlain-9bit-390/64/006_013.sub,sd_card_content/universal_rf/Gates/Bruteforcing/Many_OOK_SUBs/sub_files/Chamberlain-9bit-390/64/006_013.sub,rf,Gates,moved
sd_card_content/subghz_extra_dbs/Gates/Bruteforcing/Many_OOK_SUBs/sub_files/Chamberlain-9bit-390/64/007_014.sub,sd_card_content/universal_rf/Gates/Bruteforcing/Many_OOK_SUBs/sub_files/Chamberlain-9bit-390/64/007_014.sub,rf,Gates,moved
sd_card_content/subghz_extra_dbs/Gates/Bruteforcing/Many_OOK_SUBs/sub_files/Chamberlain-9bit-390/64/007_015.sub,sd_card_content/universal_rf/Gates/Bruteforcing/Many_OOK_SUBs/sub_files/Chamberlain-9bit-390/64/007_015.sub,rf,Gates,moved
sd_card_content/subghz_extra_dbs/Gates/Bruteforcing/Many_OOK_SUBs/sub_files/Chamberlain-9bit-390/debruijn.sub,sd_card_content/universal_rf/Gates/Bruteforcing/Many_OOK_SUBs/sub_files/Chamberlain-9bit-390/debruijn.sub,rf,Gates,moved
sd_card_content/subghz_extra_dbs/Gates/Bruteforcing/Many_OOK_SUBs/sub_files/Holtek-315/128/000_000.sub,sd_card_content/universal_rf/Gates/Bruteforcing/Many_OOK_SUBs/sub_files/Holtek-315/128/000_000.sub,rf,Gates,moved
sd_card_content/subghz_extra_dbs/Gates/Bruteforcing/Many_OOK_SUBs/sub_files/Holtek-315/128/000_001.sub,sd_card_content/universal_rf/Gates/Bruteforcing/Many_OOK_SUBs/sub_files/Holtek-315/128/000_001.sub,rf,Gates,moved
sd_card_content/subghz_extra_dbs/Gates/Bruteforcing/Many_OOK_SUBs/sub_files/Holtek-315/128/001_002.sub,sd_card_content/universal_rf/Gates/Bruteforcing/Many_OOK_SUBs/sub_files/Holtek-315/128/001_002.sub,rf,Gates,moved
sd_card_content/subghz_extra_dbs/Gates/Bruteforcing/Many_OOK_SUBs/sub_files/Holtek-315/128/001_003.sub,sd_card_content/universal_rf/Gates/Bruteforcing/Many_OOK_SUBs/sub_files/Holtek-315/128/001_003.sub,rf,Gates,moved
sd_card_content/subghz_extra_dbs/Gates/Bruteforcing/Many_OOK_SUBs/sub_files/Holtek-315/128/002_004.sub,sd_card_content/universal_rf/Gates/Bruteforcing/Many_OOK_SUBs/sub_files/Holtek-315/128/002_004.sub,rf,Gates,moved
sd_card_content/subghz_extra_dbs/Gates/Bruteforcing/Many_OOK_SUBs/sub_files/Holtek-315/128/002_005.sub,sd_card_content/universal_rf/Gates/Bruteforcing/Many_OOK_SUBs/sub_files/Holtek-315/128/002_005.sub,rf,Gates,moved
sd_card_content/subghz_extra_dbs/Gates/Bruteforcing/Many_OOK_SUBs/sub_files/Holtek-315/128/003_006.sub,sd_card_content/universal_rf/Gates/Bruteforcing/Many_OOK_SUBs/sub_files/Holtek-315/128/003_006.sub,rf,Gates,moved
sd_card_content/subghz_extra_dbs/Gates/Bruteforcing/Many_OOK_SUBs/sub_files/Holtek-315/128/003_007.sub,sd_card_content/universal_rf/Gates/Bruteforcing/Many_OOK_SUBs/sub_files/Holtek-315/128/003_007.sub,rf,Gates,moved
sd_card_content/subghz_extra_dbs/Gates/Bruteforcing/Many_OOK_SUBs/sub_files/Holtek-315/128/004_008.sub,sd_card_content/universal_rf/Gates/Bruteforcing/Many_OOK_SUBs/sub_files/Holtek-315/128/004_008.sub,rf,Gates,moved
sd_card_content/subghz_extra_dbs/Gates/Bruteforcing/Many_OOK_SUBs/sub_files/Holtek-315/128/004_009.sub,sd_card_content/universal_rf/Gates/Bruteforcing/Many_OOK_SUBs/sub_files/Holtek-315/128/004_009.sub,rf,Gates,moved
sd_card_content/subghz_extra_dbs/Gates/Bruteforcing/Many_OOK_SUBs/sub_files/Holtek-315/128/005_010.sub,sd_card_content/universal_rf/Gates/Bruteforcing/Many_OOK_SUBs/sub_files/Holtek-315/128/005_010.sub,rf,Gates,moved
sd_card_content/subghz_extra_dbs/Gates/Bruteforcing/Many_OOK_SUBs/sub_files/Holtek-315/128/005_011.sub,sd_card_content/universal_rf/Gates/Bruteforcing/Many_OOK_SUBs/sub_files/Holtek-315/128/005_011.sub,rf,Gates,moved
sd_card_content/subghz_extra_dbs/Gates/Bruteforcing/Many_OOK_SUBs/sub_files/Holtek-315/128/006_012.sub,sd_card_content/universal_rf/Gates/Bruteforcing/Many_OOK_SUBs/sub_files/Holtek-315/128/006_012.sub,rf,Gates,moved
sd_card_content/subghz_extra_dbs/Gates/Bruteforcing/Many_OOK_SUBs/sub_files/Holtek-315/128/006_013.sub,sd_card_content/universal_rf/Gates/Bruteforcing/Many_OOK_SUBs/sub_files/Holtek-315/128/006_013.sub,rf,Gates,moved
sd_card_content/subghz_extra_dbs/Gates/Bruteforcing/Many_OOK_SUBs/sub_files/Holtek-315/128/007_014.sub,sd_card_content/universal_rf/Gates/Bruteforcing/Many_OOK_SUBs/sub_files/Holtek-315/128/007_014.sub,rf,Gates,moved
sd_card_content/subghz_extra_dbs/Gates/Bruteforcing/Many_OOK_SUBs/sub_files/Holtek-315/128/007_015.sub,sd_card_content/universal_rf/Gates/Bruteforcing/Many_OOK_SUBs/sub_files/Holtek-315/128/007_015.sub,rf,Gates,moved
sd_card_content/subghz_extra_dbs/Gates/Bruteforcing/Many_OOK_SUBs/sub_files/Holtek-315/128/008_016.sub,sd_card_content/universal_rf/Gates/Bruteforcing/Many_OOK_SUBs/sub_files/Holtek-315/128/008_016.sub,rf,Gates,moved
sd_card_content/subghz_extra_dbs/Gates/Bruteforcing/Many_OOK_SUBs/sub_files/Holtek-315/128/008_017.sub,sd_card_content/universal_rf/Gates/Bruteforcing/Many_OOK_SUBs/sub_files/Holtek-315/128/008_017.sub,rf,Gates,moved
sd_card_content/subghz_extra_dbs/Gates/Bruteforcing/Many_OOK_SUBs/sub_files/Holtek-315/128/009_018.sub,sd_card_content/universal_rf/Gates/Bruteforcing/Many_OOK_SUBs/sub_files/Holtek-315/128/009_018.sub,rf,Gates,moved
sd_card_content/subghz_extra_dbs/Gates/Bruteforcing/Many_OOK_SUBs/sub_files/Holtek-315/128/009_019.sub,sd_card_content/universal_rf/Gates/Bruteforcing/Many_OOK_SUBs/sub_files/Holtek-315/128/009_019.sub,rf,Gates,moved
sd_card_content/subghz_extra_dbs/Gates/Bruteforcing/Many_OOK_SUBs/sub_files/Holtek-315/128/010_020.sub,sd_card_content/universal_rf/Gates/Bruteforcing/Many_OOK_SUBs/sub_files/Holtek-315/128/010_020.sub,rf,Gates,moved
sd_card_content/subghz_extra_dbs/Gates/Bruteforcing/Many_OOK_SUBs/sub_files/Holtek-315/128/010_021.sub,sd_card_content/universal_rf/Gates/Bruteforcing/Many_OOK_SUBs/sub_files/Holtek-315/128/010_021.sub,rf,Gates,moved
sd_card_content/subghz_extra_dbs/Gates/Bruteforcing/Many_OOK_SUBs/sub_files/Holtek-315/128/011_022.sub,sd_card_content/universal_rf/Gates/Bruteforcing/Many_OOK_SUBs/sub_files/Holtek-315/128/011_022.sub,rf,Gates,moved
sd_card_content/subghz_extra_dbs/Gates/Bruteforcing/Many_OOK_SUBs/sub_files/Holtek-315/128/011_023.sub,sd_card_content/universal_rf/Gates/Bruteforcing/Many_OOK_SUBs/sub_files/Holtek-315/128/011_023.sub,rf,Gates,moved
sd_card_content/subghz_extra_dbs/Gates/Bruteforcing/Many_OOK_SUBs/sub_files/Holtek-315/128/012_024.sub,sd_card_content/universal_rf/Gates/Bruteforcing/Many_OOK_SUBs/sub_files/Holtek-315/128/012_024.sub,rf,Gates,moved
sd_card_content/subghz_extra_dbs/Gates/Bruteforcing/Many_OOK_SUBs/sub_files/Holtek-315/128/012_025.sub,sd_card_content/universal_rf/Gates/Bruteforcing/Many_OOK_SUBs/sub_files/Holtek-315/128/012_025.sub,rf,Gates,moved
sd_card_content/subghz_extra_dbs/Gates/Bruteforcing/Many_OOK_SUBs/sub_files/Holtek-315/128/013_026.sub,sd_card_content/universal_rf/Gates/Bruteforcing/Many_OOK_SUBs/sub_files/Holtek-315/128/013_026.sub,rf,Gates,moved
sd_card_content/subghz_extra_dbs/Gates/Bruteforcing/Many_OOK_SUBs/sub_files/Holtek-315/128/013_027.sub,sd_card_content/universal_rf/Gates/Bruteforcing/Many_OOK_SUBs/sub_files/Holtek-315/128/013_027.sub,rf,Gates,moved
sd_card_content/subghz_extra_dbs/Gates/Bruteforcing/Many_OOK_SUBs/sub_files/Holtek-315/128/014_028.sub,sd_card_content/universal_rf/Gates/Bruteforcing/Many_OOK_SUBs/sub_files/Holtek-315/128/014_028.sub,rf,Gates,moved
sd_card_content/subghz_extra_dbs/Gates/Bruteforcing/Many_OOK_SUBs/sub_files/Holtek-315/128/014_029.sub,sd_card_content/universal_rf/Gates/Bruteforcing/Many_OOK_SUBs/sub_files/Holtek-315/128/014_029.sub,rf,Gates,moved
sd_card_content/subghz_extra_dbs/Gates/Bruteforcing/Many_OOK_SUBs/sub_files/Holtek-315/128/015_030.sub,sd_card_content/universal_rf/Gates/Bruteforcing/Many_OOK_SUBs/sub_files/Holtek-315/128/015_030.sub,rf,Gates,moved
sd_card_content/subghz_extra_dbs/Gates/Bruteforcing/Many_OOK_SUBs/sub_files/Holtek-315/128/015_031.sub,sd_card_content/universal_rf/Gates/Bruteforcing/Many_OOK_SUBs/sub_files/Holtek-315/128/015_031.sub,rf,Gates,moved
sd_card_content/subghz_extra_dbs/Gates/Bruteforcing/Many_OOK_SUBs/sub_files/Holtek-315/256/000_000.sub,sd_card_content/universal_rf/Gates/Bruteforcing/Many_OOK_SUBs/sub_files/Holtek-315/256/000_000.sub,rf,Gates,moved
sd_card_content/subghz_extra_dbs/Gates/Bruteforcing/Many_OOK_SUBs/sub_files/Holtek-315/256/000_001.sub,sd_card_content/universal_rf/Gates/Bruteforcing/Many_OOK_SUBs/sub_files/Holtek-315/256/000_001.sub,rf,Gates,moved
sd_card_content/subghz_extra_dbs/Gates/Bruteforcing/Many_OOK_SUBs/sub_files/Holtek-315/256/001_002.sub,sd_card_content/universal_rf/Gates/Bruteforcing/Many_OOK_SUBs/sub_files/Holtek-315/256/001_002.sub,rf,Gates,moved
sd_card_content/subghz_extra_dbs/Gates/Bruteforcing/Many_OOK_SUBs/sub_files/Holtek-315/256/001_003.sub,sd_card_content/universal_rf/Gates/Bruteforcing/Many_OOK_SUBs/sub_files/Holtek-315/256/001_003.sub,rf,Gates,moved
sd_card_content/subghz_extra_dbs/Gates/Bruteforcing/Many_OOK_SUBs/sub_files/Holtek-315/256/002_004.sub,sd_card_content/universal_rf/Gates/Bruteforcing/Many_OOK_SUBs/sub_files/Holtek-315/256/002_004.sub,rf,Gates,moved
sd_card_content/subghz_extra_dbs/Gates/Bruteforcing/Many_OOK_SUBs/sub_files/Holtek-315/256/002_005.sub,sd_card_content/universal_rf/Gates/Bruteforcing/Many_OOK_SUBs/sub_files/Holtek-315/256/002_005.sub,rf,Gates,moved
sd_card_content/subghz_extra_dbs/Gates/Bruteforcing/Many_OOK_SUBs/sub_files/Holtek-315/256/003_006.sub,sd_card_content/universal_rf/Gates/Bruteforcing/Many_OOK_SUBs/sub_files/Holtek-315/256/003_006.sub,rf,Gates,moved
sd_card_content/subghz_extra_dbs/Gates/Bruteforcing/Many_OOK_SUBs/sub_files/Holtek-315/256/003_007.sub,sd_card_content/universal_rf/Gates/Bruteforcing/Many_OOK_SUBs/sub_files/Holtek-315/256/003_007.sub,rf,Gates,moved
sd_card_content/subghz_extra_dbs/Gates/Bruteforcing/Many_OOK_SUBs/sub_files/Holtek-315/256/004_008.sub,sd_card_content/universal_rf/Gates/Bruteforcing/Many_OOK_SUBs/sub_files/Holtek-315/256/004_008.sub,rf,Gates,moved
sd_card_content/subghz_extra_dbs/Gates/Bruteforcing/Many_OOK_SUBs/sub_files/Holtek-315/256/004_009.sub,sd_card_content/universal_rf/Gates/Bruteforcing/Many_OOK_SUBs/sub_files/Holtek-315/256/004_009.sub,rf,Gates,moved
sd_card_content/subghz_extra_dbs/Gates/Bruteforcing/Many_OOK_SUBs/sub_files/Holtek-315/256/005_010.sub,sd_card_content/universal_rf/Gates/Bruteforcing/Many_OOK_SUBs/sub_files/Holtek-315/256/005_010.sub,rf,Gates,moved
sd_card_content/subghz_extra_dbs/Gates/Bruteforcing/Many_OOK_SUBs/sub_files/Holtek-315/256/005_011.sub,sd_card_content/universal_rf/Gates/Bruteforcing/Many_OOK_SUBs/sub_files/Holtek-315/256/005_011.sub,rf,Gates,moved
sd_card_content/subghz_extra_dbs/Gates/Bruteforcing/Many_OOK_SUBs/sub_files/Holtek-315/256/006_012.sub,sd_card_content/universal_rf/Gates/Bruteforcing/Many_OOK_SUBs/sub_files/Holtek-315/256/006_012.sub,rf,Gates,moved
sd_card_content/subghz_extra_dbs/Gates/Bruteforcing/Many_OOK_SUBs/sub_files/Holtek-315/256/006_013.sub,sd_card_content/universal_rf/Gates/Bruteforcing/Many_OOK_SUBs/sub_files/Holtek-315/256/006_013.sub,rf,Gates,moved
sd_card_content/subghz_extra_dbs/Gates/Bruteforcing/Many_OOK_SUBs/sub_files/Holtek-315/256/007_014.sub,sd_card_content/universal_rf/Gates/Bruteforcing/Many_OOK_SUBs/sub_files/Holtek-315/256/007_014.sub,rf,Gates,moved
sd_card_content/subghz_extra_dbs/Gates/Bruteforcing/Many_OOK_SUBs/sub_files/Holtek-315/256/007_015.sub,sd_card_content/universal_rf/Gates/Bruteforcing/Many_OOK_SUBs/sub_files/Holtek-315/256/007_015.sub,rf,Gates,moved
sd_card_content/subghz_extra_dbs/Gates/Bruteforcing/Many_OOK_SUBs/sub_files/Holtek-315/512/000_000.sub,sd_card_content/universal_rf/Gates/Bruteforcing/Many_OOK_SUBs/sub_files/Holtek-315/512/000_000.sub,rf,Gates,moved
sd_card_content/subghz_extra_dbs/Gates/Bruteforcing/Many_OOK_SUBs/sub_files/Holtek-315/512/000_001.sub,sd_card_content/universal_rf/Gates/Bruteforcing/Many_OOK_SUBs/sub_files/Holtek-315/512/000_001.sub,rf,Gates,moved
sd_card_content/subghz_extra_dbs/Gates/Bruteforcing/Many_OOK_SUBs/sub_files/Holtek-315/512/001_002.sub,sd_card_content/universal_rf/Gates/Bruteforcing/Many_OOK_SUBs/sub_files/Holtek-315/512/001_002.sub,rf,Gates,moved
sd_card_content/subghz_extra_dbs/Gates/Bruteforcing/Many_OOK_SUBs/sub_files/Holtek-315/512/001_003.sub,sd_card_content/universal_rf/Gates/Bruteforcing/Many_OOK_SUBs/sub_files/Holtek-315/512/001_003.sub,rf,Gates,moved
sd_card_content/subghz_extra_dbs/Gates/Bruteforcing/Many_OOK_SUBs/sub_files/Holtek-315/512/002_004.sub,sd_card_content/universal_rf/Gates/Bruteforcing/Many_OOK_SUBs/sub_files/Holtek-315/512/002_004.sub,rf,Gates,moved
sd_card_content/subghz_extra_dbs/Gates/Bruteforcing/Many_OOK_SUBs/sub_files/Holtek-315/512/002_005.sub,sd_card_content/universal_rf/Gates/Bruteforcing/Many_OOK_SUBs/sub_files/Holtek-315/512/002_005.sub,rf,Gates,moved
sd_card_content/subghz_extra_dbs/Gates/Bruteforcing/Many_OOK_SUBs/sub_files/Holtek-315/512/003_006.sub,sd_card_content/universal_rf/Gates/Bruteforcing/Many_OOK_SUBs/sub_files/Holtek-315/512/003_006.sub,rf,Gates,moved
sd_card_content/subghz_extra_dbs/Gates/Bruteforcing/Many_OOK_SUBs/sub_files/Holtek-315/512/003_007.sub,sd_card_content/universal_rf/Gates/Bruteforcing/Many_OOK_SUBs/sub_files/Holtek-315/512/003_007.sub,rf,Gates,moved
sd_card_content/subghz_extra_dbs/Gates/Bruteforcing/Many_OOK_SUBs/sub_files/Holtek-315/debruijn.sub,sd_card_content/universal_rf/Gates/Bruteforcing/Many_OOK_SUBs/sub_files/Holtek-315/debruijn.sub,rf,Gates,moved
sd_card_content/subghz_extra_dbs/Gates/Bruteforcing/Many_OOK_SUBs/sub_files/Holtek-433/128/000_000.sub,sd_card_content/universal_rf/Gates/Bruteforcing/Many_OOK_SUBs/sub_files/Holtek-433/128/000_000.sub,rf,Gates,moved
sd_card_content/subghz_extra_dbs/Gates/Bruteforcing/Many_OOK_SUBs/sub_files/Holtek-433/128/000_001.sub,sd_card_content/universal_rf/Gates/Bruteforcing/Many_OOK_SUBs/sub_files/Holtek-433/128/000_001.sub,rf,Gates,moved
sd_card_content/subghz_extra_dbs/Gates/Bruteforcing/Many_OOK_SUBs/sub_files/Holtek-433/128/001_002.sub,sd_card_content/universal_rf/Gates/Bruteforcing/Many_OOK_SUBs/sub_files/Holtek-433/128/001_002.sub,rf,Gates,moved
sd_card_content/subghz_extra_dbs/Gates/Bruteforcing/Many_OOK_SUBs/sub_files/Holtek-433/128/001_003.sub,sd_card_content/universal_rf/Gates/Bruteforcing/Many_OOK_SUBs/sub_files/Holtek-433/128/001_003.sub,rf,Gates,moved
sd_card_content/subghz_extra_dbs/Gates/Bruteforcing/Many_OOK_SUBs/sub_files/Holtek-433/128/002_004.sub,sd_card_content/universal_rf/Gates/Bruteforcing/Many_OOK_SUBs/sub_files/Holtek-433/128/002_004.sub,rf,Gates,moved
sd_card_content/subghz_extra_dbs/Gates/Bruteforcing/Many_OOK_SUBs/sub_files/Holtek-433/128/002_005.sub,sd_card_content/universal_rf/Gates/Bruteforcing/Many_OOK_SUBs/sub_files/Holtek-433/128/002_005.sub,rf,Gates,moved
sd_card_content/subghz_extra_dbs/Gates/Bruteforcing/Many_OOK_SUBs/sub_files/Holtek-433/128/003_006.sub,sd_card_content/universal_rf/Gates/Bruteforcing/Many_OOK_SUBs/sub_files/Holtek-433/128/003_006.sub,rf,Gates,moved
sd_card_content/subghz_extra_dbs/Gates/Bruteforcing/Many_OOK_SUBs/sub_files/Holtek-433/128/003_007.sub,sd_card_content/universal_rf/Gates/Bruteforcing/Many_OOK_SUBs/sub_files/Holtek-433/128/003_007.sub,rf,Gates,moved
sd_card_content/subghz_extra_dbs/Gates/Bruteforcing/Many_OOK_SUBs/sub_files/Holtek-433/128/004_008.sub,sd_card_content/universal_rf/Gates/Bruteforcing/Many_OOK_SUBs/sub_files/Holtek-433/128/004_008.sub,rf,Gates,moved
sd_card_content/subghz_extra_dbs/Gates/Bruteforcing/Many_OOK_SUBs/sub_files/Holtek-433/128/004_009.sub,sd_card_content/universal_rf/Gates/Bruteforcing/Many_OOK_SUBs/sub_files/Holtek-433/128/004_009.sub,rf,Gates,moved
sd_card_content/subghz_extra_dbs/Gates/Bruteforcing/Many_OOK_SUBs/sub_files/Holtek-433/128/005_010.sub,sd_card_content/universal_rf/Gates/Bruteforcing/Many_OOK_SUBs/sub_files/Holtek-433/128/005_010.sub,rf,Gates,moved
sd_card_content/subghz_extra_dbs/Gates/Bruteforcing/Many_OOK_SUBs/sub_files/Holtek-433/128/005_011.sub,sd_card_content/universal_rf/Gates/Bruteforcing/Many_OOK_SUBs/sub_files/Holtek-433/128/005_011.sub,rf,Gates,moved
sd_card_content/subghz_extra_dbs/Gates/Bruteforcing/Many_OOK_SUBs/sub_files/Holtek-433/128/006_012.sub,sd_card_content/universal_rf/Gates/Bruteforcing/Many_OOK_SUBs/sub_files/Holtek-433/128/006_012.sub,rf,Gates,moved
sd_card_content/subghz_extra_dbs/Gates/Bruteforcing/Many_OOK_SUBs/sub_files/Holtek-433/128/006_013.sub,sd_card_content/universal_rf/Gates/Bruteforcing/Many_OOK_SUBs/sub_files/Holtek-433/128/006_013.sub,rf,Gates,moved
sd_card_content/subghz_extra_dbs/Gates/Bruteforcing/Many_OOK_SUBs/sub_files/Holtek-433/128/007_014.sub,sd_card_content/universal_rf/Gates/Bruteforcing/Many_OOK_SUBs/sub_files/Holtek-433/128/007_014.sub,rf,Gates,moved
sd_card_content/subghz_extra_dbs/Gates/Bruteforcing/Many_OOK_SUBs/sub_files/Holtek-433/128/007_015.sub,sd_card_content/universal_rf/Gates/Bruteforcing/Many_OOK_SUBs/sub_files/Holtek-433/128/007_015.sub,rf,Gates,moved
sd_card_content/subghz_extra_dbs/Gates/Bruteforcing/Many_OOK_SUBs/sub_files/Holtek-433/128/008_016.sub,sd_card_content/universal_rf/Gates/Bruteforcing/Many_OOK_SUBs/sub_files/Holtek-433/128/008_016.sub,rf,Gates,moved
sd_card_content/subghz_extra_dbs/Gates/Bruteforcing/Many_OOK_SUBs/sub_files/Holtek-433/128/008_017.sub,sd_card_content/universal_rf/Gates/Bruteforcing/Many_OOK_SUBs/sub_files/Holtek-433/128/008_017.sub,rf,Gates,moved
sd_card_content/subghz_extra_dbs/Gates/Bruteforcing/Many_OOK_SUBs/sub_files/Holtek-433/128/009_018.sub,sd_card_content/universal_rf/Gates/Bruteforcing/Many_OOK_SUBs/sub_files/Holtek-433/128/009_018.sub,rf,Gates,moved
sd_card_content/subghz_extra_dbs/Gates/Bruteforcing/Many_OOK_SUBs/sub_files/Holtek-433/128/009_019.sub,sd_card_content/universal_rf/Gates/Bruteforcing/Many_OOK_SUBs/sub_files/Holtek-433/128/009_019.sub,rf,Gates,moved
sd_card_content/subghz_extra_dbs/Gates/Bruteforcing/Many_OOK_SUBs/sub_files/Holtek-433/128/010_020.sub,sd_card_content/universal_rf/Gates/Bruteforcing/Many_OOK_SUBs/sub_files/Holtek-433/128/010_020.sub,rf,Gates,moved
sd_card_content/subghz_extra_dbs/Gates/Bruteforcing/Many_OOK_SUBs/sub_files/Holtek-433/128/010_021.sub,sd_card_content/universal_rf/Gates/Bruteforcing/Many_OOK_SUBs/sub_files/Holtek-433/128/010_021.sub,rf,Gates,moved
sd_card_content/subghz_extra_dbs/Gates/Bruteforcing/Many_OOK_SUBs/sub_files/Holtek-433/128/011_022.sub,sd_card_content/universal_rf/Gates/Bruteforcing/Many_OOK_SUBs/sub_files/Holtek-433/128/011_022.sub,rf,Gates,moved
sd_card_content/subghz_extra_dbs/Gates/Bruteforcing/Many_OOK_SUBs/sub_files/Holtek-433/128/011_023.sub,sd_card_content/universal_rf/Gates/Bruteforcing/Many_OOK_SUBs/sub_files/Holtek-433/128/011_023.sub,rf,Gates,moved
sd_card_content/subghz_extra_dbs/Gates/Bruteforcing/Many_OOK_SUBs/sub_files/Holtek-433/128/012_024.sub,sd_card_content/universal_rf/Gates/Bruteforcing/Many_OOK_SUBs/sub_files/Holtek-433/128/012_024.sub,rf,Gates,moved
sd_card_content/subghz_extra_dbs/Gates/Bruteforcing/Many_OOK_SUBs/sub_files/Holtek-433/128/012_025.sub,sd_card_content/universal_rf/Gates/Bruteforcing/Many_OOK_SUBs/sub_files/Holtek-433/128/012_025.sub,rf,Gates,moved
sd_card_content/subghz_extra_dbs/Gates/Bruteforcing/Many_OOK_SUBs/sub_files/Holtek-433/128/013_026.sub,sd_card_content/universal_rf/Gates/Bruteforcing/Many_OOK_SUBs/sub_files/Holtek-433/128/013_026.sub,rf,Gates,moved
sd_card_content/subghz_extra_dbs/Gates/Bruteforcing/Many_OOK_SUBs/sub_files/Holtek-433/128/013_027.sub,sd_card_content/universal_rf/Gates/Bruteforcing/Many_OOK_SUBs/sub_files/Holtek-433/128/013_027.sub,rf,Gates,moved
sd_card_content/subghz_extra_dbs/Gates/Bruteforcing/Many_OOK_SUBs/sub_files/Holtek-433/128/014_028.sub,sd_card_content/universal_rf/Gates/Bruteforcing/Many_OOK_SUBs/sub_files/Holtek-433/128/014_028.sub,rf,Gates,moved
sd_card_content/subghz_extra_dbs/Gates/Bruteforcing/Many_OOK_SUBs/sub_files/Holtek-433/128/014_029.sub,sd_card_content/universal_rf/Gates/Bruteforcing/Many_OOK_SUBs/sub_files/Holtek-433/128/014_029.sub,rf,Gates,moved
sd_card_content/subghz_extra_dbs/Gates/Bruteforcing/Many_OOK_SUBs/sub_files/Holtek-433/128/015_030.sub,sd_card_content/universal_rf/Gates/Bruteforcing/Many_OOK_SUBs/sub_files/Holtek-433/128/015_030.sub,rf,Gates,moved
sd_card_content/subghz_extra_dbs/Gates/Bruteforcing/Many_OOK_SUBs/sub_files/Holtek-433/128/015_031.sub,sd_card_content/universal_rf/Gates/Bruteforcing/Many_OOK_SUBs/sub_files/Holtek-433/128/015_031.sub,rf,Gates,moved
sd_card_content/subghz_extra_dbs/Gates/Bruteforcing/Many_OOK_SUBs/sub_files/Holtek-433/256/000_000.sub,sd_card_content/universal_rf/Gates/Bruteforcing/Many_OOK_SUBs/sub_files/Holtek-433/256/000_000.sub,rf,Gates,moved
sd_card_content/subghz_extra_dbs/Gates/Bruteforcing/Many_OOK_SUBs/sub_files/Holtek-433/256/000_001.sub,sd_card_content/universal_rf/Gates/Bruteforcing/Many_OOK_SUBs/sub_files/Holtek-433/256/000_001.sub,rf,Gates,moved
sd_card_content/subghz_extra_dbs/Gates/Bruteforcing/Many_OOK_SUBs/sub_files/Holtek-433/256/001_002.sub,sd_card_content/universal_rf/Gates/Bruteforcing/Many_OOK_SUBs/sub_files/Holtek-433/256/001_002.sub,rf,Gates,moved
sd_card_content/subghz_extra_dbs/Gates/Bruteforcing/Many_OOK_SUBs/sub_files/Holtek-433/256/001_003.sub,sd_card_content/universal_rf/Gates/Bruteforcing/Many_OOK_SUBs/sub_files/Holtek-433/256/001_003.sub,rf,Gates,moved
sd_card_content/subghz_extra_dbs/Gates/Bruteforcing/Many_OOK_SUBs/sub_files/Holtek-433/256/002_004.sub,sd_card_content/universal_rf/Gates/Bruteforcing/Many_OOK_SUBs/sub_files/Holtek-433/256/002_004.sub,rf,Gates,moved
sd_card_content/subghz_extra_dbs/Gates/Bruteforcing/Many_OOK_SUBs/sub_files/Holtek-433/256/002_005.sub,sd_card_content/universal_rf/Gates/Bruteforcing/Many_OOK_SUBs/sub_files/Holtek-433/256/002_005.sub,rf,Gates,moved
sd_card_content/subghz_extra_dbs/Gates/Bruteforcing/Many_OOK_SUBs/sub_files/Holtek-433/256/003_006.sub,sd_card_content/universal_rf/Gates/Bruteforcing/Many_OOK_SUBs/sub_files/Holtek-433/256/003_006.sub,rf,Gates,moved
sd_card_content/subghz_extra_dbs/Gates/Bruteforcing/Many_OOK_SUBs/sub_files/Holtek-433/256/003_007.sub,sd_card_content/universal_rf/Gates/Bruteforcing/Many_OOK_SUBs/sub_files/Holtek-433/256/003_007.sub,rf,Gates,moved
sd_card_content/subghz_extra_dbs/Gates/Bruteforcing/Many_OOK_SUBs/sub_files/Holtek-433/256/004_008.sub,sd_card_content/universal_rf/Gates/Bruteforcing/Many_OOK_SUBs/sub_files/Holtek-433/256/004_008.sub,rf,Gates,moved
sd_card_content/subghz_extra_dbs/Gates/Bruteforcing/Many_OOK_SUBs/sub_files/Holtek-433/256/004_009.sub,sd_card_content/universal_rf/Gates/Bruteforcing/Many_OOK_SUBs/sub_files/Holtek-433/256/004_009.sub,rf,Gates,moved
sd_card_content/subghz_extra_dbs/Gates/Bruteforcing/Many_OOK_SUBs/sub_files/Holtek-433/256/005_010.sub,sd_card_content/universal_rf/Gates/Bruteforcing/Many_OOK_SUBs/sub_files/Holtek-433/256/005_010.sub,rf,Gates,moved
sd_card_content/subghz_extra_dbs/Gates/Bruteforcing/Many_OOK_SUBs/sub_files/Holtek-433/256/005_011.sub,sd_card_content/universal_rf/Gates/Bruteforcing/Many_OOK_SUBs/sub_files/Holtek-433/256/005_011.sub,rf,Gates,moved
sd_card_content/subghz_extra_dbs/Gates/Bruteforcing/Many_OOK_SUBs/sub_files/Holtek-433/256/006_012.sub,sd_card_content/universal_rf/Gates/Bruteforcing/Many_OOK_SUBs/sub_files/Holtek-433/256/006_012.sub,rf,Gates,moved
sd_card_content/subghz_extra_dbs/Gates/Bruteforcing/Many_OOK_SUBs/sub_files/Holtek-433/256/006_013.sub,sd_card_content/universal_rf/Gates/Bruteforcing/Many_OOK_SUBs/sub_files/Holtek-433/256/006_013.sub,rf,Gates,moved
sd_card_content/subghz_extra_dbs/Gates/Bruteforcing/Many_OOK_SUBs/sub_files/Holtek-433/256/007_014.sub,sd_card_content/universal_rf/Gates/Bruteforcing/Many_OOK_SUBs/sub_files/Holtek-433/256/007_014.sub,rf,Gates,moved
sd_card_content/subghz_extra_dbs/Gates/Bruteforcing/Many_OOK_SUBs/sub_files/Holtek-433/256/007_015.sub,sd_card_content/universal_rf/Gates/Bruteforcing/Many_OOK_SUBs/sub_files/Holtek-433/256/007_015.sub,rf,Gates,moved
sd_card_content/subghz_extra_dbs/Gates/Bruteforcing/Many_OOK_SUBs/sub_files/Holtek-433/512/000_000.sub,sd_card_content/universal_rf/Gates/Bruteforcing/Many_OOK_SUBs/sub_files/Holtek-433/512/000_000.sub,rf,Gates,moved
sd_card_content/subghz_extra_dbs/Gates/Bruteforcing/Many_OOK_SUBs/sub_files/Holtek-433/512/000_001.sub,sd_card_content/universal_rf/Gates/Bruteforcing/Many_OOK_SUBs/sub_files/Holtek-433/512/000_001.sub,rf,Gates,moved
sd_card_content/subghz_extra_dbs/Gates/Bruteforcing/Many_OOK_SUBs/sub_files/Holtek-433/512/001_002.sub,sd_card_content/universal_rf/Gates/Bruteforcing/Many_OOK_SUBs/sub_files/Holtek-433/512/001_002.sub,rf,Gates,moved
sd_card_content/subghz_extra_dbs/Gates/Bruteforcing/Many_OOK_SUBs/sub_files/Holtek-433/512/001_003.sub,sd_card_content/universal_rf/Gates/Bruteforcing/Many_OOK_SUBs/sub_files/Holtek-433/512/001_003.sub,rf,Gates,moved
sd_card_content/subghz_extra_dbs/Gates/Bruteforcing/Many_OOK_SUBs/sub_files/Holtek-433/512/002_004.sub,sd_card_content/universal_rf/Gates/Bruteforcing/Many_OOK_SUBs/sub_files/Holtek-433/512/002_004.sub,rf,Gates,moved
sd_card_content/subghz_extra_dbs/Gates/Bruteforcing/Many_OOK_SUBs/sub_files/Holtek-433/512/002_005.sub,sd_card_content/universal_rf/Gates/Bruteforcing/Many_OOK_SUBs/sub_files/Holtek-433/512/002_005.sub,rf,Gates,moved
sd_card_content/subghz_extra_dbs/Gates/Bruteforcing/Many_OOK_SUBs/sub_files/Holtek-433/512/003_006.sub,sd_card_content/universal_rf/Gates/Bruteforcing/Many_OOK_SUBs/sub_files/Holtek-433/512/003_006.sub,rf,Gates,moved
sd_card_content/subghz_extra_dbs/Gates/Bruteforcing/Many_OOK_SUBs/sub_files/Holtek-433/512/003_007.sub,sd_card_content/universal_rf/Gates/Bruteforcing/Many_OOK_SUBs/sub_files/Holtek-433/512/003_007.sub,rf,Gates,moved
sd_card_content/subghz_extra_dbs/Gates/Bruteforcing/Many_OOK_SUBs/sub_files/Holtek-433/debruijn.sub,sd_card_content/universal_rf/Gates/Bruteforcing/Many_OOK_SUBs/sub_files/Holtek-433/debruijn.sub,rf,Gates,moved
sd_card_content/subghz_extra_dbs/Gates/Bruteforcing/Many_OOK_SUBs/sub_files/Holtek-868/128/000_000.sub,sd_card_content/universal_rf/Gates/Bruteforcing/Many_OOK_SUBs/sub_files/Holtek-868/128/000_000.sub,rf,Gates,moved
sd_card_content/subghz_extra_dbs/Gates/Bruteforcing/Many_OOK_SUBs/sub_files/Holtek-868/128/000_001.sub,sd_card_content/universal_rf/Gates/Bruteforcing/Many_OOK_SUBs/sub_files/Holtek-868/128/000_001.sub,rf,Gates,moved
sd_card_content/subghz_extra_dbs/Gates/Bruteforcing/Many_OOK_SUBs/sub_files/Holtek-868/128/001_002.sub,sd_card_content/universal_rf/Gates/Bruteforcing/Many_OOK_SUBs/sub_files/Holtek-868/128/001_002.sub,rf,Gates,moved
sd_card_content/subghz_extra_dbs/Gates/Bruteforcing/Many_OOK_SUBs/sub_files/Holtek-868/128/001_003.sub,sd_card_content/universal_rf/Gates/Bruteforcing/Many_OOK_SUBs/sub_files/Holtek-868/128/001_003.sub,rf,Gates,moved
sd_card_content/subghz_extra_dbs/Gates/Bruteforcing/Many_OOK_SUBs/sub_files/Holtek-868/128/002_004.sub,sd_card_content/universal_rf/Gates/Bruteforcing/Many_OOK_SUBs/sub_files/Holtek-868/128/002_004.sub,rf,Gates,moved
sd_card_content/subghz_extra_dbs/Gates/Bruteforcing/Many_OOK_SUBs/sub_files/Holtek-868/128/002_005.sub,sd_card_content/universal_rf/Gates/Bruteforcing/Many_OOK_SUBs/sub_files/Holtek-868/128/002_005.sub,rf,Gates,moved
sd_card_content/subghz_extra_dbs/Gates/Bruteforcing/Many_OOK_SUBs/sub_files/Holtek-868/128/003_006.sub,sd_card_content/universal_rf/Gates/Bruteforcing/Many_OOK_SUBs/sub_files/Holtek-868/128/003_006.sub,rf,Gates,moved
sd_card_content/subghz_extra_dbs/Gates/Bruteforcing/Many_OOK_SUBs/sub_files/Holtek-868/128/003_007.sub,sd_card_content/universal_rf/Gates/Bruteforcing/Many_OOK_SUBs/sub_files/Holtek-868/128/003_007.sub,rf,Gates,moved
sd_card_content/subghz_extra_dbs/Gates/Bruteforcing/Many_OOK_SUBs/sub_files/Holtek-868/128/004_008.sub,sd_card_content/universal_rf/Gates/Bruteforcing/Many_OOK_SUBs/sub_files/Holtek-868/128/004_008.sub,rf,Gates,moved
sd_card_content/subghz_extra_dbs/Gates/Bruteforcing/Many_OOK_SUBs/sub_files/Holtek-868/128/004_009.sub,sd_card_content/universal_rf/Gates/Bruteforcing/Many_OOK_SUBs/sub_files/Holtek-868/128/004_009.sub,rf,Gates,moved
sd_card_content/subghz_extra_dbs/Gates/Bruteforcing/Many_OOK_SUBs/sub_files/Holtek-868/128/005_010.sub,sd_card_content/universal_rf/Gates/Bruteforcing/Many_OOK_SUBs/sub_files/Holtek-868/128/005_010.sub,rf,Gates,moved
sd_card_content/subghz_extra_dbs/Gates/Bruteforcing/Many_OOK_SUBs/sub_files/Holtek-868/128/005_011.sub,sd_card_content/universal_rf/Gates/Bruteforcing/Many_OOK_SUBs/sub_files/Holtek-868/128/005_011.sub,rf,Gates,moved
sd_card_content/subghz_extra_dbs/Gates/Bruteforcing/Many_OOK_SUBs/sub_files/Holtek-868/128/006_012.sub,sd_card_content/universal_rf/Gates/Bruteforcing/Many_OOK_SUBs/sub_files/Holtek-868/128/006_012.sub,rf,Gates,moved
sd_card_content/subghz_extra_dbs/Gates/Bruteforcing/Many_OOK_SUBs/sub_files/Holtek-868/128/006_013.sub,sd_card_content/universal_rf/Gates/Bruteforcing/Many_OOK_SUBs/sub_files/Holtek-868/128/006_013.sub,rf,Gates,moved
sd_card_content/subghz_extra_dbs/Gates/Bruteforcing/Many_OOK_SUBs/sub_files/Holtek-868/128/007_014.sub,sd_card_content/universal_rf/Gates/Bruteforcing/Many_OOK_SUBs/sub_files/Holtek-868/128/007_014.sub,rf,Gates,moved
sd_card_content/subghz_extra_dbs/Gates/Bruteforcing/Many_OOK_SUBs/sub_files/Holtek-868/128/007_015.sub,sd_card_content/universal_rf/Gates/Bruteforcing/Many_OOK_SUBs/sub_files/Holtek-868/128/007_015.sub,rf,Gates,moved
sd_card_content/subghz_extra_dbs/Gates/Bruteforcing/Many_OOK_SUBs/sub_files/Holtek-868/128/008_016.sub,sd_card_content/universal_rf/Gates/Bruteforcing/Many_OOK_SUBs/sub_files/Holtek-868/128/008_016.sub,rf,Gates,moved
sd_card_content/subghz_extra_dbs/Gates/Bruteforcing/Many_OOK_SUBs/sub_files/Holtek-868/128/008_017.sub,sd_card_content/universal_rf/Gates/Bruteforcing/Many_OOK_SUBs/sub_files/Holtek-868/128/008_017.sub,rf,Gates,moved
sd_card_content/subghz_extra_dbs/Gates/Bruteforcing/Many_OOK_SUBs/sub_files/Holtek-868/128/009_018.sub,sd_card_content/universal_rf/Gates/Bruteforcing/Many_OOK_SUBs/sub_files/Holtek-868/128/009_018.sub,rf,Gates,moved
sd_card_content/subghz_extra_dbs/Gates/Bruteforcing/Many_OOK_SUBs/sub_files/Holtek-868/128/009_019.sub,sd_card_content/universal_rf/Gates/Bruteforcing/Many_OOK_SUBs/sub_files/Holtek-868/128/009_019.sub,rf,Gates,moved
sd_card_content/subghz_extra_dbs/Gates/Bruteforcing/Many_OOK_SUBs/sub_files/Holtek-868/128/010_020.sub,sd_card_content/universal_rf/Gates/Bruteforcing/Many_OOK_SUBs/sub_files/Holtek-868/128/010_020.sub,rf,Gates,moved
sd_card_content/subghz_extra_dbs/Gates/Bruteforcing/Many_OOK_SUBs/sub_files/Holtek-868/128/010_021.sub,sd_card_content/universal_rf/Gates/Bruteforcing/Many_OOK_SUBs/sub_files/Holtek-868/128/010_021.sub,rf,Gates,moved
sd_card_content/subghz_extra_dbs/Gates/Bruteforcing/Many_OOK_SUBs/sub_files/Holtek-868/128/011_022.sub,sd_card_content/universal_rf/Gates/Bruteforcing/Many_OOK_SUBs/sub_files/Holtek-868/128/011_022.sub,rf,Gates,moved
sd_card_content/subghz_extra_dbs/Gates/Bruteforcing/Many_OOK_SUBs/sub_files/Holtek-868/128/011_023.sub,sd_card_content/universal_rf/Gates/Bruteforcing/Many_OOK_SUBs/sub_files/Holtek-868/128/011_023.sub,rf,Gates,moved
sd_card_content/subghz_extra_dbs/Gates/Bruteforcing/Many_OOK_SUBs/sub_files/Holtek-868/128/012_024.sub,sd_card_content/universal_rf/Gates/Bruteforcing/Many_OOK_SUBs/sub_files/Holtek-868/128/012_024.sub,rf,Gates,moved
sd_card_content/subghz_extra_dbs/Gates/Bruteforcing/Many_OOK_SUBs/sub_files/Holtek-868/128/012_025.sub,sd_card_content/universal_rf/Gates/Bruteforcing/Many_OOK_SUBs/sub_files/Holtek-868/128/012_025.sub,rf,Gates,moved
sd_card_content/subghz_extra_dbs/Gates/Bruteforcing/Many_OOK_SUBs/sub_files/Holtek-868/128/013_026.sub,sd_card_content/universal_rf/Gates/Bruteforcing/Many_OOK_SUBs/sub_files/Holtek-868/128/013_026.sub,rf,Gates,moved
sd_card_content/subghz_extra_dbs/Gates/Bruteforcing/Many_OOK_SUBs/sub_files/Holtek-868/128/013_027.sub,sd_card_content/universal_rf/Gates/Bruteforcing/Many_OOK_SUBs/sub_files/Holtek-868/128/013_027.sub,rf,Gates,moved
sd_card_content/subghz_extra_dbs/Gates/Bruteforcing/Many_OOK_SUBs/sub_files/Holtek-868/128/014_028.sub,sd_card_content/universal_rf/Gates/Bruteforcing/Many_OOK_SUBs/sub_files/Holtek-868/128/014_028.sub,rf,Gates,moved
sd_card_content/subghz_extra_dbs/Gates/Bruteforcing/Many_OOK_SUBs/sub_files/Holtek-868/128/014_029.sub,sd_card_content/universal_rf/Gates/Bruteforcing/Many_OOK_SUBs/sub_files/Holtek-868/128/014_029.sub,rf,Gates,moved
sd_card_content/subghz_extra_dbs/Gates/Bruteforcing/Many_OOK_SUBs/sub_files/Holtek-868/128/015_030.sub,sd_card_content/universal_rf/Gates/Bruteforcing/Many_OOK_SUBs/sub_files/Holtek-868/128/015_030.sub,rf,Gates,moved
sd_card_content/subghz_extra_dbs/Gates/Bruteforcing/Many_OOK_SUBs/sub_files/Holtek-868/128/015_031.sub,sd_card_content/universal_rf/Gates/Bruteforcing/Many_OOK_SUBs/sub_files/Holtek-868/128/015_031.sub,rf,Gates,moved
sd_card_content/subghz_extra_dbs/Gates/Bruteforcing/Many_OOK_SUBs/sub_files/Holtek-868/256/000_000.sub,sd_card_content/universal_rf/Gates/Bruteforcing/Many_OOK_SUBs/sub_files/Holtek-868/256/000_000.sub,rf,Gates,moved
sd_card_content/subghz_extra_dbs/Gates/Bruteforcing/Many_OOK_SUBs/sub_files/Holtek-868/256/000_001.sub,sd_card_content/universal_rf/Gates/Bruteforcing/Many_OOK_SUBs/sub_files/Holtek-868/256/000_001.sub,rf,Gates,moved
sd_card_content/subghz_extra_dbs/Gates/Bruteforcing/Many_OOK_SUBs/sub_files/Holtek-868/256/001_002.sub,sd_card_content/universal_rf/Gates/Bruteforcing/Many_OOK_SUBs/sub_files/Holtek-868/256/001_002.sub,rf,Gates,moved
sd_card_content/subghz_extra_dbs/Gates/Bruteforcing/Many_OOK_SUBs/sub_files/Holtek-868/256/001_003.sub,sd_card_content/universal_rf/Gates/Bruteforcing/Many_OOK_SUBs/sub_files/Holtek-868/256/001_003.sub,rf,Gates,moved
sd_card_content/subghz_extra_dbs/Gates/Bruteforcing/Many_OOK_SUBs/sub_files/Holtek-868/256/002_004.sub,sd_card_content/universal_rf/Gates/Bruteforcing/Many_OOK_SUBs/sub_files/Holtek-868/256/002_004.sub,rf,Gates,moved
sd_card_content/subghz_extra_dbs/Gates/Bruteforcing/Many_OOK_SUBs/sub_files/Holtek-868/256/002_005.sub,sd_card_content/universal_rf/Gates/Bruteforcing/Many_OOK_SUBs/sub_files/Holtek-868/256/002_005.sub,rf,Gates,moved
sd_card_content/subghz_extra_dbs/Gates/Bruteforcing/Many_OOK_SUBs/sub_files/Holtek-868/256/003_006.sub,sd_card_content/universal_rf/Gates/Bruteforcing/Many_OOK_SUBs/sub_files/Holtek-868/256/003_006.sub,rf,Gates,moved
sd_card_content/subghz_extra_dbs/Gates/Bruteforcing/Many_OOK_SUBs/sub_files/Holtek-868/256/003_007.sub,sd_card_content/universal_rf/Gates/Bruteforcing/Many_OOK_SUBs/sub_files/Holtek-868/256/003_007.sub,rf,Gates,moved
sd_card_content/subghz_extra_dbs/Gates/Bruteforcing/Many_OOK_SUBs/sub_files/Holtek-868/256/004_008.sub,sd_card_content/universal_rf/Gates/Bruteforcing/Many_OOK_SUBs/sub_files/Holtek-868/256/004_008.sub,rf,Gates,moved
sd_card_content/subghz_extra_dbs/Gates/Bruteforcing/Many_OOK_SUBs/sub_files/Holtek-868/256/004_009.sub,sd_card_content/universal_rf/Gates/Bruteforcing/Many_OOK_SUBs/sub_files/Holtek-868/256/004_009.sub,rf,Gates,moved
sd_card_content/subghz_extra_dbs/Gates/Bruteforcing/Many_OOK_SUBs/sub_files/Holtek-868/256/005_010.sub,sd_card_content/universal_rf/Gates/Bruteforcing/Many_OOK_SUBs/sub_files/Holtek-868/256/005_010.sub,rf,Gates,moved
sd_card_content/subghz_extra_dbs/Gates/Bruteforcing/Many_OOK_SUBs/sub_files/Holtek-868/256/005_011.sub,sd_card_content/universal_rf/Gates/Bruteforcing/Many_OOK_SUBs/sub_files/Holtek-868/256/005_011.sub,rf,Gates,moved
sd_card_content/subghz_extra_dbs/Gates/Bruteforcing/Many_OOK_SUBs/sub_files/Holtek-868/256/006_012.sub,sd_card_content/universal_rf/Gates/Bruteforcing/Many_OOK_SUBs/sub_files/Holtek-868/256/006_012.sub,rf,Gates,moved
sd_card_content/subghz_extra_dbs/Gates/Bruteforcing/Many_OOK_SUBs/sub_files/Holtek-868/256/006_013.sub,sd_card_content/universal_rf/Gates/Bruteforcing/Many_OOK_SUBs/sub_files/Holtek-868/256/006_013.sub,rf,Gates,moved
sd_card_content/subghz_extra_dbs/Gates/Bruteforcing/Many_OOK_SUBs/sub_files/Holtek-868/256/007_014.sub,sd_card_content/universal_rf/Gates/Bruteforcing/Many_OOK_SUBs/sub_files/Holtek-868/256/007_014.sub,rf,Gates,moved
sd_card_content/subghz_extra_dbs/Gates/Bruteforcing/Many_OOK_SUBs/sub_files/Holtek-868/256/007_015.sub,sd_card_content/universal_rf/Gates/Bruteforcing/Many_OOK_SUBs/sub_files/Holtek-868/256/007_015.sub,rf,Gates,moved
sd_card_content/subghz_extra_dbs/Gates/Bruteforcing/Many_OOK_SUBs/sub_files/Holtek-868/512/000_000.sub,sd_card_content/universal_rf/Gates/Bruteforcing/Many_OOK_SUBs/sub_files/Holtek-868/512/000_000.sub,rf,Gates,moved
sd_card_content/subghz_extra_dbs/Gates/Bruteforcing/Many_OOK_SUBs/sub_files/Holtek-868/512/000_001.sub,sd_card_content/universal_rf/Gates/Bruteforcing/Many_OOK_SUBs/sub_files/Holtek-868/512/000_001.sub,rf,Gates,moved
sd_card_content/subghz_extra_dbs/Gates/Bruteforcing/Many_OOK_SUBs/sub_files/Holtek-868/512/001_002.sub,sd_card_content/universal_rf/Gates/Bruteforcing/Many_OOK_SUBs/sub_files/Holtek-868/512/001_002.sub,rf,Gates,moved
sd_card_content/subghz_extra_dbs/Gates/Bruteforcing/Many_OOK_SUBs/sub_files/Holtek-868/512/001_003.sub,sd_card_content/universal_rf/Gates/Bruteforcing/Many_OOK_SUBs/sub_files/Holtek-868/512/001_003.sub,rf,Gates,moved
sd_card_content/subghz_extra_dbs/Gates/Bruteforcing/Many_OOK_SUBs/sub_files/Holtek-868/512/002_004.sub,sd_card_content/universal_rf/Gates/Bruteforcing/Many_OOK_SUBs/sub_files/Holtek-868/512/002_004.sub,rf,Gates,moved
sd_card_content/subghz_extra_dbs/Gates/Bruteforcing/Many_OOK_SUBs/sub_files/Holtek-868/512/002_005.sub,sd_card_content/universal_rf/Gates/Bruteforcing/Many_OOK_SUBs/sub_files/Holtek-868/512/002_005.sub,rf,Gates,moved
sd_card_content/subghz_extra_dbs/Gates/Bruteforcing/Many_OOK_SUBs/sub_files/Holtek-868/512/003_006.sub,sd_card_content/universal_rf/Gates/Bruteforcing/Many_OOK_SUBs/sub_files/Holtek-868/512/003_006.sub,rf,Gates,moved
sd_card_content/subghz_extra_dbs/Gates/Bruteforcing/Many_OOK_SUBs/sub_files/Holtek-868/512/003_007.sub,sd_card_content/universal_rf/Gates/Bruteforcing/Many_OOK_SUBs/sub_files/Holtek-868/512/003_007.sub,rf,Gates,moved
sd_card_content/subghz_extra_dbs/Gates/Bruteforcing/Many_OOK_SUBs/sub_files/Holtek-868/debruijn.sub,sd_card_content/universal_rf/Gates/Bruteforcing/Many_OOK_SUBs/sub_files/Holtek-868/debruijn.sub,rf,Gates,moved
sd_card_content/subghz_extra_dbs/Gates/Bruteforcing/Many_OOK_SUBs/sub_files/Holtek-915/128/000_000.sub,sd_card_content/universal_rf/Gates/Bruteforcing/Many_OOK_SUBs/sub_files/Holtek-915/128/000_000.sub,rf,Gates,moved
sd_card_content/subghz_extra_dbs/Gates/Bruteforcing/Many_OOK_SUBs/sub_files/Holtek-915/128/000_001.sub,sd_card_content/universal_rf/Gates/Bruteforcing/Many_OOK_SUBs/sub_files/Holtek-915/128/000_001.sub,rf,Gates,moved
sd_card_content/subghz_extra_dbs/Gates/Bruteforcing/Many_OOK_SUBs/sub_files/Holtek-915/128/001_002.sub,sd_card_content/universal_rf/Gates/Bruteforcing/Many_OOK_SUBs/sub_files/Holtek-915/128/001_002.sub,rf,Gates,moved
sd_card_content/subghz_extra_dbs/Gates/Bruteforcing/Many_OOK_SUBs/sub_files/Holtek-915/128/001_003.sub,sd_card_content/universal_rf/Gates/Bruteforcing/Many_OOK_SUBs/sub_files/Holtek-915/128/001_003.sub,rf,Gates,moved
sd_card_content/subghz_extra_dbs/Gates/Bruteforcing/Many_OOK_SUBs/sub_files/Holtek-915/128/002_004.sub,sd_card_content/universal_rf/Gates/Bruteforcing/Many_OOK_SUBs/sub_files/Holtek-915/128/002_004.sub,rf,Gates,moved
sd_card_content/subghz_extra_dbs/Gates/Bruteforcing/Many_OOK_SUBs/sub_files/Holtek-915/128/002_005.sub,sd_card_content/universal_rf/Gates/Bruteforcing/Many_OOK_SUBs/sub_files/Holtek-915/128/002_005.sub,rf,Gates,moved
sd_card_content/subghz_extra_dbs/Gates/Bruteforcing/Many_OOK_SUBs/sub_files/Holtek-915/128/003_006.sub,sd_card_content/universal_rf/Gates/Bruteforcing/Many_OOK_SUBs/sub_files/Holtek-915/128/003_006.sub,rf,Gates,moved
sd_card_content/subghz_extra_dbs/Gates/Bruteforcing/Many_OOK_SUBs/sub_files/Holtek-915/128/003_007.sub,sd_card_content/universal_rf/Gates/Bruteforcing/Many_OOK_SUBs/sub_files/Holtek-915/128/003_007.sub,rf,Gates,moved
sd_card_content/subghz_extra_dbs/Gates/Bruteforcing/Many_OOK_SUBs/sub_files/Holtek-915/128/004_008.sub,sd_card_content/universal_rf/Gates/Bruteforcing/Many_OOK_SUBs/sub_files/Holtek-915/128/004_008.sub,rf,Gates,moved
sd_card_content/subghz_extra_dbs/Gates/Bruteforcing/Many_OOK_SUBs/sub_files/Holtek-915/128/004_009.sub,sd_card_content/universal_rf/Gates/Bruteforcing/Many_OOK_SUBs/sub_files/Holtek-915/128/004_009.sub,rf,Gates,moved
sd_card_content/subghz_extra_dbs/Gates/Bruteforcing/Many_OOK_SUBs/sub_files/Holtek-915/128/005_010.sub,sd_card_content/universal_rf/Gates/Bruteforcing/Many_OOK_SUBs/sub_files/Holtek-915/128/005_010.sub,rf,Gates,moved
sd_card_content/subghz_extra_dbs/Gates/Bruteforcing/Many_OOK_SUBs/sub_files/Holtek-915/128/005_011.sub,sd_card_content/universal_rf/Gates/Bruteforcing/Many_OOK_SUBs/sub_files/Holtek-915/128/005_011.sub,rf,Gates,moved
sd_card_content/subghz_extra_dbs/Gates/Bruteforcing/Many_OOK_SUBs/sub_files/Holtek-915/128/006_012.sub,sd_card_content/universal_rf/Gates/Bruteforcing/Many_OOK_SUBs/sub_files/Holtek-915/128/006_012.sub,rf,Gates,moved
sd_card_content/subghz_extra_dbs/Gates/Bruteforcing/Many_OOK_SUBs/sub_files/Holtek-915/128/006_013.sub,sd_card_content/universal_rf/Gates/Bruteforcing/Many_OOK_SUBs/sub_files/Holtek-915/128/006_013.sub,rf,Gates,moved
sd_card_content/subghz_extra_dbs/Gates/Bruteforcing/Many_OOK_SUBs/sub_files/Holtek-915/128/007_014.sub,sd_card_content/universal_rf/Gates/Bruteforcing/Many_OOK_SUBs/sub_files/Holtek-915/128/007_014.sub,rf,Gates,moved
sd_card_content/subghz_extra_dbs/Gates/Bruteforcing/Many_OOK_SUBs/sub_files/Holtek-915/128/007_015.sub,sd_card_content/universal_rf/Gates/Bruteforcing/Many_OOK_SUBs/sub_files/Holtek-915/128/007_015.sub,rf,Gates,moved
sd_card_content/subghz_extra_dbs/Gates/Bruteforcing/Many_OOK_SUBs/sub_files/Holtek-915/128/008_016.sub,sd_card_content/universal_rf/Gates/Bruteforcing/Many_OOK_SUBs/sub_files/Holtek-915/128/008_016.sub,rf,Gates,moved
sd_card_content/subghz_extra_dbs/Gates/Bruteforcing/Many_OOK_SUBs/sub_files/Holtek-915/128/008_017.sub,sd_card_content/universal_rf/Gates/Bruteforcing/Many_OOK_SUBs/sub_files/Holtek-915/128/008_017.sub,rf,Gates,moved
sd_card_content/subghz_extra_dbs/Gates/Bruteforcing/Many_OOK_SUBs/sub_files/Holtek-915/128/009_018.sub,sd_card_content/universal_rf/Gates/Bruteforcing/Many_OOK_SUBs/sub_files/Holtek-915/128/009_018.sub,rf,Gates,moved
sd_card_content/subghz_extra_dbs/Gates/Bruteforcing/Many_OOK_SUBs/sub_files/Holtek-915/128/009_019.sub,sd_card_content/universal_rf/Gates/Bruteforcing/Many_OOK_SUBs/sub_files/Holtek-915/128/009_019.sub,rf,Gates,moved
sd_card_content/subghz_extra_dbs/Gates/Bruteforcing/Many_OOK_SUBs/sub_files/Holtek-915/128/010_020.sub,sd_card_content/universal_rf/Gates/Bruteforcing/Many_OOK_SUBs/sub_files/Holtek-915/128/010_020.sub,rf,Gates,moved
sd_card_content/subghz_extra_dbs/Gates/Bruteforcing/Many_OOK_SUBs/sub_files/Holtek-915/128/010_021.sub,sd_card_content/universal_rf/Gates/Bruteforcing/Many_OOK_SUBs/sub_files/Holtek-915/128/010_021.sub,rf,Gates,moved
sd_card_content/subghz_extra_dbs/Gates/Bruteforcing/Many_OOK_SUBs/sub_files/Holtek-915/128/011_022.sub,sd_card_content/universal_rf/Gates/Bruteforcing/Many_OOK_SUBs/sub_files/Holtek-915/128/011_022.sub,rf,Gates,moved
sd_card_content/subghz_extra_dbs/Gates/Bruteforcing/Many_OOK_SUBs/sub_files/Holtek-915/128/011_023.sub,sd_card_content/universal_rf/Gates/Bruteforcing/Many_OOK_SUBs/sub_files/Holtek-915/128/011_023.sub,rf,Gates,moved
sd_card_content/subghz_extra_dbs/Gates/Bruteforcing/Many_OOK_SUBs/sub_files/Holtek-915/128/012_024.sub,sd_card_content/universal_rf/Gates/Bruteforcing/Many_OOK_SUBs/sub_files/Holtek-915/128/012_024.sub,rf,Gates,moved
sd_card_content/subghz_extra_dbs/Gates/Bruteforcing/Many_OOK_SUBs/sub_files/Holtek-915/128/012_025.sub,sd_card_content/universal_rf/Gates/Bruteforcing/Many_OOK_SUBs/sub_files/Holtek-915/128/012_025.sub,rf,Gates,moved
sd_card_content/subghz_extra_dbs/Gates/Bruteforcing/Many_OOK_SUBs/sub_files/Holtek-915/128/013_026.sub,sd_card_content/universal_rf/Gates/Bruteforcing/Many_OOK_SUBs/sub_files/Holtek-915/128/013_026.sub,rf,Gates,moved
sd_card_content/subghz_extra_dbs/Gates/Bruteforcing/Many_OOK_SUBs/sub_files/Holtek-915/128/013_027.sub,sd_card_content/universal_rf/Gates/Bruteforcing/Many_OOK_SUBs/sub_files/Holtek-915/128/013_027.sub,rf,Gates,moved
sd_card_content/subghz_extra_dbs/Gates/Bruteforcing/Many_OOK_SUBs/sub_files/Holtek-915/128/014_028.sub,sd_card_content/universal_rf/Gates/Bruteforcing/Many_OOK_SUBs/sub_files/Holtek-915/128/014_028.sub,rf,Gates,moved
sd_card_content/subghz_extra_dbs/Gates/Bruteforcing/Many_OOK_SUBs/sub_files/Holtek-915/128/014_029.sub,sd_card_content/universal_rf/Gates/Bruteforcing/Many_OOK_SUBs/sub_files/Holtek-915/128/014_029.sub,rf,Gates,moved
sd_card_content/subghz_extra_dbs/Gates/Bruteforcing/Many_OOK_SUBs/sub_files/Holtek-915/128/015_030.sub,sd_card_content/universal_rf/Gates/Bruteforcing/Many_OOK_SUBs/sub_files/Holtek-915/128/015_030.sub,rf,Gates,moved
sd_card_content/subghz_extra_dbs/Gates/Bruteforcing/Many_OOK_SUBs/sub_files/Holtek-915/128/015_031.sub,sd_card_content/universal_rf/Gates/Bruteforcing/Many_OOK_SUBs/sub_files/Holtek-915/128/015_031.sub,rf,Gates,moved
sd_card_content/subghz_extra_dbs/Gates/Bruteforcing/Many_OOK_SUBs/sub_files/Holtek-915/256/000_000.sub,sd_card_content/universal_rf/Gates/Bruteforcing/Many_OOK_SUBs/sub_files/Holtek-915/256/000_000.sub,rf,Gates,moved
sd_card_content/subghz_extra_dbs/Gates/Bruteforcing/Many_OOK_SUBs/sub_files/Holtek-915/256/000_001.sub,sd_card_content/universal_rf/Gates/Bruteforcing/Many_OOK_SUBs/sub_files/Holtek-915/256/000_001.sub,rf,Gates,moved
sd_card_content/subghz_extra_dbs/Gates/Bruteforcing/Many_OOK_SUBs/sub_files/Holtek-915/256/001_002.sub,sd_card_content/universal_rf/Gates/Bruteforcing/Many_OOK_SUBs/sub_files/Holtek-915/256/001_002.sub,rf,Gates,moved
sd_card_content/subghz_extra_dbs/Gates/Bruteforcing/Many_OOK_SUBs/sub_files/Holtek-915/256/001_003.sub,sd_card_content/universal_rf/Gates/Bruteforcing/Many_OOK_SUBs/sub_files/Holtek-915/256/001_003.sub,rf,Gates,moved
sd_card_content/subghz_extra_dbs/Gates/Bruteforcing/Many_OOK_SUBs/sub_files/Holtek-915/256/002_004.sub,sd_card_content/universal_rf/Gates/Bruteforcing/Many_OOK_SUBs/sub_files/Holtek-915/256/002_004.sub,rf,Gates,moved
sd_card_content/subghz_extra_dbs/Gates/Bruteforcing/Many_OOK_SUBs/sub_files/Holtek-915/256/002_005.sub,sd_card_content/universal_rf/Gates/Bruteforcing/Many_OOK_SUBs/sub_files/Holtek-915/256/002_005.sub,rf,Gates,moved
sd_card_content/subghz_extra_dbs/Gates/Bruteforcing/Many_OOK_SUBs/sub_files/Holtek-915/256/003_006.sub,sd_card_content/universal_rf/Gates/Bruteforcing/Many_OOK_SUBs/sub_files/Holtek-915/256/003_006.sub,rf,Gates,moved
sd_card_content/subghz_extra_dbs/Gates/Bruteforcing/Many_OOK_SUBs/sub_files/Holtek-915/256/003_007.sub,sd_card_content/universal_rf/Gates/Bruteforcing/Many_OOK_SUBs/sub_files/Holtek-915/256/003_007.sub,rf,Gates,moved
sd_card_content/subghz_extra_dbs/Gates/Bruteforcing/Many_OOK_SUBs/sub_files/Holtek-915/256/004_008.sub,sd_card_content/universal_rf/Gates/Bruteforcing/Many_OOK_SUBs/sub_files/Holtek-915/256/004_008.sub,rf,Gates,moved
sd_card_content/subghz_extra_dbs/Gates/Bruteforcing/Many_OOK_SUBs/sub_files/Holtek-915/256/004_009.sub,sd_card_content/universal_rf/Gates/Bruteforcing/Many_OOK_SUBs/sub_files/Holtek-915/256/004_009.sub,rf,Gates,moved
sd_card_content/subghz_extra_dbs/Gates/Bruteforcing/Many_OOK_SUBs/sub_files/Holtek-915/256/005_010.sub,sd_card_content/universal_rf/Gates/Bruteforcing/Many_OOK_SUBs/sub_files/Holtek-915/256/005_010.sub,rf,Gates,moved
sd_card_content/subghz_extra_dbs/Gates/Bruteforcing/Many_OOK_SUBs/sub_files/Holtek-915/256/005_011.sub,sd_card_content/universal_rf/Gates/Bruteforcing/Many_OOK_SUBs/sub_files/Holtek-915/256/005_011.sub,rf,Gates,moved
sd_card_content/subghz_extra_dbs/Gates/Bruteforcing/Many_OOK_SUBs/sub_files/Holtek-915/256/006_012.sub,sd_card_content/universal_rf/Gates/Bruteforcing/Many_OOK_SUBs/sub_files/Holtek-915/256/006_012.sub,rf,Gates,moved
sd_card_content/subghz_extra_dbs/Gates/Bruteforcing/Many_OOK_SUBs/sub_files/Holtek-915/256/006_013.sub,sd_card_content/universal_rf/Gates/Bruteforcing/Many_OOK_SUBs/sub_files/Holtek-915/256/006_013.sub,rf,Gates,moved
sd_card_content/subghz_extra_dbs/Gates/Bruteforcing/Many_OOK_SUBs/sub_files/Holtek-915/256/007_014.sub,sd_card_content/universal_rf/Gates/Bruteforcing/Many_OOK_SUBs/sub_files/Holtek-915/256/007_014.sub,rf,Gates,moved
sd_card_content/subghz_extra_dbs/Gates/Bruteforcing/Many_OOK_SUBs/sub_files/Holtek-915/256/007_015.sub,sd_card_content/universal_rf/Gates/Bruteforcing/Many_OOK_SUBs/sub_files/Holtek-915/256/007_015.sub,rf,Gates,moved
sd_card_content/subghz_extra_dbs/Gates/Bruteforcing/Many_OOK_SUBs/sub_files/Holtek-915/512/000_000.sub,sd_card_content/universal_rf/Gates/Bruteforcing/Many_OOK_SUBs/sub_files/Holtek-915/512/000_000.sub,rf,Gates,moved
sd_card_content/subghz_extra_dbs/Gates/Bruteforcing/Many_OOK_SUBs/sub_files/Holtek-915/512/000_001.sub,sd_card_content/universal_rf/Gates/Bruteforcing/Many_OOK_SUBs/sub_files/Holtek-915/512/000_001.sub,rf,Gates,moved
sd_card_content/subghz_extra_dbs/Gates/Bruteforcing/Many_OOK_SUBs/sub_files/Holtek-915/512/001_002.sub,sd_card_content/universal_rf/Gates/Bruteforcing/Many_OOK_SUBs/sub_files/Holtek-915/512/001_002.sub,rf,Gates,moved
sd_card_content/subghz_extra_dbs/Gates/Bruteforcing/Many_OOK_SUBs/sub_files/Holtek-915/512/001_003.sub,sd_card_content/universal_rf/Gates/Bruteforcing/Many_OOK_SUBs/sub_files/Holtek-915/512/001_003.sub,rf,Gates,moved
sd_card_content/subghz_extra_dbs/Gates/Bruteforcing/Many_OOK_SUBs/sub_files/Holtek-915/512/002_004.sub,sd_card_content/universal_rf/Gates/Bruteforcing/Many_OOK_SUBs/sub_files/Holtek-915/512/002_004.sub,rf,Gates,moved
sd_card_content/subghz_extra_dbs/Gates/Bruteforcing/Many_OOK_SUBs/sub_files/Holtek-915/512/002_005.sub,sd_card_content/universal_rf/Gates/Bruteforcing/Many_OOK_SUBs/sub_files/Holtek-915/512/002_005.sub,rf,Gates,moved
sd_card_content/subghz_extra_dbs/Gates/Bruteforcing/Many_OOK_SUBs/sub_files/Holtek-915/512/003_006.sub,sd_card_content/universal_rf/Gates/Bruteforcing/Many_OOK_SUBs/sub_files/Holtek-915/512/003_006.sub,rf,Gates,moved
sd_card_content/subghz_extra_dbs/Gates/Bruteforcing/Many_OOK_SUBs/sub_files/Holtek-915/512/003_007.sub,sd_card_content/universal_rf/Gates/Bruteforcing/Many_OOK_SUBs/sub_files/Holtek-915/512/003_007.sub,rf,Gates,moved
sd_card_content/subghz_extra_dbs/Gates/Bruteforcing/Many_OOK_SUBs/sub_files/Holtek-915/debruijn.sub,sd_card_content/universal_rf/Gates/Bruteforcing/Many_OOK_SUBs/sub_files/Holtek-915/debruijn.sub,rf,Gates,moved
sd_card_content/subghz_extra_dbs/Gates/Bruteforcing/Many_OOK_SUBs/sub_files/Linear-10bit-300/128/000_000.sub,sd_card_content/universal_rf/Gates/Bruteforcing/Many_OOK_SUBs/sub_files/Linear-10bit-300/128/000_000.sub,rf,Gates,moved
sd_card_content/subghz_extra_dbs/Gates/Bruteforcing/Many_OOK_SUBs/sub_files/Linear-10bit-300/128/000_001.sub,sd_card_content/universal_rf/Gates/Bruteforcing/Many_OOK_SUBs/sub_files/Linear-10bit-300/128/000_001.sub,rf,Gates,moved
sd_card_content/subghz_extra_dbs/Gates/Bruteforcing/Many_OOK_SUBs/sub_files/Linear-10bit-300/128/001_002.sub,sd_card_content/universal_rf/Gates/Bruteforcing/Many_OOK_SUBs/sub_files/Linear-10bit-300/128/001_002.sub,rf,Gates,moved
sd_card_content/subghz_extra_dbs/Gates/Bruteforcing/Many_OOK_SUBs/sub_files/Linear-10bit-300/128/001_003.sub,sd_card_content/universal_rf/Gates/Bruteforcing/Many_OOK_SUBs/sub_files/Linear-10bit-300/128/001_003.sub,rf,Gates,moved
sd_card_content/subghz_extra_dbs/Gates/Bruteforcing/Many_OOK_SUBs/sub_files/Linear-10bit-300/128/002_004.sub,sd_card_content/universal_rf/Gates/Bruteforcing/Many_OOK_SUBs/sub_files/Linear-10bit-300/128/002_004.sub,rf,Gates,moved
sd_card_content/subghz_extra_dbs/Gates/Bruteforcing/Many_OOK_SUBs/sub_files/Linear-10bit-300/128/002_005.sub,sd_card_content/universal_rf/Gates/Bruteforcing/Many_OOK_SUBs/sub_files/Linear-10bit-300/128/002_005.sub,rf,Gates,moved
sd_card_content/subghz_extra_dbs/Gates/Bruteforcing/Many_OOK_SUBs/sub_files/Linear-10bit-300/128/003_006.sub,sd_card_content/universal_rf/Gates/Bruteforcing/Many_OOK_SUBs/sub_files/Linear-10bit-300/128/003_006.sub,rf,Gates,moved
sd_card_content/subghz_extra_dbs/Gates/Bruteforcing/Many_OOK_SUBs/sub_files/Linear-10bit-300/128/003_007.sub,sd_card_content/universal_rf/Gates/Bruteforcing/Many_OOK_SUBs/sub_files/Linear-10bit-300/128/003_007.sub,rf,Gates,moved
sd_card_content/subghz_extra_dbs/Gates/Bruteforcing/Many_OOK_SUBs/sub_files/Linear-10bit-300/256/000_000.sub,sd_card_content/universal_rf/Gates/Bruteforcing/Many_OOK_SUBs/sub_files/Linear-10bit-300/256/000_000.sub,rf,Gates,moved
sd_card_content/subghz_extra_dbs/Gates/Bruteforcing/Many_OOK_SUBs/sub_files/Linear-10bit-300/256/000_001.sub,sd_card_content/universal_rf/Gates/Bruteforcing/Many_OOK_SUBs/sub_files/Linear-10bit-300/256/000_001.sub,rf,Gates,moved
sd_card_content/subghz_extra_dbs/Gates/Bruteforcing/Many_OOK_SUBs/sub_files/Linear-10bit-300/256/001_002.sub,sd_card_content/universal_rf/Gates/Bruteforcing/Many_OOK_SUBs/sub_files/Linear-10bit-300/256/001_002.sub,rf,Gates,moved
sd_card_content/subghz_extra_dbs/Gates/Bruteforcing/Many_OOK_SUBs/sub_files/Linear-10bit-300/256/001_003.sub,sd_card_content/universal_rf/Gates/Bruteforcing/Many_OOK_SUBs/sub_files/Linear-10bit-300/256/001_003.sub,rf,Gates,moved
sd_card_content/subghz_extra_dbs/Gates/Bruteforcing/Many_OOK_SUBs/sub_files/Linear-10bit-300/32/000_000.sub,sd_card_content/universal_rf/Gates/Bruteforcing/Many_OOK_SUBs/sub_files/Linear-10bit-300/32/000_000.sub,rf,Gates,moved
sd_card_content/subghz_extra_dbs/Gates/Bruteforcing/Many_OOK_SUBs/sub_files/Linear-10bit-300/32/000_001.sub,sd_card_content/universal_rf/Gates/Bruteforcing/Many_OOK_SUBs/sub_files/Linear-10bit-300/32/000_001.sub,rf,Gates,moved
sd_card_content/subghz_extra_dbs/Gates/Bruteforcing/Many_OOK_SUBs/sub_files/Linear-10bit-300/32/001_002.sub,sd_card_content/universal_rf/Gates/Bruteforcing/Many_OOK_SUBs/sub_files/Linear-10bit-300/32/001_002.sub,rf,Gates,moved
sd_card_content/subghz_extra_dbs/Gates/Bruteforcing/Many_OOK_SUBs/sub_files/Linear-10bit-300/32/001_003.sub,sd_card_content/universal_rf/Gates/Bruteforcing/Many_OOK_SUBs/sub_files/Linear-10bit-300/32/001_003.sub,rf,Gates,moved
sd_card_content/subghz_extra_dbs/Gates/Bruteforcing/Many_OOK_SUBs/sub_files/Linear-10bit-300/32/002_004.sub,sd_card_content/universal_rf/Gates/Bruteforcing/Many_OOK_SUBs/sub_files/Linear-10bit-300/32/002_004.sub,rf,Gates,moved
sd_card_content/subghz_extra_dbs/Gates/Bruteforcing/Many_OOK_SUBs/sub_files/Linear-10bit-300/32/002_005.sub,sd_card_content/universal_rf/Gates/Bruteforcing/Many_OOK_SUBs/sub_files/Linear-10bit-300/32/002_005.sub,rf,Gates,moved
sd_card_content/subghz_extra_dbs/Gates/Bruteforcing/Many_OOK_SUBs/sub_files/Linear-10bit-300/32/003_006.sub,sd_card_content/universal_rf/Gates/Bruteforcing/Many_OOK_SUBs/sub_files/Linear-10bit-300/32/003_006.sub,rf,Gates,moved
sd_card_content/subghz_extra_dbs/Gates/Bruteforcing/Many_OOK_SUBs/sub_files/Linear-10bit-300/32/003_007.sub,sd_card_content/universal_rf/Gates/Bruteforcing/Many_OOK_SUBs/sub_files/Linear-10bit-300/32/003_007.sub,rf,Gates,moved
sd_card_content/subghz_extra_dbs/Gates/Bruteforcing/Many_OOK_SUBs/sub_files/Linear-10bit-300/32/004_008.sub,sd_card_content/universal_rf/Gates/Bruteforcing/Many_OOK_SUBs/sub_files/Linear-10bit-300/32/004_008.sub,rf,Gates,moved
sd_card_content/subghz_extra_dbs/Gates/Bruteforcing/Many_OOK_SUBs/sub_files/Linear-10bit-300/32/004_009.sub,sd_card_content/universal_rf/Gates/Bruteforcing/Many_OOK_SUBs/sub_files/Linear-10bit-300/32/004_009.sub,rf,Gates,moved
sd_card_content/subghz_extra_dbs/Gates/Bruteforcing/Many_OOK_SUBs/sub_files/Linear-10bit-300/32/005_010.sub,sd_card_content/universal_rf/Gates/Bruteforcing/Many_OOK_SUBs/sub_files/Linear-10bit-300/32/005_010.sub,rf,Gates,moved
sd_card_content/subghz_extra_dbs/Gates/Bruteforcing/Many_OOK_SUBs/sub_files/Linear-10bit-300/32/005_011.sub,sd_card_content/universal_rf/Gates/Bruteforcing/Many_OOK_SUBs/sub_files/Linear-10bit-300/32/005_011.sub,rf,Gates,moved
sd_card_content/subghz_extra_dbs/Gates/Bruteforcing/Many_OOK_SUBs/sub_files/Linear-10bit-300/32/006_012.sub,sd_card_content/universal_rf/Gates/Bruteforcing/Many_OOK_SUBs/sub_files/Linear-10bit-300/32/006_012.sub,rf,Gates,moved
sd_card_content/subghz_extra_dbs/Gates/Bruteforcing/Many_OOK_SUBs/sub_files/Linear-10bit-300/32/006_013.sub,sd_card_content/universal_rf/Gates/Bruteforcing/Many_OOK_SUBs/sub_files/Linear-10bit-300/32/006_013.sub,rf,Gates,moved
sd_card_content/subghz_extra_dbs/Gates/Bruteforcing/Many_OOK_SUBs/sub_files/Linear-10bit-300/32/007_014.sub,sd_card_content/universal_rf/Gates/Bruteforcing/Many_OOK_SUBs/sub_files/Linear-10bit-300/32/007_014.sub,rf,Gates,moved
sd_card_content/subghz_extra_dbs/Gates/Bruteforcing/Many_OOK_SUBs/sub_files/Linear-10bit-300/32/007_015.sub,sd_card_content/universal_rf/Gates/Bruteforcing/Many_OOK_SUBs/sub_files/Linear-10bit-300/32/007_015.sub,rf,Gates,moved
sd_card_content/subghz_extra_dbs/Gates/Bruteforcing/Many_OOK_SUBs/sub_files/Linear-10bit-300/32/008_016.sub,sd_card_content/universal_rf/Gates/Bruteforcing/Many_OOK_SUBs/sub_files/Linear-10bit-300/32/008_016.sub,rf,Gates,moved
sd_card_content/subghz_extra_dbs/Gates/Bruteforcing/Many_OOK_SUBs/sub_files/Linear-10bit-300/32/008_017.sub,sd_card_content/universal_rf/Gates/Bruteforcing/Many_OOK_SUBs/sub_files/Linear-10bit-300/32/008_017.sub,rf,Gates,moved
sd_card_content/subghz_extra_dbs/Gates/Bruteforcing/Many_OOK_SUBs/sub_files/Linear-10bit-300/32/009_018.sub,sd_card_content/universal_rf/Gates/Bruteforcing/Many_OOK_SUBs/sub_files/Linear-10bit-300/32/009_018.sub,rf,Gates,moved
sd_card_content/subghz_extra_dbs/Gates/Bruteforcing/Many_OOK_SUBs/sub_files/Linear-10bit-300/32/009_019.sub,sd_card_content/universal_rf/Gates/Bruteforcing/Many_OOK_SUBs/sub_files/Linear-10bit-300/32/009_019.sub,rf,Gates,moved
sd_card_content/subghz_extra_dbs/Gates/Bruteforcing/Many_OOK_SUBs/sub_files/Linear-10bit-300/32/010_020.sub,sd_card_content/universal_rf/Gates/Bruteforcing/Many_OOK_SUBs/sub_files/Linear-10bit-300/32/010_020.sub,rf,Gates,moved
sd_card_content/subghz_extra_dbs/Gates/Bruteforcing/Many_OOK_SUBs/sub_files/Linear-10bit-300/32/010_021.sub,sd_card_content/universal_rf/Gates/Bruteforcing/Many_OOK_SUBs/sub_files/Linear-10bit-300/32/010_021.sub,rf,Gates,moved
sd_card_content/subghz_extra_dbs/Gates/Bruteforcing/Many_OOK_SUBs/sub_files/Linear-10bit-300/32/011_022.sub,sd_card_content/universal_rf/Gates/Bruteforcing/Many_OOK_SUBs/sub_files/Linear-10bit-300/32/011_022.sub,rf,Gates,moved
sd_card_content/subghz_extra_dbs/Gates/Bruteforcing/Many_OOK_SUBs/sub_files/Linear-10bit-300/32/011_023.sub,sd_card_content/universal_rf/Gates/Bruteforcing/Many_OOK_SUBs/sub_files/Linear-10bit-300/32/011_023.sub,rf,Gates,moved
sd_card_content/subghz_extra_dbs/Gates/Bruteforcing/Many_OOK_SUBs/sub_files/Linear-10bit-300/32/012_024.sub,sd_card_content/universal_rf/Gates/Bruteforcing/Many_OOK_SUBs/sub_files/Linear-10bit-300/32/012_024.sub,rf,Gates,moved
sd_card_content/subghz_extra_dbs/Gates/Bruteforcing/Many_OOK_SUBs/sub_files/Linear-10bit-300/32/012_025.sub,sd_card_content/universal_rf/Gates/Bruteforcing/Many_OOK_SUBs/sub_files/Linear-10bit-300/32/012_025.sub,rf,Gates,moved
sd_card_content/subghz_extra_dbs/Gates/Bruteforcing/Many_OOK_SUBs/sub_files/Linear-10bit-300/32/013_026.sub,sd_card_content/universal_rf/Gates/Bruteforcing/Many_OOK_SUBs/sub_files/Linear-10bit-300/32/013_026.sub,rf,Gates,moved
sd_card_content/subghz_extra_dbs/Gates/Bruteforcing/Many_OOK_SUBs/sub_files/Linear-10bit-300/32/013_027.sub,sd_card_content/universal_rf/Gates/Bruteforcing/Many_OOK_SUBs/sub_files/Linear-10bit-300/32/013_027.sub,rf,Gates,moved
sd_card_content/subghz_extra_dbs/Gates/Bruteforcing/Many_OOK_SUBs/sub_files/Linear-10bit-300/32/014_028.sub,sd_card_content/universal_rf/Gates/Bruteforcing/Many_OOK_SUBs/sub_files/Linear-10bit-300/32/014_028.sub,rf,Gates,moved
sd_card_content/subghz_extra_dbs/Gates/Bruteforcing/Many_OOK_SUBs/sub_files/Linear-10bit-300/32/014_029.sub,sd_card_content/universal_rf/Gates/Bruteforcing/Many_OOK_SUBs/sub_files/Linear-10bit-300/32/014_029.sub,rf,Gates,moved
sd_card_content/subghz_extra_dbs/Gates/Bruteforcing/Many_OOK_SUBs/sub_files/Linear-10bit-300/32/015_030.sub,sd_card_content/universal_rf/Gates/Bruteforcing/Many_OOK_SUBs/sub_files/Linear-10bit-300/32/015_030.sub,rf,Gates,moved
sd_card_content/subghz_extra_dbs/Gates/Bruteforcing/Many_OOK_SUBs/sub_files/Linear-10bit-300/32/015_031.sub,sd_card_content/universal_rf/Gates/Bruteforcing/Many_OOK_SUBs/sub_files/Linear-10bit-300/32/015_031.sub,rf,Gates,moved
sd_card_content/subghz_extra_dbs/Gates/Bruteforcing/Many_OOK_SUBs/sub_files/Linear-10bit-300/64/000_000.sub,sd_card_content/universal_rf/Gates/Bruteforcing/Many_OOK_SUBs/sub_files/Linear-10bit-300/64/000_000.sub,rf,Gates,moved
sd_card_content/subghz_extra_dbs/Gates/Bruteforcing/Many_OOK_SUBs/sub_files/Linear-10bit-300/64/000_001.sub,sd_card_content/universal_rf/Gates/Bruteforcing/Many_OOK_SUBs/sub_files/Linear-10bit-300/64/000_001.sub,rf,Gates,moved
sd_card_content/subghz_extra_dbs/Gates/Bruteforcing/Many_OOK_SUBs/sub_files/Linear-10bit-300/64/001_002.sub,sd_card_content/universal_rf/Gates/Bruteforcing/Many_OOK_SUBs/sub_files/Linear-10bit-300/64/001_002.sub,rf,Gates,moved
sd_card_content/subghz_extra_dbs/Gates/Bruteforcing/Many_OOK_SUBs/sub_files/Linear-10bit-300/64/001_003.sub,sd_card_content/universal_rf/Gates/Bruteforcing/Many_OOK_SUBs/sub_files/Linear-10bit-300/64/001_003.sub,rf,Gates,moved
sd_card_content/subghz_extra_dbs/Gates/Bruteforcing/Many_OOK_SUBs/sub_files/Linear-10bit-300/64/002_004.sub,sd_card_content/universal_rf/Gates/Bruteforcing/Many_OOK_SUBs/sub_files/Linear-10bit-300/64/002_004.sub,rf,Gates,moved
sd_card_content/subghz_extra_dbs/Gates/Bruteforcing/Many_OOK_SUBs/sub_files/Linear-10bit-300/64/002_005.sub,sd_card_content/universal_rf/Gates/Bruteforcing/Many_OOK_SUBs/sub_files/Linear-10bit-300/64/002_005.sub,rf,Gates,moved
sd_card_content/subghz_extra_dbs/Gates/Bruteforcing/Many_OOK_SUBs/sub_files/Linear-10bit-300/64/003_006.sub,sd_card_content/universal_rf/Gates/Bruteforcing/Many_OOK_SUBs/sub_files/Linear-10bit-300/64/003_006.sub,rf,Gates,moved
sd_card_content/subghz_extra_dbs/Gates/Bruteforcing/Many_OOK_SUBs/sub_files/Linear-10bit-300/64/003_007.sub,sd_card_content/universal_rf/Gates/Bruteforcing/Many_OOK_SUBs/sub_files/Linear-10bit-300/64/003_007.sub,rf,Gates,moved
sd_card_content/subghz_extra_dbs/Gates/Bruteforcing/Many_OOK_SUBs/sub_files/Linear-10bit-300/64/004_008.sub,sd_card_content/universal_rf/Gates/Bruteforcing/Many_OOK_SUBs/sub_files/Linear-10bit-300/64/004_008.sub,rf,Gates,moved
sd_card_content/subghz_extra_dbs/Gates/Bruteforcing/Many_OOK_SUBs/sub_files/Linear-10bit-300/64/004_009.sub,sd_card_content/universal_rf/Gates/Bruteforcing/Many_OOK_SUBs/sub_files/Linear-10bit-300/64/004_009.sub,rf,Gates,moved
sd_card_content/subghz_extra_dbs/Gates/Bruteforcing/Many_OOK_SUBs/sub_files/Linear-10bit-300/64/005_010.sub,sd_card_content/universal_rf/Gates/Bruteforcing/Many_OOK_SUBs/sub_files/Linear-10bit-300/64/005_010.sub,rf,Gates,moved
sd_card_content/subghz_extra_dbs/Gates/Bruteforcing/Many_OOK_SUBs/sub_files/Linear-10bit-300/64/005_011.sub,sd_card_content/universal_rf/Gates/Bruteforcing/Many_OOK_SUBs/sub_files/Linear-10bit-300/64/005_011.sub,rf,Gates,moved
sd_card_content/subghz_extra_dbs/Gates/Bruteforcing/Many_OOK_SUBs/sub_files/Linear-10bit-300/64/006_012.sub,sd_card_content/universal_rf/Gates/Bruteforcing/Many_OOK_SUBs/sub_files/Linear-10bit-300/64/006_012.sub,rf,Gates,moved
sd_card_content/subghz_extra_dbs/Gates/Bruteforcing/Many_OOK_SUBs/sub_files/Linear-10bit-300/64/006_013.sub,sd_card_content/universal_rf/Gates/Bruteforcing/Many_OOK_SUBs/sub_files/Linear-10bit-300/64/006_013.sub,rf,Gates,moved
sd_card_content/subghz_extra_dbs/Gates/Bruteforcing/Many_OOK_SUBs/sub_files/Linear-10bit-300/64/007_014.sub,sd_card_content/universal_rf/Gates/Bruteforcing/Many_OOK_SUBs/sub_files/Linear-10bit-300/64/007_014.sub,rf,Gates,moved
sd_card_content/subghz_extra_dbs/Gates/Bruteforcing/Many_OOK_SUBs/sub_files/Linear-10bit-300/64/007_015.sub,sd_card_content/universal_rf/Gates/Bruteforcing/Many_OOK_SUBs/sub_files/Linear-10bit-300/64/007_015.sub,rf,Gates,moved
sd_card_content/subghz_extra_dbs/Gates/Bruteforcing/Many_OOK_SUBs/sub_files/Linear-10bit-300/debruijn.sub,sd_card_content/universal_rf/Gates/Bruteforcing/Many_OOK_SUBs/sub_files/Linear-10bit-300/debruijn.sub,rf,Gates,moved
sd_card_content/subghz_extra_dbs/Gates/Bruteforcing/Many_OOK_SUBs/sub_files/Linear-10bit-310/128/000_000.sub,sd_card_content/universal_rf/Gates/Bruteforcing/Many_OOK_SUBs/sub_files/Linear-10bit-310/128/000_000.sub,rf,Gates,moved
sd_card_content/subghz_extra_dbs/Gates/Bruteforcing/Many_OOK_SUBs/sub_files/Linear-10bit-310/128/000_001.sub,sd_card_content/universal_rf/Gates/Bruteforcing/Many_OOK_SUBs/sub_files/Linear-10bit-310/128/000_001.sub,rf,Gates,moved
sd_card_content/subghz_extra_dbs/Gates/Bruteforcing/Many_OOK_SUBs/sub_files/Linear-10bit-310/128/001_002.sub,sd_card_content/universal_rf/Gates/Bruteforcing/Many_OOK_SUBs/sub_files/Linear-10bit-310/128/001_002.sub,rf,Gates,moved
sd_card_content/subghz_extra_dbs/Gates/Bruteforcing/Many_OOK_SUBs/sub_files/Linear-10bit-310/128/001_003.sub,sd_card_content/universal_rf/Gates/Bruteforcing/Many_OOK_SUBs/sub_files/Linear-10bit-310/128/001_003.sub,rf,Gates,moved
sd_card_content/subghz_extra_dbs/Gates/Bruteforcing/Many_OOK_SUBs/sub_files/Linear-10bit-310/128/002_004.sub,sd_card_content/universal_rf/Gates/Bruteforcing/Many_OOK_SUBs/sub_files/Linear-10bit-310/128/002_004.sub,rf,Gates,moved
sd_card_content/subghz_extra_dbs/Gates/Bruteforcing/Many_OOK_SUBs/sub_files/Linear-10bit-310/128/002_005.sub,sd_card_content/universal_rf/Gates/Bruteforcing/Many_OOK_SUBs/sub_files/Linear-10bit-310/128/002_005.sub,rf,Gates,moved
sd_card_content/subghz_extra_dbs/Gates/Bruteforcing/Many_OOK_SUBs/sub_files/Linear-10bit-310/128/003_006.sub,sd_card_content/universal_rf/Gates/Bruteforcing/Many_OOK_SUBs/sub_files/Linear-10bit-310/128/003_006.sub,rf,Gates,moved
sd_card_content/subghz_extra_dbs/Gates/Bruteforcing/Many_OOK_SUBs/sub_files/Linear-10bit-310/128/003_007.sub,sd_card_content/universal_rf/Gates/Bruteforcing/Many_OOK_SUBs/sub_files/Linear-10bit-310/128/003_007.sub,rf,Gates,moved
sd_card_content/subghz_extra_dbs/Gates/Bruteforcing/Many_OOK_SUBs/sub_files/Linear-10bit-310/256/000_000.sub,sd_card_content/universal_rf/Gates/Bruteforcing/Many_OOK_SUBs/sub_files/Linear-10bit-310/256/000_000.sub,rf,Gates,moved
sd_card_content/subghz_extra_dbs/Gates/Bruteforcing/Many_OOK_SUBs/sub_files/Linear-10bit-310/256/000_001.sub,sd_card_content/universal_rf/Gates/Bruteforcing/Many_OOK_SUBs/sub_files/Linear-10bit-310/256/000_001.sub,rf,Gates,moved
sd_card_content/subghz_extra_dbs/Gates/Bruteforcing/Many_OOK_SUBs/sub_files/Linear-10bit-310/256/001_002.sub,sd_card_content/universal_rf/Gates/Bruteforcing/Many_OOK_SUBs/sub_files/Linear-10bit-310/256/001_002.sub,rf,Gates,moved
sd_card_content/subghz_extra_dbs/Gates/Bruteforcing/Many_OOK_SUBs/sub_files/Linear-10bit-310/256/001_003.sub,sd_card_content/universal_rf/Gates/Bruteforcing/Many_OOK_SUBs/sub_files/Linear-10bit-310/256/001_003.sub,rf,Gates,moved
sd_card_content/subghz_extra_dbs/Gates/Bruteforcing/Many_OOK_SUBs/sub_files/Linear-10bit-310/32/000_000.sub,sd_card_content/universal_rf/Gates/Bruteforcing/Many_OOK_SUBs/sub_files/Linear-10bit-310/32/000_000.sub,rf,Gates,moved
sd_card_content/subghz_extra_dbs/Gates/Bruteforcing/Many_OOK_SUBs/sub_files/Linear-10bit-310/32/000_001.sub,sd_card_content/universal_rf/Gates/Bruteforcing/Many_OOK_SUBs/sub_files/Linear-10bit-310/32/000_001.sub,rf,Gates,moved
sd_card_content/subghz_extra_dbs/Gates/Bruteforcing/Many_OOK_SUBs/sub_files/Linear-10bit-310/32/001_002.sub,sd_card_content/universal_rf/Gates/Bruteforcing/Many_OOK_SUBs/sub_files/Linear-10bit-310/32/001_002.sub,rf,Gates,moved
sd_card_content/subghz_extra_dbs/Gates/Bruteforcing/Many_OOK_SUBs/sub_files/Linear-10bit-310/32/001_003.sub,sd_card_content/universal_rf/Gates/Bruteforcing/Many_OOK_SUBs/sub_files/Linear-10bit-310/32/001_003.sub,rf,Gates,moved
sd_card_content/subghz_extra_dbs/Gates/Bruteforcing/Many_OOK_SUBs/sub_files/Linear-10bit-310/32/002_004.sub,sd_card_content/universal_rf/Gates/Bruteforcing/Many_OOK_SUBs/sub_files/Linear-10bit-310/32/002_004.sub,rf,Gates,moved
sd_card_content/subghz_extra_dbs/Gates/Bruteforcing/Many_OOK_SUBs/sub_files/Linear-10bit-310/32/002_005.sub,sd_card_content/universal_rf/Gates/Bruteforcing/Many_OOK_SUBs/sub_files/Linear-10bit-310/32/002_005.sub,rf,Gates,moved
sd_card_content/subghz_extra_dbs/Gates/Bruteforcing/Many_OOK_SUBs/sub_files/Linear-10bit-310/32/003_006.sub,sd_card_content/universal_rf/Gates/Bruteforcing/Many_OOK_SUBs/sub_files/Linear-10bit-310/32/003_006.sub,rf,Gates,moved
sd_card_content/subghz_extra_dbs/Gates/Bruteforcing/Many_OOK_SUBs/sub_files/Linear-10bit-310/32/003_007.sub,sd_card_content/universal_rf/Gates/Bruteforcing/Many_OOK_SUBs/sub_files/Linear-10bit-310/32/003_007.sub,rf,Gates,moved
sd_card_content/subghz_extra_dbs/Gates/Bruteforcing/Many_OOK_SUBs/sub_files/Linear-10bit-310/32/004_008.sub,sd_card_content/universal_rf/Gates/Bruteforcing/Many_OOK_SUBs/sub_files/Linear-10bit-310/32/004_008.sub,rf,Gates,moved
sd_card_content/subghz_extra_dbs/Gates/Bruteforcing/Many_OOK_SUBs/sub_files/Linear-10bit-310/32/004_009.sub,sd_card_content/universal_rf/Gates/Bruteforcing/Many_OOK_SUBs/sub_files/Linear-10bit-310/32/004_009.sub,rf,Gates,moved
sd_card_content/subghz_extra_dbs/Gates/Bruteforcing/Many_OOK_SUBs/sub_files/Linear-10bit-310/32/005_010.sub,sd_card_content/universal_rf/Gates/Bruteforcing/Many_OOK_SUBs/sub_files/Linear-10bit-310/32/005_010.sub,rf,Gates,moved
sd_card_content/subghz_extra_dbs/Gates/Bruteforcing/Many_OOK_SUBs/sub_files/Linear-10bit-310/32/005_011.sub,sd_card_content/universal_rf/Gates/Bruteforcing/Many_OOK_SUBs/sub_files/Linear-10bit-310/32/005_011.sub,rf,Gates,moved
sd_card_content/subghz_extra_dbs/Gates/Bruteforcing/Many_OOK_SUBs/sub_files/Linear-10bit-310/32/006_012.sub,sd_card_content/universal_rf/Gates/Bruteforcing/Many_OOK_SUBs/sub_files/Linear-10bit-310/32/006_012.sub,rf,Gates,moved
sd_card_content/subghz_extra_dbs/Gates/Bruteforcing/Many_OOK_SUBs/sub_files/Linear-10bit-310/32/006_013.sub,sd_card_content/universal_rf/Gates/Bruteforcing/Many_OOK_SUBs/sub_files/Linear-10bit-310/32/006_013.sub,rf,Gates,moved
sd_card_content/subghz_extra_dbs/Gates/Bruteforcing/Many_OOK_SUBs/sub_files/Linear-10bit-310/32/007_014.sub,sd_card_content/universal_rf/Gates/Bruteforcing/Many_OOK_SUBs/sub_files/Linear-10bit-310/32/007_014.sub,rf,Gates,moved
sd_card_content/subghz_extra_dbs/Gates/Bruteforcing/Many_OOK_SUBs/sub_files/Linear-10bit-310/32/007_015.sub,sd_card_content/universal_rf/Gates/Bruteforcing/Many_OOK_SUBs/sub_files/Linear-10bit-310/32/007_015.sub,rf,Gates,moved
sd_card_content/subghz_extra_dbs/Gates/Bruteforcing/Many_OOK_SUBs/sub_files/Linear-10bit-310/32/008_016.sub,sd_card_content/universal_rf/Gates/Bruteforcing/Many_OOK_SUBs/sub_files/Linear-10bit-310/32/008_016.sub,rf,Gates,moved
sd_card_content/subghz_extra_dbs/Gates/Bruteforcing/Many_OOK_SUBs/sub_files/Linear-10bit-310/32/008_017.sub,sd_card_content/universal_rf/Gates/Bruteforcing/Many_OOK_SUBs/sub_files/Linear-10bit-310/32/008_017.sub,rf,Gates,moved
sd_card_content/subghz_extra_dbs/Gates/Bruteforcing/Many_OOK_SUBs/sub_files/Linear-10bit-310/32/009_018.sub,sd_card_content/universal_rf/Gates/Bruteforcing/Many_OOK_SUBs/sub_files/Linear-10bit-310/32/009_018.sub,rf,Gates,moved
sd_card_content/subghz_extra_dbs/Gates/Bruteforcing/Many_OOK_SUBs/sub_files/Linear-10bit-310/32/009_019.sub,sd_card_content/universal_rf/Gates/Bruteforcing/Many_OOK_SUBs/sub_files/Linear-10bit-310/32/009_019.sub,rf,Gates,moved
sd_card_content/subghz_extra_dbs/Gates/Bruteforcing/Many_OOK_SUBs/sub_files/Linear-10bit-310/32/010_020.sub,sd_card_content/universal_rf/Gates/Bruteforcing/Many_OOK_SUBs/sub_files/Linear-10bit-310/32/010_020.sub,rf,Gates,moved
sd_card_content/subghz_extra_dbs/Gates/Bruteforcing/Many_OOK_SUBs/sub_files/Linear-10bit-310/32/010_021.sub,sd_card_content/universal_rf/Gates/Bruteforcing/Many_OOK_SUBs/sub_files/Linear-10bit-310/32/010_021.sub,rf,Gates,moved
sd_card_content/subghz_extra_dbs/Gates/Bruteforcing/Many_OOK_SUBs/sub_files/Linear-10bit-310/32/011_022.sub,sd_card_content/universal_rf/Gates/Bruteforcing/Many_OOK_SUBs/sub_files/Linear-10bit-310/32/011_022.sub,rf,Gates,moved
sd_card_content/subghz_extra_dbs/Gates/Bruteforcing/Many_OOK_SUBs/sub_files/Linear-10bit-310/32/011_023.sub,sd_card_content/universal_rf/Gates/Bruteforcing/Many_OOK_SUBs/sub_files/Linear-10bit-310/32/011_023.sub,rf,Gates,moved
sd_card_content/subghz_extra_dbs/Gates/Bruteforcing/Many_OOK_SUBs/sub_files/Linear-10bit-310/32/012_024.sub,sd_card_content/universal_rf/Gates/Bruteforcing/Many_OOK_SUBs/sub_files/Linear-10bit-310/32/012_024.sub,rf,Gates,moved
sd_card_content/subghz_extra_dbs/Gates/Bruteforcing/Many_OOK_SUBs/sub_files/Linear-10bit-310/32/012_025.sub,sd_card_content/universal_rf/Gates/Bruteforcing/Many_OOK_SUBs/sub_files/Linear-10bit-310/32/012_025.sub,rf,Gates,moved
sd_card_content/subghz_extra_dbs/Gates/Bruteforcing/Many_OOK_SUBs/sub_files/Linear-10bit-310/32/013_026.sub,sd_card_content/universal_rf/Gates/Bruteforcing/Many_OOK_SUBs/sub_files/Linear-10bit-310/32/013_026.sub,rf,Gates,moved
sd_card_content/subghz_extra_dbs/Gates/Bruteforcing/Many_OOK_SUBs/sub_files/Linear-10bit-310/32/013_027.sub,sd_card_content/universal_rf/Gates/Bruteforcing/Many_OOK_SUBs/sub_files/Linear-10bit-310/32/013_027.sub,rf,Gates,moved
sd_card_content/subghz_extra_dbs/Gates/Bruteforcing/Many_OOK_SUBs/sub_files/Linear-10bit-310/32/014_028.sub,sd_card_content/universal_rf/Gates/Bruteforcing/Many_OOK_SUBs/sub_files/Linear-10bit-310/32/014_028.sub,rf,Gates,moved
sd_card_content/subghz_extra_dbs/Gates/Bruteforcing/Many_OOK_SUBs/sub_files/Linear-10bit-310/32/014_029.sub,sd_card_content/universal_rf/Gates/Bruteforcing/Many_OOK_SUBs/sub_files/Linear-10bit-310/32/014_029.sub,rf,Gates,moved
sd_card_content/subghz_extra_dbs/Gates/Bruteforcing/Many_OOK_SUBs/sub_files/Linear-10bit-310/32/015_030.sub,sd_card_content/universal_rf/Gates/Bruteforcing/Many_OOK_SUBs/sub_files/Linear-10bit-310/32/015_030.sub,rf,Gates,moved
sd_card_content/subghz_extra_dbs/Gates/Bruteforcing/Many_OOK_SUBs/sub_files/Linear-10bit-310/32/015_031.sub,sd_card_content/universal_rf/Gates/Bruteforcing/Many_OOK_SUBs/sub_files/Linear-10bit-310/32/015_031.sub,rf,Gates,moved
sd_card_content/subghz_extra_dbs/Gates/Bruteforcing/Many_OOK_SUBs/sub_files/Linear-10bit-310/64/000_000.sub,sd_card_content/universal_rf/Gates/Bruteforcing/Many_OOK_SUBs/sub_files/Linear-10bit-310/64/000_000.sub,rf,Gates,moved
sd_card_content/subghz_extra_dbs/Gates/Bruteforcing/Many_OOK_SUBs/sub_files/Linear-10bit-310/64/000_001.sub,sd_card_content/universal_rf/Gates/Bruteforcing/Many_OOK_SUBs/sub_files/Linear-10bit-310/64/000_001.sub,rf,Gates,moved
sd_card_content/subghz_extra_dbs/Gates/Bruteforcing/Many_OOK_SUBs/sub_files/Linear-10bit-310/64/001_002.sub,sd_card_content/universal_rf/Gates/Bruteforcing/Many_OOK_SUBs/sub_files/Linear-10bit-310/64/001_002.sub,rf,Gates,moved
sd_card_content/subghz_extra_dbs/Gates/Bruteforcing/Many_OOK_SUBs/sub_files/Linear-10bit-310/64/001_003.sub,sd_card_content/universal_rf/Gates/Bruteforcing/Many_OOK_SUBs/sub_files/Linear-10bit-310/64/001_003.sub,rf,Gates,moved
sd_card_content/subghz_extra_dbs/Gates/Bruteforcing/Many_OOK_SUBs/sub_files/Linear-10bit-310/64/002_004.sub,sd_card_content/universal_rf/Gates/Bruteforcing/Many_OOK_SUBs/sub_files/Linear-10bit-310/64/002_004.sub,rf,Gates,moved
sd_card_content/subghz_extra_dbs/Gates/Bruteforcing/Many_OOK_SUBs/sub_files/Linear-10bit-310/64/002_005.sub,sd_card_content/universal_rf/Gates/Bruteforcing/Many_OOK_SUBs/sub_files/Linear-10bit-310/64/002_005.sub,rf,Gates,moved
sd_card_content/subghz_extra_dbs/Gates/Bruteforcing/Many_OOK_SUBs/sub_files/Linear-10bit-310/64/003_006.sub,sd_card_content/universal_rf/Gates/Bruteforcing/Many_OOK_SUBs/sub_files/Linear-10bit-310/64/003_006.sub,rf,Gates,moved
sd_card_content/subghz_extra_dbs/Gates/Bruteforcing/Many_OOK_SUBs/sub_files/Linear-10bit-310/64/003_007.sub,sd_card_content/universal_rf/Gates/Bruteforcing/Many_OOK_SUBs/sub_files/Linear-10bit-310/64/003_007.sub,rf,Gates,moved
sd_card_content/subghz_extra_dbs/Gates/Bruteforcing/Many_OOK_SUBs/sub_files/Linear-10bit-310/64/004_008.sub,sd_card_content/universal_rf/Gates/Bruteforcing/Many_OOK_SUBs/sub_files/Linear-10bit-310/64/004_008.sub,rf,Gates,moved
sd_card_content/subghz_extra_dbs/Gates/Bruteforcing/Many_OOK_SUBs/sub_files/Linear-10bit-310/64/004_009.sub,sd_card_content/universal_rf/Gates/Bruteforcing/Many_OOK_SUBs/sub_files/Linear-10bit-310/64/004_009.sub,rf,Gates,moved
sd_card_content/subghz_extra_dbs/Gates/Bruteforcing/Many_OOK_SUBs/sub_files/Linear-10bit-310/64/005_010.sub,sd_card_content/universal_rf/Gates/Bruteforcing/Many_OOK_SUBs/sub_files/Linear-10bit-310/64/005_010.sub,rf,Gates,moved
sd_card_content/subghz_extra_dbs/Gates/Bruteforcing/Many_OOK_SUBs/sub_files/Linear-10bit-310/64/005_011.sub,sd_card_content/universal_rf/Gates/Bruteforcing/Many_OOK_SUBs/sub_files/Linear-10bit-310/64/005_011.sub,rf,Gates,moved
sd_card_content/subghz_extra_dbs/Gates/Bruteforcing/Many_OOK_SUBs/sub_files/Linear-10bit-310/64/006_012.sub,sd_card_content/universal_rf/Gates/Bruteforcing/Many_OOK_SUBs/sub_files/Linear-10bit-310/64/006_012.sub,rf,Gates,moved
sd_card_content/subghz_extra_dbs/Gates/Bruteforcing/Many_OOK_SUBs/sub_files/Linear-10bit-310/64/006_013.sub,sd_card_content/universal_rf/Gates/Bruteforcing/Many_OOK_SUBs/sub_files/Linear-10bit-310/64/006_013.sub,rf,Gates,moved
sd_card_content/subghz_extra_dbs/Gates/Bruteforcing/Many_OOK_SUBs/sub_files/Linear-10bit-310/64/007_014.sub,sd_card_content/universal_rf/Gates/Bruteforcing/Many_OOK_SUBs/sub_files/Linear-10bit-310/64/007_014.sub,rf,Gates,moved
sd_card_content/subghz_extra_dbs/Gates/Bruteforcing/Many_OOK_SUBs/sub_files/Linear-10bit-310/64/007_015.sub,sd_card_content/universal_rf/Gates/Bruteforcing/Many_OOK_SUBs/sub_files/Linear-10bit-310/64/007_015.sub,rf,Gates,moved
sd_card_content/subghz_extra_dbs/Gates/Bruteforcing/Many_OOK_SUBs/sub_files/Linear-10bit-310/debruijn.sub,sd_card_content/universal_rf/Gates/Bruteforcing/Many_OOK_SUBs/sub_files/Linear-10bit-310/debruijn.sub,rf,Gates,moved
sd_card_content/subghz_extra_dbs/Gates/Bruteforcing/Many_OOK_SUBs/sub_files/NICE-12bit-433/128/000_000.sub,sd_card_content/universal_rf/Gates/Bruteforcing/Many_OOK_SUBs/sub_files/NICE-12bit-433/128/000_000.sub,rf,Gates,moved
sd_card_content/subghz_extra_dbs/Gates/Bruteforcing/Many_OOK_SUBs/sub_files/NICE-12bit-433/128/000_001.sub,sd_card_content/universal_rf/Gates/Bruteforcing/Many_OOK_SUBs/sub_files/NICE-12bit-433/128/000_001.sub,rf,Gates,moved
sd_card_content/subghz_extra_dbs/Gates/Bruteforcing/Many_OOK_SUBs/sub_files/NICE-12bit-433/128/001_002.sub,sd_card_content/universal_rf/Gates/Bruteforcing/Many_OOK_SUBs/sub_files/NICE-12bit-433/128/001_002.sub,rf,Gates,moved
sd_card_content/subghz_extra_dbs/Gates/Bruteforcing/Many_OOK_SUBs/sub_files/NICE-12bit-433/128/001_003.sub,sd_card_content/universal_rf/Gates/Bruteforcing/Many_OOK_SUBs/sub_files/NICE-12bit-433/128/001_003.sub,rf,Gates,moved
sd_card_content/subghz_extra_dbs/Gates/Bruteforcing/Many_OOK_SUBs/sub_files/NICE-12bit-433/128/002_004.sub,sd_card_content/universal_rf/Gates/Bruteforcing/Many_OOK_SUBs/sub_files/NICE-12bit-433/128/002_004.sub,rf,Gates,moved
sd_card_content/subghz_extra_dbs/Gates/Bruteforcing/Many_OOK_SUBs/sub_files/NICE-12bit-433/128/002_005.sub,sd_card_content/universal_rf/Gates/Bruteforcing/Many_OOK_SUBs/sub_files/NICE-12bit-433/128/002_005.sub,rf,Gates,moved
sd_card_content/subghz_extra_dbs/Gates/Bruteforcing/Many_OOK_SUBs/sub_files/NICE-12bit-433/128/003_006.sub,sd_card_content/universal_rf/Gates/Bruteforcing/Many_OOK_SUBs/sub_files/NICE-12bit-433/128/003_006.sub,rf,Gates,moved
sd_card_content/subghz_extra_dbs/Gates/Bruteforcing/Many_OOK_SUBs/sub_files/NICE-12bit-433/128/003_007.sub,sd_card_content/universal_rf/Gates/Bruteforcing/Many_OOK_SUBs/sub_files/NICE-12bit-433/128/003_007.sub,rf,Gates,moved
sd_card_content/subghz_extra_dbs/Gates/Bruteforcing/Many_OOK_SUBs/sub_files/NICE-12bit-433/128/004_008.sub,sd_card_content/universal_rf/Gates/Bruteforcing/Many_OOK_SUBs/sub_files/NICE-12bit-433/128/004_008.sub,rf,Gates,moved
sd_card_content/subghz_extra_dbs/Gates/Bruteforcing/Many_OOK_SUBs/sub_files/NICE-12bit-433/128/004_009.sub,sd_card_content/universal_rf/Gates/Bruteforcing/Many_OOK_SUBs/sub_files/NICE-12bit-433/128/004_009.sub,rf,Gates,moved
sd_card_content/subghz_extra_dbs/Gates/Bruteforcing/Many_OOK_SUBs/sub_files/NICE-12bit-433/128/005_010.sub,sd_card_content/universal_rf/Gates/Bruteforcing/Many_OOK_SUBs/sub_files/NICE-12bit-433/128/005_010.sub,rf,Gates,moved
sd_card_content/subghz_extra_dbs/Gates/Bruteforcing/Many_OOK_SUBs/sub_files/NICE-12bit-433/128/005_011.sub,sd_card_content/universal_rf/Gates/Bruteforcing/Many_OOK_SUBs/sub_files/NICE-12bit-433/128/005_011.sub,rf,Gates,moved
sd_card_content/subghz_extra_dbs/Gates/Bruteforcing/Many_OOK_SUBs/sub_files/NICE-12bit-433/128/006_012.sub,sd_card_content/universal_rf/Gates/Bruteforcing/Many_OOK_SUBs/sub_files/NICE-12bit-433/128/006_012.sub,rf,Gates,moved
sd_card_content/subghz_extra_dbs/Gates/Bruteforcing/Many_OOK_SUBs/sub_files/NICE-12bit-433/128/006_013.sub,sd_card_content/universal_rf/Gates/Bruteforcing/Many_OOK_SUBs/sub_files/NICE-12bit-433/128/006_013.sub,rf,Gates,moved
sd_card_content/subghz_extra_dbs/Gates/Bruteforcing/Many_OOK_SUBs/sub_files/NICE-12bit-433/128/007_014.sub,sd_card_content/universal_rf/Gates/Bruteforcing/Many_OOK_SUBs/sub_files/NICE-12bit-433/128/007_014.sub,rf,Gates,moved
sd_card_content/subghz_extra_dbs/Gates/Bruteforcing/Many_OOK_SUBs/sub_files/NICE-12bit-433/128/007_015.sub,sd_card_content/universal_rf/Gates/Bruteforcing/Many_OOK_SUBs/sub_files/NICE-12bit-433/128/007_015.sub,rf,Gates,moved
sd_card_content/subghz_extra_dbs/Gates/Bruteforcing/Many_OOK_SUBs/sub_files/NICE-12bit-433/128/008_016.sub,sd_card_content/universal_rf/Gates/Bruteforcing/Many_OOK_SUBs/sub_files/NICE-12bit-433/128/008_016.sub,rf,Gates,moved
sd_card_content/subghz_extra_dbs/Gates/Bruteforcing/Many_OOK_SUBs/sub_files/NICE-12bit-433/128/008_017.sub,sd_card_content/universal_rf/Gates/Bruteforcing/Many_OOK_SUBs/sub_files/NICE-12bit-433/128/008_017.sub,rf,Gates,moved
sd_card_content/subghz_extra_dbs/Gates/Bruteforcing/Many_OOK_SUBs/sub_files/NICE-12bit-433/128/009_018.sub,sd_card_content/universal_rf/Gates/Bruteforcing/Many_OOK_SUBs/sub_files/NICE-12bit-433/128/009_018.sub,rf,Gates,moved
sd_card_content/subghz_extra_dbs/Gates/Bruteforcing/Many_OOK_SUBs/sub_files/NICE-12bit-433/128/009_019.sub,sd_card_content/universal_rf/Gates/Bruteforcing/Many_OOK_SUBs/sub_files/NICE-12bit-433/128/009_019.sub,rf,Gates,moved
sd_card_content/subghz_extra_dbs/Gates/Bruteforcing/Many_OOK_SUBs/sub_files/NICE-12bit-433/128/010_020.sub,sd_card_content/universal_rf/Gates/Bruteforcing/Many_OOK_SUBs/sub_files/NICE-12bit-433/128/010_020.sub,rf,Gates,moved
sd_card_content/subghz_extra_dbs/Gates/Bruteforcing/Many_OOK_SUBs/sub_files/NICE-12bit-433/128/010_021.sub,sd_card_content/universal_rf/Gates/Bruteforcing/Many_OOK_SUBs/sub_files/NICE-12bit-433/128/010_021.sub,rf,Gates,moved
sd_card_content/subghz_extra_dbs/Gates/Bruteforcing/Many_OOK_SUBs/sub_files/NICE-12bit-433/128/011_022.sub,sd_card_content/universal_rf/Gates/Bruteforcing/Many_OOK_SUBs/sub_files/NICE-12bit-433/128/011_022.sub,rf,Gates,moved
sd_card_content/subghz_extra_dbs/Gates/Bruteforcing/Many_OOK_SUBs/sub_files/NICE-12bit-433/128/011_023.sub,sd_card_content/universal_rf/Gates/Bruteforcing/Many_OOK_SUBs/sub_files/NICE-12bit-433/128/011_023.sub,rf,Gates,moved
sd_card_content/subghz_extra_dbs/Gates/Bruteforcing/Many_OOK_SUBs/sub_files/NICE-12bit-433/128/012_024.sub,sd_card_content/universal_rf/Gates/Bruteforcing/Many_OOK_SUBs/sub_files/NICE-12bit-433/128/012_024.sub,rf,Gates,moved
sd_card_content/subghz_extra_dbs/Gates/Bruteforcing/Many_OOK_SUBs/sub_files/NICE-12bit-433/128/012_025.sub,sd_card_content/universal_rf/Gates/Bruteforcing/Many_OOK_SUBs/sub_files/NICE-12bit-433/128/012_025.sub,rf,Gates,moved
sd_card_content/subghz_extra_dbs/Gates/Bruteforcing/Many_OOK_SUBs/sub_files/NICE-12bit-433/128/013_026.sub,sd_card_content/universal_rf/Gates/Bruteforcing/Many_OOK_SUBs/sub_files/NICE-12bit-433/128/013_026.sub,rf,Gates,moved
sd_card_content/subghz_extra_dbs/Gates/Bruteforcing/Many_OOK_SUBs/sub_files/NICE-12bit-433/128/013_027.sub,sd_card_content/universal_rf/Gates/Bruteforcing/Many_OOK_SUBs/sub_files/NICE-12bit-433/128/013_027.sub,rf,Gates,moved
sd_card_content/subghz_extra_dbs/Gates/Bruteforcing/Many_OOK_SUBs/sub_files/NICE-12bit-433/128/014_028.sub,sd_card_content/universal_rf/Gates/Bruteforcing/Many_OOK_SUBs/sub_files/NICE-12bit-433/128/014_028.sub,rf,Gates,moved
sd_card_content/subghz_extra_dbs/Gates/Bruteforcing/Many_OOK_SUBs/sub_files/NICE-12bit-433/128/014_029.sub,sd_card_content/universal_rf/Gates/Bruteforcing/Many_OOK_SUBs/sub_files/NICE-12bit-433/128/014_029.sub,rf,Gates,moved
sd_card_content/subghz_extra_dbs/Gates/Bruteforcing/Many_OOK_SUBs/sub_files/NICE-12bit-433/128/015_030.sub,sd_card_content/universal_rf/Gates/Bruteforcing/Many_OOK_SUBs/sub_files/NICE-12bit-433/128/015_030.sub,rf,Gates,moved
sd_card_content/subghz_extra_dbs/Gates/Bruteforcing/Many_OOK_SUBs/sub_files/NICE-12bit-433/128/015_031.sub,sd_card_content/universal_rf/Gates/Bruteforcing/Many_OOK_SUBs/sub_files/NICE-12bit-433/128/015_031.sub,rf,Gates,moved
sd_card_content/subghz_extra_dbs/Gates/Bruteforcing/Many_OOK_SUBs/sub_files/NICE-12bit-433/256/000_000.sub,sd_card_content/universal_rf/Gates/Bruteforcing/Many_OOK_SUBs/sub_files/NICE-12bit-433/256/000_000.sub,rf,Gates,moved
sd_card_content/subghz_extra_dbs/Gates/Bruteforcing/Many_OOK_SUBs/sub_files/NICE-12bit-433/256/000_001.sub,sd_card_content/universal_rf/Gates/Bruteforcing/Many_OOK_SUBs/sub_files/NICE-12bit-433/256/000_001.sub,rf,Gates,moved
sd_card_content/subghz_extra_dbs/Gates/Bruteforcing/Many_OOK_SUBs/sub_files/NICE-12bit-433/256/001_002.sub,sd_card_content/universal_rf/Gates/Bruteforcing/Many_OOK_SUBs/sub_files/NICE-12bit-433/256/001_002.sub,rf,Gates,moved
sd_card_content/subghz_extra_dbs/Gates/Bruteforcing/Many_OOK_SUBs/sub_files/NICE-12bit-433/256/001_003.sub,sd_card_content/universal_rf/Gates/Bruteforcing/Many_OOK_SUBs/sub_files/NICE-12bit-433/256/001_003.sub,rf,Gates,moved
sd_card_content/subghz_extra_dbs/Gates/Bruteforcing/Many_OOK_SUBs/sub_files/NICE-12bit-433/256/002_004.sub,sd_card_content/universal_rf/Gates/Bruteforcing/Many_OOK_SUBs/sub_files/NICE-12bit-433/256/002_004.sub,rf,Gates,moved
sd_card_content/subghz_extra_dbs/Gates/Bruteforcing/Many_OOK_SUBs/sub_files/NICE-12bit-433/256/002_005.sub,sd_card_content/universal_rf/Gates/Bruteforcing/Many_OOK_SUBs/sub_files/NICE-12bit-433/256/002_005.sub,rf,Gates,moved
sd_card_content/subghz_extra_dbs/Gates/Bruteforcing/Many_OOK_SUBs/sub_files/NICE-12bit-433/256/003_006.sub,sd_card_content/universal_rf/Gates/Bruteforcing/Many_OOK_SUBs/sub_files/NICE-12bit-433/256/003_006.sub,rf,Gates,moved
sd_card_content/subghz_extra_dbs/Gates/Bruteforcing/Many_OOK_SUBs/sub_files/NICE-12bit-433/256/003_007.sub,sd_card_content/universal_rf/Gates/Bruteforcing/Many_OOK_SUBs/sub_files/NICE-12bit-433/256/003_007.sub,rf,Gates,moved
sd_card_content/subghz_extra_dbs/Gates/Bruteforcing/Many_OOK_SUBs/sub_files/NICE-12bit-433/256/004_008.sub,sd_card_content/universal_rf/Gates/Bruteforcing/Many_OOK_SUBs/sub_files/NICE-12bit-433/256/004_008.sub,rf,Gates,moved
sd_card_content/subghz_extra_dbs/Gates/Bruteforcing/Many_OOK_SUBs/sub_files/NICE-12bit-433/256/004_009.sub,sd_card_content/universal_rf/Gates/Bruteforcing/Many_OOK_SUBs/sub_files/NICE-12bit-433/256/004_009.sub,rf,Gates,moved
sd_card_content/subghz_extra_dbs/Gates/Bruteforcing/Many_OOK_SUBs/sub_files/NICE-12bit-433/256/005_010.sub,sd_card_content/universal_rf/Gates/Bruteforcing/Many_OOK_SUBs/sub_files/NICE-12bit-433/256/005_010.sub,rf,Gates,moved
sd_card_content/subghz_extra_dbs/Gates/Bruteforcing/Many_OOK_SUBs/sub_files/NICE-12bit-433/256/005_011.sub,sd_card_content/universal_rf/Gates/Bruteforcing/Many_OOK_SUBs/sub_files/NICE-12bit-433/256/005_011.sub,rf,Gates,moved
sd_card_content/subghz_extra_dbs/Gates/Bruteforcing/Many_OOK_SUBs/sub_files/NICE-12bit-433/256/006_012.sub,sd_card_content/universal_rf/Gates/Bruteforcing/Many_OOK_SUBs/sub_files/NICE-12bit-433/256/006_012.sub,rf,Gates,moved
sd_card_content/subghz_extra_dbs/Gates/Bruteforcing/Many_OOK_SUBs/sub_files/NICE-12bit-433/256/006_013.sub,sd_card_content/universal_rf/Gates/Bruteforcing/Many_OOK_SUBs/sub_files/NICE-12bit-433/256/006_013.sub,rf,Gates,moved
sd_card_content/subghz_extra_dbs/Gates/Bruteforcing/Many_OOK_SUBs/sub_files/NICE-12bit-433/256/007_014.sub,sd_card_content/universal_rf/Gates/Bruteforcing/Many_OOK_SUBs/sub_files/NICE-12bit-433/256/007_014.sub,rf,Gates,moved
sd_card_content/subghz_extra_dbs/Gates/Bruteforcing/Many_OOK_SUBs/sub_files/NICE-12bit-433/256/007_015.sub,sd_card_content/universal_rf/Gates/Bruteforcing/Many_OOK_SUBs/sub_files/NICE-12bit-433/256/007_015.sub,rf,Gates,moved
sd_card_content/subghz_extra_dbs/Gates/Bruteforcing/Many_OOK_SUBs/sub_files/NICE-12bit-433/512/000_000.sub,sd_card_content/universal_rf/Gates/Bruteforcing/Many_OOK_SUBs/sub_files/NICE-12bit-433/512/000_000.sub,rf,Gates,moved
sd_card_content/subghz_extra_dbs/Gates/Bruteforcing/Many_OOK_SUBs/sub_files/NICE-12bit-433/512/000_001.sub,sd_card_content/universal_rf/Gates/Bruteforcing/Many_OOK_SUBs/sub_files/NICE-12bit-433/512/000_001.sub,rf,Gates,moved
sd_card_content/subghz_extra_dbs/Gates/Bruteforcing/Many_OOK_SUBs/sub_files/NICE-12bit-433/512/001_002.sub,sd_card_content/universal_rf/Gates/Bruteforcing/Many_OOK_SUBs/sub_files/NICE-12bit-433/512/001_002.sub,rf,Gates,moved
sd_card_content/subghz_extra_dbs/Gates/Bruteforcing/Many_OOK_SUBs/sub_files/NICE-12bit-433/512/001_003.sub,sd_card_content/universal_rf/Gates/Bruteforcing/Many_OOK_SUBs/sub_files/NICE-12bit-433/512/001_003.sub,rf,Gates,moved
sd_card_content/subghz_extra_dbs/Gates/Bruteforcing/Many_OOK_SUBs/sub_files/NICE-12bit-433/512/002_004.sub,sd_card_content/universal_rf/Gates/Bruteforcing/Many_OOK_SUBs/sub_files/NICE-12bit-433/512/002_004.sub,rf,Gates,moved
sd_card_content/subghz_extra_dbs/Gates/Bruteforcing/Many_OOK_SUBs/sub_files/NICE-12bit-433/512/002_005.sub,sd_card_content/universal_rf/Gates/Bruteforcing/Many_OOK_SUBs/sub_files/NICE-12bit-433/512/002_005.sub,rf,Gates,moved
sd_card_content/subghz_extra_dbs/Gates/Bruteforcing/Many_OOK_SUBs/sub_files/NICE-12bit-433/512/003_006.sub,sd_card_content/universal_rf/Gates/Bruteforcing/Many_OOK_SUBs/sub_files/NICE-12bit-433/512/003_006.sub,rf,Gates,moved
sd_card_content/subghz_extra_dbs/Gates/Bruteforcing/Many_OOK_SUBs/sub_files/NICE-12bit-433/512/003_007.sub,sd_card_content/universal_rf/Gates/Bruteforcing/Many_OOK_SUBs/sub_files/NICE-12bit-433/512/003_007.sub,rf,Gates,moved
sd_card_content/subghz_extra_dbs/Gates/Bruteforcing/Many_OOK_SUBs/sub_files/NICE-12bit-433/debruijn.sub,sd_card_content/universal_rf/Gates/Bruteforcing/Many_OOK_SUBs/sub_files/NICE-12bit-433/debruijn.sub,rf,Gates,moved
sd_card_content/subghz_extra_dbs/Gates/Bruteforcing/Many_OOK_SUBs/sub_files/NICE-12bit-868/128/000_000.sub,sd_card_content/universal_rf/Gates/Bruteforcing/Many_OOK_SUBs/sub_files/NICE-12bit-868/128/000_000.sub,rf,Gates,moved
sd_card_content/subghz_extra_dbs/Gates/Bruteforcing/Many_OOK_SUBs/sub_files/NICE-12bit-868/128/000_001.sub,sd_card_content/universal_rf/Gates/Bruteforcing/Many_OOK_SUBs/sub_files/NICE-12bit-868/128/000_001.sub,rf,Gates,moved
sd_card_content/subghz_extra_dbs/Gates/Bruteforcing/Many_OOK_SUBs/sub_files/NICE-12bit-868/128/001_002.sub,sd_card_content/universal_rf/Gates/Bruteforcing/Many_OOK_SUBs/sub_files/NICE-12bit-868/128/001_002.sub,rf,Gates,moved
sd_card_content/subghz_extra_dbs/Gates/Bruteforcing/Many_OOK_SUBs/sub_files/NICE-12bit-868/128/001_003.sub,sd_card_content/universal_rf/Gates/Bruteforcing/Many_OOK_SUBs/sub_files/NICE-12bit-868/128/001_003.sub,rf,Gates,moved
sd_card_content/subghz_extra_dbs/Gates/Bruteforcing/Many_OOK_SUBs/sub_files/NICE-12bit-868/128/002_004.sub,sd_card_content/universal_rf/Gates/Bruteforcing/Many_OOK_SUBs/sub_files/NICE-12bit-868/128/002_004.sub,rf,Gates,moved
sd_card_content/subghz_extra_dbs/Gates/Bruteforcing/Many_OOK_SUBs/sub_files/NICE-12bit-868/128/002_005.sub,sd_card_content/universal_rf/Gates/Bruteforcing/Many_OOK_SUBs/sub_files/NICE-12bit-868/128/002_005.sub,rf,Gates,moved
sd_card_content/subghz_extra_dbs/Gates/Bruteforcing/Many_OOK_SUBs/sub_files/NICE-12bit-868/128/003_006.sub,sd_card_content/universal_rf/Gates/Bruteforcing/Many_OOK_SUBs/sub_files/NICE-12bit-868/128/003_006.sub,rf,Gates,moved
sd_card_content/subghz_extra_dbs/Gates/Bruteforcing/Many_OOK_SUBs/sub_files/NICE-12bit-868/128/003_007.sub,sd_card_content/universal_rf/Gates/Bruteforcing/Many_OOK_SUBs/sub_files/NICE-12bit-868/128/003_007.sub,rf,Gates,moved
sd_card_content/subghz_extra_dbs/Gates/Bruteforcing/Many_OOK_SUBs/sub_files/NICE-12bit-868/128/004_008.sub,sd_card_content/universal_rf/Gates/Bruteforcing/Many_OOK_SUBs/sub_files/NICE-12bit-868/128/004_008.sub,rf,Gates,moved
sd_card_content/subghz_extra_dbs/Gates/Bruteforcing/Many_OOK_SUBs/sub_files/NICE-12bit-868/128/004_009.sub,sd_card_content/universal_rf/Gates/Bruteforcing/Many_OOK_SUBs/sub_files/NICE-12bit-868/128/004_009.sub,rf,Gates,moved
sd_card_content/subghz_extra_dbs/Gates/Bruteforcing/Many_OOK_SUBs/sub_files/NICE-12bit-868/128/005_010.sub,sd_card_content/universal_rf/Gates/Bruteforcing/Many_OOK_SUBs/sub_files/NICE-12bit-868/128/005_010.sub,rf,Gates,moved
sd_card_content/subghz_extra_dbs/Gates/Bruteforcing/Many_OOK_SUBs/sub_files/NICE-12bit-868/128/005_011.sub,sd_card_content/universal_rf/Gates/Bruteforcing/Many_OOK_SUBs/sub_files/NICE-12bit-868/128/005_011.sub,rf,Gates,moved
sd_card_content/subghz_extra_dbs/Gates/Bruteforcing/Many_OOK_SUBs/sub_files/NICE-12bit-868/128/006_012.sub,sd_card_content/universal_rf/Gates/Bruteforcing/Many_OOK_SUBs/sub_files/NICE-12bit-868/128/006_012.sub,rf,Gates,moved
sd_card_content/subghz_extra_dbs/Gates/Bruteforcing/Many_OOK_SUBs/sub_files/NICE-12bit-868/128/006_013.sub,sd_card_content/universal_rf/Gates/Bruteforcing/Many_OOK_SUBs/sub_files/NICE-12bit-868/128/006_013.sub,rf,Gates,moved
sd_card_content/subghz_extra_dbs/Gates/Bruteforcing/Many_OOK_SUBs/sub_files/NICE-12bit-868/128/007_014.sub,sd_card_content/universal_rf/Gates/Bruteforcing/Many_OOK_SUBs/sub_files/NICE-12bit-868/128/007_014.sub,rf,Gates,moved
sd_card_content/subghz_extra_dbs/Gates/Bruteforcing/Many_OOK_SUBs/sub_files/NICE-12bit-868/128/007_015.sub,sd_card_content/universal_rf/Gates/Bruteforcing/Many_OOK_SUBs/sub_files/NICE-12bit-868/128/007_015.sub,rf,Gates,moved
sd_card_content/subghz_extra_dbs/Gates/Bruteforcing/Many_OOK_SUBs/sub_files/NICE-12bit-868/128/008_016.sub,sd_card_content/universal_rf/Gates/Bruteforcing/Many_OOK_SUBs/sub_files/NICE-12bit-868/128/008_016.sub,rf,Gates,moved
sd_card_content/subghz_extra_dbs/Gates/Bruteforcing/Many_OOK_SUBs/sub_files/NICE-12bit-868/128/008_017.sub,sd_card_content/universal_rf/Gates/Bruteforcing/Many_OOK_SUBs/sub_files/NICE-12bit-868/128/008_017.sub,rf,Gates,moved
sd_card_content/subghz_extra_dbs/Gates/Bruteforcing/Many_OOK_SUBs/sub_files/NICE-12bit-868/128/009_018.sub,sd_card_content/universal_rf/Gates/Bruteforcing/Many_OOK_SUBs/sub_files/NICE-12bit-868/128/009_018.sub,rf,Gates,moved
sd_card_content/subghz_extra_dbs/Gates/Bruteforcing/Many_OOK_SUBs/sub_files/NICE-12bit-868/128/009_019.sub,sd_card_content/universal_rf/Gates/Bruteforcing/Many_OOK_SUBs/sub_files/NICE-12bit-868/128/009_019.sub,rf,Gates,moved
sd_card_content/subghz_extra_dbs/Gates/Bruteforcing/Many_OOK_SUBs/sub_files/NICE-12bit-868/128/010_020.sub,sd_card_content/universal_rf/Gates/Bruteforcing/Many_OOK_SUBs/sub_files/NICE-12bit-868/128/010_020.sub,rf,Gates,moved
sd_card_content/subghz_extra_dbs/Gates/Bruteforcing/Many_OOK_SUBs/sub_files/NICE-12bit-868/128/010_021.sub,sd_card_content/universal_rf/Gates/Bruteforcing/Many_OOK_SUBs/sub_files/NICE-12bit-868/128/010_021.sub,rf,Gates,moved
sd_card_content/subghz_extra_dbs/Gates/Bruteforcing/Many_OOK_SUBs/sub_files/NICE-12bit-868/128/011_022.sub,sd_card_content/universal_rf/Gates/Bruteforcing/Many_OOK_SUBs/sub_files/NICE-12bit-868/128/011_022.sub,rf,Gates,moved
sd_card_content/subghz_extra_dbs/Gates/Bruteforcing/Many_OOK_SUBs/sub_files/NICE-12bit-868/128/011_023.sub,sd_card_content/universal_rf/Gates/Bruteforcing/Many_OOK_SUBs/sub_files/NICE-12bit-868/128/011_023.sub,rf,Gates,moved
sd_card_content/subghz_extra_dbs/Gates/Bruteforcing/Many_OOK_SUBs/sub_files/NICE-12bit-868/128/012_024.sub,sd_card_content/universal_rf/Gates/Bruteforcing/Many_OOK_SUBs/sub_files/NICE-12bit-868/128/012_024.sub,rf,Gates,moved
sd_card_content/subghz_extra_dbs/Gates/Bruteforcing/Many_OOK_SUBs/sub_files/NICE-12bit-868/128/012_025.sub,sd_card_content/universal_rf/Gates/Bruteforcing/Many_OOK_SUBs/sub_files/NICE-12bit-868/128/012_025.sub,rf,Gates,moved
sd_card_content/subghz_extra_dbs/Gates/Bruteforcing/Many_OOK_SUBs/sub_files/NICE-12bit-868/128/013_026.sub,sd_card_content/universal_rf/Gates/Bruteforcing/Many_OOK_SUBs/sub_files/NICE-12bit-868/128/013_026.sub,rf,Gates,moved
sd_card_content/subghz_extra_dbs/Gates/Bruteforcing/Many_OOK_SUBs/sub_files/NICE-12bit-868/128/013_027.sub,sd_card_content/universal_rf/Gates/Bruteforcing/Many_OOK_SUBs/sub_files/NICE-12bit-868/128/013_027.sub,rf,Gates,moved
sd_card_content/subghz_extra_dbs/Gates/Bruteforcing/Many_OOK_SUBs/sub_files/NICE-12bit-868/128/014_028.sub,sd_card_content/universal_rf/Gates/Bruteforcing/Many_OOK_SUBs/sub_files/NICE-12bit-868/128/014_028.sub,rf,Gates,moved
sd_card_content/subghz_extra_dbs/Gates/Bruteforcing/Many_OOK_SUBs/sub_files/NICE-12bit-868/128/014_029.sub,sd_card_content/universal_rf/Gates/Bruteforcing/Many_OOK_SUBs/sub_files/NICE-12bit-868/128/014_029.sub,rf,Gates,moved
sd_card_content/subghz_extra_dbs/Gates/Bruteforcing/Many_OOK_SUBs/sub_files/NICE-12bit-868/128/015_030.sub,sd_card_content/universal_rf/Gates/Bruteforcing/Many_OOK_SUBs/sub_files/NICE-12bit-868/128/015_030.sub,rf,Gates,moved
sd_card_content/subghz_extra_dbs/Gates/Bruteforcing/Many_OOK_SUBs/sub_files/NICE-12bit-868/128/015_031.sub,sd_card_content/universal_rf/Gates/Bruteforcing/Many_OOK_SUBs/sub_files/NICE-12bit-868/128/015_031.sub,rf,Gates,moved
sd_card_content/subghz_extra_dbs/Gates/Bruteforcing/Many_OOK_SUBs/sub_files/NICE-12bit-868/256/000_000.sub,sd_card_content/universal_rf/Gates/Bruteforcing/Many_OOK_SUBs/sub_files/NICE-12bit-868/256/000_000.sub,rf,Gates,moved
sd_card_content/subghz_extra_dbs/Gates/Bruteforcing/Many_OOK_SUBs/sub_files/NICE-12bit-868/256/000_001.sub,sd_card_content/universal_rf/Gates/Bruteforcing/Many_OOK_SUBs/sub_files/NICE-12bit-868/256/000_001.sub,rf,Gates,moved
sd_card_content/subghz_extra_dbs/Gates/Bruteforcing/Many_OOK_SUBs/sub_files/NICE-12bit-868/256/001_002.sub,sd_card_content/universal_rf/Gates/Bruteforcing/Many_OOK_SUBs/sub_files/NICE-12bit-868/256/001_002.sub,rf,Gates,moved
sd_card_content/subghz_extra_dbs/Gates/Bruteforcing/Many_OOK_SUBs/sub_files/NICE-12bit-868/256/001_003.sub,sd_card_content/universal_rf/Gates/Bruteforcing/Many_OOK_SUBs/sub_files/NICE-12bit-868/256/001_003.sub,rf,Gates,moved
sd_card_content/subghz_extra_dbs/Gates/Bruteforcing/Many_OOK_SUBs/sub_files/NICE-12bit-868/256/002_004.sub,sd_card_content/universal_rf/Gates/Bruteforcing/Many_OOK_SUBs/sub_files/NICE-12bit-868/256/002_004.sub,rf,Gates,moved
sd_card_content/subghz_extra_dbs/Gates/Bruteforcing/Many_OOK_SUBs/sub_files/NICE-12bit-868/256/002_005.sub,sd_card_content/universal_rf/Gates/Bruteforcing/Many_OOK_SUBs/sub_files/NICE-12bit-868/256/002_005.sub,rf,Gates,moved
sd_card_content/subghz_extra_dbs/Gates/Bruteforcing/Many_OOK_SUBs/sub_files/NICE-12bit-868/256/003_006.sub,sd_card_content/universal_rf/Gates/Bruteforcing/Many_OOK_SUBs/sub_files/NICE-12bit-868/256/003_006.sub,rf,Gates,moved
sd_card_content/subghz_extra_dbs/Gates/Bruteforcing/Many_OOK_SUBs/sub_files/NICE-12bit-868/256/003_007.sub,sd_card_content/universal_rf/Gates/Bruteforcing/Many_OOK_SUBs/sub_files/NICE-12bit-868/256/003_007.sub,rf,Gates,moved
sd_card_content/subghz_extra_dbs/Gates/Bruteforcing/Many_OOK_SUBs/sub_files/NICE-12bit-868/256/004_008.sub,sd_card_content/universal_rf/Gates/Bruteforcing/Many_OOK_SUBs/sub_files/NICE-12bit-868/256/004_008.sub,rf,Gates,moved
sd_card_content/subghz_extra_dbs/Gates/Bruteforcing/Many_OOK_SUBs/sub_files/NICE-12bit-868/256/004_009.sub,sd_card_content/universal_rf/Gates/Bruteforcing/Many_OOK_SUBs/sub_files/NICE-12bit-868/256/004_009.sub,rf,Gates,moved
sd_card_content/subghz_extra_dbs/Gates/Bruteforcing/Many_OOK_SUBs/sub_files/NICE-12bit-868/256/005_010.sub,sd_card_content/universal_rf/Gates/Bruteforcing/Many_OOK_SUBs/sub_files/NICE-12bit-868/256/005_010.sub,rf,Gates,moved
sd_card_content/subghz_extra_dbs/Gates/Bruteforcing/Many_OOK_SUBs/sub_files/NICE-12bit-868/256/005_011.sub,sd_card_content/universal_rf/Gates/Bruteforcing/Many_OOK_SUBs/sub_files/NICE-12bit-868/256/005_011.sub,rf,Gates,moved
sd_card_content/subghz_extra_dbs/Gates/Bruteforcing/Many_OOK_SUBs/sub_files/NICE-12bit-868/256/006_012.sub,sd_card_content/universal_rf/Gates/Bruteforcing/Many_OOK_SUBs/sub_files/NICE-12bit-868/256/006_012.sub,rf,Gates,moved
sd_card_content/subghz_extra_dbs/Gates/Bruteforcing/Many_OOK_SUBs/sub_files/NICE-12bit-868/256/006_013.sub,sd_card_content/universal_rf/Gates/Bruteforcing/Many_OOK_SUBs/sub_files/NICE-12bit-868/256/006_013.sub,rf,Gates,moved
sd_card_content/subghz_extra_dbs/Gates/Bruteforcing/Many_OOK_SUBs/sub_files/NICE-12bit-868/256/007_014.sub,sd_card_content/universal_rf/Gates/Bruteforcing/Many_OOK_SUBs/sub_files/NICE-12bit-868/256/007_014.sub,rf,Gates,moved
sd_card_content/subghz_extra_dbs/Gates/Bruteforcing/Many_OOK_SUBs/sub_files/NICE-12bit-868/256/007_015.sub,sd_card_content/universal_rf/Gates/Bruteforcing/Many_OOK_SUBs/sub_files/NICE-12bit-868/256/007_015.sub,rf,Gates,moved
sd_card_content/subghz_extra_dbs/Gates/Bruteforcing/Many_OOK_SUBs/sub_files/NICE-12bit-868/512/000_000.sub,sd_card_content/universal_rf/Gates/Bruteforcing/Many_OOK_SUBs/sub_files/NICE-12bit-868/512/000_000.sub,rf,Gates,moved
sd_card_content/subghz_extra_dbs/Gates/Bruteforcing/Many_OOK_SUBs/sub_files/NICE-12bit-868/512/000_001.sub,sd_card_content/universal_rf/Gates/Bruteforcing/Many_OOK_SUBs/sub_files/NICE-12bit-868/512/000_001.sub,rf,Gates,moved
sd_card_content/subghz_extra_dbs/Gates/Bruteforcing/Many_OOK_SUBs/sub_files/NICE-12bit-868/512/001_002.sub,sd_card_content/universal_rf/Gates/Bruteforcing/Many_OOK_SUBs/sub_files/NICE-12bit-868/512/001_002.sub,rf,Gates,moved
sd_card_content/subghz_extra_dbs/Gates/Bruteforcing/Many_OOK_SUBs/sub_files/NICE-12bit-868/512/001_003.sub,sd_card_content/universal_rf/Gates/Bruteforcing/Many_OOK_SUBs/sub_files/NICE-12bit-868/512/001_003.sub,rf,Gates,moved
sd_card_content/subghz_extra_dbs/Gates/Bruteforcing/Many_OOK_SUBs/sub_files/NICE-12bit-868/512/002_004.sub,sd_card_content/universal_rf/Gates/Bruteforcing/Many_OOK_SUBs/sub_files/NICE-12bit-868/512/002_004.sub,rf,Gates,moved
sd_card_content/subghz_extra_dbs/Gates/Bruteforcing/Many_OOK_SUBs/sub_files/NICE-12bit-868/512/002_005.sub,sd_card_content/universal_rf/Gates/Bruteforcing/Many_OOK_SUBs/sub_files/NICE-12bit-868/512/002_005.sub,rf,Gates,moved
sd_card_content/subghz_extra_dbs/Gates/Bruteforcing/Many_OOK_SUBs/sub_files/NICE-12bit-868/512/003_006.sub,sd_card_content/universal_rf/Gates/Bruteforcing/Many_OOK_SUBs/sub_files/NICE-12bit-868/512/003_006.sub,rf,Gates,moved
sd_card_content/subghz_extra_dbs/Gates/Bruteforcing/Many_OOK_SUBs/sub_files/NICE-12bit-868/512/003_007.sub,sd_card_content/universal_rf/Gates/Bruteforcing/Many_OOK_SUBs/sub_files/NICE-12bit-868/512/003_007.sub,rf,Gates,moved
sd_card_content/subghz_extra_dbs/Gates/Bruteforcing/Many_OOK_SUBs/sub_files/NICE-12bit-868/debruijn.sub,sd_card_content/universal_rf/Gates/Bruteforcing/Many_OOK_SUBs/sub_files/NICE-12bit-868/debruijn.sub,rf,Gates,moved
sd_card_content/subghz_extra_dbs/Gates/Bruteforcing/Many_OOK_SUBs/sub_files/Spacca_pager-433/bf_1155100-1155299.sub,sd_card_content/universal_rf/Gates/Bruteforcing/Many_OOK_SUBs/sub_files/Spacca_pager-433/bf_1155100-1155299.sub,rf,Gates,moved
sd_card_content/subghz_extra_dbs/Gates/CAMEbruteforcer-main/1000/4000-4096.sub,sd_card_content/universal_rf/Gates/CAMEbruteforcer-main/1000/4000-4096.sub,rf,Gates,moved
sd_card_content/subghz_extra_dbs/Gates/CAMEbruteforcer-main/2000/4000-4096.sub,sd_card_content/universal_rf/Gates/CAMEbruteforcer-main/2000/4000-4096.sub,rf,Gates,moved
sd_card_content/subghz_extra_dbs/Gates/CAMEbruteforcer-main/500/4000-4096.sub,sd_card_content/universal_rf/Gates/CAMEbruteforcer-main/500/4000-4096.sub,rf,Gates,moved
sd_card_content/subghz_extra_dbs/Gates/OOK_8bit/128/000.sub,sd_card_content/universal_rf/Gates/OOK_8bit/128/000.sub,rf,Gates,moved
sd_card_content/subghz_extra_dbs/Gates/OOK_8bit/128/001.sub,sd_card_content/universal_rf/Gates/OOK_8bit/128/001.sub,rf,Gates,moved
sd_card_content/subghz_extra_dbs/Gates/OOK_8bit/16/000.sub,sd_card_content/universal_rf/Gates/OOK_8bit/16/000.sub,rf,Gates,moved
sd_card_content/subghz_extra_dbs/Gates/OOK_8bit/16/001.sub,sd_card_content/universal_rf/Gates/OOK_8bit/16/001.sub,rf,Gates,moved
sd_card_content/subghz_extra_dbs/Gates/OOK_8bit/16/002.sub,sd_card_content/universal_rf/Gates/OOK_8bit/16/002.sub,rf,Gates,moved
sd_card_content/subghz_extra_dbs/Gates/OOK_8bit/16/003.sub,sd_card_content/universal_rf/Gates/OOK_8bit/16/003.sub,rf,Gates,moved
sd_card_content/subghz_extra_dbs/Gates/OOK_8bit/16/004.sub,sd_card_content/universal_rf/Gates/OOK_8bit/16/004.sub,rf,Gates,moved
sd_card_content/subghz_extra_dbs/Gates/OOK_8bit/16/005.sub,sd_card_content/universal_rf/Gates/OOK_8bit/16/005.sub,rf,Gates,moved
sd_card_content/subghz_extra_dbs/Gates/OOK_8bit/16/006.sub,sd_card_content/universal_rf/Gates/OOK_8bit/16/006.sub,rf,Gates,moved
sd_card_content/subghz_extra_dbs/Gates/OOK_8bit/16/007.sub,sd_card_content/universal_rf/Gates/OOK_8bit/16/007.sub,rf,Gates,moved
sd_card_content/subghz_extra_dbs/Gates/OOK_8bit/16/008.sub,sd_card_content/universal_rf/Gates/OOK_8bit/16/008.sub,rf,Gates,moved
sd_card_content/subghz_extra_dbs/Gates/OOK_8bit/16/009.sub,sd_card_content/universal_rf/Gates/OOK_8bit/16/009.sub,rf,Gates,moved
sd_card_content/subghz_extra_dbs/Gates/OOK_8bit/16/010.sub,sd_card_content/universal_rf/Gates/OOK_8bit/16/010.sub,rf,Gates,moved
sd_card_content/subghz_extra_dbs/Gates/OOK_8bit/16/011.sub,sd_card_content/universal_rf/Gates/OOK_8bit/16/011.sub,rf,Gates,moved
sd_card_content/subghz_extra_dbs/Gates/OOK_8bit/16/012.sub,sd_card_content/universal_rf/Gates/OOK_8bit/16/012.sub,rf,Gates,moved
sd_card_content/subghz_extra_dbs/Gates/OOK_8bit/16/013.sub,sd_card_content/universal_rf/Gates/OOK_8bit/16/013.sub,rf,Gates,moved
sd_card_content/subghz_extra_dbs/Gates/OOK_8bit/16/014.sub,sd_card_content/universal_rf/Gates/OOK_8bit/16/014.sub,rf,Gates,moved
sd_card_content/subghz_extra_dbs/Gates/OOK_8bit/16/015.sub,sd_card_content/universal_rf/Gates/OOK_8bit/16/015.sub,rf,Gates,moved
sd_card_content/subghz_extra_dbs/Gates/OOK_8bit/256/000.sub,sd_card_content/universal_rf/Gates/OOK_8bit/256/000.sub,rf,Gates,moved
sd_card_content/subghz_extra_dbs/Gates/OOK_8bit/32/000.sub,sd_card_content/universal_rf/Gates/OOK_8bit/32/000.sub,rf,Gates,moved
sd_card_content/subghz_extra_dbs/Gates/OOK_8bit/32/001.sub,sd_card_content/universal_rf/Gates/OOK_8bit/32/001.sub,rf,Gates,moved
sd_card_content/subghz_extra_dbs/Gates/OOK_8bit/32/002.sub,sd_card_content/universal_rf/Gates/OOK_8bit/32/002.sub,rf,Gates,moved
sd_card_content/subghz_extra_dbs/Gates/OOK_8bit/32/003.sub,sd_card_content/universal_rf/Gates/OOK_8bit/32/003.sub,rf,Gates,moved
sd_card_content/subghz_extra_dbs/Gates/OOK_8bit/32/004.sub,sd_card_content/universal_rf/Gates/OOK_8bit/32/004.sub,rf,Gates,moved
sd_card_content/subghz_extra_dbs/Gates/OOK_8bit/32/005.sub,sd_card_content/universal_rf/Gates/OOK_8bit/32/005.sub,rf,Gates,moved
sd_card_content/subghz_extra_dbs/Gates/OOK_8bit/32/006.sub,sd_card_content/universal_rf/Gates/OOK_8bit/32/006.sub,rf,Gates,moved
sd_card_content/subghz_extra_dbs/Gates/OOK_8bit/32/007.sub,sd_card_content/universal_rf/Gates/OOK_8bit/32/007.sub,rf,Gates,moved
sd_card_content/subghz_extra_dbs/Gates/OOK_8bit/64/000.sub,sd_card_content/universal_rf/Gates/OOK_8bit/64/000.sub,rf,Gates,moved
sd_card_content/subghz_extra_dbs/Gates/OOK_8bit/64/001.sub,sd_card_content/universal_rf/Gates/OOK_8bit/64/001.sub,rf,Gates,moved
sd_card_content/subghz_extra_dbs/Gates/OOK_8bit/64/002.sub,sd_card_content/universal_rf/Gates/OOK_8bit/64/002.sub,rf,Gates,moved
sd_card_content/subghz_extra_dbs/Gates/OOK_8bit/64/003.sub,sd_card_content/universal_rf/Gates/OOK_8bit/64/003.sub,rf,Gates,moved
sd_card_content/subghz_extra_dbs/Gates/OOK_8bit/8/000.sub,sd_card_content/universal_rf/Gates/OOK_8bit/8/000.sub,rf,Gates,moved
sd_card_content/subghz_extra_dbs/Gates/OOK_8bit/8/001.sub,sd_card_content/universal_rf/Gates/OOK_8bit/8/001.sub,rf,Gates,moved
sd_card_content/subghz_extra_dbs/Gates/OOK_8bit/8/002.sub,sd_card_content/universal_rf/Gates/OOK_8bit/8/002.sub,rf,Gates,moved
sd_card_content/subghz_extra_dbs/Gates/OOK_8bit/8/003.sub,sd_card_content/universal_rf/Gates/OOK_8bit/8/003.sub,rf,Gates,moved
sd_card_content/subghz_extra_dbs/Gates/OOK_8bit/8/004.sub,sd_card_content/universal_rf/Gates/OOK_8bit/8/004.sub,rf,Gates,moved
sd_card_content/subghz_extra_dbs/Gates/OOK_8bit/8/005.sub,sd_card_content/universal_rf/Gates/OOK_8bit/8/005.sub,rf,Gates,moved
sd_card_content/subghz_extra_dbs/Gates/OOK_8bit/8/006.sub,sd_card_content/universal_rf/Gates/OOK_8bit/8/006.sub,rf,Gates,moved
sd_card_content/subghz_extra_dbs/Gates/OOK_8bit/8/007.sub,sd_card_content/universal_rf/Gates/OOK_8bit/8/007.sub,rf,Gates,moved
sd_card_content/subghz_extra_dbs/Gates/OOK_8bit/8/008.sub,sd_card_content/universal_rf/Gates/OOK_8bit/8/008.sub,rf,Gates,moved
sd_card_content/subghz_extra_dbs/Gates/OOK_8bit/8/009.sub,sd_card_content/universal_rf/Gates/OOK_8bit/8/009.sub,rf,Gates,moved
sd_card_content/subghz_extra_dbs/Gates/OOK_8bit/8/010.sub,sd_card_content/universal_rf/Gates/OOK_8bit/8/010.sub,rf,Gates,moved
sd_card_content/subghz_extra_dbs/Gates/OOK_8bit/8/011.sub,sd_card_content/universal_rf/Gates/OOK_8bit/8/011.sub,rf,Gates,moved
sd_card_content/subghz_extra_dbs/Gates/OOK_8bit/8/012.sub,sd_card_content/universal_rf/Gates/OOK_8bit/8/012.sub,rf,Gates,moved
sd_card_content/subghz_extra_dbs/Gates/OOK_8bit/8/013.sub,sd_card_content/universal_rf/Gates/OOK_8bit/8/013.sub,rf,Gates,moved
sd_card_content/subghz_extra_dbs/Gates/OOK_8bit/8/014.sub,sd_card_content/universal_rf/Gates/OOK_8bit/8/014.sub,rf,Gates,moved
sd_card_content/subghz_extra_dbs/Gates/OOK_8bit/8/015.sub,sd_card_content/universal_rf/Gates/OOK_8bit/8/015.sub,rf,Gates,moved
sd_card_content/subghz_extra_dbs/Gates/OOK_8bit/8/016.sub,sd_card_content/universal_rf/Gates/OOK_8bit/8/016.sub,rf,Gates,moved
sd_card_content/subghz_extra_dbs/Gates/OOK_8bit/8/017.sub,sd_card_content/universal_rf/Gates/OOK_8bit/8/017.sub,rf,Gates,moved
sd_card_content/subghz_extra_dbs/Gates/OOK_8bit/8/018.sub,sd_card_content/universal_rf/Gates/OOK_8bit/8/018.sub,rf,Gates,moved
sd_card_content/subghz_extra_dbs/Gates/OOK_8bit/8/019.sub,sd_card_content/universal_rf/Gates/OOK_8bit/8/019.sub,rf,Gates,moved
sd_card_content/subghz_extra_dbs/Gates/OOK_8bit/8/020.sub,sd_card_content/universal_rf/Gates/OOK_8bit/8/020.sub,rf,Gates,moved
sd_card_content/subghz_extra_dbs/Gates/OOK_8bit/8/021.sub,sd_card_content/universal_rf/Gates/OOK_8bit/8/021.sub,rf,Gates,moved
sd_card_content/subghz_extra_dbs/Gates/OOK_8bit/8/022.sub,sd_card_content/universal_rf/Gates/OOK_8bit/8/022.sub,rf,Gates,moved
sd_card_content/subghz_extra_dbs/Gates/OOK_8bit/8/023.sub,sd_card_content/universal_rf/Gates/OOK_8bit/8/023.sub,rf,Gates,moved
sd_card_content/subghz_extra_dbs/Gates/OOK_8bit/8/024.sub,sd_card_content/universal_rf/Gates/OOK_8bit/8/024.sub,rf,Gates,moved
sd_card_content/subghz_extra_dbs/Gates/OOK_8bit/8/025.sub,sd_card_content/universal_rf/Gates/OOK_8bit/8/025.sub,rf,Gates,moved
sd_card_content/subghz_extra_dbs/Gates/OOK_8bit/8/026.sub,sd_card_content/universal_rf/Gates/OOK_8bit/8/026.sub,rf,Gates,moved
sd_card_content/subghz_extra_dbs/Gates/OOK_8bit/8/027.sub,sd_card_content/universal_rf/Gates/OOK_8bit/8/027.sub,rf,Gates,moved
sd_card_content/subghz_extra_dbs/Gates/OOK_8bit/8/028.sub,sd_card_content/universal_rf/Gates/OOK_8bit/8/028.sub,rf,Gates,moved
sd_card_content/subghz_extra_dbs/Gates/OOK_8bit/8/029.sub,sd_card_content/universal_rf/Gates/OOK_8bit/8/029.sub,rf,Gates,moved
sd_card_content/subghz_extra_dbs/Gates/OOK_8bit/8/030.sub,sd_card_content/universal_rf/Gates/OOK_8bit/8/030.sub,rf,Gates,moved
sd_card_content/subghz_extra_dbs/Gates/OOK_8bit/8/031.sub,sd_card_content/universal_rf/Gates/OOK_8bit/8/031.sub,rf,Gates,moved
sd_card_content/subghz_extra_dbs/Gates/OOK_8bit/debruijn.sub,sd_card_content/universal_rf/Gates/OOK_8bit/debruijn.sub,rf,Gates,moved
sd_card_content/subghz_extra_dbs/Gates/OOK_CAME/128/000.sub,sd_card_content/universal_rf/Gates/OOK_CAME/128/000.sub,rf,Gates,moved
sd_card_content/subghz_extra_dbs/Gates/OOK_CAME/128/001.sub,sd_card_content/universal_rf/Gates/OOK_CAME/128/001.sub,rf,Gates,moved
sd_card_content/subghz_extra_dbs/Gates/OOK_CAME/128/002.sub,sd_card_content/universal_rf/Gates/OOK_CAME/128/002.sub,rf,Gates,moved
sd_card_content/subghz_extra_dbs/Gates/OOK_CAME/128/003.sub,sd_card_content/universal_rf/Gates/OOK_CAME/128/003.sub,rf,Gates,moved
sd_card_content/subghz_extra_dbs/Gates/OOK_CAME/128/004.sub,sd_card_content/universal_rf/Gates/OOK_CAME/128/004.sub,rf,Gates,moved
sd_card_content/subghz_extra_dbs/Gates/OOK_CAME/128/005.sub,sd_card_content/universal_rf/Gates/OOK_CAME/128/005.sub,rf,Gates,moved
sd_card_content/subghz_extra_dbs/Gates/OOK_CAME/128/006.sub,sd_card_content/universal_rf/Gates/OOK_CAME/128/006.sub,rf,Gates,moved
sd_card_content/subghz_extra_dbs/Gates/OOK_CAME/128/007.sub,sd_card_content/universal_rf/Gates/OOK_CAME/128/007.sub,rf,Gates,moved
sd_card_content/subghz_extra_dbs/Gates/OOK_CAME/128/008.sub,sd_card_content/universal_rf/Gates/OOK_CAME/128/008.sub,rf,Gates,moved
sd_card_content/subghz_extra_dbs/Gates/OOK_CAME/128/009.sub,sd_card_content/universal_rf/Gates/OOK_CAME/128/009.sub,rf,Gates,moved
sd_card_content/subghz_extra_dbs/Gates/OOK_CAME/128/010.sub,sd_card_content/universal_rf/Gates/OOK_CAME/128/010.sub,rf,Gates,moved
sd_card_content/subghz_extra_dbs/Gates/OOK_CAME/128/011.sub,sd_card_content/universal_rf/Gates/OOK_CAME/128/011.sub,rf,Gates,moved
sd_card_content/subghz_extra_dbs/Gates/OOK_CAME/128/012.sub,sd_card_content/universal_rf/Gates/OOK_CAME/128/012.sub,rf,Gates,moved
sd_card_content/subghz_extra_dbs/Gates/OOK_CAME/128/013.sub,sd_card_content/universal_rf/Gates/OOK_CAME/128/013.sub,rf,Gates,moved
sd_card_content/subghz_extra_dbs/Gates/OOK_CAME/128/014.sub,sd_card_content/universal_rf/Gates/OOK_CAME/128/014.sub,rf,Gates,moved
sd_card_content/subghz_extra_dbs/Gates/OOK_CAME/128/015.sub,sd_card_content/universal_rf/Gates/OOK_CAME/128/015.sub,rf,Gates,moved
sd_card_content/subghz_extra_dbs/Gates/OOK_CAME/128/016.sub,sd_card_content/universal_rf/Gates/OOK_CAME/128/016.sub,rf,Gates,moved
sd_card_content/subghz_extra_dbs/Gates/OOK_CAME/128/017.sub,sd_card_content/universal_rf/Gates/OOK_CAME/128/017.sub,rf,Gates,moved
sd_card_content/subghz_extra_dbs/Gates/OOK_CAME/128/018.sub,sd_card_content/universal_rf/Gates/OOK_CAME/128/018.sub,rf,Gates,moved
sd_card_content/subghz_extra_dbs/Gates/OOK_CAME/128/019.sub,sd_card_content/universal_rf/Gates/OOK_CAME/128/019.sub,rf,Gates,moved
sd_card_content/subghz_extra_dbs/Gates/OOK_CAME/128/020.sub,sd_card_content/universal_rf/Gates/OOK_CAME/128/020.sub,rf,Gates,moved
sd_card_content/subghz_extra_dbs/Gates/OOK_CAME/128/021.sub,sd_card_content/universal_rf/Gates/OOK_CAME/128/021.sub,rf,Gates,moved
sd_card_content/subghz_extra_dbs/Gates/OOK_CAME/128/022.sub,sd_card_content/universal_rf/Gates/OOK_CAME/128/022.sub,rf,Gates,moved
sd_card_content/subghz_extra_dbs/Gates/OOK_CAME/128/023.sub,sd_card_content/universal_rf/Gates/OOK_CAME/128/023.sub,rf,Gates,moved
sd_card_content/subghz_extra_dbs/Gates/OOK_CAME/128/024.sub,sd_card_content/universal_rf/Gates/OOK_CAME/128/024.sub,rf,Gates,moved
sd_card_content/subghz_extra_dbs/Gates/OOK_CAME/128/025.sub,sd_card_content/universal_rf/Gates/OOK_CAME/128/025.sub,rf,Gates,moved
sd_card_content/subghz_extra_dbs/Gates/OOK_CAME/128/026.sub,sd_card_content/universal_rf/Gates/OOK_CAME/128/026.sub,rf,Gates,moved
sd_card_content/subghz_extra_dbs/Gates/OOK_CAME/128/027.sub,sd_card_content/universal_rf/Gates/OOK_CAME/128/027.sub,rf,Gates,moved
sd_card_content/subghz_extra_dbs/Gates/OOK_CAME/128/028.sub,sd_card_content/universal_rf/Gates/OOK_CAME/128/028.sub,rf,Gates,moved
sd_card_content/subghz_extra_dbs/Gates/OOK_CAME/128/029.sub,sd_card_content/universal_rf/Gates/OOK_CAME/128/029.sub,rf,Gates,moved
sd_card_content/subghz_extra_dbs/Gates/OOK_CAME/128/030.sub,sd_card_content/universal_rf/Gates/OOK_CAME/128/030.sub,rf,Gates,moved
sd_card_content/subghz_extra_dbs/Gates/OOK_CAME/128/031.sub,sd_card_content/universal_rf/Gates/OOK_CAME/128/031.sub,rf,Gates,moved
sd_card_content/subghz_extra_dbs/Gates/OOK_CAME/256/000.sub,sd_card_content/universal_rf/Gates/OOK_CAME/256/000.sub,rf,Gates,moved
sd_card_content/subghz_extra_dbs/Gates/OOK_CAME/256/001.sub,sd_card_content/universal_rf/Gates/OOK_CAME/256/001.sub,rf,Gates,moved
sd_card_content/subghz_extra_dbs/Gates/OOK_CAME/256/002.sub,sd_card_content/universal_rf/Gates/OOK_CAME/256/002.sub,rf,Gates,moved
sd_card_content/subghz_extra_dbs/Gates/OOK_CAME/256/003.sub,sd_card_content/universal_rf/Gates/OOK_CAME/256/003.sub,rf,Gates,moved
sd_card_content/subghz_extra_dbs/Gates/OOK_CAME/256/004.sub,sd_card_content/universal_rf/Gates/OOK_CAME/256/004.sub,rf,Gates,moved
sd_card_content/subghz_extra_dbs/Gates/OOK_CAME/256/005.sub,sd_card_content/universal_rf/Gates/OOK_CAME/256/005.sub,rf,Gates,moved
sd_card_content/subghz_extra_dbs/Gates/OOK_CAME/256/006.sub,sd_card_content/universal_rf/Gates/OOK_CAME/256/006.sub,rf,Gates,moved
sd_card_content/subghz_extra_dbs/Gates/OOK_CAME/256/007.sub,sd_card_content/universal_rf/Gates/OOK_CAME/256/007.sub,rf,Gates,moved
sd_card_content/subghz_extra_dbs/Gates/OOK_CAME/256/008.sub,sd_card_content/universal_rf/Gates/OOK_CAME/256/008.sub,rf,Gates,moved
sd_card_content/subghz_extra_dbs/Gates/OOK_CAME/256/009.sub,sd_card_content/universal_rf/Gates/OOK_CAME/256/009.sub,rf,Gates,moved
sd_card_content/subghz_extra_dbs/Gates/OOK_CAME/256/010.sub,sd_card_content/universal_rf/Gates/OOK_CAME/256/010.sub,rf,Gates,moved
sd_card_content/subghz_extra_dbs/Gates/OOK_CAME/256/011.sub,sd_card_content/universal_rf/Gates/OOK_CAME/256/011.sub,rf,Gates,moved
sd_card_content/subghz_extra_dbs/Gates/OOK_CAME/256/012.sub,sd_card_content/universal_rf/Gates/OOK_CAME/256/012.sub,rf,Gates,moved
sd_card_content/subghz_extra_dbs/Gates/OOK_CAME/256/013.sub,sd_card_content/universal_rf/Gates/OOK_CAME/256/013.sub,rf,Gates,moved
sd_card_content/subghz_extra_dbs/Gates/OOK_CAME/256/014.sub,sd_card_content/universal_rf/Gates/OOK_CAME/256/014.sub,rf,Gates,moved
sd_card_content/subghz_extra_dbs/Gates/OOK_CAME/256/015.sub,sd_card_content/universal_rf/Gates/OOK_CAME/256/015.sub,rf,Gates,moved
sd_card_content/subghz_extra_dbs/Gates/OOK_CAME/512/000.sub,sd_card_content/universal_rf/Gates/OOK_CAME/512/000.sub,rf,Gates,moved
sd_card_content/subghz_extra_dbs/Gates/OOK_CAME/512/001.sub,sd_card_content/universal_rf/Gates/OOK_CAME/512/001.sub,rf,Gates,moved
sd_card_content/subghz_extra_dbs/Gates/OOK_CAME/512/002.sub,sd_card_content/universal_rf/Gates/OOK_CAME/512/002.sub,rf,Gates,moved
sd_card_content/subghz_extra_dbs/Gates/OOK_CAME/512/003.sub,sd_card_content/universal_rf/Gates/OOK_CAME/512/003.sub,rf,Gates,moved
sd_card_content/subghz_extra_dbs/Gates/OOK_CAME/512/004.sub,sd_card_content/universal_rf/Gates/OOK_CAME/512/004.sub,rf,Gates,moved
sd_card_content/subghz_extra_dbs/Gates/OOK_CAME/512/005.sub,sd_card_content/universal_rf/Gates/OOK_CAME/512/005.sub,rf,Gates,moved
sd_card_content/subghz_extra_dbs/Gates/OOK_CAME/512/006.sub,sd_card_content/universal_rf/Gates/OOK_CAME/512/006.sub,rf,Gates,moved
sd_card_content/subghz_extra_dbs/Gates/OOK_CAME/512/007.sub,sd_card_content/universal_rf/Gates/OOK_CAME/512/007.sub,rf,Gates,moved
sd_card_content/subghz_extra_dbs/Gates/OOK_CAME/debruijn.sub,sd_card_content/universal_rf/Gates/OOK_CAME/debruijn.sub,rf,Gates,moved
sd_card_content/subghz_extra_dbs/Gates/OOK_NICE/128/000.sub,sd_card_content/universal_rf/Gates/OOK_NICE/128/000.sub,rf,Gates,moved
sd_card_content/subghz_extra_dbs/Gates/OOK_NICE/128/001.sub,sd_card_content/universal_rf/Gates/OOK_NICE/128/001.sub,rf,Gates,moved
sd_card_content/subghz_extra_dbs/Gates/OOK_NICE/128/002.sub,sd_card_content/universal_rf/Gates/OOK_NICE/128/002.sub,rf,Gates,moved
sd_card_content/subghz_extra_dbs/Gates/OOK_NICE/128/003.sub,sd_card_content/universal_rf/Gates/OOK_NICE/128/003.sub,rf,Gates,moved
sd_card_content/subghz_extra_dbs/Gates/OOK_NICE/128/004.sub,sd_card_content/universal_rf/Gates/OOK_NICE/128/004.sub,rf,Gates,moved
sd_card_content/subghz_extra_dbs/Gates/OOK_NICE/128/005.sub,sd_card_content/universal_rf/Gates/OOK_NICE/128/005.sub,rf,Gates,moved
sd_card_content/subghz_extra_dbs/Gates/OOK_NICE/128/006.sub,sd_card_content/universal_rf/Gates/OOK_NICE/128/006.sub,rf,Gates,moved
sd_card_content/subghz_extra_dbs/Gates/OOK_NICE/128/007.sub,sd_card_content/universal_rf/Gates/OOK_NICE/128/007.sub,rf,Gates,moved
sd_card_content/subghz_extra_dbs/Gates/OOK_NICE/128/008.sub,sd_card_content/universal_rf/Gates/OOK_NICE/128/008.sub,rf,Gates,moved
sd_card_content/subghz_extra_dbs/Gates/OOK_NICE/128/009.sub,sd_card_content/universal_rf/Gates/OOK_NICE/128/009.sub,rf,Gates,moved
sd_card_content/subghz_extra_dbs/Gates/OOK_NICE/128/010.sub,sd_card_content/universal_rf/Gates/OOK_NICE/128/010.sub,rf,Gates,moved
sd_card_content/subghz_extra_dbs/Gates/OOK_NICE/128/011.sub,sd_card_content/universal_rf/Gates/OOK_NICE/128/011.sub,rf,Gates,moved
sd_card_content/subghz_extra_dbs/Gates/OOK_NICE/128/012.sub,sd_card_content/universal_rf/Gates/OOK_NICE/128/012.sub,rf,Gates,moved
sd_card_content/subghz_extra_dbs/Gates/OOK_NICE/128/013.sub,sd_card_content/universal_rf/Gates/OOK_NICE/128/013.sub,rf,Gates,moved
sd_card_content/subghz_extra_dbs/Gates/OOK_NICE/128/014.sub,sd_card_content/universal_rf/Gates/OOK_NICE/128/014.sub,rf,Gates,moved
sd_card_content/subghz_extra_dbs/Gates/OOK_NICE/128/015.sub,sd_card_content/universal_rf/Gates/OOK_NICE/128/015.sub,rf,Gates,moved
sd_card_content/subghz_extra_dbs/Gates/OOK_NICE/128/016.sub,sd_card_content/universal_rf/Gates/OOK_NICE/128/016.sub,rf,Gates,moved
sd_card_content/subghz_extra_dbs/Gates/OOK_NICE/128/017.sub,sd_card_content/universal_rf/Gates/OOK_NICE/128/017.sub,rf,Gates,moved
sd_card_content/subghz_extra_dbs/Gates/OOK_NICE/128/018.sub,sd_card_content/universal_rf/Gates/OOK_NICE/128/018.sub,rf,Gates,moved
sd_card_content/subghz_extra_dbs/Gates/OOK_NICE/128/019.sub,sd_card_content/universal_rf/Gates/OOK_NICE/128/019.sub,rf,Gates,moved
sd_card_content/subghz_extra_dbs/Gates/OOK_NICE/128/020.sub,sd_card_content/universal_rf/Gates/OOK_NICE/128/020.sub,rf,Gates,moved
sd_card_content/subghz_extra_dbs/Gates/OOK_NICE/128/021.sub,sd_card_content/universal_rf/Gates/OOK_NICE/128/021.sub,rf,Gates,moved
sd_card_content/subghz_extra_dbs/Gates/OOK_NICE/128/022.sub,sd_card_content/universal_rf/Gates/OOK_NICE/128/022.sub,rf,Gates,moved
sd_card_content/subghz_extra_dbs/Gates/OOK_NICE/128/023.sub,sd_card_content/universal_rf/Gates/OOK_NICE/128/023.sub,rf,Gates,moved
sd_card_content/subghz_extra_dbs/Gates/OOK_NICE/128/024.sub,sd_card_content/universal_rf/Gates/OOK_NICE/128/024.sub,rf,Gates,moved
sd_card_content/subghz_extra_dbs/Gates/OOK_NICE/128/025.sub,sd_card_content/universal_rf/Gates/OOK_NICE/128/025.sub,rf,Gates,moved
sd_card_content/subghz_extra_dbs/Gates/OOK_NICE/128/026.sub,sd_card_content/universal_rf/Gates/OOK_NICE/128/026.sub,rf,Gates,moved
sd_card_content/subghz_extra_dbs/Gates/OOK_NICE/128/027.sub,sd_card_content/universal_rf/Gates/OOK_NICE/128/027.sub,rf,Gates,moved
sd_card_content/subghz_extra_dbs/Gates/OOK_NICE/128/028.sub,sd_card_content/universal_rf/Gates/OOK_NICE/128/028.sub,rf,Gates,moved
sd_card_content/subghz_extra_dbs/Gates/OOK_NICE/128/029.sub,sd_card_content/universal_rf/Gates/OOK_NICE/128/029.sub,rf,Gates,moved
sd_card_content/subghz_extra_dbs/Gates/OOK_NICE/128/030.sub,sd_card_content/universal_rf/Gates/OOK_NICE/128/030.sub,rf,Gates,moved
sd_card_content/subghz_extra_dbs/Gates/OOK_NICE/128/031.sub,sd_card_content/universal_rf/Gates/OOK_NICE/128/031.sub,rf,Gates,moved
sd_card_content/subghz_extra_dbs/Gates/OOK_NICE/256/000.sub,sd_card_content/universal_rf/Gates/OOK_NICE/256/000.sub,rf,Gates,moved
sd_card_content/subghz_extra_dbs/Gates/OOK_NICE/256/001.sub,sd_card_content/universal_rf/Gates/OOK_NICE/256/001.sub,rf,Gates,moved
sd_card_content/subghz_extra_dbs/Gates/OOK_NICE/256/002.sub,sd_card_content/universal_rf/Gates/OOK_NICE/256/002.sub,rf,Gates,moved
sd_card_content/subghz_extra_dbs/Gates/OOK_NICE/256/003.sub,sd_card_content/universal_rf/Gates/OOK_NICE/256/003.sub,rf,Gates,moved
sd_card_content/subghz_extra_dbs/Gates/OOK_NICE/256/004.sub,sd_card_content/universal_rf/Gates/OOK_NICE/256/004.sub,rf,Gates,moved
sd_card_content/subghz_extra_dbs/Gates/OOK_NICE/256/005.sub,sd_card_content/universal_rf/Gates/OOK_NICE/256/005.sub,rf,Gates,moved
sd_card_content/subghz_extra_dbs/Gates/OOK_NICE/256/006.sub,sd_card_content/universal_rf/Gates/OOK_NICE/256/006.sub,rf,Gates,moved
sd_card_content/subghz_extra_dbs/Gates/OOK_NICE/256/007.sub,sd_card_content/universal_rf/Gates/OOK_NICE/256/007.sub,rf,Gates,moved
sd_card_content/subghz_extra_dbs/Gates/OOK_NICE/256/008.sub,sd_card_content/universal_rf/Gates/OOK_NICE/256/008.sub,rf,Gates,moved
sd_card_content/subghz_extra_dbs/Gates/OOK_NICE/256/009.sub,sd_card_content/universal_rf/Gates/OOK_NICE/256/009.sub,rf,Gates,moved
sd_card_content/subghz_extra_dbs/Gates/OOK_NICE/256/010.sub,sd_card_content/universal_rf/Gates/OOK_NICE/256/010.sub,rf,Gates,moved
sd_card_content/subghz_extra_dbs/Gates/OOK_NICE/256/011.sub,sd_card_content/universal_rf/Gates/OOK_NICE/256/011.sub,rf,Gates,moved
sd_card_content/subghz_extra_dbs/Gates/OOK_NICE/256/012.sub,sd_card_content/universal_rf/Gates/OOK_NICE/256/012.sub,rf,Gates,moved
sd_card_content/subghz_extra_dbs/Gates/OOK_NICE/256/013.sub,sd_card_content/universal_rf/Gates/OOK_NICE/256/013.sub,rf,Gates,moved
sd_card_content/subghz_extra_dbs/Gates/OOK_NICE/256/014.sub,sd_card_content/universal_rf/Gates/OOK_NICE/256/014.sub,rf,Gates,moved
sd_card_content/subghz_extra_dbs/Gates/OOK_NICE/256/015.sub,sd_card_content/universal_rf/Gates/OOK_NICE/256/015.sub,rf,Gates,moved
sd_card_content/subghz_extra_dbs/Gates/OOK_NICE/debruijn.sub,sd_card_content/universal_rf/Gates/OOK_NICE/debruijn.sub,rf,Gates,moved
sd_card_content/subghz_extra_dbs/Gates/deBruijn_Binary/deBruijn300AllBit.sub,sd_card_content/universal_rf/Gates/deBruijn_Binary/deBruijn300AllBit.sub,rf,Gates,moved
sd_card_content/subghz_extra_dbs/Gates/deBruijn_Binary/deBruijn310AllBit.sub,sd_card_content/universal_rf/Gates/deBruijn_Binary/deBruijn310AllBit.sub,rf,Gates,moved
sd_card_content/subghz_extra_dbs/Gates/deBruijn_Binary/deBruijn315AllBit.sub,sd_card_content/universal_rf/Gates/deBruijn_Binary/deBruijn315AllBit.sub,rf,Gates,moved
sd_card_content/subghz_extra_dbs/Gates/deBruijn_Binary/deBruijn318AllBit.sub,sd_card_content/universal_rf/Gates/deBruijn_Binary/deBruijn318AllBit.sub,rf,Gates,moved
sd_card_content/subghz_extra_dbs/Gates/deBruijn_Binary/deBruijn390AllBit.sub,sd_card_content/universal_rf/Gates/deBruijn_Binary/deBruijn390AllBit.sub,rf,Gates,moved
sd_card_content/subghz_extra_dbs/Gates/deBruijn_Open_Sesame/10bit-300mhz.sub,sd_card_content/universal_rf/Gates/deBruijn_Open_Sesame/10bit-300mhz.sub,rf,Gates,moved
sd_card_content/subghz_extra_dbs/Gates/deBruijn_Open_Sesame/10bit-310mhz.sub,sd_card_content/universal_rf/Gates/deBruijn_Open_Sesame/10bit-310mhz.sub,rf,Gates,moved
sd_card_content/subghz_extra_dbs/Gates/deBruijn_Open_Sesame/9bit-315mhz.sub,sd_card_content/universal_rf/Gates/deBruijn_Open_Sesame/9bit-315mhz.sub,rf,Gates,moved
sd_card_content/subghz_extra_dbs/Gates/deBruijn_Open_Sesame/9bit-390mhz.sub,sd_card_content/universal_rf/Gates/deBruijn_Open_Sesame/9bit-390mhz.sub,rf,Gates,moved
sd_card_content/subghz_extra_dbs/Gates/deBruijn_Raw/Db10.sub,sd_card_content/universal_rf/Gates/deBruijn_Raw/Db10.sub,rf,Gates,moved
sd_card_content/subghz_extra_dbs/Gates/deBruijn_Raw/Db11.sub,sd_card_content/universal_rf/Gates/deBruijn_Raw/Db11.sub,rf,Gates,moved
sd_card_content/subghz_extra_dbs/Gates/deBruijn_Raw/Db12.sub,sd_card_content/universal_rf/Gates/deBruijn_Raw/Db12.sub,rf,Gates,moved
sd_card_content/subghz_extra_dbs/Gates/deBruijn_Raw/Db8.sub,sd_card_content/universal_rf/Gates/deBruijn_Raw/Db8.sub,rf,Gates,moved
sd_card_content/subghz_extra_dbs/Gates/deBruijn_Raw/Db9.sub,sd_card_content/universal_rf/Gates/deBruijn_Raw/Db9.sub,rf,Gates,moved
sd_card_content/subghz_extra_dbs/Vehicles/EL50448_-TPMS_Relearn_Tool/Raw_signal_1.sub,sd_card_content/universal_rf/Vehicles/EL50448_-TPMS_Relearn_Tool/Raw_signal_1.sub,rf,Vehicles,moved
sd_card_content/subghz_extra_dbs/Vehicles/EL50448_-TPMS_Relearn_Tool/Raw_signal_2.sub,sd_card_content/universal_rf/Vehicles/EL50448_-TPMS_Relearn_Tool/Raw_signal_2.sub,rf,Vehicles,moved
sd_card_content/subghz_extra_dbs/Vehicles/EL50448_-TPMS_Relearn_Tool/Raw_signal_3.sub,sd_card_content/universal_rf/Vehicles/EL50448_-TPMS_Relearn_Tool/Raw_signal_3.sub,rf,Vehicles,moved
sd_card_content/subghz_extra_dbs/Vehicles/EL50448_-TPMS_Relearn_Tool/Raw_signal_4.sub,sd_card_content/universal_rf/Vehicles/EL50448_-TPMS_Relearn_Tool/Raw_signal_4.sub,rf,Vehicles,moved
sd_card_content/subghz_extra_dbs/Vehicles/EL50448_-TPMS_Relearn_Tool/TPMS raw capture from GM13598772.sub,sd_card_content/universal_rf/Vehicles/EL50448_-TPMS_Relearn_Tool/TPMS raw capture from GM13598772.sub,rf,Vehicles,moved
sd_card_content/subghz_extra_dbs/Vehicles/Ebay_Door-Trunk_Remote/Liquid_sidorovich1.sub,sd_card_content/universal_rf/Vehicles/Ebay_Door-Trunk_Remote/Liquid_sidorovich1.sub,rf,Vehicles,moved
sd_card_content/subghz_extra_dbs/Vehicles/Ebay_Door-Trunk_Remote/My_anomalija.sub,sd_card_content/universal_rf/Vehicles/Ebay_Door-Trunk_Remote/My_anomalija.sub,rf,Vehicles,moved
sd_card_content/subghz_extra_dbs/Vehicles/Ebay_Door-Trunk_Remote/My_habar.sub,sd_card_content/universal_rf/Vehicles/Ebay_Door-Trunk_Remote/My_habar.sub,rf,Vehicles,moved
sd_card_content/subghz_extra_dbs/Vehicles/Ebay_Door-Trunk_Remote/Super_burer.sub,sd_card_content/universal_rf/Vehicles/Ebay_Door-Trunk_Remote/Super_burer.sub,rf,Vehicles,moved
sd_card_content/subghz_extra_dbs/Vehicles/Ebay_Door-Trunk_Remote/Thick_anomalija1.sub,sd_card_content/universal_rf/Vehicles/Ebay_Door-Trunk_Remote/Thick_anomalija1.sub,rf,Vehicles,moved
sd_card_content/subghz_extra_dbs/Vehicles/Ebay_Door-Trunk_Remote/Thick_sus.sub,sd_card_content/universal_rf/Vehicles/Ebay_Door-Trunk_Remote/Thick_sus.sub,rf,Vehicles,moved
sd_card_content/subghz_extra_dbs/Vehicles/Ebay_Door-Trunk_Remote/Unknown_artefact.sub,sd_card_content/universal_rf/Vehicles/Ebay_Door-Trunk_Remote/Unknown_artefact.sub,rf,Vehicles,moved
sd_card_content/subghz_extra_dbs/Vehicles/Ebay_Door-Trunk_Remote/Unknown_sus.sub,sd_card_content/universal_rf/Vehicles/Ebay_Door-Trunk_Remote/Unknown_sus.sub,rf,Vehicles,moved
sd_card_content/subghz_extra_dbs/Vehicles/LDV_Automotive/T80_AUS/LDV-T80_unlock.sub,sd_card_content/universal_rf/Vehicles/LDV_Automotive/T80_AUS/LDV-T80_unlock.sub,rf,Vehicles,moved
sd_card_content/subghz_extra_dbs/Vehicles/LEDGLOW-MotorcyleLights/Fade.sub,sd_card_content/universal_rf/Vehicles/LEDGLOW-MotorcyleLights/Fade.sub,rf,Vehicles,moved
sd_card_content/subghz_extra_dbs/Vehicles/LEDGLOW-MotorcyleLights/Flash.sub,sd_card_content/universal_rf/Vehicles/LEDGLOW-MotorcyleLights/Flash.sub,rf,Vehicles,moved
sd_card_content/subghz_extra_dbs/Vehicles/LEDGLOW-MotorcyleLights/Off.sub,sd_card_content/universal_rf/Vehicles/LEDGLOW-MotorcyleLights/Off.sub,rf,Vehicles,moved
sd_card_content/subghz_extra_dbs/Vehicles/LEDGLOW-MotorcyleLights/On.sub,sd_card_content/universal_rf/Vehicles/LEDGLOW-MotorcyleLights/On.sub,rf,Vehicles,moved
sd_card_content/subghz_extra_dbs/Vehicles/LEDGLOW-MotorcyleLights/Strrobe.sub,sd_card_content/universal_rf/Vehicles/LEDGLOW-MotorcyleLights/Strrobe.sub,rf,Vehicles,moved
sd_card_content/subghz_extra_dbs/Vehicles/Lamborghini_Huracan/Lambo_Trunk.sub,sd_card_content/universal_rf/Vehicles/Lamborghini_Huracan/Lambo_Trunk.sub,rf,Vehicles,moved
sd_card_content/subghz_extra_dbs/Vehicles/Lexus_Toyota/2015-21_NX/2017 Lexus NX200t_312.sub,sd_card_content/universal_rf/Vehicles/Lexus_Toyota/2015-21_NX/2017 Lexus NX200t_312.sub,rf,Vehicles,moved
sd_card_content/subghz_extra_dbs/Vehicles/Lexus_Toyota/2015-21_NX/2017 Lexus NX200t_314.sub,sd_card_content/universal_rf/Vehicles/Lexus_Toyota/2015-21_NX/2017 Lexus NX200t_314.sub,rf,Vehicles,moved
sd_card_content/subghz_extra_dbs/Vehicles/Lexus_Toyota/2017 Lexus NX200t_312.sub,sd_card_content/universal_rf/Vehicles/Lexus_Toyota/2017 Lexus NX200t_312.sub,rf,Vehicles,moved
sd_card_content/subghz_extra_dbs/Vehicles/Lexus_Toyota/2017 Lexus NX200t_314.sub,sd_card_content/universal_rf/Vehicles/Lexus_Toyota/2017 Lexus NX200t_314.sub,rf,Vehicles,moved
sd_card_content/subghz_extra_dbs/Vehicles/Misc/Van_left_blink.sub,sd_card_content/universal_rf/Vehicles/Misc/Van_left_blink.sub,rf,Vehicles,moved
sd_card_content/subghz_extra_dbs/Vehicles/Tesla/433_Tesla_AM270.sub,sd_card_content/universal_rf/Vehicles/Tesla/433_Tesla_AM270.sub,rf,Vehicles,moved
sd_card_content/subghz_extra_dbs/Vehicles/Tesla/433_Tesla_AM270_EU_AUS.sub,sd_card_content/universal_rf/Vehicles/Tesla/433_Tesla_AM270_EU_AUS.sub,rf,Vehicles,moved
sd_card_content/subghz_extra_dbs/Vehicles/Tesla/433_Tesla_AM650.sub,sd_card_content/universal_rf/Vehicles/Tesla/433_Tesla_AM650.sub,rf,Vehicles,moved
sd_card_content/subghz_extra_dbs/Vehicles/Tesla/433_Tesla_AM650_EU_AUS.sub,sd_card_content/universal_rf/Vehicles/Tesla/433_Tesla_AM650_EU_AUS.sub,rf,Vehicles,moved
sd_card_content/subghz_extra_dbs/Vehicles/Tesla/BEST_PORT_OPENER/Better_Tesla_Charge_Port_Opener_315MHz_AM270.sub,sd_card_content/universal_rf/Vehicles/Tesla/BEST_PORT_OPENER/Better_Tesla_Charge_Port_Opener_315MHz_AM270.sub,rf,Vehicles,moved
sd_card_content/subghz_extra_dbs/Vehicles/Tesla/BEST_PORT_OPENER/Better_Tesla_Charge_Port_Opener_315MHz_AM650.sub,sd_card_content/universal_rf/Vehicles/Tesla/BEST_PORT_OPENER/Better_Tesla_Charge_Port_Opener_315MHz_AM650.sub,rf,Vehicles,moved
sd_card_content/subghz_extra_dbs/Vehicles/Tesla/BEST_PORT_OPENER/Better_Tesla_Charge_Port_Opener_433.92MHz_AM270.sub,sd_card_content/universal_rf/Vehicles/Tesla/BEST_PORT_OPENER/Better_Tesla_Charge_Port_Opener_433.92MHz_AM270.sub,rf,Vehicles,moved
sd_card_content/subghz_extra_dbs/Vehicles/Tesla/BEST_PORT_OPENER/Better_Tesla_Charge_Port_Opener_433.92MHz_AM650.sub,sd_card_content/universal_rf/Vehicles/Tesla/BEST_PORT_OPENER/Better_Tesla_Charge_Port_Opener_433.92MHz_AM650.sub,rf,Vehicles,moved
sd_card_content/subghz_extra_dbs/Vehicles/Tesla/BEST_PORT_OPENER/Tesla_Port_Opener_315MHz_AM270.sub,sd_card_content/universal_rf/Vehicles/Tesla/BEST_PORT_OPENER/Tesla_Port_Opener_315MHz_AM270.sub,rf,Vehicles,moved
sd_card_content/subghz_extra_dbs/Vehicles/Tesla/BEST_PORT_OPENER/Tesla_Port_Opener_315MHz_AM650.sub,sd_card_content/universal_rf/Vehicles/Tesla/BEST_PORT_OPENER/Tesla_Port_Opener_315MHz_AM650.sub,rf,Vehicles,moved
sd_card_content/subghz_extra_dbs/Vehicles/Tesla/BEST_PORT_OPENER/Tesla_Port_Opener_433.92MHz_AM270.sub,sd_card_content/universal_rf/Vehicles/Tesla/BEST_PORT_OPENER/Tesla_Port_Opener_433.92MHz_AM270.sub,rf,Vehicles,moved
sd_card_content/subghz_extra_dbs/Vehicles/Tesla/BEST_PORT_OPENER/Tesla_Port_Opener_433.92MHz_AM650.sub,sd_card_content/universal_rf/Vehicles/Tesla/BEST_PORT_OPENER/Tesla_Port_Opener_433.92MHz_AM650.sub,rf,Vehicles,moved
sd_card_content/subghz_extra_dbs/Vehicles/Tesla/EU_Tesla_S3X.sub,sd_card_content/universal_rf/Vehicles/Tesla/EU_Tesla_S3X.sub,rf,Vehicles,moved
sd_card_content/subghz_extra_dbs/Vehicles/Tesla/EU_Tesla_Y.sub,sd_card_content/universal_rf/Vehicles/Tesla/EU_Tesla_Y.sub,rf,Vehicles,moved
sd_card_content/subghz_extra_dbs/Vehicles/Tesla/TeslaJS/1.sub,sd_card_content/universal_rf/Vehicles/Tesla/TeslaJS/1.sub,rf,Vehicles,moved
sd_card_content/subghz_extra_dbs/Vehicles/Tesla/TeslaJS/10.sub,sd_card_content/universal_rf/Vehicles/Tesla/TeslaJS/10.sub,rf,Vehicles,moved
sd_card_content/subghz_extra_dbs/Vehicles/Tesla/TeslaJS/11.sub,sd_card_content/universal_rf/Vehicles/Tesla/TeslaJS/11.sub,rf,Vehicles,moved
sd_card_content/subghz_extra_dbs/Vehicles/Tesla/TeslaJS/2.sub,sd_card_content/universal_rf/Vehicles/Tesla/TeslaJS/2.sub,rf,Vehicles,moved
sd_card_content/subghz_extra_dbs/Vehicles/Tesla/TeslaJS/3.sub,sd_card_content/universal_rf/Vehicles/Tesla/TeslaJS/3.sub,rf,Vehicles,moved
sd_card_content/subghz_extra_dbs/Vehicles/Tesla/TeslaJS/4.sub,sd_card_content/universal_rf/Vehicles/Tesla/TeslaJS/4.sub,rf,Vehicles,moved
sd_card_content/subghz_extra_dbs/Vehicles/Tesla/TeslaJS/5.sub,sd_card_content/universal_rf/Vehicles/Tesla/TeslaJS/5.sub,rf,Vehicles,moved
sd_card_content/subghz_extra_dbs/Vehicles/Tesla/TeslaJS/8.sub,sd_card_content/universal_rf/Vehicles/Tesla/TeslaJS/8.sub,rf,Vehicles,moved
sd_card_content/subghz_extra_dbs/Vehicles/Tesla/TeslaJS/9.sub,sd_card_content/universal_rf/Vehicles/Tesla/TeslaJS/9.sub,rf,Vehicles,moved
sd_card_content/subghz_extra_dbs/Vehicles/Tesla/Tesla_Captured_433.sub,sd_card_content/universal_rf/Vehicles/Tesla/Tesla_Captured_433.sub,rf,Vehicles,moved
sd_card_content/subghz_extra_dbs/Vehicles/Tesla/Tesla_Captured_433b.sub,sd_card_content/universal_rf/Vehicles/Tesla/Tesla_Captured_433b.sub,rf,Vehicles,moved
sd_card_content/subghz_extra_dbs/Vehicles/Tesla/Tesla_EU_AM270.sub,sd_card_content/universal_rf/Vehicles/Tesla/Tesla_EU_AM270.sub,rf,Vehicles,moved
sd_card_content/subghz_extra_dbs/Vehicles/Tesla/Tesla_EU_AM650.sub,sd_card_content/universal_rf/Vehicles/Tesla/Tesla_EU_AM650.sub,rf,Vehicles,moved
sd_card_content/subghz_extra_dbs/Vehicles/Tesla/Tesla_US_AM270.sub,sd_card_content/universal_rf/Vehicles/Tesla/Tesla_US_AM270.sub,rf,Vehicles,moved
sd_card_content/subghz_extra_dbs/Vehicles/Tesla/Tesla_US_AM650.sub,sd_card_content/universal_rf/Vehicles/Tesla/Tesla_US_AM650.sub,rf,Vehicles,moved
sd_card_content/subghz_extra_dbs/Vehicles/Tesla/Tesla_charge_AM270.sub,sd_card_content/universal_rf/Vehicles/Tesla/Tesla_charge_AM270.sub,rf,Vehicles,moved
sd_card_content/subghz_extra_dbs/Vehicles/Tesla/Tesla_charge_AM650.sub,sd_card_content/universal_rf/Vehicles/Tesla/Tesla_charge_AM650.sub,rf,Vehicles,moved
sd_card_content/subghz_extra_dbs/Vehicles/Tesla/Tesla_charge_door_AM270.sub,sd_card_content/universal_rf/Vehicles/Tesla/Tesla_charge_door_AM270.sub,rf,Vehicles,moved
sd_card_content/subghz_extra_dbs/Vehicles/Tesla/Tesla_charge_door_AM650.sub,sd_card_content/universal_rf/Vehicles/Tesla/Tesla_charge_door_AM650.sub,rf,Vehicles,moved
sd_card_content/subghz_extra_dbs/Vehicles/Tesla/Tesla_charge_port_270.sub,sd_card_content/universal_rf/Vehicles/Tesla/Tesla_charge_port_270.sub,rf,Vehicles,moved
sd_card_content/ir_extra_dbs/ACs/Admiral/Admiral_AC.ir,sd_card_content/universal_ir/assets/ACs/Admiral/Admiral_AC.ir,ir,ACs,duplicate-dropped
sd_card_content/ir_extra_dbs/ACs/Airmax/Airmax.ir,sd_card_content/universal_ir/assets/ACs/Airmax/Airmax.ir,ir,ACs,duplicate-dropped
sd_card_content/ir_extra_dbs/ACs/Airmet/Airmet_ac.ir,sd_card_content/universal_ir/assets/ACs/Airmet/Airmet_ac.ir,ir,ACs,duplicate-dropped
sd_card_content/ir_extra_dbs/ACs/Airwell/Airwell.ir,sd_card_content/universal_ir/assets/ACs/Airwell/Airwell.ir,ir,ACs,duplicate-dropped
sd_card_content/ir_extra_dbs/ACs/Airwell/Airwell_AWSI-PNXA012-N11.ir,sd_card_content/universal_ir/assets/ACs/Airwell/Airwell_AWSI-PNXA012-N11.ir,ir,ACs,duplicate-dropped
sd_card_content/ir_extra_dbs/ACs/Aldi/Easy_Home_Portable_Air_Cooler.ir,sd_card_content/universal_ir/assets/ACs/Aldi/Easy_Home_Portable_Air_Cooler.ir,ir,ACs,duplicate-dropped
sd_card_content/ir_extra_dbs/ACs/Amcor/Amcor_AC.ir,sd_card_content/universal_ir/assets/ACs/Amcor/Amcor_AC.ir,ir,ACs,duplicate-dropped
sd_card_content/ir_extra_dbs/ACs/Arctic_King/Arctic_King_RG15B1.ir,sd_card_content/universal_ir/assets/ACs/Arctic_King/Arctic_King_RG15B1.ir,ir,ACs,duplicate-dropped
sd_card_content/ir_extra_dbs/ACs/Argo/Argo_ac.ir,sd_card_content/universal_ir/assets/ACs/Argo/Argo_ac.ir,ir,ACs,duplicate-dropped
sd_card_content/ir_extra_dbs/ACs/Argo/Argo_zelos.ir,sd_card_content/universal_ir/assets/ACs/Argo/Argo_zelos.ir,ir,ACs,duplicate-dropped
sd_card_content/ir_extra_dbs/ACs/Ariston/Ariston_AC_A-MW09-IGX.ir,sd_card_content/universal_ir/assets/ACs/Ariston/Ariston_AC_A-MW09-IGX.ir,ir,ACs,duplicate-dropped
sd_card_content/ir_extra_dbs/ACs/Ballu/Ballu_R05-BGE.ir,sd_card_content/universal_ir/assets/ACs/Ballu/Ballu_R05-BGE.ir,ir,ACs,duplicate-dropped
sd_card_content/ir_extra_dbs/ACs/Beko/Beko.ir,sd_card_content/universal_ir/assets/ACs/Beko/Beko.ir,ir,ACs,duplicate-dropped
sd_card_content/ir_extra_dbs/ACs/Bonaire/Bonaire_DurangoAC.ir,sd_card_content/universal_ir/assets/ACs/Bonaire/Bonaire_DurangoAC.ir,ir,ACs,duplicate-dropped
sd_card_content/ir_extra_dbs/ACs/Boston_Bay/Boston_Bay_MSAB_09CR.ir,sd_card_content/universal_ir/assets/ACs/Boston_Bay/Boston_Bay_MSAB_09CR.ir,ir,ACs,duplicate-dropped
sd_card_content/ir_extra_dbs/ACs/Botti/Botti_BL-168DLR.ir,sd_card_content/universal_ir/assets/ACs/Botti/Botti_BL-168DLR.ir,ir,ACs,duplicate-dropped
sd_card_content/ir_extra_dbs/ACs/Boulanger/Boulanger_AC.ir,sd_card_content/universal_ir/assets/ACs/Boulanger/Boulanger_AC.ir,ir,ACs,duplicate-dropped
sd_card_content/ir_extra_dbs/ACs/COTech/COTech_MPPH-08CRN7-QB6_AC.ir,sd_card_content/universal_ir/assets/ACs/COTech/COTech_MPPH-08CRN7-QB6_AC.ir,ir,ACs,duplicate-dropped
sd_card_content/ir_extra_dbs/ACs/Chigo/Chigo_CS-21H3A-B155AF.ir,sd_card_content/universal_ir/assets/ACs/Chigo/Chigo_CS-21H3A-B155AF.ir,ir,ACs,duplicate-dropped
sd_card_content/ir_extra_dbs/ACs/Chigo/Chigo_KRF-51G_79F.ir,sd_card_content/universal_ir/assets/ACs/Chigo/Chigo_KRF-51G_79F.ir,ir,ACs,duplicate-dropped
sd_card_content/ir_extra_dbs/ACs/Ciatronic/Ciatronic_AC.ir,sd_card_content/universal_ir/assets/ACs/Ciatronic/Ciatronic_AC.ir,ir,ACs,duplicate-dropped
sd_card_content/ir_extra_dbs/ACs/Comfort_Aire/Comfort_Aire_RG57A6.ir,sd_card_content/universal_ir/assets/ACs/Comfort_Aire/Comfort_Aire_RG57A6.ir,ir,ACs,duplicate-dropped
sd_card_content/ir_extra_dbs/ACs/Corlitec/Cortlitec_portable_ac.ir,sd_card_content/universal_ir/assets/ACs/Corlitec/Cortlitec_portable_ac.ir,ir,ACs,duplicate-dropped
sd_card_content/ir_extra_dbs/ACs/Daikin/Daikin_AC.ir,sd_card_content/universal_ir/assets/ACs/Daikin/Daikin_AC.ir,ir,ACs,duplicate-dropped
sd_card_content/ir_extra_dbs/ACs/Daikin/Daikin_AC_industrial_TB.ir,sd_card_content/universal_ir/assets/ACs/Daikin/Daikin_AC_industrial_TB.ir,ir,ACs,duplicate-dropped
sd_card_content/ir_extra_dbs/ACs/Daikin/Daikin_ARC480A53.ir,sd_card_content/universal_ir/assets/ACs/Daikin/Daikin_ARC480A53.ir,ir,ACs,duplicate-dropped
sd_card_content/ir_extra_dbs/ACs/Daikin/Daikin_FTE35KV1.ir,sd_card_content/universal_ir/assets/ACs/Daikin/Daikin_FTE35KV1.ir,ir,ACs,duplicate-dropped
sd_card_content/ir_extra_dbs/ACs/Daikin/Daikin_FTX50GV1B.ir,sd_card_content/universal_ir/assets/ACs/Daikin/Daikin_FTX50GV1B.ir,ir,ACs,duplicate-dropped
sd_card_content/ir_extra_dbs/ACs/Daikin/Daikin_FTXM95PVMA.ir,sd_card_content/universal_ir/assets/ACs/Daikin/Daikin_FTXM95PVMA.ir,ir,ACs,duplicate-dropped
sd_card_content/ir_extra_dbs/ACs/Daikin/Daikin_FTXS25KVMA.ir,sd_card_content/universal_ir/assets/ACs/Daikin/Daikin_FTXS25KVMA.ir,ir,ACs,duplicate-dropped
sd_card_content/ir_extra_dbs/ACs/Danby/Danby DAC060EB7WDB.ir,sd_card_content/universal_ir/assets/ACs/Danby/Danby DAC060EB7WDB.ir,ir,ACs,duplicate-dropped
sd_card_content/ir_extra_dbs/ACs/DeLonghi/Delonghi_portable_Pinguino-Air-to-Air-PAC-N81_ac.ir,sd_card_content/universal_ir/assets/ACs/DeLonghi/Delonghi_portable_Pinguino-Air-to-Air-PAC-N81_ac.ir,ir,ACs,duplicate-dropped
sd_card_content/ir_extra_dbs/ACs/DeLonghi/Pinguino_EL290HLWKC.ir,sd_card_content/universal_ir/assets/ACs/DeLonghi/Pinguino_EL290HLWKC.ir,ir,ACs,duplicate-dropped
sd_card_content/ir_extra_dbs/ACs/DeLonghi/Pinguino_PAC_EL275HGRKC.ir,sd_card_content/universal_ir/assets/ACs/DeLonghi/Pinguino_PAC_EL275HGRKC.ir,ir,ACs,duplicate-dropped
sd_card_content/ir_extra_dbs/ACs/Eberg/Eberg_RIO_R29E1.ir,sd_card_content/universal_ir/assets/ACs/Eberg/Eberg_RIO_R29E1.ir,ir,ACs,duplicate-dropped
sd_card_content/ir_extra_dbs/ACs/Ecofort/Ecofort_CoolAir_7+_EQCA7+2900824.ir,sd_card_content/universal_ir/assets/ACs/Ecofort/Ecofort_CoolAir_7+_EQCA7+2900824.ir,ir,ACs,duplicate-dropped
sd_card_content/ir_extra_dbs/ACs/Emerson/Emerson_EARC8RE1_ac.ir,sd_card_content/universal_ir/assets/ACs/Emerson/Emerson_EARC8RE1_ac.ir,ir,ACs,duplicate-dropped
sd_card_content/ir_extra_dbs/ACs/Emerson/Emerson_Quiet_Kool_AC.ir,sd_card_content/universal_ir/assets/ACs/Emerson/Emerson_Quiet_Kool_AC.ir,ir,ACs,duplicate-dropped
sd_card_content/ir_extra_dbs/ACs/Eurom/Eurom_PAC_9.2.ir,sd_card_content/universal_ir/assets/ACs/Eurom/Eurom_PAC_9.2.ir,ir,ACs,duplicate-dropped
sd_card_content/ir_extra_dbs/ACs/Eurom/Eurom_Tristar_AC.ir,sd_card_content/universal_ir/assets/ACs/Eurom/Eurom_Tristar_AC.ir,ir,ACs,duplicate-dropped
sd_card_content/ir_extra_dbs/ACs/Firstline/Firstline_AAS2500.ir,sd_card_content/universal_ir/assets/ACs/Firstline/Firstline_AAS2500.ir,ir,ACs,duplicate-dropped
sd_card_content/ir_extra_dbs/ACs/Frico/Frico_PA2510E08.ir,sd_card_content/universal_ir/assets/ACs/Frico/Frico_PA2510E08.ir,ir,ACs,duplicate-dropped
sd_card_content/ir_extra_dbs/ACs/Friedrich/Friedrich.ir,sd_card_content/universal_ir/assets/ACs/Friedrich/Friedrich.ir,ir,ACs,duplicate-dropped
sd_card_content/ir_extra_dbs/ACs/Friedrich/Friedrich_4235h.ir,sd_card_content/universal_ir/assets/ACs/Friedrich/Friedrich_4235h.ir,ir,ACs,duplicate-dropped
sd_card_content/ir_extra_dbs/ACs/Friedrich/Friedrich_AKB73756214.ir,sd_card_content/universal_ir/assets/ACs/Friedrich/Friedrich_AKB73756214.ir,ir,ACs,duplicate-dropped
sd_card_content/ir_extra_dbs/ACs/Frigidaire/Frigidaire_AC.ir,sd_card_content/universal_ir/assets/ACs/Frigidaire/Frigidaire_AC.ir,ir,ACs,duplicate-dropped
sd_card_content/ir_extra_dbs/ACs/Frigidaire/Frigidaire_RG15D_AC.ir,sd_card_content/universal_ir/assets/ACs/Frigidaire/Frigidaire_RG15D_AC.ir,ir,ACs,duplicate-dropped
sd_card_content/ir_extra_dbs/ACs/Fujidenzo/Fujidenzo_FEA5001_AC.ir,sd_card_content/universal_ir/assets/ACs/Fujidenzo/Fujidenzo_FEA5001_AC.ir,ir,ACs,duplicate-dropped
sd_card_content/ir_extra_dbs/ACs/Fujitsu/Fujitsu_AC.ir,sd_card_content/universal_ir/assets/ACs/Fujitsu/Fujitsu_AC.ir,ir,ACs,duplicate-dropped
sd_card_content/ir_extra_dbs/ACs/Fujitsu/Fujitsu_AC_ASU18RLF.ir,sd_card_content/universal_ir/assets/ACs/Fujitsu/Fujitsu_AC_ASU18RLF.ir,ir,ACs,duplicate-dropped
sd_card_content/ir_extra_dbs/ACs/GREE/GREE_YAPOF.ir,sd_card_content/universal_ir/assets/ACs/GREE/GREE_YAPOF.ir,ir,ACs,duplicate-dropped
sd_card_content/ir_extra_dbs/ACs/GREE/Gree_KFR-70G-A1.ir,sd_card_content/universal_ir/assets/ACs/GREE/Gree_KFR-70G-A1.ir,ir,ACs,duplicate-dropped
sd_card_content/ir_extra_dbs/ACs/GREE/Gree_airco.ir,sd_card_content/universal_ir/assets/ACs/GREE/Gree_airco.ir,ir,ACs,duplicate-dropped
sd_card_content/ir_extra_dbs/ACs/GREE/Gree_airco_lightoff.ir,sd_card_content/universal_ir/assets/ACs/GREE/Gree_airco_lightoff.ir,ir,ACs,duplicate-dropped
sd_card_content/ir_extra_dbs/ACs/General_Electric/GE_AC.ir,sd_card_content/universal_ir/assets/ACs/General_Electric/GE_AC.ir,ir,ACs,duplicate-dropped
sd_card_content/ir_extra_dbs/ACs/General_Electric/GE_Window_AC.ir,sd_card_content/universal_ir/assets/ACs/General_Electric/GE_Window_AC.ir,ir,ACs,duplicate-dropped
sd_card_content/ir_extra_dbs/ACs/GoodHome/GoodHome_FDP15.ir,sd_card_content/universal_ir/assets/ACs/GoodHome/GoodHome_FDP15.ir,ir,ACs,duplicate-dropped
sd_card_content/ir_extra_dbs/ACs/Haier/Haier_AC_AS18GD3HRA.ir,sd_card_content/universal_ir/assets/ACs/Haier/Haier_AC_AS18GD3HRA.ir,ir,ACs,duplicate-dropped
sd_card_content/ir_extra_dbs/ACs/Haier/Haier_AC_HPD10XCM-LW.ir,sd_card_content/universal_ir/assets/ACs/Haier/Haier_AC_HPD10XCM-LW.ir,ir,ACs,duplicate-dropped
sd_card_content/ir_extra_dbs/ACs/Haier/Haier_AC_HWE08XCR-L.ir,sd_card_content/universal_ir/assets/ACs/Haier/Haier_AC_HWE08XCR-L.ir,ir,ACs,duplicate-dropped
sd_card_content/ir_extra_dbs/ACs/Hisense/Hisense_DG11J1-99_celsius.ir,sd_card_content/universal_ir/assets/ACs/Hisense/Hisense_DG11J1-99_celsius.ir,ir,ACs,duplicate-dropped
sd_card_content/ir_extra_dbs/ACs/Hisense/Hisense_DG11J1-99_fahrenheit.ir,sd_card_content/universal_ir/assets/ACs/Hisense/Hisense_DG11J1-99_fahrenheit.ir,ir,ACs,duplicate-dropped
sd_card_content/ir_extra_dbs/ACs/Hisense/Hisense_room_AC.ir,sd_card_content/universal_ir/assets/ACs/Hisense/Hisense_room_AC.ir,ir,ACs,duplicate-dropped
sd_card_content/ir_extra_dbs/ACs/Hisense/Hisense_window_AC.ir,sd_card_content/universal_ir/assets/ACs/Hisense/Hisense_window_AC.ir,ir,ACs,duplicate-dropped
sd_card_content/ir_extra_dbs/ACs/Hitachi/Hitach_RAK-18QH8.ir,sd_card_content/universal_ir/assets/ACs/Hitachi/Hitach_RAK-18QH8.ir,ir,ACs,duplicate-dropped
sd_card_content/ir_extra_dbs/ACs/Hitachi/Hitachi_RAK35.ir,sd_card_content/universal_ir/assets/ACs/Hitachi/Hitachi_RAK35.ir,ir,ACs,duplicate-dropped
sd_card_content/ir_extra_dbs/ACs/Honeywell/Honeywell_MN10CESS.ir,sd_card_content/universal_ir/assets/ACs/Honeywell/Honeywell_MN10CESS.ir,ir,ACs,duplicate-dropped
sd_card_content/ir_extra_dbs/ACs/Insigna/Insigna_AC_NSRC2AC9.ir,sd_card_content/universal_ir/assets/ACs/Insigna/Insigna_AC_NSRC2AC9.ir,ir,ACs,duplicate-dropped
sd_card_content/ir_extra_dbs/ACs/Insigna/Insignia_NS-AC8PWH9-C_AC.ir,sd_card_content/universal_ir/assets/ACs/Insigna/Insignia_NS-AC8PWH9-C_AC.ir,ir,ACs,duplicate-dropped
sd_card_content/ir_extra_dbs/ACs/Inventum/Inventum_AC.ir,sd_card_content/universal_ir/assets/ACs/Inventum/Inventum_AC.ir,ir,ACs,duplicate-dropped
sd_card_content/ir_extra_dbs/ACs/Kelon/Kelon_AS-24HR4SQJUL.ir,sd_card_content/universal_ir/assets/ACs/Kelon/Kelon_AS-24HR4SQJUL.ir,ir,ACs,duplicate-dropped
sd_card_content/ir_extra_dbs/ACs/Kenmore/Kenmore_AC.ir,sd_card_content/universal_ir/assets/ACs/Kenmore/Kenmore_AC.ir,ir,ACs,duplicate-dropped
sd_card_content/ir_extra_dbs/ACs/Klarstein/Klarstein_Metrobreeze_Miami.ir,sd_card_content/universal_ir/assets/ACs/Klarstein/Klarstein_Metrobreeze_Miami.ir,ir,ACs,duplicate-dropped
sd_card_content/ir_extra_dbs/ACs/Koldfront/Koldfront_WAC12001.ir,sd_card_content/universal_ir/assets/ACs/Koldfront/Koldfront_WAC12001.ir,ir,ACs,duplicate-dropped
sd_card_content/ir_extra_dbs/ACs/LG/LG_AC.ir,sd_card_content/universal_ir/assets/ACs/LG/LG_AC.ir,ir,ACs,duplicate-dropped
sd_card_content/ir_extra_dbs/ACs/LG/LG_LP1015WNR_AC.ir,sd_card_content/universal_ir/assets/ACs/LG/LG_LP1015WNR_AC.ir,ir,ACs,duplicate-dropped
sd_card_content/ir_extra_dbs/ACs/LG/LG_LP1417GSR_AC.ir,sd_card_content/universal_ir/assets/ACs/LG/LG_LP1417GSR_AC.ir,ir,ACs,duplicate-dropped
sd_card_content/ir_extra_dbs/ACs/Lamborghini/Unknown_Model_1.ir,sd_card_content/universal_ir/assets/ACs/Lamborghini/Unknown_Model_1.ir,ir,ACs,duplicate-dropped
sd_card_content/ir_extra_dbs/ACs/Legion/Legion_LE-F30RH-IN.ir,sd_card_content/universal_ir/assets/ACs/Legion/Legion_LE-F30RH-IN.ir,ir,ACs,duplicate-dropped
sd_card_content/ir_extra_dbs/ACs/Lifetime_Air/Lifetime_Air.ir,sd_card_content/universal_ir/assets/ACs/Lifetime_Air/Lifetime_Air.ir,ir,ACs,duplicate-dropped
sd_card_content/ir_extra_dbs/ACs/Logik/Logik_HLF-20R.ir,sd_card_content/universal_ir/assets/ACs/Logik/Logik_HLF-20R.ir,ir,ACs,duplicate-dropped
sd_card_content/ir_extra_dbs/ACs/MayTag/MayTag_M6X06F2A.ir,sd_card_content/universal_ir/assets/ACs/MayTag/MayTag_M6X06F2A.ir,ir,ACs,duplicate-dropped
sd_card_content/ir_extra_dbs/ACs/Midea/Midea_MP12SVKBA3RCM.ir,sd_card_content/universal_ir/assets/ACs/Midea/Midea_MP12SVKBA3RCM.ir,ir,ACs,duplicate-dropped
sd_card_content/ir_extra_dbs/ACs/Mitsubishi/Mitsubishi_MSH-30RV.ir,sd_card_content/universal_ir/assets/ACs/Mitsubishi/Mitsubishi_MSH-30RV.ir,ir,ACs,duplicate-dropped
sd_card_content/ir_extra_dbs/ACs/Mitsubishi/Mitsubishi_MSH_GA71VB.ir,sd_card_content/universal_ir/assets/ACs/Mitsubishi/Mitsubishi_MSH_GA71VB.ir,ir,ACs,duplicate-dropped
sd_card_content/ir_extra_dbs/ACs/Mitsubishi/Mitsubishi_SRK20ZJ-S.ir,sd_card_content/universal_ir/assets/ACs/Mitsubishi/Mitsubishi_SRK20ZJ-S.ir,ir,ACs,duplicate-dropped
sd_card_content/ir_extra_dbs/ACs/Mitsubishi/Mitsubishi_SRK35ZS-W.ir,sd_card_content/universal_ir/assets/ACs/Mitsubishi/Mitsubishi_SRK35ZS-W.ir,ir,ACs,duplicate-dropped
sd_card_content/ir_extra_dbs/ACs/Mitsubishi/mitsubishi-MSY-GE10VA.ir,sd_card_content/universal_ir/assets/ACs/Mitsubishi/mitsubishi-MSY-GE10VA.ir,ir,ACs,duplicate-dropped
sd_card_content/ir_extra_dbs/ACs/Moretti/Moretti_Air_Cooler.ir,sd_card_content/universal_ir/assets/ACs/Moretti/Moretti_Air_Cooler.ir,ir,ACs,duplicate-dropped
sd_card_content/ir_extra_dbs/ACs/OK/Ok_AC_OAC_7020.ir,sd_card_content/universal_ir/assets/ACs/OK/Ok_AC_OAC_7020.ir,ir,ACs,duplicate-dropped
sd_card_content/ir_extra_dbs/ACs/Oreck/Oreck_AIR12GU.ir,sd_card_content/universal_ir/assets/ACs/Oreck/Oreck_AIR12GU.ir,ir,ACs,duplicate-dropped
sd_card_content/ir_extra_dbs/ACs/Osaka/Osaka_CH_09_DSBP.ir,sd_card_content/universal_ir/assets/ACs/Osaka/Osaka_CH_09_DSBP.ir,ir,ACs,duplicate-dropped
sd_card_content/ir_extra_dbs/ACs/Panasonic/Panasonic_CS-E9HKR.ir,sd_card_content/universal_ir/assets/ACs/Panasonic/Panasonic_CS-E9HKR.ir,ir,ACs,duplicate-dropped
sd_card_content/ir_extra_dbs/ACs/Princess/Princess_AC.ir,sd_card_content/universal_ir/assets/ACs/Princess/Princess_AC.ir,ir,ACs,duplicate-dropped
sd_card_content/ir_extra_dbs/ACs/Remko/Remko_RKL.ir,sd_card_content/universal_ir/assets/ACs/Remko/Remko_RKL.ir,ir,ACs,duplicate-dropped
sd_card_content/ir_extra_dbs/ACs/Royal_Clima/Royal_Clima_RC-TWN55HN.ir,sd_card_content/universal_ir/assets/ACs/Royal_Clima/Royal_Clima_RC-TWN55HN.ir,ir,ACs,duplicate-dropped
sd_card_content/ir_extra_dbs/ACs/SereneLife/SereneLife_SLPAC8.ir,sd_card_content/universal_ir/assets/ACs/SereneLife/SereneLife_SLPAC8.ir,ir,ACs,duplicate-dropped
sd_card_content/ir_extra_dbs/ACs/Sharp/Sharp AH-A9UCD.ir,sd_card_content/universal_ir/assets/ACs/Sharp/Sharp AH-A9UCD.ir,ir,ACs,duplicate-dropped
sd_card_content/ir_extra_dbs/ACs/Shivaki/Shivaki_SSA18002.ir,sd_card_content/universal_ir/assets/ACs/Shivaki/Shivaki_SSA18002.ir,ir,ACs,duplicate-dropped
sd_card_content/ir_extra_dbs/ACs/Sinclair/SINCLAIR_ASH13BIF2.ir,sd_card_content/universal_ir/assets/ACs/Sinclair/SINCLAIR_ASH13BIF2.ir,ir,ACs,duplicate-dropped
sd_card_content/ir_extra_dbs/ACs/SoleusAir/SoleusAir.ir,sd_card_content/universal_ir/assets/ACs/SoleusAir/SoleusAir.ir,ir,ACs,duplicate-dropped
sd_card_content/ir_extra_dbs/ACs/SoleusAir/SoleusAir_Portable.ir,sd_card_content/universal_ir/assets/ACs/SoleusAir/SoleusAir_Portable.ir,ir,ACs,duplicate-dropped
sd_card_content/ir_extra_dbs/ACs/Subtropic/Subtropic_in-07HN1.ir,sd_card_content/universal_ir/assets/ACs/Subtropic/Subtropic_in-07HN1.ir,ir,ACs,duplicate-dropped
sd_card_content/ir_extra_dbs/ACs/SuedwindAmbientika/Suedwind.ir,sd_card_content/universal_ir/assets/ACs/SuedwindAmbientika/Suedwind.ir,ir,ACs,duplicate-dropped
sd_card_content/ir_extra_dbs/ACs/Suntec/Suntec_Transform_AC.ir,sd_card_content/universal_ir/assets/ACs/Suntec/Suntec_Transform_AC.ir,ir,ACs,duplicate-dropped
sd_card_content/ir_extra_dbs/ACs/TCL/Tcl.ir,sd_card_content/universal_ir/assets/ACs/TCL/Tcl.ir,ir,ACs,duplicate-dropped
sd_card_content/ir_extra_dbs/ACs/Timberk/Timberk_RG05D4-BGE.ir,sd_card_content/universal_ir/assets/ACs/Timberk/Timberk_RG05D4-BGE.ir,ir,ACs,duplicate-dropped
sd_card_content/ir_extra_dbs/ACs/Tora/Tora_TS_16-Classic.ir,sd_card_content/universal_ir/assets/ACs/Tora/Tora_TS_16-Classic.ir,ir,ACs,duplicate-dropped
sd_card_content/ir_extra_dbs/ACs/Toshiba/Toshiba_AC.ir,sd_card_content/universal_ir/assets/ACs/Toshiba/Toshiba_AC.ir,ir,ACs,duplicate-dropped
sd_card_content/ir_extra_dbs/ACs/Tosot/Tosot_T24H-ILF.ir,sd_card_content/universal_ir/assets/ACs/Tosot/Tosot_T24H-ILF.ir,ir,ACs,duplicate-dropped
sd_card_content/ir_extra_dbs/ACs/Tropic/Tropic_AC.ir,sd_card_content/universal_ir/assets/ACs/Tropic/Tropic_AC.ir,ir,ACs,duplicate-dropped
sd_card_content/ir_extra_dbs/ACs/Trotec/Trotec_PAC2600X.ir,sd_card_content/universal_ir/assets/ACs/Trotec/Trotec_PAC2600X.ir,ir,ACs,duplicate-dropped
sd_card_content/ir_extra_dbs/ACs/Vornado/Vornado.ir,sd_card_content/universal_ir/assets/ACs/Vornado/Vornado.ir,ir,ACs,duplicate-dropped
sd_card_content/ir_extra_dbs/ACs/Whynter/Whynter_AC.ir,sd_card_content/universal_ir/assets/ACs/Whynter/Whynter_AC.ir,ir,ACs,duplicate-dropped
sd_card_content/ir_extra_dbs/ACs/Windfree/Windfree_Ac_test.ir,sd_card_content/universal_ir/assets/ACs/Windfree/Windfree_Ac_test.ir,ir,ACs,duplicate-dropped
sd_card_content/ir_extra_dbs/ACs/Windfree/Windfree_Actest2.ir,sd_card_content/universal_ir/assets/ACs/Windfree/Windfree_Actest2.ir,ir,ACs,duplicate-dropped
sd_card_content/ir_extra_dbs/ACs/Windfree/Windfree_Remote3.ir,sd_card_content/universal_ir/assets/ACs/Windfree/Windfree_Remote3.ir,ir,ACs,duplicate-dropped
sd_card_content/ir_extra_dbs/ACs/York/York_AC.ir,sd_card_content/universal_ir/assets/ACs/York/York_AC.ir,ir,ACs,duplicate-dropped
sd_card_content/ir_extra_dbs/ACs/Zenith/Zenith_AC.ir,sd_card_content/universal_ir/assets/ACs/Zenith/Zenith_AC.ir,ir,ACs,duplicate-dropped
sd_card_content/ir_extra_dbs/ACs/Zephir/Zephir_ZPO9001H_AC.ir,sd_card_content/universal_ir/assets/ACs/Zephir/Zephir_ZPO9001H_AC.ir,ir,ACs,duplicate-dropped
sd_card_content/ir_extra_dbs/ACs/electriQ/electriQ_P15C-V2.ir,sd_card_content/universal_ir/assets/ACs/electriQ/electriQ_P15C-V2.ir,ir,ACs,duplicate-dropped
sd_card_content/ir_extra_dbs/Consoles/Microsoft/XBOX360_Media.ir,sd_card_content/universal_ir/assets/Consoles/Microsoft/XBOX360_Media.ir,ir,Consoles,duplicate-dropped
sd_card_content/ir_extra_dbs/Consoles/Microsoft/XBox_DVD_Media_Playback_Kit.ir,sd_card_content/universal_ir/assets/Consoles/Microsoft/XBox_DVD_Media_Playback_Kit.ir,ir,Consoles,duplicate-dropped
sd_card_content/ir_extra_dbs/Consoles/Microsoft/Xb1_8BitDo_Media_remote_short.ir,sd_card_content/universal_ir/assets/Consoles/Microsoft/Xb1_8BitDo_Media_remote_short.ir,ir,Consoles,duplicate-dropped
sd_card_content/ir_extra_dbs/Consoles/Microsoft/Xbox.ir,sd_card_content/universal_ir/assets/Consoles/Microsoft/Xbox.ir,ir,Consoles,duplicate-dropped
sd_card_content/ir_extra_dbs/Consoles/Microsoft/Xbox_One_Media_Remote.ir,sd_card_content/universal_ir/assets/Consoles/Microsoft/Xbox_One_Media_Remote.ir,ir,Consoles,duplicate-dropped
sd_card_content/ir_extra_dbs/Consoles/Nintendo/Gameboy/Pokemon_Silver_Mystery_Gift.ir,sd_card_content/universal_ir/assets/Consoles/Nintendo/Gameboy/Pokemon_Silver_Mystery_Gift.ir,ir,Consoles,duplicate-dropped
sd_card_content/ir_extra_dbs/Consoles/Philips/CDi_Commander.ir,sd_card_content/universal_ir/assets/Consoles/Philips/CDi_Commander.ir,ir,Consoles,duplicate-dropped
sd_card_content/ir_extra_dbs/Consoles/PlayStation/PlayStation_2.ir,sd_card_content/universal_ir/assets/Consoles/PlayStation/PlayStation_2.ir,ir,Consoles,duplicate-dropped
sd_card_content/ir_extra_dbs/LED_Lighting/ADJ/ADJ_UC-IR.ir,sd_card_content/universal_ir/assets/LED_Lighting/ADJ/ADJ_UC-IR.ir,ir,LED_Lighting,duplicate-dropped
sd_card_content/ir_extra_dbs/LED_Lighting/AIRUEEK_Sonic_LED_Lamp/AIRUEEK_Sonic_LED_Lamp.ir,sd_card_content/universal_ir/assets/LED_Lighting/AIRUEEK_Sonic_LED_Lamp/AIRUEEK_Sonic_LED_Lamp.ir,ir,LED_Lighting,duplicate-dropped
sd_card_content/ir_extra_dbs/LED_Lighting/Airivo/AIRIVO_NorthernLights.ir,sd_card_content/universal_ir/assets/LED_Lighting/Airivo/AIRIVO_NorthernLights.ir,ir,LED_Lighting,duplicate-dropped
sd_card_content/ir_extra_dbs/LED_Lighting/Amazon/Amazon_LED_Lights.ir,sd_card_content/universal_ir/assets/LED_Lighting/Amazon/Amazon_LED_Lights.ir,ir,LED_Lighting,duplicate-dropped
sd_card_content/ir_extra_dbs/LED_Lighting/American_Lighting/American_Lighting_LED.ir,sd_card_content/universal_ir/assets/LED_Lighting/American_Lighting/American_Lighting_LED.ir,ir,LED_Lighting,duplicate-dropped
sd_card_content/ir_extra_dbs/LED_Lighting/American_Lighting/American_Lighting_Neon_Flex_Light.ir,sd_card_content/universal_ir/assets/LED_Lighting/American_Lighting/American_Lighting_Neon_Flex_Light.ir,ir,LED_Lighting,duplicate-dropped
sd_card_content/ir_extra_dbs/LED_Lighting/Antizer_Flameless_Candles/Antizer_Flameless_Candles.ir,sd_card_content/universal_ir/assets/LED_Lighting/Antizer_Flameless_Candles/Antizer_Flameless_Candles.ir,ir,LED_Lighting,duplicate-dropped
sd_card_content/ir_extra_dbs/LED_Lighting/Aoguerbe/Aoguerbe_BRSW04.ir,sd_card_content/universal_ir/assets/LED_Lighting/Aoguerbe/Aoguerbe_BRSW04.ir,ir,LED_Lighting,duplicate-dropped
sd_card_content/ir_extra_dbs/LED_Lighting/Artika/Europa_21in_chrome.ir,sd_card_content/universal_ir/assets/LED_Lighting/Artika/Europa_21in_chrome.ir,ir,LED_Lighting,duplicate-dropped
sd_card_content/ir_extra_dbs/LED_Lighting/AuraGlow/AuraGlowLED.ir,sd_card_content/universal_ir/assets/LED_Lighting/AuraGlow/AuraGlowLED.ir,ir,LED_Lighting,duplicate-dropped
sd_card_content/ir_extra_dbs/LED_Lighting/AuraLED/AuraLED_ColorStrip.ir,sd_card_content/universal_ir/assets/LED_Lighting/AuraLED/AuraLED_ColorStrip.ir,ir,LED_Lighting,duplicate-dropped
sd_card_content/ir_extra_dbs/LED_Lighting/Baltimore/Baltimore_LED_Light_Strip.ir,sd_card_content/universal_ir/assets/LED_Lighting/Baltimore/Baltimore_LED_Light_Strip.ir,ir,LED_Lighting,duplicate-dropped
sd_card_content/ir_extra_dbs/LED_Lighting/Bawoo/Bawoo_LED.ir,sd_card_content/universal_ir/assets/LED_Lighting/Bawoo/Bawoo_LED.ir,ir,LED_Lighting,duplicate-dropped
sd_card_content/ir_extra_dbs/LED_Lighting/BeamZ/BeamZ_ShowBar_Laser.ir,sd_card_content/universal_ir/assets/LED_Lighting/BeamZ/BeamZ_ShowBar_Laser.ir,ir,LED_Lighting,duplicate-dropped
sd_card_content/ir_extra_dbs/LED_Lighting/BeamZ/BeamZ_Skynight.ir,sd_card_content/universal_ir/assets/LED_Lighting/BeamZ/BeamZ_Skynight.ir,ir,LED_Lighting,duplicate-dropped
sd_card_content/ir_extra_dbs/LED_Lighting/BoomTone/DJ_LEDPAR_7x10W_5in1/DJ_LEDPAR_7x10W_5in1.ir,sd_card_content/universal_ir/assets/LED_Lighting/BoomTone/DJ_LEDPAR_7x10W_5in1/DJ_LEDPAR_7x10W_5in1.ir,ir,LED_Lighting,duplicate-dropped
sd_card_content/ir_extra_dbs/LED_Lighting/BoomTone/DJ_LEDPAR_7x10W_5in1/ReadMe.md,sd_card_content/universal_ir/assets/LED_Lighting/BoomTone/DJ_LEDPAR_7x10W_5in1/ReadMe.md,ir,LED_Lighting,duplicate-dropped
sd_card_content/ir_extra_dbs/LED_Lighting/Bower/Bower_ring_1.ir,sd_card_content/universal_ir/assets/LED_Lighting/Bower/Bower_ring_1.ir,ir,LED_Lighting,duplicate-dropped
sd_card_content/ir_extra_dbs/LED_Lighting/BrandUnknown/Submersible_LED_Light.ir,sd_card_content/universal_ir/assets/LED_Lighting/BrandUnknown/Submersible_LED_Light.ir,ir,LED_Lighting,duplicate-dropped
sd_card_content/ir_extra_dbs/LED_Lighting/Briloner/BRILONER_BN254818.ir,sd_card_content/universal_ir/assets/LED_Lighting/Briloner/BRILONER_BN254818.ir,ir,LED_Lighting,duplicate-dropped
sd_card_content/ir_extra_dbs/LED_Lighting/Briloner/Briloner_14118006L.ir,sd_card_content/universal_ir/assets/LED_Lighting/Briloner/Briloner_14118006L.ir,ir,LED_Lighting,duplicate-dropped
sd_card_content/ir_extra_dbs/LED_Lighting/Briloner/Briloner_Ceiling_Light.ir,sd_card_content/universal_ir/assets/LED_Lighting/Briloner/Briloner_Ceiling_Light.ir,ir,LED_Lighting,duplicate-dropped
sd_card_content/ir_extra_dbs/LED_Lighting/Briloner/Briloner_Leuchten_14133506L.ir,sd_card_content/universal_ir/assets/LED_Lighting/Briloner/Briloner_Leuchten_14133506L.ir,ir,LED_Lighting,duplicate-dropped
sd_card_content/ir_extra_dbs/LED_Lighting/Briloner/Briloner_Leuchten_LED.ir,sd_card_content/universal_ir/assets/LED_Lighting/Briloner/Briloner_Leuchten_LED.ir,ir,LED_Lighting,duplicate-dropped
sd_card_content/ir_extra_dbs/LED_Lighting/Briloner/Briloner_leuchten.ir,sd_card_content/universal_ir/assets/LED_Lighting/Briloner/Briloner_leuchten.ir,ir,LED_Lighting,duplicate-dropped
sd_card_content/ir_extra_dbs/LED_Lighting/Briloner/LED_Ceiling_Light_Briloner_Leuchten.ir,sd_card_content/universal_ir/assets/LED_Lighting/Briloner/LED_Ceiling_Light_Briloner_Leuchten.ir,ir,LED_Lighting,duplicate-dropped
sd_card_content/ir_extra_dbs/LED_Lighting/Brizled_LED_Icicle_Lights/Brizled_Christmas_Icicle_Lights.ir,sd_card_content/universal_ir/assets/LED_Lighting/Brizled_LED_Icicle_Lights/Brizled_Christmas_Icicle_Lights.ir,ir,LED_Lighting,duplicate-dropped
sd_card_content/ir_extra_dbs/LED_Lighting/Cadrim/Cadrim_Puck_Lights.ir,sd_card_content/universal_ir/assets/LED_Lighting/Cadrim/Cadrim_Puck_Lights.ir,ir,LED_Lighting,duplicate-dropped
sd_card_content/ir_extra_dbs/LED_Lighting/Calex/Calex_LED_strip.ir,sd_card_content/universal_ir/assets/LED_Lighting/Calex/Calex_LED_strip.ir,ir,LED_Lighting,duplicate-dropped
sd_card_content/ir_extra_dbs/LED_Lighting/Cameo/CLPFLAT1REMOTE.ir,sd_card_content/universal_ir/assets/LED_Lighting/Cameo/CLPFLAT1REMOTE.ir,ir,LED_Lighting,duplicate-dropped
sd_card_content/ir_extra_dbs/LED_Lighting/CandleChoice_LED/CandleChoice.ir,sd_card_content/universal_ir/assets/LED_Lighting/CandleChoice_LED/CandleChoice.ir,ir,LED_Lighting,duplicate-dropped
sd_card_content/ir_extra_dbs/LED_Lighting/Century/Century_SRSOL509040.ir,sd_card_content/universal_ir/assets/LED_Lighting/Century/Century_SRSOL509040.ir,ir,LED_Lighting,duplicate-dropped
sd_card_content/ir_extra_dbs/LED_Lighting/Chauvet/ChauvetDJ_IRC6.ir,sd_card_content/universal_ir/assets/LED_Lighting/Chauvet/ChauvetDJ_IRC6.ir,ir,LED_Lighting,duplicate-dropped
sd_card_content/ir_extra_dbs/LED_Lighting/CooPark/CooPark_LED.ir,sd_card_content/universal_ir/assets/LED_Lighting/CooPark/CooPark_LED.ir,ir,LED_Lighting,duplicate-dropped
sd_card_content/ir_extra_dbs/LED_Lighting/CountryField/CountryField_LED_Lamp.ir,sd_card_content/universal_ir/assets/LED_Lighting/CountryField/CountryField_LED_Lamp.ir,ir,LED_Lighting,duplicate-dropped
sd_card_content/ir_extra_dbs/LED_Lighting/Dasinko/Dasinko_LED.ir,sd_card_content/universal_ir/assets/LED_Lighting/Dasinko/Dasinko_LED.ir,ir,LED_Lighting,duplicate-dropped
sd_card_content/ir_extra_dbs/LED_Lighting/Defiant/Defiant_17FL0102.ir,sd_card_content/universal_ir/assets/LED_Lighting/Defiant/Defiant_17FL0102.ir,ir,LED_Lighting,duplicate-dropped
sd_card_content/ir_extra_dbs/LED_Lighting/Deluxe_Homeart/Deluxe_Homeart_FB-00001.ir,sd_card_content/universal_ir/assets/LED_Lighting/Deluxe_Homeart/Deluxe_Homeart_FB-00001.ir,ir,LED_Lighting,duplicate-dropped
sd_card_content/ir_extra_dbs/LED_Lighting/Duni/DUNI_MP12ECOLOR.ir,sd_card_content/universal_ir/assets/LED_Lighting/Duni/DUNI_MP12ECOLOR.ir,ir,LED_Lighting,duplicate-dropped
sd_card_content/ir_extra_dbs/LED_Lighting/EAMBRITE/EAMBRITE_100LT_Fairy_Lights.ir,sd_card_content/universal_ir/assets/LED_Lighting/EAMBRITE/EAMBRITE_100LT_Fairy_Lights.ir,ir,LED_Lighting,duplicate-dropped
sd_card_content/ir_extra_dbs/LED_Lighting/ECOLITE/LED_Light_ECOLITE_HB333.ir,sd_card_content/universal_ir/assets/LED_Lighting/ECOLITE/LED_Light_ECOLITE_HB333.ir,ir,LED_Lighting,duplicate-dropped
sd_card_content/ir_extra_dbs/LED_Lighting/EGLO/EGLO_light.ir,sd_card_content/universal_ir/assets/LED_Lighting/EGLO/EGLO_light.ir,ir,LED_Lighting,duplicate-dropped
sd_card_content/ir_extra_dbs/LED_Lighting/EVE/EVE_LED_SOLAR_PI1901.ir,sd_card_content/universal_ir/assets/LED_Lighting/EVE/EVE_LED_SOLAR_PI1901.ir,ir,LED_Lighting,duplicate-dropped
sd_card_content/ir_extra_dbs/LED_Lighting/Emerson/Emerson_NH303UD.ir,sd_card_content/universal_ir/assets/LED_Lighting/Emerson/Emerson_NH303UD.ir,ir,LED_Lighting,duplicate-dropped
sd_card_content/ir_extra_dbs/LED_Lighting/Feron/Feron_AL5000_Starlight.ir,sd_card_content/universal_ir/assets/LED_Lighting/Feron/Feron_AL5000_Starlight.ir,ir,LED_Lighting,duplicate-dropped
sd_card_content/ir_extra_dbs/LED_Lighting/FlarX/FlarX.ir,sd_card_content/universal_ir/assets/LED_Lighting/FlarX/FlarX.ir,ir,LED_Lighting,duplicate-dropped
sd_card_content/ir_extra_dbs/LED_Lighting/Gako/RGB_CONTROLLER_5050SMD.ir,sd_card_content/universal_ir/assets/LED_Lighting/Gako/RGB_CONTROLLER_5050SMD.ir,ir,LED_Lighting,duplicate-dropped
sd_card_content/ir_extra_dbs/LED_Lighting/Globo/Globo_Connor_Ceiling_LED_Lamp.ir,sd_card_content/universal_ir/assets/LED_Lighting/Globo/Globo_Connor_Ceiling_LED_Lamp.ir,ir,LED_Lighting,duplicate-dropped
sd_card_content/ir_extra_dbs/LED_Lighting/Golden_Power/Christmas_lights_Gp.ir,sd_card_content/universal_ir/assets/LED_Lighting/Golden_Power/Christmas_lights_Gp.ir,ir,LED_Lighting,duplicate-dropped
sd_card_content/ir_extra_dbs/LED_Lighting/Golden_Power/GoldenPower_XmasLights.ir,sd_card_content/universal_ir/assets/LED_Lighting/Golden_Power/GoldenPower_XmasLights.ir,ir,LED_Lighting,duplicate-dropped
sd_card_content/ir_extra_dbs/LED_Lighting/Govee/Govee_Striplights.ir,sd_card_content/universal_ir/assets/LED_Lighting/Govee/Govee_Striplights.ir,ir,LED_Lighting,duplicate-dropped
sd_card_content/ir_extra_dbs/LED_Lighting/Govee/Govee_TV_Backlights.ir,sd_card_content/universal_ir/assets/LED_Lighting/Govee/Govee_TV_Backlights.ir,ir,LED_Lighting,duplicate-dropped
sd_card_content/ir_extra_dbs/LED_Lighting/HGomx/HGomx_Saturn_LED_Lamp.ir,sd_card_content/universal_ir/assets/LED_Lighting/HGomx/HGomx_Saturn_LED_Lamp.ir,ir,LED_Lighting,duplicate-dropped
sd_card_content/ir_extra_dbs/LED_Lighting/HomeMost_LED/HomeMostLight.ir,sd_card_content/universal_ir/assets/LED_Lighting/HomeMost_LED/HomeMostLight.ir,ir,LED_Lighting,duplicate-dropped
sd_card_content/ir_extra_dbs/LED_Lighting/Hovvida/Hovvida_LED.ir,sd_card_content/universal_ir/assets/LED_Lighting/Hovvida/Hovvida_LED.ir,ir,LED_Lighting,duplicate-dropped
sd_card_content/ir_extra_dbs/LED_Lighting/Hxweiye/HXWEIYE_300LED_Fairy_Curtain_Lights.ir,sd_card_content/universal_ir/assets/LED_Lighting/Hxweiye/HXWEIYE_300LED_Fairy_Curtain_Lights.ir,ir,LED_Lighting,duplicate-dropped
sd_card_content/ir_extra_dbs/LED_Lighting/ION/ION_HolidayPartyPlus.ir,sd_card_content/universal_ir/assets/LED_Lighting/ION/ION_HolidayPartyPlus.ir,ir,LED_Lighting,duplicate-dropped
sd_card_content/ir_extra_dbs/LED_Lighting/ISY/ISY_UNKOWN.ir,sd_card_content/universal_ir/assets/LED_Lighting/ISY/ISY_UNKOWN.ir,ir,LED_Lighting,duplicate-dropped
sd_card_content/ir_extra_dbs/LED_Lighting/JYSK/Kristjan_LED_candle.ir,sd_card_content/universal_ir/assets/LED_Lighting/JYSK/Kristjan_LED_candle.ir,ir,LED_Lighting,duplicate-dropped
sd_card_content/ir_extra_dbs/LED_Lighting/Jialine_Candle/10-key_Candle.ir,sd_card_content/universal_ir/assets/LED_Lighting/Jialine_Candle/10-key_Candle.ir,ir,LED_Lighting,duplicate-dropped
sd_card_content/ir_extra_dbs/LED_Lighting/KODA/KODA_LM030008-1.ir,sd_card_content/universal_ir/assets/LED_Lighting/KODA/KODA_LM030008-1.ir,ir,LED_Lighting,duplicate-dropped
sd_card_content/ir_extra_dbs/LED_Lighting/Keepsmile/Led_lights.ir,sd_card_content/universal_ir/assets/LED_Lighting/Keepsmile/Led_lights.ir,ir,LED_Lighting,duplicate-dropped
sd_card_content/ir_extra_dbs/LED_Lighting/Kernowo/Kernowo_Solar_LED_Light.ir,sd_card_content/universal_ir/assets/LED_Lighting/Kernowo/Kernowo_Solar_LED_Light.ir,ir,LED_Lighting,duplicate-dropped
sd_card_content/ir_extra_dbs/LED_Lighting/Kikilive/Jelly_Lamp.ir,sd_card_content/universal_ir/assets/LED_Lighting/Kikilive/Jelly_Lamp.ir,ir,LED_Lighting,duplicate-dropped
sd_card_content/ir_extra_dbs/LED_Lighting/Kiwong/333SolarLedLight.ir,sd_card_content/universal_ir/assets/LED_Lighting/Kiwong/333SolarLedLight.ir,ir,LED_Lighting,duplicate-dropped
sd_card_content/ir_extra_dbs/LED_Lighting/Kohree/Kohree_LED_Lights.ir,sd_card_content/universal_ir/assets/LED_Lighting/Kohree/Kohree_LED_Lights.ir,ir,LED_Lighting,duplicate-dropped
sd_card_content/ir_extra_dbs/LED_Lighting/KooPower/Koopower_hg4011_LED_Light_String.ir,sd_card_content/universal_ir/assets/LED_Lighting/KooPower/Koopower_hg4011_LED_Light_String.ir,ir,LED_Lighting,duplicate-dropped
sd_card_content/ir_extra_dbs/LED_Lighting/L8Star/L8Star_LED_Lights.ir,sd_card_content/universal_ir/assets/LED_Lighting/L8Star/L8Star_LED_Lights.ir,ir,LED_Lighting,duplicate-dropped
sd_card_content/ir_extra_dbs/LED_Lighting/Lethe/Lethe_RGB_LED.ir,sd_card_content/universal_ir/assets/LED_Lighting/Lethe/Lethe_RGB_LED.ir,ir,LED_Lighting,duplicate-dropped
sd_card_content/ir_extra_dbs/LED_Lighting/Lethe/Lethe_RGB_LED_full.ir,sd_card_content/universal_ir/assets/LED_Lighting/Lethe/Lethe_RGB_LED_full.ir,ir,LED_Lighting,duplicate-dropped
sd_card_content/ir_extra_dbs/LED_Lighting/LinahiLED/LINAHI_NO_80_1200CH.ir,sd_card_content/universal_ir/assets/LED_Lighting/LinahiLED/LINAHI_NO_80_1200CH.ir,ir,LED_Lighting,duplicate-dropped
sd_card_content/ir_extra_dbs/LED_Lighting/LolaLED/LOLA_LED.ir,sd_card_content/universal_ir/assets/LED_Lighting/LolaLED/LOLA_LED.ir,ir,LED_Lighting,duplicate-dropped
sd_card_content/ir_extra_dbs/LED_Lighting/Lotti_LED/Remote_XT-RC1.ir,sd_card_content/universal_ir/assets/LED_Lighting/Lotti_LED/Remote_XT-RC1.ir,ir,LED_Lighting,duplicate-dropped
sd_card_content/ir_extra_dbs/LED_Lighting/Lucoza/LUCOZA_Candle1.ir,sd_card_content/universal_ir/assets/LED_Lighting/Lucoza/LUCOZA_Candle1.ir,ir,LED_Lighting,duplicate-dropped
sd_card_content/ir_extra_dbs/LED_Lighting/Lucoza/LUCOZA_Candle2.ir,sd_card_content/universal_ir/assets/LED_Lighting/Lucoza/LUCOZA_Candle2.ir,ir,LED_Lighting,duplicate-dropped
sd_card_content/ir_extra_dbs/LED_Lighting/Luminara/Luminara_Candle.ir,sd_card_content/universal_ir/assets/LED_Lighting/Luminara/Luminara_Candle.ir,ir,LED_Lighting,duplicate-dropped
sd_card_content/ir_extra_dbs/LED_Lighting/Luminarte/Luminarte.ir,sd_card_content/universal_ir/assets/LED_Lighting/Luminarte/Luminarte.ir,ir,LED_Lighting,duplicate-dropped
sd_card_content/ir_extra_dbs/LED_Lighting/Mirage/Mirage_Candle.ir,sd_card_content/universal_ir/assets/LED_Lighting/Mirage/Mirage_Candle.ir,ir,LED_Lighting,duplicate-dropped
sd_card_content/ir_extra_dbs/LED_Lighting/MonsterIlluminessence/MonsterIlluminessence_LED.ir,sd_card_content/universal_ir/assets/LED_Lighting/MonsterIlluminessence/MonsterIlluminessence_LED.ir,ir,LED_Lighting,duplicate-dropped
sd_card_content/ir_extra_dbs/LED_Lighting/Monster_Basics/LED_MONSTER_BASICS.ir,sd_card_content/universal_ir/assets/LED_Lighting/Monster_Basics/LED_MONSTER_BASICS.ir,ir,LED_Lighting,duplicate-dropped
sd_card_content/ir_extra_dbs/LED_Lighting/Monster_Basics/Monster_Color_Flow_Neon.ir,sd_card_content/universal_ir/assets/LED_Lighting/Monster_Basics/Monster_Color_Flow_Neon.ir,ir,LED_Lighting,duplicate-dropped
sd_card_content/ir_extra_dbs/LED_Lighting/Monster_Basics/Monster_LED_Touch_Light.ir,sd_card_content/universal_ir/assets/LED_Lighting/Monster_Basics/Monster_LED_Touch_Light.ir,ir,LED_Lighting,duplicate-dropped
sd_card_content/ir_extra_dbs/LED_Lighting/Msmkeji/MSMKEJI_Grow_Light_100w.ir,sd_card_content/universal_ir/assets/LED_Lighting/Msmkeji/MSMKEJI_Grow_Light_100w.ir,ir,LED_Lighting,duplicate-dropped
sd_card_content/ir_extra_dbs/LED_Lighting/Msmkeji/ReadMe.md,sd_card_content/universal_ir/assets/LED_Lighting/Msmkeji/ReadMe.md,ir,LED_Lighting,duplicate-dropped
sd_card_content/ir_extra_dbs/LED_Lighting/Neewer/Neewer_nw_22b.ir,sd_card_content/universal_ir/assets/LED_Lighting/Neewer/Neewer_nw_22b.ir,ir,LED_Lighting,duplicate-dropped
sd_card_content/ir_extra_dbs/LED_Lighting/Neuhaus/Neuhaus_Leuchten_Direkt.ir,sd_card_content/universal_ir/assets/LED_Lighting/Neuhaus/Neuhaus_Leuchten_Direkt.ir,ir,LED_Lighting,duplicate-dropped
sd_card_content/ir_extra_dbs/LED_Lighting/Neuhaus/Neuhaus_Leuchten_Direkt_LOLA.ir,sd_card_content/universal_ir/assets/LED_Lighting/Neuhaus/Neuhaus_Leuchten_Direkt_LOLA.ir,ir,LED_Lighting,duplicate-dropped
sd_card_content/ir_extra_dbs/LED_Lighting/Neuhaus/Neuhaus_Leuchten_Direkt_sparkle_LED.ir,sd_card_content/universal_ir/assets/LED_Lighting/Neuhaus/Neuhaus_Leuchten_Direkt_sparkle_LED.ir,ir,LED_Lighting,duplicate-dropped
sd_card_content/ir_extra_dbs/LED_Lighting/Nexillumi/Nexillumi_LED.ir,sd_card_content/universal_ir/assets/LED_Lighting/Nexillumi/Nexillumi_LED.ir,ir,LED_Lighting,duplicate-dropped
sd_card_content/ir_extra_dbs/LED_Lighting/Northerns_Light/Northerns_Light_Chain.ir,sd_card_content/universal_ir/assets/LED_Lighting/Northerns_Light/Northerns_Light_Chain.ir,ir,LED_Lighting,duplicate-dropped
sd_card_content/ir_extra_dbs/LED_Lighting/OLLNY/OLLNY_HG29V212C.ir,sd_card_content/universal_ir/assets/LED_Lighting/OLLNY/OLLNY_HG29V212C.ir,ir,LED_Lighting,duplicate-dropped
sd_card_content/ir_extra_dbs/LED_Lighting/OLLNY/OLLNY_LED.ir,sd_card_content/universal_ir/assets/LED_Lighting/OLLNY/OLLNY_LED.ir,ir,LED_Lighting,duplicate-dropped
sd_card_content/ir_extra_dbs/LED_Lighting/ONN-Lighting/ONN_LED.ir,sd_card_content/universal_ir/assets/LED_Lighting/ONN-Lighting/ONN_LED.ir,ir,LED_Lighting,duplicate-dropped
sd_card_content/ir_extra_dbs/LED_Lighting/OShine/Oshine_Flameles_Candles.ir,sd_card_content/universal_ir/assets/LED_Lighting/OShine/Oshine_Flameles_Candles.ir,ir,LED_Lighting,duplicate-dropped
sd_card_content/ir_extra_dbs/LED_Lighting/Oremi/Oremi_sunset_lamp.ir,sd_card_content/universal_ir/assets/LED_Lighting/Oremi/Oremi_sunset_lamp.ir,ir,LED_Lighting,duplicate-dropped
sd_card_content/ir_extra_dbs/LED_Lighting/Osram/Osram_24_Button_LED.ir,sd_card_content/universal_ir/assets/LED_Lighting/Osram/Osram_24_Button_LED.ir,ir,LED_Lighting,duplicate-dropped
sd_card_content/ir_extra_dbs/LED_Lighting/Ove/Ove_Strip_Lights.ir,sd_card_content/universal_ir/assets/LED_Lighting/Ove/Ove_Strip_Lights.ir,ir,LED_Lighting,duplicate-dropped
sd_card_content/ir_extra_dbs/LED_Lighting/Panasonic/Panasonic_HK9494_LED.ir,sd_card_content/universal_ir/assets/LED_Lighting/Panasonic/Panasonic_HK9494_LED.ir,ir,LED_Lighting,duplicate-dropped
sd_card_content/ir_extra_dbs/LED_Lighting/Panasonic/Panasonic_PBUM11070_RGB_Bulb_7w.ir,sd_card_content/universal_ir/assets/LED_Lighting/Panasonic/Panasonic_PBUM11070_RGB_Bulb_7w.ir,ir,LED_Lighting,duplicate-dropped
sd_card_content/ir_extra_dbs/LED_Lighting/Paulman/Paulman_LED.ir,sd_card_content/universal_ir/assets/LED_Lighting/Paulman/Paulman_LED.ir,ir,LED_Lighting,duplicate-dropped
sd_card_content/ir_extra_dbs/LED_Lighting/Piaozoo/Piaozoo_fairy_lights.ir,sd_card_content/universal_ir/assets/LED_Lighting/Piaozoo/Piaozoo_fairy_lights.ir,ir,LED_Lighting,duplicate-dropped
sd_card_content/ir_extra_dbs/LED_Lighting/PixMob/PixMob_all_colors.ir,sd_card_content/universal_ir/assets/LED_Lighting/PixMob/PixMob_all_colors.ir,ir,LED_Lighting,duplicate-dropped
sd_card_content/ir_extra_dbs/LED_Lighting/PixMob/PixMob_main.ir,sd_card_content/universal_ir/assets/LED_Lighting/PixMob/PixMob_main.ir,ir,LED_Lighting,duplicate-dropped
sd_card_content/ir_extra_dbs/LED_Lighting/PixMob/PixMob_special.ir,sd_card_content/universal_ir/assets/LED_Lighting/PixMob/PixMob_special.ir,ir,LED_Lighting,duplicate-dropped
sd_card_content/ir_extra_dbs/LED_Lighting/PixMob/ReadMe.md,sd_card_content/universal_ir/assets/LED_Lighting/PixMob/ReadMe.md,ir,LED_Lighting,duplicate-dropped
sd_card_content/ir_extra_dbs/LED_Lighting/Power_Lighting/Power_Lighting_Meteor_VI.ir,sd_card_content/universal_ir/assets/LED_Lighting/Power_Lighting/Power_Lighting_Meteor_VI.ir,ir,LED_Lighting,duplicate-dropped
sd_card_content/ir_extra_dbs/LED_Lighting/Power_Lighting/ReadMe.md,sd_card_content/universal_ir/assets/LED_Lighting/Power_Lighting/ReadMe.md,ir,LED_Lighting,duplicate-dropped
sd_card_content/ir_extra_dbs/LED_Lighting/Puck_Button/Sooair_Puck_LED.ir,sd_card_content/universal_ir/assets/LED_Lighting/Puck_Button/Sooair_Puck_LED.ir,ir,LED_Lighting,duplicate-dropped
sd_card_content/ir_extra_dbs/LED_Lighting/Pumpkin_Lights/Pumpkin Lights.ir,sd_card_content/universal_ir/assets/LED_Lighting/Pumpkin_Lights/Pumpkin Lights.ir,ir,LED_Lighting,duplicate-dropped
sd_card_content/ir_extra_dbs/LED_Lighting/QTX/Qtx_led_par.ir,sd_card_content/universal_ir/assets/LED_Lighting/QTX/Qtx_led_par.ir,ir,LED_Lighting,duplicate-dropped
sd_card_content/ir_extra_dbs/LED_Lighting/RY_King/RY_King_Flameless_Candles.ir,sd_card_content/universal_ir/assets/LED_Lighting/RY_King/RY_King_Flameless_Candles.ir,ir,LED_Lighting,duplicate-dropped
sd_card_content/ir_extra_dbs/LED_Lighting/Rusta_Christmas_Tree_Candle/Rusta_Xmas_Candle.ir,sd_card_content/universal_ir/assets/LED_Lighting/Rusta_Christmas_Tree_Candle/Rusta_Xmas_Candle.ir,ir,LED_Lighting,duplicate-dropped
sd_card_content/ir_extra_dbs/LED_Lighting/Sonoff/Sonoff_LED.ir,sd_card_content/universal_ir/assets/LED_Lighting/Sonoff/Sonoff_LED.ir,ir,LED_Lighting,duplicate-dropped
sd_card_content/ir_extra_dbs/LED_Lighting/Sunset_Lamp/Sunset_Lamp.ir,sd_card_content/universal_ir/assets/LED_Lighting/Sunset_Lamp/Sunset_Lamp.ir,ir,LED_Lighting,duplicate-dropped
sd_card_content/ir_extra_dbs/LED_Lighting/Sylvania/Sylvania_24_Button_LED.ir,sd_card_content/universal_ir/assets/LED_Lighting/Sylvania/Sylvania_24_Button_LED.ir,ir,LED_Lighting,duplicate-dropped
sd_card_content/ir_extra_dbs/LED_Lighting/Sylvania/Sylvania_LED.ir,sd_card_content/universal_ir/assets/LED_Lighting/Sylvania/Sylvania_LED.ir,ir,LED_Lighting,duplicate-dropped
sd_card_content/ir_extra_dbs/LED_Lighting/T-SUN/T-SUN_TiL_LED_24W.ir,sd_card_content/universal_ir/assets/LED_Lighting/T-SUN/T-SUN_TiL_LED_24W.ir,ir,LED_Lighting,duplicate-dropped
sd_card_content/ir_extra_dbs/LED_Lighting/TAO/TAO_A60BHV-RGB_LightBulb.ir,sd_card_content/universal_ir/assets/LED_Lighting/TAO/TAO_A60BHV-RGB_LightBulb.ir,ir,LED_Lighting,duplicate-dropped
sd_card_content/ir_extra_dbs/LED_Lighting/Tridonic/REMOTECONTROL_IR6.ir,sd_card_content/universal_ir/assets/LED_Lighting/Tridonic/REMOTECONTROL_IR6.ir,ir,LED_Lighting,duplicate-dropped
sd_card_content/ir_extra_dbs/LED_Lighting/Tridonic/basicDIM_DCG_PROGRAMMER.ir,sd_card_content/universal_ir/assets/LED_Lighting/Tridonic/basicDIM_DCG_PROGRAMMER.ir,ir,LED_Lighting,duplicate-dropped
sd_card_content/ir_extra_dbs/LED_Lighting/Tuya/Tuya_Sunset_LED_Lamp.ir,sd_card_content/universal_ir/assets/LED_Lighting/Tuya/Tuya_Sunset_LED_Lamp.ir,ir,LED_Lighting,duplicate-dropped
sd_card_content/ir_extra_dbs/LED_Lighting/Tween_lights/Tween_light.ir,sd_card_content/universal_ir/assets/LED_Lighting/Tween_lights/Tween_light.ir,ir,LED_Lighting,duplicate-dropped
sd_card_content/ir_extra_dbs/LED_Lighting/Tween_lights/Tzumi_Auraled_Colorstrip_12ft.ir,sd_card_content/universal_ir/assets/LED_Lighting/Tween_lights/Tzumi_Auraled_Colorstrip_12ft.ir,ir,LED_Lighting,duplicate-dropped
sd_card_content/ir_extra_dbs/LED_Lighting/Tzumi/Tzumi_AuraLED.ir,sd_card_content/universal_ir/assets/LED_Lighting/Tzumi/Tzumi_AuraLED.ir,ir,LED_Lighting,duplicate-dropped
sd_card_content/ir_extra_dbs/LED_Lighting/Tzumi/Tzumi_LED_Colorbar.ir,sd_card_content/universal_ir/assets/LED_Lighting/Tzumi/Tzumi_LED_Colorbar.ir,ir,LED_Lighting,duplicate-dropped
sd_card_content/ir_extra_dbs/LED_Lighting/UFO_Sunset_Lamp/UFO_Sunset_Lamp.ir,sd_card_content/universal_ir/assets/LED_Lighting/UFO_Sunset_Lamp/UFO_Sunset_Lamp.ir,ir,LED_Lighting,duplicate-dropped
sd_card_content/ir_extra_dbs/LED_Lighting/Unknown/Generic_LED_light_strip.ir,sd_card_content/universal_ir/assets/LED_Lighting/Unknown/Generic_LED_light_strip.ir,ir,LED_Lighting,duplicate-dropped
sd_card_content/ir_extra_dbs/LED_Lighting/Unknown/LED_Curtain.ir,sd_card_content/universal_ir/assets/LED_Lighting/Unknown/LED_Curtain.ir,ir,LED_Lighting,duplicate-dropped
sd_card_content/ir_extra_dbs/LED_Lighting/Unknown/LED_Disco_Light.ir,sd_card_content/universal_ir/assets/LED_Lighting/Unknown/LED_Disco_Light.ir,ir,LED_Lighting,duplicate-dropped
sd_card_content/ir_extra_dbs/LED_Lighting/Unknown/LED_Generic.ir,sd_card_content/universal_ir/assets/LED_Lighting/Unknown/LED_Generic.ir,ir,LED_Lighting,duplicate-dropped
sd_card_content/ir_extra_dbs/LED_Lighting/Unknown/LED_Lightbar.ir,sd_card_content/universal_ir/assets/LED_Lighting/Unknown/LED_Lightbar.ir,ir,LED_Lighting,duplicate-dropped
sd_card_content/ir_extra_dbs/LED_Lighting/Unknown/LED_RGB.ir,sd_card_content/universal_ir/assets/LED_Lighting/Unknown/LED_RGB.ir,ir,LED_Lighting,duplicate-dropped
sd_card_content/ir_extra_dbs/LED_Lighting/Unknown/LED_Sign.ir,sd_card_content/universal_ir/assets/LED_Lighting/Unknown/LED_Sign.ir,ir,LED_Lighting,duplicate-dropped
sd_card_content/ir_extra_dbs/LED_Lighting/Unknown/Moon_Lamp.ir,sd_card_content/universal_ir/assets/LED_Lighting/Unknown/Moon_Lamp.ir,ir,LED_Lighting,duplicate-dropped
sd_card_content/ir_extra_dbs/LED_Lighting/Unknown/Neon_LED.ir,sd_card_content/universal_ir/assets/LED_Lighting/Unknown/Neon_LED.ir,ir,LED_Lighting,duplicate-dropped
sd_card_content/ir_extra_dbs/LED_Lighting/Unknown/Unknown_LED_remote.ir,sd_card_content/universal_ir/assets/LED_Lighting/Unknown/Unknown_LED_remote.ir,ir,LED_Lighting,duplicate-dropped
sd_card_content/ir_extra_dbs/LED_Lighting/Unknown/nightlampRGB.ir,sd_card_content/universal_ir/assets/LED_Lighting/Unknown/nightlampRGB.ir,ir,LED_Lighting,duplicate-dropped
sd_card_content/ir_extra_dbs/LED_Lighting/V-TAC/V-TAC_VT5050_LED_Strip.ir,sd_card_content/universal_ir/assets/LED_Lighting/V-TAC/V-TAC_VT5050_LED_Strip.ir,ir,LED_Lighting,duplicate-dropped
sd_card_content/ir_extra_dbs/LED_Lighting/Varilux/Varilux_Lightme_LED_Bulb.ir,sd_card_content/universal_ir/assets/LED_Lighting/Varilux/Varilux_Lightme_LED_Bulb.ir,ir,LED_Lighting,duplicate-dropped
sd_card_content/ir_extra_dbs/LED_Lighting/Veezio/Veezio_Light_Bulb.ir,sd_card_content/universal_ir/assets/LED_Lighting/Veezio/Veezio_Light_Bulb.ir,ir,LED_Lighting,duplicate-dropped
sd_card_content/ir_extra_dbs/LED_Lighting/Warmoon/Warmoon_RGB.ir,sd_card_content/universal_ir/assets/LED_Lighting/Warmoon/Warmoon_RGB.ir,ir,LED_Lighting,duplicate-dropped
sd_card_content/ir_extra_dbs/LED_Lighting/Xtreme_Lit_LEDs/XTREME_3_2FT_LED_strip.ir,sd_card_content/universal_ir/assets/LED_Lighting/Xtreme_Lit_LEDs/XTREME_3_2FT_LED_strip.ir,ir,LED_Lighting,duplicate-dropped
sd_card_content/ir_extra_dbs/LED_Lighting/iDual/iDual.ir,sd_card_content/universal_ir/assets/LED_Lighting/iDual/iDual.ir,ir,LED_Lighting,duplicate-dropped
sd_card_content/ir_extra_dbs/LED_Lighting/iDual/iDual_JEDI_Lighting_LED_Light.ir,sd_card_content/universal_ir/assets/LED_Lighting/iDual/iDual_JEDI_Lighting_LED_Light.ir,ir,LED_Lighting,duplicate-dropped
sd_card_content/ir_extra_dbs/LED_Lighting/iTrekkings/iTrekkings_Quechua_Camping_Lamp_Click.ir,sd_card_content/universal_ir/assets/LED_Lighting/iTrekkings/iTrekkings_Quechua_Camping_Lamp_Click.ir,ir,LED_Lighting,duplicate-dropped
sd_card_content/ir_extra_dbs/Projectors/ABOX/Abox_T22.ir,sd_card_content/universal_ir/assets/Projectors/ABOX/Abox_T22.ir,ir,Projectors,duplicate-dropped
sd_card_content/ir_extra_dbs/Projectors/Acer/Acer_H6517ST.ir,sd_card_content/universal_ir/assets/Projectors/Acer/Acer_H6517ST.ir,ir,Projectors,duplicate-dropped
sd_card_content/ir_extra_dbs/Projectors/Acer/Acer_proj.ir,sd_card_content/universal_ir/assets/Projectors/Acer/Acer_proj.ir,ir,Projectors,duplicate-dropped
sd_card_content/ir_extra_dbs/Projectors/Anker/NebulaMarsLite.ir,sd_card_content/universal_ir/assets/Projectors/Anker/NebulaMarsLite.ir,ir,Projectors,duplicate-dropped
sd_card_content/ir_extra_dbs/Projectors/Anker/Nebula_Capsule_Mini_Projector.ir,sd_card_content/universal_ir/assets/Projectors/Anker/Nebula_Capsule_Mini_Projector.ir,ir,Projectors,duplicate-dropped
sd_card_content/ir_extra_dbs/Projectors/Apeman/Apeman_LC650_.ir,sd_card_content/universal_ir/assets/Projectors/Apeman/Apeman_LC650_.ir,ir,Projectors,duplicate-dropped
sd_card_content/ir_extra_dbs/Projectors/Artlii/Artlii_YG300.ir,sd_card_content/universal_ir/assets/Projectors/Artlii/Artlii_YG300.ir,ir,Projectors,duplicate-dropped
sd_card_content/ir_extra_dbs/Projectors/BenQ/BenQ_TH671ST.ir,sd_card_content/universal_ir/assets/Projectors/BenQ/BenQ_TH671ST.ir,ir,Projectors,duplicate-dropped
sd_card_content/ir_extra_dbs/Projectors/BenQ/BenQ_TK800M.ir,sd_card_content/universal_ir/assets/Projectors/BenQ/BenQ_TK800M.ir,ir,Projectors,duplicate-dropped
sd_card_content/ir_extra_dbs/Projectors/BenQ/BenQ_TRY01.ir,sd_card_content/universal_ir/assets/Projectors/BenQ/BenQ_TRY01.ir,ir,Projectors,duplicate-dropped
sd_card_content/ir_extra_dbs/Projectors/BenQ/BenQ_W1050.ir,sd_card_content/universal_ir/assets/Projectors/BenQ/BenQ_W1050.ir,ir,Projectors,duplicate-dropped
sd_card_content/ir_extra_dbs/Projectors/BenQ/BenQ_W1070.ir,sd_card_content/universal_ir/assets/Projectors/BenQ/BenQ_W1070.ir,ir,Projectors,duplicate-dropped
sd_card_content/ir_extra_dbs/Projectors/BenQ/BenQ_W1110.ir,sd_card_content/universal_ir/assets/Projectors/BenQ/BenQ_W1110.ir,ir,Projectors,duplicate-dropped
sd_card_content/ir_extra_dbs/Projectors/BenQ/BenQ_W2000w.ir,sd_card_content/universal_ir/assets/Projectors/BenQ/BenQ_W2000w.ir,ir,Projectors,duplicate-dropped
sd_card_content/ir_extra_dbs/Projectors/BenQ/BenQ_W2700.ir,sd_card_content/universal_ir/assets/Projectors/BenQ/BenQ_W2700.ir,ir,Projectors,duplicate-dropped
sd_card_content/ir_extra_dbs/Projectors/BenQ/BenQ_W770ST.ir,sd_card_content/universal_ir/assets/Projectors/BenQ/BenQ_W770ST.ir,ir,Projectors,duplicate-dropped
sd_card_content/ir_extra_dbs/Projectors/BrandUnknown/Generic_Universal_Remote.ir,sd_card_content/universal_ir/assets/Projectors/BrandUnknown/Generic_Universal_Remote.ir,ir,Projectors,duplicate-dropped
sd_card_content/ir_extra_dbs/Projectors/BrandUnknown/README.md,sd_card_content/universal_ir/assets/Projectors/BrandUnknown/README.md,ir,Projectors,duplicate-dropped
sd_card_content/ir_extra_dbs/Projectors/BrandUnknown/Scrn_innov.ir,sd_card_content/universal_ir/assets/Projectors/BrandUnknown/Scrn_innov.ir,ir,Projectors,duplicate-dropped
sd_card_content/ir_extra_dbs/Projectors/BrandUnknown/Stlth_acou.ir,sd_card_content/universal_ir/assets/Projectors/BrandUnknown/Stlth_acou.ir,ir,Projectors,duplicate-dropped
sd_card_content/ir_extra_dbs/Projectors/Byintek/Byintek_P10.ir,sd_card_content/universal_ir/assets/Projectors/Byintek/Byintek_P10.ir,ir,Projectors,duplicate-dropped
sd_card_content/ir_extra_dbs/Projectors/Casio/Casio_YT-130.ir,sd_card_content/universal_ir/assets/Projectors/Casio/Casio_YT-130.ir,ir,Projectors,duplicate-dropped
sd_card_content/ir_extra_dbs/Projectors/Casio/Casio_YT-150.ir,sd_card_content/universal_ir/assets/Projectors/Casio/Casio_YT-150.ir,ir,Projectors,duplicate-dropped
sd_card_content/ir_extra_dbs/Projectors/Coolux/Coolux_X3S.ir,sd_card_content/universal_ir/assets/Projectors/Coolux/Coolux_X3S.ir,ir,Projectors,duplicate-dropped
sd_card_content/ir_extra_dbs/Projectors/Da-Lite/Da-Lite_ProjectorScreen.ir,sd_card_content/universal_ir/assets/Projectors/Da-Lite/Da-Lite_ProjectorScreen.ir,ir,Projectors,duplicate-dropped
sd_card_content/ir_extra_dbs/Projectors/Dell/Dell_projector.ir,sd_card_content/universal_ir/assets/Projectors/Dell/Dell_projector.ir,ir,Projectors,duplicate-dropped
sd_card_content/ir_extra_dbs/Projectors/Dell/Dell_tsfm_ir01.ir,sd_card_content/universal_ir/assets/Projectors/Dell/Dell_tsfm_ir01.ir,ir,Projectors,duplicate-dropped
sd_card_content/ir_extra_dbs/Projectors/Denon/Denon_Projector.ir,sd_card_content/universal_ir/assets/Projectors/Denon/Denon_Projector.ir,ir,Projectors,duplicate-dropped
sd_card_content/ir_extra_dbs/Projectors/Dragonfly/Dragonfly_Screen.ir,sd_card_content/universal_ir/assets/Projectors/Dragonfly/Dragonfly_Screen.ir,ir,Projectors,duplicate-dropped
sd_card_content/ir_extra_dbs/Projectors/Eiki/EIKI_CMXA_Remote.ir,sd_card_content/universal_ir/assets/Projectors/Eiki/EIKI_CMXA_Remote.ir,ir,Projectors,duplicate-dropped
sd_card_content/ir_extra_dbs/Projectors/Eiki/Eiki_Projector.ir,sd_card_content/universal_ir/assets/Projectors/Eiki/Eiki_Projector.ir,ir,Projectors,duplicate-dropped
sd_card_content/ir_extra_dbs/Projectors/EliteScreens/EliteScreens_100H.ir,sd_card_content/universal_ir/assets/Projectors/EliteScreens/EliteScreens_100H.ir,ir,Projectors,duplicate-dropped
sd_card_content/ir_extra_dbs/Projectors/EliteScreens/Elite_Screens.ir,sd_card_content/universal_ir/assets/Projectors/EliteScreens/Elite_Screens.ir,ir,Projectors,duplicate-dropped
sd_card_content/ir_extra_dbs/Projectors/Epson/Epson-EB-X49.ir,sd_card_content/universal_ir/assets/Projectors/Epson/Epson-EB-X49.ir,ir,Projectors,duplicate-dropped
sd_card_content/ir_extra_dbs/Projectors/Epson/Epson.ir,sd_card_content/universal_ir/assets/Projectors/Epson/Epson.ir,ir,Projectors,duplicate-dropped
sd_card_content/ir_extra_dbs/Projectors/Epson/Epson2.ir,sd_card_content/universal_ir/assets/Projectors/Epson/Epson2.ir,ir,Projectors,duplicate-dropped
sd_card_content/ir_extra_dbs/Projectors/Epson/Epson_EB-450.ir,sd_card_content/universal_ir/assets/Projectors/Epson/Epson_EB-450.ir,ir,Projectors,duplicate-dropped
sd_card_content/ir_extra_dbs/Projectors/Epson/Epson_EB-575wi.ir,sd_card_content/universal_ir/assets/Projectors/Epson/Epson_EB-575wi.ir,ir,Projectors,duplicate-dropped
sd_card_content/ir_extra_dbs/Projectors/Epson/Epson_EB-595WI.ir,sd_card_content/universal_ir/assets/Projectors/Epson/Epson_EB-595WI.ir,ir,Projectors,duplicate-dropped
sd_card_content/ir_extra_dbs/Projectors/Epson/Epson_EB-685Wi.ir,sd_card_content/universal_ir/assets/Projectors/Epson/Epson_EB-685Wi.ir,ir,Projectors,duplicate-dropped
sd_card_content/ir_extra_dbs/Projectors/Epson/Epson_EB-695Wi.ir,sd_card_content/universal_ir/assets/Projectors/Epson/Epson_EB-695Wi.ir,ir,Projectors,duplicate-dropped
sd_card_content/ir_extra_dbs/Projectors/Epson/Epson_EB-725Wi.ir,sd_card_content/universal_ir/assets/Projectors/Epson/Epson_EB-725Wi.ir,ir,Projectors,duplicate-dropped
sd_card_content/ir_extra_dbs/Projectors/Epson/Epson_EB-735f.ir,sd_card_content/universal_ir/assets/Projectors/Epson/Epson_EB-735f.ir,ir,Projectors,duplicate-dropped
sd_card_content/ir_extra_dbs/Projectors/Epson/Epson_EB-760wi.ir,sd_card_content/universal_ir/assets/Projectors/Epson/Epson_EB-760wi.ir,ir,Projectors,duplicate-dropped
sd_card_content/ir_extra_dbs/Projectors/Epson/Epson_EB-L260F.ir,sd_card_content/universal_ir/assets/Projectors/Epson/Epson_EB-L260F.ir,ir,Projectors,duplicate-dropped
sd_card_content/ir_extra_dbs/Projectors/Epson/Epson_EB-L510U.ir,sd_card_content/universal_ir/assets/Projectors/Epson/Epson_EB-L510U.ir,ir,Projectors,duplicate-dropped
sd_card_content/ir_extra_dbs/Projectors/Epson/Epson_EB-Series.ir,sd_card_content/universal_ir/assets/Projectors/Epson/Epson_EB-Series.ir,ir,Projectors,duplicate-dropped
sd_card_content/ir_extra_dbs/Projectors/Epson/Epson_EBX39.ir,sd_card_content/universal_ir/assets/Projectors/Epson/Epson_EBX39.ir,ir,Projectors,duplicate-dropped
sd_card_content/ir_extra_dbs/Projectors/Epson/Epson_EBX7_154720000.ir,sd_card_content/universal_ir/assets/Projectors/Epson/Epson_EBX7_154720000.ir,ir,Projectors,duplicate-dropped
sd_card_content/ir_extra_dbs/Projectors/Epson/Epson_EHTW5650.ir,sd_card_content/universal_ir/assets/Projectors/Epson/Epson_EHTW5650.ir,ir,Projectors,duplicate-dropped
sd_card_content/ir_extra_dbs/Projectors/Epson/Epson_EMP822H.ir,sd_card_content/universal_ir/assets/Projectors/Epson/Epson_EMP822H.ir,ir,Projectors,duplicate-dropped
sd_card_content/ir_extra_dbs/Projectors/Epson/Epson_RC-151506800.ir,sd_card_content/universal_ir/assets/Projectors/Epson/Epson_RC-151506800.ir,ir,Projectors,duplicate-dropped
sd_card_content/ir_extra_dbs/Projectors/Epson/Epson_projector_Power_Only.ir,sd_card_content/universal_ir/assets/Projectors/Epson/Epson_projector_Power_Only.ir,ir,Projectors,duplicate-dropped
sd_card_content/ir_extra_dbs/Projectors/Epson/Epson_projector_remote_159917600.ir,sd_card_content/universal_ir/assets/Projectors/Epson/Epson_projector_remote_159917600.ir,ir,Projectors,duplicate-dropped
sd_card_content/ir_extra_dbs/Projectors/Groview/Groview.ir,sd_card_content/universal_ir/assets/Projectors/Groview/Groview.ir,ir,Projectors,duplicate-dropped
sd_card_content/ir_extra_dbs/Projectors/Hitachi/Hitachi_CP-X2011_Projector.ir,sd_card_content/universal_ir/assets/Projectors/Hitachi/Hitachi_CP-X2011_Projector.ir,ir,Projectors,duplicate-dropped
sd_card_content/ir_extra_dbs/Projectors/InFocus/INFOCUS_Many.ir,sd_card_content/universal_ir/assets/Projectors/InFocus/INFOCUS_Many.ir,ir,Projectors,duplicate-dropped
sd_card_content/ir_extra_dbs/Projectors/InFocus/Infocus_Navigator_3.ir,sd_card_content/universal_ir/assets/Projectors/InFocus/Infocus_Navigator_3.ir,ir,Projectors,duplicate-dropped
sd_card_content/ir_extra_dbs/Projectors/JVC/JVC_LX-UH1B.ir,sd_card_content/universal_ir/assets/Projectors/JVC/JVC_LX-UH1B.ir,ir,Projectors,duplicate-dropped
sd_card_content/ir_extra_dbs/Projectors/Jinhoo/Jinhoo_M10.ir,sd_card_content/universal_ir/assets/Projectors/Jinhoo/Jinhoo_M10.ir,ir,Projectors,duplicate-dropped
sd_card_content/ir_extra_dbs/Projectors/LG/LG_PH300-NA.ir,sd_card_content/universal_ir/assets/Projectors/LG/LG_PH300-NA.ir,ir,Projectors,duplicate-dropped
sd_card_content/ir_extra_dbs/Projectors/Maxell/Maxell_MC-EU5001.ir,sd_card_content/universal_ir/assets/Projectors/Maxell/Maxell_MC-EU5001.ir,ir,Projectors,duplicate-dropped
sd_card_content/ir_extra_dbs/Projectors/Maxell/Maxell_MC-WU5503.ir,sd_card_content/universal_ir/assets/Projectors/Maxell/Maxell_MC-WU5503.ir,ir,Projectors,duplicate-dropped
sd_card_content/ir_extra_dbs/Projectors/NEC/NEC_RD-448E_Projector.ir,sd_card_content/universal_ir/assets/Projectors/NEC/NEC_RD-448E_Projector.ir,ir,Projectors,duplicate-dropped
sd_card_content/ir_extra_dbs/Projectors/NEC/NEC_RD-477E.ir,sd_card_content/universal_ir/assets/Projectors/NEC/NEC_RD-477E.ir,ir,Projectors,duplicate-dropped
sd_card_content/ir_extra_dbs/Projectors/NEC/NEC_RD-V260X.ir,sd_card_content/universal_ir/assets/Projectors/NEC/NEC_RD-V260X.ir,ir,Projectors,duplicate-dropped
sd_card_content/ir_extra_dbs/Projectors/NEC/NEC_RD469e.ir,sd_card_content/universal_ir/assets/Projectors/NEC/NEC_RD469e.ir,ir,Projectors,duplicate-dropped
sd_card_content/ir_extra_dbs/Projectors/NexiGo/NexiGo-PJ20.ir,sd_card_content/universal_ir/assets/Projectors/NexiGo/NexiGo-PJ20.ir,ir,Projectors,duplicate-dropped
sd_card_content/ir_extra_dbs/Projectors/ONOAYO/ONOAYO_Portable_Projector.ir,sd_card_content/universal_ir/assets/Projectors/ONOAYO/ONOAYO_Portable_Projector.ir,ir,Projectors,duplicate-dropped
sd_card_content/ir_extra_dbs/Projectors/Optoma/OPTOMA_HD65.ir,sd_card_content/universal_ir/assets/Projectors/Optoma/OPTOMA_HD65.ir,ir,Projectors,duplicate-dropped
sd_card_content/ir_extra_dbs/Projectors/Optoma/Optoma_DH1011.ir,sd_card_content/universal_ir/assets/Projectors/Optoma/Optoma_DH1011.ir,ir,Projectors,duplicate-dropped
sd_card_content/ir_extra_dbs/Projectors/Optoma/Optoma_IAR_Projector.ir,sd_card_content/universal_ir/assets/Projectors/Optoma/Optoma_IAR_Projector.ir,ir,Projectors,duplicate-dropped
sd_card_content/ir_extra_dbs/Projectors/Optoma/Optoma_Profomo_L-27-5KEY.ir,sd_card_content/universal_ir/assets/Projectors/Optoma/Optoma_Profomo_L-27-5KEY.ir,ir,Projectors,duplicate-dropped
sd_card_content/ir_extra_dbs/Projectors/Optoma/Optoma_Remote_HOF04K276D6.ir,sd_card_content/universal_ir/assets/Projectors/Optoma/Optoma_Remote_HOF04K276D6.ir,ir,Projectors,duplicate-dropped
sd_card_content/ir_extra_dbs/Projectors/Optoma/Optoma_UHZ45.ir,sd_card_content/universal_ir/assets/Projectors/Optoma/Optoma_UHZ45.ir,ir,Projectors,duplicate-dropped
sd_card_content/ir_extra_dbs/Projectors/Optoma/Optoma_projector.ir,sd_card_content/universal_ir/assets/Projectors/Optoma/Optoma_projector.ir,ir,Projectors,duplicate-dropped
sd_card_content/ir_extra_dbs/Projectors/PVO/PVO_YG300Pro.ir,sd_card_content/universal_ir/assets/Projectors/PVO/PVO_YG300Pro.ir,ir,Projectors,duplicate-dropped
sd_card_content/ir_extra_dbs/Projectors/Panasonic/Panasonic_PT-AR100U.ir,sd_card_content/universal_ir/assets/Projectors/Panasonic/Panasonic_PT-AR100U.ir,ir,Projectors,duplicate-dropped
sd_card_content/ir_extra_dbs/Projectors/Panasonic/Panasonic_Projector.ir,sd_card_content/universal_ir/assets/Projectors/Panasonic/Panasonic_Projector.ir,ir,Projectors,duplicate-dropped
sd_card_content/ir_extra_dbs/Projectors/Philips/Philips_NeoPix_Prime_Projector.ir,sd_card_content/universal_ir/assets/Projectors/Philips/Philips_NeoPix_Prime_Projector.ir,ir,Projectors,duplicate-dropped
sd_card_content/ir_extra_dbs/Projectors/Philips/Philips_PicoPix_Max_PPX620_Projector.ir,sd_card_content/universal_ir/assets/Projectors/Philips/Philips_PicoPix_Max_PPX620_Projector.ir,ir,Projectors,duplicate-dropped
sd_card_content/ir_extra_dbs/Projectors/Promethean/Promethean_PRM_35.ir,sd_card_content/universal_ir/assets/Projectors/Promethean/Promethean_PRM_35.ir,ir,Projectors,duplicate-dropped
sd_card_content/ir_extra_dbs/Projectors/Promethean/Promethean_UST-P1.ir,sd_card_content/universal_ir/assets/Projectors/Promethean/Promethean_UST-P1.ir,ir,Projectors,duplicate-dropped
sd_card_content/ir_extra_dbs/Projectors/Rayfoto/Rayfoto_Projector.ir,sd_card_content/universal_ir/assets/Projectors/Rayfoto/Rayfoto_Projector.ir,ir,Projectors,duplicate-dropped
sd_card_content/ir_extra_dbs/Projectors/SAKAWA/SAKAWA_Projector.ir,sd_card_content/universal_ir/assets/Projectors/SAKAWA/SAKAWA_Projector.ir,ir,Projectors,duplicate-dropped
sd_card_content/ir_extra_dbs/Projectors/SMART/SMART_Projectors.ir,sd_card_content/universal_ir/assets/Projectors/SMART/SMART_Projectors.ir,ir,Projectors,duplicate-dropped
sd_card_content/ir_extra_dbs/Projectors/Samsung/Samsung_Freestyle_Gen2.ir,sd_card_content/universal_ir/assets/Projectors/Samsung/Samsung_Freestyle_Gen2.ir,ir,Projectors,duplicate-dropped
sd_card_content/ir_extra_dbs/Projectors/Samsung/Samsung_SP-LSP3BLAXXU.ir,sd_card_content/universal_ir/assets/Projectors/Samsung/Samsung_SP-LSP3BLAXXU.ir,ir,Projectors,duplicate-dropped
sd_card_content/ir_extra_dbs/Projectors/Sharp/Sharp_RRMCGA664WJSA_Notevision XR-32S-L.ir,sd_card_content/universal_ir/assets/Projectors/Sharp/Sharp_RRMCGA664WJSA_Notevision XR-32S-L.ir,ir,Projectors,duplicate-dropped
sd_card_content/ir_extra_dbs/Projectors/Sony/Sony_RM_PJ24.ir,sd_card_content/universal_ir/assets/Projectors/Sony/Sony_RM_PJ24.ir,ir,Projectors,duplicate-dropped
sd_card_content/ir_extra_dbs/Projectors/Sony/Sony_RM_PJ27.ir,sd_card_content/universal_ir/assets/Projectors/Sony/Sony_RM_PJ27.ir,ir,Projectors,duplicate-dropped
sd_card_content/ir_extra_dbs/Projectors/Vamvo/Vamvo_YG300_Pro_Mini.ir,sd_card_content/universal_ir/assets/Projectors/Vamvo/Vamvo_YG300_Pro_Mini.ir,ir,Projectors,duplicate-dropped
sd_card_content/ir_extra_dbs/Projectors/Vankyo/Vankyo_V630W.ir,sd_card_content/universal_ir/assets/Projectors/Vankyo/Vankyo_V630W.ir,ir,Projectors,duplicate-dropped
sd_card_content/ir_extra_dbs/Projectors/ViewSonic/ViewSonic_M1_Mini_Plus.ir,sd_card_content/universal_ir/assets/Projectors/ViewSonic/ViewSonic_M1_Mini_Plus.ir,ir,Projectors,duplicate-dropped
sd_card_content/ir_extra_dbs/Projectors/ViewSonic/ViewSonic_Projector_PA503W-2.ir,sd_card_content/universal_ir/assets/Projectors/ViewSonic/ViewSonic_Projector_PA503W-2.ir,ir,Projectors,duplicate-dropped
sd_card_content/ir_extra_dbs/Projectors/ViewSonic/ViewSonic_X1_Projector.ir,sd_card_content/universal_ir/assets/Projectors/ViewSonic/ViewSonic_X1_Projector.ir,ir,Projectors,duplicate-dropped
sd_card_content/ir_extra_dbs/Projectors/Vivitek/Vivitek.ir,sd_card_content/universal_ir/assets/Projectors/Vivitek/Vivitek.ir,ir,Projectors,duplicate-dropped
sd_card_content/ir_extra_dbs/Projectors/Vivitek/Vivitek2_Projector.ir,sd_card_content/universal_ir/assets/Projectors/Vivitek/Vivitek2_Projector.ir,ir,Projectors,duplicate-dropped
sd_card_content/ir_extra_dbs/Projectors/WeWatch/WeWatch_v10_Projector.ir,sd_card_content/universal_ir/assets/Projectors/WeWatch/WeWatch_v10_Projector.ir,ir,Projectors,duplicate-dropped
sd_card_content/ir_extra_dbs/Projectors/WiMiUS/WiMiUS_s25.ir,sd_card_content/universal_ir/assets/Projectors/WiMiUS/WiMiUS_s25.ir,ir,Projectors,duplicate-dropped
sd_card_content/ir_extra_dbs/Projectors/WiMiUS/Wimius_K1.ir,sd_card_content/universal_ir/assets/Projectors/WiMiUS/Wimius_K1.ir,ir,Projectors,duplicate-dropped
sd_card_content/ir_extra_dbs/TVs/AWA/AWA_MSDV3268O5D0.ir,sd_card_content/universal_ir/assets/TVs/AWA/AWA_MSDV3268O5D0.ir,ir,TVs,duplicate-dropped
sd_card_content/ir_extra_dbs/TVs/Akai/AKAI_ATE_22Y604W.ir,sd_card_content/universal_ir/assets/TVs/Akai/AKAI_ATE_22Y604W.ir,ir,TVs,duplicate-dropped
sd_card_content/ir_extra_dbs/TVs/Amazon/FireTV_Omni_Series_4K.ir,sd_card_content/universal_ir/assets/TVs/Amazon/FireTV_Omni_Series_4K.ir,ir,TVs,duplicate-dropped
sd_card_content/ir_extra_dbs/TVs/Android/Android_TV_MXQ.ir,sd_card_content/universal_ir/assets/TVs/Android/Android_TV_MXQ.ir,ir,TVs,duplicate-dropped
sd_card_content/ir_extra_dbs/TVs/Apex/APEX_LE4643T.ir,sd_card_content/universal_ir/assets/TVs/Apex/APEX_LE4643T.ir,ir,TVs,duplicate-dropped
sd_card_content/ir_extra_dbs/TVs/BBK/BBK_TV_LEM-1071.ir,sd_card_content/universal_ir/assets/TVs/BBK/BBK_TV_LEM-1071.ir,ir,TVs,duplicate-dropped
sd_card_content/ir_extra_dbs/TVs/BGH/BGH_BLE2814D.ir,sd_card_content/universal_ir/assets/TVs/BGH/BGH_BLE2814D.ir,ir,TVs,duplicate-dropped
sd_card_content/ir_extra_dbs/TVs/Baird/BAIRD_T15011DLEDDS_RC-6.ir,sd_card_content/universal_ir/assets/TVs/Baird/BAIRD_T15011DLEDDS_RC-6.ir,ir,TVs,duplicate-dropped
sd_card_content/ir_extra_dbs/TVs/Bauhn/Bauhn_ATV_50FHD4.ir,sd_card_content/universal_ir/assets/TVs/Bauhn/Bauhn_ATV_50FHD4.ir,ir,TVs,duplicate-dropped
sd_card_content/ir_extra_dbs/TVs/Bauhn/Bauhn_tv.ir,sd_card_content/universal_ir/assets/TVs/Bauhn/Bauhn_tv.ir,ir,TVs,duplicate-dropped
sd_card_content/ir_extra_dbs/TVs/Blaupunkt/Blaupunkt.ir,sd_card_content/universal_ir/assets/TVs/Blaupunkt/Blaupunkt.ir,ir,TVs,duplicate-dropped
sd_card_content/ir_extra_dbs/TVs/Blitzwolf/Blitzwolf_BWPCM2.ir,sd_card_content/universal_ir/assets/TVs/Blitzwolf/Blitzwolf_BWPCM2.ir,ir,TVs,duplicate-dropped
sd_card_content/ir_extra_dbs/TVs/Bolva/Bolva_TV.ir,sd_card_content/universal_ir/assets/TVs/Bolva/Bolva_TV.ir,ir,TVs,duplicate-dropped
sd_card_content/ir_extra_dbs/TVs/Bose/Bose_TV.ir,sd_card_content/universal_ir/assets/TVs/Bose/Bose_TV.ir,ir,TVs,duplicate-dropped
sd_card_content/ir_extra_dbs/TVs/Brandt/Brandt_B3228HD.ir,sd_card_content/universal_ir/assets/TVs/Brandt/Brandt_B3228HD.ir,ir,TVs,duplicate-dropped
sd_card_content/ir_extra_dbs/TVs/Brandt/Brandt_B3230HD_TV.ir,sd_card_content/universal_ir/assets/TVs/Brandt/Brandt_B3230HD_TV.ir,ir,TVs,duplicate-dropped
sd_card_content/ir_extra_dbs/TVs/Bush/BUSH_TV_VL32HDLED.ir,sd_card_content/universal_ir/assets/TVs/Bush/BUSH_TV_VL32HDLED.ir,ir,TVs,duplicate-dropped
sd_card_content/ir_extra_dbs/TVs/CCE/CCE_RC512_Remote.ir,sd_card_content/universal_ir/assets/TVs/CCE/CCE_RC512_Remote.ir,ir,TVs,duplicate-dropped
sd_card_content/ir_extra_dbs/TVs/Cadillac/Escalade_TV.ir,sd_card_content/universal_ir/assets/TVs/Cadillac/Escalade_TV.ir,ir,TVs,duplicate-dropped
sd_card_content/ir_extra_dbs/TVs/Cranker/Cranker_generic.ir,sd_card_content/universal_ir/assets/TVs/Cranker/Cranker_generic.ir,ir,TVs,duplicate-dropped
sd_card_content/ir_extra_dbs/TVs/Crown/Crown_22111.ir,sd_card_content/universal_ir/assets/TVs/Crown/Crown_22111.ir,ir,TVs,duplicate-dropped
sd_card_content/ir_extra_dbs/TVs/DYON/DYON_Movie_Smart_32_XT.ir,sd_card_content/universal_ir/assets/TVs/DYON/DYON_Movie_Smart_32_XT.ir,ir,TVs,duplicate-dropped
sd_card_content/ir_extra_dbs/TVs/Daewoo/Daewood_Parsed.ir,sd_card_content/universal_ir/assets/TVs/Daewoo/Daewood_Parsed.ir,ir,TVs,duplicate-dropped
sd_card_content/ir_extra_dbs/TVs/Denver/Denver_LED-3271.ir,sd_card_content/universal_ir/assets/TVs/Denver/Denver_LED-3271.ir,ir,TVs,duplicate-dropped
sd_card_content/ir_extra_dbs/TVs/Devant/Devant_Unknown_Model.ir,sd_card_content/universal_ir/assets/TVs/Devant/Devant_Unknown_Model.ir,ir,TVs,duplicate-dropped
sd_card_content/ir_extra_dbs/TVs/Dual/Dual_DL-32HD-002.ir,sd_card_content/universal_ir/assets/TVs/Dual/Dual_DL-32HD-002.ir,ir,TVs,duplicate-dropped
sd_card_content/ir_extra_dbs/TVs/Dynex/Dynex_DX-RC01A-12.ir,sd_card_content/universal_ir/assets/TVs/Dynex/Dynex_DX-RC01A-12.ir,ir,TVs,duplicate-dropped
sd_card_content/ir_extra_dbs/TVs/Dynex/Dynex_EN21669D.ir,sd_card_content/universal_ir/assets/TVs/Dynex/Dynex_EN21669D.ir,ir,TVs,duplicate-dropped
sd_card_content/ir_extra_dbs/TVs/Dynex/Dynex_RC-701-0A.ir,sd_card_content/universal_ir/assets/TVs/Dynex/Dynex_RC-701-0A.ir,ir,TVs,duplicate-dropped
sd_card_content/ir_extra_dbs/TVs/EdenWood/EdenWood_TV.ir,sd_card_content/universal_ir/assets/TVs/EdenWood/EdenWood_TV.ir,ir,TVs,duplicate-dropped
sd_card_content/ir_extra_dbs/TVs/Element/Element_100-Series_TV.ir,sd_card_content/universal_ir/assets/TVs/Element/Element_100-Series_TV.ir,ir,TVs,duplicate-dropped
sd_card_content/ir_extra_dbs/TVs/Element/Element_FullRemote.ir,sd_card_content/universal_ir/assets/TVs/Element/Element_FullRemote.ir,ir,TVs,duplicate-dropped
sd_card_content/ir_extra_dbs/TVs/Element/Element_TV.ir,sd_card_content/universal_ir/assets/TVs/Element/Element_TV.ir,ir,TVs,duplicate-dropped
sd_card_content/ir_extra_dbs/TVs/Elements/Elements_TV.ir,sd_card_content/universal_ir/assets/TVs/Elements/Elements_TV.ir,ir,TVs,duplicate-dropped
sd_card_content/ir_extra_dbs/TVs/Elitelux/Elitelux_L32HD1000.ir,sd_card_content/universal_ir/assets/TVs/Elitelux/Elitelux_L32HD1000.ir,ir,TVs,duplicate-dropped
sd_card_content/ir_extra_dbs/TVs/Emerson/Emerson_32FNT004.ir,sd_card_content/universal_ir/assets/TVs/Emerson/Emerson_32FNT004.ir,ir,TVs,duplicate-dropped
sd_card_content/ir_extra_dbs/TVs/Emerson/Emerson_remote_NH303UD.ir,sd_card_content/universal_ir/assets/TVs/Emerson/Emerson_remote_NH303UD.ir,ir,TVs,duplicate-dropped
sd_card_content/ir_extra_dbs/TVs/Enseo/Enseo.ir,sd_card_content/universal_ir/assets/TVs/Enseo/Enseo.ir,ir,TVs,duplicate-dropped
sd_card_content/ir_extra_dbs/TVs/Enseo/Enseo_full.ir,sd_card_content/universal_ir/assets/TVs/Enseo/Enseo_full.ir,ir,TVs,duplicate-dropped
sd_card_content/ir_extra_dbs/TVs/Erisson/Erisson_AL52D_B.ir,sd_card_content/universal_ir/assets/TVs/Erisson/Erisson_AL52D_B.ir,ir,TVs,duplicate-dropped
sd_card_content/ir_extra_dbs/TVs/FINLUX/FINLUX.ir,sd_card_content/universal_ir/assets/TVs/FINLUX/FINLUX.ir,ir,TVs,duplicate-dropped
sd_card_content/ir_extra_dbs/TVs/Fetch/Fetch_TV_Box_AUS.ir,sd_card_content/universal_ir/assets/TVs/Fetch/Fetch_TV_Box_AUS.ir,ir,TVs,duplicate-dropped
sd_card_content/ir_extra_dbs/TVs/Ffalcon/Ffalcon_SF1_Smart_TV.ir,sd_card_content/universal_ir/assets/TVs/Ffalcon/Ffalcon_SF1_Smart_TV.ir,ir,TVs,duplicate-dropped
sd_card_content/ir_extra_dbs/TVs/Funai/Funai.ir,sd_card_content/universal_ir/assets/TVs/Funai/Funai.ir,ir,TVs,duplicate-dropped
sd_card_content/ir_extra_dbs/TVs/Furrion/Furrion.ir,sd_card_content/universal_ir/assets/TVs/Furrion/Furrion.ir,ir,TVs,duplicate-dropped
sd_card_content/ir_extra_dbs/TVs/GPX/Gpx.ir,sd_card_content/universal_ir/assets/TVs/GPX/Gpx.ir,ir,TVs,duplicate-dropped
sd_card_content/ir_extra_dbs/TVs/GVA/GVA_GVA32M7D.ir,sd_card_content/universal_ir/assets/TVs/GVA/GVA_GVA32M7D.ir,ir,TVs,duplicate-dropped
sd_card_content/ir_extra_dbs/TVs/Gigabyte/AORUS_Monitor.ir,sd_card_content/universal_ir/assets/TVs/Gigabyte/AORUS_Monitor.ir,ir,TVs,duplicate-dropped
sd_card_content/ir_extra_dbs/TVs/Gogen/Gogen_TVH24P266T.ir,sd_card_content/universal_ir/assets/TVs/Gogen/Gogen_TVH24P266T.ir,ir,TVs,duplicate-dropped
sd_card_content/ir_extra_dbs/TVs/Grandin/Grandin.ir,sd_card_content/universal_ir/assets/TVs/Grandin/Grandin.ir,ir,TVs,duplicate-dropped
sd_card_content/ir_extra_dbs/TVs/Grandin/Grandin_Unknown_Model.ir,sd_card_content/universal_ir/assets/TVs/Grandin/Grandin_Unknown_Model.ir,ir,TVs,duplicate-dropped
sd_card_content/ir_extra_dbs/TVs/Grundig/GRUNDIG.ir,sd_card_content/universal_ir/assets/TVs/Grundig/GRUNDIG.ir,ir,TVs,duplicate-dropped
sd_card_content/ir_extra_dbs/TVs/Grundig/GRUNDIG_UNKNOWN.ir,sd_card_content/universal_ir/assets/TVs/Grundig/GRUNDIG_UNKNOWN.ir,ir,TVs,duplicate-dropped
sd_card_content/ir_extra_dbs/TVs/Grundig/Grundig_2.ir,sd_card_content/universal_ir/assets/TVs/Grundig/Grundig_2.ir,ir,TVs,duplicate-dropped
sd_card_content/ir_extra_dbs/TVs/Grundig/Grundig_AndroidTV.ir,sd_card_content/universal_ir/assets/TVs/Grundig/Grundig_AndroidTV.ir,ir,TVs,duplicate-dropped
sd_card_content/ir_extra_dbs/TVs/GuestTek/GuestTek_Marriot_Hotel.ir,sd_card_content/universal_ir/assets/TVs/GuestTek/GuestTek_Marriot_Hotel.ir,ir,TVs,duplicate-dropped
sd_card_content/ir_extra_dbs/TVs/Haier/Haier_L42C1180.ir,sd_card_content/universal_ir/assets/TVs/Haier/Haier_L42C1180.ir,ir,TVs,duplicate-dropped
sd_card_content/ir_extra_dbs/TVs/Hisense/Hisense_32A4HAU.ir,sd_card_content/universal_ir/assets/TVs/Hisense/Hisense_32A4HAU.ir,ir,TVs,duplicate-dropped
sd_card_content/ir_extra_dbs/TVs/Hisense/Hisense_55K3201GUWUS.ir,sd_card_content/universal_ir/assets/TVs/Hisense/Hisense_55K3201GUWUS.ir,ir,TVs,duplicate-dropped
sd_card_content/ir_extra_dbs/TVs/Hisense/Hisense_55U6K.ir,sd_card_content/universal_ir/assets/TVs/Hisense/Hisense_55U6K.ir,ir,TVs,duplicate-dropped
sd_card_content/ir_extra_dbs/TVs/Hisense/Hisense_58R5.ir,sd_card_content/universal_ir/assets/TVs/Hisense/Hisense_58R5.ir,ir,TVs,duplicate-dropped
sd_card_content/ir_extra_dbs/TVs/Hisense/Hisense_65K3300UW.ir,sd_card_content/universal_ir/assets/TVs/Hisense/Hisense_65K3300UW.ir,ir,TVs,duplicate-dropped
sd_card_content/ir_extra_dbs/TVs/Hisense/Hisense_EN3AH39H.ir,sd_card_content/universal_ir/assets/TVs/Hisense/Hisense_EN3AH39H.ir,ir,TVs,duplicate-dropped
sd_card_content/ir_extra_dbs/TVs/Hisense/Hisense_EN3Y39H.ir,sd_card_content/universal_ir/assets/TVs/Hisense/Hisense_EN3Y39H.ir,ir,TVs,duplicate-dropped
sd_card_content/ir_extra_dbs/TVs/Hisense/Hisense_EN_33926A.ir,sd_card_content/universal_ir/assets/TVs/Hisense/Hisense_EN_33926A.ir,ir,TVs,duplicate-dropped
sd_card_content/ir_extra_dbs/TVs/Hisense/Hisense_ER22601A.ir,sd_card_content/universal_ir/assets/TVs/Hisense/Hisense_ER22601A.ir,ir,TVs,duplicate-dropped
sd_card_content/ir_extra_dbs/TVs/Hisense/Hisense_K321UW.ir,sd_card_content/universal_ir/assets/TVs/Hisense/Hisense_K321UW.ir,ir,TVs,duplicate-dropped
sd_card_content/ir_extra_dbs/TVs/Hisense/Hisense_RokuTV.ir,sd_card_content/universal_ir/assets/TVs/Hisense/Hisense_RokuTV.ir,ir,TVs,duplicate-dropped
sd_card_content/ir_extra_dbs/TVs/Hisense/Hisense_TV_ZDB2190126.ir,sd_card_content/universal_ir/assets/TVs/Hisense/Hisense_TV_ZDB2190126.ir,ir,TVs,duplicate-dropped
sd_card_content/ir_extra_dbs/TVs/Hisense/Hisense_U7G.ir,sd_card_content/universal_ir/assets/TVs/Hisense/Hisense_U7G.ir,ir,TVs,duplicate-dropped
sd_card_content/ir_extra_dbs/TVs/Hitachi/Hitachi_43140.ir,sd_card_content/universal_ir/assets/TVs/Hitachi/Hitachi_43140.ir,ir,TVs,duplicate-dropped
sd_card_content/ir_extra_dbs/TVs/Hitachi/Hitachi_49141.ir,sd_card_content/universal_ir/assets/TVs/Hitachi/Hitachi_49141.ir,ir,TVs,duplicate-dropped
sd_card_content/ir_extra_dbs/TVs/Hitachi/Hitachi_LE46H508.ir,sd_card_content/universal_ir/assets/TVs/Hitachi/Hitachi_LE46H508.ir,ir,TVs,duplicate-dropped
sd_card_content/ir_extra_dbs/TVs/Hitachi/Hitachi_RC43140.ir,sd_card_content/universal_ir/assets/TVs/Hitachi/Hitachi_RC43140.ir,ir,TVs,duplicate-dropped
sd_card_content/ir_extra_dbs/TVs/Hitachi/Hitachi_SmartTV_43140.ir,sd_card_content/universal_ir/assets/TVs/Hitachi/Hitachi_SmartTV_43140.ir,ir,TVs,duplicate-dropped
sd_card_content/ir_extra_dbs/TVs/Hotels/Marriott-BONVoY_Remote.ir,sd_card_content/universal_ir/assets/TVs/Hotels/Marriott-BONVoY_Remote.ir,ir,TVs,duplicate-dropped
sd_card_content/ir_extra_dbs/TVs/Insignia/Insignia.ir,sd_card_content/universal_ir/assets/TVs/Insignia/Insignia.ir,ir,TVs,duplicate-dropped
sd_card_content/ir_extra_dbs/TVs/Insignia/Insignia_NS_40D510NA17.ir,sd_card_content/universal_ir/assets/TVs/Insignia/Insignia_NS_40D510NA17.ir,ir,TVs,duplicate-dropped
sd_card_content/ir_extra_dbs/TVs/Insignia/Insignia_NS_RC9DNA-14.ir,sd_card_content/universal_ir/assets/TVs/Insignia/Insignia_NS_RC9DNA-14.ir,ir,TVs,duplicate-dropped
sd_card_content/ir_extra_dbs/TVs/JVC/JVC_4KTV.ir,sd_card_content/universal_ir/assets/TVs/JVC/JVC_4KTV.ir,ir,TVs,duplicate-dropped
sd_card_content/ir_extra_dbs/TVs/JVC/JVC_RMT-JR01.ir,sd_card_content/universal_ir/assets/TVs/JVC/JVC_RMT-JR01.ir,ir,TVs,duplicate-dropped
sd_card_content/ir_extra_dbs/TVs/Kendo/Kendo_CP20M36VT.ir,sd_card_content/universal_ir/assets/TVs/Kendo/Kendo_CP20M36VT.ir,ir,TVs,duplicate-dropped
sd_card_content/ir_extra_dbs/TVs/Kogan/Kogan_KALED50XU9210STB.ir,sd_card_content/universal_ir/assets/TVs/Kogan/Kogan_KALED50XU9210STB.ir,ir,TVs,duplicate-dropped
sd_card_content/ir_extra_dbs/TVs/Kraft/KRAFT_KTV.ir,sd_card_content/universal_ir/assets/TVs/Kraft/KRAFT_KTV.ir,ir,TVs,duplicate-dropped
sd_card_content/ir_extra_dbs/TVs/LG/LG.ir,sd_card_content/universal_ir/assets/TVs/LG/LG.ir,ir,TVs,duplicate-dropped
sd_card_content/ir_extra_dbs/TVs/LG/LG_24LJ4840.ir,sd_card_content/universal_ir/assets/TVs/LG/LG_24LJ4840.ir,ir,TVs,duplicate-dropped
sd_card_content/ir_extra_dbs/TVs/LG/LG_27GR95QE_TV.ir,sd_card_content/universal_ir/assets/TVs/LG/LG_27GR95QE_TV.ir,ir,TVs,duplicate-dropped
sd_card_content/ir_extra_dbs/TVs/LG/LG_32LF650V.ir,sd_card_content/universal_ir/assets/TVs/LG/LG_32LF650V.ir,ir,TVs,duplicate-dropped
sd_card_content/ir_extra_dbs/TVs/LG/LG_32LN5406.ir,sd_card_content/universal_ir/assets/TVs/LG/LG_32LN5406.ir,ir,TVs,duplicate-dropped
sd_card_content/ir_extra_dbs/TVs/LG/LG_32LW4500.ir,sd_card_content/universal_ir/assets/TVs/LG/LG_32LW4500.ir,ir,TVs,duplicate-dropped
sd_card_content/ir_extra_dbs/TVs/LG/LG_37LN5403.ir,sd_card_content/universal_ir/assets/TVs/LG/LG_37LN5403.ir,ir,TVs,duplicate-dropped
sd_card_content/ir_extra_dbs/TVs/LG/LG_43NANO779PA.ir,sd_card_content/universal_ir/assets/TVs/LG/LG_43NANO779PA.ir,ir,TVs,duplicate-dropped
sd_card_content/ir_extra_dbs/TVs/LG/LG_48LV340H.ir,sd_card_content/universal_ir/assets/TVs/LG/LG_48LV340H.ir,ir,TVs,duplicate-dropped
sd_card_content/ir_extra_dbs/TVs/LG/LG_4K_TV.ir,sd_card_content/universal_ir/assets/TVs/LG/LG_4K_TV.ir,ir,TVs,duplicate-dropped
sd_card_content/ir_extra_dbs/TVs/LG/LG_55LB870V_ZA.ir,sd_card_content/universal_ir/assets/TVs/LG/LG_55LB870V_ZA.ir,ir,TVs,duplicate-dropped
sd_card_content/ir_extra_dbs/TVs/LG/LG_55UN7300AUD.ir,sd_card_content/universal_ir/assets/TVs/LG/LG_55UN7300AUD.ir,ir,TVs,duplicate-dropped
sd_card_content/ir_extra_dbs/TVs/LG/LG_75UJ6470.ir,sd_card_content/universal_ir/assets/TVs/LG/LG_75UJ6470.ir,ir,TVs,duplicate-dropped
sd_card_content/ir_extra_dbs/TVs/LG/LG_AKB33871403.ir,sd_card_content/universal_ir/assets/TVs/LG/LG_AKB33871403.ir,ir,TVs,duplicate-dropped
sd_card_content/ir_extra_dbs/TVs/LG/LG_AKB69680401.ir,sd_card_content/universal_ir/assets/TVs/LG/LG_AKB69680401.ir,ir,TVs,duplicate-dropped
sd_card_content/ir_extra_dbs/TVs/LG/LG_AKB72913118.ir,sd_card_content/universal_ir/assets/TVs/LG/LG_AKB72913118.ir,ir,TVs,duplicate-dropped
sd_card_content/ir_extra_dbs/TVs/LG/LG_AKB72914048.ir,sd_card_content/universal_ir/assets/TVs/LG/LG_AKB72914048.ir,ir,TVs,duplicate-dropped
sd_card_content/ir_extra_dbs/TVs/LG/LG_AKB72915206.ir,sd_card_content/universal_ir/assets/TVs/LG/LG_AKB72915206.ir,ir,TVs,duplicate-dropped
sd_card_content/ir_extra_dbs/TVs/LG/LG_AKB73275675.ir,sd_card_content/universal_ir/assets/TVs/LG/LG_AKB73275675.ir,ir,TVs,duplicate-dropped
sd_card_content/ir_extra_dbs/TVs/LG/LG_AKB74915305.ir,sd_card_content/universal_ir/assets/TVs/LG/LG_AKB74915305.ir,ir,TVs,duplicate-dropped
sd_card_content/ir_extra_dbs/TVs/LG/LG_AKB75095307.ir,sd_card_content/universal_ir/assets/TVs/LG/LG_AKB75095307.ir,ir,TVs,duplicate-dropped
sd_card_content/ir_extra_dbs/TVs/LG/LG_AKB75375608.ir,sd_card_content/universal_ir/assets/TVs/LG/LG_AKB75375608.ir,ir,TVs,duplicate-dropped
sd_card_content/ir_extra_dbs/TVs/LG/LG_AKB75675311.ir,sd_card_content/universal_ir/assets/TVs/LG/LG_AKB75675311.ir,ir,TVs,duplicate-dropped
sd_card_content/ir_extra_dbs/TVs/LG/LG_AKB76043102.ir,sd_card_content/universal_ir/assets/TVs/LG/LG_AKB76043102.ir,ir,TVs,duplicate-dropped
sd_card_content/ir_extra_dbs/TVs/LG/LG_C1.ir,sd_card_content/universal_ir/assets/TVs/LG/LG_C1.ir,ir,TVs,duplicate-dropped
sd_card_content/ir_extra_dbs/TVs/LG/LG_C9_magic_remote.ir,sd_card_content/universal_ir/assets/TVs/LG/LG_C9_magic_remote.ir,ir,TVs,duplicate-dropped
sd_card_content/ir_extra_dbs/TVs/LG/LG_Factory_Service.ir,sd_card_content/universal_ir/assets/TVs/LG/LG_Factory_Service.ir,ir,TVs,duplicate-dropped
sd_card_content/ir_extra_dbs/TVs/LG/LG_Hotel_TV_Home2.ir,sd_card_content/universal_ir/assets/TVs/LG/LG_Hotel_TV_Home2.ir,ir,TVs,duplicate-dropped
sd_card_content/ir_extra_dbs/TVs/LG/LG_Hotel_tv.ir,sd_card_content/universal_ir/assets/TVs/LG/LG_Hotel_tv.ir,ir,TVs,duplicate-dropped
sd_card_content/ir_extra_dbs/TVs/LG/LG_MKJ33981404.ir,sd_card_content/universal_ir/assets/TVs/LG/LG_MKJ33981404.ir,ir,TVs,duplicate-dropped
sd_card_content/ir_extra_dbs/TVs/LG/LG_MKJ39170828_Service.ir,sd_card_content/universal_ir/assets/TVs/LG/LG_MKJ39170828_Service.ir,ir,TVs,duplicate-dropped
sd_card_content/ir_extra_dbs/TVs/LG/LG_MR21GC_Magic_Remote.ir,sd_card_content/universal_ir/assets/TVs/LG/LG_MR21GC_Magic_Remote.ir,ir,TVs,duplicate-dropped
sd_card_content/ir_extra_dbs/TVs/LG/LG_OLED48C37LA (LG_OLED C3 models).ir,sd_card_content/universal_ir/assets/TVs/LG/LG_OLED48C37LA (LG_OLED C3 models).ir,ir,TVs,duplicate-dropped
sd_card_content/ir_extra_dbs/TVs/LG/LG_OLED65C8PUA.ir,sd_card_content/universal_ir/assets/TVs/LG/LG_OLED65C8PUA.ir,ir,TVs,duplicate-dropped
sd_card_content/ir_extra_dbs/TVs/LG/LG_TV_42LF5800.ir,sd_card_content/universal_ir/assets/TVs/LG/LG_TV_42LF5800.ir,ir,TVs,duplicate-dropped
sd_card_content/ir_extra_dbs/TVs/LG/LG_TV_AKB75375604.ir,sd_card_content/universal_ir/assets/TVs/LG/LG_TV_AKB75375604.ir,ir,TVs,duplicate-dropped
sd_card_content/ir_extra_dbs/TVs/LodgeNet/lodgenet_lrc3220.ir,sd_card_content/universal_ir/assets/TVs/LodgeNet/lodgenet_lrc3220.ir,ir,TVs,duplicate-dropped
sd_card_content/ir_extra_dbs/TVs/Loewe/LOEWE_TV.ir,sd_card_content/universal_ir/assets/TVs/Loewe/LOEWE_TV.ir,ir,TVs,duplicate-dropped
sd_card_content/ir_extra_dbs/TVs/Magnavox/MAGNAVOX_20MT1331_17.ir,sd_card_content/universal_ir/assets/TVs/Magnavox/MAGNAVOX_20MT1331_17.ir,ir,TVs,duplicate-dropped
sd_card_content/ir_extra_dbs/TVs/Magnavox/MAGNAVOX_RD0946T102.ir,sd_card_content/universal_ir/assets/TVs/Magnavox/MAGNAVOX_RD0946T102.ir,ir,TVs,duplicate-dropped
sd_card_content/ir_extra_dbs/TVs/Manta/Manta.ir,sd_card_content/universal_ir/assets/TVs/Manta/Manta.ir,ir,TVs,duplicate-dropped
sd_card_content/ir_extra_dbs/TVs/Manta/Manta_TV.ir,sd_card_content/universal_ir/assets/TVs/Manta/Manta_TV.ir,ir,TVs,duplicate-dropped
sd_card_content/ir_extra_dbs/TVs/Manta/Manta_TV_2.ir,sd_card_content/universal_ir/assets/TVs/Manta/Manta_TV_2.ir,ir,TVs,duplicate-dropped
sd_card_content/ir_extra_dbs/TVs/Matsui/Matsui_1435b.ir,sd_card_content/universal_ir/assets/TVs/Matsui/Matsui_1435b.ir,ir,TVs,duplicate-dropped
sd_card_content/ir_extra_dbs/TVs/Medion/Medion.ir,sd_card_content/universal_ir/assets/TVs/Medion/Medion.ir,ir,TVs,duplicate-dropped
sd_card_content/ir_extra_dbs/TVs/Medion/Medion_MD21302.ir,sd_card_content/universal_ir/assets/TVs/Medion/Medion_MD21302.ir,ir,TVs,duplicate-dropped
sd_card_content/ir_extra_dbs/TVs/Medion/Medion_MD31802.ir,sd_card_content/universal_ir/assets/TVs/Medion/Medion_MD31802.ir,ir,TVs,duplicate-dropped
sd_card_content/ir_extra_dbs/TVs/Mivar/Mivar_LCD_TV.ir,sd_card_content/universal_ir/assets/TVs/Mivar/Mivar_LCD_TV.ir,ir,TVs,duplicate-dropped
sd_card_content/ir_extra_dbs/TVs/NEC/NEC.ir,sd_card_content/universal_ir/assets/TVs/NEC/NEC.ir,ir,TVs,duplicate-dropped
sd_card_content/ir_extra_dbs/TVs/NEC/NEC_E425.ir,sd_card_content/universal_ir/assets/TVs/NEC/NEC_E425.ir,ir,TVs,duplicate-dropped
sd_card_content/ir_extra_dbs/TVs/Neo/Neo_TV.ir,sd_card_content/universal_ir/assets/TVs/Neo/Neo_TV.ir,ir,TVs,duplicate-dropped
sd_card_content/ir_extra_dbs/TVs/Nevir/NEVIR_NVR-7409-39HD-N.ir,sd_card_content/universal_ir/assets/TVs/Nevir/NEVIR_NVR-7409-39HD-N.ir,ir,TVs,duplicate-dropped
sd_card_content/ir_extra_dbs/TVs/Oky/Oky_TV.ir,sd_card_content/universal_ir/assets/TVs/Oky/Oky_TV.ir,ir,TVs,duplicate-dropped
sd_card_content/ir_extra_dbs/TVs/Onn/Onn_Roku_TV.ir,sd_card_content/universal_ir/assets/TVs/Onn/Onn_Roku_TV.ir,ir,TVs,duplicate-dropped
sd_card_content/ir_extra_dbs/TVs/PDi/PD108-420.ir,sd_card_content/universal_ir/assets/TVs/PDi/PD108-420.ir,ir,TVs,duplicate-dropped
sd_card_content/ir_extra_dbs/TVs/Panasonic/N2QAYB001109.ir,sd_card_content/universal_ir/assets/TVs/Panasonic/N2QAYB001109.ir,ir,TVs,duplicate-dropped
sd_card_content/ir_extra_dbs/TVs/Panasonic/N2QAYB001109_full.ir,sd_card_content/universal_ir/assets/TVs/Panasonic/N2QAYB001109_full.ir,ir,TVs,duplicate-dropped
sd_card_content/ir_extra_dbs/TVs/Panasonic/Panasonic_58JX800_Series.ir,sd_card_content/universal_ir/assets/TVs/Panasonic/Panasonic_58JX800_Series.ir,ir,TVs,duplicate-dropped
sd_card_content/ir_extra_dbs/TVs/Panasonic/Panasonic_N2QAYA_152.ir,sd_card_content/universal_ir/assets/TVs/Panasonic/Panasonic_N2QAYA_152.ir,ir,TVs,duplicate-dropped
sd_card_content/ir_extra_dbs/TVs/Panasonic/Panasonic_N2QAYB000352.ir,sd_card_content/universal_ir/assets/TVs/Panasonic/Panasonic_N2QAYB000352.ir,ir,TVs,duplicate-dropped
sd_card_content/ir_extra_dbs/TVs/Panasonic/Panasonic_N2QAYB000705.ir,sd_card_content/universal_ir/assets/TVs/Panasonic/Panasonic_N2QAYB000705.ir,ir,TVs,duplicate-dropped
sd_card_content/ir_extra_dbs/TVs/Panasonic/Panasonic_N2QAYB000715.ir,sd_card_content/universal_ir/assets/TVs/Panasonic/Panasonic_N2QAYB000715.ir,ir,TVs,duplicate-dropped
sd_card_content/ir_extra_dbs/TVs/Panasonic/Panasonic_N2QAYB000752.ir,sd_card_content/universal_ir/assets/TVs/Panasonic/Panasonic_N2QAYB000752.ir,ir,TVs,duplicate-dropped
sd_card_content/ir_extra_dbs/TVs/Panasonic/Panasonic_N2QAYB000752_Full.ir,sd_card_content/universal_ir/assets/TVs/Panasonic/Panasonic_N2QAYB000752_Full.ir,ir,TVs,duplicate-dropped
sd_card_content/ir_extra_dbs/TVs/Panasonic/Panasonic_N2QAYB000926.ir,sd_card_content/universal_ir/assets/TVs/Panasonic/Panasonic_N2QAYB000926.ir,ir,TVs,duplicate-dropped
sd_card_content/ir_extra_dbs/TVs/Panasonic/Panasonic_TC-P50S2.ir,sd_card_content/universal_ir/assets/TVs/Panasonic/Panasonic_TC-P50S2.ir,ir,TVs,duplicate-dropped
sd_card_content/ir_extra_dbs/TVs/Panasonic/Panasonic_TC-P50U1.ir,sd_card_content/universal_ir/assets/TVs/Panasonic/Panasonic_TC-P50U1.ir,ir,TVs,duplicate-dropped
sd_card_content/ir_extra_dbs/TVs/Panasonic/Panasonic_TH-43HS550K.ir,sd_card_content/universal_ir/assets/TVs/Panasonic/Panasonic_TH-43HS550K.ir,ir,TVs,duplicate-dropped
sd_card_content/ir_extra_dbs/TVs/Panasonic/Panasonic_TX-40HX800B.ir,sd_card_content/universal_ir/assets/TVs/Panasonic/Panasonic_TX-40HX800B.ir,ir,TVs,duplicate-dropped
sd_card_content/ir_extra_dbs/TVs/Panasonic/Panasonic_TX-P50C10E.ir,sd_card_content/universal_ir/assets/TVs/Panasonic/Panasonic_TX-P50C10E.ir,ir,TVs,duplicate-dropped
sd_card_content/ir_extra_dbs/TVs/Panasonic/Panasonic_TX29AS10C.ir,sd_card_content/universal_ir/assets/TVs/Panasonic/Panasonic_TX29AS10C.ir,ir,TVs,duplicate-dropped
sd_card_content/ir_extra_dbs/TVs/Panasonic/Panasonic_TX_42AS650E.ir,sd_card_content/universal_ir/assets/TVs/Panasonic/Panasonic_TX_42AS650E.ir,ir,TVs,duplicate-dropped
sd_card_content/ir_extra_dbs/TVs/Panasonic/Panasonic_TX_43GXW584.ir,sd_card_content/universal_ir/assets/TVs/Panasonic/Panasonic_TX_43GXW584.ir,ir,TVs,duplicate-dropped
sd_card_content/ir_extra_dbs/TVs/Panasonic/Panasonic_TX_L42E5E.ir,sd_card_content/universal_ir/assets/TVs/Panasonic/Panasonic_TX_L42E5E.ir,ir,TVs,duplicate-dropped
sd_card_content/ir_extra_dbs/TVs/Panasonic/Panasonic_Unknown_Full.ir,sd_card_content/universal_ir/assets/TVs/Panasonic/Panasonic_Unknown_Full.ir,ir,TVs,duplicate-dropped
sd_card_content/ir_extra_dbs/TVs/Panasonic/Panasonic_Viera.ir,sd_card_content/universal_ir/assets/TVs/Panasonic/Panasonic_Viera.ir,ir,TVs,duplicate-dropped
sd_card_content/ir_extra_dbs/TVs/Philips/PhilipsTV.ir,sd_card_content/universal_ir/assets/TVs/Philips/PhilipsTV.ir,ir,TVs,duplicate-dropped
sd_card_content/ir_extra_dbs/TVs/Philips/Philips_14GX8510.ir,sd_card_content/universal_ir/assets/TVs/Philips/Philips_14GX8510.ir,ir,TVs,duplicate-dropped
sd_card_content/ir_extra_dbs/TVs/Philips/Philips_14PT136B00.ir,sd_card_content/universal_ir/assets/TVs/Philips/Philips_14PT136B00.ir,ir,TVs,duplicate-dropped
sd_card_content/ir_extra_dbs/TVs/Philips/Philips_22IT_TV_Monitor.ir,sd_card_content/universal_ir/assets/TVs/Philips/Philips_22IT_TV_Monitor.ir,ir,TVs,duplicate-dropped
sd_card_content/ir_extra_dbs/TVs/Philips/Philips_32PFL4208T.ir,sd_card_content/universal_ir/assets/TVs/Philips/Philips_32PFL4208T.ir,ir,TVs,duplicate-dropped
sd_card_content/ir_extra_dbs/TVs/Philips/Philips_32PFL7403S.ir,sd_card_content/universal_ir/assets/TVs/Philips/Philips_32PFL7403S.ir,ir,TVs,duplicate-dropped
sd_card_content/ir_extra_dbs/TVs/Philips/Philips_32PFL7962D12.ir,sd_card_content/universal_ir/assets/TVs/Philips/Philips_32PFL7962D12.ir,ir,TVs,duplicate-dropped
sd_card_content/ir_extra_dbs/TVs/Philips/Philips_40HFL3010T12.ir,sd_card_content/universal_ir/assets/TVs/Philips/Philips_40HFL3010T12.ir,ir,TVs,duplicate-dropped
sd_card_content/ir_extra_dbs/TVs/Philips/Philips_436M6VBPAB.ir,sd_card_content/universal_ir/assets/TVs/Philips/Philips_436M6VBPAB.ir,ir,TVs,duplicate-dropped
sd_card_content/ir_extra_dbs/TVs/Philips/Philips_50PUT6103_79.ir,sd_card_content/universal_ir/assets/TVs/Philips/Philips_50PUT6103_79.ir,ir,TVs,duplicate-dropped
sd_card_content/ir_extra_dbs/TVs/Philips/Philips_5766_Series.ir,sd_card_content/universal_ir/assets/TVs/Philips/Philips_5766_Series.ir,ir,TVs,duplicate-dropped
sd_card_content/ir_extra_dbs/TVs/Philips/Philips_TV_14PV172_08.ir,sd_card_content/universal_ir/assets/TVs/Philips/Philips_TV_14PV172_08.ir,ir,TVs,duplicate-dropped
sd_card_content/ir_extra_dbs/TVs/Philips/Philips_TV_48OLED806.ir,sd_card_content/universal_ir/assets/TVs/Philips/Philips_TV_48OLED806.ir,ir,TVs,duplicate-dropped
sd_card_content/ir_extra_dbs/TVs/Philips/Philips_TV_7000LED_42PFL7695H.ir,sd_card_content/universal_ir/assets/TVs/Philips/Philips_TV_7000LED_42PFL7695H.ir,ir,TVs,duplicate-dropped
sd_card_content/ir_extra_dbs/TVs/Philips/Philips_TV_7956_Series.ir,sd_card_content/universal_ir/assets/TVs/Philips/Philips_TV_7956_Series.ir,ir,TVs,duplicate-dropped
sd_card_content/ir_extra_dbs/TVs/Philips/Philips_TV_Universal.ir,sd_card_content/universal_ir/assets/TVs/Philips/Philips_TV_Universal.ir,ir,TVs,duplicate-dropped
sd_card_content/ir_extra_dbs/TVs/Philips/Philips_XXPFL9955H.ir,sd_card_content/universal_ir/assets/TVs/Philips/Philips_XXPFL9955H.ir,ir,TVs,duplicate-dropped
sd_card_content/ir_extra_dbs/TVs/Philips/Philips_generic.ir,sd_card_content/universal_ir/assets/TVs/Philips/Philips_generic.ir,ir,TVs,duplicate-dropped
sd_card_content/ir_extra_dbs/TVs/Philips/Philips_sf256.ir,sd_card_content/universal_ir/assets/TVs/Philips/Philips_sf256.ir,ir,TVs,duplicate-dropped
sd_card_content/ir_extra_dbs/TVs/Pioneer/Pioneer_Kuro_PDP_LX508A.ir,sd_card_content/universal_ir/assets/TVs/Pioneer/Pioneer_Kuro_PDP_LX508A.ir,ir,TVs,duplicate-dropped
sd_card_content/ir_extra_dbs/TVs/Platinum/Platinum_PT2020LED.ir,sd_card_content/universal_ir/assets/TVs/Platinum/Platinum_PT2020LED.ir,ir,TVs,duplicate-dropped
sd_card_content/ir_extra_dbs/TVs/PrismPlus/PrismPlus.ir,sd_card_content/universal_ir/assets/TVs/PrismPlus/PrismPlus.ir,ir,TVs,duplicate-dropped
sd_card_content/ir_extra_dbs/TVs/RCA/RCA_24_Roku.ir,sd_card_content/universal_ir/assets/TVs/RCA/RCA_24_Roku.ir,ir,TVs,duplicate-dropped
sd_card_content/ir_extra_dbs/TVs/RCA/RCA_CRK50A.ir,sd_card_content/universal_ir/assets/TVs/RCA/RCA_CRK50A.ir,ir,TVs,duplicate-dropped
sd_card_content/ir_extra_dbs/TVs/RCA/RCA_P46731AT_TV.ir,sd_card_content/universal_ir/assets/TVs/RCA/RCA_P46731AT_TV.ir,ir,TVs,duplicate-dropped
sd_card_content/ir_extra_dbs/TVs/RCA/RCA_RCR314WR_ RCA313BR.ir,sd_card_content/universal_ir/assets/TVs/RCA/RCA_RCR314WR_ RCA313BR.ir,ir,TVs,duplicate-dropped
sd_card_content/ir_extra_dbs/TVs/RCA/RCA_RLDED3258A-B.ir,sd_card_content/universal_ir/assets/TVs/RCA/RCA_RLDED3258A-B.ir,ir,TVs,duplicate-dropped
sd_card_content/ir_extra_dbs/TVs/RCA/RCA_RT2471_AC.ir,sd_card_content/universal_ir/assets/TVs/RCA/RCA_RT2471_AC.ir,ir,TVs,duplicate-dropped
sd_card_content/ir_extra_dbs/TVs/RCA/RCA_RokuTV_RTR4061-B-CA.ir,sd_card_content/universal_ir/assets/TVs/RCA/RCA_RokuTV_RTR4061-B-CA.ir,ir,TVs,duplicate-dropped
sd_card_content/ir_extra_dbs/TVs/RCA/RCA_TV_2.ir,sd_card_content/universal_ir/assets/TVs/RCA/RCA_TV_2.ir,ir,TVs,duplicate-dropped
sd_card_content/ir_extra_dbs/TVs/Roku/Roku_Standalone.ir,sd_card_content/universal_ir/assets/TVs/Roku/Roku_Standalone.ir,ir,TVs,duplicate-dropped
sd_card_content/ir_extra_dbs/TVs/Samsung/Samsung.ir,sd_card_content/universal_ir/assets/TVs/Samsung/Samsung.ir,ir,TVs,duplicate-dropped
sd_card_content/ir_extra_dbs/TVs/Samsung/Samsung_AA-00721A.ir,sd_card_content/universal_ir/assets/TVs/Samsung/Samsung_AA-00721A.ir,ir,TVs,duplicate-dropped
sd_card_content/ir_extra_dbs/TVs/Samsung/Samsung_AA59-00443A.ir,sd_card_content/universal_ir/assets/TVs/Samsung/Samsung_AA59-00443A.ir,ir,TVs,duplicate-dropped
sd_card_content/ir_extra_dbs/TVs/Samsung/Samsung_AA59-00580A.ir,sd_card_content/universal_ir/assets/TVs/Samsung/Samsung_AA59-00580A.ir,ir,TVs,duplicate-dropped
sd_card_content/ir_extra_dbs/TVs/Samsung/Samsung_AA59-00602A.ir,sd_card_content/universal_ir/assets/TVs/Samsung/Samsung_AA59-00602A.ir,ir,TVs,duplicate-dropped
sd_card_content/ir_extra_dbs/TVs/Samsung/Samsung_AA59-00714A.ir,sd_card_content/universal_ir/assets/TVs/Samsung/Samsung_AA59-00714A.ir,ir,TVs,duplicate-dropped
sd_card_content/ir_extra_dbs/TVs/Samsung/Samsung_AA59-00741A.ir,sd_card_content/universal_ir/assets/TVs/Samsung/Samsung_AA59-00741A.ir,ir,TVs,duplicate-dropped
sd_card_content/ir_extra_dbs/TVs/Samsung/Samsung_AA59-00786A.ir,sd_card_content/universal_ir/assets/TVs/Samsung/Samsung_AA59-00786A.ir,ir,TVs,duplicate-dropped
sd_card_content/ir_extra_dbs/TVs/Samsung/Samsung_AA81-00243A.ir,sd_card_content/universal_ir/assets/TVs/Samsung/Samsung_AA81-00243A.ir,ir,TVs,duplicate-dropped
sd_card_content/ir_extra_dbs/TVs/Samsung/Samsung_BN59-00511A.ir,sd_card_content/universal_ir/assets/TVs/Samsung/Samsung_BN59-00511A.ir,ir,TVs,duplicate-dropped
sd_card_content/ir_extra_dbs/TVs/Samsung/Samsung_BN59-01081A.ir,sd_card_content/universal_ir/assets/TVs/Samsung/Samsung_BN59-01081A.ir,ir,TVs,duplicate-dropped
sd_card_content/ir_extra_dbs/TVs/Samsung/Samsung_BN59-01175N.ir,sd_card_content/universal_ir/assets/TVs/Samsung/Samsung_BN59-01175N.ir,ir,TVs,duplicate-dropped
sd_card_content/ir_extra_dbs/TVs/Samsung/Samsung_BN59-01178W.ir,sd_card_content/universal_ir/assets/TVs/Samsung/Samsung_BN59-01178W.ir,ir,TVs,duplicate-dropped
sd_card_content/ir_extra_dbs/TVs/Samsung/Samsung_BN59-01179A.ir,sd_card_content/universal_ir/assets/TVs/Samsung/Samsung_BN59-01179A.ir,ir,TVs,duplicate-dropped
sd_card_content/ir_extra_dbs/TVs/Samsung/Samsung_BN59-01180A.ir,sd_card_content/universal_ir/assets/TVs/Samsung/Samsung_BN59-01180A.ir,ir,TVs,duplicate-dropped
sd_card_content/ir_extra_dbs/TVs/Samsung/Samsung_BN59-01198_R.ir,sd_card_content/universal_ir/assets/TVs/Samsung/Samsung_BN59-01198_R.ir,ir,TVs,duplicate-dropped
sd_card_content/ir_extra_dbs/TVs/Samsung/Samsung_BN59-01247A.ir,sd_card_content/universal_ir/assets/TVs/Samsung/Samsung_BN59-01247A.ir,ir,TVs,duplicate-dropped
sd_card_content/ir_extra_dbs/TVs/Samsung/Samsung_BN59-01301A.ir,sd_card_content/universal_ir/assets/TVs/Samsung/Samsung_BN59-01301A.ir,ir,TVs,duplicate-dropped
sd_card_content/ir_extra_dbs/TVs/Samsung/Samsung_BN59-01303A.ir,sd_card_content/universal_ir/assets/TVs/Samsung/Samsung_BN59-01303A.ir,ir,TVs,duplicate-dropped
sd_card_content/ir_extra_dbs/TVs/Samsung/Samsung_BN59-01315B.ir,sd_card_content/universal_ir/assets/TVs/Samsung/Samsung_BN59-01315B.ir,ir,TVs,duplicate-dropped
sd_card_content/ir_extra_dbs/TVs/Samsung/Samsung_BN59-01315J.ir,sd_card_content/universal_ir/assets/TVs/Samsung/Samsung_BN59-01315J.ir,ir,TVs,duplicate-dropped
sd_card_content/ir_extra_dbs/TVs/Samsung/Samsung_BN59-01358C.ir,sd_card_content/universal_ir/assets/TVs/Samsung/Samsung_BN59-01358C.ir,ir,TVs,duplicate-dropped
sd_card_content/ir_extra_dbs/TVs/Samsung/Samsung_BN59-01385C.ir,sd_card_content/universal_ir/assets/TVs/Samsung/Samsung_BN59-01385C.ir,ir,TVs,duplicate-dropped
sd_card_content/ir_extra_dbs/TVs/Samsung/Samsung_BN59-01388.ir,sd_card_content/universal_ir/assets/TVs/Samsung/Samsung_BN59-01388.ir,ir,TVs,duplicate-dropped
sd_card_content/ir_extra_dbs/TVs/Samsung/Samsung_BN59-01391A.ir,sd_card_content/universal_ir/assets/TVs/Samsung/Samsung_BN59-01391A.ir,ir,TVs,duplicate-dropped
sd_card_content/ir_extra_dbs/TVs/Samsung/Samsung_BN59.ir,sd_card_content/universal_ir/assets/TVs/Samsung/Samsung_BN59.ir,ir,TVs,duplicate-dropped
sd_card_content/ir_extra_dbs/TVs/Samsung/Samsung_Broadband_Hospitality.ir,sd_card_content/universal_ir/assets/TVs/Samsung/Samsung_Broadband_Hospitality.ir,ir,TVs,duplicate-dropped
sd_card_content/ir_extra_dbs/TVs/Samsung/Samsung_E6.ir,sd_card_content/universal_ir/assets/TVs/Samsung/Samsung_E6.ir,ir,TVs,duplicate-dropped
sd_card_content/ir_extra_dbs/TVs/Samsung/Samsung_H6300_TV.ir,sd_card_content/universal_ir/assets/TVs/Samsung/Samsung_H6300_TV.ir,ir,TVs,duplicate-dropped
sd_card_content/ir_extra_dbs/TVs/Samsung/Samsung_HQ24ED470AK.ir,sd_card_content/universal_ir/assets/TVs/Samsung/Samsung_HQ24ED470AK.ir,ir,TVs,duplicate-dropped
sd_card_content/ir_extra_dbs/TVs/Samsung/Samsung_LE37S71B.ir,sd_card_content/universal_ir/assets/TVs/Samsung/Samsung_LE37S71B.ir,ir,TVs,duplicate-dropped
sd_card_content/ir_extra_dbs/TVs/Samsung/Samsung_LE40R87BD.ir,sd_card_content/universal_ir/assets/TVs/Samsung/Samsung_LE40R87BD.ir,ir,TVs,duplicate-dropped
sd_card_content/ir_extra_dbs/TVs/Samsung/Samsung_LN32D403E2GCTC.ir,sd_card_content/universal_ir/assets/TVs/Samsung/Samsung_LN32D403E2GCTC.ir,ir,TVs,duplicate-dropped
sd_card_content/ir_extra_dbs/TVs/Samsung/Samsung_LN46C650L1F.ir,sd_card_content/universal_ir/assets/TVs/Samsung/Samsung_LN46C650L1F.ir,ir,TVs,duplicate-dropped
sd_card_content/ir_extra_dbs/TVs/Samsung/Samsung_LW17E34C.ir,sd_card_content/universal_ir/assets/TVs/Samsung/Samsung_LW17E34C.ir,ir,TVs,duplicate-dropped
sd_card_content/ir_extra_dbs/TVs/Samsung/Samsung_P2770HD.ir,sd_card_content/universal_ir/assets/TVs/Samsung/Samsung_P2770HD.ir,ir,TVs,duplicate-dropped
sd_card_content/ir_extra_dbs/TVs/Samsung/Samsung_QM55RA.ir,sd_card_content/universal_ir/assets/TVs/Samsung/Samsung_QM55RA.ir,ir,TVs,duplicate-dropped
sd_card_content/ir_extra_dbs/TVs/Samsung/Samsung_QN43Q60AAF.ir,sd_card_content/universal_ir/assets/TVs/Samsung/Samsung_QN43Q60AAF.ir,ir,TVs,duplicate-dropped
sd_card_content/ir_extra_dbs/TVs/Samsung/Samsung_Royal_Caribbean.ir,sd_card_content/universal_ir/assets/TVs/Samsung/Samsung_Royal_Caribbean.ir,ir,TVs,duplicate-dropped
sd_card_content/ir_extra_dbs/TVs/Samsung/Samsung_Service_Menu.ir,sd_card_content/universal_ir/assets/TVs/Samsung/Samsung_Service_Menu.ir,ir,TVs,duplicate-dropped
sd_card_content/ir_extra_dbs/TVs/Samsung/Samsung_Smart_Remote.ir,sd_card_content/universal_ir/assets/TVs/Samsung/Samsung_Smart_Remote.ir,ir,TVs,duplicate-dropped
sd_card_content/ir_extra_dbs/TVs/Samsung/Samsung_TV_1.ir,sd_card_content/universal_ir/assets/TVs/Samsung/Samsung_TV_1.ir,ir,TVs,duplicate-dropped
sd_card_content/ir_extra_dbs/TVs/Samsung/Samsung_TV_Full.ir,sd_card_content/universal_ir/assets/TVs/Samsung/Samsung_TV_Full.ir,ir,TVs,duplicate-dropped
sd_card_content/ir_extra_dbs/TVs/Samsung/Samsung_UE26C4000PW.ir,sd_card_content/universal_ir/assets/TVs/Samsung/Samsung_UE26C4000PW.ir,ir,TVs,duplicate-dropped
sd_card_content/ir_extra_dbs/TVs/Samsung/Samsung_UE32F4000.ir,sd_card_content/universal_ir/assets/TVs/Samsung/Samsung_UE32F4000.ir,ir,TVs,duplicate-dropped
sd_card_content/ir_extra_dbs/TVs/Samsung/Samsung_UE32F4000AW.ir,sd_card_content/universal_ir/assets/TVs/Samsung/Samsung_UE32F4000AW.ir,ir,TVs,duplicate-dropped
sd_card_content/ir_extra_dbs/TVs/Samsung/Samsung_UE48JU6490U.ir,sd_card_content/universal_ir/assets/TVs/Samsung/Samsung_UE48JU6490U.ir,ir,TVs,duplicate-dropped
sd_card_content/ir_extra_dbs/TVs/Samsung/Samsung_UE75TU7125K.ir,sd_card_content/universal_ir/assets/TVs/Samsung/Samsung_UE75TU7125K.ir,ir,TVs,duplicate-dropped
sd_card_content/ir_extra_dbs/TVs/Samsung/Samsung_UN32EH5000F.ir,sd_card_content/universal_ir/assets/TVs/Samsung/Samsung_UN32EH5000F.ir,ir,TVs,duplicate-dropped
sd_card_content/ir_extra_dbs/TVs/Samsung/Samsung_UN40C5000QFXZA.ir,sd_card_content/universal_ir/assets/TVs/Samsung/Samsung_UN40C5000QFXZA.ir,ir,TVs,duplicate-dropped
sd_card_content/ir_extra_dbs/TVs/Samsung/Samsung_UN60JU6500.ir,sd_card_content/universal_ir/assets/TVs/Samsung/Samsung_UN60JU6500.ir,ir,TVs,duplicate-dropped
sd_card_content/ir_extra_dbs/TVs/Samsung/Samsung_UN60JU6500_Discrete.ir,sd_card_content/universal_ir/assets/TVs/Samsung/Samsung_UN60JU6500_Discrete.ir,ir,TVs,duplicate-dropped
sd_card_content/ir_extra_dbs/TVs/Samsung/Samsung_Unknown_Model.ir,sd_card_content/universal_ir/assets/TVs/Samsung/Samsung_Unknown_Model.ir,ir,TVs,duplicate-dropped
sd_card_content/ir_extra_dbs/TVs/Sankey/Sankey_TV.ir,sd_card_content/universal_ir/assets/TVs/Sankey/Sankey_TV.ir,ir,TVs,duplicate-dropped
sd_card_content/ir_extra_dbs/TVs/Sanyo/Sanyo_DP26640.ir,sd_card_content/universal_ir/assets/TVs/Sanyo/Sanyo_DP26640.ir,ir,TVs,duplicate-dropped
sd_card_content/ir_extra_dbs/TVs/Sanyo/Sanyo_FW40R49FC.ir,sd_card_content/universal_ir/assets/TVs/Sanyo/Sanyo_FW40R49FC.ir,ir,TVs,duplicate-dropped
sd_card_content/ir_extra_dbs/TVs/Sceptre/Sceptre_8142026670003C.ir,sd_card_content/universal_ir/assets/TVs/Sceptre/Sceptre_8142026670003C.ir,ir,TVs,duplicate-dropped
sd_card_content/ir_extra_dbs/TVs/Sceptre/Sceptre_H24.ir,sd_card_content/universal_ir/assets/TVs/Sceptre/Sceptre_H24.ir,ir,TVs,duplicate-dropped
sd_card_content/ir_extra_dbs/TVs/Sceptre/Sceptre_X50_Series.ir,sd_card_content/universal_ir/assets/TVs/Sceptre/Sceptre_X50_Series.ir,ir,TVs,duplicate-dropped
sd_card_content/ir_extra_dbs/TVs/Seiki/Seiki_SE40FYP1T_TV.ir,sd_card_content/universal_ir/assets/TVs/Seiki/Seiki_SE40FYP1T_TV.ir,ir,TVs,duplicate-dropped
sd_card_content/ir_extra_dbs/TVs/Sencor/Sencor_25801.ir,sd_card_content/universal_ir/assets/TVs/Sencor/Sencor_25801.ir,ir,TVs,duplicate-dropped
sd_card_content/ir_extra_dbs/TVs/Sharp/Aquos.ir,sd_card_content/universal_ir/assets/TVs/Sharp/Aquos.ir,ir,TVs,duplicate-dropped
sd_card_content/ir_extra_dbs/TVs/Sharp/Sharp_13VT-L100.ir,sd_card_content/universal_ir/assets/TVs/Sharp/Sharp_13VT-L100.ir,ir,TVs,duplicate-dropped
sd_card_content/ir_extra_dbs/TVs/Sharp/Sharp_Aquos_32BG3E.ir,sd_card_content/universal_ir/assets/TVs/Sharp/Sharp_Aquos_32BG3E.ir,ir,TVs,duplicate-dropped
sd_card_content/ir_extra_dbs/TVs/Sharp/Sharp_Aquos_JP.ir,sd_card_content/universal_ir/assets/TVs/Sharp/Sharp_Aquos_JP.ir,ir,TVs,duplicate-dropped
sd_card_content/ir_extra_dbs/TVs/Sharp/Sharp_LC-42LB261U.ir,sd_card_content/universal_ir/assets/TVs/Sharp/Sharp_LC-42LB261U.ir,ir,TVs,duplicate-dropped
sd_card_content/ir_extra_dbs/TVs/Sharp/Sharp_LC-RC1-16.ir,sd_card_content/universal_ir/assets/TVs/Sharp/Sharp_LC-RC1-16.ir,ir,TVs,duplicate-dropped
sd_card_content/ir_extra_dbs/TVs/Sharp/Sharp_Roku_TV.ir,sd_card_content/universal_ir/assets/TVs/Sharp/Sharp_Roku_TV.ir,ir,TVs,duplicate-dropped
sd_card_content/ir_extra_dbs/TVs/Sharp/Sharp_TV2.ir,sd_card_content/universal_ir/assets/TVs/Sharp/Sharp_TV2.ir,ir,TVs,duplicate-dropped
sd_card_content/ir_extra_dbs/TVs/Sharp/Sharp_g0684cesa_NES_TV.ir,sd_card_content/universal_ir/assets/TVs/Sharp/Sharp_g0684cesa_NES_TV.ir,ir,TVs,duplicate-dropped
sd_card_content/ir_extra_dbs/TVs/Sharp/Sharp_tv.ir,sd_card_content/universal_ir/assets/TVs/Sharp/Sharp_tv.ir,ir,TVs,duplicate-dropped
sd_card_content/ir_extra_dbs/TVs/Silver/Silver_LE410004.ir,sd_card_content/universal_ir/assets/TVs/Silver/Silver_LE410004.ir,ir,TVs,duplicate-dropped
sd_card_content/ir_extra_dbs/TVs/SkyVue/SKYVUE_03SI-RI.ir,sd_card_content/universal_ir/assets/TVs/SkyVue/SKYVUE_03SI-RI.ir,ir,TVs,duplicate-dropped
sd_card_content/ir_extra_dbs/TVs/SkyVue/SkyVue.ir,sd_card_content/universal_ir/assets/TVs/SkyVue/SkyVue.ir,ir,TVs,duplicate-dropped
sd_card_content/ir_extra_dbs/TVs/Soniq/Soniq_E32W13B.ir,sd_card_content/universal_ir/assets/TVs/Soniq/Soniq_E32W13B.ir,ir,TVs,duplicate-dropped
sd_card_content/ir_extra_dbs/TVs/Soniq/Soniq_E55V13A.ir,sd_card_content/universal_ir/assets/TVs/Soniq/Soniq_E55V13A.ir,ir,TVs,duplicate-dropped
sd_card_content/ir_extra_dbs/TVs/Soniq/Soniq_QSP500TV6.ir,sd_card_content/universal_ir/assets/TVs/Soniq/Soniq_QSP500TV6.ir,ir,TVs,duplicate-dropped
sd_card_content/ir_extra_dbs/TVs/Soniq/Soniq_Z24Z15B.ir,sd_card_content/universal_ir/assets/TVs/Soniq/Soniq_Z24Z15B.ir,ir,TVs,duplicate-dropped
sd_card_content/ir_extra_dbs/TVs/Sony/SonyTV.ir,sd_card_content/universal_ir/assets/TVs/Sony/SonyTV.ir,ir,TVs,duplicate-dropped
sd_card_content/ir_extra_dbs/TVs/Sony/Sony_Bravia.ir,sd_card_content/universal_ir/assets/TVs/Sony/Sony_Bravia.ir,ir,TVs,duplicate-dropped
sd_card_content/ir_extra_dbs/TVs/Sony/Sony_Bravia_KD-55XF80xx-49XF80xx-43XF80xx.ir,sd_card_content/universal_ir/assets/TVs/Sony/Sony_Bravia_KD-55XF80xx-49XF80xx-43XF80xx.ir,ir,TVs,duplicate-dropped
sd_card_content/ir_extra_dbs/TVs/Sony/Sony_Bravia_KDL-46W905A.ir,sd_card_content/universal_ir/assets/TVs/Sony/Sony_Bravia_KDL-46W905A.ir,ir,TVs,duplicate-dropped
sd_card_content/ir_extra_dbs/TVs/Sony/Sony_FW_75BZ40H.ir,sd_card_content/universal_ir/assets/TVs/Sony/Sony_FW_75BZ40H.ir,ir,TVs,duplicate-dropped
sd_card_content/ir_extra_dbs/TVs/Sony/Sony_KD-55X80CK.ir,sd_card_content/universal_ir/assets/TVs/Sony/Sony_KD-55X80CK.ir,ir,TVs,duplicate-dropped
sd_card_content/ir_extra_dbs/TVs/Sony/Sony_KD.ir,sd_card_content/universal_ir/assets/TVs/Sony/Sony_KD.ir,ir,TVs,duplicate-dropped
sd_card_content/ir_extra_dbs/TVs/Sony/Sony_KDL-55HX850.ir,sd_card_content/universal_ir/assets/TVs/Sony/Sony_KDL-55HX850.ir,ir,TVs,duplicate-dropped
sd_card_content/ir_extra_dbs/TVs/Sony/Sony_RM-GD014.ir,sd_card_content/universal_ir/assets/TVs/Sony/Sony_RM-GD014.ir,ir,TVs,duplicate-dropped
sd_card_content/ir_extra_dbs/TVs/Sony/Sony_RM-V310.ir,sd_card_content/universal_ir/assets/TVs/Sony/Sony_RM-V310.ir,ir,TVs,duplicate-dropped
sd_card_content/ir_extra_dbs/TVs/Sony/Sony_RM-YD017.ir,sd_card_content/universal_ir/assets/TVs/Sony/Sony_RM-YD017.ir,ir,TVs,duplicate-dropped
sd_card_content/ir_extra_dbs/TVs/Sony/Sony_RM-YD018.ir,sd_card_content/universal_ir/assets/TVs/Sony/Sony_RM-YD018.ir,ir,TVs,duplicate-dropped
sd_card_content/ir_extra_dbs/TVs/Sony/Sony_RM-YD028.ir,sd_card_content/universal_ir/assets/TVs/Sony/Sony_RM-YD028.ir,ir,TVs,duplicate-dropped
sd_card_content/ir_extra_dbs/TVs/Sony/Sony_RM-YD092.ir,sd_card_content/universal_ir/assets/TVs/Sony/Sony_RM-YD092.ir,ir,TVs,duplicate-dropped
sd_card_content/ir_extra_dbs/TVs/Sony/Sony_RMEA002.ir,sd_card_content/universal_ir/assets/TVs/Sony/Sony_RMEA002.ir,ir,TVs,duplicate-dropped
sd_card_content/ir_extra_dbs/TVs/Sony/Sony_RMF-TX500U.ir,sd_card_content/universal_ir/assets/TVs/Sony/Sony_RMF-TX500U.ir,ir,TVs,duplicate-dropped
sd_card_content/ir_extra_dbs/TVs/Sony/Sony_RMT_TB400U.ir,sd_card_content/universal_ir/assets/TVs/Sony/Sony_RMT_TB400U.ir,ir,TVs,duplicate-dropped
sd_card_content/ir_extra_dbs/TVs/Sony/Sony_RMT_TX100D.ir,sd_card_content/universal_ir/assets/TVs/Sony/Sony_RMT_TX100D.ir,ir,TVs,duplicate-dropped
sd_card_content/ir_extra_dbs/TVs/Sony/Sony_RMT_TX200U.ir,sd_card_content/universal_ir/assets/TVs/Sony/Sony_RMT_TX200U.ir,ir,TVs,duplicate-dropped
sd_card_content/ir_extra_dbs/TVs/Sony/Sony_RM_ED016.ir,sd_card_content/universal_ir/assets/TVs/Sony/Sony_RM_ED016.ir,ir,TVs,duplicate-dropped
sd_card_content/ir_extra_dbs/TVs/Sony/Sony_RM_ED045.ir,sd_card_content/universal_ir/assets/TVs/Sony/Sony_RM_ED045.ir,ir,TVs,duplicate-dropped
sd_card_content/ir_extra_dbs/TVs/Sony/Sony_SFRTV5.ir,sd_card_content/universal_ir/assets/TVs/Sony/Sony_SFRTV5.ir,ir,TVs,duplicate-dropped
sd_card_content/ir_extra_dbs/TVs/Sony/Sony_X2182U.ir,sd_card_content/universal_ir/assets/TVs/Sony/Sony_X2182U.ir,ir,TVs,duplicate-dropped
sd_card_content/ir_extra_dbs/TVs/Sony/Sony_XBR.ir,sd_card_content/universal_ir/assets/TVs/Sony/Sony_XBR.ir,ir,TVs,duplicate-dropped
sd_card_content/ir_extra_dbs/TVs/Sony/Sony_XBR_RM-TD017.ir,sd_card_content/universal_ir/assets/TVs/Sony/Sony_XBR_RM-TD017.ir,ir,TVs,duplicate-dropped
sd_card_content/ir_extra_dbs/TVs/Sony/Sony_XBR_RMT-TX200U.ir,sd_card_content/universal_ir/assets/TVs/Sony/Sony_XBR_RMT-TX200U.ir,ir,TVs,duplicate-dropped
sd_card_content/ir_extra_dbs/TVs/Strong/Strong_32HX4003.ir,sd_card_content/universal_ir/assets/TVs/Strong/Strong_32HX4003.ir,ir,TVs,duplicate-dropped
sd_card_content/ir_extra_dbs/TVs/Strong/Strong_RCU-Z400N.ir,sd_card_content/universal_ir/assets/TVs/Strong/Strong_RCU-Z400N.ir,ir,TVs,duplicate-dropped
sd_card_content/ir_extra_dbs/TVs/Strong/Strong_STR7004.ir,sd_card_content/universal_ir/assets/TVs/Strong/Strong_STR7004.ir,ir,TVs,duplicate-dropped
sd_card_content/ir_extra_dbs/TVs/Strong/Strong_TVD221_B1825.ir,sd_card_content/universal_ir/assets/TVs/Strong/Strong_TVD221_B1825.ir,ir,TVs,duplicate-dropped
sd_card_content/ir_extra_dbs/TVs/Sunbrite/Sunbrite.ir,sd_card_content/universal_ir/assets/TVs/Sunbrite/Sunbrite.ir,ir,TVs,duplicate-dropped
sd_card_content/ir_extra_dbs/TVs/Supra/Supra_STV_LC32T880WL_1.ir,sd_card_content/universal_ir/assets/TVs/Supra/Supra_STV_LC32T880WL_1.ir,ir,TVs,duplicate-dropped
sd_card_content/ir_extra_dbs/TVs/Sweex/SWEEX_Generic_Monitor.ir,sd_card_content/universal_ir/assets/TVs/Sweex/SWEEX_Generic_Monitor.ir,ir,TVs,duplicate-dropped
sd_card_content/ir_extra_dbs/TVs/Symphonic/Symphonic_ST424FF.ir,sd_card_content/universal_ir/assets/TVs/Symphonic/Symphonic_ST424FF.ir,ir,TVs,duplicate-dropped
sd_card_content/ir_extra_dbs/TVs/Syntax-Brillian/SyntaxBrillian_Olevia232T.ir,sd_card_content/universal_ir/assets/TVs/Syntax-Brillian/SyntaxBrillian_Olevia232T.ir,ir,TVs,duplicate-dropped
sd_card_content/ir_extra_dbs/TVs/TCL/TCL_32S327.ir,sd_card_content/universal_ir/assets/TVs/TCL/TCL_32S327.ir,ir,TVs,duplicate-dropped
sd_card_content/ir_extra_dbs/TVs/TCL/TCL_43S446.ir,sd_card_content/universal_ir/assets/TVs/TCL/TCL_43S446.ir,ir,TVs,duplicate-dropped
sd_card_content/ir_extra_dbs/TVs/TCL/TCL_50S423.ir,sd_card_content/universal_ir/assets/TVs/TCL/TCL_50S423.ir,ir,TVs,duplicate-dropped
sd_card_content/ir_extra_dbs/TVs/TCL/TCL_65C635K.ir,sd_card_content/universal_ir/assets/TVs/TCL/TCL_65C635K.ir,ir,TVs,duplicate-dropped
sd_card_content/ir_extra_dbs/TVs/TCL/TCL_LED49D2930.ir,sd_card_content/universal_ir/assets/TVs/TCL/TCL_LED49D2930.ir,ir,TVs,duplicate-dropped
sd_card_content/ir_extra_dbs/TVs/TCL/TCL_ROKU_US.ir,sd_card_content/universal_ir/assets/TVs/TCL/TCL_ROKU_US.ir,ir,TVs,duplicate-dropped
sd_card_content/ir_extra_dbs/TVs/TCL/TCL_Roku_TV.ir,sd_card_content/universal_ir/assets/TVs/TCL/TCL_Roku_TV.ir,ir,TVs,duplicate-dropped
sd_card_content/ir_extra_dbs/TVs/TCL/TCL_Roku_TV_55S405.ir,sd_card_content/universal_ir/assets/TVs/TCL/TCL_Roku_TV_55S405.ir,ir,TVs,duplicate-dropped
sd_card_content/ir_extra_dbs/TVs/TCL/TCL_UnknownModel1.ir,sd_card_content/universal_ir/assets/TVs/TCL/TCL_UnknownModel1.ir,ir,TVs,duplicate-dropped
sd_card_content/ir_extra_dbs/TVs/TCL/TCL_UnknownModel2.ir,sd_card_content/universal_ir/assets/TVs/TCL/TCL_UnknownModel2.ir,ir,TVs,duplicate-dropped
sd_card_content/ir_extra_dbs/TVs/TCL/TCL_UnknownModel3.ir,sd_card_content/universal_ir/assets/TVs/TCL/TCL_UnknownModel3.ir,ir,TVs,duplicate-dropped
sd_card_content/ir_extra_dbs/TVs/Telecontrole/TC_33_VNS2000.ir,sd_card_content/universal_ir/assets/TVs/Telecontrole/TC_33_VNS2000.ir,ir,TVs,duplicate-dropped
sd_card_content/ir_extra_dbs/TVs/Telekom/Telekom_Entertain.ir,sd_card_content/universal_ir/assets/TVs/Telekom/Telekom_Entertain.ir,ir,TVs,duplicate-dropped
sd_card_content/ir_extra_dbs/TVs/Thomson/Thomson_40FS3003.ir,sd_card_content/universal_ir/assets/TVs/Thomson/Thomson_40FS3003.ir,ir,TVs,duplicate-dropped
sd_card_content/ir_extra_dbs/TVs/Thomson/Thomson_UnknownModel1.ir,sd_card_content/universal_ir/assets/TVs/Thomson/Thomson_UnknownModel1.ir,ir,TVs,duplicate-dropped
sd_card_content/ir_extra_dbs/TVs/Toshiba/Toshiba_32AV502U.ir,sd_card_content/universal_ir/assets/TVs/Toshiba/Toshiba_32AV502U.ir,ir,TVs,duplicate-dropped
sd_card_content/ir_extra_dbs/TVs/Toshiba/Toshiba_43LF421U21.ir,sd_card_content/universal_ir/assets/TVs/Toshiba/Toshiba_43LF421U21.ir,ir,TVs,duplicate-dropped
sd_card_content/ir_extra_dbs/TVs/Toshiba/Toshiba_50C350LC.ir,sd_card_content/universal_ir/assets/TVs/Toshiba/Toshiba_50C350LC.ir,ir,TVs,duplicate-dropped
sd_card_content/ir_extra_dbs/TVs/Toshiba/Toshiba_CT-32F2.ir,sd_card_content/universal_ir/assets/TVs/Toshiba/Toshiba_CT-32F2.ir,ir,TVs,duplicate-dropped
sd_card_content/ir_extra_dbs/TVs/Toshiba/Toshiba_CT-90325.ir,sd_card_content/universal_ir/assets/TVs/Toshiba/Toshiba_CT-90325.ir,ir,TVs,duplicate-dropped
sd_card_content/ir_extra_dbs/TVs/Toshiba/Toshiba_CT-9922.ir,sd_card_content/universal_ir/assets/TVs/Toshiba/Toshiba_CT-9922.ir,ir,TVs,duplicate-dropped
sd_card_content/ir_extra_dbs/TVs/Toshiba/Toshiba_Ct-8563.ir,sd_card_content/universal_ir/assets/TVs/Toshiba/Toshiba_Ct-8563.ir,ir,TVs,duplicate-dropped
sd_card_content/ir_extra_dbs/TVs/Toshiba/Toshiba_FireTV.ir,sd_card_content/universal_ir/assets/TVs/Toshiba/Toshiba_FireTV.ir,ir,TVs,duplicate-dropped
sd_card_content/ir_extra_dbs/TVs/Toshiba/Toshiba_SE_R0305_32CV100U.ir,sd_card_content/universal_ir/assets/TVs/Toshiba/Toshiba_SE_R0305_32CV100U.ir,ir,TVs,duplicate-dropped
sd_card_content/ir_extra_dbs/TVs/Toshiba/toshiba_firetv_v2.ir,sd_card_content/universal_ir/assets/TVs/Toshiba/toshiba_firetv_v2.ir,ir,TVs,duplicate-dropped
sd_card_content/ir_extra_dbs/TVs/United/United_tv.ir,sd_card_content/universal_ir/assets/TVs/United/United_tv.ir,ir,TVs,duplicate-dropped
sd_card_content/ir_extra_dbs/TVs/Viano/Viano_STV65UHD4K.ir,sd_card_content/universal_ir/assets/TVs/Viano/Viano_STV65UHD4K.ir,ir,TVs,duplicate-dropped
sd_card_content/ir_extra_dbs/TVs/ViewSonic/VIEWSONIC_A-00010219.ir,sd_card_content/universal_ir/assets/TVs/ViewSonic/VIEWSONIC_A-00010219.ir,ir,TVs,duplicate-dropped
sd_card_content/ir_extra_dbs/TVs/ViewSonic/ViewSonic_VT2645.ir,sd_card_content/universal_ir/assets/TVs/ViewSonic/ViewSonic_VT2645.ir,ir,TVs,duplicate-dropped
sd_card_content/ir_extra_dbs/TVs/ViewSonic/Viewsonic_RC52A_11.ir,sd_card_content/universal_ir/assets/TVs/ViewSonic/Viewsonic_RC52A_11.ir,ir,TVs,duplicate-dropped
sd_card_content/ir_extra_dbs/TVs/Viore/Viore_TV_LC37VF72.ir,sd_card_content/universal_ir/assets/TVs/Viore/Viore_TV_LC37VF72.ir,ir,TVs,duplicate-dropped
sd_card_content/ir_extra_dbs/TVs/Vitec/Vitec_Exterity_IPTV.ir,sd_card_content/universal_ir/assets/TVs/Vitec/Vitec_Exterity_IPTV.ir,ir,TVs,duplicate-dropped
sd_card_content/ir_extra_dbs/TVs/Vizio/Vizio.ir,sd_card_content/universal_ir/assets/TVs/Vizio/Vizio.ir,ir,TVs,duplicate-dropped
sd_card_content/ir_extra_dbs/TVs/Vizio/Vizio_D32FM-K01.ir,sd_card_content/universal_ir/assets/TVs/Vizio/Vizio_D32FM-K01.ir,ir,TVs,duplicate-dropped
sd_card_content/ir_extra_dbs/TVs/Vizio/Vizio_D43-C1.ir,sd_card_content/universal_ir/assets/TVs/Vizio/Vizio_D43-C1.ir,ir,TVs,duplicate-dropped
sd_card_content/ir_extra_dbs/TVs/Vizio/Vizio_E190VA_Razor.ir,sd_card_content/universal_ir/assets/TVs/Vizio/Vizio_E190VA_Razor.ir,ir,TVs,duplicate-dropped
sd_card_content/ir_extra_dbs/TVs/Vizio/Vizio_E70U-D3.ir,sd_card_content/universal_ir/assets/TVs/Vizio/Vizio_E70U-D3.ir,ir,TVs,duplicate-dropped
sd_card_content/ir_extra_dbs/TVs/Vizio/Vizio_M70Q6-J03.ir,sd_card_content/universal_ir/assets/TVs/Vizio/Vizio_M70Q6-J03.ir,ir,TVs,duplicate-dropped
sd_card_content/ir_extra_dbs/TVs/Vizio/Vizio_V405-H19.ir,sd_card_content/universal_ir/assets/TVs/Vizio/Vizio_V405-H19.ir,ir,TVs,duplicate-dropped
sd_card_content/ir_extra_dbs/TVs/Vizio/Vizio_V705-G1.ir,sd_card_content/universal_ir/assets/TVs/Vizio/Vizio_V705-G1.ir,ir,TVs,duplicate-dropped
sd_card_content/ir_extra_dbs/TVs/Vizio/Vizio_XRT122.ir,sd_card_content/universal_ir/assets/TVs/Vizio/Vizio_XRT122.ir,ir,TVs,duplicate-dropped
sd_card_content/ir_extra_dbs/TVs/Vizio/Vizio_XRT135.ir,sd_card_content/universal_ir/assets/TVs/Vizio/Vizio_XRT135.ir,ir,TVs,duplicate-dropped
sd_card_content/ir_extra_dbs/TVs/Vizio/Vizio_XRT136.ir,sd_card_content/universal_ir/assets/TVs/Vizio/Vizio_XRT136.ir,ir,TVs,duplicate-dropped
sd_card_content/ir_extra_dbs/TVs/Vizio/Vizio_XRT140R.ir,sd_card_content/universal_ir/assets/TVs/Vizio/Vizio_XRT140R.ir,ir,TVs,duplicate-dropped
sd_card_content/ir_extra_dbs/TVs/Vizio/Vizio_XRT150.ir,sd_card_content/universal_ir/assets/TVs/Vizio/Vizio_XRT150.ir,ir,TVs,duplicate-dropped
sd_card_content/ir_extra_dbs/TVs/Waltham/Waltham_WTHD3214B.ir,sd_card_content/universal_ir/assets/TVs/Waltham/Waltham_WTHD3214B.ir,ir,TVs,duplicate-dropped
sd_card_content/ir_extra_dbs/TVs/Watson/WATSON_FA3627T.ir,sd_card_content/universal_ir/assets/TVs/Watson/WATSON_FA3627T.ir,ir,TVs,duplicate-dropped
sd_card_content/ir_extra_dbs/TVs/Wbox/Wbox_TV.ir,sd_card_content/universal_ir/assets/TVs/Wbox/Wbox_TV.ir,ir,TVs,duplicate-dropped
sd_card_content/ir_extra_dbs/TVs/Xiaomi/Xiaomi_TV.ir,sd_card_content/universal_ir/assets/TVs/Xiaomi/Xiaomi_TV.ir,ir,TVs,duplicate-dropped
sd_card_content/ir_extra_dbs/TVs/Zenith/Zenith_SC3492Z.ir,sd_card_content/universal_ir/assets/TVs/Zenith/Zenith_SC3492Z.ir,ir,TVs,duplicate-dropped
sd_card_content/ir_extra_dbs/TVs/Zenith/Zenith_tv.ir,sd_card_content/universal_ir/assets/TVs/Zenith/Zenith_tv.ir,ir,TVs,duplicate-dropped
sd_card_content/subghz_extra_dbs/Garages/CAME_brute_force/12Bit/433.92Mhz/100/CAME_100_000.sub,sd_card_content/universal_rf/Garages/CAME_brute_force/12Bit/433.92Mhz/100/CAME_100_000.sub,rf,Garages,duplicate-dropped
sd_card_content/subghz_extra_dbs/Garages/CAME_brute_force/12Bit/433.92Mhz/100/CAME_100_001.sub,sd_card_content/universal_rf/Garages/CAME_brute_force/12Bit/433.92Mhz/100/CAME_100_001.sub,rf,Garages,duplicate-dropped
sd_card_content/subghz_extra_dbs/Garages/CAME_brute_force/12Bit/433.92Mhz/100/CAME_100_002.sub,sd_card_content/universal_rf/Garages/CAME_brute_force/12Bit/433.92Mhz/100/CAME_100_002.sub,rf,Garages,duplicate-dropped
sd_card_content/subghz_extra_dbs/Garages/CAME_brute_force/12Bit/433.92Mhz/100/CAME_100_003.sub,sd_card_content/universal_rf/Garages/CAME_brute_force/12Bit/433.92Mhz/100/CAME_100_003.sub,rf,Garages,duplicate-dropped
sd_card_content/subghz_extra_dbs/Garages/CAME_brute_force/12Bit/433.92Mhz/100/CAME_100_004.sub,sd_card_content/universal_rf/Garages/CAME_brute_force/12Bit/433.92Mhz/100/CAME_100_004.sub,rf,Garages,duplicate-dropped
sd_card_content/subghz_extra_dbs/Garages/CAME_brute_force/12Bit/433.92Mhz/100/CAME_100_005.sub,sd_card_content/universal_rf/Garages/CAME_brute_force/12Bit/433.92Mhz/100/CAME_100_005.sub,rf,Garages,duplicate-dropped
sd_card_content/subghz_extra_dbs/Garages/CAME_brute_force/12Bit/433.92Mhz/100/CAME_100_006.sub,sd_card_content/universal_rf/Garages/CAME_brute_force/12Bit/433.92Mhz/100/CAME_100_006.sub,rf,Garages,duplicate-dropped
sd_card_content/subghz_extra_dbs/Garages/CAME_brute_force/12Bit/433.92Mhz/100/CAME_100_007.sub,sd_card_content/universal_rf/Garages/CAME_brute_force/12Bit/433.92Mhz/100/CAME_100_007.sub,rf,Garages,duplicate-dropped
sd_card_content/subghz_extra_dbs/Garages/CAME_brute_force/12Bit/433.92Mhz/100/CAME_100_008.sub,sd_card_content/universal_rf/Garages/CAME_brute_force/12Bit/433.92Mhz/100/CAME_100_008.sub,rf,Garages,duplicate-dropped
sd_card_content/subghz_extra_dbs/Garages/CAME_brute_force/12Bit/433.92Mhz/100/CAME_100_009.sub,sd_card_content/universal_rf/Garages/CAME_brute_force/12Bit/433.92Mhz/100/CAME_100_009.sub,rf,Garages,duplicate-dropped
sd_card_content/subghz_extra_dbs/Garages/CAME_brute_force/12Bit/433.92Mhz/100/CAME_100_010.sub,sd_card_content/universal_rf/Garages/CAME_brute_force/12Bit/433.92Mhz/100/CAME_100_010.sub,rf,Garages,duplicate-dropped
sd_card_content/subghz_extra_dbs/Garages/CAME_brute_force/12Bit/433.92Mhz/100/CAME_100_011.sub,sd_card_content/universal_rf/Garages/CAME_brute_force/12Bit/433.92Mhz/100/CAME_100_011.sub,rf,Garages,duplicate-dropped
sd_card_content/subghz_extra_dbs/Garages/CAME_brute_force/12Bit/433.92Mhz/100/CAME_100_012.sub,sd_card_content/universal_rf/Garages/CAME_brute_force/12Bit/433.92Mhz/100/CAME_100_012.sub,rf,Garages,duplicate-dropped
sd_card_content/subghz_extra_dbs/Garages/CAME_brute_force/12Bit/433.92Mhz/100/CAME_100_013.sub,sd_card_content/universal_rf/Garages/CAME_brute_force/12Bit/433.92Mhz/100/CAME_100_013.sub,rf,Garages,duplicate-dropped
sd_card_content/subghz_extra_dbs/Garages/CAME_brute_force/12Bit/433.92Mhz/100/CAME_100_014.sub,sd_card_content/universal_rf/Garages/CAME_brute_force/12Bit/433.92Mhz/100/CAME_100_014.sub,rf,Garages,duplicate-dropped
sd_card_content/subghz_extra_dbs/Garages/CAME_brute_force/12Bit/433.92Mhz/100/CAME_100_015.sub,sd_card_content/universal_rf/Garages/CAME_brute_force/12Bit/433.92Mhz/100/CAME_100_015.sub,rf,Garages,duplicate-dropped
sd_card_content/subghz_extra_dbs/Garages/CAME_brute_force/12Bit/433.92Mhz/100/CAME_100_016.sub,sd_card_content/universal_rf/Garages/CAME_brute_force/12Bit/433.92Mhz/100/CAME_100_016.sub,rf,Garages,duplicate-dropped
sd_card_content/subghz_extra_dbs/Garages/CAME_brute_force/12Bit/433.92Mhz/100/CAME_100_017.sub,sd_card_content/universal_rf/Garages/CAME_brute_force/12Bit/433.92Mhz/100/CAME_100_017.sub,rf,Garages,duplicate-dropped
sd_card_content/subghz_extra_dbs/Garages/CAME_brute_force/12Bit/433.92Mhz/100/CAME_100_018.sub,sd_card_content/universal_rf/Garages/CAME_brute_force/12Bit/433.92Mhz/100/CAME_100_018.sub,rf,Garages,duplicate-dropped
sd_card_content/subghz_extra_dbs/Garages/CAME_brute_force/12Bit/433.92Mhz/100/CAME_100_019.sub,sd_card_content/universal_rf/Garages/CAME_brute_force/12Bit/433.92Mhz/100/CAME_100_019.sub,rf,Garages,duplicate-dropped
sd_card_content/subghz_extra_dbs/Garages/CAME_brute_force/12Bit/433.92Mhz/100/CAME_100_020.sub,sd_card_content/universal_rf/Garages/CAME_brute_force/12Bit/433.92Mhz/100/CAME_100_020.sub,rf,Garages,duplicate-dropped
sd_card_content/subghz_extra_dbs/Garages/CAME_brute_force/12Bit/433.92Mhz/100/CAME_100_021.sub,sd_card_content/universal_rf/Garages/CAME_brute_force/12Bit/433.92Mhz/100/CAME_100_021.sub,rf,Garages,duplicate-dropped
sd_card_content/subghz_extra_dbs/Garages/CAME_brute_force/12Bit/433.92Mhz/100/CAME_100_022.sub,sd_card_content/universal_rf/Garages/CAME_brute_force/12Bit/433.92Mhz/100/CAME_100_022.sub,rf,Garages,duplicate-dropped
sd_card_content/subghz_extra_dbs/Garages/CAME_brute_force/12Bit/433.92Mhz/100/CAME_100_023.sub,sd_card_content/universal_rf/Garages/CAME_brute_force/12Bit/433.92Mhz/100/CAME_100_023.sub,rf,Garages,duplicate-dropped
sd_card_content/subghz_extra_dbs/Garages/CAME_brute_force/12Bit/433.92Mhz/100/CAME_100_024.sub,sd_card_content/universal_rf/Garages/CAME_brute_force/12Bit/433.92Mhz/100/CAME_100_024.sub,rf,Garages,duplicate-dropped
sd_card_content/subghz_extra_dbs/Garages/CAME_brute_force/12Bit/433.92Mhz/100/CAME_100_025.sub,sd_card_content/universal_rf/Garages/CAME_brute_force/12Bit/433.92Mhz/100/CAME_100_025.sub,rf,Garages,duplicate-dropped
sd_card_content/subghz_extra_dbs/Garages/CAME_brute_force/12Bit/433.92Mhz/100/CAME_100_026.sub,sd_card_content/universal_rf/Garages/CAME_brute_force/12Bit/433.92Mhz/100/CAME_100_026.sub,rf,Garages,duplicate-dropped
sd_card_content/subghz_extra_dbs/Garages/CAME_brute_force/12Bit/433.92Mhz/100/CAME_100_027.sub,sd_card_content/universal_rf/Garages/CAME_brute_force/12Bit/433.92Mhz/100/CAME_100_027.sub,rf,Garages,duplicate-dropped
sd_card_content/subghz_extra_dbs/Garages/CAME_brute_force/12Bit/433.92Mhz/100/CAME_100_028.sub,sd_card_content/universal_rf/Garages/CAME_brute_force/12Bit/433.92Mhz/100/CAME_100_028.sub,rf,Garages,duplicate-dropped
sd_card_content/subghz_extra_dbs/Garages/CAME_brute_force/12Bit/433.92Mhz/100/CAME_100_029.sub,sd_card_content/universal_rf/Garages/CAME_brute_force/12Bit/433.92Mhz/100/CAME_100_029.sub,rf,Garages,duplicate-dropped
sd_card_content/subghz_extra_dbs/Garages/CAME_brute_force/12Bit/433.92Mhz/100/CAME_100_030.sub,sd_card_content/universal_rf/Garages/CAME_brute_force/12Bit/433.92Mhz/100/CAME_100_030.sub,rf,Garages,duplicate-dropped
sd_card_content/subghz_extra_dbs/Garages/CAME_brute_force/12Bit/433.92Mhz/100/CAME_100_031.sub,sd_card_content/universal_rf/Garages/CAME_brute_force/12Bit/433.92Mhz/100/CAME_100_031.sub,rf,Garages,duplicate-dropped
sd_card_content/subghz_extra_dbs/Garages/CAME_brute_force/12Bit/433.92Mhz/100/CAME_100_032.sub,sd_card_content/universal_rf/Garages/CAME_brute_force/12Bit/433.92Mhz/100/CAME_100_032.sub,rf,Garages,duplicate-dropped
sd_card_content/subghz_extra_dbs/Garages/CAME_brute_force/12Bit/433.92Mhz/100/CAME_100_033.sub,sd_card_content/universal_rf/Garages/CAME_brute_force/12Bit/433.92Mhz/100/CAME_100_033.sub,rf,Garages,duplicate-dropped
sd_card_content/subghz_extra_dbs/Garages/CAME_brute_force/12Bit/433.92Mhz/100/CAME_100_034.sub,sd_card_content/universal_rf/Garages/CAME_brute_force/12Bit/433.92Mhz/100/CAME_100_034.sub,rf,Garages,duplicate-dropped
sd_card_content/subghz_extra_dbs/Garages/CAME_brute_force/12Bit/433.92Mhz/100/CAME_100_035.sub,sd_card_content/universal_rf/Garages/CAME_brute_force/12Bit/433.92Mhz/100/CAME_100_035.sub,rf,Garages,duplicate-dropped
sd_card_content/subghz_extra_dbs/Garages/CAME_brute_force/12Bit/433.92Mhz/100/CAME_100_036.sub,sd_card_content/universal_rf/Garages/CAME_brute_force/12Bit/433.92Mhz/100/CAME_100_036.sub,rf,Garages,duplicate-dropped
sd_card_content/subghz_extra_dbs/Garages/CAME_brute_force/12Bit/433.92Mhz/100/CAME_100_037.sub,sd_card_content/universal_rf/Garages/CAME_brute_force/12Bit/433.92Mhz/100/CAME_100_037.sub,rf,Garages,duplicate-dropped
sd_card_content/subghz_extra_dbs/Garages/CAME_brute_force/12Bit/433.92Mhz/100/CAME_100_038.sub,sd_card_content/universal_rf/Garages/CAME_brute_force/12Bit/433.92Mhz/100/CAME_100_038.sub,rf,Garages,duplicate-dropped
sd_card_content/subghz_extra_dbs/Garages/CAME_brute_force/12Bit/433.92Mhz/100/CAME_100_039.sub,sd_card_content/universal_rf/Garages/CAME_brute_force/12Bit/433.92Mhz/100/CAME_100_039.sub,rf,Garages,duplicate-dropped
sd_card_content/subghz_extra_dbs/Garages/CAME_brute_force/12Bit/433.92Mhz/100/CAME_100_040.sub,sd_card_content/universal_rf/Garages/CAME_brute_force/12Bit/433.92Mhz/100/CAME_100_040.sub,rf,Garages,duplicate-dropped
sd_card_content/subghz_extra_dbs/Garages/CAME_brute_force/12Bit/433.92Mhz/500/CAME_500_000.sub,sd_card_content/universal_rf/Garages/CAME_brute_force/12Bit/433.92Mhz/500/CAME_500_000.sub,rf,Garages,duplicate-dropped
sd_card_content/subghz_extra_dbs/Garages/CAME_brute_force/12Bit/433.92Mhz/500/CAME_500_001.sub,sd_card_content/universal_rf/Garages/CAME_brute_force/12Bit/433.92Mhz/500/CAME_500_001.sub,rf,Garages,duplicate-dropped
sd_card_content/subghz_extra_dbs/Garages/CAME_brute_force/12Bit/433.92Mhz/500/CAME_500_002.sub,sd_card_content/universal_rf/Garages/CAME_brute_force/12Bit/433.92Mhz/500/CAME_500_002.sub,rf,Garages,duplicate-dropped
sd_card_content/subghz_extra_dbs/Garages/CAME_brute_force/12Bit/433.92Mhz/500/CAME_500_003.sub,sd_card_content/universal_rf/Garages/CAME_brute_force/12Bit/433.92Mhz/500/CAME_500_003.sub,rf,Garages,duplicate-dropped
sd_card_content/subghz_extra_dbs/Garages/CAME_brute_force/12Bit/433.92Mhz/500/CAME_500_004.sub,sd_card_content/universal_rf/Garages/CAME_brute_force/12Bit/433.92Mhz/500/CAME_500_004.sub,rf,Garages,duplicate-dropped
sd_card_content/subghz_extra_dbs/Garages/CAME_brute_force/12Bit/433.92Mhz/500/CAME_500_005.sub,sd_card_content/universal_rf/Garages/CAME_brute_force/12Bit/433.92Mhz/500/CAME_500_005.sub,rf,Garages,duplicate-dropped
sd_card_content/subghz_extra_dbs/Garages/CAME_brute_force/12Bit/433.92Mhz/500/CAME_500_006.sub,sd_card_content/universal_rf/Garages/CAME_brute_force/12Bit/433.92Mhz/500/CAME_500_006.sub,rf,Garages,duplicate-dropped
sd_card_content/subghz_extra_dbs/Garages/CAME_brute_force/12Bit/433.92Mhz/500/CAME_500_007.sub,sd_card_content/universal_rf/Garages/CAME_brute_force/12Bit/433.92Mhz/500/CAME_500_007.sub,rf,Garages,duplicate-dropped
sd_card_content/subghz_extra_dbs/Garages/CAME_brute_force/12Bit/868.35Mhz/100/CAME_100_000.sub,sd_card_content/universal_rf/Garages/CAME_brute_force/12Bit/868.35Mhz/100/CAME_100_000.sub,rf,Garages,duplicate-dropped
sd_card_content/subghz_extra_dbs/Garages/CAME_brute_force/12Bit/868.35Mhz/100/CAME_100_001.sub,sd_card_content/universal_rf/Garages/CAME_brute_force/12Bit/868.35Mhz/100/CAME_100_001.sub,rf,Garages,duplicate-dropped
sd_card_content/subghz_extra_dbs/Garages/CAME_brute_force/12Bit/868.35Mhz/100/CAME_100_002.sub,sd_card_content/universal_rf/Garages/CAME_brute_force/12Bit/868.35Mhz/100/CAME_100_002.sub,rf,Garages,duplicate-dropped
sd_card_content/subghz_extra_dbs/Garages/CAME_brute_force/12Bit/868.35Mhz/100/CAME_100_003.sub,sd_card_content/universal_rf/Garages/CAME_brute_force/12Bit/868.35Mhz/100/CAME_100_003.sub,rf,Garages,duplicate-dropped
sd_card_content/subghz_extra_dbs/Garages/CAME_brute_force/12Bit/868.35Mhz/100/CAME_100_004.sub,sd_card_content/universal_rf/Garages/CAME_brute_force/12Bit/868.35Mhz/100/CAME_100_004.sub,rf,Garages,duplicate-dropped
sd_card_content/subghz_extra_dbs/Garages/CAME_brute_force/12Bit/868.35Mhz/100/CAME_100_005.sub,sd_card_content/universal_rf/Garages/CAME_brute_force/12Bit/868.35Mhz/100/CAME_100_005.sub,rf,Garages,duplicate-dropped
sd_card_content/subghz_extra_dbs/Garages/CAME_brute_force/12Bit/868.35Mhz/100/CAME_100_006.sub,sd_card_content/universal_rf/Garages/CAME_brute_force/12Bit/868.35Mhz/100/CAME_100_006.sub,rf,Garages,duplicate-dropped
sd_card_content/subghz_extra_dbs/Garages/CAME_brute_force/12Bit/868.35Mhz/100/CAME_100_007.sub,sd_card_content/universal_rf/Garages/CAME_brute_force/12Bit/868.35Mhz/100/CAME_100_007.sub,rf,Garages,duplicate-dropped
sd_card_content/subghz_extra_dbs/Garages/CAME_brute_force/12Bit/868.35Mhz/100/CAME_100_008.sub,sd_card_content/universal_rf/Garages/CAME_brute_force/12Bit/868.35Mhz/100/CAME_100_008.sub,rf,Garages,duplicate-dropped
sd_card_content/subghz_extra_dbs/Garages/CAME_brute_force/12Bit/868.35Mhz/100/CAME_100_009.sub,sd_card_content/universal_rf/Garages/CAME_brute_force/12Bit/868.35Mhz/100/CAME_100_009.sub,rf,Garages,duplicate-dropped
sd_card_content/subghz_extra_dbs/Garages/CAME_brute_force/12Bit/868.35Mhz/100/CAME_100_010.sub,sd_card_content/universal_rf/Garages/CAME_brute_force/12Bit/868.35Mhz/100/CAME_100_010.sub,rf,Garages,duplicate-dropped
sd_card_content/subghz_extra_dbs/Garages/CAME_brute_force/12Bit/868.35Mhz/100/CAME_100_011.sub,sd_card_content/universal_rf/Garages/CAME_brute_force/12Bit/868.35Mhz/100/CAME_100_011.sub,rf,Garages,duplicate-dropped
sd_card_content/subghz_extra_dbs/Garages/CAME_brute_force/12Bit/868.35Mhz/100/CAME_100_012.sub,sd_card_content/universal_rf/Garages/CAME_brute_force/12Bit/868.35Mhz/100/CAME_100_012.sub,rf,Garages,duplicate-dropped
sd_card_content/subghz_extra_dbs/Garages/CAME_brute_force/12Bit/868.35Mhz/100/CAME_100_013.sub,sd_card_content/universal_rf/Garages/CAME_brute_force/12Bit/868.35Mhz/100/CAME_100_013.sub,rf,Garages,duplicate-dropped
sd_card_content/subghz_extra_dbs/Garages/CAME_brute_force/12Bit/868.35Mhz/100/CAME_100_014.sub,sd_card_content/universal_rf/Garages/CAME_brute_force/12Bit/868.35Mhz/100/CAME_100_014.sub,rf,Garages,duplicate-dropped
sd_card_content/subghz_extra_dbs/Garages/CAME_brute_force/12Bit/868.35Mhz/100/CAME_100_015.sub,sd_card_content/universal_rf/Garages/CAME_brute_force/12Bit/868.35Mhz/100/CAME_100_015.sub,rf,Garages,duplicate-dropped
sd_card_content/subghz_extra_dbs/Garages/CAME_brute_force/12Bit/868.35Mhz/100/CAME_100_016.sub,sd_card_content/universal_rf/Garages/CAME_brute_force/12Bit/868.35Mhz/100/CAME_100_016.sub,rf,Garages,duplicate-dropped
sd_card_content/subghz_extra_dbs/Garages/CAME_brute_force/12Bit/868.35Mhz/100/CAME_100_017.sub,sd_card_content/universal_rf/Garages/CAME_brute_force/12Bit/868.35Mhz/100/CAME_100_017.sub,rf,Garages,duplicate-dropped
sd_card_content/subghz_extra_dbs/Garages/CAME_brute_force/12Bit/868.35Mhz/100/CAME_100_018.sub,sd_card_content/universal_rf/Garages/CAME_brute_force/12Bit/868.35Mhz/100/CAME_100_018.sub,rf,Garages,duplicate-dropped
sd_card_content/subghz_extra_dbs/Garages/CAME_brute_force/12Bit/868.35Mhz/100/CAME_100_019.sub,sd_card_content/universal_rf/Garages/CAME_brute_force/12Bit/868.35Mhz/100/CAME_100_019.sub,rf,Garages,duplicate-dropped
sd_card_content/subghz_extra_dbs/Garages/CAME_brute_force/12Bit/868.35Mhz/100/CAME_100_020.sub,sd_card_content/universal_rf/Garages/CAME_brute_force/12Bit/868.35Mhz/100/CAME_100_020.sub,rf,Garages,duplicate-dropped
sd_card_content/subghz_extra_dbs/Garages/CAME_brute_force/12Bit/868.35Mhz/100/CAME_100_021.sub,sd_card_content/universal_rf/Garages/CAME_brute_force/12Bit/868.35Mhz/100/CAME_100_021.sub,rf,Garages,duplicate-dropped
sd_card_content/subghz_extra_dbs/Garages/CAME_brute_force/12Bit/868.35Mhz/100/CAME_100_022.sub,sd_card_content/universal_rf/Garages/CAME_brute_force/12Bit/868.35Mhz/100/CAME_100_022.sub,rf,Garages,duplicate-dropped
sd_card_content/subghz_extra_dbs/Garages/CAME_brute_force/12Bit/868.35Mhz/100/CAME_100_023.sub,sd_card_content/universal_rf/Garages/CAME_brute_force/12Bit/868.35Mhz/100/CAME_100_023.sub,rf,Garages,duplicate-dropped
sd_card_content/subghz_extra_dbs/Garages/CAME_brute_force/12Bit/868.35Mhz/100/CAME_100_024.sub,sd_card_content/universal_rf/Garages/CAME_brute_force/12Bit/868.35Mhz/100/CAME_100_024.sub,rf,Garages,duplicate-dropped
sd_card_content/subghz_extra_dbs/Garages/CAME_brute_force/12Bit/868.35Mhz/100/CAME_100_025.sub,sd_card_content/universal_rf/Garages/CAME_brute_force/12Bit/868.35Mhz/100/CAME_100_025.sub,rf,Garages,duplicate-dropped
sd_card_content/subghz_extra_dbs/Garages/CAME_brute_force/12Bit/868.35Mhz/100/CAME_100_026.sub,sd_card_content/universal_rf/Garages/CAME_brute_force/12Bit/868.35Mhz/100/CAME_100_026.sub,rf,Garages,duplicate-dropped
sd_card_content/subghz_extra_dbs/Garages/CAME_brute_force/12Bit/868.35Mhz/100/CAME_100_027.sub,sd_card_content/universal_rf/Garages/CAME_brute_force/12Bit/868.35Mhz/100/CAME_100_027.sub,rf,Garages,duplicate-dropped
sd_card_content/subghz_extra_dbs/Garages/CAME_brute_force/12Bit/868.35Mhz/100/CAME_100_028.sub,sd_card_content/universal_rf/Garages/CAME_brute_force/12Bit/868.35Mhz/100/CAME_100_028.sub,rf,Garages,duplicate-dropped
sd_card_content/subghz_extra_dbs/Garages/CAME_brute_force/12Bit/868.35Mhz/100/CAME_100_029.sub,sd_card_content/universal_rf/Garages/CAME_brute_force/12Bit/868.35Mhz/100/CAME_100_029.sub,rf,Garages,duplicate-dropped
sd_card_content/subghz_extra_dbs/Garages/CAME_brute_force/12Bit/868.35Mhz/100/CAME_100_030.sub,sd_card_content/universal_rf/Garages/CAME_brute_force/12Bit/868.35Mhz/100/CAME_100_030.sub,rf,Garages,duplicate-dropped
sd_card_content/subghz_extra_dbs/Garages/CAME_brute_force/12Bit/868.35Mhz/100/CAME_100_031.sub,sd_card_content/universal_rf/Garages/CAME_brute_force/12Bit/868.35Mhz/100/CAME_100_031.sub,rf,Garages,duplicate-dropped
sd_card_content/subghz_extra_dbs/Garages/CAME_brute_force/12Bit/868.35Mhz/100/CAME_100_032.sub,sd_card_content/universal_rf/Garages/CAME_brute_force/12Bit/868.35Mhz/100/CAME_100_032.sub,rf,Garages,duplicate-dropped
sd_card_content/subghz_extra_dbs/Garages/CAME_brute_force/12Bit/868.35Mhz/100/CAME_100_033.sub,sd_card_content/universal_rf/Garages/CAME_brute_force/12Bit/868.35Mhz/100/CAME_100_033.sub,rf,Garages,duplicate-dropped
sd_card_content/subghz_extra_dbs/Garages/CAME_brute_force/12Bit/868.35Mhz/100/CAME_100_034.sub,sd_card_content/universal_rf/Garages/CAME_brute_force/12Bit/868.35Mhz/100/CAME_100_034.sub,rf,Garages,duplicate-dropped
sd_card_content/subghz_extra_dbs/Garages/CAME_brute_force/12Bit/868.35Mhz/100/CAME_100_035.sub,sd_card_content/universal_rf/Garages/CAME_brute_force/12Bit/868.35Mhz/100/CAME_100_035.sub,rf,Garages,duplicate-dropped
sd_card_content/subghz_extra_dbs/Garages/CAME_brute_force/12Bit/868.35Mhz/100/CAME_100_036.sub,sd_card_content/universal_rf/Garages/CAME_brute_force/12Bit/868.35Mhz/100/CAME_100_036.sub,rf,Garages,duplicate-dropped
sd_card_content/subghz_extra_dbs/Garages/CAME_brute_force/12Bit/868.35Mhz/100/CAME_100_037.sub,sd_card_content/universal_rf/Garages/CAME_brute_force/12Bit/868.35Mhz/100/CAME_100_037.sub,rf,Garages,duplicate-dropped
sd_card_content/subghz_extra_dbs/Garages/CAME_brute_force/12Bit/868.35Mhz/100/CAME_100_038.sub,sd_card_content/universal_rf/Garages/CAME_brute_force/12Bit/868.35Mhz/100/CAME_100_038.sub,rf,Garages,duplicate-dropped
sd_card_content/subghz_extra_dbs/Garages/CAME_brute_force/12Bit/868.35Mhz/100/CAME_100_039.sub,sd_card_content/universal_rf/Garages/CAME_brute_force/12Bit/868.35Mhz/100/CAME_100_039.sub,rf,Garages,duplicate-dropped
sd_card_content/subghz_extra_dbs/Garages/CAME_brute_force/12Bit/868.35Mhz/100/CAME_100_040.sub,sd_card_content/universal_rf/Garages/CAME_brute_force/12Bit/868.35Mhz/100/CAME_100_040.sub,rf,Garages,duplicate-dropped
sd_card_content/subghz_extra_dbs/Garages/CAME_brute_force/12Bit/868.35Mhz/500/CAME_500_000.sub,sd_card_content/universal_rf/Garages/CAME_brute_force/12Bit/868.35Mhz/500/CAME_500_000.sub,rf,Garages,duplicate-dropped
sd_card_content/subghz_extra_dbs/Garages/CAME_brute_force/12Bit/868.35Mhz/500/CAME_500_001.sub,sd_card_content/universal_rf/Garages/CAME_brute_force/12Bit/868.35Mhz/500/CAME_500_001.sub,rf,Garages,duplicate-dropped
sd_card_content/subghz_extra_dbs/Garages/CAME_brute_force/12Bit/868.35Mhz/500/CAME_500_002.sub,sd_card_content/universal_rf/Garages/CAME_brute_force/12Bit/868.35Mhz/500/CAME_500_002.sub,rf,Garages,duplicate-dropped
sd_card_content/subghz_extra_dbs/Garages/CAME_brute_force/12Bit/868.35Mhz/500/CAME_500_003.sub,sd_card_content/universal_rf/Garages/CAME_brute_force/12Bit/868.35Mhz/500/CAME_500_003.sub,rf,Garages,duplicate-dropped
sd_card_content/subghz_extra_dbs/Garages/CAME_brute_force/12Bit/868.35Mhz/500/CAME_500_004.sub,sd_card_content/universal_rf/Garages/CAME_brute_force/12Bit/868.35Mhz/500/CAME_500_004.sub,rf,Garages,duplicate-dropped
sd_card_content/subghz_extra_dbs/Garages/CAME_brute_force/12Bit/868.35Mhz/500/CAME_500_005.sub,sd_card_content/universal_rf/Garages/CAME_brute_force/12Bit/868.35Mhz/500/CAME_500_005.sub,rf,Garages,duplicate-dropped
sd_card_content/subghz_extra_dbs/Garages/CAME_brute_force/12Bit/868.35Mhz/500/CAME_500_006.sub,sd_card_content/universal_rf/Garages/CAME_brute_force/12Bit/868.35Mhz/500/CAME_500_006.sub,rf,Garages,duplicate-dropped
sd_card_content/subghz_extra_dbs/Garages/CAME_brute_force/12Bit/868.35Mhz/500/CAME_500_007.sub,sd_card_content/universal_rf/Garages/CAME_brute_force/12Bit/868.35Mhz/500/CAME_500_007.sub,rf,Garages,duplicate-dropped
sd_card_content/subghz_extra_dbs/Garages/LiftMaster/LiftMaster_433MHz.sub,sd_card_content/universal_rf/Garages/LiftMaster/LiftMaster_433MHz.sub,rf,Garages,duplicate-dropped
sd_card_content/subghz_extra_dbs/Garages/Security_2.0/7359/893LM_7359_1.sub,sd_card_content/universal_rf/Garages/Security_2.0/7359/893LM_7359_1.sub,rf,Garages,duplicate-dropped
sd_card_content/subghz_extra_dbs/Garages/Security_2.0/7359/893LM_7359_2.sub,sd_card_content/universal_rf/Garages/Security_2.0/7359/893LM_7359_2.sub,rf,Garages,duplicate-dropped
sd_card_content/subghz_extra_dbs/Garages/Security_2.0/7359/893LM_7539_3.sub,sd_card_content/universal_rf/Garages/Security_2.0/7359/893LM_7539_3.sub,rf,Garages,duplicate-dropped
sd_card_content/subghz_extra_dbs/Garages/Security_2.0/7359/Raw/891LM_7359_raw.sub,sd_card_content/universal_rf/Garages/Security_2.0/7359/Raw/891LM_7359_raw.sub,rf,Garages,duplicate-dropped
sd_card_content/subghz_extra_dbs/Garages/Security_2.0/7359/Raw/893LM_7359_r_1.1.sub,sd_card_content/universal_rf/Garages/Security_2.0/7359/Raw/893LM_7359_r_1.1.sub,rf,Garages,duplicate-dropped
sd_card_content/subghz_extra_dbs/Garages/Security_2.0/7359/Raw/893LM_7359_r_1.2.sub,sd_card_content/universal_rf/Garages/Security_2.0/7359/Raw/893LM_7359_r_1.2.sub,rf,Garages,duplicate-dropped
sd_card_content/subghz_extra_dbs/Garages/Security_2.0/7359/Raw/893LM_7359_r_1.3.sub,sd_card_content/universal_rf/Garages/Security_2.0/7359/Raw/893LM_7359_r_1.3.sub,rf,Garages,duplicate-dropped
sd_card_content/subghz_extra_dbs/Garages/Security_2.0/7359/Raw/893LM_7359_raw2.sub,sd_card_content/universal_rf/Garages/Security_2.0/7359/Raw/893LM_7359_raw2.sub,rf,Garages,duplicate-dropped
sd_card_content/subghz_extra_dbs/Garages/Security_2.0/7922/Raw/2668A_315.sub,sd_card_content/universal_rf/Garages/Security_2.0/7922/Raw/2668A_315.sub,rf,Garages,duplicate-dropped
sd_card_content/subghz_extra_dbs/Garages/Security_2.0/7964/893MAX_7964.sub,sd_card_content/universal_rf/Garages/Security_2.0/7964/893MAX_7964.sub,rf,Garages,duplicate-dropped
sd_card_content/subghz_extra_dbs/Garages/Security_2.0/7964/raw/893MAX_7964_raw.sub,sd_card_content/universal_rf/Garages/Security_2.0/7964/raw/893MAX_7964_raw.sub,rf,Garages,duplicate-dropped
sd_card_content/subghz_extra_dbs/Garages/deBruijn/EU_Edition/Binary/deBruijn433AllBit-EU.sub,sd_card_content/universal_rf/Garages/deBruijn/EU_Edition/Binary/deBruijn433AllBit-EU.sub,rf,Garages,duplicate-dropped
sd_card_content/subghz_extra_dbs/Garages/deBruijn/EU_Edition/Binary/deBruijn868AllBit-EU.sub,sd_card_content/universal_rf/Garages/deBruijn/EU_Edition/Binary/deBruijn868AllBit-EU.sub,rf,Garages,duplicate-dropped
sd_card_content/subghz_extra_dbs/Garages/deBruijn/EU_Edition/Open_Sesame/10bit-433mhz-EU.sub,sd_card_content/universal_rf/Garages/deBruijn/EU_Edition/Open_Sesame/10bit-433mhz-EU.sub,rf,Garages,duplicate-dropped
sd_card_content/subghz_extra_dbs/Garages/deBruijn/EU_Edition/Open_Sesame/10bit-868mhz-EU.sub,sd_card_content/universal_rf/Garages/deBruijn/EU_Edition/Open_Sesame/10bit-868mhz-EU.sub,rf,Garages,duplicate-dropped
sd_card_content/subghz_extra_dbs/Garages/deBruijn/EU_Edition/Open_Sesame/9bit-433mhz-EU.sub,sd_card_content/universal_rf/Garages/deBruijn/EU_Edition/Open_Sesame/9bit-433mhz-EU.sub,rf,Garages,duplicate-dropped
sd_card_content/subghz_extra_dbs/Garages/deBruijn/EU_Edition/Open_Sesame/9bit-868mhz-EU.sub,sd_card_content/universal_rf/Garages/deBruijn/EU_Edition/Open_Sesame/9bit-868mhz-EU.sub,rf,Garages,duplicate-dropped
sd_card_content/subghz_extra_dbs/Garages/deBruijn/EU_Edition/Raw/Db10-433MHz-EU.sub,sd_card_content/universal_rf/Garages/deBruijn/EU_Edition/Raw/Db10-433MHz-EU.sub,rf,Garages,duplicate-dropped
sd_card_content/subghz_extra_dbs/Garages/deBruijn/EU_Edition/Raw/Db10-868MHz-EU.sub,sd_card_content/universal_rf/Garages/deBruijn/EU_Edition/Raw/Db10-868MHz-EU.sub,rf,Garages,duplicate-dropped
sd_card_content/subghz_extra_dbs/Garages/deBruijn/EU_Edition/Raw/Db11-433MHz-EU.sub,sd_card_content/universal_rf/Garages/deBruijn/EU_Edition/Raw/Db11-433MHz-EU.sub,rf,Garages,duplicate-dropped
sd_card_content/subghz_extra_dbs/Garages/deBruijn/EU_Edition/Raw/Db11-868MHz-EU.sub,sd_card_content/universal_rf/Garages/deBruijn/EU_Edition/Raw/Db11-868MHz-EU.sub,rf,Garages,duplicate-dropped
sd_card_content/subghz_extra_dbs/Garages/deBruijn/EU_Edition/Raw/Db8-433MHz-EU.sub,sd_card_content/universal_rf/Garages/deBruijn/EU_Edition/Raw/Db8-433MHz-EU.sub,rf,Garages,duplicate-dropped
sd_card_content/subghz_extra_dbs/Garages/deBruijn/EU_Edition/Raw/Db8-868MHz-EU.sub,sd_card_content/universal_rf/Garages/deBruijn/EU_Edition/Raw/Db8-868MHz-EU.sub,rf,Garages,duplicate-dropped
sd_card_content/subghz_extra_dbs/Garages/deBruijn/EU_Edition/Raw/Db8-EU.sub,sd_card_content/universal_rf/Garages/deBruijn/EU_Edition/Raw/Db8-EU.sub,rf,Garages,duplicate-dropped
sd_card_content/subghz_extra_dbs/Garages/deBruijn/EU_Edition/Raw/Db9-433MHz-EU.sub,sd_card_content/universal_rf/Garages/deBruijn/EU_Edition/Raw/Db9-433MHz-EU.sub,rf,Garages,duplicate-dropped
sd_card_content/subghz_extra_dbs/Garages/deBruijn/EU_Edition/Raw/Db9-868MHz-EU.sub,sd_card_content/universal_rf/Garages/deBruijn/EU_Edition/Raw/Db9-868MHz-EU.sub,rf,Garages,duplicate-dropped
sd_card_content/subghz_extra_dbs/Gates/Bruteforcing/SMC5326_UNILARM_PT2260/raw_sample/pt2260_button_close.sub,sd_card_content/universal_rf/Gates/Bruteforcing/SMC5326_UNILARM_PT2260/raw_sample/pt2260_button_close.sub,rf,Gates,duplicate-dropped
sd_card_content/subghz_extra_dbs/Gates/Bruteforcing/SMC5326_UNILARM_PT2260/raw_sample/pt2260_button_lock.sub,sd_card_content/universal_rf/Gates/Bruteforcing/SMC5326_UNILARM_PT2260/raw_sample/pt2260_button_lock.sub,rf,Gates,duplicate-dropped
sd_card_content/subghz_extra_dbs/Gates/Bruteforcing/SMC5326_UNILARM_PT2260/raw_sample/pt2260_button_open.sub,sd_card_content/universal_rf/Gates/Bruteforcing/SMC5326_UNILARM_PT2260/raw_sample/pt2260_button_open.sub,rf,Gates,duplicate-dropped
sd_card_content/subghz_extra_dbs/Gates/Bruteforcing/SMC5326_UNILARM_PT2260/raw_sample/pt2260_button_stop.sub,sd_card_content/universal_rf/Gates/Bruteforcing/SMC5326_UNILARM_PT2260/raw_sample/pt2260_button_stop.sub,rf,Gates,duplicate-dropped
sd_card_content/subghz_extra_dbs/Gates/Bruteforcing/SMC5326_UNILARM_PT2260/raw_sample/smc5326_button1.sub,sd_card_content/universal_rf/Gates/Bruteforcing/SMC5326_UNILARM_PT2260/raw_sample/smc5326_button1.sub,rf,Gates,duplicate-dropped
sd_card_content/subghz_extra_dbs/Gates/Bruteforcing/SMC5326_UNILARM_PT2260/raw_sample/smc5326_button2.sub,sd_card_content/universal_rf/Gates/Bruteforcing/SMC5326_UNILARM_PT2260/raw_sample/smc5326_button2.sub,rf,Gates,duplicate-dropped
sd_card_content/subghz_extra_dbs/Gates/Bruteforcing/SMC5326_UNILARM_PT2260/raw_sample/unilarm_button1.sub,sd_card_content/universal_rf/Gates/Bruteforcing/SMC5326_UNILARM_PT2260/raw_sample/unilarm_button1.sub,rf,Gates,duplicate-dropped
sd_card_content/subghz_extra_dbs/Gates/Bruteforcing/SMC5326_UNILARM_PT2260/raw_sample/unilarm_button2.sub,sd_card_content/universal_rf/Gates/Bruteforcing/SMC5326_UNILARM_PT2260/raw_sample/unilarm_button2.sub,rf,Gates,duplicate-dropped
sd_card_content/subghz_extra_dbs/Gates/CAMEbruteforcer-main/100/output1.sub,sd_card_content/universal_rf/Gates/CAMEbruteforcer-main/100/output1.sub,rf,Gates,duplicate-dropped
sd_card_content/subghz_extra_dbs/Gates/CAMEbruteforcer-main/100/output10.sub,sd_card_content/universal_rf/Gates/CAMEbruteforcer-main/100/output10.sub,rf,Gates,duplicate-dropped
sd_card_content/subghz_extra_dbs/Gates/CAMEbruteforcer-main/100/output11.sub,sd_card_content/universal_rf/Gates/CAMEbruteforcer-main/100/output11.sub,rf,Gates,duplicate-dropped
sd_card_content/subghz_extra_dbs/Gates/CAMEbruteforcer-main/100/output12.sub,sd_card_content/universal_rf/Gates/CAMEbruteforcer-main/100/output12.sub,rf,Gates,duplicate-dropped
sd_card_content/subghz_extra_dbs/Gates/CAMEbruteforcer-main/100/output13.sub,sd_card_content/universal_rf/Gates/CAMEbruteforcer-main/100/output13.sub,rf,Gates,duplicate-dropped
sd_card_content/subghz_extra_dbs/Gates/CAMEbruteforcer-main/100/output14.sub,sd_card_content/universal_rf/Gates/CAMEbruteforcer-main/100/output14.sub,rf,Gates,duplicate-dropped
sd_card_content/subghz_extra_dbs/Gates/CAMEbruteforcer-main/100/output15.sub,sd_card_content/universal_rf/Gates/CAMEbruteforcer-main/100/output15.sub,rf,Gates,duplicate-dropped
sd_card_content/subghz_extra_dbs/Gates/CAMEbruteforcer-main/100/output16.sub,sd_card_content/universal_rf/Gates/CAMEbruteforcer-main/100/output16.sub,rf,Gates,duplicate-dropped
sd_card_content/subghz_extra_dbs/Gates/CAMEbruteforcer-main/100/output17.sub,sd_card_content/universal_rf/Gates/CAMEbruteforcer-main/100/output17.sub,rf,Gates,duplicate-dropped
sd_card_content/subghz_extra_dbs/Gates/CAMEbruteforcer-main/100/output18.sub,sd_card_content/universal_rf/Gates/CAMEbruteforcer-main/100/output18.sub,rf,Gates,duplicate-dropped
sd_card_content/subghz_extra_dbs/Gates/CAMEbruteforcer-main/100/output19.sub,sd_card_content/universal_rf/Gates/CAMEbruteforcer-main/100/output19.sub,rf,Gates,duplicate-dropped
sd_card_content/subghz_extra_dbs/Gates/CAMEbruteforcer-main/100/output2.sub,sd_card_content/universal_rf/Gates/CAMEbruteforcer-main/100/output2.sub,rf,Gates,duplicate-dropped
sd_card_content/subghz_extra_dbs/Gates/CAMEbruteforcer-main/100/output20.sub,sd_card_content/universal_rf/Gates/CAMEbruteforcer-main/100/output20.sub,rf,Gates,duplicate-dropped
sd_card_content/subghz_extra_dbs/Gates/CAMEbruteforcer-main/100/output21.sub,sd_card_content/universal_rf/Gates/CAMEbruteforcer-main/100/output21.sub,rf,Gates,duplicate-dropped
sd_card_content/subghz_extra_dbs/Gates/CAMEbruteforcer-main/100/output22.sub,sd_card_content/universal_rf/Gates/CAMEbruteforcer-main/100/output22.sub,rf,Gates,duplicate-dropped
sd_card_content/subghz_extra_dbs/Gates/CAMEbruteforcer-main/100/output23.sub,sd_card_content/universal_rf/Gates/CAMEbruteforcer-main/100/output23.sub,rf,Gates,duplicate-dropped
sd_card_content/subghz_extra_dbs/Gates/CAMEbruteforcer-main/100/output24.sub,sd_card_content/universal_rf/Gates/CAMEbruteforcer-main/100/output24.sub,rf,Gates,duplicate-dropped
sd_card_content/subghz_extra_dbs/Gates/CAMEbruteforcer-main/100/output25.sub,sd_card_content/universal_rf/Gates/CAMEbruteforcer-main/100/output25.sub,rf,Gates,duplicate-dropped
sd_card_content/subghz_extra_dbs/Gates/CAMEbruteforcer-main/100/output26.sub,sd_card_content/universal_rf/Gates/CAMEbruteforcer-main/100/output26.sub,rf,Gates,duplicate-dropped
sd_card_content/subghz_extra_dbs/Gates/CAMEbruteforcer-main/100/output27.sub,sd_card_content/universal_rf/Gates/CAMEbruteforcer-main/100/output27.sub,rf,Gates,duplicate-dropped
sd_card_content/subghz_extra_dbs/Gates/CAMEbruteforcer-main/100/output28.sub,sd_card_content/universal_rf/Gates/CAMEbruteforcer-main/100/output28.sub,rf,Gates,duplicate-dropped
sd_card_content/subghz_extra_dbs/Gates/CAMEbruteforcer-main/100/output29.sub,sd_card_content/universal_rf/Gates/CAMEbruteforcer-main/100/output29.sub,rf,Gates,duplicate-dropped
sd_card_content/subghz_extra_dbs/Gates/CAMEbruteforcer-main/100/output3.sub,sd_card_content/universal_rf/Gates/CAMEbruteforcer-main/100/output3.sub,rf,Gates,duplicate-dropped
sd_card_content/subghz_extra_dbs/Gates/CAMEbruteforcer-main/100/output30.sub,sd_card_content/universal_rf/Gates/CAMEbruteforcer-main/100/output30.sub,rf,Gates,duplicate-dropped
sd_card_content/subghz_extra_dbs/Gates/CAMEbruteforcer-main/100/output31.sub,sd_card_content/universal_rf/Gates/CAMEbruteforcer-main/100/output31.sub,rf,Gates,duplicate-dropped
sd_card_content/subghz_extra_dbs/Gates/CAMEbruteforcer-main/100/output32.sub,sd_card_content/universal_rf/Gates/CAMEbruteforcer-main/100/output32.sub,rf,Gates,duplicate-dropped
sd_card_content/subghz_extra_dbs/Gates/CAMEbruteforcer-main/100/output33.sub,sd_card_content/universal_rf/Gates/CAMEbruteforcer-main/100/output33.sub,rf,Gates,duplicate-dropped
sd_card_content/subghz_extra_dbs/Gates/CAMEbruteforcer-main/100/output34.sub,sd_card_content/universal_rf/Gates/CAMEbruteforcer-main/100/output34.sub,rf,Gates,duplicate-dropped
sd_card_content/subghz_extra_dbs/Gates/CAMEbruteforcer-main/100/output35.sub,sd_card_content/universal_rf/Gates/CAMEbruteforcer-main/100/output35.sub,rf,Gates,duplicate-dropped
sd_card_content/subghz_extra_dbs/Gates/CAMEbruteforcer-main/100/output36.sub,sd_card_content/universal_rf/Gates/CAMEbruteforcer-main/100/output36.sub,rf,Gates,duplicate-dropped
sd_card_content/subghz_extra_dbs/Gates/CAMEbruteforcer-main/100/output37.sub,sd_card_content/universal_rf/Gates/CAMEbruteforcer-main/100/output37.sub,rf,Gates,duplicate-dropped
sd_card_content/subghz_extra_dbs/Gates/CAMEbruteforcer-main/100/output38.sub,sd_card_content/universal_rf/Gates/CAMEbruteforcer-main/100/output38.sub,rf,Gates,duplicate-dropped
sd_card_content/subghz_extra_dbs/Gates/CAMEbruteforcer-main/100/output39.sub,sd_card_content/universal_rf/Gates/CAMEbruteforcer-main/100/output39.sub,rf,Gates,duplicate-dropped
sd_card_content/subghz_extra_dbs/Gates/CAMEbruteforcer-main/100/output4.sub,sd_card_content/universal_rf/Gates/CAMEbruteforcer-main/100/output4.sub,rf,Gates,duplicate-dropped
sd_card_content/subghz_extra_dbs/Gates/CAMEbruteforcer-main/100/output40.sub,sd_card_content/universal_rf/Gates/CAMEbruteforcer-main/100/output40.sub,rf,Gates,duplicate-dropped
sd_card_content/subghz_extra_dbs/Gates/CAMEbruteforcer-main/100/output41.sub,sd_card_content/universal_rf/Gates/CAMEbruteforcer-main/100/output41.sub,rf,Gates,duplicate-dropped
sd_card_content/subghz_extra_dbs/Gates/CAMEbruteforcer-main/100/output5.sub,sd_card_content/universal_rf/Gates/CAMEbruteforcer-main/100/output5.sub,rf,Gates,duplicate-dropped
sd_card_content/subghz_extra_dbs/Gates/CAMEbruteforcer-main/100/output6.sub,sd_card_content/universal_rf/Gates/CAMEbruteforcer-main/100/output6.sub,rf,Gates,duplicate-dropped
sd_card_content/subghz_extra_dbs/Gates/CAMEbruteforcer-main/100/output7.sub,sd_card_content/universal_rf/Gates/CAMEbruteforcer-main/100/output7.sub,rf,Gates,duplicate-dropped
sd_card_content/subghz_extra_dbs/Gates/CAMEbruteforcer-main/100/output8.sub,sd_card_content/universal_rf/Gates/CAMEbruteforcer-main/100/output8.sub,rf,Gates,duplicate-dropped
sd_card_content/subghz_extra_dbs/Gates/CAMEbruteforcer-main/100/output9.sub,sd_card_content/universal_rf/Gates/CAMEbruteforcer-main/100/output9.sub,rf,Gates,duplicate-dropped
sd_card_content/subghz_extra_dbs/Gates/Lift_master/Liftmaster_Parking_Gate_1.sub,sd_card_content/universal_rf/Gates/Lift_master/Liftmaster_Parking_Gate_1.sub,rf,Gates,duplicate-dropped
sd_card_content/subghz_extra_dbs/Gates/Lift_master/Liftmaster_Parking_Gate_2.sub,sd_card_content/universal_rf/Gates/Lift_master/Liftmaster_Parking_Gate_2.sub,rf,Gates,duplicate-dropped
sd_card_content/subghz_extra_dbs/Gates/Lift_master/Liftmaster_Parking_Gate_3.sub,sd_card_content/universal_rf/Gates/Lift_master/Liftmaster_Parking_Gate_3.sub,rf,Gates,duplicate-dropped
sd_card_content/subghz_extra_dbs/Gates/Lift_master/Liftmaster_Parking_Gate_4.sub,sd_card_content/universal_rf/Gates/Lift_master/Liftmaster_Parking_Gate_4.sub,rf,Gates,duplicate-dropped
sd_card_content/subghz_extra_dbs/Gates/Road_Arm_UK/Road_Arm_AM270_1.sub,sd_card_content/universal_rf/Gates/Road_Arm_UK/Road_Arm_AM270_1.sub,rf,Gates,duplicate-dropped
sd_card_content/subghz_extra_dbs/Gates/Road_Arm_UK/Road_Arm_AM270_2.sub,sd_card_content/universal_rf/Gates/Road_Arm_UK/Road_Arm_AM270_2.sub,rf,Gates,duplicate-dropped
sd_card_content/subghz_extra_dbs/Gates/Road_Arm_UK/Road_Arm_AM270_3.sub,sd_card_content/universal_rf/Gates/Road_Arm_UK/Road_Arm_AM270_3.sub,rf,Gates,duplicate-dropped
sd_card_content/subghz_extra_dbs/Gates/Road_Arm_UK/Road_Arm_AM270_4.sub,sd_card_content/universal_rf/Gates/Road_Arm_UK/Road_Arm_AM270_4.sub,rf,Gates,duplicate-dropped
sd_card_content/subghz_extra_dbs/Gates/Road_Arm_UK/Road_Arm_AM650_1.sub,sd_card_content/universal_rf/Gates/Road_Arm_UK/Road_Arm_AM650_1.sub,rf,Gates,duplicate-dropped
sd_card_content/subghz_extra_dbs/Gates/Road_Arm_UK/Road_Arm_AM650_2.sub,sd_card_content/universal_rf/Gates/Road_Arm_UK/Road_Arm_AM650_2.sub,rf,Gates,duplicate-dropped
sd_card_content/subghz_extra_dbs/Vehicles/Ebay_Door-Trunk_Remote/Big_anomalija.sub,sd_card_content/universal_rf/Vehicles/Ebay_Door-Trunk_Remote/Big_anomalija.sub,rf,Vehicles,duplicate-dropped
sd_card_content/subghz_extra_dbs/Vehicles/Ebay_Door-Trunk_Remote/Big_habar.sub,sd_card_content/universal_rf/Vehicles/Ebay_Door-Trunk_Remote/Big_habar.sub,rf,Vehicles,duplicate-dropped
sd_card_content/subghz_extra_dbs/Vehicles/Ebay_Door-Trunk_Remote/Big_habar1.sub,sd_card_content/universal_rf/Vehicles/Ebay_Door-Trunk_Remote/Big_habar1.sub,rf,Vehicles,duplicate-dropped
sd_card_content/subghz_extra_dbs/Vehicles/Ebay_Door-Trunk_Remote/Big_sidorovich.sub,sd_card_content/universal_rf/Vehicles/Ebay_Door-Trunk_Remote/Big_sidorovich.sub,rf,Vehicles,duplicate-dropped
sd_card_content/subghz_extra_dbs/Vehicles/Ebay_Door-Trunk_Remote/Big_sus.sub,sd_card_content/universal_rf/Vehicles/Ebay_Door-Trunk_Remote/Big_sus.sub,rf,Vehicles,duplicate-dropped
sd_card_content/subghz_extra_dbs/Vehicles/Ebay_Door-Trunk_Remote/Great_burer.sub,sd_card_content/universal_rf/Vehicles/Ebay_Door-Trunk_Remote/Great_burer.sub,rf,Vehicles,duplicate-dropped
sd_card_content/subghz_extra_dbs/Vehicles/Ebay_Door-Trunk_Remote/Great_sus.sub,sd_card_content/universal_rf/Vehicles/Ebay_Door-Trunk_Remote/Great_sus.sub,rf,Vehicles,duplicate-dropped
sd_card_content/subghz_extra_dbs/Vehicles/Ebay_Door-Trunk_Remote/Liquid_artefact.sub,sd_card_content/universal_rf/Vehicles/Ebay_Door-Trunk_Remote/Liquid_artefact.sub,rf,Vehicles,duplicate-dropped
sd_card_content/subghz_extra_dbs/Vehicles/Ebay_Door-Trunk_Remote/Liquid_burer.sub,sd_card_content/universal_rf/Vehicles/Ebay_Door-Trunk_Remote/Liquid_burer.sub,rf,Vehicles,duplicate-dropped
sd_card_content/subghz_extra_dbs/Vehicles/Ebay_Door-Trunk_Remote/Liquid_sidorovich.sub,sd_card_content/universal_rf/Vehicles/Ebay_Door-Trunk_Remote/Liquid_sidorovich.sub,rf,Vehicles,duplicate-dropped
sd_card_content/subghz_extra_dbs/Vehicles/Ebay_Door-Trunk_Remote/Liquid_sidorovichm.sub,sd_card_content/universal_rf/Vehicles/Ebay_Door-Trunk_Remote/Liquid_sidorovichm.sub,rf,Vehicles,duplicate-dropped
sd_card_content/subghz_extra_dbs/Vehicles/Ebay_Door-Trunk_Remote/Little_artefact.sub,sd_card_content/universal_rf/Vehicles/Ebay_Door-Trunk_Remote/Little_artefact.sub,rf,Vehicles,duplicate-dropped
sd_card_content/subghz_extra_dbs/Vehicles/Ebay_Door-Trunk_Remote/Little_artefact4.sub,sd_card_content/universal_rf/Vehicles/Ebay_Door-Trunk_Remote/Little_artefact4.sub,rf,Vehicles,duplicate-dropped
sd_card_content/subghz_extra_dbs/Vehicles/Ebay_Door-Trunk_Remote/Little_burer.sub,sd_card_content/universal_rf/Vehicles/Ebay_Door-Trunk_Remote/Little_burer.sub,rf,Vehicles,duplicate-dropped
sd_card_content/subghz_extra_dbs/Vehicles/Ebay_Door-Trunk_Remote/Little_sus.sub,sd_card_content/universal_rf/Vehicles/Ebay_Door-Trunk_Remote/Little_sus.sub,rf,Vehicles,duplicate-dropped
sd_card_content/subghz_extra_dbs/Vehicles/Ebay_Door-Trunk_Remote/My_artefact.sub,sd_card_content/universal_rf/Vehicles/Ebay_Door-Trunk_Remote/My_artefact.sub,rf,Vehicles,duplicate-dropped
sd_card_content/subghz_extra_dbs/Vehicles/Ebay_Door-Trunk_Remote/My_maslina.sub,sd_card_content/universal_rf/Vehicles/Ebay_Door-Trunk_Remote/My_maslina.sub,rf,Vehicles,duplicate-dropped
sd_card_content/subghz_extra_dbs/Vehicles/Ebay_Door-Trunk_Remote/My_sidorovich.sub,sd_card_content/universal_rf/Vehicles/Ebay_Door-Trunk_Remote/My_sidorovich.sub,rf,Vehicles,duplicate-dropped
sd_card_content/subghz_extra_dbs/Vehicles/Ebay_Door-Trunk_Remote/RAW_2.sub,sd_card_content/universal_rf/Vehicles/Ebay_Door-Trunk_Remote/RAW_2.sub,rf,Vehicles,duplicate-dropped
sd_card_content/subghz_extra_dbs/Vehicles/Ebay_Door-Trunk_Remote/RAW_3.sub,sd_card_content/universal_rf/Vehicles/Ebay_Door-Trunk_Remote/RAW_3.sub,rf,Vehicles,duplicate-dropped
sd_card_content/subghz_extra_dbs/Vehicles/Ebay_Door-Trunk_Remote/RAW_4.sub,sd_card_content/universal_rf/Vehicles/Ebay_Door-Trunk_Remote/RAW_4.sub,rf,Vehicles,duplicate-dropped
sd_card_content/subghz_extra_dbs/Vehicles/Ebay_Door-Trunk_Remote/Super_burerl.sub,sd_card_content/universal_rf/Vehicles/Ebay_Door-Trunk_Remote/Super_burerl.sub,rf,Vehicles,duplicate-dropped
sd_card_content/subghz_extra_dbs/Vehicles/Ebay_Door-Trunk_Remote/Super_maslina.sub,sd_card_content/universal_rf/Vehicles/Ebay_Door-Trunk_Remote/Super_maslina.sub,rf,Vehicles,duplicate-dropped
sd_card_content/subghz_extra_dbs/Vehicles/Ebay_Door-Trunk_Remote/Super_sus.sub,sd_card_content/universal_rf/Vehicles/Ebay_Door-Trunk_Remote/Super_sus.sub,rf,Vehicles,duplicate-dropped
sd_card_content/subghz_extra_dbs/Vehicles/Ebay_Door-Trunk_Remote/Thick_anomalija.sub,sd_card_content/universal_rf/Vehicles/Ebay_Door-Trunk_Remote/Thick_anomalija.sub,rf,Vehicles,duplicate-dropped
sd_card_content/subghz_extra_dbs/Vehicles/Ebay_Door-Trunk_Remote/Thick_monolit.sub,sd_card_content/universal_rf/Vehicles/Ebay_Door-Trunk_Remote/Thick_monolit.sub,rf,Vehicles,duplicate-dropped
sd_card_content/subghz_extra_dbs/Vehicles/Ebay_Door-Trunk_Remote/Thick_monolit1.sub,sd_card_content/universal_rf/Vehicles/Ebay_Door-Trunk_Remote/Thick_monolit1.sub,rf,Vehicles,duplicate-dropped
sd_card_content/subghz_extra_dbs/Vehicles/Ebay_Door-Trunk_Remote/Thin_anomalija.sub,sd_card_content/universal_rf/Vehicles/Ebay_Door-Trunk_Remote/Thin_anomalija.sub,rf,Vehicles,duplicate-dropped
sd_card_content/subghz_extra_dbs/Vehicles/Ebay_Door-Trunk_Remote/Thin_monolit.sub,sd_card_content/universal_rf/Vehicles/Ebay_Door-Trunk_Remote/Thin_monolit.sub,rf,Vehicles,duplicate-dropped
sd_card_content/subghz_extra_dbs/Vehicles/Ebay_Door-Trunk_Remote/Thin_monolit7.sub,sd_card_content/universal_rf/Vehicles/Ebay_Door-Trunk_Remote/Thin_monolit7.sub,rf,Vehicles,duplicate-dropped
sd_card_content/subghz_extra_dbs/Vehicles/Ebay_Door-Trunk_Remote/Unknown_anomalija.sub,sd_card_content/universal_rf/Vehicles/Ebay_Door-Trunk_Remote/Unknown_anomalija.sub,rf,Vehicles,duplicate-dropped
sd_card_content/subghz_extra_dbs/Vehicles/Ebay_Door-Trunk_Remote/Unknown_artefact2.sub,sd_card_content/universal_rf/Vehicles/Ebay_Door-Trunk_Remote/Unknown_artefact2.sub,rf,Vehicles,duplicate-dropped
sd_card_content/subghz_extra_dbs/Vehicles/Ebay_Door-Trunk_Remote/Unknown_burer.sub,sd_card_content/universal_rf/Vehicles/Ebay_Door-Trunk_Remote/Unknown_burer.sub,rf,Vehicles,duplicate-dropped
sd_card_content/subghz_extra_dbs/Vehicles/Ebay_Door-Trunk_Remote/Unknown_maslina.sub,sd_card_content/universal_rf/Vehicles/Ebay_Door-Trunk_Remote/Unknown_maslina.sub,rf,Vehicles,duplicate-dropped
sd_card_content/subghz_extra_dbs/Vehicles/Ebay_Door-Trunk_Remote/Unknown_monolit.sub,sd_card_content/universal_rf/Vehicles/Ebay_Door-Trunk_Remote/Unknown_monolit.sub,rf,Vehicles,duplicate-dropped
sd_card_content/subghz_extra_dbs/Vehicles/Ford_Remote_Blocker/RAW_20221208-160309.sub,sd_card_content/universal_rf/Vehicles/Ford_Remote_Blocker/RAW_20221208-160309.sub,rf,Vehicles,duplicate-dropped
sd_card_content/subghz_extra_dbs/Vehicles/Ford_Remote_Blocker/RAW_20221208-160315.sub,sd_card_content/universal_rf/Vehicles/Ford_Remote_Blocker/RAW_20221208-160315.sub,rf,Vehicles,duplicate-dropped
sd_card_content/subghz_extra_dbs/Vehicles/Honda/Lock_honda.sub,sd_card_content/universal_rf/Vehicles/Honda/Lock_honda.sub,rf,Vehicles,duplicate-dropped
sd_card_content/subghz_extra_dbs/Vehicles/Honda/Unlock_honda.sub,sd_card_content/universal_rf/Vehicles/Honda/Unlock_honda.sub,rf,Vehicles,duplicate-dropped
sd_card_content/subghz_extra_dbs/Vehicles/Isuzu_Truck/Isuzu_Lock.sub,sd_card_content/universal_rf/Vehicles/Isuzu_Truck/Isuzu_Lock.sub,rf,Vehicles,duplicate-dropped
sd_card_content/subghz_extra_dbs/Vehicles/Isuzu_Truck/Isuzu_Unlock.sub,sd_card_content/universal_rf/Vehicles/Isuzu_Truck/Isuzu_Unlock.sub,rf,Vehicles,duplicate-dropped
sd_card_content/subghz_extra_dbs/Vehicles/Isuzu_Truck/Isuzu_fts_lock.sub,sd_card_content/universal_rf/Vehicles/Isuzu_Truck/Isuzu_fts_lock.sub,rf,Vehicles,duplicate-dropped
sd_card_content/subghz_extra_dbs/Vehicles/Isuzu_Truck/Isuzu_fts_unlock.sub,sd_card_content/universal_rf/Vehicles/Isuzu_Truck/Isuzu_fts_unlock.sub,rf,Vehicles,duplicate-dropped
sd_card_content/subghz_extra_dbs/Vehicles/LDV_Automotive/T80_AUS/LDV-T80_lock.sub,sd_card_content/universal_rf/Vehicles/LDV_Automotive/T80_AUS/LDV-T80_lock.sub,rf,Vehicles,duplicate-dropped
sd_card_content/subghz_extra_dbs/Vehicles/Lamborghini_Huracan/Lambo_Lock.sub,sd_card_content/universal_rf/Vehicles/Lamborghini_Huracan/Lambo_Lock.sub,rf,Vehicles,duplicate-dropped
sd_card_content/subghz_extra_dbs/Vehicles/Lamborghini_Huracan/Lambo_Unlock.sub,sd_card_content/universal_rf/Vehicles/Lamborghini_Huracan/Lambo_Unlock.sub,rf,Vehicles,duplicate-dropped
sd_card_content/subghz_extra_dbs/Vehicles/Mazda/Rx8_2007_10x_alarm.sub,sd_card_content/universal_rf/Vehicles/Mazda/Rx8_2007_10x_alarm.sub,rf,Vehicles,duplicate-dropped
sd_card_content/subghz_extra_dbs/Vehicles/Mazda/Rx8_2007_10x_lock.sub,sd_card_content/universal_rf/Vehicles/Mazda/Rx8_2007_10x_lock.sub,rf,Vehicles,duplicate-dropped
sd_card_content/subghz_extra_dbs/Vehicles/Mazda/Rx8_2007_10x_trunk.sub,sd_card_content/universal_rf/Vehicles/Mazda/Rx8_2007_10x_trunk.sub,rf,Vehicles,duplicate-dropped
sd_card_content/subghz_extra_dbs/Vehicles/Mazda/Rx8_2007_10x_unlock.sub,sd_card_content/universal_rf/Vehicles/Mazda/Rx8_2007_10x_unlock.sub,rf,Vehicles,duplicate-dropped
sd_card_content/subghz_extra_dbs/Vehicles/Nissan/Skyline_R34_GTT_US/Skyline_close_US.sub,sd_card_content/universal_rf/Vehicles/Nissan/Skyline_R34_GTT_US/Skyline_close_US.sub,rf,Vehicles,duplicate-dropped
sd_card_content/subghz_extra_dbs/Vehicles/Nissan/Skyline_R34_GTT_US/Skyline_open_US.sub,sd_card_content/universal_rf/Vehicles/Nissan/Skyline_R34_GTT_US/Skyline_open_US.sub,rf,Vehicles,duplicate-dropped
sd_card_content/subghz_extra_dbs/Vehicles/Tesla/433_Tesla_Captured_EU_AUS.sub,sd_card_content/universal_rf/Vehicles/Tesla/433_Tesla_Captured_EU_AUS.sub,rf,Vehicles,duplicate-dropped
sd_card_content/subghz_extra_dbs/Vehicles/Tesla/433b_Tesla_Captured_EU_AUS.sub,sd_card_content/universal_rf/Vehicles/Tesla/433b_Tesla_Captured_EU_AUS.sub,rf,Vehicles,duplicate-dropped
sd_card_content/subghz_extra_dbs/Vehicles/Tesla/BEST_PORT_OPENER/315MHz_AM270_Better_Tesla_Charge_Port_Opener.sub,sd_card_content/universal_rf/Vehicles/Tesla/BEST_PORT_OPENER/315MHz_AM270_Better_Tesla_Charge_Port_Opener.sub,rf,Vehicles,duplicate-dropped
sd_card_content/subghz_extra_dbs/Vehicles/Tesla/BEST_PORT_OPENER/315MHz_AM650_Better_Tesla_Charge_Port_Opener.sub,sd_card_content/universal_rf/Vehicles/Tesla/BEST_PORT_OPENER/315MHz_AM650_Better_Tesla_Charge_Port_Opener.sub,rf,Vehicles,duplicate-dropped
sd_card_content/subghz_extra_dbs/Vehicles/Tesla/BEST_PORT_OPENER/433.92MHz_AM270_Better_Tesla_Charge_Port_Opener.sub,sd_card_content/universal_rf/Vehicles/Tesla/BEST_PORT_OPENER/433.92MHz_AM270_Better_Tesla_Charge_Port_Opener.sub,rf,Vehicles,duplicate-dropped
sd_card_content/subghz_extra_dbs/Vehicles/Tesla/BEST_PORT_OPENER/433.92MHz_AM650_Better_Tesla_Charge_Port_Opener.sub,sd_card_content/universal_rf/Vehicles/Tesla/BEST_PORT_OPENER/433.92MHz_AM650_Better_Tesla_Charge_Port_Opener.sub,rf,Vehicles,duplicate-dropped
sd_card_content/subghz_extra_dbs/Vehicles/Tesla/TeslaJS/6.sub,sd_card_content/universal_rf/Vehicles/Tesla/TeslaJS/6.sub,rf,Vehicles,duplicate-dropped
sd_card_content/subghz_extra_dbs/Vehicles/Tesla/TeslaJS/7.sub,sd_card_content/universal_rf/Vehicles/Tesla/TeslaJS/7.sub,rf,Vehicles,duplicate-dropped
sd_card_content/subghz_extra_dbs/Vehicles/Tesla/Tesla_Captured.sub,sd_card_content/universal_rf/Vehicles/Tesla/Tesla_Captured.sub,rf,Vehicles,duplicate-dropped
sd_card_content/ir_extra_dbs/ACs/Lennox/Lennox_AC_alt.ir,sd_card_content/universal_ir/assets/ACs/Lennox/Lennox_AC.ir,ir,conflito-resolvido,kept-both-renamed-alt
sd_card_content/ir_extra_dbs/ACs/Samsung/Samsung_AC_AR12K_alt.ir,sd_card_content/universal_ir/assets/ACs/Samsung/Samsung_AC_AR12K.ir,ir,conflito-resolvido,kept-both-renamed-alt
sd_card_content/ir_extra_dbs/ACs/Toshiba/Toshiba_RG57H4_alt.ir,sd_card_content/universal_ir/assets/ACs/Toshiba/Toshiba_RG57H4.ir,ir,conflito-resolvido,kept-both-renamed-alt
sd_card_content/ir_extra_dbs/Projectors/BenQ/BenQ_alt.ir,sd_card_content/universal_ir/assets/Projectors/BenQ/BenQ.ir,ir,conflito-resolvido,kept-both-renamed-alt
sd_card_content/ir_extra_dbs/Projectors/RIF6/RIF6-cube-projector-raw_alt.ir,sd_card_content/universal_ir/assets/Projectors/RIF6/RIF6-cube-projector-raw.ir,ir,conflito-resolvido,kept-both-renamed-alt
